-2.795000e-01 -9.900000e-02 -2.690837e-01 3.539127e-01 -2.800000e-01 -9.850000e-02 -2.690788e-01 3.542836e-01
-2.795000e-01 -9.900000e-02 -2.690837e-01 3.539127e-01 -2.785000e-01 -9.900000e-02 -2.690830e-01 3.539220e-01
-2.785000e-01 -9.900000e-02 -2.690830e-01 3.539220e-01 -2.775000e-01 -9.900000e-02 -2.690824e-01 3.539297e-01
-2.775000e-01 -9.900000e-02 -2.690824e-01 3.539297e-01 -2.765000e-01 -9.900000e-02 -2.690818e-01 3.539362e-01
-2.765000e-01 -9.900000e-02 -2.690818e-01 3.539362e-01 -2.755000e-01 -9.900000e-02 -2.690814e-01 3.539412e-01
-2.755000e-01 -9.900000e-02 -2.690814e-01 3.539412e-01 -2.745000e-01 -9.900000e-02 -2.690810e-01 3.539448e-01
-2.745000e-01 -9.900000e-02 -2.690810e-01 3.539448e-01 -2.735000e-01 -9.900000e-02 -2.690807e-01 3.539470e-01
-2.735000e-01 -9.900000e-02 -2.690807e-01 3.539470e-01 -2.725000e-01 -9.900000e-02 -2.690804e-01 3.539478e-01
-2.725000e-01 -9.900000e-02 -2.690804e-01 3.539478e-01 -2.715000e-01 -9.900000e-02 -2.690802e-01 3.539472e-01
-2.715000e-01 -9.900000e-02 -2.690802e-01 3.539472e-01 -2.705000e-01 -9.900000e-02 -2.690800e-01 3.539452e-01
-2.705000e-01 -9.900000e-02 -2.690800e-01 3.539452e-01 -2.695000e-01 -9.900000e-02 -2.690798e-01 3.539417e-01
-2.695000e-01 -9.900000e-02 -2.690798e-01 3.539417e-01 -2.685000e-01 -9.900000e-02 -2.690797e-01 3.539369e-01
-2.685000e-01 -9.900000e-02 -2.690797e-01 3.539369e-01 -2.675000e-01 -9.900000e-02 -2.690795e-01 3.539307e-01
-2.675000e-01 -9.900000e-02 -2.690795e-01 3.539307e-01 -2.665000e-01 -9.900000e-02 -2.690793e-01 3.539231e-01
-2.665000e-01 -9.900000e-02 -2.690793e-01 3.539231e-01 -2.655000e-01 -9.900000e-02 -2.690791e-01 3.539140e-01
-2.655000e-01 -9.900000e-02 -2.690791e-01 3.539140e-01 -2.645000e-01 -9.900000e-02 -2.690789e-01 3.539036e-01
-2.645000e-01 -9.900000e-02 -2.690789e-01 3.539036e-01 -2.635000e-01 -9.900000e-02 -2.690787e-01 3.538918e-01
-2.635000e-01 -9.900000e-02 -2.690787e-01 3.538918e-01 -2.625000e-01 -9.900000e-02 -2.690784e-01 3.538785e-01
-2.625000e-01 -9.900000e-02 -2.690784e-01 3.538785e-01 -2.615000e-01 -9.900000e-02 -2.690781e-01 3.538639e-01
-2.615000e-01 -9.900000e-02 -2.690781e-01 3.538639e-01 -2.605000e-01 -9.900000e-02 -2.690777e-01 3.538478e-01
-2.605000e-01 -9.900000e-02 -2.690777e-01 3.538478e-01 -2.595000e-01 -9.900000e-02 -2.690772e-01 3.538304e-01
-2.595000e-01 -9.900000e-02 -2.690772e-01 3.538304e-01 -2.585000e-01 -9.900000e-02 -2.690767e-01 3.538115e-01
-2.585000e-01 -9.900000e-02 -2.690767e-01 3.538115e-01 -2.575000e-01 -9.900000e-02 -2.690760e-01 3.537912e-01
-2.575000e-01 -9.900000e-02 -2.690760e-01 3.537912e-01 -2.565000e-01 -9.900000e-02 -2.690753e-01 3.537696e-01
-2.565000e-01 -9.900000e-02 -2.690753e-01 3.537696e-01 -2.555000e-01 -9.900000e-02 -2.690744e-01 3.537465e-01
-2.555000e-01 -9.900000e-02 -2.690744e-01 3.537465e-01 -2.545000e-01 -9.900000e-02 -2.690734e-01 3.537221e-01
-2.545000e-01 -9.900000e-02 -2.690734e-01 3.537221e-01 -2.535000e-01 -9.900000e-02 -2.690723e-01 3.536962e-01
-2.535000e-01 -9.900000e-02 -2.690723e-01 3.536962e-01 -2.525000e-01 -9.900000e-02 -2.690711e-01 3.536690e-01
-2.525000e-01 -9.900000e-02 -2.690711e-01 3.536690e-01 -2.515000e-01 -9.900000e-02 -2.690697e-01 3.536403e-01
-2.515000e-01 -9.900000e-02 -2.690697e-01 3.536403e-01 -2.505000e-01 -9.900000e-02 -2.690682e-01 3.536103e-01
-2.505000e-01 -9.900000e-02 -2.690682e-01 3.536103e-01 -2.495000e-01 -9.900000e-02 -2.690665e-01 3.535788e-01
-2.495000e-01 -9.900000e-02 -2.690665e-01 3.535788e-01 -2.485000e-01 -9.900000e-02 -2.690646e-01 3.535460e-01
-2.485000e-01 -9.900000e-02 -2.690646e-01 3.535460e-01 -2.475000e-01 -9.900000e-02 -2.690625e-01 3.535118e-01
-2.475000e-01 -9.900000e-02 -2.690625e-01 3.535118e-01 -2.465000e-01 -9.900000e-02 -2.690603e-01 3.534761e-01
-2.465000e-01 -9.900000e-02 -2.690603e-01 3.534761e-01 -2.455000e-01 -9.900000e-02 -2.690578e-01 3.534391e-01
-2.455000e-01 -9.900000e-02 -2.690578e-01 3.534391e-01 -2.450000e-01 -9.850000e-02 -2.690757e-01 3.537953e-01
-2.935000e-01 -9.800000e-02 -2.690796e-01 3.543880e-01 -2.940000e-01 -9.750000e-02 -2.690655e-01 3.547484e-01
-2.935000e-01 -9.800000e-02 -2.690796e-01 3.543880e-01 -2.925000e-01 -9.800000e-02 -2.690780e-01 3.544169e-01
-2.925000e-01 -9.800000e-02 -2.690780e-01 3.544169e-01 -2.915000e-01 -9.800000e-02 -2.690765e-01 3.544444e-01
-2.915000e-01 -9.800000e-02 -2.690765e-01 3.544444e-01 -2.905000e-01 -9.800000e-02 -2.690753e-01 3.544705e-01
-2.905000e-01 -9.800000e-02 -2.690753e-01 3.544705e-01 -2.895000e-01 -9.800000e-02 -2.690743e-01 3.544952e-01
-2.895000e-01 -9.800000e-02 -2.690743e-01 3.544952e-01 -2.885000e-01 -9.800000e-02 -2.690735e-01 3.545184e-01
-2.885000e-01 -9.800000e-02 -2.690735e-01 3.545184e-01 -2.875000e-01 -9.800000e-02 -2.690729e-01 3.545403e-01
-2.875000e-01 -9.800000e-02 -2.690729e-01 3.545403e-01 -2.865000e-01 -9.800000e-02 -2.690725e-01 3.545608e-01
-2.865000e-01 -9.800000e-02 -2.690725e-01 3.545608e-01 -2.855000e-01 -9.800000e-02 -2.690722e-01 3.545799e-01
-2.855000e-01 -9.800000e-02 -2.690722e-01 3.545799e-01 -2.845000e-01 -9.800000e-02 -2.690721e-01 3.545976e-01
-2.845000e-01 -9.800000e-02 -2.690721e-01 3.545976e-01 -2.835000e-01 -9.800000e-02 -2.690722e-01 3.546138e-01
-2.835000e-01 -9.800000e-02 -2.690722e-01 3.546138e-01 -2.825000e-01 -9.800000e-02 -2.690724e-01 3.546287e-01
-2.825000e-01 -9.800000e-02 -2.690724e-01 3.546287e-01 -2.815000e-01 -9.800000e-02 -2.690727e-01 3.546421e-01
-2.815000e-01 -9.800000e-02 -2.690727e-01 3.546421e-01 -2.805000e-01 -9.800000e-02 -2.690732e-01 3.546542e-01
-2.800000e-01 -9.850000e-02 -2.690788e-01 3.542836e-01 -2.805000e-01 -9.800000e-02 -2.690732e-01 3.546542e-01
-2.450000e-01 -9.850000e-02 -2.690757e-01 3.537953e-01 -2.445000e-01 -9.800000e-02 -2.690943e-01 3.541512e-01
-2.445000e-01 -9.800000e-02 -2.690943e-01 3.541512e-01 -2.435000e-01 -9.800000e-02 -2.690928e-01 3.541113e-01
-2.435000e-01 -9.800000e-02 -2.690928e-01 3.541113e-01 -2.425000e-01 -9.800000e-02 -2.690910e-01 3.540699e-01
-2.425000e-01 -9.800000e-02 -2.690910e-01 3.540699e-01 -2.415000e-01 -9.800000e-02 -2.690891e-01 3.540273e-01
-2.415000e-01 -9.800000e-02 -2.690891e-01 3.540273e-01 -2.405000e-01 -9.800000e-02 -2.690868e-01 3.539832e-01
-2.405000e-01 -9.800000e-02 -2.690868e-01 3.539832e-01 -2.395000e-01 -9.800000e-02 -2.690843e-01 3.539377e-01
-2.395000e-01 -9.800000e-02 -2.690843e-01 3.539377e-01 -2.385000e-01 -9.800000e-02 -2.690816e-01 3.538908e-01
-2.385000e-01 -9.800000e-02 -2.690816e-01 3.538908e-01 -2.375000e-01 -9.800000e-02 -2.690786e-01 3.538425e-01
-2.375000e-01 -9.800000e-02 -2.690786e-01 3.538425e-01 -2.365000e-01 -9.800000e-02 -2.690752e-01 3.537929e-01
-2.365000e-01 -9.800000e-02 -2.690752e-01 3.537929e-01 -2.355000e-01 -9.800000e-02 -2.690716e-01 3.537419e-01
-2.355000e-01 -9.800000e-02 -2.690716e-01 3.537419e-01 -2.345000e-01 -9.800000e-02 -2.690677e-01 3.536895e-01
-2.345000e-01 -9.800000e-02 -2.690677e-01 3.536895e-01 -2.335000e-01 -9.800000e-02 -2.690634e-01 3.536357e-01
-2.335000e-01 -9.800000e-02 -2.690634e-01 3.536357e-01 -2.325000e-01 -9.800000e-02 -2.690589e-01 3.535806e-01
-2.325000e-01 -9.800000e-02 -2.690589e-01 3.535806e-01 -2.315000e-01 -9.800000e-02 -2.690540e-01 3.535240e-01
-2.315000e-01 -9.800000e-02 -2.690540e-01 3.535240e-01 -2.310000e-01 -9.750000e-02 -2.690803e-01 3.538691e-01
-3.025000e-01 -9.700000e-02 -2.690643e-01 3.548153e-01 -3.030000e-01 -9.650000e-02 -2.690444e-01 3.551686e-01
-3.025000e-01 -9.700000e-02 -2.690643e-01 3.548153e-01 -3.015000e-01 -9.700000e-02 -2.690616e-01 3.548569e-01
-3.015000e-01 -9.700000e-02 -2.690616e-01 3.548569e-01 -3.005000e-01 -9.700000e-02 -2.690591e-01 3.548970e-01
-3.005000e-01 -9.700000e-02 -2.690591e-01 3.548970e-01 -2.995000e-01 -9.700000e-02 -2.690570e-01 3.549357e-01
-2.995000e-01 -9.700000e-02 -2.690570e-01 3.549357e-01 -2.985000e-01 -9.700000e-02 -2.690551e-01 3.549731e-01
-2.985000e-01 -9.700000e-02 -2.690551e-01 3.549731e-01 -2.975000e-01 -9.700000e-02 -2.690536e-01 3.550090e-01
-2.975000e-01 -9.700000e-02 -2.690536e-01 3.550090e-01 -2.965000e-01 -9.700000e-02 -2.690523e-01 3.550436e-01
-2.965000e-01 -9.700000e-02 -2.690523e-01 3.550436e-01 -2.955000e-01 -9.700000e-02 -2.690513e-01 3.550767e-01
-2.955000e-01 -9.700000e-02 -2.690513e-01 3.550767e-01 -2.945000e-01 -9.700000e-02 -2.690505e-01 3.551085e-01
-2.940000e-01 -9.750000e-02 -2.690655e-01 3.547484e-01 -2.945000e-01 -9.700000e-02 -2.690505e-01 3.551085e-01
-2.310000e-01 -9.750000e-02 -2.690803e-01 3.538691e-01 -2.305000e-01 -9.700000e-02 -2.691074e-01 3.542140e-01
-2.305000e-01 -9.700000e-02 -2.691074e-01 3.542140e-01 -2.295000e-01 -9.700000e-02 -2.691032e-01 3.541545e-01
-2.295000e-01 -9.700000e-02 -2.691032e-01 3.541545e-01 -2.285000e-01 -9.700000e-02 -2.690986e-01 3.540936e-01
-2.285000e-01 -9.700000e-02 -2.690986e-01 3.540936e-01 -2.275000e-01 -9.700000e-02 -2.690937e-01 3.540314e-01
-2.275000e-01 -9.700000e-02 -2.690937e-01 3.540314e-01 -2.265000e-01 -9.700000e-02 -2.690884e-01 3.539678e-01
-2.265000e-01 -9.700000e-02 -2.690884e-01 3.539678e-01 -2.255000e-01 -9.700000e-02 -2.690826e-01 3.539029e-01
-2.255000e-01 -9.700000e-02 -2.690826e-01 3.539029e-01 -2.245000e-01 -9.700000e-02 -2.690765e-01 3.538366e-01
-2.245000e-01 -9.700000e-02 -2.690765e-01 3.538366e-01 -2.235000e-01 -9.700000e-02 -2.690700e-01 3.537689e-01
-2.235000e-01 -9.700000e-02 -2.690700e-01 3.537689e-01 -2.225000e-01 -9.700000e-02 -2.690630e-01 3.536998e-01
-2.225000e-01 -9.700000e-02 -2.690630e-01 3.536998e-01 -2.220000e-01 -9.650000e-02 -2.690946e-01 3.540376e-01
-3.105000e-01 -9.600000e-02 -2.690454e-01 3.551815e-01 -3.110000e-01 -9.550000e-02 -2.690207e-01 3.555283e-01
-3.105000e-01 -9.600000e-02 -2.690454e-01 3.551815e-01 -3.095000e-01 -9.600000e-02 -2.690412e-01 3.552342e-01
-3.095000e-01 -9.600000e-02 -2.690412e-01 3.552342e-01 -3.085000e-01 -9.600000e-02 -2.690374e-01 3.552856e-01
-3.085000e-01 -9.600000e-02 -2.690374e-01 3.552856e-01 -3.075000e-01 -9.600000e-02 -2.690339e-01 3.553356e-01
-3.075000e-01 -9.600000e-02 -2.690339e-01 3.553356e-01 -3.065000e-01 -9.600000e-02 -2.690308e-01 3.553842e-01
-3.065000e-01 -9.600000e-02 -2.690308e-01 3.553842e-01 -3.055000e-01 -9.600000e-02 -2.690281e-01 3.554314e-01
-3.055000e-01 -9.600000e-02 -2.690281e-01 3.554314e-01 -3.045000e-01 -9.600000e-02 -2.690257e-01 3.554772e-01
-3.045000e-01 -9.600000e-02 -2.690257e-01 3.554772e-01 -3.035000e-01 -9.600000e-02 -2.690237e-01 3.555217e-01
-3.030000e-01 -9.650000e-02 -2.690444e-01 3.551686e-01 -3.035000e-01 -9.600000e-02 -2.690237e-01 3.555217e-01
-2.220000e-01 -9.650000e-02 -2.690946e-01 3.540376e-01 -2.215000e-01 -9.600000e-02 -2.691269e-01 3.543750e-01
-2.215000e-01 -9.600000e-02 -2.691269e-01 3.543750e-01 -2.205000e-01 -9.600000e-02 -2.691204e-01 3.543030e-01
-2.205000e-01 -9.600000e-02 -2.691204e-01 3.543030e-01 -2.195000e-01 -9.600000e-02 -2.691135e-01 3.542296e-01
-2.195000e-01 -9.600000e-02 -2.691135e-01 3.542296e-01 -2.185000e-01 -9.600000e-02 -2.691062e-01 3.541549e-01
-2.185000e-01 -9.600000e-02 -2.691062e-01 3.541549e-01 -2.175000e-01 -9.600000e-02 -2.690984e-01 3.540788e-01
-2.175000e-01 -9.600000e-02 -2.690984e-01 3.540788e-01 -2.165000e-01 -9.600000e-02 -2.690901e-01 3.540014e-01
-2.165000e-01 -9.600000e-02 -2.690901e-01 3.540014e-01 -2.155000e-01 -9.600000e-02 -2.690813e-01 3.539227e-01
-2.155000e-01 -9.600000e-02 -2.690813e-01 3.539227e-01 -2.150000e-01 -9.550000e-02 -2.691168e-01 3.542545e-01
-3.175000e-01 -9.500000e-02 -2.690235e-01 3.555203e-01 -3.180000e-01 -9.450000e-02 -2.689947e-01 3.558614e-01
-3.175000e-01 -9.500000e-02 -2.690235e-01 3.555203e-01 -3.165000e-01 -9.500000e-02 -2.690177e-01 3.555828e-01
-3.165000e-01 -9.500000e-02 -2.690177e-01 3.555828e-01 -3.155000e-01 -9.500000e-02 -2.690123e-01 3.556440e-01
-3.155000e-01 -9.500000e-02 -2.690123e-01 3.556440e-01 -3.145000e-01 -9.500000e-02 -2.690073e-01 3.557038e-01
-3.145000e-01 -9.500000e-02 -2.690073e-01 3.557038e-01 -3.135000e-01 -9.500000e-02 -2.690029e-01 3.557622e-01
-3.135000e-01 -9.500000e-02 -2.690029e-01 3.557622e-01 -3.125000e-01 -9.500000e-02 -2.689988e-01 3.558193e-01
-3.125000e-01 -9.500000e-02 -2.689988e-01 3.558193e-01 -3.115000e-01 -9.500000e-02 -2.689951e-01 3.558749e-01
-3.110000e-01 -9.550000e-02 -2.690207e-01 3.555283e-01 -3.115000e-01 -9.500000e-02 -2.689951e-01 3.558749e-01
-2.150000e-01 -9.550000e-02 -2.691168e-01 3.542545e-01 -2.145000e-01 -9.500000e-02 -2.691530e-01 3.545860e-01
-2.145000e-01 -9.500000e-02 -2.691530e-01 3.545860e-01 -2.135000e-01 -9.500000e-02 -2.691446e-01 3.545043e-01
-2.135000e-01 -9.500000e-02 -2.691446e-01 3.545043e-01 -2.125000e-01 -9.500000e-02 -2.691357e-01 3.544212e-01
-2.125000e-01 -9.500000e-02 -2.691357e-01 3.544212e-01 -2.115000e-01 -9.500000e-02 -2.691262e-01 3.543368e-01
-2.115000e-01 -9.500000e-02 -2.691262e-01 3.543368e-01 -2.105000e-01 -9.500000e-02 -2.691163e-01 3.542511e-01
-2.105000e-01 -9.500000e-02 -2.691163e-01 3.542511e-01 -2.095000e-01 -9.500000e-02 -2.691058e-01 3.541639e-01
-2.095000e-01 -9.500000e-02 -2.691058e-01 3.541639e-01 -2.085000e-01 -9.500000e-02 -2.690947e-01 3.540755e-01
-2.085000e-01 -9.500000e-02 -2.690947e-01 3.540755e-01 -2.080000e-01 -9.450000e-02 -2.691338e-01 3.544014e-01
-3.225000e-01 -9.400000e-02 -2.689896e-01 3.559320e-01 -3.230000e-01 -9.350000e-02 -2.689578e-01 3.562688e-01
-3.225000e-01 -9.400000e-02 -2.689896e-01 3.559320e-01 -3.215000e-01 -9.400000e-02 -2.689827e-01 3.560016e-01
-3.215000e-01 -9.400000e-02 -2.689827e-01 3.560016e-01 -3.205000e-01 -9.400000e-02 -2.689764e-01 3.560698e-01
-3.205000e-01 -9.400000e-02 -2.689764e-01 3.560698e-01 -3.195000e-01 -9.400000e-02 -2.689705e-01 3.561367e-01
-3.195000e-01 -9.400000e-02 -2.689705e-01 3.561367e-01 -3.185000e-01 -9.400000e-02 -2.689651e-01 3.562022e-01
-3.180000e-01 -9.450000e-02 -2.689947e-01 3.558614e-01 -3.185000e-01 -9.400000e-02 -2.689651e-01 3.562022e-01
-2.080000e-01 -9.450000e-02 -2.691338e-01 3.544014e-01 -2.075000e-01 -9.400000e-02 -2.691737e-01 3.547268e-01
-2.075000e-01 -9.400000e-02 -2.691737e-01 3.547268e-01 -2.065000e-01 -9.400000e-02 -2.691629e-01 3.546355e-01
-2.065000e-01 -9.400000e-02 -2.691629e-01 3.546355e-01 -2.055000e-01 -9.400000e-02 -2.691515e-01 3.545427e-01
-2.055000e-01 -9.400000e-02 -2.691515e-01 3.545427e-01 -2.045000e-01 -9.400000e-02 -2.691395e-01 3.544487e-01
-2.045000e-01 -9.400000e-02 -2.691395e-01 3.544487e-01 -2.035000e-01 -9.400000e-02 -2.691269e-01 3.543534e-01
-2.035000e-01 -9.400000e-02 -2.691269e-01 3.543534e-01 -2.025000e-01 -9.400000e-02 -2.691137e-01 3.542567e-01
-2.025000e-01 -9.400000e-02 -2.691137e-01 3.542567e-01 -2.020000e-01 -9.350000e-02 -2.691558e-01 3.545773e-01
-3.285000e-01 -9.300000e-02 -2.689634e-01 3.562292e-01 -3.290000e-01 -9.250000e-02 -2.689284e-01 3.565609e-01
-3.285000e-01 -9.300000e-02 -2.689634e-01 3.562292e-01 -3.275000e-01 -9.300000e-02 -2.689547e-01 3.563071e-01
-3.275000e-01 -9.300000e-02 -2.689547e-01 3.563071e-01 -3.265000e-01 -9.300000e-02 -2.689465e-01 3.563837e-01
-3.265000e-01 -9.300000e-02 -2.689465e-01 3.563837e-01 -3.255000e-01 -9.300000e-02 -2.689389e-01 3.564589e-01
-3.255000e-01 -9.300000e-02 -2.689389e-01 3.564589e-01 -3.245000e-01 -9.300000e-02 -2.689318e-01 3.565328e-01
-3.245000e-01 -9.300000e-02 -2.689318e-01 3.565328e-01 -3.235000e-01 -9.300000e-02 -2.689253e-01 3.566053e-01
-3.230000e-01 -9.350000e-02 -2.689578e-01 3.562688e-01 -3.235000e-01 -9.300000e-02 -2.689253e-01 3.566053e-01
-2.020000e-01 -9.350000e-02 -2.691558e-01 3.545773e-01 -2.015000e-01 -9.300000e-02 -2.691987e-01 3.548975e-01
-2.015000e-01 -9.300000e-02 -2.691987e-01 3.548975e-01 -2.005000e-01 -9.300000e-02 -2.691857e-01 3.547978e-01
-2.005000e-01 -9.300000e-02 -2.691857e-01 3.547978e-01 -1.995000e-01 -9.300000e-02 -2.691719e-01 3.546969e-01
-1.995000e-01 -9.300000e-02 -2.691719e-01 3.546969e-01 -1.985000e-01 -9.300000e-02 -2.691576e-01 3.545946e-01
-1.985000e-01 -9.300000e-02 -2.691576e-01 3.545946e-01 -1.975000e-01 -9.300000e-02 -2.691426e-01 3.544911e-01
-1.975000e-01 -9.300000e-02 -2.691426e-01 3.544911e-01 -1.970000e-01 -9.250000e-02 -2.691872e-01 3.548072e-01
-3.325000e-01 -9.200000e-02 -2.689199e-01 3.566455e-01 -3.330000e-01 -9.150000e-02 -2.688826e-01 3.569736e-01
-3.325000e-01 -9.200000e-02 -2.689199e-01 3.566455e-01 -3.315000e-01 -9.200000e-02 -2.689102e-01 3.567291e-01
-3.315000e-01 -9.200000e-02 -2.689102e-01 3.567291e-01 -3.305000e-01 -9.200000e-02 -2.689011e-01 3.568113e-01
-3.305000e-01 -9.200000e-02 -2.689011e-01 3.568113e-01 -3.295000e-01 -9.200000e-02 -2.688926e-01 3.568922e-01
-3.290000e-01 -9.250000e-02 -2.689284e-01 3.565609e-01 -3.295000e-01 -9.200000e-02 -2.688926e-01 3.568922e-01
-1.970000e-01 -9.250000e-02 -2.691872e-01 3.548072e-01 -1.965000e-01 -9.200000e-02 -2.692326e-01 3.551229e-01
-1.965000e-01 -9.200000e-02 -2.692326e-01 3.551229e-01 -1.955000e-01 -9.200000e-02 -2.692176e-01 3.550164e-01
-1.955000e-01 -9.200000e-02 -2.692176e-01 3.550164e-01 -1.945000e-01 -9.200000e-02 -2.692019e-01 3.549086e-01
-1.945000e-01 -9.200000e-02 -2.692019e-01 3.549086e-01 -1.935000e-01 -9.200000e-02 -2.691855e-01 3.547995e-01
-1.935000e-01 -9.200000e-02 -2.691855e-01 3.547995e-01 -1.925000e-01 -9.200000e-02 -2.691685e-01 3.546891e-01
-1.925000e-01 -9.200000e-02 -2.691685e-01 3.546891e-01 -1.920000e-01 -9.150000e-02 -2.692154e-01 3.550007e-01
-3.375000e-01 -9.100000e-02 -2.688865e-01 3.569473e-01 -3.380000e-01 -9.050000e-02 -2.688466e-01 3.572710e-01
-3.375000e-01 -9.100000e-02 -2.688865e-01 3.569473e-01 -3.365000e-01 -9.100000e-02 -2.688750e-01 3.570378e-01
-3.365000e-01 -9.100000e-02 -2.688750e-01 3.570378e-01 -3.355000e-01 -9.100000e-02 -2.688642e-01 3.571270e-01
-3.355000e-01 -9.100000e-02 -2.688642e-01 3.571270e-01 -3.345000e-01 -9.100000e-02 -2.688540e-01 3.572149e-01
-3.345000e-01 -9.100000e-02 -2.688540e-01 3.572149e-01 -3.335000e-01 -9.100000e-02 -2.688445e-01 3.573014e-01
-3.330000e-01 -9.150000e-02 -2.688826e-01 3.569736e-01 -3.335000e-01 -9.100000e-02 -2.688445e-01 3.573014e-01
-1.920000e-01 -9.150000e-02 -2.692154e-01 3.550007e-01 -1.915000e-01 -9.100000e-02 -2.692632e-01 3.553119e-01
-1.915000e-01 -9.100000e-02 -2.692632e-01 3.553119e-01 -1.905000e-01 -9.100000e-02 -2.692461e-01 3.551986e-01
-1.905000e-01 -9.100000e-02 -2.692461e-01 3.551986e-01 -1.895000e-01 -9.100000e-02 -2.692282e-01 3.550840e-01
-1.895000e-01 -9.100000e-02 -2.692282e-01 3.550840e-01 -1.885000e-01 -9.100000e-02 -2.692096e-01 3.549680e-01
-1.885000e-01 -9.100000e-02 -2.692096e-01 3.549680e-01 -1.880000e-01 -9.050000e-02 -2.692585e-01 3.552759e-01
-3.415000e-01 -9.000000e-02 -2.688423e-01 3.573099e-01 -3.420000e-01 -8.950000e-02 -2.688003e-01 3.576300e-01
-3.415000e-01 -9.000000e-02 -2.688423e-01 3.573099e-01 -3.405000e-01 -9.000000e-02 -2.688295e-01 3.574061e-01
-3.405000e-01 -9.000000e-02 -2.688295e-01 3.574061e-01 -3.395000e-01 -9.000000e-02 -2.688174e-01 3.575009e-01
-3.395000e-01 -9.000000e-02 -2.688174e-01 3.575009e-01 -3.385000e-01 -9.000000e-02 -2.688059e-01 3.575943e-01
-3.380000e-01 -9.050000e-02 -2.688466e-01 3.572710e-01 -3.385000e-01 -9.000000e-02 -2.688059e-01 3.575943e-01
-1.880000e-01 -9.050000e-02 -2.692585e-01 3.552759e-01 -1.875000e-01 -9.000000e-02 -2.693082e-01 3.555834e-01
-1.875000e-01 -9.000000e-02 -2.693082e-01 3.555834e-01 -1.865000e-01 -9.000000e-02 -2.692894e-01 3.554646e-01
-1.865000e-01 -9.000000e-02 -2.692894e-01 3.554646e-01 -1.855000e-01 -9.000000e-02 -2.692698e-01 3.553444e-01
-1.855000e-01 -9.000000e-02 -2.692698e-01 3.553444e-01 -1.845000e-01 -9.000000e-02 -2.692495e-01 3.552230e-01
-1.845000e-01 -9.000000e-02 -2.692495e-01 3.552230e-01 -1.835000e-01 -9.000000e-02 -2.692284e-01 3.551004e-01
-1.835000e-01 -9.000000e-02 -2.692284e-01 3.551004e-01 -1.830000e-01 -8.950000e-02 -2.692794e-01 3.554037e-01
-3.455000e-01 -8.900000e-02 -2.687982e-01 3.576485e-01 -3.460000e-01 -8.850000e-02 -2.687542e-01 3.579650e-01
-3.455000e-01 -8.900000e-02 -2.687982e-01 3.576485e-01 -3.445000e-01 -8.900000e-02 -2.687839e-01 3.577502e-01
-3.445000e-01 -8.900000e-02 -2.687839e-01 3.577502e-01 -3.435000e-01 -8.900000e-02 -2.687704e-01 3.578507e-01
-3.435000e-01 -8.900000e-02 -2.687704e-01 3.578507e-01 -3.425000e-01 -8.900000e-02 -2.687575e-01 3.579497e-01
-3.420000e-01 -8.950000e-02 -2.688003e-01 3.576300e-01 -3.425000e-01 -8.900000e-02 -2.687575e-01 3.579497e-01
-1.830000e-01 -8.950000e-02 -2.692794e-01 3.554037e-01 -1.825000e-01 -8.900000e-02 -2.693312e-01 3.557066e-01
-1.825000e-01 -8.900000e-02 -2.693312e-01 3.557066e-01 -1.815000e-01 -8.900000e-02 -2.693098e-01 3.555810e-01
-1.815000e-01 -8.900000e-02 -2.693098e-01 3.555810e-01 -1.805000e-01 -8.900000e-02 -2.692876e-01 3.554542e-01
-1.805000e-01 -8.900000e-02 -2.692876e-01 3.554542e-01 -1.795000e-01 -8.900000e-02 -2.692646e-01 3.553261e-01
-1.795000e-01 -8.900000e-02 -2.692646e-01 3.553261e-01 -1.790000e-01 -8.850000e-02 -2.693174e-01 3.556257e-01
-3.495000e-01 -8.800000e-02 -2.687549e-01 3.579631e-01 -3.500000e-01 -8.750000e-02 -2.687090e-01 3.582759e-01
-3.495000e-01 -8.800000e-02 -2.687549e-01 3.579631e-01 -3.485000e-01 -8.800000e-02 -2.687390e-01 3.580704e-01
-3.485000e-01 -8.800000e-02 -2.687390e-01 3.580704e-01 -3.475000e-01 -8.800000e-02 -2.687238e-01 3.581764e-01
-3.475000e-01 -8.800000e-02 -2.687238e-01 3.581764e-01 -3.465000e-01 -8.800000e-02 -2.687094e-01 3.582810e-01
-3.460000e-01 -8.850000e-02 -2.687542e-01 3.579650e-01 -3.465000e-01 -8.800000e-02 -2.687094e-01 3.582810e-01
-1.790000e-01 -8.850000e-02 -2.693174e-01 3.556257e-01 -1.785000e-01 -8.800000e-02 -2.693710e-01 3.559248e-01
-1.785000e-01 -8.800000e-02 -2.693710e-01 3.559248e-01 -1.775000e-01 -8.800000e-02 -2.693475e-01 3.557938e-01
-1.775000e-01 -8.800000e-02 -2.693475e-01 3.557938e-01 -1.765000e-01 -8.800000e-02 -2.693233e-01 3.556615e-01
-1.765000e-01 -8.800000e-02 -2.693233e-01 3.556615e-01 -1.760000e-01 -8.750000e-02 -2.693775e-01 3.559581e-01
-3.535000e-01 -8.700000e-02 -2.687130e-01 3.582537e-01 -3.540000e-01 -8.650000e-02 -2.686652e-01 3.585628e-01
-3.535000e-01 -8.700000e-02 -2.687130e-01 3.582537e-01 -3.525000e-01 -8.700000e-02 -2.686953e-01 3.583665e-01
-3.525000e-01 -8.700000e-02 -2.686953e-01 3.583665e-01 -3.515000e-01 -8.700000e-02 -2.686783e-01 3.584780e-01
-3.515000e-01 -8.700000e-02 -2.686783e-01 3.584780e-01 -3.505000e-01 -8.700000e-02 -2.686622e-01 3.585882e-01
-3.500000e-01 -8.750000e-02 -2.687090e-01 3.582759e-01 -3.505000e-01 -8.700000e-02 -2.686622e-01 3.585882e-01
-1.760000e-01 -8.750000e-02 -2.693775e-01 3.559581e-01 -1.755000e-01 -8.700000e-02 -2.694326e-01 3.562544e-01
-1.755000e-01 -8.700000e-02 -2.694326e-01 3.562544e-01 -1.745000e-01 -8.700000e-02 -2.694079e-01 3.561192e-01
-1.745000e-01 -8.700000e-02 -2.694079e-01 3.561192e-01 -1.735000e-01 -8.700000e-02 -2.693823e-01 3.559828e-01
-1.735000e-01 -8.700000e-02 -2.693823e-01 3.559828e-01 -1.725000e-01 -8.700000e-02 -2.693559e-01 3.558451e-01
-1.725000e-01 -8.700000e-02 -2.693559e-01 3.558451e-01 -1.720000e-01 -8.650000e-02 -2.694117e-01 3.561380e-01
-3.565000e-01 -8.600000e-02 -2.686535e-01 3.586387e-01 -3.570000e-01 -8.550000e-02 -2.686042e-01 3.589448e-01
-3.565000e-01 -8.600000e-02 -2.686535e-01 3.586387e-01 -3.555000e-01 -8.600000e-02 -2.686347e-01 3.587557e-01
-3.555000e-01 -8.600000e-02 -2.686347e-01 3.587557e-01 -3.545000e-01 -8.600000e-02 -2.686166e-01 3.588714e-01
-3.540000e-01 -8.650000e-02 -2.686652e-01 3.585628e-01 -3.545000e-01 -8.600000e-02 -2.686166e-01 3.588714e-01
-1.720000e-01 -8.650000e-02 -2.694117e-01 3.561380e-01 -1.715000e-01 -8.600000e-02 -2.694683e-01 3.564303e-01
-1.715000e-01 -8.600000e-02 -2.694683e-01 3.564303e-01 -1.705000e-01 -8.600000e-02 -2.694413e-01 3.562898e-01
-1.705000e-01 -8.600000e-02 -2.694413e-01 3.562898e-01 -1.695000e-01 -8.600000e-02 -2.694135e-01 3.561481e-01
-1.695000e-01 -8.600000e-02 -2.694135e-01 3.561481e-01 -1.685000e-01 -8.600000e-02 -2.693847e-01 3.560051e-01
-1.685000e-01 -8.600000e-02 -2.693847e-01 3.560051e-01 -1.680000e-01 -8.550000e-02 -2.694420e-01 3.562942e-01
-3.605000e-01 -8.500000e-02 -2.686143e-01 3.588869e-01 -3.610000e-01 -8.450000e-02 -2.685633e-01 3.591893e-01
-3.605000e-01 -8.500000e-02 -2.686143e-01 3.588869e-01 -3.595000e-01 -8.500000e-02 -2.685934e-01 3.590094e-01
-3.595000e-01 -8.500000e-02 -2.685934e-01 3.590094e-01 -3.585000e-01 -8.500000e-02 -2.685733e-01 3.591306e-01
-3.585000e-01 -8.500000e-02 -2.685733e-01 3.591306e-01 -3.575000e-01 -8.500000e-02 -2.685541e-01 3.592505e-01
-3.570000e-01 -8.550000e-02 -2.686042e-01 3.589448e-01 -3.575000e-01 -8.500000e-02 -2.685541e-01 3.592505e-01
-1.680000e-01 -8.550000e-02 -2.694420e-01 3.562942e-01 -1.675000e-01 -8.500000e-02 -2.695001e-01 3.565827e-01
-1.675000e-01 -8.500000e-02 -2.695001e-01 3.565827e-01 -1.665000e-01 -8.500000e-02 -2.694707e-01 3.564369e-01
-1.665000e-01 -8.500000e-02 -2.694707e-01 3.564369e-01 -1.655000e-01 -8.500000e-02 -2.694404e-01 3.562898e-01
-1.655000e-01 -8.500000e-02 -2.694404e-01 3.562898e-01 -1.650000e-01 -8.450000e-02 -2.694989e-01 3.565759e-01
-3.635000e-01 -8.400000e-02 -2.685552e-01 3.592392e-01 -3.640000e-01 -8.350000e-02 -2.685028e-01 3.595386e-01
-3.635000e-01 -8.400000e-02 -2.685552e-01 3.592392e-01 -3.625000e-01 -8.400000e-02 -2.685329e-01 3.593658e-01
-3.625000e-01 -8.400000e-02 -2.685329e-01 3.593658e-01 -3.615000e-01 -8.400000e-02 -2.685115e-01 3.594912e-01
-3.610000e-01 -8.450000e-02 -2.685633e-01 3.591893e-01 -3.615000e-01 -8.400000e-02 -2.685115e-01 3.594912e-01
-1.650000e-01 -8.450000e-02 -2.694989e-01 3.565759e-01 -1.645000e-01 -8.400000e-02 -2.695583e-01 3.568614e-01
-1.645000e-01 -8.400000e-02 -2.695583e-01 3.568614e-01 -1.635000e-01 -8.400000e-02 -2.695273e-01 3.567115e-01
-1.635000e-01 -8.400000e-02 -2.695273e-01 3.567115e-01 -1.625000e-01 -8.400000e-02 -2.694953e-01 3.565604e-01
-1.625000e-01 -8.400000e-02 -2.694953e-01 3.565604e-01 -1.620000e-01 -8.350000e-02 -2.695550e-01 3.568434e-01
-3.665000e-01 -8.300000e-02 -2.684961e-01 3.595772e-01 -3.670000e-01 -8.250000e-02 -2.684424e-01 3.598738e-01
-3.665000e-01 -8.300000e-02 -2.684961e-01 3.595772e-01 -3.655000e-01 -8.300000e-02 -2.684724e-01 3.597081e-01
-3.655000e-01 -8.300000e-02 -2.684724e-01 3.597081e-01 -3.645000e-01 -8.300000e-02 -2.684496e-01 3.598377e-01
-3.640000e-01 -8.350000e-02 -2.685028e-01 3.595386e-01 -3.645000e-01 -8.300000e-02 -2.684496e-01 3.598377e-01
-1.620000e-01 -8.350000e-02 -2.695550e-01 3.568434e-01 -1.615000e-01 -8.300000e-02 -2.696156e-01 3.571260e-01
-1.615000e-01 -8.300000e-02 -2.696156e-01 3.571260e-01 -1.605000e-01 -8.300000e-02 -2.695829e-01 3.569720e-01
-1.605000e-01 -8.300000e-02 -2.695829e-01 3.569720e-01 -1.595000e-01 -8.300000e-02 -2.695492e-01 3.568169e-01
-1.595000e-01 -8.300000e-02 -2.695492e-01 3.568169e-01 -1.590000e-01 -8.250000e-02 -2.696101e-01 3.570969e-01
-3.695000e-01 -8.200000e-02 -2.684374e-01 3.599011e-01 -3.700000e-01 -8.150000e-02 -2.683824e-01 3.601947e-01
-3.695000e-01 -8.200000e-02 -2.684374e-01 3.599011e-01 -3.685000e-01 -8.200000e-02 -2.684121e-01 3.600361e-01
-3.685000e-01 -8.200000e-02 -2.684121e-01 3.600361e-01 -3.675000e-01 -8.200000e-02 -2.683878e-01 3.601698e-01
-3.670000e-01 -8.250000e-02 -2.684424e-01 3.598738e-01 -3.675000e-01 -8.200000e-02 -2.683878e-01 3.601698e-01
-1.590000e-01 -8.250000e-02 -2.696101e-01 3.570969e-01 -1.585000e-01 -8.200000e-02 -2.696717e-01 3.573765e-01
-1.585000e-01 -8.200000e-02 -2.696717e-01 3.573765e-01 -1.575000e-01 -8.200000e-02 -2.696373e-01 3.572185e-01
-1.575000e-01 -8.200000e-02 -2.696373e-01 3.572185e-01 -1.565000e-01 -8.200000e-02 -2.696018e-01 3.570593e-01
-1.565000e-01 -8.200000e-02 -2.696018e-01 3.570593e-01 -1.560000e-01 -8.150000e-02 -2.696637e-01 3.573363e-01
-3.725000e-01 -8.100000e-02 -2.683793e-01 3.602108e-01 -3.730000e-01 -8.050000e-02 -2.683230e-01 3.605014e-01
-3.725000e-01 -8.100000e-02 -2.683793e-01 3.602108e-01 -3.715000e-01 -8.100000e-02 -2.683524e-01 3.603499e-01
-3.715000e-01 -8.100000e-02 -2.683524e-01 3.603499e-01 -3.705000e-01 -8.100000e-02 -2.683265e-01 3.604877e-01
-3.700000e-01 -8.150000e-02 -2.683824e-01 3.601947e-01 -3.705000e-01 -8.100000e-02 -2.683265e-01 3.604877e-01
-1.560000e-01 -8.150000e-02 -2.696637e-01 3.573363e-01 -1.555000e-01 -8.100000e-02 -2.697265e-01 3.576128e-01
-1.555000e-01 -8.100000e-02 -2.697265e-01 3.576128e-01 -1.545000e-01 -8.100000e-02 -2.696901e-01 3.574508e-01
-1.545000e-01 -8.100000e-02 -2.696901e-01 3.574508e-01 -1.535000e-01 -8.100000e-02 -2.696527e-01 3.572877e-01
-1.535000e-01 -8.100000e-02 -2.696527e-01 3.572877e-01 -1.530000e-01 -8.050000e-02 -2.697156e-01 3.575617e-01
-3.755000e-01 -8.000000e-02 -2.683221e-01 3.605063e-01 -3.760000e-01 -7.950000e-02 -2.682646e-01 3.607938e-01
-3.755000e-01 -8.000000e-02 -2.683221e-01 3.605063e-01 -3.745000e-01 -8.000000e-02 -2.682935e-01 3.606494e-01
-3.745000e-01 -8.000000e-02 -2.682935e-01 3.606494e-01 -3.735000e-01 -8.000000e-02 -2.682659e-01 3.607914e-01
-3.730000e-01 -8.050000e-02 -2.683230e-01 3.605014e-01 -3.735000e-01 -8.000000e-02 -2.682659e-01 3.607914e-01
-1.530000e-01 -8.050000e-02 -2.697156e-01 3.575617e-01 -1.525000e-01 -8.000000e-02 -2.697794e-01 3.578352e-01
-1.525000e-01 -8.000000e-02 -2.697794e-01 3.578352e-01 -1.515000e-01 -8.000000e-02 -2.697411e-01 3.576692e-01
-1.515000e-01 -8.000000e-02 -2.697411e-01 3.576692e-01 -1.505000e-01 -8.000000e-02 -2.697017e-01 3.575021e-01
-1.505000e-01 -8.000000e-02 -2.697017e-01 3.575021e-01 -1.500000e-01 -7.950000e-02 -2.697656e-01 3.577730e-01
-3.785000e-01 -7.900000e-02 -2.682661e-01 3.607876e-01 -3.790000e-01 -7.850000e-02 -2.682075e-01 3.610722e-01
-3.785000e-01 -7.900000e-02 -2.682661e-01 3.607876e-01 -3.775000e-01 -7.900000e-02 -2.682357e-01 3.609349e-01
-3.775000e-01 -7.900000e-02 -2.682357e-01 3.609349e-01 -3.765000e-01 -7.900000e-02 -2.682064e-01 3.610809e-01
-3.760000e-01 -7.950000e-02 -2.682646e-01 3.607938e-01 -3.765000e-01 -7.900000e-02 -2.682064e-01 3.610809e-01
-1.500000e-01 -7.950000e-02 -2.697656e-01 3.577730e-01 -1.495000e-01 -7.900000e-02 -2.698303e-01 3.580435e-01
-1.495000e-01 -7.900000e-02 -2.698303e-01 3.580435e-01 -1.485000e-01 -7.900000e-02 -2.697900e-01 3.578736e-01
-1.485000e-01 -7.900000e-02 -2.697900e-01 3.578736e-01 -1.475000e-01 -7.900000e-02 -2.697485e-01 3.577025e-01
-1.475000e-01 -7.900000e-02 -2.697485e-01 3.577025e-01 -1.470000e-01 -7.850000e-02 -2.698133e-01 3.579704e-01
-3.815000e-01 -7.800000e-02 -2.682116e-01 3.610548e-01 -3.820000e-01 -7.750000e-02 -2.681520e-01 3.613364e-01
-3.815000e-01 -7.800000e-02 -2.682116e-01 3.610548e-01 -3.805000e-01 -7.800000e-02 -2.681794e-01 3.612061e-01
-3.805000e-01 -7.800000e-02 -2.681794e-01 3.612061e-01 -3.795000e-01 -7.800000e-02 -2.681482e-01 3.613563e-01
-3.790000e-01 -7.850000e-02 -2.682075e-01 3.610722e-01 -3.795000e-01 -7.800000e-02 -2.681482e-01 3.613563e-01
-1.470000e-01 -7.850000e-02 -2.698133e-01 3.579704e-01 -1.465000e-01 -7.800000e-02 -2.698789e-01 3.582379e-01
-1.465000e-01 -7.800000e-02 -2.698789e-01 3.582379e-01 -1.455000e-01 -7.800000e-02 -2.698364e-01 3.580640e-01
-1.455000e-01 -7.800000e-02 -2.698364e-01 3.580640e-01 -1.445000e-01 -7.800000e-02 -2.697928e-01 3.578891e-01
-1.445000e-01 -7.800000e-02 -2.697928e-01 3.578891e-01 -1.440000e-01 -7.750000e-02 -2.698584e-01 3.581540e-01
-3.845000e-01 -7.700000e-02 -2.681589e-01 3.613079e-01 -3.850000e-01 -7.650000e-02 -2.680983e-01 3.615865e-01
-3.845000e-01 -7.700000e-02 -2.681589e-01 3.613079e-01 -3.835000e-01 -7.700000e-02 -2.681247e-01 3.614633e-01
-3.835000e-01 -7.700000e-02 -2.681247e-01 3.614633e-01 -3.825000e-01 -7.700000e-02 -2.680916e-01 3.616175e-01
-3.820000e-01 -7.750000e-02 -2.681520e-01 3.613364e-01 -3.825000e-01 -7.700000e-02 -2.680916e-01 3.616175e-01
-1.440000e-01 -7.750000e-02 -2.698584e-01 3.581540e-01 -1.435000e-01 -7.700000e-02 -2.699249e-01 3.584183e-01
-1.435000e-01 -7.700000e-02 -2.699249e-01 3.584183e-01 -1.425000e-01 -7.700000e-02 -2.698802e-01 3.582406e-01
-1.425000e-01 -7.700000e-02 -2.698802e-01 3.582406e-01 -1.420000e-01 -7.650000e-02 -2.699466e-01 3.585033e-01
-3.865000e-01 -7.600000e-02 -2.680721e-01 3.617064e-01 -3.870000e-01 -7.550000e-02 -2.680105e-01 3.619827e-01
-3.865000e-01 -7.600000e-02 -2.680721e-01 3.617064e-01 -3.855000e-01 -7.600000e-02 -2.680369e-01 3.618645e-01
-3.850000e-01 -7.650000e-02 -2.680983e-01 3.615865e-01 -3.855000e-01 -7.600000e-02 -2.680369e-01 3.618645e-01
-1.420000e-01 -7.650000e-02 -2.699466e-01 3.585033e-01 -1.415000e-01 -7.600000e-02 -2.700139e-01 3.587654e-01
-1.415000e-01 -7.600000e-02 -2.700139e-01 3.587654e-01 -1.405000e-01 -7.600000e-02 -2.699680e-01 3.585849e-01
-1.405000e-01 -7.600000e-02 -2.699680e-01 3.585849e-01 -1.395000e-01 -7.600000e-02 -2.699209e-01 3.584033e-01
-1.395000e-01 -7.600000e-02 -2.699209e-01 3.584033e-01 -1.390000e-01 -7.550000e-02 -2.699881e-01 3.586630e-01
-3.895000e-01 -7.500000e-02 -2.680218e-01 3.619353e-01 -3.900000e-01 -7.450000e-02 -2.679593e-01 3.622087e-01
-3.895000e-01 -7.500000e-02 -2.680218e-01 3.619353e-01 -3.885000e-01 -7.500000e-02 -2.679844e-01 3.620975e-01
-3.885000e-01 -7.500000e-02 -2.679844e-01 3.620975e-01 -3.875000e-01 -7.500000e-02 -2.679482e-01 3.622586e-01
-3.870000e-01 -7.550000e-02 -2.680105e-01 3.619827e-01 -3.875000e-01 -7.500000e-02 -2.679482e-01 3.622586e-01
-1.390000e-01 -7.550000e-02 -2.699881e-01 3.586630e-01 -1.385000e-01 -7.500000e-02 -2.700562e-01 3.589220e-01
-1.385000e-01 -7.500000e-02 -2.700562e-01 3.589220e-01 -1.375000e-01 -7.500000e-02 -2.700078e-01 3.587377e-01
-1.375000e-01 -7.500000e-02 -2.700078e-01 3.587377e-01 -1.365000e-01 -7.500000e-02 -2.699583e-01 3.585523e-01
-1.365000e-01 -7.500000e-02 -2.699583e-01 3.585523e-01 -1.360000e-01 -7.450000e-02 -2.700263e-01 3.588089e-01
-3.915000e-01 -7.400000e-02 -2.679345e-01 3.623165e-01 -3.920000e-01 -7.350000e-02 -2.678712e-01 3.625876e-01
-3.915000e-01 -7.400000e-02 -2.679345e-01 3.623165e-01 -3.905000e-01 -7.400000e-02 -2.678960e-01 3.624815e-01
-3.900000e-01 -7.450000e-02 -2.679593e-01 3.622087e-01 -3.905000e-01 -7.400000e-02 -2.678960e-01 3.624815e-01
-1.360000e-01 -7.450000e-02 -2.700263e-01 3.588089e-01 -1.355000e-01 -7.400000e-02 -2.700950e-01 3.590649e-01
-1.355000e-01 -7.400000e-02 -2.700950e-01 3.590649e-01 -1.345000e-01 -7.400000e-02 -2.700442e-01 3.588768e-01
-1.345000e-01 -7.400000e-02 -2.700442e-01 3.588768e-01 -1.340000e-01 -7.350000e-02 -2.701128e-01 3.591311e-01
-3.945000e-01 -7.300000e-02 -2.678873e-01 3.625215e-01 -3.950000e-01 -7.250000e-02 -2.678232e-01 3.627896e-01
-3.945000e-01 -7.300000e-02 -2.678873e-01 3.625215e-01 -3.935000e-01 -7.300000e-02 -2.678466e-01 3.626904e-01
-3.935000e-01 -7.300000e-02 -2.678466e-01 3.626904e-01 -3.925000e-01 -7.300000e-02 -2.678070e-01 3.628582e-01
-3.920000e-01 -7.350000e-02 -2.678712e-01 3.625876e-01 -3.925000e-01 -7.300000e-02 -2.678070e-01 3.628582e-01
-1.340000e-01 -7.350000e-02 -2.701128e-01 3.591311e-01 -1.335000e-01 -7.300000e-02 -2.701822e-01 3.593849e-01
-1.335000e-01 -7.300000e-02 -2.701822e-01 3.593849e-01 -1.325000e-01 -7.300000e-02 -2.701301e-01 3.591941e-01
-1.325000e-01 -7.300000e-02 -2.701301e-01 3.591941e-01 -1.320000e-01 -7.250000e-02 -2.701994e-01 3.594462e-01
-3.965000e-01 -7.200000e-02 -2.678002e-01 3.628854e-01 -3.970000e-01 -7.150000e-02 -2.677353e-01 3.631513e-01
-3.965000e-01 -7.200000e-02 -2.678002e-01 3.628854e-01 -3.955000e-01 -7.200000e-02 -2.677583e-01 3.630572e-01
-3.950000e-01 -7.250000e-02 -2.678232e-01 3.627896e-01 -3.955000e-01 -7.200000e-02 -2.677583e-01 3.630572e-01
-1.320000e-01 -7.250000e-02 -2.701994e-01 3.594462e-01 -1.315000e-01 -7.200000e-02 -2.702694e-01 3.596977e-01
-1.315000e-01 -7.200000e-02 -2.702694e-01 3.596977e-01 -1.305000e-01 -7.200000e-02 -2.702159e-01 3.595042e-01
-1.305000e-01 -7.200000e-02 -2.702159e-01 3.595042e-01 -1.295000e-01 -7.200000e-02 -2.701612e-01 3.593096e-01
-1.295000e-01 -7.200000e-02 -2.701612e-01 3.593096e-01 -1.290000e-01 -7.150000e-02 -2.702310e-01 3.595587e-01
-3.985000e-01 -7.100000e-02 -2.677127e-01 3.632421e-01 -3.990000e-01 -7.050000e-02 -2.676471e-01 3.635058e-01
-3.985000e-01 -7.100000e-02 -2.677127e-01 3.632421e-01 -3.975000e-01 -7.100000e-02 -2.676696e-01 3.634167e-01
-3.970000e-01 -7.150000e-02 -2.677353e-01 3.631513e-01 -3.975000e-01 -7.100000e-02 -2.676696e-01 3.634167e-01
-1.290000e-01 -7.150000e-02 -2.702310e-01 3.595587e-01 -1.285000e-01 -7.100000e-02 -2.703017e-01 3.598072e-01
-1.285000e-01 -7.100000e-02 -2.703017e-01 3.598072e-01 -1.275000e-01 -7.100000e-02 -2.702455e-01 3.596099e-01
-1.275000e-01 -7.100000e-02 -2.702455e-01 3.596099e-01 -1.270000e-01 -7.050000e-02 -2.703159e-01 3.598568e-01
-4.015000e-01 -7.000000e-02 -2.676707e-01 3.634132e-01 -4.020000e-01 -6.950000e-02 -2.676044e-01 3.636738e-01
-4.015000e-01 -7.000000e-02 -2.676707e-01 3.634132e-01 -4.005000e-01 -7.000000e-02 -2.676250e-01 3.635916e-01
-4.005000e-01 -7.000000e-02 -2.676250e-01 3.635916e-01 -3.995000e-01 -7.000000e-02 -2.675806e-01 3.637689e-01
-3.990000e-01 -7.050000e-02 -2.676471e-01 3.635058e-01 -3.995000e-01 -7.000000e-02 -2.675806e-01 3.637689e-01
-1.270000e-01 -7.050000e-02 -2.703159e-01 3.598568e-01 -1.265000e-01 -7.000000e-02 -2.703871e-01 3.601030e-01
-1.265000e-01 -7.000000e-02 -2.703871e-01 3.601030e-01 -1.255000e-01 -7.000000e-02 -2.703295e-01 3.599031e-01
-1.255000e-01 -7.000000e-02 -2.703295e-01 3.599031e-01 -1.250000e-01 -6.950000e-02 -2.704004e-01 3.601477e-01
-4.035000e-01 -6.900000e-02 -2.675842e-01 3.637527e-01 -4.040000e-01 -6.850000e-02 -2.675172e-01 3.640111e-01
-4.035000e-01 -6.900000e-02 -2.675842e-01 3.637527e-01 -4.025000e-01 -6.900000e-02 -2.675372e-01 3.639339e-01
-4.020000e-01 -6.950000e-02 -2.676044e-01 3.636738e-01 -4.025000e-01 -6.900000e-02 -2.675372e-01 3.639339e-01
-1.250000e-01 -6.950000e-02 -2.704004e-01 3.601477e-01 -1.245000e-01 -6.900000e-02 -2.704722e-01 3.603916e-01
-1.245000e-01 -6.900000e-02 -2.704722e-01 3.603916e-01 -1.235000e-01 -6.900000e-02 -2.704130e-01 3.601891e-01
-1.235000e-01 -6.900000e-02 -2.704130e-01 3.601891e-01 -1.225000e-01 -6.900000e-02 -2.703526e-01 3.599855e-01
-1.225000e-01 -6.900000e-02 -2.703526e-01 3.599855e-01 -1.220000e-01 -6.850000e-02 -2.704239e-01 3.602270e-01
-4.055000e-01 -6.800000e-02 -2.674978e-01 3.640850e-01 -4.060000e-01 -6.750000e-02 -2.674301e-01 3.643412e-01
-4.055000e-01 -6.800000e-02 -2.674978e-01 3.640850e-01 -4.045000e-01 -6.800000e-02 -2.674494e-01 3.642689e-01
-4.040000e-01 -6.850000e-02 -2.675172e-01 3.640111e-01 -4.045000e-01 -6.800000e-02 -2.674494e-01 3.642689e-01
-1.220000e-01 -6.850000e-02 -2.704239e-01 3.602270e-01 -1.215000e-01 -6.800000e-02 -2.704961e-01 3.604679e-01
-1.215000e-01 -6.800000e-02 -2.704961e-01 3.604679e-01 -1.205000e-01 -6.800000e-02 -2.704341e-01 3.602618e-01
-1.205000e-01 -6.800000e-02 -2.704341e-01 3.602618e-01 -1.200000e-01 -6.750000e-02 -2.705059e-01 3.605010e-01
-4.075000e-01 -6.700000e-02 -2.674115e-01 3.644101e-01 -4.080000e-01 -6.650000e-02 -2.673432e-01 3.646640e-01
-4.075000e-01 -6.700000e-02 -2.674115e-01 3.644101e-01 -4.065000e-01 -6.700000e-02 -2.673617e-01 3.645967e-01
-4.060000e-01 -6.750000e-02 -2.674301e-01 3.643412e-01 -4.065000e-01 -6.700000e-02 -2.673617e-01 3.645967e-01
-1.200000e-01 -6.750000e-02 -2.705059e-01 3.605010e-01 -1.195000e-01 -6.700000e-02 -2.705786e-01 3.607397e-01
-1.195000e-01 -6.700000e-02 -2.705786e-01 3.607397e-01 -1.185000e-01 -6.700000e-02 -2.705149e-01 3.605309e-01
-1.185000e-01 -6.700000e-02 -2.705149e-01 3.605309e-01 -1.180000e-01 -6.650000e-02 -2.705873e-01 3.607679e-01
-4.105000e-01 -6.600000e-02 -2.673780e-01 3.645376e-01 -4.110000e-01 -6.550000e-02 -2.673092e-01 3.647885e-01
-4.105000e-01 -6.600000e-02 -2.673780e-01 3.645376e-01 -4.095000e-01 -6.600000e-02 -2.673254e-01 3.647280e-01
-4.095000e-01 -6.600000e-02 -2.673254e-01 3.647280e-01 -4.085000e-01 -6.600000e-02 -2.672741e-01 3.649173e-01
-4.080000e-01 -6.650000e-02 -2.673432e-01 3.646640e-01 -4.085000e-01 -6.600000e-02 -2.672741e-01 3.649173e-01
-1.180000e-01 -6.650000e-02 -2.705873e-01 3.607679e-01 -1.175000e-01 -6.600000e-02 -2.706604e-01 3.610043e-01
-1.175000e-01 -6.600000e-02 -2.706604e-01 3.610043e-01 -1.165000e-01 -6.600000e-02 -2.705951e-01 3.607929e-01
-1.165000e-01 -6.600000e-02 -2.705951e-01 3.607929e-01 -1.160000e-01 -6.550000e-02 -2.706678e-01 3.610277e-01
-4.125000e-01 -6.500000e-02 -2.672938e-01 3.648457e-01 -4.130000e-01 -6.450000e-02 -2.672244e-01 3.650942e-01
-4.125000e-01 -6.500000e-02 -2.672938e-01 3.648457e-01 -4.115000e-01 -6.500000e-02 -2.672396e-01 3.650387e-01
-4.110000e-01 -6.550000e-02 -2.673092e-01 3.647885e-01 -4.115000e-01 -6.500000e-02 -2.672396e-01 3.650387e-01
-1.160000e-01 -6.550000e-02 -2.706678e-01 3.610277e-01 -1.155000e-01 -6.500000e-02 -2.707414e-01 3.612618e-01
-1.155000e-01 -6.500000e-02 -2.707414e-01 3.612618e-01 -1.145000e-01 -6.500000e-02 -2.706743e-01 3.610479e-01
-1.145000e-01 -6.500000e-02 -2.706743e-01 3.610479e-01 -1.140000e-01 -6.450000e-02 -2.707475e-01 3.612804e-01
-4.145000e-01 -6.400000e-02 -2.672100e-01 3.651465e-01 -4.150000e-01 -6.350000e-02 -2.671402e-01 3.653929e-01
-4.145000e-01 -6.400000e-02 -2.672100e-01 3.651465e-01 -4.135000e-01 -6.400000e-02 -2.671543e-01 3.653422e-01
-4.130000e-01 -6.450000e-02 -2.672244e-01 3.650942e-01 -4.135000e-01 -6.400000e-02 -2.671543e-01 3.653422e-01
-1.140000e-01 -6.450000e-02 -2.707475e-01 3.612804e-01 -1.135000e-01 -6.400000e-02 -2.708215e-01 3.615122e-01
-1.135000e-01 -6.400000e-02 -2.708215e-01 3.615122e-01 -1.125000e-01 -6.400000e-02 -2.707527e-01 3.612958e-01
-1.125000e-01 -6.400000e-02 -2.707527e-01 3.612958e-01 -1.120000e-01 -6.350000e-02 -2.708263e-01 3.615260e-01
-4.165000e-01 -6.300000e-02 -2.671268e-01 3.654402e-01 -4.170000e-01 -6.250000e-02 -2.670565e-01 3.656842e-01
-4.165000e-01 -6.300000e-02 -2.671268e-01 3.654402e-01 -4.155000e-01 -6.300000e-02 -2.670695e-01 3.656385e-01
-4.150000e-01 -6.350000e-02 -2.671402e-01 3.653929e-01 -4.155000e-01 -6.300000e-02 -2.670695e-01 3.656385e-01
-1.120000e-01 -6.350000e-02 -2.708263e-01 3.615260e-01 -1.115000e-01 -6.300000e-02 -2.709006e-01 3.617556e-01
-1.115000e-01 -6.300000e-02 -2.709006e-01 3.617556e-01 -1.105000e-01 -6.300000e-02 -2.708300e-01 3.615366e-01
-1.105000e-01 -6.300000e-02 -2.708300e-01 3.615366e-01 -1.100000e-01 -6.250000e-02 -2.709039e-01 3.617646e-01
-4.185000e-01 -6.200000e-02 -2.670443e-01 3.657267e-01 -4.190000e-01 -6.150000e-02 -2.669735e-01 3.659685e-01
-4.185000e-01 -6.200000e-02 -2.670443e-01 3.657267e-01 -4.175000e-01 -6.200000e-02 -2.669853e-01 3.659277e-01
-4.170000e-01 -6.250000e-02 -2.670565e-01 3.656842e-01 -4.175000e-01 -6.200000e-02 -2.669853e-01 3.659277e-01
-1.100000e-01 -6.250000e-02 -2.709039e-01 3.617646e-01 -1.095000e-01 -6.200000e-02 -2.709786e-01 3.619919e-01
-1.095000e-01 -6.200000e-02 -2.709786e-01 3.619919e-01 -1.085000e-01 -6.200000e-02 -2.709061e-01 3.617704e-01
-1.085000e-01 -6.200000e-02 -2.709061e-01 3.617704e-01 -1.080000e-01 -6.150000e-02 -2.709804e-01 3.619961e-01
-4.205000e-01 -6.100000e-02 -2.669626e-01 3.660060e-01 -4.210000e-01 -6.050000e-02 -2.668914e-01 3.662456e-01
-4.205000e-01 -6.100000e-02 -2.669626e-01 3.660060e-01 -4.195000e-01 -6.100000e-02 -2.669019e-01 3.662097e-01
-4.190000e-01 -6.150000e-02 -2.669735e-01 3.659685e-01 -4.195000e-01 -6.100000e-02 -2.669019e-01 3.662097e-01
-1.080000e-01 -6.150000e-02 -2.709804e-01 3.619961e-01 -1.075000e-01 -6.100000e-02 -2.710554e-01 3.622211e-01
-1.075000e-01 -6.100000e-02 -2.710554e-01 3.622211e-01 -1.065000e-01 -6.100000e-02 -2.709810e-01 3.619971e-01
-1.065000e-01 -6.100000e-02 -2.709810e-01 3.619971e-01 -1.060000e-01 -6.050000e-02 -2.710556e-01 3.622206e-01
-4.225000e-01 -6.000000e-02 -2.668818e-01 3.662783e-01 -4.230000e-01 -5.950000e-02 -2.668101e-01 3.665156e-01
-4.225000e-01 -6.000000e-02 -2.668818e-01 3.662783e-01 -4.215000e-01 -6.000000e-02 -2.668193e-01 3.664845e-01
-4.210000e-01 -6.050000e-02 -2.668914e-01 3.662456e-01 -4.215000e-01 -6.000000e-02 -2.668193e-01 3.664845e-01
-1.060000e-01 -6.050000e-02 -2.710556e-01 3.622206e-01 -1.055000e-01 -6.000000e-02 -2.711309e-01 3.624434e-01
-1.055000e-01 -6.000000e-02 -2.711309e-01 3.624434e-01 -1.045000e-01 -6.000000e-02 -2.710546e-01 3.622169e-01
-1.045000e-01 -6.000000e-02 -2.710546e-01 3.622169e-01 -1.040000e-01 -5.950000e-02 -2.711294e-01 3.624381e-01
-4.245000e-01 -5.900000e-02 -2.668019e-01 3.665434e-01 -4.250000e-01 -5.850000e-02 -2.667299e-01 3.667784e-01
-4.245000e-01 -5.900000e-02 -2.668019e-01 3.665434e-01 -4.235000e-01 -5.900000e-02 -2.667376e-01 3.667522e-01
-4.230000e-01 -5.950000e-02 -2.668101e-01 3.665156e-01 -4.235000e-01 -5.900000e-02 -2.667376e-01 3.667522e-01
-1.040000e-01 -5.950000e-02 -2.711294e-01 3.624381e-01 -1.035000e-01 -5.900000e-02 -2.712050e-01 3.626586e-01
-1.035000e-01 -5.900000e-02 -2.712050e-01 3.626586e-01 -1.025000e-01 -5.900000e-02 -2.711267e-01 3.624297e-01
-1.025000e-01 -5.900000e-02 -2.711267e-01 3.624297e-01 -1.020000e-01 -5.850000e-02 -2.712017e-01 3.626487e-01
-4.265000e-01 -5.800000e-02 -2.667232e-01 3.668013e-01 -4.270000e-01 -5.750000e-02 -2.666508e-01 3.670341e-01
-4.265000e-01 -5.800000e-02 -2.667232e-01 3.668013e-01 -4.255000e-01 -5.800000e-02 -2.666570e-01 3.670128e-01
-4.250000e-01 -5.850000e-02 -2.667299e-01 3.667784e-01 -4.255000e-01 -5.800000e-02 -2.666570e-01 3.670128e-01
-1.020000e-01 -5.850000e-02 -2.712017e-01 3.626487e-01 -1.015000e-01 -5.800000e-02 -2.712775e-01 3.628669e-01
-1.015000e-01 -5.800000e-02 -2.712775e-01 3.628669e-01 -1.005000e-01 -5.800000e-02 -2.711972e-01 3.626355e-01
-1.005000e-01 -5.800000e-02 -2.711972e-01 3.626355e-01 -1.000000e-01 -5.750000e-02 -2.712725e-01 3.628522e-01
-4.275000e-01 -5.700000e-02 -2.665776e-01 3.672662e-01 -4.280000e-01 -5.650000e-02 -2.665046e-01 3.674975e-01
-4.270000e-01 -5.750000e-02 -2.666508e-01 3.670341e-01 -4.275000e-01 -5.700000e-02 -2.665776e-01 3.672662e-01
-1.000000e-01 -5.750000e-02 -2.712725e-01 3.628522e-01 -9.950000e-02 -5.700000e-02 -2.713485e-01 3.630682e-01
-9.950000e-02 -5.700000e-02 -2.713485e-01 3.630682e-01 -9.850000e-02 -5.700000e-02 -2.712661e-01 3.628344e-01
-9.850000e-02 -5.700000e-02 -2.712661e-01 3.628344e-01 -9.800000e-02 -5.650000e-02 -2.713415e-01 3.630489e-01
-4.295000e-01 -5.600000e-02 -2.664994e-01 3.675126e-01 -4.300000e-01 -5.550000e-02 -2.664261e-01 3.677416e-01
-4.295000e-01 -5.600000e-02 -2.664994e-01 3.675126e-01 -4.285000e-01 -5.600000e-02 -2.664308e-01 3.677281e-01
-4.280000e-01 -5.650000e-02 -2.665046e-01 3.674975e-01 -4.285000e-01 -5.600000e-02 -2.664308e-01 3.677281e-01
-9.800000e-02 -5.650000e-02 -2.713415e-01 3.630489e-01 -9.750000e-02 -5.600000e-02 -2.714177e-01 3.632626e-01
-9.750000e-02 -5.600000e-02 -2.714177e-01 3.632626e-01 -9.650000e-02 -5.600000e-02 -2.713333e-01 3.630264e-01
-9.650000e-02 -5.600000e-02 -2.713333e-01 3.630264e-01 -9.600000e-02 -5.550000e-02 -2.714088e-01 3.632386e-01
-4.315000e-01 -5.500000e-02 -2.664225e-01 3.677518e-01 -4.320000e-01 -5.450000e-02 -2.663489e-01 3.679786e-01
-4.315000e-01 -5.500000e-02 -2.664225e-01 3.677518e-01 -4.305000e-01 -5.500000e-02 -2.663520e-01 3.679699e-01
-4.300000e-01 -5.550000e-02 -2.664261e-01 3.677416e-01 -4.305000e-01 -5.500000e-02 -2.663520e-01 3.679699e-01
-9.600000e-02 -5.550000e-02 -2.714088e-01 3.632386e-01 -9.550000e-02 -5.500000e-02 -2.714851e-01 3.634501e-01
-9.550000e-02 -5.500000e-02 -2.714851e-01 3.634501e-01 -9.500000e-02 -5.450000e-02 -2.715611e-01 3.636607e-01
-4.335000e-01 -5.400000e-02 -2.663471e-01 3.679841e-01 -4.340000e-01 -5.350000e-02 -2.662733e-01 3.682086e-01
-4.335000e-01 -5.400000e-02 -2.663471e-01 3.679841e-01 -4.325000e-01 -5.400000e-02 -2.662746e-01 3.682047e-01
-4.320000e-01 -5.450000e-02 -2.663489e-01 3.679786e-01 -4.325000e-01 -5.400000e-02 -2.662746e-01 3.682047e-01
-9.500000e-02 -5.450000e-02 -2.715611e-01 3.636607e-01 -9.450000e-02 -5.400000e-02 -2.716378e-01 3.638707e-01
-9.450000e-02 -5.400000e-02 -2.716378e-01 3.638707e-01 -9.350000e-02 -5.400000e-02 -2.715506e-01 3.636307e-01
-9.350000e-02 -5.400000e-02 -2.715506e-01 3.636307e-01 -9.300000e-02 -5.350000e-02 -2.716267e-01 3.638391e-01
-4.355000e-01 -5.300000e-02 -2.662733e-01 3.682093e-01 -4.360000e-01 -5.250000e-02 -2.661993e-01 3.684315e-01
-4.355000e-01 -5.300000e-02 -2.662733e-01 3.682093e-01 -4.345000e-01 -5.300000e-02 -2.661987e-01 3.684324e-01
-4.340000e-01 -5.350000e-02 -2.662733e-01 3.682086e-01 -4.345000e-01 -5.300000e-02 -2.661987e-01 3.684324e-01
-9.300000e-02 -5.350000e-02 -2.716267e-01 3.638391e-01 -9.250000e-02 -5.300000e-02 -2.717035e-01 3.640468e-01
-9.250000e-02 -5.300000e-02 -2.717035e-01 3.640468e-01 -9.150000e-02 -5.300000e-02 -2.716140e-01 3.638044e-01
-9.150000e-02 -5.300000e-02 -2.716140e-01 3.638044e-01 -9.100000e-02 -5.250000e-02 -2.716902e-01 3.640106e-01
-4.365000e-01 -5.200000e-02 -2.661245e-01 3.686530e-01 -4.370000e-01 -5.150000e-02 -2.660500e-01 3.688738e-01
-4.360000e-01 -5.250000e-02 -2.661993e-01 3.684315e-01 -4.365000e-01 -5.200000e-02 -2.661245e-01 3.686530e-01
-9.100000e-02 -5.250000e-02 -2.716902e-01 3.640106e-01 -9.050000e-02 -5.200000e-02 -2.717671e-01 3.642160e-01
-9.050000e-02 -5.200000e-02 -2.717671e-01 3.642160e-01 -8.950000e-02 -5.200000e-02 -2.716754e-01 3.639713e-01
-8.950000e-02 -5.200000e-02 -2.716754e-01 3.639713e-01 -8.900000e-02 -5.150000e-02 -2.717515e-01 3.641753e-01
-4.385000e-01 -5.100000e-02 -2.660520e-01 3.688667e-01 -4.390000e-01 -5.050000e-02 -2.659773e-01 3.690851e-01
-4.385000e-01 -5.100000e-02 -2.660520e-01 3.688667e-01 -4.375000e-01 -5.100000e-02 -2.659748e-01 3.690938e-01
-4.370000e-01 -5.150000e-02 -2.660500e-01 3.688738e-01 -4.375000e-01 -5.100000e-02 -2.659748e-01 3.690938e-01
-8.900000e-02 -5.150000e-02 -2.717515e-01 3.641753e-01 -8.850000e-02 -5.100000e-02 -2.718284e-01 3.643785e-01
-8.850000e-02 -5.100000e-02 -2.718284e-01 3.643785e-01 -8.800000e-02 -5.050000e-02 -2.719050e-01 3.645809e-01
-4.405000e-01 -5.000000e-02 -2.659813e-01 3.690733e-01 -4.410000e-01 -4.950000e-02 -2.659065e-01 3.692895e-01
-4.405000e-01 -5.000000e-02 -2.659813e-01 3.690733e-01 -4.395000e-01 -5.000000e-02 -2.659019e-01 3.693029e-01
-4.390000e-01 -5.050000e-02 -2.659773e-01 3.690851e-01 -4.395000e-01 -5.000000e-02 -2.659019e-01 3.693029e-01
-8.800000e-02 -5.050000e-02 -2.719050e-01 3.645809e-01 -8.750000e-02 -5.000000e-02 -2.719822e-01 3.647826e-01
-8.750000e-02 -5.000000e-02 -2.719822e-01 3.647826e-01 -8.650000e-02 -5.000000e-02 -2.718875e-01 3.645341e-01
-8.650000e-02 -5.000000e-02 -2.718875e-01 3.645341e-01 -8.600000e-02 -4.950000e-02 -2.719640e-01 3.647343e-01
-4.425000e-01 -4.900000e-02 -2.659125e-01 3.692730e-01 -4.430000e-01 -4.850000e-02 -2.658376e-01 3.694869e-01
-4.425000e-01 -4.900000e-02 -2.659125e-01 3.692730e-01 -4.415000e-01 -4.900000e-02 -2.658309e-01 3.695050e-01
-4.410000e-01 -4.950000e-02 -2.659065e-01 3.692895e-01 -4.415000e-01 -4.900000e-02 -2.658309e-01 3.695050e-01
-8.600000e-02 -4.950000e-02 -2.719640e-01 3.647343e-01 -8.550000e-02 -4.900000e-02 -2.720413e-01 3.649337e-01
-8.550000e-02 -4.900000e-02 -2.720413e-01 3.649337e-01 -8.450000e-02 -4.900000e-02 -2.719442e-01 3.646829e-01
-8.450000e-02 -4.900000e-02 -2.719442e-01 3.646829e-01 -8.400000e-02 -4.850000e-02 -2.720207e-01 3.648809e-01
-4.435000e-01 -4.800000e-02 -2.657620e-01 3.697001e-01 -4.440000e-01 -4.750000e-02 -2.656867e-01 3.699125e-01
-4.430000e-01 -4.850000e-02 -2.658376e-01 3.694869e-01 -4.435000e-01 -4.800000e-02 -2.657620e-01 3.697001e-01
-8.400000e-02 -4.850000e-02 -2.720207e-01 3.648809e-01 -8.350000e-02 -4.800000e-02 -2.720979e-01 3.650781e-01
-8.350000e-02 -4.800000e-02 -2.720979e-01 3.650781e-01 -8.300000e-02 -4.750000e-02 -2.721747e-01 3.652746e-01
-4.455000e-01 -4.700000e-02 -2.656951e-01 3.698884e-01 -4.460000e-01 -4.650000e-02 -2.656198e-01 3.700985e-01
-4.455000e-01 -4.700000e-02 -2.656951e-01 3.698884e-01 -4.445000e-01 -4.700000e-02 -2.656106e-01 3.701242e-01
-4.440000e-01 -4.750000e-02 -2.656867e-01 3.699125e-01 -4.445000e-01 -4.700000e-02 -2.656106e-01 3.701242e-01
-8.300000e-02 -4.750000e-02 -2.721747e-01 3.652746e-01 -8.250000e-02 -4.700000e-02 -2.722522e-01 3.654703e-01
-8.250000e-02 -4.700000e-02 -2.722522e-01 3.654703e-01 -8.150000e-02 -4.700000e-02 -2.721519e-01 3.652158e-01
-8.150000e-02 -4.700000e-02 -2.721519e-01 3.652158e-01 -8.100000e-02 -4.650000e-02 -2.722286e-01 3.654100e-01
-4.475000e-01 -4.600000e-02 -2.656304e-01 3.700697e-01 -4.480000e-01 -4.550000e-02 -2.655551e-01 3.702776e-01
-4.475000e-01 -4.600000e-02 -2.656304e-01 3.700697e-01 -4.465000e-01 -4.600000e-02 -2.655437e-01 3.703079e-01
-4.460000e-01 -4.650000e-02 -2.656198e-01 3.700985e-01 -4.465000e-01 -4.600000e-02 -2.655437e-01 3.703079e-01
-8.100000e-02 -4.650000e-02 -2.722286e-01 3.654100e-01 -8.050000e-02 -4.600000e-02 -2.723060e-01 3.656035e-01
-8.050000e-02 -4.600000e-02 -2.723060e-01 3.656035e-01 -7.950000e-02 -4.600000e-02 -2.722033e-01 3.653468e-01
-7.950000e-02 -4.600000e-02 -2.722033e-01 3.653468e-01 -7.900000e-02 -4.550000e-02 -2.722798e-01 3.655388e-01
-4.485000e-01 -4.500000e-02 -2.654790e-01 3.704847e-01 -4.490000e-01 -4.450000e-02 -2.654032e-01 3.706911e-01
-4.480000e-01 -4.550000e-02 -2.655551e-01 3.702776e-01 -4.485000e-01 -4.500000e-02 -2.654790e-01 3.704847e-01
-7.900000e-02 -4.550000e-02 -2.722798e-01 3.655388e-01 -7.850000e-02 -4.500000e-02 -2.723571e-01 3.657301e-01
-7.850000e-02 -4.500000e-02 -2.723571e-01 3.657301e-01 -7.800000e-02 -4.450000e-02 -2.724339e-01 3.659205e-01
-4.505000e-01 -4.400000e-02 -2.654166e-01 3.706546e-01 -4.510000e-01 -4.350000e-02 -2.653409e-01 3.708587e-01
-4.505000e-01 -4.400000e-02 -2.654166e-01 3.706546e-01 -4.495000e-01 -4.400000e-02 -2.653267e-01 3.708967e-01
-4.490000e-01 -4.450000e-02 -2.654032e-01 3.706911e-01 -4.495000e-01 -4.400000e-02 -2.653267e-01 3.708967e-01
-7.800000e-02 -4.450000e-02 -2.724339e-01 3.659205e-01 -7.750000e-02 -4.400000e-02 -2.725115e-01 3.661102e-01
-7.750000e-02 -4.400000e-02 -2.725115e-01 3.661102e-01 -7.650000e-02 -4.400000e-02 -2.724054e-01 3.658500e-01
-7.650000e-02 -4.400000e-02 -2.724054e-01 3.658500e-01 -7.600000e-02 -4.350000e-02 -2.724820e-01 3.660382e-01
-4.515000e-01 -4.300000e-02 -2.652644e-01 3.710621e-01 -4.520000e-01 -4.250000e-02 -2.651884e-01 3.712648e-01
-4.510000e-01 -4.350000e-02 -2.653409e-01 3.708587e-01 -4.515000e-01 -4.300000e-02 -2.652644e-01 3.710621e-01
-7.600000e-02 -4.350000e-02 -2.724820e-01 3.660382e-01 -7.550000e-02 -4.300000e-02 -2.725594e-01 3.662257e-01
-7.550000e-02 -4.300000e-02 -2.725594e-01 3.662257e-01 -7.500000e-02 -4.250000e-02 -2.726363e-01 3.664125e-01
-4.535000e-01 -4.200000e-02 -2.652047e-01 3.712207e-01 -4.540000e-01 -4.150000e-02 -2.651287e-01 3.714211e-01
-4.535000e-01 -4.200000e-02 -2.652047e-01 3.712207e-01 -4.525000e-01 -4.200000e-02 -2.651116e-01 3.714666e-01
-4.520000e-01 -4.250000e-02 -2.651884e-01 3.712648e-01 -4.525000e-01 -4.200000e-02 -2.651116e-01 3.714666e-01
-7.500000e-02 -4.250000e-02 -2.726363e-01 3.664125e-01 -7.450000e-02 -4.200000e-02 -2.727139e-01 3.665984e-01
-7.450000e-02 -4.200000e-02 -2.727139e-01 3.665984e-01 -7.350000e-02 -4.200000e-02 -2.726043e-01 3.663346e-01
-7.350000e-02 -4.200000e-02 -2.726043e-01 3.663346e-01 -7.300000e-02 -4.150000e-02 -2.726810e-01 3.665192e-01
-4.555000e-01 -4.100000e-02 -2.651476e-01 3.713725e-01 -4.560000e-01 -4.050000e-02 -2.650717e-01 3.715706e-01
-4.555000e-01 -4.100000e-02 -2.651476e-01 3.713725e-01 -4.545000e-01 -4.100000e-02 -2.650520e-01 3.716207e-01
-4.540000e-01 -4.150000e-02 -2.651287e-01 3.714211e-01 -4.545000e-01 -4.100000e-02 -2.650520e-01 3.716207e-01
-7.300000e-02 -4.150000e-02 -2.726810e-01 3.665192e-01 -7.250000e-02 -4.100000e-02 -2.727583e-01 3.667029e-01
-7.250000e-02 -4.100000e-02 -2.727583e-01 3.667029e-01 -7.200000e-02 -4.050000e-02 -2.728352e-01 3.668859e-01
-4.565000e-01 -4.000000e-02 -2.649951e-01 3.717679e-01 -4.570000e-01 -3.950000e-02 -2.649190e-01 3.719645e-01
-4.560000e-01 -4.050000e-02 -2.650717e-01 3.715706e-01 -4.565000e-01 -4.000000e-02 -2.649951e-01 3.717679e-01
-7.200000e-02 -4.050000e-02 -2.728352e-01 3.668859e-01 -7.150000e-02 -4.000000e-02 -2.729128e-01 3.670682e-01
-7.150000e-02 -4.000000e-02 -2.729128e-01 3.670682e-01 -7.050000e-02 -4.000000e-02 -2.727997e-01 3.668008e-01
-7.050000e-02 -4.000000e-02 -2.727997e-01 3.668008e-01 -7.000000e-02 -3.950000e-02 -2.728763e-01 3.669817e-01
-4.585000e-01 -3.900000e-02 -2.649410e-01 3.719084e-01 -4.590000e-01 -3.850000e-02 -2.648650e-01 3.721028e-01
-4.585000e-01 -3.900000e-02 -2.649410e-01 3.719084e-01 -4.575000e-01 -3.900000e-02 -2.648421e-01 3.721603e-01
-4.570000e-01 -3.950000e-02 -2.649190e-01 3.719645e-01 -4.575000e-01 -3.900000e-02 -2.648421e-01 3.721603e-01
-7.000000e-02 -3.950000e-02 -2.728763e-01 3.669817e-01 -6.950000e-02 -3.900000e-02 -2.729536e-01 3.671617e-01
-6.950000e-02 -3.900000e-02 -2.729536e-01 3.671617e-01 -6.900000e-02 -3.850000e-02 -2.730303e-01 3.673410e-01
-4.595000e-01 -3.800000e-02 -2.647883e-01 3.722964e-01 -4.600000e-01 -3.750000e-02 -2.647120e-01 3.724892e-01
-4.590000e-01 -3.850000e-02 -2.648650e-01 3.721028e-01 -4.595000e-01 -3.800000e-02 -2.647883e-01 3.722964e-01
-6.900000e-02 -3.850000e-02 -2.730303e-01 3.673410e-01 -6.850000e-02 -3.800000e-02 -2.731078e-01 3.675195e-01
-6.850000e-02 -3.800000e-02 -2.731078e-01 3.675195e-01 -6.750000e-02 -3.800000e-02 -2.729910e-01 3.672488e-01
-6.750000e-02 -3.800000e-02 -2.729910e-01 3.672488e-01 -6.700000e-02 -3.750000e-02 -2.730675e-01 3.674259e-01
-4.615000e-01 -3.700000e-02 -2.647375e-01 3.724257e-01 -4.620000e-01 -3.650000e-02 -2.646614e-01 3.726163e-01
-4.615000e-01 -3.700000e-02 -2.647375e-01 3.724257e-01 -4.605000e-01 -3.700000e-02 -2.646350e-01 3.726812e-01
-4.600000e-01 -3.750000e-02 -2.647120e-01 3.724892e-01 -4.605000e-01 -3.700000e-02 -2.646350e-01 3.726812e-01
-6.700000e-02 -3.750000e-02 -2.730675e-01 3.674259e-01 -6.650000e-02 -3.700000e-02 -2.731446e-01 3.676022e-01
-6.650000e-02 -3.700000e-02 -2.731446e-01 3.676022e-01 -6.600000e-02 -3.650000e-02 -2.732212e-01 3.677778e-01
-4.625000e-01 -3.600000e-02 -2.645847e-01 3.728061e-01 -4.630000e-01 -3.550000e-02 -2.645084e-01 3.729951e-01
-4.620000e-01 -3.650000e-02 -2.646614e-01 3.726163e-01 -4.625000e-01 -3.600000e-02 -2.645847e-01 3.728061e-01
-6.600000e-02 -3.650000e-02 -2.732212e-01 3.677778e-01 -6.550000e-02 -3.600000e-02 -2.732985e-01 3.679526e-01
-6.550000e-02 -3.600000e-02 -2.732985e-01 3.679526e-01 -6.450000e-02 -3.600000e-02 -2.731779e-01 3.676784e-01
-6.450000e-02 -3.600000e-02 -2.731779e-01 3.676784e-01 -6.400000e-02 -3.550000e-02 -2.732541e-01 3.678519e-01
-4.645000e-01 -3.500000e-02 -2.645374e-01 3.729242e-01 -4.650000e-01 -3.450000e-02 -2.644614e-01 3.731111e-01
-4.645000e-01 -3.500000e-02 -2.645374e-01 3.729242e-01 -4.635000e-01 -3.500000e-02 -2.644313e-01 3.731834e-01
-4.630000e-01 -3.550000e-02 -2.645084e-01 3.729951e-01 -4.635000e-01 -3.500000e-02 -2.644313e-01 3.731834e-01
-6.400000e-02 -3.550000e-02 -2.732541e-01 3.678519e-01 -6.350000e-02 -3.500000e-02 -2.733311e-01 3.680245e-01
-6.350000e-02 -3.500000e-02 -2.733311e-01 3.680245e-01 -6.300000e-02 -3.450000e-02 -2.734074e-01 3.681964e-01
-4.655000e-01 -3.400000e-02 -2.643847e-01 3.732971e-01 -4.660000e-01 -3.350000e-02 -2.643084e-01 3.734824e-01
-4.650000e-01 -3.450000e-02 -2.644614e-01 3.731111e-01 -4.655000e-01 -3.400000e-02 -2.643847e-01 3.732971e-01
-6.300000e-02 -3.450000e-02 -2.734074e-01 3.681964e-01 -6.250000e-02 -3.400000e-02 -2.734844e-01 3.683675e-01
-6.250000e-02 -3.400000e-02 -2.734844e-01 3.683675e-01 -6.150000e-02 -3.400000e-02 -2.733600e-01 3.680900e-01
-6.150000e-02 -3.400000e-02 -2.733600e-01 3.680900e-01 -6.100000e-02 -3.350000e-02 -2.734359e-01 3.682598e-01
-4.665000e-01 -3.300000e-02 -2.642314e-01 3.736669e-01 -4.670000e-01 -3.250000e-02 -2.641550e-01 3.738507e-01
-4.660000e-01 -3.350000e-02 -2.643084e-01 3.734824e-01 -4.665000e-01 -3.300000e-02 -2.642314e-01 3.736669e-01
-6.100000e-02 -3.350000e-02 -2.734359e-01 3.682598e-01 -6.050000e-02 -3.300000e-02 -2.735125e-01 3.684287e-01
-6.050000e-02 -3.300000e-02 -2.735125e-01 3.684287e-01 -6.000000e-02 -3.250000e-02 -2.735885e-01 3.685969e-01
-4.685000e-01 -3.200000e-02 -2.641887e-01 3.737696e-01 -4.690000e-01 -3.150000e-02 -2.641126e-01 3.739512e-01
-4.685000e-01 -3.200000e-02 -2.641887e-01 3.737696e-01 -4.675000e-01 -3.200000e-02 -2.640778e-01 3.740337e-01
-4.670000e-01 -3.250000e-02 -2.641550e-01 3.738507e-01 -4.675000e-01 -3.200000e-02 -2.640778e-01 3.740337e-01
-6.000000e-02 -3.250000e-02 -2.735885e-01 3.685969e-01 -5.950000e-02 -3.200000e-02 -2.736652e-01 3.687643e-01
-5.950000e-02 -3.200000e-02 -2.736652e-01 3.687643e-01 -5.850000e-02 -3.200000e-02 -2.735367e-01 3.684836e-01
-5.850000e-02 -3.200000e-02 -2.735367e-01 3.684836e-01 -5.800000e-02 -3.150000e-02 -2.736123e-01 3.686497e-01
-4.695000e-01 -3.100000e-02 -2.640358e-01 3.741319e-01 -4.700000e-01 -3.050000e-02 -2.639595e-01 3.743120e-01
-4.690000e-01 -3.150000e-02 -2.641126e-01 3.739512e-01 -4.695000e-01 -3.100000e-02 -2.640358e-01 3.741319e-01
-5.800000e-02 -3.150000e-02 -2.736123e-01 3.686497e-01 -5.750000e-02 -3.100000e-02 -2.736885e-01 3.688149e-01
-5.750000e-02 -3.100000e-02 -2.736885e-01 3.688149e-01 -5.700000e-02 -3.050000e-02 -2.737641e-01 3.689795e-01
-4.715000e-01 -3.000000e-02 -2.639972e-01 3.742236e-01 -4.720000e-01 -2.950000e-02 -2.639213e-01 3.744015e-01
-4.715000e-01 -3.000000e-02 -2.639972e-01 3.742236e-01 -4.705000e-01 -3.000000e-02 -2.638825e-01 3.744912e-01
-4.700000e-01 -3.050000e-02 -2.639595e-01 3.743120e-01 -4.705000e-01 -3.000000e-02 -2.638825e-01 3.744912e-01
-5.700000e-02 -3.050000e-02 -2.737641e-01 3.689795e-01 -5.650000e-02 -3.000000e-02 -2.738403e-01 3.691432e-01
-5.650000e-02 -3.000000e-02 -2.738403e-01 3.691432e-01 -5.600000e-02 -2.950000e-02 -2.739160e-01 3.693062e-01
-4.725000e-01 -2.900000e-02 -2.638447e-01 3.745785e-01 -4.730000e-01 -2.850000e-02 -2.637687e-01 3.747548e-01
-4.720000e-01 -2.950000e-02 -2.639213e-01 3.744015e-01 -4.725000e-01 -2.900000e-02 -2.638447e-01 3.745785e-01
-5.600000e-02 -2.950000e-02 -2.739160e-01 3.693062e-01 -5.550000e-02 -2.900000e-02 -2.739923e-01 3.694684e-01
-5.550000e-02 -2.900000e-02 -2.739923e-01 3.694684e-01 -5.450000e-02 -2.900000e-02 -2.738586e-01 3.691833e-01
-5.450000e-02 -2.900000e-02 -2.738586e-01 3.691833e-01 -5.400000e-02 -2.850000e-02 -2.739337e-01 3.693442e-01
-4.735000e-01 -2.800000e-02 -2.636919e-01 3.749303e-01 -4.740000e-01 -2.750000e-02 -2.636158e-01 3.751050e-01
-4.730000e-01 -2.850000e-02 -2.637687e-01 3.747548e-01 -4.735000e-01 -2.800000e-02 -2.636919e-01 3.749303e-01
-5.400000e-02 -2.850000e-02 -2.739337e-01 3.693442e-01 -5.350000e-02 -2.800000e-02 -2.740095e-01 3.695043e-01
-5.350000e-02 -2.800000e-02 -2.740095e-01 3.695043e-01 -5.300000e-02 -2.750000e-02 -2.740846e-01 3.696637e-01
-4.755000e-01 -2.700000e-02 -2.636587e-01 3.750067e-01 -4.760000e-01 -2.650000e-02 -2.635830e-01 3.751792e-01
-4.755000e-01 -2.700000e-02 -2.636587e-01 3.750067e-01 -4.745000e-01 -2.700000e-02 -2.635389e-01 3.752790e-01
-4.740000e-01 -2.750000e-02 -2.636158e-01 3.751050e-01 -4.745000e-01 -2.700000e-02 -2.635389e-01 3.752790e-01
-5.300000e-02 -2.750000e-02 -2.740846e-01 3.696637e-01 -5.250000e-02 -2.700000e-02 -2.741604e-01 3.698222e-01
-5.250000e-02 -2.700000e-02 -2.741604e-01 3.698222e-01 -5.200000e-02 -2.650000e-02 -2.742355e-01 3.699801e-01
-4.765000e-01 -2.600000e-02 -2.635066e-01 3.753510e-01 -4.770000e-01 -2.550000e-02 -2.634308e-01 3.755220e-01
-4.760000e-01 -2.650000e-02 -2.635830e-01 3.751792e-01 -4.765000e-01 -2.600000e-02 -2.635066e-01 3.753510e-01
-5.200000e-02 -2.650000e-02 -2.742355e-01 3.699801e-01 -5.150000e-02 -2.600000e-02 -2.743113e-01 3.701371e-01
-5.150000e-02 -2.600000e-02 -2.743113e-01 3.701371e-01 -5.050000e-02 -2.600000e-02 -2.741721e-01 3.698476e-01
-5.050000e-02 -2.600000e-02 -2.741721e-01 3.698476e-01 -5.000000e-02 -2.550000e-02 -2.742467e-01 3.700034e-01
-4.775000e-01 -2.500000e-02 -2.633543e-01 3.756922e-01 -4.780000e-01 -2.450000e-02 -2.632784e-01 3.758618e-01
-4.770000e-01 -2.550000e-02 -2.634308e-01 3.755220e-01 -4.775000e-01 -2.500000e-02 -2.633543e-01 3.756922e-01
-5.000000e-02 -2.550000e-02 -2.742467e-01 3.700034e-01 -4.950000e-02 -2.500000e-02 -2.743218e-01 3.701583e-01
-4.950000e-02 -2.500000e-02 -2.743218e-01 3.701583e-01 -4.900000e-02 -2.450000e-02 -2.743963e-01 3.703126e-01
-4.795000e-01 -2.400000e-02 -2.633269e-01 3.757535e-01 -4.800000e-01 -2.350000e-02 -2.632516e-01 3.759209e-01
-4.795000e-01 -2.400000e-02 -2.633269e-01 3.757535e-01 -4.785000e-01 -2.400000e-02 -2.632019e-01 3.760304e-01
-4.780000e-01 -2.450000e-02 -2.632784e-01 3.758618e-01 -4.785000e-01 -2.400000e-02 -2.632019e-01 3.760304e-01
-4.900000e-02 -2.450000e-02 -2.743963e-01 3.703126e-01 -4.850000e-02 -2.400000e-02 -2.744715e-01 3.704660e-01
-4.850000e-02 -2.400000e-02 -2.744715e-01 3.704660e-01 -4.800000e-02 -2.350000e-02 -2.745460e-01 3.706188e-01
-4.805000e-01 -2.300000e-02 -2.631755e-01 3.760873e-01 -4.810000e-01 -2.250000e-02 -2.631001e-01 3.762532e-01
-4.800000e-01 -2.350000e-02 -2.632516e-01 3.759209e-01 -4.805000e-01 -2.300000e-02 -2.631755e-01 3.760873e-01
-4.800000e-02 -2.350000e-02 -2.745460e-01 3.706188e-01 -4.750000e-02 -2.300000e-02 -2.746211e-01 3.707707e-01
-4.750000e-02 -2.300000e-02 -2.746211e-01 3.707707e-01 -4.650000e-02 -2.300000e-02 -2.744762e-01 3.704770e-01
-4.650000e-02 -2.300000e-02 -2.744762e-01 3.704770e-01 -4.600000e-02 -2.250000e-02 -2.745500e-01 3.706277e-01
-4.815000e-01 -2.200000e-02 -2.630240e-01 3.764181e-01 -4.820000e-01 -2.150000e-02 -2.629486e-01 3.765824e-01
-4.810000e-01 -2.250000e-02 -2.631001e-01 3.762532e-01 -4.815000e-01 -2.200000e-02 -2.630240e-01 3.764181e-01
-4.600000e-02 -2.250000e-02 -2.745500e-01 3.706277e-01 -4.550000e-02 -2.200000e-02 -2.746244e-01 3.707774e-01
-4.550000e-02 -2.200000e-02 -2.746244e-01 3.707774e-01 -4.500000e-02 -2.150000e-02 -2.746982e-01 3.709266e-01
-4.835000e-01 -2.100000e-02 -2.630030e-01 3.764644e-01 -4.840000e-01 -2.050000e-02 -2.629281e-01 3.766265e-01
-4.835000e-01 -2.100000e-02 -2.630030e-01 3.764644e-01 -4.825000e-01 -2.100000e-02 -2.628725e-01 3.767458e-01
-4.820000e-01 -2.150000e-02 -2.629486e-01 3.765824e-01 -4.825000e-01 -2.100000e-02 -2.628725e-01 3.767458e-01
-4.500000e-02 -2.150000e-02 -2.746982e-01 3.709266e-01 -4.450000e-02 -2.100000e-02 -2.747725e-01 3.710749e-01
-4.450000e-02 -2.100000e-02 -2.747725e-01 3.710749e-01 -4.400000e-02 -2.050000e-02 -2.748462e-01 3.712226e-01
-4.845000e-01 -2.000000e-02 -2.628526e-01 3.767878e-01 -4.850000e-01 -1.950000e-02 -2.627778e-01 3.769484e-01
-4.840000e-01 -2.050000e-02 -2.629281e-01 3.766265e-01 -4.845000e-01 -2.000000e-02 -2.628526e-01 3.767878e-01
-4.400000e-02 -2.050000e-02 -2.748462e-01 3.712226e-01 -4.350000e-02 -2.000000e-02 -2.749204e-01 3.713693e-01
-4.350000e-02 -2.000000e-02 -2.749204e-01 3.713693e-01 -4.300000e-02 -1.950000e-02 -2.749940e-01 3.715156e-01
-4.855000e-01 -1.900000e-02 -2.627022e-01 3.771081e-01 -4.860000e-01 -1.850000e-02 -2.626274e-01 3.772672e-01
-4.850000e-01 -1.950000e-02 -2.627778e-01 3.769484e-01 -4.855000e-01 -1.900000e-02 -2.627022e-01 3.771081e-01
-4.300000e-02 -1.950000e-02 -2.749940e-01 3.715156e-01 -4.250000e-02 -1.900000e-02 -2.750682e-01 3.716609e-01
-4.250000e-02 -1.900000e-02 -2.750682e-01 3.716609e-01 -4.150000e-02 -1.900000e-02 -2.749162e-01 3.713619e-01
-4.150000e-02 -1.900000e-02 -2.749162e-01 3.713619e-01 -4.100000e-02 -1.850000e-02 -2.749890e-01 3.715060e-01
-4.865000e-01 -1.800000e-02 -2.625519e-01 3.774254e-01 -4.870000e-01 -1.750000e-02 -2.624770e-01 3.775830e-01
-4.860000e-01 -1.850000e-02 -2.626274e-01 3.772672e-01 -4.865000e-01 -1.800000e-02 -2.625519e-01 3.774254e-01
-4.100000e-02 -1.850000e-02 -2.749890e-01 3.715060e-01 -4.050000e-02 -1.800000e-02 -2.750624e-01 3.716492e-01
-4.050000e-02 -1.800000e-02 -2.750624e-01 3.716492e-01 -4.000000e-02 -1.750000e-02 -2.751350e-01 3.717918e-01
-4.885000e-01 -1.700000e-02 -2.625390e-01 3.774526e-01 -4.890000e-01 -1.650000e-02 -2.624649e-01 3.776080e-01
-4.885000e-01 -1.700000e-02 -2.625390e-01 3.774526e-01 -4.875000e-01 -1.700000e-02 -2.624015e-01 3.777397e-01
-4.870000e-01 -1.750000e-02 -2.624770e-01 3.775830e-01 -4.875000e-01 -1.700000e-02 -2.624015e-01 3.777397e-01
-4.000000e-02 -1.750000e-02 -2.751350e-01 3.717918e-01 -3.950000e-02 -1.700000e-02 -2.752083e-01 3.719335e-01
-3.950000e-02 -1.700000e-02 -2.752083e-01 3.719335e-01 -3.900000e-02 -1.650000e-02 -2.752809e-01 3.720747e-01
-4.895000e-01 -1.600000e-02 -2.623901e-01 3.777625e-01 -4.900000e-01 -1.550000e-02 -2.623160e-01 3.779164e-01
-4.890000e-01 -1.650000e-02 -2.624649e-01 3.776080e-01 -4.895000e-01 -1.600000e-02 -2.623901e-01 3.777625e-01
-3.900000e-02 -1.650000e-02 -2.752809e-01 3.720747e-01 -3.850000e-02 -1.600000e-02 -2.753540e-01 3.722149e-01
-3.850000e-02 -1.600000e-02 -2.753540e-01 3.722149e-01 -3.800000e-02 -1.550000e-02 -2.754264e-01 3.723546e-01
-4.905000e-01 -1.500000e-02 -2.622412e-01 3.780694e-01 -4.910000e-01 -1.450000e-02 -2.621672e-01 3.782218e-01
-4.900000e-01 -1.550000e-02 -2.623160e-01 3.779164e-01 -4.905000e-01 -1.500000e-02 -2.622412e-01 3.780694e-01
-3.800000e-02 -1.550000e-02 -2.754264e-01 3.723546e-01 -3.750000e-02 -1.500000e-02 -2.754994e-01 3.724933e-01
-3.750000e-02 -1.500000e-02 -2.754994e-01 3.724933e-01 -3.700000e-02 -1.450000e-02 -2.755717e-01 3.726315e-01
-4.915000e-01 -1.400000e-02 -2.620925e-01 3.783733e-01 -4.920000e-01 -1.350000e-02 -2.620185e-01 3.785242e-01
-4.910000e-01 -1.450000e-02 -2.621672e-01 3.782218e-01 -4.915000e-01 -1.400000e-02 -2.620925e-01 3.783733e-01
-3.700000e-02 -1.450000e-02 -2.755717e-01 3.726315e-01 -3.650000e-02 -1.400000e-02 -2.756445e-01 3.727687e-01
-3.650000e-02 -1.400000e-02 -2.756445e-01 3.727687e-01 -3.550000e-02 -1.400000e-02 -2.754836e-01 3.724636e-01
-3.550000e-02 -1.400000e-02 -2.754836e-01 3.724636e-01 -3.500000e-02 -1.350000e-02 -2.755550e-01 3.725997e-01
-4.935000e-01 -1.300000e-02 -2.620887e-01 3.783816e-01 -4.940000e-01 -1.250000e-02 -2.620154e-01 3.785304e-01
-4.935000e-01 -1.300000e-02 -2.620887e-01 3.783816e-01 -4.925000e-01 -1.300000e-02 -2.619439e-01 3.786742e-01
-4.920000e-01 -1.350000e-02 -2.620185e-01 3.785242e-01 -4.925000e-01 -1.300000e-02 -2.619439e-01 3.786742e-01
-3.500000e-02 -1.350000e-02 -2.755550e-01 3.725997e-01 -3.450000e-02 -1.300000e-02 -2.756269e-01 3.727349e-01
-3.450000e-02 -1.300000e-02 -2.756269e-01 3.727349e-01 -3.400000e-02 -1.250000e-02 -2.756981e-01 3.728696e-01
-4.945000e-01 -1.200000e-02 -2.619416e-01 3.786782e-01 -4.950000e-01 -1.150000e-02 -2.618685e-01 3.788255e-01
-4.940000e-01 -1.250000e-02 -2.620154e-01 3.785304e-01 -4.945000e-01 -1.200000e-02 -2.619416e-01 3.786782e-01
-3.400000e-02 -1.250000e-02 -2.756981e-01 3.728696e-01 -3.350000e-02 -1.200000e-02 -2.757698e-01 3.730033e-01
-3.350000e-02 -1.200000e-02 -2.757698e-01 3.730033e-01 -3.300000e-02 -1.150000e-02 -2.758408e-01 3.731365e-01
-4.955000e-01 -1.100000e-02 -2.617948e-01 3.789718e-01 -4.960000e-01 -1.050000e-02 -2.617218e-01 3.791176e-01
-4.950000e-01 -1.150000e-02 -2.618685e-01 3.788255e-01 -4.955000e-01 -1.100000e-02 -2.617948e-01 3.789718e-01
-3.300000e-02 -1.150000e-02 -2.758408e-01 3.731365e-01 -3.250000e-02 -1.100000e-02 -2.759124e-01 3.732687e-01
-3.250000e-02 -1.100000e-02 -2.759124e-01 3.732687e-01 -3.200000e-02 -1.050000e-02 -2.759832e-01 3.734004e-01
-4.965000e-01 -1.000000e-02 -2.616482e-01 3.792624e-01 -4.970000e-01 -9.500000e-03 -2.615753e-01 3.794066e-01
-4.960000e-01 -1.050000e-02 -2.617218e-01 3.791176e-01 -4.965000e-01 -1.000000e-02 -2.616482e-01 3.792624e-01
-3.200000e-02 -1.050000e-02 -2.759832e-01 3.734004e-01 -3.150000e-02 -1.000000e-02 -2.760545e-01 3.735312e-01
-3.150000e-02 -1.000000e-02 -2.760545e-01 3.735312e-01 -3.100000e-02 -9.500000e-03 -2.761251e-01 3.736614e-01
-4.975000e-01 -9.000000e-03 -2.615019e-01 3.795500e-01 -4.980000e-01 -8.500000e-03 -2.614292e-01 3.796927e-01
-4.970000e-01 -9.500000e-03 -2.615753e-01 3.794066e-01 -4.975000e-01 -9.000000e-03 -2.615019e-01 3.795500e-01
-3.100000e-02 -9.500000e-03 -2.761251e-01 3.736614e-01 -3.050000e-02 -9.000000e-03 -2.761962e-01 3.737907e-01
-3.050000e-02 -9.000000e-03 -2.761962e-01 3.737907e-01 -3.000000e-02 -8.500000e-03 -2.762666e-01 3.739195e-01
-4.995000e-01 -8.000000e-03 -2.615097e-01 3.795355e-01 -5.000000e-01 -7.500000e-03 -2.614378e-01 3.796762e-01
-4.995000e-01 -8.000000e-03 -2.615097e-01 3.795355e-01 -4.985000e-01 -8.000000e-03 -2.613558e-01 3.798345e-01
-4.980000e-01 -8.500000e-03 -2.614292e-01 3.796927e-01 -4.985000e-01 -8.000000e-03 -2.613558e-01 3.798345e-01
-3.000000e-02 -8.500000e-03 -2.762666e-01 3.739195e-01 -2.950000e-02 -8.000000e-03 -2.763374e-01 3.740473e-01
-2.950000e-02 -8.000000e-03 -2.763374e-01 3.740473e-01 -2.850000e-02 -8.000000e-03 -2.761656e-01 3.737353e-01
-2.850000e-02 -8.000000e-03 -2.761656e-01 3.737353e-01 -2.800000e-02 -7.500000e-03 -2.762349e-01 3.738621e-01
-5.005000e-01 -7.000000e-03 -2.613654e-01 3.798158e-01 -5.010000e-01 -6.500000e-03 -2.612937e-01 3.799550e-01
-5.000000e-01 -7.500000e-03 -2.614378e-01 3.796762e-01 -5.005000e-01 -7.000000e-03 -2.613654e-01 3.798158e-01
-2.800000e-02 -7.500000e-03 -2.762349e-01 3.738621e-01 -2.750000e-02 -7.000000e-03 -2.763048e-01 3.739879e-01
-2.750000e-02 -7.000000e-03 -2.763048e-01 3.739879e-01 -2.700000e-02 -6.500000e-03 -2.763738e-01 3.741132e-01
-5.015000e-01 -6.000000e-03 -2.612215e-01 3.800932e-01 -5.020000e-01 -5.500000e-03 -2.611500e-01 3.802309e-01
-5.010000e-01 -6.500000e-03 -2.612937e-01 3.799550e-01 -5.015000e-01 -6.000000e-03 -2.612215e-01 3.800932e-01
-2.700000e-02 -6.500000e-03 -2.763738e-01 3.741132e-01 -2.650000e-02 -6.000000e-03 -2.764434e-01 3.742375e-01
-2.650000e-02 -6.000000e-03 -2.764434e-01 3.742375e-01 -2.600000e-02 -5.500000e-03 -2.765122e-01 3.743614e-01
-5.025000e-01 -5.000000e-03 -2.610779e-01 3.803676e-01 -5.030000e-01 -4.500000e-03 -2.610066e-01 3.805037e-01
-5.020000e-01 -5.500000e-03 -2.611500e-01 3.802309e-01 -5.025000e-01 -5.000000e-03 -2.610779e-01 3.803676e-01
-2.600000e-02 -5.500000e-03 -2.765122e-01 3.743614e-01 -2.550000e-02 -5.000000e-03 -2.765815e-01 3.744843e-01
-2.550000e-02 -5.000000e-03 -2.765815e-01 3.744843e-01 -2.500000e-02 -4.500000e-03 -2.766500e-01 3.746067e-01
-5.035000e-01 -4.000000e-03 -2.609348e-01 3.806389e-01 -5.040000e-01 -3.500000e-03 -2.608637e-01 3.807736e-01
-5.030000e-01 -4.500000e-03 -2.610066e-01 3.805037e-01 -5.035000e-01 -4.000000e-03 -2.609348e-01 3.806389e-01
-2.500000e-02 -4.500000e-03 -2.766500e-01 3.746067e-01 -2.450000e-02 -4.000000e-03 -2.767190e-01 3.747282e-01
-2.450000e-02 -4.000000e-03 -2.767190e-01 3.747282e-01 -2.400000e-02 -3.500000e-03 -2.767872e-01 3.748491e-01
-5.045000e-01 -3.000000e-03 -2.607920e-01 3.809073e-01 -5.050000e-01 -2.500000e-03 -2.607212e-01 3.810405e-01
-5.040000e-01 -3.500000e-03 -2.608637e-01 3.807736e-01 -5.045000e-01 -3.000000e-03 -2.607920e-01 3.809073e-01
-2.400000e-02 -3.500000e-03 -2.767872e-01 3.748491e-01 -2.350000e-02 -3.000000e-03 -2.768560e-01 3.749691e-01
-2.350000e-02 -3.000000e-03 -2.768560e-01 3.749691e-01 -2.300000e-02 -2.500000e-03 -2.769238e-01 3.750886e-01
-5.055000e-01 -2.000000e-03 -2.606498e-01 3.811727e-01 -5.060000e-01 -1.500000e-03 -2.605791e-01 3.813043e-01
-5.050000e-01 -2.500000e-03 -2.607212e-01 3.810405e-01 -5.055000e-01 -2.000000e-03 -2.606498e-01 3.811727e-01
-2.300000e-02 -2.500000e-03 -2.769238e-01 3.750886e-01 -2.250000e-02 -2.000000e-03 -2.769922e-01 3.752072e-01
-2.250000e-02 -2.000000e-03 -2.769922e-01 3.752072e-01 -2.200000e-02 -1.500000e-03 -2.770598e-01 3.753252e-01
-5.065000e-01 -1.000000e-03 -2.605080e-01 3.814351e-01 -5.070000e-01 -5.000000e-04 -2.604375e-01 3.815652e-01
-5.060000e-01 -1.500000e-03 -2.605791e-01 3.813043e-01 -5.065000e-01 -1.000000e-03 -2.605080e-01 3.814351e-01
-2.200000e-02 -1.500000e-03 -2.770598e-01 3.753252e-01 -2.150000e-02 -1.000000e-03 -2.771278e-01 3.754423e-01
-2.150000e-02 -1.000000e-03 -2.771278e-01 3.754423e-01 -2.100000e-02 -5.000000e-04 -2.771951e-01 3.755589e-01
-5.085000e-01 -1.387779e-17 -2.605347e-01 3.813862e-01 -5.090000e-01 5.000000e-04 -2.604654e-01 3.815143e-01
-5.085000e-01 -1.387779e-17 -2.605347e-01 3.813862e-01 -5.075000e-01 -1.387779e-17 -2.603666e-01 3.816944e-01
-5.070000e-01 -5.000000e-04 -2.604375e-01 3.815652e-01 -5.075000e-01 -1.387779e-17 -2.603666e-01 3.816944e-01
-2.100000e-02 -5.000000e-04 -2.771951e-01 3.755589e-01 -2.050000e-02 -1.387779e-17 -2.772628e-01 3.756745e-01
-2.050000e-02 -1.387779e-17 -2.772628e-01 3.756745e-01 -2.000000e-02 5.000000e-04 -2.773297e-01 3.757897e-01
-5.095000e-01 1.000000e-03 -2.603955e-01 3.816415e-01 -5.100000e-01 1.500000e-03 -2.603264e-01 3.817682e-01
-5.090000e-01 5.000000e-04 -2.604654e-01 3.815143e-01 -5.095000e-01 1.000000e-03 -2.603955e-01 3.816415e-01
-2.000000e-02 5.000000e-04 -2.773297e-01 3.757897e-01 -1.950000e-02 1.000000e-03 -2.773970e-01 3.759039e-01
-1.950000e-02 1.000000e-03 -2.773970e-01 3.759039e-01 -1.900000e-02 1.500000e-03 -2.774636e-01 3.760176e-01
-5.105000e-01 2.000000e-03 -2.602568e-01 3.818939e-01 -5.110000e-01 2.500000e-03 -2.601881e-01 3.820191e-01
-5.100000e-01 1.500000e-03 -2.603264e-01 3.817682e-01 -5.105000e-01 2.000000e-03 -2.602568e-01 3.818939e-01
-1.900000e-02 1.500000e-03 -2.774636e-01 3.760176e-01 -1.850000e-02 2.000000e-03 -2.775306e-01 3.761304e-01
-1.850000e-02 2.000000e-03 -2.775306e-01 3.761304e-01 -1.800000e-02 2.500000e-03 -2.775967e-01 3.762426e-01
-5.115000e-01 3.000000e-03 -2.601188e-01 3.821433e-01 -5.120000e-01 3.500000e-03 -2.600503e-01 3.822670e-01
-5.110000e-01 2.500000e-03 -2.601881e-01 3.820191e-01 -5.115000e-01 3.000000e-03 -2.601188e-01 3.821433e-01
-1.800000e-02 2.500000e-03 -2.775967e-01 3.762426e-01 -1.750000e-02 3.000000e-03 -2.776633e-01 3.763540e-01
-1.750000e-02 3.000000e-03 -2.776633e-01 3.763540e-01 -1.650000e-02 3.000000e-03 -2.774717e-01 3.760307e-01
-1.650000e-02 3.000000e-03 -2.774717e-01 3.760307e-01 -1.600000e-02 3.500000e-03 -2.775365e-01 3.761411e-01
-5.125000e-01 4.000000e-03 -2.599813e-01 3.823898e-01 -5.130000e-01 4.500000e-03 -2.599132e-01 3.825120e-01
-5.120000e-01 3.500000e-03 -2.600503e-01 3.822670e-01 -5.125000e-01 4.000000e-03 -2.599813e-01 3.823898e-01
-1.600000e-02 3.500000e-03 -2.775365e-01 3.761411e-01 -1.550000e-02 4.000000e-03 -2.776019e-01 3.762506e-01
-1.550000e-02 4.000000e-03 -2.776019e-01 3.762506e-01 -1.500000e-02 4.500000e-03 -2.776664e-01 3.763596e-01
-5.135000e-01 5.000000e-03 -2.598446e-01 3.826333e-01 -5.140000e-01 5.500000e-03 -2.597767e-01 3.827541e-01
-5.130000e-01 4.500000e-03 -2.599132e-01 3.825120e-01 -5.135000e-01 5.000000e-03 -2.598446e-01 3.826333e-01
-1.500000e-02 4.500000e-03 -2.776664e-01 3.763596e-01 -1.450000e-02 5.000000e-03 -2.777314e-01 3.764675e-01
-1.450000e-02 5.000000e-03 -2.777314e-01 3.764675e-01 -1.400000e-02 5.500000e-03 -2.777955e-01 3.765751e-01
-5.145000e-01 6.000000e-03 -2.597084e-01 3.828739e-01 -5.150000e-01 6.500000e-03 -2.596409e-01 3.829932e-01
-5.140000e-01 5.500000e-03 -2.597767e-01 3.827541e-01 -5.145000e-01 6.000000e-03 -2.597084e-01 3.828739e-01
-1.400000e-02 5.500000e-03 -2.777955e-01 3.765751e-01 -1.350000e-02 6.000000e-03 -2.778600e-01 3.766816e-01
-1.350000e-02 6.000000e-03 -2.778600e-01 3.766816e-01 -1.300000e-02 6.500000e-03 -2.779237e-01 3.767878e-01
-5.155000e-01 7.000000e-03 -2.595730e-01 3.831115e-01 -5.160000e-01 7.500000e-03 -2.595058e-01 3.832293e-01
-5.150000e-01 6.500000e-03 -2.596409e-01 3.829932e-01 -5.155000e-01 7.000000e-03 -2.595730e-01 3.831115e-01
-1.300000e-02 6.500000e-03 -2.779237e-01 3.767878e-01 -1.250000e-02 7.000000e-03 -2.779878e-01 3.768930e-01
-1.250000e-02 7.000000e-03 -2.779878e-01 3.768930e-01 -1.200000e-02 7.500000e-03 -2.780510e-01 3.769977e-01
-5.165000e-01 8.000000e-03 -2.594382e-01 3.833462e-01 -5.170000e-01 8.500000e-03 -2.593714e-01 3.834625e-01
-5.160000e-01 7.500000e-03 -2.595058e-01 3.832293e-01 -5.165000e-01 8.000000e-03 -2.594382e-01 3.833462e-01
-1.200000e-02 7.500000e-03 -2.780510e-01 3.769977e-01 -1.150000e-02 8.000000e-03 -2.781146e-01 3.771014e-01
-1.150000e-02 8.000000e-03 -2.781146e-01 3.771014e-01 -1.100000e-02 8.500000e-03 -2.781774e-01 3.772047e-01
-5.175000e-01 9.000000e-03 -2.593042e-01 3.835779e-01 -5.180000e-01 9.500000e-03 -2.592378e-01 3.836928e-01
-5.170000e-01 8.500000e-03 -2.593714e-01 3.834625e-01 -5.175000e-01 9.000000e-03 -2.593042e-01 3.835779e-01
-1.100000e-02 8.500000e-03 -2.781774e-01 3.772047e-01 -1.050000e-02 9.000000e-03 -2.782406e-01 3.773071e-01
-1.050000e-02 9.000000e-03 -2.782406e-01 3.773071e-01 -1.000000e-02 9.500000e-03 -2.783029e-01 3.774090e-01
-5.185000e-01 1.000000e-02 -2.591710e-01 3.838068e-01 -5.190000e-01 1.050000e-02 -2.591050e-01 3.839202e-01
-5.180000e-01 9.500000e-03 -2.592378e-01 3.836928e-01 -5.185000e-01 1.000000e-02 -2.591710e-01 3.838068e-01
-1.000000e-02 9.500000e-03 -2.783029e-01 3.774090e-01 -9.500000e-03 1.000000e-02 -2.783656e-01 3.775099e-01
-9.500000e-03 1.000000e-02 -2.783656e-01 3.775099e-01 -9.000000e-03 1.050000e-02 -2.784274e-01 3.776104e-01
-5.195000e-01 1.100000e-02 -2.590385e-01 3.840327e-01 -5.200000e-01 1.150000e-02 -2.589729e-01 3.841447e-01
-5.190000e-01 1.050000e-02 -2.591050e-01 3.839202e-01 -5.195000e-01 1.100000e-02 -2.590385e-01 3.840327e-01
-9.000000e-03 1.050000e-02 -2.784274e-01 3.776104e-01 -8.500000e-03 1.100000e-02 -2.784896e-01 3.777099e-01
-8.500000e-03 1.100000e-02 -2.784896e-01 3.777099e-01 -8.000000e-03 1.150000e-02 -2.785510e-01 3.778090e-01
-5.205000e-01 1.200000e-02 -2.589069e-01 3.842557e-01 -5.210000e-01 1.250000e-02 -2.588417e-01 3.843663e-01
-5.200000e-01 1.150000e-02 -2.589729e-01 3.841447e-01 -5.205000e-01 1.200000e-02 -2.589069e-01 3.842557e-01
-8.000000e-03 1.150000e-02 -2.785510e-01 3.778090e-01 -7.500000e-03 1.200000e-02 -2.786127e-01 3.779071e-01
-7.500000e-03 1.200000e-02 -2.786127e-01 3.779071e-01 -7.000000e-03 1.250000e-02 -2.786735e-01 3.780049e-01
-5.215000e-01 1.300000e-02 -2.587761e-01 3.844758e-01 -5.220000e-01 1.350000e-02 -2.587113e-01 3.845849e-01
-5.210000e-01 1.250000e-02 -2.588417e-01 3.843663e-01 -5.215000e-01 1.300000e-02 -2.587761e-01 3.844758e-01
-7.000000e-03 1.250000e-02 -2.786735e-01 3.780049e-01 -6.500000e-03 1.300000e-02 -2.787347e-01 3.781016e-01
-6.500000e-03 1.300000e-02 -2.787347e-01 3.781016e-01 -6.000000e-03 1.350000e-02 -2.787950e-01 3.781979e-01
-5.225000e-01 1.400000e-02 -2.586461e-01 3.846930e-01 -5.230000e-01 1.450000e-02 -2.585818e-01 3.848007e-01
-5.220000e-01 1.350000e-02 -2.587113e-01 3.845849e-01 -5.225000e-01 1.400000e-02 -2.586461e-01 3.846930e-01
-6.000000e-03 1.350000e-02 -2.787950e-01 3.781979e-01 -5.500000e-03 1.400000e-02 -2.788557e-01 3.782933e-01
-5.500000e-03 1.400000e-02 -2.788557e-01 3.782933e-01 -5.000000e-03 1.450000e-02 -2.789155e-01 3.783882e-01
-5.235000e-01 1.500000e-02 -2.585171e-01 3.849073e-01 -5.240000e-01 1.550000e-02 -2.584532e-01 3.850136e-01
-5.230000e-01 1.450000e-02 -2.585818e-01 3.848007e-01 -5.235000e-01 1.500000e-02 -2.585171e-01 3.849073e-01
-5.000000e-03 1.450000e-02 -2.789155e-01 3.783882e-01 -4.500000e-03 1.500000e-02 -2.789757e-01 3.784822e-01
-4.500000e-03 1.500000e-02 -2.789757e-01 3.784822e-01 -4.000000e-03 1.550000e-02 -2.790349e-01 3.785757e-01
-5.245000e-01 1.600000e-02 -2.583889e-01 3.851188e-01 -5.250000e-01 1.650000e-02 -2.583255e-01 3.852236e-01
-5.240000e-01 1.550000e-02 -2.584532e-01 3.850136e-01 -5.245000e-01 1.600000e-02 -2.583889e-01 3.851188e-01
-4.000000e-03 1.550000e-02 -2.790349e-01 3.785757e-01 -3.500000e-03 1.600000e-02 -2.790945e-01 3.786683e-01
-3.500000e-03 1.600000e-02 -2.790945e-01 3.786683e-01 -3.000000e-03 1.650000e-02 -2.791532e-01 3.787605e-01
-5.255000e-01 1.700000e-02 -2.582617e-01 3.853273e-01 -5.260000e-01 1.750000e-02 -2.581988e-01 3.854307e-01
-5.250000e-01 1.650000e-02 -2.583255e-01 3.852236e-01 -5.255000e-01 1.700000e-02 -2.582617e-01 3.853273e-01
-3.000000e-03 1.650000e-02 -2.791532e-01 3.787605e-01 -3.000000e-03 1.750000e-02 -2.794882e-01 3.792779e-01
-5.265000e-01 1.800000e-02 -2.581355e-01 3.855331e-01 -5.270000e-01 1.850000e-02 -2.580731e-01 3.856350e-01
-5.260000e-01 1.750000e-02 -2.581988e-01 3.854307e-01 -5.265000e-01 1.800000e-02 -2.581355e-01 3.855331e-01
-3.000000e-03 1.750000e-02 -2.794882e-01 3.792779e-01 -2.500000e-03 1.800000e-02 -2.795476e-01 3.793681e-01
-2.500000e-03 1.800000e-02 -2.795476e-01 3.793681e-01 -2.000000e-03 1.850000e-02 -2.796061e-01 3.794579e-01
-5.275000e-01 1.900000e-02 -2.580102e-01 3.857359e-01 -5.280000e-01 1.950000e-02 -2.579483e-01 3.858364e-01
-5.270000e-01 1.850000e-02 -2.580731e-01 3.856350e-01 -5.275000e-01 1.900000e-02 -2.580102e-01 3.857359e-01
-2.000000e-03 1.850000e-02 -2.796061e-01 3.794579e-01 -1.500000e-03 1.900000e-02 -2.796650e-01 3.795468e-01
-1.500000e-03 1.900000e-02 -2.796650e-01 3.795468e-01 -1.000000e-03 1.950000e-02 -2.797229e-01 3.796352e-01
-5.285000e-01 2.000000e-02 -2.578860e-01 3.859359e-01 -5.290000e-01 2.050000e-02 -2.578246e-01 3.860350e-01
-5.280000e-01 1.950000e-02 -2.579483e-01 3.858364e-01 -5.285000e-01 2.000000e-02 -2.578860e-01 3.859359e-01
-1.000000e-03 1.950000e-02 -2.797229e-01 3.796352e-01 -5.000000e-04 2.000000e-02 -2.797811e-01 3.797227e-01
-5.000000e-04 2.000000e-02 -2.797811e-01 3.797227e-01 2.081668e-17 2.050000e-02 -2.798384e-01 3.798098e-01
-5.295000e-01 2.100000e-02 -2.577628e-01 3.861330e-01 -5.300000e-01 2.150000e-02 -2.577020e-01 3.862307e-01
-5.290000e-01 2.050000e-02 -2.578246e-01 3.860350e-01 -5.295000e-01 2.100000e-02 -2.577628e-01 3.861330e-01
2.081668e-17 2.050000e-02 -2.798384e-01 3.798098e-01 5.000000e-04 2.100000e-02 -2.798961e-01 3.798959e-01
5.000000e-04 2.100000e-02 -2.798961e-01 3.798959e-01 1.000000e-03 2.150000e-02 -2.799528e-01 3.799816e-01
-5.305000e-01 2.200000e-02 -2.576407e-01 3.863273e-01 -5.310000e-01 2.250000e-02 -2.575804e-01 3.864236e-01
-5.300000e-01 2.150000e-02 -2.577020e-01 3.862307e-01 -5.305000e-01 2.200000e-02 -2.576407e-01 3.863273e-01
1.000000e-03 2.150000e-02 -2.799528e-01 3.799816e-01 1.500000e-03 2.200000e-02 -2.800098e-01 3.800664e-01
1.500000e-03 2.200000e-02 -2.800098e-01 3.800664e-01 2.000000e-03 2.250000e-02 -2.800659e-01 3.801508e-01
-5.315000e-01 2.300000e-02 -2.575197e-01 3.865188e-01 -5.320000e-01 2.350000e-02 -2.574599e-01 3.866137e-01
-5.310000e-01 2.250000e-02 -2.575804e-01 3.864236e-01 -5.315000e-01 2.300000e-02 -2.575197e-01 3.865188e-01
2.000000e-03 2.250000e-02 -2.800659e-01 3.801508e-01 2.500000e-03 2.300000e-02 -2.801223e-01 3.802342e-01
2.500000e-03 2.300000e-02 -2.801223e-01 3.802342e-01 3.000000e-03 2.350000e-02 -2.801777e-01 3.803172e-01
-5.325000e-01 2.400000e-02 -2.573998e-01 3.867075e-01 -5.330000e-01 2.450000e-02 -2.573406e-01 3.868009e-01
-5.320000e-01 2.350000e-02 -2.574599e-01 3.866137e-01 -5.325000e-01 2.400000e-02 -2.573998e-01 3.867075e-01
3.000000e-03 2.350000e-02 -2.801777e-01 3.803172e-01 3.500000e-03 2.400000e-02 -2.802335e-01 3.803992e-01
3.500000e-03 2.400000e-02 -2.802335e-01 3.803992e-01 4.000000e-03 2.450000e-02 -2.802883e-01 3.804810e-01
-5.335000e-01 2.500000e-02 -2.572810e-01 3.868934e-01 -5.340000e-01 2.550000e-02 -2.572224e-01 3.869854e-01
-5.330000e-01 2.450000e-02 -2.573406e-01 3.868009e-01 -5.335000e-01 2.500000e-02 -2.572810e-01 3.868934e-01
4.000000e-03 2.450000e-02 -2.802883e-01 3.804810e-01 4.500000e-03 2.500000e-02 -2.803434e-01 3.805617e-01
4.500000e-03 2.500000e-02 -2.803434e-01 3.805617e-01 5.000000e-03 2.550000e-02 -2.803976e-01 3.806421e-01
-5.345000e-01 2.600000e-02 -2.571634e-01 3.870764e-01 -5.350000e-01 2.650000e-02 -2.571054e-01 3.871671e-01
-5.340000e-01 2.550000e-02 -2.572224e-01 3.869854e-01 -5.345000e-01 2.600000e-02 -2.571634e-01 3.870764e-01
5.000000e-03 2.550000e-02 -2.803976e-01 3.806421e-01 5.500000e-03 2.600000e-02 -2.804520e-01 3.807214e-01
5.500000e-03 2.600000e-02 -2.804520e-01 3.807214e-01 6.000000e-03 2.650000e-02 -2.805055e-01 3.808005e-01
-5.355000e-01 2.700000e-02 -2.570470e-01 3.872567e-01 -5.360000e-01 2.750000e-02 -2.569896e-01 3.873460e-01
-5.350000e-01 2.650000e-02 -2.571054e-01 3.871671e-01 -5.355000e-01 2.700000e-02 -2.570470e-01 3.872567e-01
6.000000e-03 2.650000e-02 -2.805055e-01 3.808005e-01 6.500000e-03 2.700000e-02 -2.805593e-01 3.808785e-01
6.500000e-03 2.700000e-02 -2.805593e-01 3.808785e-01 7.000000e-03 2.750000e-02 -2.806121e-01 3.809562e-01
-5.365000e-01 2.800000e-02 -2.569318e-01 3.874342e-01 -5.370000e-01 2.850000e-02 -2.568750e-01 3.875221e-01
-5.360000e-01 2.750000e-02 -2.569896e-01 3.873460e-01 -5.365000e-01 2.800000e-02 -2.569318e-01 3.874342e-01
7.000000e-03 2.750000e-02 -2.806121e-01 3.809562e-01 7.500000e-03 2.800000e-02 -2.806652e-01 3.810329e-01
7.500000e-03 2.800000e-02 -2.806652e-01 3.810329e-01 8.000000e-03 2.850000e-02 -2.807172e-01 3.811094e-01
-5.370000e-01 2.850000e-02 -2.568750e-01 3.875221e-01 -5.370000e-01 2.950000e-02 -2.565405e-01 3.880303e-01
8.000000e-03 2.850000e-02 -2.807172e-01 3.811094e-01 8.000000e-03 2.950000e-02 -2.810604e-01 3.816033e-01
-5.375000e-01 3.000000e-02 -2.564830e-01 3.881162e-01 -5.380000e-01 3.050000e-02 -2.564265e-01 3.882017e-01
-5.370000e-01 2.950000e-02 -2.565405e-01 3.880303e-01 -5.375000e-01 3.000000e-02 -2.564830e-01 3.881162e-01
8.000000e-03 2.950000e-02 -2.810604e-01 3.816033e-01 8.500000e-03 3.000000e-02 -2.811130e-01 3.816777e-01
8.500000e-03 3.000000e-02 -2.811130e-01 3.816777e-01 9.000000e-03 3.050000e-02 -2.811647e-01 3.817517e-01
-5.385000e-01 3.100000e-02 -2.563696e-01 3.882862e-01 -5.390000e-01 3.150000e-02 -2.563138e-01 3.883703e-01
-5.380000e-01 3.050000e-02 -2.564265e-01 3.882017e-01 -5.385000e-01 3.100000e-02 -2.563696e-01 3.882862e-01
9.000000e-03 3.050000e-02 -2.811647e-01 3.817517e-01 9.500000e-03 3.100000e-02 -2.812166e-01 3.818248e-01
9.500000e-03 3.100000e-02 -2.812166e-01 3.818248e-01 1.000000e-02 3.150000e-02 -2.812676e-01 3.818976e-01
-5.395000e-01 3.200000e-02 -2.562575e-01 3.884534e-01 -5.400000e-01 3.250000e-02 -2.562023e-01 3.885361e-01
-5.390000e-01 3.150000e-02 -2.563138e-01 3.883703e-01 -5.395000e-01 3.200000e-02 -2.562575e-01 3.884534e-01
1.000000e-02 3.150000e-02 -2.812676e-01 3.818976e-01 1.050000e-02 3.200000e-02 -2.813189e-01 3.819694e-01
1.050000e-02 3.200000e-02 -2.813189e-01 3.819694e-01 1.100000e-02 3.250000e-02 -2.813691e-01 3.820409e-01
-5.405000e-01 3.300000e-02 -2.561468e-01 3.886178e-01 -5.410000e-01 3.350000e-02 -2.560923e-01 3.886992e-01
-5.400000e-01 3.250000e-02 -2.562023e-01 3.885361e-01 -5.405000e-01 3.300000e-02 -2.561468e-01 3.886178e-01
1.100000e-02 3.250000e-02 -2.813691e-01 3.820409e-01 1.150000e-02 3.300000e-02 -2.814195e-01 3.821113e-01
1.150000e-02 3.300000e-02 -2.814195e-01 3.821113e-01 1.200000e-02 3.350000e-02 -2.814690e-01 3.821815e-01
-5.415000e-01 3.400000e-02 -2.560374e-01 3.887796e-01 -5.420000e-01 3.450000e-02 -2.559836e-01 3.888596e-01
-5.410000e-01 3.350000e-02 -2.560923e-01 3.886992e-01 -5.415000e-01 3.400000e-02 -2.560374e-01 3.887796e-01
1.200000e-02 3.350000e-02 -2.814690e-01 3.821815e-01 1.250000e-02 3.400000e-02 -2.815187e-01 3.822507e-01
1.250000e-02 3.400000e-02 -2.815187e-01 3.822507e-01 1.300000e-02 3.450000e-02 -2.815674e-01 3.823196e-01
-5.425000e-01 3.500000e-02 -2.559295e-01 3.889386e-01 -5.430000e-01 3.550000e-02 -2.558763e-01 3.890173e-01
-5.420000e-01 3.450000e-02 -2.559836e-01 3.888596e-01 -5.425000e-01 3.500000e-02 -2.559295e-01 3.889386e-01
1.300000e-02 3.450000e-02 -2.815674e-01 3.823196e-01 1.350000e-02 3.500000e-02 -2.816164e-01 3.823875e-01
1.350000e-02 3.500000e-02 -2.816164e-01 3.823875e-01 1.400000e-02 3.550000e-02 -2.816643e-01 3.824552e-01
-5.435000e-01 3.600000e-02 -2.558228e-01 3.890949e-01 -5.440000e-01 3.650000e-02 -2.557704e-01 3.891723e-01
-5.430000e-01 3.550000e-02 -2.558763e-01 3.890173e-01 -5.435000e-01 3.600000e-02 -2.558228e-01 3.890949e-01
1.400000e-02 3.550000e-02 -2.816643e-01 3.824552e-01 1.400000e-02 3.650000e-02 -2.820114e-01 3.829354e-01
-5.445000e-01 3.700000e-02 -2.557177e-01 3.892486e-01 -5.450000e-01 3.750000e-02 -2.556660e-01 3.893246e-01
-5.440000e-01 3.650000e-02 -2.557704e-01 3.891723e-01 -5.445000e-01 3.700000e-02 -2.557177e-01 3.892486e-01
1.400000e-02 3.650000e-02 -2.820114e-01 3.829354e-01 1.450000e-02 3.700000e-02 -2.820598e-01 3.830010e-01
1.450000e-02 3.700000e-02 -2.820598e-01 3.830010e-01 1.500000e-02 3.750000e-02 -2.821072e-01 3.830664e-01
-5.450000e-01 3.750000e-02 -2.556660e-01 3.893246e-01 -5.450000e-01 3.850000e-02 -2.553255e-01 3.898150e-01
1.500000e-02 3.750000e-02 -2.821072e-01 3.830664e-01 1.550000e-02 3.800000e-02 -2.821548e-01 3.831307e-01
1.550000e-02 3.800000e-02 -2.821548e-01 3.831307e-01 1.600000e-02 3.850000e-02 -2.822014e-01 3.831948e-01
-5.455000e-01 3.900000e-02 -2.552732e-01 3.898889e-01 -5.460000e-01 3.950000e-02 -2.552220e-01 3.899625e-01
-5.450000e-01 3.850000e-02 -2.553255e-01 3.898150e-01 -5.455000e-01 3.900000e-02 -2.552732e-01 3.898889e-01
1.600000e-02 3.850000e-02 -2.822014e-01 3.831948e-01 1.650000e-02 3.900000e-02 -2.822483e-01 3.832578e-01
1.650000e-02 3.900000e-02 -2.822483e-01 3.832578e-01 1.700000e-02 3.950000e-02 -2.822940e-01 3.833206e-01
-5.465000e-01 4.000000e-02 -2.551704e-01 3.900351e-01 -5.470000e-01 4.050000e-02 -2.551199e-01 3.901074e-01
-5.460000e-01 3.950000e-02 -2.552220e-01 3.899625e-01 -5.465000e-01 4.000000e-02 -2.551704e-01 3.900351e-01
1.700000e-02 3.950000e-02 -2.822940e-01 3.833206e-01 1.750000e-02 4.000000e-02 -2.823400e-01 3.833824e-01
1.750000e-02 4.000000e-02 -2.823400e-01 3.833824e-01 1.800000e-02 4.050000e-02 -2.823849e-01 3.834440e-01
-5.475000e-01 4.100000e-02 -2.550691e-01 3.901787e-01 -5.480000e-01 4.150000e-02 -2.550194e-01 3.902497e-01
-5.470000e-01 4.050000e-02 -2.551199e-01 3.901074e-01 -5.475000e-01 4.100000e-02 -2.550691e-01 3.901787e-01
1.800000e-02 4.050000e-02 -2.823849e-01 3.834440e-01 1.850000e-02 4.100000e-02 -2.824301e-01 3.835046e-01
1.850000e-02 4.100000e-02 -2.824301e-01 3.835046e-01 1.900000e-02 4.150000e-02 -2.824742e-01 3.835649e-01
-5.485000e-01 4.200000e-02 -2.549694e-01 3.903196e-01 -5.490000e-01 4.250000e-02 -2.549205e-01 3.903894e-01
-5.480000e-01 4.150000e-02 -2.550194e-01 3.902497e-01 -5.485000e-01 4.200000e-02 -2.549694e-01 3.903196e-01
1.900000e-02 4.150000e-02 -2.824742e-01 3.835649e-01 1.900000e-02 4.250000e-02 -2.828242e-01 3.840335e-01
-5.495000e-01 4.300000e-02 -2.548712e-01 3.904580e-01 -5.500000e-01 4.350000e-02 -2.548231e-01 3.905263e-01
-5.490000e-01 4.250000e-02 -2.549205e-01 3.903894e-01 -5.495000e-01 4.300000e-02 -2.548712e-01 3.904580e-01
1.900000e-02 4.250000e-02 -2.828242e-01 3.840335e-01 1.950000e-02 4.300000e-02 -2.828687e-01 3.840918e-01
1.950000e-02 4.300000e-02 -2.828687e-01 3.840918e-01 2.000000e-02 4.350000e-02 -2.829122e-01 3.841498e-01
-5.500000e-01 4.350000e-02 -2.548231e-01 3.905263e-01 -5.500000e-01 4.450000e-02 -2.544792e-01 3.910049e-01
2.000000e-02 4.350000e-02 -2.829122e-01 3.841498e-01 2.050000e-02 4.400000e-02 -2.829558e-01 3.842069e-01
2.050000e-02 4.400000e-02 -2.829558e-01 3.842069e-01 2.100000e-02 4.450000e-02 -2.829984e-01 3.842637e-01
-5.505000e-01 4.500000e-02 -2.544305e-01 3.910712e-01 -5.510000e-01 4.550000e-02 -2.543829e-01 3.911373e-01
-5.500000e-01 4.450000e-02 -2.544792e-01 3.910049e-01 -5.505000e-01 4.500000e-02 -2.544305e-01 3.910712e-01
2.100000e-02 4.450000e-02 -2.829984e-01 3.842637e-01 2.150000e-02 4.500000e-02 -2.830412e-01 3.843195e-01
2.150000e-02 4.500000e-02 -2.830412e-01 3.843195e-01 2.200000e-02 4.550000e-02 -2.830829e-01 3.843751e-01
-5.515000e-01 4.600000e-02 -2.543351e-01 3.912022e-01 -5.520000e-01 4.650000e-02 -2.542883e-01 3.912670e-01
-5.510000e-01 4.550000e-02 -2.543829e-01 3.911373e-01 -5.515000e-01 4.600000e-02 -2.543351e-01 3.912022e-01
2.200000e-02 4.550000e-02 -2.830829e-01 3.843751e-01 2.250000e-02 4.600000e-02 -2.831248e-01 3.844297e-01
2.250000e-02 4.600000e-02 -2.831248e-01 3.844297e-01 2.300000e-02 4.650000e-02 -2.831656e-01 3.844841e-01
-5.525000e-01 4.700000e-02 -2.542412e-01 3.913307e-01 -5.530000e-01 4.750000e-02 -2.541953e-01 3.913941e-01
-5.520000e-01 4.650000e-02 -2.542883e-01 3.912670e-01 -5.525000e-01 4.700000e-02 -2.542412e-01 3.913307e-01
2.300000e-02 4.650000e-02 -2.831656e-01 3.844841e-01 2.300000e-02 4.750000e-02 -2.835178e-01 3.849431e-01
-5.535000e-01 4.800000e-02 -2.541491e-01 3.914565e-01 -5.540000e-01 4.850000e-02 -2.541041e-01 3.915187e-01
-5.530000e-01 4.750000e-02 -2.541953e-01 3.913941e-01 -5.535000e-01 4.800000e-02 -2.541491e-01 3.914565e-01
2.300000e-02 4.750000e-02 -2.835178e-01 3.849431e-01 2.350000e-02 4.800000e-02 -2.835589e-01 3.849954e-01
2.350000e-02 4.800000e-02 -2.835589e-01 3.849954e-01 2.400000e-02 4.850000e-02 -2.835990e-01 3.850476e-01
-5.545000e-01 4.900000e-02 -2.540587e-01 3.915798e-01 -5.550000e-01 4.950000e-02 -2.540145e-01 3.916407e-01
-5.540000e-01 4.850000e-02 -2.541041e-01 3.915187e-01 -5.545000e-01 4.900000e-02 -2.540587e-01 3.915798e-01
2.400000e-02 4.850000e-02 -2.835990e-01 3.850476e-01 2.450000e-02 4.900000e-02 -2.836393e-01 3.850987e-01
2.450000e-02 4.900000e-02 -2.836393e-01 3.850987e-01 2.500000e-02 4.950000e-02 -2.836784e-01 3.851497e-01
-5.550000e-01 4.950000e-02 -2.540145e-01 3.916407e-01 -5.550000e-01 5.050000e-02 -2.536676e-01 3.921074e-01
2.500000e-02 4.950000e-02 -2.836784e-01 3.851497e-01 2.550000e-02 5.000000e-02 -2.837178e-01 3.851997e-01
2.550000e-02 5.000000e-02 -2.837178e-01 3.851997e-01 2.600000e-02 5.050000e-02 -2.837560e-01 3.852494e-01
-5.555000e-01 5.100000e-02 -2.536229e-01 3.921662e-01 -5.560000e-01 5.150000e-02 -2.535793e-01 3.922248e-01
-5.550000e-01 5.050000e-02 -2.536676e-01 3.921074e-01 -5.555000e-01 5.100000e-02 -2.536229e-01 3.921662e-01
2.600000e-02 5.050000e-02 -2.837560e-01 3.852494e-01 2.650000e-02 5.100000e-02 -2.837943e-01 3.852982e-01
2.650000e-02 5.100000e-02 -2.837943e-01 3.852982e-01 2.700000e-02 5.150000e-02 -2.838316e-01 3.853468e-01
-5.565000e-01 5.200000e-02 -2.535356e-01 3.922824e-01 -5.570000e-01 5.250000e-02 -2.534929e-01 3.923397e-01
-5.560000e-01 5.150000e-02 -2.535793e-01 3.922248e-01 -5.565000e-01 5.200000e-02 -2.535356e-01 3.922824e-01
2.700000e-02 5.150000e-02 -2.838316e-01 3.853468e-01 2.700000e-02 5.250000e-02 -2.841857e-01 3.857960e-01
-5.575000e-01 5.300000e-02 -2.534500e-01 3.923960e-01 -5.580000e-01 5.350000e-02 -2.534082e-01 3.924521e-01
-5.570000e-01 5.250000e-02 -2.534929e-01 3.923397e-01 -5.575000e-01 5.300000e-02 -2.534500e-01 3.923960e-01
2.700000e-02 5.250000e-02 -2.841857e-01 3.857960e-01 2.750000e-02 5.300000e-02 -2.842232e-01 3.858425e-01
2.750000e-02 5.300000e-02 -2.842232e-01 3.858425e-01 2.800000e-02 5.350000e-02 -2.842597e-01 3.858889e-01
-5.585000e-01 5.400000e-02 -2.533662e-01 3.925072e-01 -5.590000e-01 5.450000e-02 -2.533254e-01 3.925620e-01
-5.580000e-01 5.350000e-02 -2.534082e-01 3.924521e-01 -5.585000e-01 5.400000e-02 -2.533662e-01 3.925072e-01
2.800000e-02 5.350000e-02 -2.842597e-01 3.858889e-01 2.850000e-02 5.400000e-02 -2.842963e-01 3.859343e-01
2.850000e-02 5.400000e-02 -2.842963e-01 3.859343e-01 2.900000e-02 5.450000e-02 -2.843318e-01 3.859796e-01
-5.590000e-01 5.450000e-02 -2.533254e-01 3.925620e-01 -5.590000e-01 5.550000e-02 -2.529763e-01 3.930188e-01
2.900000e-02 5.450000e-02 -2.843318e-01 3.859796e-01 2.950000e-02 5.500000e-02 -2.843674e-01 3.860238e-01
2.950000e-02 5.500000e-02 -2.843674e-01 3.860238e-01 3.000000e-02 5.550000e-02 -2.844018e-01 3.860679e-01
-5.595000e-01 5.600000e-02 -2.529350e-01 3.930715e-01 -5.600000e-01 5.650000e-02 -2.528949e-01 3.931241e-01
-5.590000e-01 5.550000e-02 -2.529763e-01 3.930188e-01 -5.595000e-01 5.600000e-02 -2.529350e-01 3.930715e-01
3.000000e-02 5.550000e-02 -2.844018e-01 3.860679e-01 3.000000e-02 5.650000e-02 -2.847572e-01 3.865094e-01
-5.605000e-01 5.700000e-02 -2.528546e-01 3.931757e-01 -5.610000e-01 5.750000e-02 -2.528155e-01 3.932270e-01
-5.600000e-01 5.650000e-02 -2.528949e-01 3.931241e-01 -5.605000e-01 5.700000e-02 -2.528546e-01 3.931757e-01
3.000000e-02 5.650000e-02 -2.847572e-01 3.865094e-01 3.050000e-02 5.700000e-02 -2.847920e-01 3.865515e-01
3.050000e-02 5.700000e-02 -2.847920e-01 3.865515e-01 3.100000e-02 5.750000e-02 -2.848256e-01 3.865934e-01
-5.615000e-01 5.800000e-02 -2.527762e-01 3.932773e-01 -5.620000e-01 5.850000e-02 -2.527380e-01 3.933275e-01
-5.610000e-01 5.750000e-02 -2.528155e-01 3.932270e-01 -5.615000e-01 5.800000e-02 -2.527762e-01 3.932773e-01
3.100000e-02 5.750000e-02 -2.848256e-01 3.865934e-01 3.150000e-02 5.800000e-02 -2.848593e-01 3.866343e-01
3.150000e-02 5.800000e-02 -2.848593e-01 3.866343e-01 3.200000e-02 5.850000e-02 -2.848919e-01 3.866750e-01
-5.620000e-01 5.850000e-02 -2.527380e-01 3.933275e-01 -5.620000e-01 5.950000e-02 -2.523872e-01 3.937764e-01
3.200000e-02 5.850000e-02 -2.848919e-01 3.866750e-01 3.250000e-02 5.900000e-02 -2.849246e-01 3.867148e-01
3.250000e-02 5.900000e-02 -2.849246e-01 3.867148e-01 3.300000e-02 5.950000e-02 -2.849561e-01 3.867544e-01
-5.625000e-01 6.000000e-02 -2.523487e-01 3.938244e-01 -5.630000e-01 6.050000e-02 -2.523113e-01 3.938723e-01
-5.620000e-01 5.950000e-02 -2.523872e-01 3.937764e-01 -5.625000e-01 6.000000e-02 -2.523487e-01 3.938244e-01
3.300000e-02 5.950000e-02 -2.849561e-01 3.867544e-01 3.300000e-02 6.050000e-02 -2.853127e-01 3.871882e-01
-5.635000e-01 6.100000e-02 -2.522738e-01 3.939191e-01 -5.640000e-01 6.150000e-02 -2.522374e-01 3.939658e-01
-5.630000e-01 6.050000e-02 -2.523113e-01 3.938723e-01 -5.635000e-01 6.100000e-02 -2.522738e-01 3.939191e-01
3.300000e-02 6.050000e-02 -2.853127e-01 3.871882e-01 3.350000e-02 6.100000e-02 -2.853445e-01 3.872258e-01
3.350000e-02 6.100000e-02 -2.853445e-01 3.872258e-01 3.400000e-02 6.150000e-02 -2.853751e-01 3.872633e-01
-5.645000e-01 6.200000e-02 -2.522009e-01 3.940115e-01 -5.650000e-01 6.250000e-02 -2.521655e-01 3.940570e-01
-5.640000e-01 6.150000e-02 -2.522374e-01 3.939658e-01 -5.645000e-01 6.200000e-02 -2.522009e-01 3.940115e-01
3.400000e-02 6.150000e-02 -2.853751e-01 3.872633e-01 3.450000e-02 6.200000e-02 -2.854058e-01 3.872999e-01
3.450000e-02 6.200000e-02 -2.854058e-01 3.872999e-01 3.500000e-02 6.250000e-02 -2.854353e-01 3.873363e-01
-5.650000e-01 6.250000e-02 -2.521655e-01 3.940570e-01 -5.650000e-01 6.350000e-02 -2.518133e-01 3.944980e-01
3.500000e-02 6.250000e-02 -2.854353e-01 3.873363e-01 3.500000e-02 6.350000e-02 -2.857927e-01 3.877644e-01
-5.655000e-01 6.400000e-02 -2.517776e-01 3.945414e-01 -5.660000e-01 6.450000e-02 -2.517432e-01 3.945847e-01
-5.650000e-01 6.350000e-02 -2.518133e-01 3.944980e-01 -5.655000e-01 6.400000e-02 -2.517776e-01 3.945414e-01
3.500000e-02 6.350000e-02 -2.857927e-01 3.877644e-01 3.550000e-02 6.400000e-02 -2.858224e-01 3.877988e-01
3.550000e-02 6.400000e-02 -2.858224e-01 3.877988e-01 3.600000e-02 6.450000e-02 -2.858510e-01 3.878330e-01
-5.665000e-01 6.500000e-02 -2.517085e-01 3.946269e-01 -5.670000e-01 6.550000e-02 -2.516750e-01 3.946690e-01
-5.660000e-01 6.450000e-02 -2.517432e-01 3.945847e-01 -5.665000e-01 6.500000e-02 -2.517085e-01 3.946269e-01
3.600000e-02 6.450000e-02 -2.858510e-01 3.878330e-01 3.650000e-02 6.500000e-02 -2.858796e-01 3.878663e-01
3.650000e-02 6.500000e-02 -2.858796e-01 3.878663e-01 3.700000e-02 6.550000e-02 -2.859070e-01 3.878995e-01
-5.675000e-01 6.600000e-02 -2.516415e-01 3.947100e-01 -5.680000e-01 6.650000e-02 -2.516090e-01 3.947510e-01
-5.670000e-01 6.550000e-02 -2.516750e-01 3.946690e-01 -5.675000e-01 6.600000e-02 -2.516415e-01 3.947100e-01
3.700000e-02 6.550000e-02 -2.859070e-01 3.878995e-01 3.750000e-02 6.600000e-02 -2.859346e-01 3.879317e-01
3.750000e-02 6.600000e-02 -2.859346e-01 3.879317e-01 3.800000e-02 6.650000e-02 -2.859609e-01 3.879638e-01
-5.680000e-01 6.650000e-02 -2.516090e-01 3.947510e-01 -5.680000e-01 6.750000e-02 -2.512556e-01 3.951842e-01
3.800000e-02 6.650000e-02 -2.859609e-01 3.879638e-01 3.800000e-02 6.750000e-02 -2.863192e-01 3.883842e-01
-5.685000e-01 6.800000e-02 -2.512230e-01 3.952230e-01 -5.690000e-01 6.850000e-02 -2.511915e-01 3.952617e-01
-5.680000e-01 6.750000e-02 -2.512556e-01 3.951842e-01 -5.685000e-01 6.800000e-02 -2.512230e-01 3.952230e-01
3.800000e-02 6.750000e-02 -2.863192e-01 3.883842e-01 3.850000e-02 6.800000e-02 -2.863456e-01 3.884142e-01
3.850000e-02 6.800000e-02 -2.863456e-01 3.884142e-01 3.900000e-02 6.850000e-02 -2.863709e-01 3.884443e-01
-5.695000e-01 6.900000e-02 -2.511599e-01 3.952994e-01 -5.700000e-01 6.950000e-02 -2.511295e-01 3.953370e-01
-5.690000e-01 6.850000e-02 -2.511915e-01 3.952617e-01 -5.695000e-01 6.900000e-02 -2.511599e-01 3.952994e-01
3.900000e-02 6.850000e-02 -2.863709e-01 3.884443e-01 3.950000e-02 6.900000e-02 -2.863963e-01 3.884733e-01
3.950000e-02 6.900000e-02 -2.863963e-01 3.884733e-01 4.000000e-02 6.950000e-02 -2.864205e-01 3.885022e-01
-5.705000e-01 7.000000e-02 -2.510991e-01 3.953735e-01 -5.710000e-01 7.050000e-02 -2.510697e-01 3.954100e-01
-5.700000e-01 6.950000e-02 -2.511295e-01 3.953370e-01 -5.705000e-01 7.000000e-02 -2.510991e-01 3.953735e-01
4.000000e-02 6.950000e-02 -2.864205e-01 3.885022e-01 4.000000e-02 7.050000e-02 -2.867793e-01 3.889170e-01
-5.710000e-01 7.050000e-02 -2.510697e-01 3.954100e-01 -5.710000e-01 7.150000e-02 -2.507153e-01 3.958353e-01
4.000000e-02 7.050000e-02 -2.867793e-01 3.889170e-01 4.050000e-02 7.100000e-02 -2.868035e-01 3.889439e-01
4.050000e-02 7.100000e-02 -2.868035e-01 3.889439e-01 4.100000e-02 7.150000e-02 -2.868266e-01 3.889708e-01
-5.715000e-01 7.200000e-02 -2.506858e-01 3.958696e-01 -5.720000e-01 7.250000e-02 -2.506575e-01 3.959040e-01
-5.710000e-01 7.150000e-02 -2.507153e-01 3.958353e-01 -5.715000e-01 7.200000e-02 -2.506858e-01 3.958696e-01
4.100000e-02 7.150000e-02 -2.868266e-01 3.889708e-01 4.150000e-02 7.200000e-02 -2.868497e-01 3.889967e-01
4.150000e-02 7.200000e-02 -2.868497e-01 3.889967e-01 4.200000e-02 7.250000e-02 -2.868716e-01 3.890225e-01
-5.725000e-01 7.300000e-02 -2.506292e-01 3.959372e-01 -5.730000e-01 7.350000e-02 -2.506020e-01 3.959703e-01
-5.720000e-01 7.250000e-02 -2.506575e-01 3.959040e-01 -5.725000e-01 7.300000e-02 -2.506292e-01 3.959372e-01
4.200000e-02 7.250000e-02 -2.868716e-01 3.890225e-01 4.200000e-02 7.350000e-02 -2.872310e-01 3.894316e-01
-5.730000e-01 7.350000e-02 -2.506020e-01 3.959703e-01 -5.730000e-01 7.450000e-02 -2.502468e-01 3.963898e-01
4.200000e-02 7.350000e-02 -2.872310e-01 3.894316e-01 4.250000e-02 7.400000e-02 -2.872529e-01 3.894554e-01
4.250000e-02 7.400000e-02 -2.872529e-01 3.894554e-01 4.300000e-02 7.450000e-02 -2.872736e-01 3.894793e-01
-5.735000e-01 7.500000e-02 -2.502195e-01 3.964209e-01 -5.740000e-01 7.550000e-02 -2.501934e-01 3.964519e-01
-5.730000e-01 7.450000e-02 -2.502468e-01 3.963898e-01 -5.735000e-01 7.500000e-02 -2.502195e-01 3.964209e-01
4.300000e-02 7.450000e-02 -2.872736e-01 3.894793e-01 4.350000e-02 7.500000e-02 -2.872944e-01 3.895021e-01
4.350000e-02 7.500000e-02 -2.872944e-01 3.895021e-01 4.400000e-02 7.550000e-02 -2.873139e-01 3.895249e-01
-5.745000e-01 7.600000e-02 -2.501672e-01 3.964819e-01 -5.750000e-01 7.650000e-02 -2.501423e-01 3.965119e-01
-5.740000e-01 7.550000e-02 -2.501934e-01 3.964519e-01 -5.745000e-01 7.600000e-02 -2.501672e-01 3.964819e-01
4.400000e-02 7.550000e-02 -2.873139e-01 3.895249e-01 4.400000e-02 7.650000e-02 -2.876737e-01 3.899282e-01
-5.750000e-01 7.650000e-02 -2.501423e-01 3.965119e-01 -5.750000e-01 7.750000e-02 -2.497864e-01 3.969255e-01
4.400000e-02 7.650000e-02 -2.876737e-01 3.899282e-01 4.450000e-02 7.700000e-02 -2.876933e-01 3.899490e-01
4.450000e-02 7.700000e-02 -2.876933e-01 3.899490e-01 4.500000e-02 7.750000e-02 -2.877116e-01 3.899698e-01
-5.755000e-01 7.800000e-02 -2.497614e-01 3.969533e-01 -5.760000e-01 7.850000e-02 -2.497376e-01 3.969811e-01
-5.750000e-01 7.750000e-02 -2.497864e-01 3.969255e-01 -5.755000e-01 7.800000e-02 -2.497614e-01 3.969533e-01
4.500000e-02 7.750000e-02 -2.877116e-01 3.899698e-01 4.550000e-02 7.800000e-02 -2.877300e-01 3.899896e-01
4.550000e-02 7.800000e-02 -2.877300e-01 3.899896e-01 4.600000e-02 7.850000e-02 -2.877471e-01 3.900094e-01
-5.765000e-01 7.900000e-02 -2.497137e-01 3.970079e-01 -5.770000e-01 7.950000e-02 -2.496910e-01 3.970346e-01
-5.760000e-01 7.850000e-02 -2.497376e-01 3.969811e-01 -5.765000e-01 7.900000e-02 -2.497137e-01 3.970079e-01
4.600000e-02 7.850000e-02 -2.877471e-01 3.900094e-01 4.600000e-02 7.950000e-02 -2.881072e-01 3.904071e-01
-5.775000e-01 8.000000e-02 -2.496684e-01 3.970604e-01 -5.780000e-01 8.050000e-02 -2.496469e-01 3.970860e-01
-5.770000e-01 7.950000e-02 -2.496910e-01 3.970346e-01 -5.775000e-01 8.000000e-02 -2.496684e-01 3.970604e-01
4.600000e-02 7.950000e-02 -2.881072e-01 3.904071e-01 4.650000e-02 8.000000e-02 -2.881243e-01 3.904248e-01
4.650000e-02 8.000000e-02 -2.881243e-01 3.904248e-01 4.700000e-02 8.050000e-02 -2.881402e-01 3.904426e-01
-5.780000e-01 8.050000e-02 -2.496469e-01 3.970860e-01 -5.780000e-01 8.150000e-02 -2.492904e-01 3.974918e-01
4.700000e-02 8.050000e-02 -2.881402e-01 3.904426e-01 4.750000e-02 8.100000e-02 -2.881560e-01 3.904594e-01
4.750000e-02 8.100000e-02 -2.881560e-01 3.904594e-01 4.800000e-02 8.150000e-02 -2.881707e-01 3.904763e-01
-5.785000e-01 8.200000e-02 -2.492689e-01 3.975153e-01 -5.790000e-01 8.250000e-02 -2.492487e-01 3.975389e-01
-5.780000e-01 8.150000e-02 -2.492904e-01 3.974918e-01 -5.785000e-01 8.200000e-02 -2.492689e-01 3.975153e-01
4.800000e-02 8.150000e-02 -2.881707e-01 3.904763e-01 4.800000e-02 8.250000e-02 -2.885310e-01 3.908683e-01
-5.795000e-01 8.300000e-02 -2.492284e-01 3.975615e-01 -5.800000e-01 8.350000e-02 -2.492093e-01 3.975840e-01
-5.790000e-01 8.250000e-02 -2.492487e-01 3.975389e-01 -5.795000e-01 8.300000e-02 -2.492284e-01 3.975615e-01
4.800000e-02 8.250000e-02 -2.885310e-01 3.908683e-01 4.850000e-02 8.300000e-02 -2.885456e-01 3.908831e-01
4.850000e-02 8.300000e-02 -2.885456e-01 3.908831e-01 4.900000e-02 8.350000e-02 -2.885589e-01 3.908980e-01
-5.800000e-01 8.350000e-02 -2.492093e-01 3.975840e-01 -5.800000e-01 8.450000e-02 -2.488524e-01 3.979840e-01
4.900000e-02 8.350000e-02 -2.885589e-01 3.908980e-01 4.950000e-02 8.400000e-02 -2.885722e-01 3.909118e-01
4.950000e-02 8.400000e-02 -2.885722e-01 3.909118e-01 5.000000e-02 8.450000e-02 -2.885842e-01 3.909258e-01
-5.805000e-01 8.500000e-02 -2.488334e-01 3.980044e-01 -5.810000e-01 8.550000e-02 -2.488156e-01 3.980249e-01
-5.800000e-01 8.450000e-02 -2.488524e-01 3.979840e-01 -5.805000e-01 8.500000e-02 -2.488334e-01 3.980044e-01
5.000000e-02 8.450000e-02 -2.885842e-01 3.909258e-01 5.000000e-02 8.550000e-02 -2.889447e-01 3.913121e-01
-5.815000e-01 8.600000e-02 -2.487978e-01 3.980443e-01 -5.820000e-01 8.650000e-02 -2.487812e-01 3.980638e-01
-5.810000e-01 8.550000e-02 -2.488156e-01 3.980249e-01 -5.815000e-01 8.600000e-02 -2.487978e-01 3.980443e-01
5.000000e-02 8.550000e-02 -2.889447e-01 3.913121e-01 5.050000e-02 8.600000e-02 -2.889566e-01 3.913240e-01
5.050000e-02 8.600000e-02 -2.889566e-01 3.913240e-01 5.100000e-02 8.650000e-02 -2.889674e-01 3.913360e-01
-5.820000e-01 8.650000e-02 -2.487812e-01 3.980638e-01 -5.820000e-01 8.750000e-02 -2.484240e-01 3.984579e-01
5.100000e-02 8.650000e-02 -2.889674e-01 3.913360e-01 5.150000e-02 8.700000e-02 -2.889780e-01 3.913470e-01
5.150000e-02 8.700000e-02 -2.889780e-01 3.913470e-01 5.200000e-02 8.750000e-02 -2.889874e-01 3.913581e-01
-5.825000e-01 8.800000e-02 -2.484074e-01 3.984753e-01 -5.830000e-01 8.850000e-02 -2.483922e-01 3.984927e-01
-5.820000e-01 8.750000e-02 -2.484240e-01 3.984579e-01 -5.825000e-01 8.800000e-02 -2.484074e-01 3.984753e-01
5.200000e-02 8.750000e-02 -2.889874e-01 3.913581e-01 5.200000e-02 8.850000e-02 -2.893479e-01 3.917387e-01
-5.835000e-01 8.900000e-02 -2.483769e-01 3.985091e-01 -5.840000e-01 8.950000e-02 -2.483629e-01 3.985256e-01
-5.830000e-01 8.850000e-02 -2.483922e-01 3.984927e-01 -5.835000e-01 8.900000e-02 -2.483769e-01 3.985091e-01
5.200000e-02 8.850000e-02 -2.893479e-01 3.917387e-01 5.250000e-02 8.900000e-02 -2.893572e-01 3.917478e-01
5.250000e-02 8.900000e-02 -2.893572e-01 3.917478e-01 5.300000e-02 8.950000e-02 -2.893652e-01 3.917570e-01
-5.840000e-01 8.950000e-02 -2.483629e-01 3.985256e-01 -5.840000e-01 9.050000e-02 -2.480055e-01 3.989138e-01
5.300000e-02 8.950000e-02 -2.893652e-01 3.917570e-01 5.300000e-02 9.050000e-02 -2.897258e-01 3.921340e-01
-5.845000e-01 9.100000e-02 -2.479915e-01 3.989282e-01 -5.850000e-01 9.150000e-02 -2.479788e-01 3.989426e-01
-5.840000e-01 9.050000e-02 -2.480055e-01 3.989138e-01 -5.845000e-01 9.100000e-02 -2.479915e-01 3.989282e-01
5.300000e-02 9.050000e-02 -2.897258e-01 3.921340e-01 5.350000e-02 9.100000e-02 -2.897336e-01 3.921411e-01
5.350000e-02 9.100000e-02 -2.897336e-01 3.921411e-01 5.400000e-02 9.150000e-02 -2.897403e-01 3.921484e-01
-5.850000e-01 9.150000e-02 -2.479788e-01 3.989426e-01 -5.850000e-01 9.250000e-02 -2.476212e-01 3.993271e-01
5.400000e-02 9.150000e-02 -2.897403e-01 3.921484e-01 5.450000e-02 9.200000e-02 -2.897468e-01 3.921547e-01
5.450000e-02 9.200000e-02 -2.897468e-01 3.921547e-01 5.500000e-02 9.250000e-02 -2.897520e-01 3.921611e-01
-5.855000e-01 9.300000e-02 -2.476086e-01 3.993395e-01 -5.860000e-01 9.350000e-02 -2.475973e-01 3.993519e-01
-5.850000e-01 9.250000e-02 -2.476212e-01 3.993271e-01 -5.855000e-01 9.300000e-02 -2.476086e-01 3.993395e-01
5.500000e-02 9.250000e-02 -2.897520e-01 3.921611e-01 5.500000e-02 9.350000e-02 -2.901125e-01 3.925324e-01
-5.865000e-01 9.400000e-02 -2.475860e-01 3.993634e-01 -5.870000e-01 9.450000e-02 -2.475760e-01 3.993748e-01
-5.860000e-01 9.350000e-02 -2.475973e-01 3.993519e-01 -5.865000e-01 9.400000e-02 -2.475860e-01 3.993634e-01
5.500000e-02 9.350000e-02 -2.901125e-01 3.925324e-01 5.550000e-02 9.400000e-02 -2.901175e-01 3.925369e-01
5.550000e-02 9.400000e-02 -2.901175e-01 3.925369e-01 5.600000e-02 9.450000e-02 -2.901214e-01 3.925414e-01
-5.870000e-01 9.450000e-02 -2.475760e-01 3.993748e-01 -5.870000e-01 9.550000e-02 -2.472183e-01 3.997535e-01
5.600000e-02 9.450000e-02 -2.901214e-01 3.925414e-01 5.600000e-02 9.550000e-02 -2.904819e-01 3.929091e-01
-5.875000e-01 9.600000e-02 -2.472085e-01 3.997629e-01 -5.880000e-01 9.650000e-02 -2.471999e-01 3.997725e-01
-5.870000e-01 9.550000e-02 -2.472183e-01 3.997535e-01 -5.875000e-01 9.600000e-02 -2.472085e-01 3.997629e-01
5.600000e-02 9.550000e-02 -2.904819e-01 3.929091e-01 5.650000e-02 9.600000e-02 -2.904854e-01 3.929116e-01
5.650000e-02 9.600000e-02 -2.904854e-01 3.929116e-01 5.700000e-02 9.650000e-02 -2.904877e-01 3.929144e-01
-5.885000e-01 9.700000e-02 -2.471914e-01 3.997810e-01 -5.890000e-01 9.750000e-02 -2.471842e-01 3.997895e-01
-5.880000e-01 9.650000e-02 -2.471999e-01 3.997725e-01 -5.885000e-01 9.700000e-02 -2.471914e-01 3.997810e-01
5.700000e-02 9.650000e-02 -2.904877e-01 3.929144e-01 5.750000e-02 9.700000e-02 -2.904899e-01 3.929161e-01
5.750000e-02 9.700000e-02 -2.904899e-01 3.929161e-01 5.800000e-02 9.750000e-02 -2.904908e-01 3.929180e-01
-5.890000e-01 9.750000e-02 -2.471842e-01 3.997895e-01 -5.890000e-01 9.850000e-02 -2.468265e-01 4.001624e-01
5.800000e-02 9.750000e-02 -2.904908e-01 3.929180e-01 5.800000e-02 9.850000e-02 -2.908510e-01 3.932800e-01
-5.895000e-01 9.900000e-02 -2.468194e-01 4.001690e-01 -5.900000e-01 9.950000e-02 -2.468137e-01 4.001756e-01
-5.890000e-01 9.850000e-02 -2.468265e-01 4.001624e-01 -5.895000e-01 9.900000e-02 -2.468194e-01 4.001690e-01
5.800000e-02 9.850000e-02 -2.908510e-01 3.932800e-01 5.850000e-02 9.900000e-02 -2.908516e-01 3.932799e-01
5.850000e-02 9.900000e-02 -2.908516e-01 3.932799e-01 5.900000e-02 9.950000e-02 -2.908510e-01 3.932800e-01
-5.900000e-01 9.950000e-02 -2.468137e-01 4.001756e-01 -5.900000e-01 1.005000e-01 -2.464559e-01 4.005447e-01
5.900000e-02 9.950000e-02 -2.908510e-01 3.932800e-01 5.900000e-02 1.005000e-01 -2.912111e-01 3.936383e-01
-5.905000e-01 1.010000e-01 -2.464504e-01 4.005493e-01 -5.910000e-01 1.015000e-01 -2.464461e-01 4.005541e-01
-5.900000e-01 1.005000e-01 -2.464559e-01 4.005447e-01 -5.905000e-01 1.010000e-01 -2.464504e-01 4.005493e-01
5.900000e-02 1.005000e-01 -2.912111e-01 3.936383e-01 5.950000e-02 1.010000e-01 -2.912102e-01 3.936364e-01
5.950000e-02 1.010000e-01 -2.912102e-01 3.936364e-01 6.000000e-02 1.015000e-01 -2.912080e-01 3.936347e-01
-5.915000e-01 1.020000e-01 -2.464419e-01 4.005578e-01 -5.920000e-01 1.025000e-01 -2.464390e-01 4.005617e-01
-5.910000e-01 1.015000e-01 -2.464461e-01 4.005541e-01 -5.915000e-01 1.020000e-01 -2.464419e-01 4.005578e-01
6.000000e-02 1.015000e-01 -2.912080e-01 3.936347e-01 6.050000e-02 1.020000e-01 -2.912056e-01 3.936320e-01
6.050000e-02 1.020000e-01 -2.912056e-01 3.936320e-01 6.100000e-02 1.025000e-01 -2.912020e-01 3.936295e-01
-5.920000e-01 1.025000e-01 -2.464390e-01 4.005617e-01 -5.920000e-01 1.035000e-01 -2.460815e-01 4.009249e-01
6.100000e-02 1.025000e-01 -2.912020e-01 3.936295e-01 6.100000e-02 1.035000e-01 -2.915617e-01 3.939822e-01
-5.925000e-01 1.040000e-01 -2.460788e-01 4.009268e-01 -5.930000e-01 1.045000e-01 -2.460775e-01 4.009288e-01
-5.920000e-01 1.035000e-01 -2.460815e-01 4.009249e-01 -5.925000e-01 1.040000e-01 -2.460788e-01 4.009268e-01
6.100000e-02 1.035000e-01 -2.915617e-01 3.939822e-01 6.150000e-02 1.040000e-01 -2.915577e-01 3.939778e-01
6.150000e-02 1.040000e-01 -2.915577e-01 3.939778e-01 6.200000e-02 1.045000e-01 -2.915525e-01 3.939735e-01
-5.930000e-01 1.045000e-01 -2.460775e-01 4.009288e-01 -5.930000e-01 1.055000e-01 -2.457199e-01 4.012883e-01
6.200000e-02 1.045000e-01 -2.915525e-01 3.939735e-01 6.200000e-02 1.055000e-01 -2.919119e-01 3.943225e-01
-5.935000e-01 1.060000e-01 -2.457189e-01 4.012882e-01 -5.940000e-01 1.065000e-01 -2.457191e-01 4.012884e-01
-5.930000e-01 1.055000e-01 -2.457199e-01 4.012883e-01 -5.935000e-01 1.060000e-01 -2.457189e-01 4.012882e-01
6.200000e-02 1.055000e-01 -2.919119e-01 3.943225e-01 6.250000e-02 1.060000e-01 -2.919063e-01 3.943164e-01
6.250000e-02 1.060000e-01 -2.919063e-01 3.943164e-01 6.300000e-02 1.065000e-01 -2.918994e-01 3.943104e-01
-5.945000e-01 1.070000e-01 -2.457194e-01 4.012875e-01 -5.950000e-01 1.075000e-01 -2.457211e-01 4.012868e-01
-5.940000e-01 1.065000e-01 -2.457191e-01 4.012884e-01 -5.945000e-01 1.070000e-01 -2.457194e-01 4.012875e-01
6.300000e-02 1.065000e-01 -2.918994e-01 3.943104e-01 6.300000e-02 1.075000e-01 -2.922587e-01 3.946557e-01
-5.950000e-01 1.075000e-01 -2.457211e-01 4.012868e-01 -5.950000e-01 1.085000e-01 -2.453639e-01 4.016405e-01
6.300000e-02 1.075000e-01 -2.922587e-01 3.946557e-01 6.350000e-02 1.080000e-01 -2.922514e-01 3.946479e-01
6.350000e-02 1.080000e-01 -2.922514e-01 3.946479e-01 6.400000e-02 1.085000e-01 -2.922429e-01 3.946401e-01
-5.955000e-01 1.090000e-01 -2.453659e-01 4.016378e-01 -5.960000e-01 1.095000e-01 -2.453692e-01 4.016352e-01
-5.950000e-01 1.085000e-01 -2.453639e-01 4.016405e-01 -5.955000e-01 1.090000e-01 -2.453659e-01 4.016378e-01
6.400000e-02 1.085000e-01 -2.922429e-01 3.946401e-01 6.400000e-02 1.095000e-01 -2.926018e-01 3.949819e-01
-5.960000e-01 1.095000e-01 -2.453692e-01 4.016352e-01 -5.960000e-01 1.105000e-01 -2.450121e-01 4.019851e-01
6.400000e-02 1.095000e-01 -2.926018e-01 3.949819e-01 6.450000e-02 1.100000e-01 -2.925929e-01 3.949723e-01
6.450000e-02 1.100000e-01 -2.925929e-01 3.949723e-01 6.500000e-02 1.105000e-01 -2.925826e-01 3.949629e-01
-5.965000e-01 1.110000e-01 -2.450158e-01 4.019806e-01 -5.970000e-01 1.115000e-01 -2.450207e-01 4.019763e-01
-5.960000e-01 1.105000e-01 -2.450121e-01 4.019851e-01 -5.965000e-01 1.110000e-01 -2.450158e-01 4.019806e-01
6.500000e-02 1.105000e-01 -2.925826e-01 3.949629e-01 6.550000e-02 1.110000e-01 -2.925722e-01 3.949526e-01
6.550000e-02 1.110000e-01 -2.925722e-01 3.949526e-01 6.600000e-02 1.115000e-01 -2.925604e-01 3.949425e-01
-5.975000e-01 1.120000e-01 -2.450258e-01 4.019709e-01 -5.980000e-01 1.125000e-01 -2.450321e-01 4.019658e-01
-5.970000e-01 1.115000e-01 -2.450207e-01 4.019763e-01 -5.975000e-01 1.120000e-01 -2.450258e-01 4.019709e-01
6.600000e-02 1.115000e-01 -2.925604e-01 3.949425e-01 6.600000e-02 1.125000e-01 -2.929187e-01 3.952786e-01
-5.980000e-01 1.125000e-01 -2.450321e-01 4.019658e-01 -5.980000e-01 1.135000e-01 -2.446757e-01 4.023100e-01
6.600000e-02 1.125000e-01 -2.929187e-01 3.952786e-01 6.650000e-02 1.130000e-01 -2.929065e-01 3.952666e-01
6.650000e-02 1.130000e-01 -2.929065e-01 3.952666e-01 6.700000e-02 1.135000e-01 -2.928930e-01 3.952549e-01
-5.985000e-01 1.140000e-01 -2.446824e-01 4.023028e-01 -5.990000e-01 1.145000e-01 -2.446905e-01 4.022959e-01
-5.980000e-01 1.135000e-01 -2.446757e-01 4.023100e-01 -5.985000e-01 1.140000e-01 -2.446824e-01 4.023028e-01
6.700000e-02 1.135000e-01 -2.928930e-01 3.952549e-01 6.700000e-02 1.145000e-01 -2.932509e-01 3.955874e-01
-5.990000e-01 1.145000e-01 -2.446905e-01 4.022959e-01 -5.990000e-01 1.155000e-01 -2.443343e-01 4.026363e-01
6.700000e-02 1.145000e-01 -2.932509e-01 3.955874e-01 6.750000e-02 1.150000e-01 -2.932369e-01 3.955738e-01
6.750000e-02 1.150000e-01 -2.932369e-01 3.955738e-01 6.800000e-02 1.155000e-01 -2.932217e-01 3.955604e-01
-5.995000e-01 1.160000e-01 -2.443428e-01 4.026274e-01 -6.000000e-01 1.165000e-01 -2.443526e-01 4.026187e-01
-5.990000e-01 1.155000e-01 -2.443343e-01 4.026363e-01 -5.995000e-01 1.160000e-01 -2.443428e-01 4.026274e-01
6.800000e-02 1.155000e-01 -2.932217e-01 3.955604e-01 6.800000e-02 1.165000e-01 -2.935791e-01 3.958893e-01
-6.000000e-01 1.165000e-01 -2.443526e-01 4.026187e-01 -6.000000e-01 1.175000e-01 -2.439966e-01 4.029554e-01
6.800000e-02 1.165000e-01 -2.935791e-01 3.958893e-01 6.850000e-02 1.170000e-01 -2.935634e-01 3.958740e-01
6.850000e-02 1.170000e-01 -2.935634e-01 3.958740e-01 6.900000e-02 1.175000e-01 -2.935463e-01 3.958591e-01
-6.005000e-01 1.180000e-01 -2.440068e-01 4.029448e-01 -6.010000e-01 1.185000e-01 -2.440183e-01 4.029344e-01
-6.000000e-01 1.175000e-01 -2.439966e-01 4.029554e-01 -6.005000e-01 1.180000e-01 -2.440068e-01 4.029448e-01
6.900000e-02 1.175000e-01 -2.935463e-01 3.958591e-01 6.900000e-02 1.185000e-01 -2.939034e-01 3.961843e-01
-6.015000e-01 1.190000e-01 -2.440301e-01 4.029230e-01 -6.020000e-01 1.195000e-01 -2.440431e-01 4.029119e-01
-6.010000e-01 1.185000e-01 -2.440183e-01 4.029344e-01 -6.015000e-01 1.190000e-01 -2.440301e-01 4.029230e-01
6.900000e-02 1.185000e-01 -2.939034e-01 3.961843e-01 6.950000e-02 1.190000e-01 -2.938858e-01 3.961674e-01
6.950000e-02 1.190000e-01 -2.938858e-01 3.961674e-01 7.000000e-02 1.195000e-01 -2.938669e-01 3.961509e-01
-6.020000e-01 1.195000e-01 -2.440431e-01 4.029119e-01 -6.020000e-01 1.205000e-01 -2.436880e-01 4.032428e-01
7.000000e-02 1.195000e-01 -2.938669e-01 3.961509e-01 7.000000e-02 1.205000e-01 -2.942235e-01 3.964725e-01
-6.025000e-01 1.210000e-01 -2.437015e-01 4.032297e-01 -6.030000e-01 1.215000e-01 -2.437164e-01 4.032169e-01
-6.020000e-01 1.205000e-01 -2.436880e-01 4.032428e-01 -6.025000e-01 1.210000e-01 -2.437015e-01 4.032297e-01
7.000000e-02 1.205000e-01 -2.942235e-01 3.964725e-01 7.050000e-02 1.210000e-01 -2.942041e-01 3.964541e-01
7.050000e-02 1.210000e-01 -2.942041e-01 3.964541e-01 7.100000e-02 1.215000e-01 -2.941834e-01 3.964360e-01
-6.030000e-01 1.215000e-01 -2.437164e-01 4.032169e-01 -6.030000e-01 1.225000e-01 -2.433616e-01 4.035441e-01
7.100000e-02 1.215000e-01 -2.941834e-01 3.964360e-01 7.100000e-02 1.225000e-01 -2.945394e-01 3.967540e-01
-6.035000e-01 1.230000e-01 -2.433770e-01 4.035294e-01 -6.040000e-01 1.235000e-01 -2.433936e-01 4.035149e-01
-6.030000e-01 1.225000e-01 -2.433616e-01 4.035441e-01 -6.035000e-01 1.230000e-01 -2.433770e-01 4.035294e-01
7.100000e-02 1.225000e-01 -2.945394e-01 3.967540e-01 7.150000e-02 1.230000e-01 -2.945181e-01 3.967340e-01
7.150000e-02 1.230000e-01 -2.945181e-01 3.967340e-01 7.200000e-02 1.235000e-01 -2.944955e-01 3.967144e-01
-6.040000e-01 1.235000e-01 -2.433936e-01 4.035149e-01 -6.040000e-01 1.245000e-01 -2.430393e-01 4.038383e-01
7.200000e-02 1.235000e-01 -2.944955e-01 3.967144e-01 7.200000e-02 1.245000e-01 -2.948510e-01 3.970287e-01
-6.045000e-01 1.250000e-01 -2.430565e-01 4.038219e-01 -6.050000e-01 1.255000e-01 -2.430749e-01 4.038058e-01
-6.040000e-01 1.245000e-01 -2.430393e-01 4.038383e-01 -6.045000e-01 1.250000e-01 -2.430565e-01 4.038219e-01
7.200000e-02 1.245000e-01 -2.948510e-01 3.970287e-01 7.250000e-02 1.250000e-01 -2.948278e-01 3.970073e-01
7.250000e-02 1.250000e-01 -2.948278e-01 3.970073e-01 7.300000e-02 1.255000e-01 -2.948033e-01 3.969861e-01
-6.050000e-01 1.255000e-01 -2.430749e-01 4.038058e-01 -6.050000e-01 1.265000e-01 -2.427211e-01 4.041255e-01
7.300000e-02 1.255000e-01 -2.948033e-01 3.969861e-01 7.300000e-02 1.265000e-01 -2.951582e-01 3.972969e-01
-6.055000e-01 1.270000e-01 -2.427401e-01 4.041075e-01 -6.060000e-01 1.275000e-01 -2.427605e-01 4.040898e-01
-6.050000e-01 1.265000e-01 -2.427211e-01 4.041255e-01 -6.055000e-01 1.270000e-01 -2.427401e-01 4.041075e-01
7.300000e-02 1.265000e-01 -2.951582e-01 3.972969e-01 7.350000e-02 1.270000e-01 -2.951331e-01 3.972739e-01
7.350000e-02 1.270000e-01 -2.951331e-01 3.972739e-01 7.400000e-02 1.275000e-01 -2.951067e-01 3.972513e-01
-6.060000e-01 1.275000e-01 -2.427605e-01 4.040898e-01 -6.060000e-01 1.285000e-01 -2.424071e-01 4.044057e-01
7.400000e-02 1.275000e-01 -2.951067e-01 3.972513e-01 7.400000e-02 1.285000e-01 -2.954609e-01 3.975584e-01
-6.065000e-01 1.290000e-01 -2.424281e-01 4.043861e-01 -6.070000e-01 1.295000e-01 -2.424504e-01 4.043667e-01
-6.060000e-01 1.285000e-01 -2.424071e-01 4.044057e-01 -6.065000e-01 1.290000e-01 -2.424281e-01 4.043861e-01
7.400000e-02 1.285000e-01 -2.954609e-01 3.975584e-01 7.450000e-02 1.290000e-01 -2.954338e-01 3.975340e-01
7.450000e-02 1.290000e-01 -2.954338e-01 3.975340e-01 7.500000e-02 1.295000e-01 -2.954055e-01 3.975099e-01
-6.070000e-01 1.295000e-01 -2.424504e-01 4.043667e-01 -6.070000e-01 1.305000e-01 -2.420975e-01 4.046790e-01
7.500000e-02 1.295000e-01 -2.954055e-01 3.975099e-01 7.500000e-02 1.305000e-01 -2.957590e-01 3.978135e-01
-6.075000e-01 1.310000e-01 -2.421204e-01 4.046578e-01 -6.080000e-01 1.315000e-01 -2.421446e-01 4.046369e-01
-6.070000e-01 1.305000e-01 -2.420975e-01 4.046790e-01 -6.075000e-01 1.310000e-01 -2.421204e-01 4.046578e-01
7.500000e-02 1.305000e-01 -2.957590e-01 3.978135e-01 7.550000e-02 1.310000e-01 -2.957299e-01 3.977876e-01
7.550000e-02 1.310000e-01 -2.957299e-01 3.977876e-01 7.600000e-02 1.315000e-01 -2.956996e-01 3.977620e-01
-6.085000e-01 1.320000e-01 -2.421691e-01 4.046150e-01 -6.090000e-01 1.325000e-01 -2.421949e-01 4.045935e-01
-6.080000e-01 1.315000e-01 -2.421446e-01 4.046369e-01 -6.085000e-01 1.320000e-01 -2.421691e-01 4.046150e-01
7.600000e-02 1.315000e-01 -2.956996e-01 3.977620e-01 7.600000e-02 1.325000e-01 -2.960525e-01 3.980621e-01
-6.090000e-01 1.325000e-01 -2.421949e-01 4.045935e-01 -6.090000e-01 1.335000e-01 -2.418433e-01 4.049002e-01
7.600000e-02 1.325000e-01 -2.960525e-01 3.980621e-01 7.650000e-02 1.330000e-01 -2.960214e-01 3.980347e-01
7.650000e-02 1.330000e-01 -2.960214e-01 3.980347e-01 7.700000e-02 1.335000e-01 -2.959891e-01 3.980078e-01
-6.095000e-01 1.340000e-01 -2.418698e-01 4.048768e-01 -6.100000e-01 1.345000e-01 -2.418976e-01 4.048537e-01
-6.090000e-01 1.335000e-01 -2.418433e-01 4.049002e-01 -6.095000e-01 1.340000e-01 -2.418698e-01 4.048768e-01
7.700000e-02 1.335000e-01 -2.959891e-01 3.980078e-01 7.700000e-02 1.345000e-01 -2.963412e-01 3.983042e-01
-6.100000e-01 1.345000e-01 -2.418976e-01 4.048537e-01 -6.100000e-01 1.355000e-01 -2.415466e-01 4.051567e-01
7.700000e-02 1.345000e-01 -2.963412e-01 3.983042e-01 7.750000e-02 1.350000e-01 -2.963081e-01 3.982755e-01
7.750000e-02 1.350000e-01 -2.963081e-01 3.982755e-01 7.800000e-02 1.355000e-01 -2.962737e-01 3.982472e-01
-6.105000e-01 1.360000e-01 -2.415751e-01 4.051318e-01 -6.110000e-01 1.365000e-01 -2.416049e-01 4.051073e-01
-6.100000e-01 1.355000e-01 -2.415466e-01 4.051567e-01 -6.105000e-01 1.360000e-01 -2.415751e-01 4.051318e-01
7.800000e-02 1.355000e-01 -2.962737e-01 3.982472e-01 7.800000e-02 1.365000e-01 -2.966250e-01 3.985401e-01
-6.110000e-01 1.365000e-01 -2.416049e-01 4.051073e-01 -6.110000e-01 1.375000e-01 -2.412547e-01 4.054065e-01
7.800000e-02 1.365000e-01 -2.966250e-01 3.985401e-01 7.850000e-02 1.370000e-01 -2.965898e-01 3.985100e-01
7.850000e-02 1.370000e-01 -2.965898e-01 3.985100e-01 7.900000e-02 1.375000e-01 -2.965534e-01 3.984803e-01
-6.115000e-01 1.380000e-01 -2.412852e-01 4.053801e-01 -6.120000e-01 1.385000e-01 -2.413169e-01 4.053541e-01
-6.110000e-01 1.375000e-01 -2.412547e-01 4.054065e-01 -6.115000e-01 1.380000e-01 -2.412852e-01 4.053801e-01
7.900000e-02 1.375000e-01 -2.965534e-01 3.984803e-01 7.900000e-02 1.385000e-01 -2.969039e-01 3.987696e-01
-6.120000e-01 1.385000e-01 -2.413169e-01 4.053541e-01 -6.120000e-01 1.395000e-01 -2.409675e-01 4.056498e-01
7.900000e-02 1.385000e-01 -2.969039e-01 3.987696e-01 7.950000e-02 1.390000e-01 -2.968666e-01 3.987382e-01
7.950000e-02 1.390000e-01 -2.968666e-01 3.987382e-01 8.000000e-02 1.395000e-01 -2.968281e-01 3.987072e-01
-6.125000e-01 1.400000e-01 -2.410000e-01 4.056219e-01 -6.130000e-01 1.405000e-01 -2.410338e-01 4.055944e-01
-6.120000e-01 1.395000e-01 -2.409675e-01 4.056498e-01 -6.125000e-01 1.400000e-01 -2.410000e-01 4.056219e-01
8.000000e-02 1.395000e-01 -2.968281e-01 3.987072e-01 8.000000e-02 1.405000e-01 -2.971777e-01 3.989930e-01
-6.130000e-01 1.405000e-01 -2.410338e-01 4.055944e-01 -6.130000e-01 1.415000e-01 -2.406851e-01 4.058864e-01
8.000000e-02 1.405000e-01 -2.971777e-01 3.989930e-01 8.050000e-02 1.410000e-01 -2.971384e-01 3.989603e-01
8.050000e-02 1.410000e-01 -2.971384e-01 3.989603e-01 8.100000e-02 1.415000e-01 -2.970977e-01 3.989280e-01
-6.135000e-01 1.420000e-01 -2.407197e-01 4.058571e-01 -6.140000e-01 1.425000e-01 -2.407556e-01 4.058282e-01
-6.130000e-01 1.415000e-01 -2.406851e-01 4.058864e-01 -6.135000e-01 1.420000e-01 -2.407197e-01 4.058571e-01
8.100000e-02 1.415000e-01 -2.970977e-01 3.989280e-01 8.100000e-02 1.425000e-01 -2.974464e-01 3.992103e-01
-6.140000e-01 1.425000e-01 -2.407556e-01 4.058282e-01 -6.140000e-01 1.435000e-01 -2.404077e-01 4.061165e-01
8.100000e-02 1.425000e-01 -2.974464e-01 3.992103e-01 8.150000e-02 1.430000e-01 -2.974049e-01 3.991763e-01
8.150000e-02 1.430000e-01 -2.974049e-01 3.991763e-01 8.200000e-02 1.435000e-01 -2.973622e-01 3.991427e-01
-6.145000e-01 1.440000e-01 -2.404444e-01 4.060858e-01 -6.150000e-01 1.445000e-01 -2.404824e-01 4.060555e-01
-6.140000e-01 1.435000e-01 -2.404077e-01 4.061165e-01 -6.145000e-01 1.440000e-01 -2.404444e-01 4.060858e-01
8.200000e-02 1.435000e-01 -2.973622e-01 3.991427e-01 8.200000e-02 1.445000e-01 -2.977099e-01 3.994215e-01
-6.150000e-01 1.445000e-01 -2.404824e-01 4.060555e-01 -6.150000e-01 1.455000e-01 -2.401354e-01 4.063401e-01
8.200000e-02 1.445000e-01 -2.977099e-01 3.994215e-01 8.250000e-02 1.450000e-01 -2.976663e-01 3.993862e-01
8.250000e-02 1.450000e-01 -2.976663e-01 3.993862e-01 8.300000e-02 1.455000e-01 -2.976214e-01 3.993514e-01
-6.155000e-01 1.460000e-01 -2.401742e-01 4.063081e-01 -6.160000e-01 1.465000e-01 -2.402144e-01 4.062764e-01
-6.150000e-01 1.455000e-01 -2.401354e-01 4.063401e-01 -6.155000e-01 1.460000e-01 -2.401742e-01 4.063081e-01
8.300000e-02 1.455000e-01 -2.976214e-01 3.993514e-01 8.300000e-02 1.465000e-01 -2.979681e-01 3.996267e-01
-6.160000e-01 1.465000e-01 -2.402144e-01 4.062764e-01 -6.160000e-01 1.475000e-01 -2.398682e-01 4.065575e-01
8.300000e-02 1.465000e-01 -2.979681e-01 3.996267e-01 8.300000e-02 1.475000e-01 -2.983148e-01 3.999002e-01
-6.160000e-01 1.475000e-01 -2.398682e-01 4.065575e-01 -6.160000e-01 1.485000e-01 -2.395222e-01 4.068366e-01
8.300000e-02 1.475000e-01 -2.983148e-01 3.999002e-01 8.350000e-02 1.480000e-01 -2.982685e-01 3.998629e-01
8.350000e-02 1.480000e-01 -2.982685e-01 3.998629e-01 8.400000e-02 1.485000e-01 -2.982209e-01 3.998260e-01
-6.165000e-01 1.490000e-01 -2.395636e-01 4.068023e-01 -6.170000e-01 1.495000e-01 -2.396063e-01 4.067684e-01
-6.160000e-01 1.485000e-01 -2.395222e-01 4.068366e-01 -6.165000e-01 1.490000e-01 -2.395636e-01 4.068023e-01
8.400000e-02 1.485000e-01 -2.982209e-01 3.998260e-01 8.400000e-02 1.495000e-01 -2.985665e-01 4.000960e-01
-6.170000e-01 1.495000e-01 -2.396063e-01 4.067684e-01 -6.170000e-01 1.505000e-01 -2.392612e-01 4.070440e-01
8.400000e-02 1.495000e-01 -2.985665e-01 4.000960e-01 8.450000e-02 1.500000e-01 -2.985180e-01 4.000575e-01
8.450000e-02 1.500000e-01 -2.985180e-01 4.000575e-01 8.500000e-02 1.505000e-01 -2.984683e-01 4.000194e-01
-6.175000e-01 1.510000e-01 -2.393048e-01 4.070084e-01 -6.180000e-01 1.515000e-01 -2.393497e-01 4.069732e-01
-6.170000e-01 1.505000e-01 -2.392612e-01 4.070440e-01 -6.175000e-01 1.510000e-01 -2.393048e-01 4.070084e-01
8.500000e-02 1.505000e-01 -2.984683e-01 4.000194e-01 8.500000e-02 1.515000e-01 -2.988127e-01 4.002861e-01
-6.180000e-01 1.515000e-01 -2.393497e-01 4.069732e-01 -6.180000e-01 1.525000e-01 -2.390056e-01 4.072451e-01
8.500000e-02 1.515000e-01 -2.988127e-01 4.002861e-01 8.550000e-02 1.520000e-01 -2.987620e-01 4.002463e-01
8.550000e-02 1.520000e-01 -2.987620e-01 4.002463e-01 8.600000e-02 1.525000e-01 -2.987100e-01 4.002071e-01
-6.185000e-01 1.530000e-01 -2.390514e-01 4.072082e-01 -6.190000e-01 1.535000e-01 -2.390985e-01 4.071718e-01
-6.180000e-01 1.525000e-01 -2.390056e-01 4.072451e-01 -6.185000e-01 1.530000e-01 -2.390514e-01 4.072082e-01
8.600000e-02 1.525000e-01 -2.987100e-01 4.002071e-01 8.600000e-02 1.535000e-01 -2.990533e-01 4.004703e-01
-6.190000e-01 1.535000e-01 -2.390985e-01 4.071718e-01 -6.190000e-01 1.545000e-01 -2.387554e-01 4.074401e-01
8.600000e-02 1.535000e-01 -2.990533e-01 4.004703e-01 8.650000e-02 1.540000e-01 -2.990004e-01 4.004294e-01
8.650000e-02 1.540000e-01 -2.990004e-01 4.004294e-01 8.700000e-02 1.545000e-01 -2.989462e-01 4.003891e-01
-6.195000e-01 1.550000e-01 -2.388035e-01 4.074019e-01 -6.200000e-01 1.555000e-01 -2.388528e-01 4.073643e-01
-6.190000e-01 1.545000e-01 -2.387554e-01 4.074401e-01 -6.195000e-01 1.550000e-01 -2.388035e-01 4.074019e-01
8.700000e-02 1.545000e-01 -2.989462e-01 4.003891e-01 8.700000e-02 1.555000e-01 -2.992883e-01 4.006489e-01
-6.200000e-01 1.555000e-01 -2.388528e-01 4.073643e-01 -6.200000e-01 1.565000e-01 -2.385108e-01 4.076291e-01
8.700000e-02 1.555000e-01 -2.992883e-01 4.006489e-01 8.700000e-02 1.565000e-01 -2.996302e-01 4.009069e-01
-6.205000e-01 1.570000e-01 -2.385611e-01 4.075897e-01 -6.210000e-01 1.575000e-01 -2.386127e-01 4.075507e-01
-6.200000e-01 1.565000e-01 -2.385108e-01 4.076291e-01 -6.205000e-01 1.570000e-01 -2.385611e-01 4.075897e-01
8.700000e-02 1.565000e-01 -2.996302e-01 4.009069e-01 8.750000e-02 1.570000e-01 -2.995744e-01 4.008641e-01
8.750000e-02 1.570000e-01 -2.995744e-01 4.008641e-01 8.800000e-02 1.575000e-01 -2.995174e-01 4.008219e-01
-6.210000e-01 1.575000e-01 -2.386127e-01 4.075507e-01 -6.210000e-01 1.585000e-01 -2.382719e-01 4.078120e-01
8.800000e-02 1.575000e-01 -2.995174e-01 4.008219e-01 8.800000e-02 1.585000e-01 -2.998581e-01 4.010765e-01
-6.215000e-01 1.590000e-01 -2.383245e-01 4.077714e-01 -6.220000e-01 1.595000e-01 -2.383783e-01 4.077313e-01
-6.210000e-01 1.585000e-01 -2.382719e-01 4.078120e-01 -6.215000e-01 1.590000e-01 -2.383245e-01 4.077714e-01
8.800000e-02 1.585000e-01 -2.998581e-01 4.010765e-01 8.850000e-02 1.590000e-01 -2.998001e-01 4.010326e-01
8.850000e-02 1.590000e-01 -2.998001e-01 4.010326e-01 8.900000e-02 1.595000e-01 -2.997407e-01 4.009893e-01
-6.220000e-01 1.595000e-01 -2.383783e-01 4.077313e-01 -6.220000e-01 1.605000e-01 -2.380387e-01 4.079890e-01
8.900000e-02 1.595000e-01 -2.997407e-01 4.009893e-01 8.900000e-02 1.605000e-01 -3.000802e-01 4.012406e-01
-6.220000e-01 1.605000e-01 -2.380387e-01 4.079890e-01 -6.220000e-01 1.615000e-01 -2.376993e-01 4.082449e-01
8.900000e-02 1.605000e-01 -3.000802e-01 4.012406e-01 8.900000e-02 1.615000e-01 -3.004193e-01 4.014900e-01
-6.225000e-01 1.620000e-01 -2.377546e-01 4.082023e-01 -6.230000e-01 1.625000e-01 -2.378113e-01 4.081602e-01
-6.220000e-01 1.615000e-01 -2.376993e-01 4.082449e-01 -6.225000e-01 1.620000e-01 -2.377546e-01 4.082023e-01
8.900000e-02 1.615000e-01 -3.004193e-01 4.014900e-01 8.950000e-02 1.620000e-01 -3.003584e-01 4.014443e-01
8.950000e-02 1.620000e-01 -3.003584e-01 4.014443e-01 9.000000e-02 1.625000e-01 -3.002962e-01 4.013992e-01
-6.230000e-01 1.625000e-01 -2.378113e-01 4.081602e-01 -6.230000e-01 1.635000e-01 -2.374731e-01 4.084126e-01
9.000000e-02 1.625000e-01 -3.002962e-01 4.013992e-01 9.000000e-02 1.635000e-01 -3.006341e-01 4.016453e-01
-6.235000e-01 1.640000e-01 -2.375308e-01 4.083688e-01 -6.240000e-01 1.645000e-01 -2.375898e-01 4.083256e-01
-6.230000e-01 1.635000e-01 -2.374731e-01 4.084126e-01 -6.235000e-01 1.640000e-01 -2.375308e-01 4.083688e-01
9.000000e-02 1.635000e-01 -3.006341e-01 4.016453e-01 9.050000e-02 1.640000e-01 -3.005707e-01 4.015987e-01
9.050000e-02 1.640000e-01 -3.005707e-01 4.015987e-01 9.100000e-02 1.645000e-01 -3.005062e-01 4.015526e-01
-6.240000e-01 1.645000e-01 -2.375898e-01 4.083256e-01 -6.240000e-01 1.655000e-01 -2.372529e-01 4.085745e-01
9.100000e-02 1.645000e-01 -3.005062e-01 4.015526e-01 9.100000e-02 1.655000e-01 -3.008427e-01 4.017953e-01
-6.245000e-01 1.660000e-01 -2.373130e-01 4.085296e-01 -6.250000e-01 1.665000e-01 -2.373744e-01 4.084854e-01
-6.240000e-01 1.655000e-01 -2.372529e-01 4.085745e-01 -6.245000e-01 1.660000e-01 -2.373130e-01 4.085296e-01
9.100000e-02 1.655000e-01 -3.008427e-01 4.017953e-01 9.150000e-02 1.660000e-01 -3.007770e-01 4.017477e-01
9.150000e-02 1.660000e-01 -3.007770e-01 4.017477e-01 9.200000e-02 1.665000e-01 -3.007101e-01 4.017007e-01
-6.250000e-01 1.665000e-01 -2.373744e-01 4.084854e-01 -6.250000e-01 1.675000e-01 -2.370387e-01 4.087308e-01
9.200000e-02 1.665000e-01 -3.007101e-01 4.017007e-01 9.200000e-02 1.675000e-01 -3.010451e-01 4.019402e-01
-6.255000e-01 1.680000e-01 -2.371012e-01 4.086849e-01 -6.260000e-01 1.685000e-01 -2.371649e-01 4.086395e-01
-6.250000e-01 1.675000e-01 -2.370387e-01 4.087308e-01 -6.255000e-01 1.680000e-01 -2.371012e-01 4.086849e-01
9.200000e-02 1.675000e-01 -3.010451e-01 4.019402e-01 9.200000e-02 1.685000e-01 -3.013799e-01 4.021778e-01
-6.260000e-01 1.685000e-01 -2.371649e-01 4.086395e-01 -6.260000e-01 1.695000e-01 -2.368307e-01 4.088814e-01
9.200000e-02 1.685000e-01 -3.013799e-01 4.021778e-01 9.250000e-02 1.690000e-01 -3.013112e-01 4.021285e-01
9.250000e-02 1.690000e-01 -3.013112e-01 4.021285e-01 9.300000e-02 1.695000e-01 -3.012413e-01 4.020798e-01
-6.260000e-01 1.695000e-01 -2.368307e-01 4.088814e-01 -6.260000e-01 1.705000e-01 -2.364967e-01 4.091216e-01
9.300000e-02 1.695000e-01 -3.012413e-01 4.020798e-01 9.300000e-02 1.705000e-01 -3.015746e-01 4.023142e-01
-6.265000e-01 1.710000e-01 -2.365621e-01 4.090738e-01 -6.270000e-01 1.715000e-01 -2.366288e-01 4.090267e-01
-6.260000e-01 1.705000e-01 -2.364967e-01 4.091216e-01 -6.265000e-01 1.710000e-01 -2.365621e-01 4.090738e-01
9.300000e-02 1.705000e-01 -3.015746e-01 4.023142e-01 9.350000e-02 1.710000e-01 -3.015034e-01 4.022641e-01
9.350000e-02 1.710000e-01 -3.015034e-01 4.022641e-01 9.400000e-02 1.715000e-01 -3.014311e-01 4.022145e-01
-6.270000e-01 1.715000e-01 -2.366288e-01 4.090267e-01 -6.270000e-01 1.725000e-01 -2.362962e-01 4.092633e-01
9.400000e-02 1.715000e-01 -3.014311e-01 4.022145e-01 9.400000e-02 1.725000e-01 -3.017629e-01 4.024456e-01
-6.275000e-01 1.730000e-01 -2.363641e-01 4.092146e-01 -6.280000e-01 1.735000e-01 -2.364332e-01 4.091665e-01
-6.270000e-01 1.725000e-01 -2.362962e-01 4.092633e-01 -6.275000e-01 1.730000e-01 -2.363641e-01 4.092146e-01
9.400000e-02 1.725000e-01 -3.017629e-01 4.024456e-01 9.400000e-02 1.735000e-01 -3.020943e-01 4.026750e-01
-6.280000e-01 1.735000e-01 -2.364332e-01 4.091665e-01 -6.280000e-01 1.745000e-01 -2.361021e-01 4.093997e-01
9.400000e-02 1.735000e-01 -3.020943e-01 4.026750e-01 9.450000e-02 1.740000e-01 -3.020201e-01 4.026232e-01
9.450000e-02 1.740000e-01 -3.020201e-01 4.026232e-01 9.500000e-02 1.745000e-01 -3.019448e-01 4.025720e-01
-6.285000e-01 1.750000e-01 -2.361725e-01 4.093501e-01 -6.290000e-01 1.755000e-01 -2.362440e-01 4.093010e-01
-6.280000e-01 1.745000e-01 -2.361021e-01 4.093997e-01 -6.285000e-01 1.750000e-01 -2.361725e-01 4.093501e-01
9.500000e-02 1.745000e-01 -3.019448e-01 4.025720e-01 9.500000e-02 1.755000e-01 -3.022746e-01 4.027982e-01
-6.290000e-01 1.755000e-01 -2.362440e-01 4.093010e-01 -6.290000e-01 1.765000e-01 -2.359144e-01 4.095309e-01
9.500000e-02 1.755000e-01 -3.022746e-01 4.027982e-01 9.500000e-02 1.765000e-01 -3.026041e-01 4.030225e-01
-6.290000e-01 1.765000e-01 -2.359144e-01 4.095309e-01 -6.290000e-01 1.775000e-01 -2.355851e-01 4.097589e-01
9.500000e-02 1.765000e-01 -3.026041e-01 4.030225e-01 9.550000e-02 1.770000e-01 -3.025268e-01 4.029693e-01
9.550000e-02 1.770000e-01 -3.025268e-01 4.029693e-01 9.600000e-02 1.775000e-01 -3.024483e-01 4.029166e-01
-6.295000e-01 1.780000e-01 -2.356586e-01 4.097075e-01 -6.300000e-01 1.785000e-01 -2.357332e-01 4.096568e-01
-6.290000e-01 1.775000e-01 -2.355851e-01 4.097589e-01 -6.295000e-01 1.780000e-01 -2.356586e-01 4.097075e-01
9.600000e-02 1.775000e-01 -3.024483e-01 4.029166e-01 9.600000e-02 1.785000e-01 -3.027762e-01 4.031377e-01
-6.300000e-01 1.785000e-01 -2.357332e-01 4.096568e-01 -6.300000e-01 1.795000e-01 -2.354055e-01 4.098815e-01
9.600000e-02 1.785000e-01 -3.027762e-01 4.031377e-01 9.650000e-02 1.790000e-01 -3.026964e-01 4.030837e-01
9.650000e-02 1.790000e-01 -3.026964e-01 4.030837e-01 9.700000e-02 1.795000e-01 -3.026154e-01 4.030303e-01
-6.305000e-01 1.800000e-01 -2.354814e-01 4.098292e-01 -6.310000e-01 1.805000e-01 -2.355586e-01 4.097776e-01
-6.300000e-01 1.795000e-01 -2.354055e-01 4.098815e-01 -6.305000e-01 1.800000e-01 -2.354814e-01 4.098292e-01
9.700000e-02 1.795000e-01 -3.026154e-01 4.030303e-01 9.700000e-02 1.805000e-01 -3.029416e-01 4.032483e-01
-6.310000e-01 1.805000e-01 -2.355586e-01 4.097776e-01 -6.310000e-01 1.815000e-01 -2.352325e-01 4.099990e-01
9.700000e-02 1.805000e-01 -3.029416e-01 4.032483e-01 9.700000e-02 1.815000e-01 -3.032674e-01 4.034645e-01
-6.310000e-01 1.815000e-01 -2.352325e-01 4.099990e-01 -6.310000e-01 1.825000e-01 -2.349068e-01 4.102185e-01
9.700000e-02 1.815000e-01 -3.032674e-01 4.034645e-01 9.750000e-02 1.820000e-01 -3.031844e-01 4.034090e-01
9.750000e-02 1.820000e-01 -3.031844e-01 4.034090e-01 9.800000e-02 1.825000e-01 -3.031003e-01 4.033542e-01
-6.315000e-01 1.830000e-01 -2.349858e-01 4.101647e-01 -6.320000e-01 1.835000e-01 -2.350661e-01 4.101115e-01
-6.310000e-01 1.825000e-01 -2.349068e-01 4.102185e-01 -6.315000e-01 1.830000e-01 -2.349858e-01 4.101647e-01
9.800000e-02 1.825000e-01 -3.031003e-01 4.033542e-01 9.800000e-02 1.835000e-01 -3.034243e-01 4.035673e-01
-6.320000e-01 1.835000e-01 -2.350661e-01 4.101115e-01 -6.320000e-01 1.845000e-01 -2.347420e-01 4.103277e-01
9.800000e-02 1.835000e-01 -3.034243e-01 4.035673e-01 9.800000e-02 1.845000e-01 -3.037479e-01 4.037786e-01
-6.325000e-01 1.850000e-01 -2.348237e-01 4.102731e-01 -6.330000e-01 1.855000e-01 -2.349065e-01 4.102191e-01
-6.320000e-01 1.845000e-01 -2.347420e-01 4.103277e-01 -6.325000e-01 1.850000e-01 -2.348237e-01 4.102731e-01
9.800000e-02 1.845000e-01 -3.037479e-01 4.037786e-01 9.850000e-02 1.850000e-01 -3.036618e-01 4.037217e-01
9.850000e-02 1.850000e-01 -3.036618e-01 4.037217e-01 9.900000e-02 1.855000e-01 -3.035744e-01 4.036656e-01
-6.330000e-01 1.855000e-01 -2.349065e-01 4.102191e-01 -6.330000e-01 1.865000e-01 -2.345841e-01 4.104321e-01
9.900000e-02 1.855000e-01 -3.035744e-01 4.036656e-01 9.900000e-02 1.865000e-01 -3.038962e-01 4.038738e-01
-6.330000e-01 1.865000e-01 -2.345841e-01 4.104321e-01 -6.330000e-01 1.875000e-01 -2.342622e-01 4.106432e-01
9.900000e-02 1.865000e-01 -3.038962e-01 4.038738e-01 9.900000e-02 1.875000e-01 -3.042176e-01 4.040802e-01
-6.335000e-01 1.880000e-01 -2.343470e-01 4.105871e-01 -6.340000e-01 1.885000e-01 -2.344331e-01 4.105317e-01
-6.330000e-01 1.875000e-01 -2.342622e-01 4.106432e-01 -6.335000e-01 1.880000e-01 -2.343470e-01 4.105871e-01
9.900000e-02 1.875000e-01 -3.042176e-01 4.040802e-01 9.950000e-02 1.880000e-01 -3.041282e-01 4.040221e-01
9.950000e-02 1.880000e-01 -3.041282e-01 4.040221e-01 1.000000e-01 1.885000e-01 -3.040376e-01 4.039647e-01
-6.340000e-01 1.885000e-01 -2.344331e-01 4.105317e-01 -6.340000e-01 1.895000e-01 -2.341130e-01 4.107395e-01
1.000000e-01 1.885000e-01 -3.040376e-01 4.039647e-01 1.000000e-01 1.895000e-01 -3.043571e-01 4.041680e-01
-6.340000e-01 1.895000e-01 -2.341130e-01 4.107395e-01 -6.340000e-01 1.905000e-01 -2.337932e-01 4.109456e-01
1.000000e-01 1.895000e-01 -3.043571e-01 4.041680e-01 1.005000e-01 1.900000e-01 -3.042651e-01 4.041093e-01
1.005000e-01 1.900000e-01 -3.042651e-01 4.041093e-01 1.010000e-01 1.905000e-01 -3.041718e-01 4.040513e-01
-6.345000e-01 1.910000e-01 -2.338813e-01 4.108881e-01 -6.350000e-01 1.915000e-01 -2.339707e-01 4.108313e-01
-6.340000e-01 1.905000e-01 -2.337932e-01 4.109456e-01 -6.345000e-01 1.910000e-01 -2.338813e-01 4.108881e-01
1.010000e-01 1.905000e-01 -3.041718e-01 4.040513e-01 1.010000e-01 1.915000e-01 -3.044895e-01 4.042516e-01
-6.350000e-01 1.915000e-01 -2.339707e-01 4.108313e-01 -6.350000e-01 1.925000e-01 -2.336528e-01 4.110341e-01
1.010000e-01 1.915000e-01 -3.044895e-01 4.042516e-01 1.010000e-01 1.925000e-01 -3.048067e-01 4.044502e-01
-6.355000e-01 1.930000e-01 -2.337435e-01 4.109759e-01 -6.360000e-01 1.935000e-01 -2.338355e-01 4.109184e-01
-6.350000e-01 1.925000e-01 -2.336528e-01 4.110341e-01 -6.355000e-01 1.930000e-01 -2.337435e-01 4.109759e-01
1.010000e-01 1.925000e-01 -3.048067e-01 4.044502e-01 1.015000e-01 1.930000e-01 -3.047113e-01 4.043903e-01
1.015000e-01 1.930000e-01 -3.047113e-01 4.043903e-01 1.020000e-01 1.935000e-01 -3.046148e-01 4.043311e-01
-6.360000e-01 1.935000e-01 -2.338355e-01 4.109184e-01 -6.360000e-01 1.945000e-01 -2.335195e-01 4.111181e-01
1.020000e-01 1.935000e-01 -3.046148e-01 4.043311e-01 1.020000e-01 1.945000e-01 -3.049300e-01 4.045267e-01
-6.360000e-01 1.945000e-01 -2.335195e-01 4.111181e-01 -6.360000e-01 1.955000e-01 -2.332039e-01 4.113160e-01
1.020000e-01 1.945000e-01 -3.049300e-01 4.045267e-01 1.020000e-01 1.955000e-01 -3.052447e-01 4.047205e-01
-6.365000e-01 1.960000e-01 -2.332980e-01 4.112565e-01 -6.370000e-01 1.965000e-01 -2.333933e-01 4.111977e-01
-6.360000e-01 1.955000e-01 -2.332039e-01 4.113160e-01 -6.365000e-01 1.960000e-01 -2.332980e-01 4.112565e-01
1.020000e-01 1.955000e-01 -3.052447e-01 4.047205e-01 1.025000e-01 1.960000e-01 -3.051459e-01 4.046595e-01
1.025000e-01 1.960000e-01 -3.051459e-01 4.046595e-01 1.030000e-01 1.965000e-01 -3.050461e-01 4.045992e-01
-6.370000e-01 1.965000e-01 -2.333933e-01 4.111977e-01 -6.370000e-01 1.975000e-01 -2.330796e-01 4.113925e-01
1.030000e-01 1.965000e-01 -3.050461e-01 4.045992e-01 1.030000e-01 1.975000e-01 -3.053588e-01 4.047901e-01
-6.370000e-01 1.975000e-01 -2.330796e-01 4.113925e-01 -6.370000e-01 1.985000e-01 -2.327665e-01 4.115854e-01
1.030000e-01 1.975000e-01 -3.053588e-01 4.047901e-01 1.030000e-01 1.985000e-01 -3.056709e-01 4.049792e-01
-6.375000e-01 1.990000e-01 -2.328640e-01 4.115246e-01 -6.380000e-01 1.995000e-01 -2.329627e-01 4.114646e-01
-6.370000e-01 1.985000e-01 -2.327665e-01 4.115854e-01 -6.375000e-01 1.990000e-01 -2.328640e-01 4.115246e-01
1.030000e-01 1.985000e-01 -3.056709e-01 4.049792e-01 1.035000e-01 1.990000e-01 -3.055688e-01 4.049171e-01
1.035000e-01 1.990000e-01 -3.055688e-01 4.049171e-01 1.040000e-01 1.995000e-01 -3.054655e-01 4.048558e-01
-6.380000e-01 1.995000e-01 -2.329627e-01 4.114646e-01 -6.380000e-01 2.005000e-01 -2.326516e-01 4.116545e-01
1.040000e-01 1.995000e-01 -3.054655e-01 4.048558e-01 1.040000e-01 2.005000e-01 -3.057756e-01 4.050420e-01
-6.385000e-01 2.010000e-01 -2.327517e-01 4.115932e-01 -6.390000e-01 2.015000e-01 -2.328531e-01 4.115327e-01
-6.380000e-01 2.005000e-01 -2.326516e-01 4.116545e-01 -6.385000e-01 2.010000e-01 -2.327517e-01 4.115932e-01
1.040000e-01 2.005000e-01 -3.057756e-01 4.050420e-01 1.040000e-01 2.015000e-01 -3.060851e-01 4.052265e-01
-6.390000e-01 2.015000e-01 -2.328531e-01 4.115327e-01 -6.390000e-01 2.025000e-01 -2.325439e-01 4.117194e-01
1.040000e-01 2.015000e-01 -3.060851e-01 4.052265e-01 1.045000e-01 2.020000e-01 -3.059796e-01 4.051634e-01
1.045000e-01 2.020000e-01 -3.059796e-01 4.051634e-01 1.050000e-01 2.025000e-01 -3.058729e-01 4.051011e-01
-6.390000e-01 2.025000e-01 -2.325439e-01 4.117194e-01 -6.390000e-01 2.035000e-01 -2.322354e-01 4.119044e-01
1.050000e-01 2.025000e-01 -3.058729e-01 4.051011e-01 1.050000e-01 2.035000e-01 -3.061803e-01 4.052827e-01
-6.395000e-01 2.040000e-01 -2.323390e-01 4.118420e-01 -6.400000e-01 2.045000e-01 -2.324438e-01 4.117803e-01
-6.390000e-01 2.035000e-01 -2.322354e-01 4.119044e-01 -6.395000e-01 2.040000e-01 -2.323390e-01 4.118420e-01
1.050000e-01 2.035000e-01 -3.061803e-01 4.052827e-01 1.050000e-01 2.045000e-01 -3.064871e-01 4.054626e-01
-6.400000e-01 2.045000e-01 -2.324438e-01 4.117803e-01 -6.400000e-01 2.055000e-01 -2.321373e-01 4.119623e-01
1.050000e-01 2.045000e-01 -3.064871e-01 4.054626e-01 1.050000e-01 2.055000e-01 -3.067933e-01 4.056408e-01
-6.400000e-01 2.055000e-01 -2.321373e-01 4.119623e-01 -6.400000e-01 2.065000e-01 -2.318314e-01 4.121425e-01
1.050000e-01 2.055000e-01 -3.067933e-01 4.056408e-01 1.055000e-01 2.060000e-01 -3.066835e-01 4.055762e-01
1.055000e-01 2.060000e-01 -3.066835e-01 4.055762e-01 1.060000e-01 2.065000e-01 -3.065726e-01 4.055124e-01
-6.405000e-01 2.070000e-01 -2.319385e-01 4.120790e-01 -6.410000e-01 2.075000e-01 -2.320468e-01 4.120163e-01
-6.400000e-01 2.065000e-01 -2.318314e-01 4.121425e-01 -6.405000e-01 2.070000e-01 -2.319385e-01 4.120790e-01
1.060000e-01 2.065000e-01 -3.065726e-01 4.055124e-01 1.060000e-01 2.075000e-01 -3.068766e-01 4.056878e-01
-6.410000e-01 2.075000e-01 -2.320468e-01 4.120163e-01 -6.410000e-01 2.085000e-01 -2.317430e-01 4.121935e-01
1.060000e-01 2.075000e-01 -3.068766e-01 4.056878e-01 1.060000e-01 2.085000e-01 -3.071800e-01 4.058614e-01
-6.410000e-01 2.085000e-01 -2.317430e-01 4.121935e-01 -6.410000e-01 2.095000e-01 -2.314399e-01 4.123689e-01
1.060000e-01 2.085000e-01 -3.071800e-01 4.058614e-01 1.065000e-01 2.090000e-01 -3.070667e-01 4.057960e-01
1.065000e-01 2.090000e-01 -3.070667e-01 4.057960e-01 1.070000e-01 2.095000e-01 -3.069522e-01 4.057314e-01
-6.415000e-01 2.100000e-01 -2.315505e-01 4.123045e-01 -6.420000e-01 2.105000e-01 -2.316623e-01 4.122408e-01
-6.410000e-01 2.095000e-01 -2.314399e-01 4.123689e-01 -6.415000e-01 2.100000e-01 -2.315505e-01 4.123045e-01
1.070000e-01 2.095000e-01 -3.069522e-01 4.057314e-01 1.070000e-01 2.105000e-01 -3.072534e-01 4.059023e-01
-6.420000e-01 2.105000e-01 -2.316623e-01 4.122408e-01 -6.420000e-01 2.115000e-01 -2.313614e-01 4.124133e-01
1.070000e-01 2.105000e-01 -3.072534e-01 4.059023e-01 1.070000e-01 2.115000e-01 -3.075539e-01 4.060714e-01
-6.420000e-01 2.115000e-01 -2.313614e-01 4.124133e-01 -6.420000e-01 2.125000e-01 -2.310611e-01 4.125839e-01
1.070000e-01 2.115000e-01 -3.075539e-01 4.060714e-01 1.075000e-01 2.120000e-01 -3.074371e-01 4.060052e-01
1.075000e-01 2.120000e-01 -3.074371e-01 4.060052e-01 1.080000e-01 2.125000e-01 -3.073191e-01 4.059399e-01
-6.425000e-01 2.130000e-01 -2.311752e-01 4.125186e-01 -6.430000e-01 2.135000e-01 -2.312905e-01 4.124540e-01
-6.420000e-01 2.125000e-01 -2.310611e-01 4.125839e-01 -6.425000e-01 2.130000e-01 -2.311752e-01 4.125186e-01
1.080000e-01 2.125000e-01 -3.073191e-01 4.059399e-01 1.080000e-01 2.135000e-01 -3.076173e-01 4.061063e-01
-6.430000e-01 2.135000e-01 -2.312905e-01 4.124540e-01 -6.430000e-01 2.145000e-01 -2.309925e-01 4.126218e-01
1.080000e-01 2.135000e-01 -3.076173e-01 4.061063e-01 1.080000e-01 2.145000e-01 -3.079148e-01 4.062710e-01
-6.430000e-01 2.145000e-01 -2.309925e-01 4.126218e-01 -6.430000e-01 2.155000e-01 -2.306951e-01 4.127878e-01
1.080000e-01 2.145000e-01 -3.079148e-01 4.062710e-01 1.085000e-01 2.150000e-01 -3.077944e-01 4.062042e-01
1.085000e-01 2.150000e-01 -3.077944e-01 4.062042e-01 1.090000e-01 2.155000e-01 -3.076728e-01 4.061381e-01
-6.435000e-01 2.160000e-01 -2.308128e-01 4.127216e-01 -6.440000e-01 2.165000e-01 -2.309318e-01 4.126562e-01
-6.430000e-01 2.155000e-01 -2.306951e-01 4.127878e-01 -6.435000e-01 2.160000e-01 -2.308128e-01 4.127216e-01
1.090000e-01 2.155000e-01 -3.076728e-01 4.061381e-01 1.090000e-01 2.165000e-01 -3.079680e-01 4.063001e-01
-6.440000e-01 2.165000e-01 -2.309318e-01 4.126562e-01 -6.440000e-01 2.175000e-01 -2.306367e-01 4.128194e-01
1.090000e-01 2.165000e-01 -3.079680e-01 4.063001e-01 1.090000e-01 2.175000e-01 -3.082625e-01 4.064606e-01
-6.440000e-01 2.175000e-01 -2.306367e-01 4.128194e-01 -6.440000e-01 2.185000e-01 -2.303423e-01 4.129809e-01
1.090000e-01 2.175000e-01 -3.082625e-01 4.064606e-01 1.090000e-01 2.185000e-01 -3.085563e-01 4.066193e-01
-6.445000e-01 2.190000e-01 -2.304637e-01 4.129139e-01 -6.450000e-01 2.195000e-01 -2.305862e-01 4.128477e-01
-6.440000e-01 2.185000e-01 -2.303423e-01 4.129809e-01 -6.445000e-01 2.190000e-01 -2.304637e-01 4.129139e-01
1.090000e-01 2.185000e-01 -3.085563e-01 4.066193e-01 1.095000e-01 2.190000e-01 -3.084314e-01 4.065513e-01
1.095000e-01 2.190000e-01 -3.084314e-01 4.065513e-01 1.100000e-01 2.195000e-01 -3.083054e-01 4.064841e-01
-6.450000e-01 2.195000e-01 -2.305862e-01 4.128477e-01 -6.450000e-01 2.205000e-01 -2.302941e-01 4.130064e-01
1.100000e-01 2.195000e-01 -3.083054e-01 4.064841e-01 1.100000e-01 2.205000e-01 -3.085968e-01 4.066402e-01
-6.450000e-01 2.205000e-01 -2.302941e-01 4.130064e-01 -6.450000e-01 2.215000e-01 -2.300028e-01 4.131633e-01
1.100000e-01 2.205000e-01 -3.085968e-01 4.066402e-01 1.100000e-01 2.215000e-01 -3.088874e-01 4.067946e-01
-6.455000e-01 2.220000e-01 -2.301278e-01 4.130956e-01 -6.460000e-01 2.225000e-01 -2.302540e-01 4.130287e-01
-6.450000e-01 2.215000e-01 -2.300028e-01 4.131633e-01 -6.455000e-01 2.220000e-01 -2.301278e-01 4.130956e-01
1.100000e-01 2.215000e-01 -3.088874e-01 4.067946e-01 1.105000e-01 2.220000e-01 -3.087589e-01 4.067261e-01
1.105000e-01 2.220000e-01 -3.087589e-01 4.067261e-01 1.110000e-01 2.225000e-01 -3.086292e-01 4.066584e-01
-6.460000e-01 2.225000e-01 -2.302540e-01 4.130287e-01 -6.460000e-01 2.235000e-01 -2.299651e-01 4.131829e-01
1.110000e-01 2.225000e-01 -3.086292e-01 4.066584e-01 1.110000e-01 2.235000e-01 -3.089174e-01 4.068102e-01
-6.460000e-01 2.235000e-01 -2.299651e-01 4.131829e-01 -6.460000e-01 2.245000e-01 -2.296769e-01 4.133353e-01
1.110000e-01 2.235000e-01 -3.089174e-01 4.068102e-01 1.110000e-01 2.245000e-01 -3.092048e-01 4.069604e-01
-6.465000e-01 2.250000e-01 -2.298057e-01 4.132670e-01 -6.470000e-01 2.255000e-01 -2.299355e-01 4.131995e-01
-6.460000e-01 2.245000e-01 -2.296769e-01 4.133353e-01 -6.465000e-01 2.250000e-01 -2.298057e-01 4.132670e-01
1.110000e-01 2.245000e-01 -3.092048e-01 4.069604e-01 1.110000e-01 2.255000e-01 -3.094914e-01 4.071090e-01
-6.470000e-01 2.255000e-01 -2.299355e-01 4.131995e-01 -6.470000e-01 2.265000e-01 -2.296498e-01 4.133492e-01
1.110000e-01 2.255000e-01 -3.094914e-01 4.071090e-01 1.115000e-01 2.260000e-01 -3.093583e-01 4.070395e-01
1.115000e-01 2.260000e-01 -3.093583e-01 4.070395e-01 1.120000e-01 2.265000e-01 -3.092242e-01 4.069709e-01
-6.470000e-01 2.265000e-01 -2.296498e-01 4.133492e-01 -6.470000e-01 2.275000e-01 -2.293649e-01 4.134973e-01
1.120000e-01 2.265000e-01 -3.092242e-01 4.069709e-01 1.120000e-01 2.275000e-01 -3.095083e-01 4.071170e-01
-6.475000e-01 2.280000e-01 -2.294973e-01 4.134284e-01 -6.480000e-01 2.285000e-01 -2.296308e-01 4.133603e-01
-6.470000e-01 2.275000e-01 -2.293649e-01 4.134973e-01 -6.475000e-01 2.280000e-01 -2.294973e-01 4.134284e-01
1.120000e-01 2.275000e-01 -3.095083e-01 4.071170e-01 1.120000e-01 2.285000e-01 -3.097916e-01 4.072614e-01
-6.480000e-01 2.285000e-01 -2.296308e-01 4.133603e-01 -6.480000e-01 2.295000e-01 -2.293484e-01 4.135057e-01
1.120000e-01 2.285000e-01 -3.097916e-01 4.072614e-01 1.120000e-01 2.295000e-01 -3.100740e-01 4.074042e-01
-6.480000e-01 2.295000e-01 -2.293484e-01 4.135057e-01 -6.480000e-01 2.305000e-01 -2.290668e-01 4.136494e-01
1.120000e-01 2.295000e-01 -3.100740e-01 4.074042e-01 1.125000e-01 2.300000e-01 -3.099364e-01 4.073340e-01
1.125000e-01 2.300000e-01 -3.099364e-01 4.073340e-01 1.130000e-01 2.305000e-01 -3.097976e-01 4.072646e-01
-6.480000e-01 2.305000e-01 -2.290668e-01 4.136494e-01 -6.480000e-01 2.315000e-01 -2.287860e-01 4.137914e-01
1.130000e-01 2.305000e-01 -3.097976e-01 4.072646e-01 1.130000e-01 2.315000e-01 -3.100775e-01 4.074050e-01
-6.485000e-01 2.320000e-01 -2.289230e-01 4.137216e-01 -6.490000e-01 2.325000e-01 -2.290611e-01 4.136526e-01
-6.480000e-01 2.315000e-01 -2.287860e-01 4.137914e-01 -6.485000e-01 2.320000e-01 -2.289230e-01 4.137216e-01
1.130000e-01 2.315000e-01 -3.100775e-01 4.074050e-01 1.130000e-01 2.325000e-01 -3.103566e-01 4.075437e-01
-6.490000e-01 2.325000e-01 -2.290611e-01 4.136526e-01 -6.490000e-01 2.335000e-01 -2.287830e-01 4.137920e-01
1.130000e-01 2.325000e-01 -3.103566e-01 4.075437e-01 1.135000e-01 2.330000e-01 -3.102152e-01 4.074732e-01
1.135000e-01 2.330000e-01 -3.102152e-01 4.074732e-01 1.140000e-01 2.335000e-01 -3.100727e-01 4.074035e-01
-6.490000e-01 2.335000e-01 -2.287830e-01 4.137920e-01 -6.490000e-01 2.345000e-01 -2.285056e-01 4.139298e-01
1.140000e-01 2.335000e-01 -3.100727e-01 4.074035e-01 1.140000e-01 2.345000e-01 -3.103491e-01 4.075399e-01
-6.495000e-01 2.350000e-01 -2.286464e-01 4.138595e-01 -6.500000e-01 2.355000e-01 -2.287883e-01 4.137902e-01
-6.490000e-01 2.345000e-01 -2.285056e-01 4.139298e-01 -6.495000e-01 2.350000e-01 -2.286464e-01 4.138595e-01
1.140000e-01 2.345000e-01 -3.103491e-01 4.075399e-01 1.140000e-01 2.355000e-01 -3.106247e-01 4.076746e-01
-6.500000e-01 2.355000e-01 -2.287883e-01 4.137902e-01 -6.500000e-01 2.365000e-01 -2.285135e-01 4.139254e-01
1.140000e-01 2.355000e-01 -3.106247e-01 4.076746e-01 1.140000e-01 2.365000e-01 -3.108993e-01 4.078078e-01
-6.500000e-01 2.365000e-01 -2.285135e-01 4.139254e-01 -6.500000e-01 2.375000e-01 -2.282396e-01 4.140589e-01
1.140000e-01 2.365000e-01 -3.108993e-01 4.078078e-01 1.145000e-01 2.370000e-01 -3.107533e-01 4.077367e-01
1.145000e-01 2.370000e-01 -3.107533e-01 4.077367e-01 1.150000e-01 2.375000e-01 -3.106061e-01 4.076665e-01
-6.500000e-01 2.375000e-01 -2.282396e-01 4.140589e-01 -6.500000e-01 2.385000e-01 -2.279666e-01 4.141908e-01
1.150000e-01 2.375000e-01 -3.106061e-01 4.076665e-01 1.150000e-01 2.385000e-01 -3.108781e-01 4.077973e-01
-6.505000e-01 2.390000e-01 -2.281121e-01 4.141199e-01 -6.510000e-01 2.395000e-01 -2.282587e-01 4.140498e-01
-6.500000e-01 2.385000e-01 -2.279666e-01 4.141908e-01 -6.505000e-01 2.390000e-01 -2.281121e-01 4.141199e-01
1.150000e-01 2.385000e-01 -3.108781e-01 4.077973e-01 1.150000e-01 2.395000e-01 -3.111492e-01 4.079266e-01
-6.510000e-01 2.395000e-01 -2.282587e-01 4.140498e-01 -6.510000e-01 2.405000e-01 -2.279884e-01 4.141793e-01
1.150000e-01 2.395000e-01 -3.111492e-01 4.079266e-01 1.150000e-01 2.405000e-01 -3.114194e-01 4.080543e-01
-6.510000e-01 2.405000e-01 -2.279884e-01 4.141793e-01 -6.510000e-01 2.415000e-01 -2.277190e-01 4.143070e-01
1.150000e-01 2.405000e-01 -3.114194e-01 4.080543e-01 1.155000e-01 2.410000e-01 -3.112686e-01 4.079827e-01
1.155000e-01 2.410000e-01 -3.112686e-01 4.079827e-01 1.160000e-01 2.415000e-01 -3.111168e-01 4.079120e-01
-6.515000e-01 2.420000e-01 -2.278683e-01 4.142359e-01 -6.520000e-01 2.425000e-01 -2.280187e-01 4.141656e-01
-6.510000e-01 2.415000e-01 -2.277190e-01 4.143070e-01 -6.515000e-01 2.420000e-01 -2.278683e-01 4.142359e-01
1.160000e-01 2.415000e-01 -3.111168e-01 4.079120e-01 1.160000e-01 2.425000e-01 -3.113842e-01 4.080375e-01
-6.520000e-01 2.425000e-01 -2.280187e-01 4.141656e-01 -6.520000e-01 2.435000e-01 -2.277520e-01 4.142910e-01
1.160000e-01 2.425000e-01 -3.113842e-01 4.080375e-01 1.160000e-01 2.435000e-01 -3.116507e-01 4.081614e-01
-6.520000e-01 2.435000e-01 -2.277520e-01 4.142910e-01 -6.520000e-01 2.445000e-01 -2.274863e-01 4.144148e-01
1.160000e-01 2.435000e-01 -3.116507e-01 4.081614e-01 1.160000e-01 2.445000e-01 -3.119162e-01 4.082837e-01
-6.520000e-01 2.445000e-01 -2.274863e-01 4.144148e-01 -6.520000e-01 2.455000e-01 -2.272215e-01 4.145369e-01
1.160000e-01 2.445000e-01 -3.119162e-01 4.082837e-01 1.165000e-01 2.450000e-01 -3.117607e-01 4.082118e-01
1.165000e-01 2.450000e-01 -3.117607e-01 4.082118e-01 1.170000e-01 2.455000e-01 -3.116041e-01 4.081408e-01
-6.525000e-01 2.460000e-01 -2.273756e-01 4.144652e-01 -6.530000e-01 2.465000e-01 -2.275307e-01 4.143945e-01
-6.520000e-01 2.455000e-01 -2.272215e-01 4.145369e-01 -6.525000e-01 2.460000e-01 -2.273756e-01 4.144652e-01
1.170000e-01 2.455000e-01 -3.116041e-01 4.081408e-01 1.170000e-01 2.465000e-01 -3.118669e-01 4.082610e-01
-6.530000e-01 2.465000e-01 -2.275307e-01 4.143945e-01 -6.530000e-01 2.475000e-01 -2.272687e-01 4.145143e-01
1.170000e-01 2.465000e-01 -3.118669e-01 4.082610e-01 1.170000e-01 2.475000e-01 -3.121286e-01 4.083796e-01
-6.530000e-01 2.475000e-01 -2.272687e-01 4.145143e-01 -6.530000e-01 2.485000e-01 -2.270077e-01 4.146325e-01
1.170000e-01 2.475000e-01 -3.121286e-01 4.083796e-01 1.170000e-01 2.485000e-01 -3.123894e-01 4.084967e-01
-6.535000e-01 2.490000e-01 -2.271656e-01 4.145607e-01 -6.540000e-01 2.495000e-01 -2.273247e-01 4.144899e-01
-6.530000e-01 2.485000e-01 -2.270077e-01 4.146325e-01 -6.535000e-01 2.490000e-01 -2.271656e-01 4.145607e-01
1.170000e-01 2.485000e-01 -3.123894e-01 4.084967e-01 1.170000e-01 2.495000e-01 -3.126492e-01 4.086123e-01
-6.540000e-01 2.495000e-01 -2.273247e-01 4.144899e-01 -6.540000e-01 2.505000e-01 -2.270665e-01 4.146059e-01
1.170000e-01 2.495000e-01 -3.126492e-01 4.086123e-01 1.175000e-01 2.500000e-01 -3.124879e-01 4.085399e-01
1.175000e-01 2.500000e-01 -3.124879e-01 4.085399e-01 1.180000e-01 2.505000e-01 -3.123256e-01 4.084684e-01
-6.540000e-01 2.505000e-01 -2.270665e-01 4.146059e-01 -6.540000e-01 2.515000e-01 -2.268093e-01 4.147203e-01
1.180000e-01 2.505000e-01 -3.123256e-01 4.084684e-01 1.180000e-01 2.515000e-01 -3.125826e-01 4.085819e-01
-6.540000e-01 2.515000e-01 -2.268093e-01 4.147203e-01 -6.540000e-01 2.525000e-01 -2.265530e-01 4.148330e-01
1.180000e-01 2.515000e-01 -3.125826e-01 4.085819e-01 1.180000e-01 2.525000e-01 -3.128385e-01 4.086939e-01
-6.545000e-01 2.530000e-01 -2.267159e-01 4.147610e-01 -6.550000e-01 2.535000e-01 -2.268797e-01 4.146899e-01
-6.540000e-01 2.525000e-01 -2.265530e-01 4.148330e-01 -6.545000e-01 2.530000e-01 -2.267159e-01 4.147610e-01
1.180000e-01 2.525000e-01 -3.128385e-01 4.086939e-01 1.180000e-01 2.535000e-01 -3.130933e-01 4.088044e-01
-6.550000e-01 2.535000e-01 -2.268797e-01 4.146899e-01 -6.550000e-01 2.545000e-01 -2.266264e-01 4.148006e-01
1.180000e-01 2.535000e-01 -3.130933e-01 4.088044e-01 1.185000e-01 2.540000e-01 -3.129272e-01 4.087319e-01
1.185000e-01 2.540000e-01 -3.129272e-01 4.087319e-01 1.190000e-01 2.545000e-01 -3.127601e-01 4.086604e-01
-6.550000e-01 2.545000e-01 -2.266264e-01 4.148006e-01 -6.550000e-01 2.555000e-01 -2.263741e-01 4.149096e-01
1.190000e-01 2.545000e-01 -3.127601e-01 4.086604e-01 1.190000e-01 2.555000e-01 -3.130121e-01 4.087689e-01
-6.550000e-01 2.555000e-01 -2.263741e-01 4.149096e-01 -6.550000e-01 2.565000e-01 -2.261229e-01 4.150170e-01
1.190000e-01 2.555000e-01 -3.130121e-01 4.087689e-01 1.190000e-01 2.565000e-01 -3.132630e-01 4.088759e-01
-6.555000e-01 2.570000e-01 -2.262906e-01 4.149449e-01 -6.560000e-01 2.575000e-01 -2.264592e-01 4.148737e-01
-6.550000e-01 2.565000e-01 -2.261229e-01 4.150170e-01 -6.555000e-01 2.570000e-01 -2.262906e-01 4.149449e-01
1.190000e-01 2.565000e-01 -3.132630e-01 4.088759e-01 1.190000e-01 2.575000e-01 -3.135128e-01 4.089814e-01
-6.560000e-01 2.575000e-01 -2.264592e-01 4.148737e-01 -6.560000e-01 2.585000e-01 -2.262110e-01 4.149790e-01
1.190000e-01 2.575000e-01 -3.135128e-01 4.089814e-01 1.190000e-01 2.585000e-01 -3.137616e-01 4.090855e-01
-6.560000e-01 2.585000e-01 -2.262110e-01 4.149790e-01 -6.560000e-01 2.595000e-01 -2.259638e-01 4.150828e-01
1.190000e-01 2.585000e-01 -3.137616e-01 4.090855e-01 1.195000e-01 2.590000e-01 -3.135897e-01 4.090129e-01
1.195000e-01 2.590000e-01 -3.135897e-01 4.090129e-01 1.200000e-01 2.595000e-01 -3.134168e-01 4.089412e-01
-6.560000e-01 2.595000e-01 -2.259638e-01 4.150828e-01 -6.560000e-01 2.605000e-01 -2.257176e-01 4.151851e-01
1.200000e-01 2.595000e-01 -3.134168e-01 4.089412e-01 1.200000e-01 2.605000e-01 -3.136626e-01 4.090434e-01
-6.565000e-01 2.610000e-01 -2.258902e-01 4.151129e-01 -6.570000e-01 2.615000e-01 -2.260638e-01 4.150417e-01
-6.560000e-01 2.605000e-01 -2.257176e-01 4.151851e-01 -6.565000e-01 2.610000e-01 -2.258902e-01 4.151129e-01
1.200000e-01 2.605000e-01 -3.136626e-01 4.090434e-01 1.200000e-01 2.615000e-01 -3.139073e-01 4.091441e-01
-6.570000e-01 2.615000e-01 -2.260638e-01 4.150417e-01 -6.570000e-01 2.625000e-01 -2.258207e-01 4.151420e-01
1.200000e-01 2.615000e-01 -3.139073e-01 4.091441e-01 1.200000e-01 2.625000e-01 -3.141509e-01 4.092433e-01
-6.570000e-01 2.625000e-01 -2.258207e-01 4.151420e-01 -6.570000e-01 2.635000e-01 -2.255786e-01 4.152408e-01
1.200000e-01 2.625000e-01 -3.141509e-01 4.092433e-01 1.205000e-01 2.630000e-01 -3.139741e-01 4.091709e-01
1.205000e-01 2.630000e-01 -3.139741e-01 4.091709e-01 1.210000e-01 2.635000e-01 -3.137962e-01 4.090995e-01
-6.570000e-01 2.635000e-01 -2.255786e-01 4.152408e-01 -6.570000e-01 2.645000e-01 -2.253376e-01 4.153380e-01
1.210000e-01 2.635000e-01 -3.137962e-01 4.090995e-01 1.210000e-01 2.645000e-01 -3.140368e-01 4.091970e-01
-6.575000e-01 2.650000e-01 -2.255152e-01 4.152659e-01 -6.580000e-01 2.655000e-01 -2.256937e-01 4.151948e-01
-6.570000e-01 2.645000e-01 -2.253376e-01 4.153380e-01 -6.575000e-01 2.650000e-01 -2.255152e-01 4.152659e-01
1.210000e-01 2.645000e-01 -3.140368e-01 4.091970e-01 1.210000e-01 2.655000e-01 -3.142762e-01 4.092930e-01
-6.580000e-01 2.655000e-01 -2.256937e-01 4.151948e-01 -6.580000e-01 2.665000e-01 -2.254558e-01 4.152901e-01
1.210000e-01 2.655000e-01 -3.142762e-01 4.092930e-01 1.210000e-01 2.665000e-01 -3.145145e-01 4.093875e-01
-6.580000e-01 2.665000e-01 -2.254558e-01 4.152901e-01 -6.580000e-01 2.675000e-01 -2.252191e-01 4.153839e-01
1.210000e-01 2.665000e-01 -3.145145e-01 4.093875e-01 1.210000e-01 2.675000e-01 -3.147517e-01 4.094807e-01
-6.580000e-01 2.675000e-01 -2.252191e-01 4.153839e-01 -6.580000e-01 2.685000e-01 -2.249834e-01 4.154762e-01
1.210000e-01 2.675000e-01 -3.147517e-01 4.094807e-01 1.215000e-01 2.680000e-01 -3.145690e-01 4.094085e-01
1.215000e-01 2.680000e-01 -3.145690e-01 4.094085e-01 1.220000e-01 2.685000e-01 -3.143853e-01 4.093374e-01
-6.585000e-01 2.690000e-01 -2.251659e-01 4.154044e-01 -6.590000e-01 2.695000e-01 -2.253494e-01 4.153336e-01
-6.580000e-01 2.685000e-01 -2.249834e-01 4.154762e-01 -6.585000e-01 2.690000e-01 -2.251659e-01 4.154044e-01
1.220000e-01 2.685000e-01 -3.143853e-01 4.093374e-01 1.220000e-01 2.695000e-01 -3.146193e-01 4.094288e-01
-6.590000e-01 2.695000e-01 -2.253494e-01 4.153336e-01 -6.590000e-01 2.705000e-01 -2.251169e-01 4.154240e-01
1.220000e-01 2.695000e-01 -3.146193e-01 4.094288e-01 1.220000e-01 2.705000e-01 -3.148522e-01 4.095189e-01
-6.590000e-01 2.705000e-01 -2.251169e-01 4.154240e-01 -6.590000e-01 2.715000e-01 -2.248855e-01 4.155131e-01
1.220000e-01 2.705000e-01 -3.148522e-01 4.095189e-01 1.220000e-01 2.715000e-01 -3.150840e-01 4.096075e-01
-6.590000e-01 2.715000e-01 -2.248855e-01 4.155131e-01 -6.590000e-01 2.725000e-01 -2.246554e-01 4.156006e-01
1.220000e-01 2.715000e-01 -3.150840e-01 4.096075e-01 1.220000e-01 2.725000e-01 -3.153146e-01 4.096948e-01
-6.595000e-01 2.730000e-01 -2.248428e-01 4.155291e-01 -6.600000e-01 2.735000e-01 -2.250313e-01 4.154587e-01
-6.590000e-01 2.725000e-01 -2.246554e-01 4.156006e-01 -6.595000e-01 2.730000e-01 -2.248428e-01 4.155291e-01
1.220000e-01 2.725000e-01 -3.153146e-01 4.096948e-01 1.225000e-01 2.730000e-01 -3.151259e-01 4.096230e-01
1.225000e-01 2.730000e-01 -3.151259e-01 4.096230e-01 1.230000e-01 2.735000e-01 -3.149362e-01 4.095523e-01
-6.600000e-01 2.735000e-01 -2.250313e-01 4.154587e-01 -6.600000e-01 2.745000e-01 -2.248043e-01 4.155445e-01
1.230000e-01 2.735000e-01 -3.149362e-01 4.095523e-01 1.230000e-01 2.745000e-01 -3.151636e-01 4.096379e-01
-6.600000e-01 2.745000e-01 -2.248043e-01 4.155445e-01 -6.600000e-01 2.755000e-01 -2.245784e-01 4.156289e-01
1.230000e-01 2.745000e-01 -3.151636e-01 4.096379e-01 1.230000e-01 2.755000e-01 -3.153898e-01 4.097222e-01
-6.600000e-01 2.755000e-01 -2.245784e-01 4.156289e-01 -6.600000e-01 2.765000e-01 -2.243538e-01 4.157118e-01
1.230000e-01 2.755000e-01 -3.153898e-01 4.097222e-01 1.230000e-01 2.765000e-01 -3.156148e-01 4.098052e-01
-6.600000e-01 2.765000e-01 -2.243538e-01 4.157118e-01 -6.600000e-01 2.775000e-01 -2.241304e-01 4.157933e-01
1.230000e-01 2.765000e-01 -3.156148e-01 4.098052e-01 1.230000e-01 2.775000e-01 -3.158387e-01 4.098868e-01
-6.605000e-01 2.780000e-01 -2.243239e-01 4.157222e-01 -6.610000e-01 2.785000e-01 -2.245183e-01 4.156521e-01
-6.600000e-01 2.775000e-01 -2.241304e-01 4.157933e-01 -6.605000e-01 2.780000e-01 -2.243239e-01 4.157222e-01
1.230000e-01 2.775000e-01 -3.158387e-01 4.098868e-01 1.230000e-01 2.785000e-01 -3.160613e-01 4.099671e-01
-6.610000e-01 2.785000e-01 -2.245183e-01 4.156521e-01 -6.610000e-01 2.795000e-01 -2.242981e-01 4.157320e-01
1.230000e-01 2.785000e-01 -3.160613e-01 4.099671e-01 1.235000e-01 2.790000e-01 -3.158655e-01 4.098958e-01
1.235000e-01 2.790000e-01 -3.158655e-01 4.098958e-01 1.240000e-01 2.795000e-01 -3.156689e-01 4.098256e-01
-6.610000e-01 2.795000e-01 -2.242981e-01 4.157320e-01 -6.610000e-01 2.805000e-01 -2.240791e-01 4.158104e-01
1.240000e-01 2.795000e-01 -3.156689e-01 4.098256e-01 1.240000e-01 2.805000e-01 -3.158882e-01 4.099044e-01
-6.610000e-01 2.805000e-01 -2.240791e-01 4.158104e-01 -6.610000e-01 2.815000e-01 -2.238614e-01 4.158875e-01
1.240000e-01 2.805000e-01 -3.158882e-01 4.099044e-01 1.240000e-01 2.815000e-01 -3.161063e-01 4.099819e-01
-6.610000e-01 2.815000e-01 -2.238614e-01 4.158875e-01 -6.610000e-01 2.825000e-01 -2.236449e-01 4.159632e-01
1.240000e-01 2.815000e-01 -3.161063e-01 4.099819e-01 1.240000e-01 2.825000e-01 -3.163232e-01 4.100580e-01
-6.615000e-01 2.830000e-01 -2.238444e-01 4.158927e-01 -6.620000e-01 2.835000e-01 -2.240449e-01 4.158232e-01
-6.610000e-01 2.825000e-01 -2.236449e-01 4.159632e-01 -6.615000e-01 2.830000e-01 -2.238444e-01 4.158927e-01
1.240000e-01 2.825000e-01 -3.163232e-01 4.100580e-01 1.240000e-01 2.835000e-01 -3.165388e-01 4.101329e-01
-6.620000e-01 2.835000e-01 -2.240449e-01 4.158232e-01 -6.620000e-01 2.845000e-01 -2.238317e-01 4.158974e-01
1.240000e-01 2.835000e-01 -3.165388e-01 4.101329e-01 1.245000e-01 2.840000e-01 -3.163371e-01 4.100625e-01
1.245000e-01 2.840000e-01 -3.163371e-01 4.100625e-01 1.250000e-01 2.845000e-01 -3.161344e-01 4.099931e-01
-6.620000e-01 2.845000e-01 -2.238317e-01 4.158974e-01 -6.620000e-01 2.855000e-01 -2.236198e-01 4.159701e-01
1.250000e-01 2.845000e-01 -3.161344e-01 4.099931e-01 1.250000e-01 2.855000e-01 -3.163467e-01 4.100666e-01
-6.620000e-01 2.855000e-01 -2.236198e-01 4.159701e-01 -6.620000e-01 2.865000e-01 -2.234091e-01 4.160415e-01
1.250000e-01 2.855000e-01 -3.163467e-01 4.100666e-01 1.250000e-01 2.865000e-01 -3.165578e-01 4.101388e-01
-6.625000e-01 2.870000e-01 -2.236137e-01 4.159719e-01 -6.630000e-01 2.875000e-01 -2.238192e-01 4.159032e-01
-6.620000e-01 2.865000e-01 -2.234091e-01 4.160415e-01 -6.625000e-01 2.870000e-01 -2.236137e-01 4.159719e-01
1.250000e-01 2.865000e-01 -3.165578e-01 4.101388e-01 1.250000e-01 2.875000e-01 -3.167675e-01 4.102098e-01
-6.630000e-01 2.875000e-01 -2.238192e-01 4.159032e-01 -6.630000e-01 2.885000e-01 -2.236118e-01 4.159732e-01
1.250000e-01 2.875000e-01 -3.167675e-01 4.102098e-01 1.250000e-01 2.885000e-01 -3.169760e-01 4.102794e-01
-6.630000e-01 2.885000e-01 -2.236118e-01 4.159732e-01 -6.630000e-01 2.895000e-01 -2.234058e-01 4.160419e-01
1.250000e-01 2.885000e-01 -3.169760e-01 4.102794e-01 1.250000e-01 2.895000e-01 -3.171832e-01 4.103478e-01
-6.630000e-01 2.895000e-01 -2.234058e-01 4.160419e-01 -6.630000e-01 2.905000e-01 -2.232011e-01 4.161092e-01
1.250000e-01 2.895000e-01 -3.171832e-01 4.103478e-01 1.255000e-01 2.900000e-01 -3.169743e-01 4.102785e-01
1.255000e-01 2.900000e-01 -3.169743e-01 4.102785e-01 1.260000e-01 2.905000e-01 -3.167646e-01 4.102101e-01
-6.630000e-01 2.905000e-01 -2.232011e-01 4.161092e-01 -6.630000e-01 2.915000e-01 -2.229976e-01 4.161752e-01
1.260000e-01 2.905000e-01 -3.167646e-01 4.102101e-01 1.260000e-01 2.915000e-01 -3.169684e-01 4.102773e-01
-6.635000e-01 2.920000e-01 -2.232083e-01 4.161065e-01 -6.640000e-01 2.925000e-01 -2.234199e-01 4.160388e-01
-6.630000e-01 2.915000e-01 -2.229976e-01 4.161752e-01 -6.635000e-01 2.920000e-01 -2.232083e-01 4.161065e-01
1.260000e-01 2.915000e-01 -3.169684e-01 4.102773e-01 1.260000e-01 2.925000e-01 -3.171709e-01 4.103433e-01
-6.640000e-01 2.925000e-01 -2.234199e-01 4.160388e-01 -6.640000e-01 2.935000e-01 -2.232198e-01 4.161035e-01
1.260000e-01 2.925000e-01 -3.171709e-01 4.103433e-01 1.260000e-01 2.935000e-01 -3.173721e-01 4.104080e-01
-6.640000e-01 2.935000e-01 -2.232198e-01 4.161035e-01 -6.640000e-01 2.945000e-01 -2.230211e-01 4.161669e-01
1.260000e-01 2.935000e-01 -3.173721e-01 4.104080e-01 1.260000e-01 2.945000e-01 -3.175720e-01 4.104716e-01
-6.640000e-01 2.945000e-01 -2.230211e-01 4.161669e-01 -6.640000e-01 2.955000e-01 -2.228237e-01 4.162290e-01
1.260000e-01 2.945000e-01 -3.175720e-01 4.104716e-01 1.260000e-01 2.955000e-01 -3.177705e-01 4.105339e-01
-6.640000e-01 2.955000e-01 -2.228237e-01 4.162290e-01 -6.640000e-01 2.965000e-01 -2.226277e-01 4.162898e-01
1.260000e-01 2.955000e-01 -3.177705e-01 4.105339e-01 1.260000e-01 2.965000e-01 -3.179677e-01 4.105949e-01
-6.645000e-01 2.970000e-01 -2.228445e-01 4.162223e-01 -6.650000e-01 2.975000e-01 -2.230621e-01 4.161557e-01
-6.640000e-01 2.965000e-01 -2.226277e-01 4.162898e-01 -6.645000e-01 2.970000e-01 -2.228445e-01 4.162223e-01
1.260000e-01 2.965000e-01 -3.179677e-01 4.105949e-01 1.265000e-01 2.970000e-01 -3.177506e-01 4.105270e-01
1.265000e-01 2.970000e-01 -3.177506e-01 4.105270e-01 1.270000e-01 2.975000e-01 -3.175328e-01 4.104600e-01
-6.650000e-01 2.975000e-01 -2.230621e-01 4.161557e-01 -6.650000e-01 2.985000e-01 -2.228695e-01 4.162154e-01
1.270000e-01 2.975000e-01 -3.175328e-01 4.104600e-01 1.270000e-01 2.985000e-01 -3.177266e-01 4.105201e-01
-6.650000e-01 2.985000e-01 -2.228695e-01 4.162154e-01 -6.650000e-01 2.995000e-01 -2.226783e-01 4.162738e-01
1.270000e-01 2.985000e-01 -3.177266e-01 4.105201e-01 1.270000e-01 2.995000e-01 -3.179190e-01 4.105789e-01
-6.650000e-01 2.995000e-01 -2.226783e-01 4.162738e-01 -6.650000e-01 3.005000e-01 -2.224884e-01 4.163309e-01
1.270000e-01 2.995000e-01 -3.179190e-01 4.105789e-01 1.270000e-01 3.005000e-01 -3.181100e-01 4.106366e-01
-6.650000e-01 3.005000e-01 -2.224884e-01 4.163309e-01 -6.650000e-01 3.015000e-01 -2.222999e-01 4.163868e-01
1.270000e-01 3.005000e-01 -3.181100e-01 4.106366e-01 1.270000e-01 3.015000e-01 -3.182996e-01 4.106932e-01
-6.650000e-01 3.015000e-01 -2.222999e-01 4.163868e-01 -6.650000e-01 3.025000e-01 -2.221128e-01 4.164415e-01
1.270000e-01 3.015000e-01 -3.182996e-01 4.106932e-01 1.270000e-01 3.025000e-01 -3.184879e-01 4.107485e-01
-6.655000e-01 3.030000e-01 -2.223367e-01 4.163754e-01 -6.660000e-01 3.035000e-01 -2.225615e-01 4.163103e-01
-6.650000e-01 3.025000e-01 -2.221128e-01 4.164415e-01 -6.655000e-01 3.030000e-01 -2.223367e-01 4.163754e-01
1.270000e-01 3.025000e-01 -3.184879e-01 4.107485e-01 1.270000e-01 3.035000e-01 -3.186748e-01 4.108027e-01
-6.660000e-01 3.035000e-01 -2.225615e-01 4.163103e-01 -6.660000e-01 3.045000e-01 -2.223779e-01 4.163639e-01
1.270000e-01 3.035000e-01 -3.186748e-01 4.108027e-01 1.275000e-01 3.040000e-01 -3.184496e-01 4.107365e-01
1.275000e-01 3.040000e-01 -3.184496e-01 4.107365e-01 1.280000e-01 3.045000e-01 -3.182236e-01 4.106714e-01
-6.660000e-01 3.045000e-01 -2.223779e-01 4.163639e-01 -6.660000e-01 3.055000e-01 -2.221956e-01 4.164163e-01
1.280000e-01 3.045000e-01 -3.182236e-01 4.106714e-01 1.280000e-01 3.055000e-01 -3.184070e-01 4.107247e-01
-6.660000e-01 3.055000e-01 -2.221956e-01 4.164163e-01 -6.660000e-01 3.065000e-01 -2.220148e-01 4.164676e-01
1.280000e-01 3.055000e-01 -3.184070e-01 4.107247e-01 1.280000e-01 3.065000e-01 -3.185889e-01 4.107769e-01
-6.660000e-01 3.065000e-01 -2.220148e-01 4.164676e-01 -6.660000e-01 3.075000e-01 -2.218354e-01 4.165176e-01
1.280000e-01 3.065000e-01 -3.185889e-01 4.107769e-01 1.280000e-01 3.075000e-01 -3.187695e-01 4.108280e-01
-6.660000e-01 3.075000e-01 -2.218354e-01 4.165176e-01 -6.660000e-01 3.085000e-01 -2.216574e-01 4.165665e-01
1.280000e-01 3.075000e-01 -3.187695e-01 4.108280e-01 1.280000e-01 3.085000e-01 -3.189486e-01 4.108781e-01
-6.665000e-01 3.090000e-01 -2.218886e-01 4.165021e-01 -6.670000e-01 3.095000e-01 -2.221205e-01 4.164387e-01
-6.660000e-01 3.085000e-01 -2.216574e-01 4.165665e-01 -6.665000e-01 3.090000e-01 -2.218886e-01 4.165021e-01
1.280000e-01 3.085000e-01 -3.189486e-01 4.108781e-01 1.280000e-01 3.095000e-01 -3.191263e-01 4.109270e-01
-6.670000e-01 3.095000e-01 -2.221205e-01 4.164387e-01 -6.670000e-01 3.105000e-01 -2.219461e-01 4.164867e-01
1.280000e-01 3.095000e-01 -3.191263e-01 4.109270e-01 1.280000e-01 3.105000e-01 -3.193026e-01 4.109748e-01
-6.670000e-01 3.105000e-01 -2.219461e-01 4.164867e-01 -6.670000e-01 3.115000e-01 -2.217731e-01 4.165335e-01
1.280000e-01 3.105000e-01 -3.193026e-01 4.109748e-01 1.285000e-01 3.110000e-01 -3.190692e-01 4.109107e-01
1.285000e-01 3.110000e-01 -3.190692e-01 4.109107e-01 1.290000e-01 3.115000e-01 -3.188350e-01 4.108477e-01
-6.670000e-01 3.115000e-01 -2.217731e-01 4.165335e-01 -6.670000e-01 3.125000e-01 -2.216015e-01 4.165792e-01
1.290000e-01 3.115000e-01 -3.188350e-01 4.108477e-01 1.290000e-01 3.125000e-01 -3.190078e-01 4.108948e-01
-6.670000e-01 3.125000e-01 -2.216015e-01 4.165792e-01 -6.670000e-01 3.135000e-01 -2.214314e-01 4.166238e-01
1.290000e-01 3.125000e-01 -3.190078e-01 4.108948e-01 1.290000e-01 3.135000e-01 -3.191791e-01 4.109409e-01
-6.675000e-01 3.140000e-01 -2.216687e-01 4.165611e-01 -6.680000e-01 3.145000e-01 -2.219067e-01 4.164996e-01
-6.670000e-01 3.135000e-01 -2.214314e-01 4.166238e-01 -6.675000e-01 3.140000e-01 -2.216687e-01 4.165611e-01
1.290000e-01 3.135000e-01 -3.191791e-01 4.109409e-01 1.290000e-01 3.145000e-01 -3.193489e-01 4.109859e-01
-6.680000e-01 3.145000e-01 -2.219067e-01 4.164996e-01 -6.680000e-01 3.155000e-01 -2.217402e-01 4.165434e-01
1.290000e-01 3.145000e-01 -3.193489e-01 4.109859e-01 1.290000e-01 3.155000e-01 -3.195173e-01 4.110298e-01
-6.680000e-01 3.155000e-01 -2.217402e-01 4.165434e-01 -6.680000e-01 3.165000e-01 -2.215752e-01 4.165861e-01
1.290000e-01 3.155000e-01 -3.195173e-01 4.110298e-01 1.290000e-01 3.165000e-01 -3.196842e-01 4.110728e-01
-6.680000e-01 3.165000e-01 -2.215752e-01 4.165861e-01 -6.680000e-01 3.175000e-01 -2.214116e-01 4.166277e-01
1.290000e-01 3.165000e-01 -3.196842e-01 4.110728e-01 1.290000e-01 3.175000e-01 -3.198496e-01 4.111147e-01
-6.680000e-01 3.175000e-01 -2.214116e-01 4.166277e-01 -6.680000e-01 3.185000e-01 -2.212495e-01 4.166682e-01
1.290000e-01 3.175000e-01 -3.198496e-01 4.111147e-01 1.290000e-01 3.185000e-01 -3.200136e-01 4.111555e-01
-6.680000e-01 3.185000e-01 -2.212495e-01 4.166682e-01 -6.680000e-01 3.195000e-01 -2.210889e-01 4.167076e-01
1.290000e-01 3.185000e-01 -3.200136e-01 4.111555e-01 1.295000e-01 3.190000e-01 -3.197709e-01 4.110942e-01
1.295000e-01 3.190000e-01 -3.197709e-01 4.110942e-01 1.300000e-01 3.195000e-01 -3.195275e-01 4.110340e-01
-6.680000e-01 3.195000e-01 -2.210889e-01 4.167076e-01 -6.680000e-01 3.205000e-01 -2.209298e-01 4.167460e-01
1.300000e-01 3.195000e-01 -3.195275e-01 4.110340e-01 1.300000e-01 3.205000e-01 -3.196878e-01 4.110744e-01
-6.685000e-01 3.210000e-01 -2.211753e-01 4.166858e-01 -6.690000e-01 3.215000e-01 -2.214215e-01 4.166268e-01
-6.680000e-01 3.205000e-01 -2.209298e-01 4.167460e-01 -6.685000e-01 3.210000e-01 -2.211753e-01 4.166858e-01
1.300000e-01 3.205000e-01 -3.196878e-01 4.110744e-01 1.300000e-01 3.215000e-01 -3.198467e-01 4.111138e-01
-6.690000e-01 3.215000e-01 -2.214215e-01 4.166268e-01 -6.690000e-01 3.225000e-01 -2.212660e-01 4.166645e-01
1.300000e-01 3.215000e-01 -3.198467e-01 4.111138e-01 1.300000e-01 3.225000e-01 -3.200040e-01 4.111522e-01
-6.690000e-01 3.225000e-01 -2.212660e-01 4.166645e-01 -6.690000e-01 3.235000e-01 -2.211120e-01 4.167013e-01
1.300000e-01 3.225000e-01 -3.200040e-01 4.111522e-01 1.300000e-01 3.235000e-01 -3.201599e-01 4.111896e-01
-6.690000e-01 3.235000e-01 -2.211120e-01 4.167013e-01 -6.690000e-01 3.245000e-01 -2.209596e-01 4.167370e-01
1.300000e-01 3.235000e-01 -3.201599e-01 4.111896e-01 1.300000e-01 3.245000e-01 -3.203142e-01 4.112261e-01
-6.690000e-01 3.245000e-01 -2.209596e-01 4.167370e-01 -6.690000e-01 3.255000e-01 -2.208087e-01 4.167717e-01
1.300000e-01 3.245000e-01 -3.203142e-01 4.112261e-01 1.300000e-01 3.255000e-01 -3.204670e-01 4.112617e-01
-6.690000e-01 3.255000e-01 -2.208087e-01 4.167717e-01 -6.690000e-01 3.265000e-01 -2.206593e-01 4.168054e-01
1.300000e-01 3.255000e-01 -3.204670e-01 4.112617e-01 1.300000e-01 3.265000e-01 -3.206183e-01 4.112963e-01
-6.690000e-01 3.265000e-01 -2.206593e-01 4.168054e-01 -6.690000e-01 3.275000e-01 -2.205114e-01 4.168380e-01
1.300000e-01 3.265000e-01 -3.206183e-01 4.112963e-01 1.300000e-01 3.275000e-01 -3.207681e-01 4.113300e-01
-6.695000e-01 3.280000e-01 -2.207651e-01 4.167807e-01 -6.700000e-01 3.285000e-01 -2.210195e-01 4.167245e-01
-6.690000e-01 3.275000e-01 -2.205114e-01 4.168380e-01 -6.695000e-01 3.280000e-01 -2.207651e-01 4.167807e-01
1.300000e-01 3.275000e-01 -3.207681e-01 4.113300e-01 1.305000e-01 3.280000e-01 -3.205151e-01 4.112722e-01
1.305000e-01 3.280000e-01 -3.205151e-01 4.112722e-01 1.310000e-01 3.285000e-01 -3.202614e-01 4.112155e-01
-6.700000e-01 3.285000e-01 -2.210195e-01 4.167245e-01 -6.700000e-01 3.295000e-01 -2.208753e-01 4.167568e-01
1.310000e-01 3.285000e-01 -3.202614e-01 4.112155e-01 1.310000e-01 3.295000e-01 -3.204075e-01 4.112489e-01
-6.700000e-01 3.295000e-01 -2.208753e-01 4.167568e-01 -6.700000e-01 3.305000e-01 -2.207327e-01 4.167881e-01
1.310000e-01 3.295000e-01 -3.204075e-01 4.112489e-01 1.310000e-01 3.305000e-01 -3.205521e-01 4.112814e-01
-6.700000e-01 3.305000e-01 -2.207327e-01 4.167881e-01 -6.700000e-01 3.315000e-01 -2.205916e-01 4.168184e-01
1.310000e-01 3.305000e-01 -3.205521e-01 4.112814e-01 1.310000e-01 3.315000e-01 -3.206951e-01 4.113130e-01
-6.700000e-01 3.315000e-01 -2.205916e-01 4.168184e-01 -6.700000e-01 3.325000e-01 -2.204521e-01 4.168478e-01
1.310000e-01 3.315000e-01 -3.206951e-01 4.113130e-01 1.310000e-01 3.325000e-01 -3.208365e-01 4.113437e-01
-6.700000e-01 3.325000e-01 -2.204521e-01 4.168478e-01 -6.700000e-01 3.335000e-01 -2.203141e-01 4.168763e-01
1.310000e-01 3.325000e-01 -3.208365e-01 4.113437e-01 1.310000e-01 3.335000e-01 -3.209764e-01 4.113736e-01
-6.700000e-01 3.335000e-01 -2.203141e-01 4.168763e-01 -6.700000e-01 3.345000e-01 -2.201778e-01 4.169038e-01
1.310000e-01 3.335000e-01 -3.209764e-01 4.113736e-01 1.310000e-01 3.345000e-01 -3.211148e-01 4.114026e-01
-6.705000e-01 3.350000e-01 -2.204396e-01 4.168497e-01 -6.710000e-01 3.355000e-01 -2.207021e-01 4.167967e-01
-6.700000e-01 3.345000e-01 -2.201778e-01 4.169038e-01 -6.705000e-01 3.350000e-01 -2.204396e-01 4.168497e-01
1.310000e-01 3.345000e-01 -3.211148e-01 4.114026e-01 1.310000e-01 3.355000e-01 -3.212515e-01 4.114307e-01
-6.710000e-01 3.355000e-01 -2.207021e-01 4.167967e-01 -6.710000e-01 3.365000e-01 -2.205694e-01 4.168240e-01
1.310000e-01 3.355000e-01 -3.212515e-01 4.114307e-01 1.310000e-01 3.365000e-01 -3.213867e-01 4.114580e-01
-6.710000e-01 3.365000e-01 -2.205694e-01 4.168240e-01 -6.710000e-01 3.375000e-01 -2.204384e-01 4.168504e-01
1.310000e-01 3.365000e-01 -3.213867e-01 4.114580e-01 1.310000e-01 3.375000e-01 -3.215203e-01 4.114845e-01
-6.710000e-01 3.375000e-01 -2.204384e-01 4.168504e-01 -6.710000e-01 3.385000e-01 -2.203088e-01 4.168759e-01
1.310000e-01 3.375000e-01 -3.215203e-01 4.114845e-01 1.310000e-01 3.385000e-01 -3.216523e-01 4.115102e-01
-6.710000e-01 3.385000e-01 -2.203088e-01 4.168759e-01 -6.710000e-01 3.395000e-01 -2.201809e-01 4.169005e-01
1.310000e-01 3.385000e-01 -3.216523e-01 4.115102e-01 1.315000e-01 3.390000e-01 -3.213870e-01 4.114574e-01
1.315000e-01 3.390000e-01 -3.213870e-01 4.114574e-01 1.320000e-01 3.395000e-01 -3.211210e-01 4.114056e-01
-6.710000e-01 3.395000e-01 -2.201809e-01 4.169005e-01 -6.710000e-01 3.405000e-01 -2.200547e-01 4.169243e-01
-2.775000e-01 3.400000e-01 -2.523906e-01 6.026962e-01 -2.780000e-01 3.405000e-01 -2.507724e-01 6.025687e-01
-2.775000e-01 3.400000e-01 -2.523906e-01 6.026962e-01 -2.765000e-01 3.400000e-01 -2.553979e-01 6.028986e-01
-2.765000e-01 3.400000e-01 -2.553979e-01 6.028986e-01 -2.755000e-01 3.400000e-01 -2.584148e-01 6.030624e-01
-2.755000e-01 3.400000e-01 -2.584148e-01 6.030624e-01 -2.745000e-01 3.400000e-01 -2.614395e-01 6.031875e-01
-2.745000e-01 3.400000e-01 -2.614395e-01 6.031875e-01 -2.735000e-01 3.400000e-01 -2.644703e-01 6.032735e-01
-2.735000e-01 3.400000e-01 -2.644703e-01 6.032735e-01 -2.725000e-01 3.400000e-01 -2.675053e-01 6.033202e-01
-2.725000e-01 3.400000e-01 -2.675053e-01 6.033202e-01 -2.715000e-01 3.400000e-01 -2.705426e-01 6.033277e-01
-2.715000e-01 3.400000e-01 -2.705426e-01 6.033277e-01 -2.705000e-01 3.400000e-01 -2.735806e-01 6.032958e-01
-2.705000e-01 3.400000e-01 -2.735806e-01 6.032958e-01 -2.695000e-01 3.400000e-01 -2.766172e-01 6.032245e-01
-2.695000e-01 3.400000e-01 -2.766172e-01 6.032245e-01 -2.685000e-01 3.400000e-01 -2.796508e-01 6.031139e-01
-2.685000e-01 3.400000e-01 -2.796508e-01 6.031139e-01 -2.675000e-01 3.400000e-01 -2.826795e-01 6.029643e-01
-2.675000e-01 3.400000e-01 -2.826795e-01 6.029643e-01 -2.670000e-01 3.405000e-01 -2.842847e-01 6.028667e-01
1.320000e-01 3.395000e-01 -3.211210e-01 4.114056e-01 1.320000e-01 3.405000e-01 -3.212493e-01 4.114313e-01
-6.710000e-01 3.405000e-01 -2.200547e-01 4.169243e-01 -6.710000e-01 3.415000e-01 -2.199300e-01 4.169472e-01
-2.865000e-01 3.410000e-01 -2.254837e-01 5.991264e-01 -2.870000e-01 3.415000e-01 -2.237716e-01 5.987869e-01
-2.865000e-01 3.410000e-01 -2.254837e-01 5.991264e-01 -2.855000e-01 3.410000e-01 -2.283641e-01 5.996635e-01
-2.855000e-01 3.410000e-01 -2.283641e-01 5.996635e-01 -2.845000e-01 3.410000e-01 -2.312691e-01 6.001667e-01
-2.845000e-01 3.410000e-01 -2.312691e-01 6.001667e-01 -2.835000e-01 3.410000e-01 -2.341972e-01 6.006353e-01
-2.835000e-01 3.410000e-01 -2.341972e-01 6.006353e-01 -2.825000e-01 3.410000e-01 -2.371471e-01 6.010685e-01
-2.825000e-01 3.410000e-01 -2.371471e-01 6.010685e-01 -2.815000e-01 3.410000e-01 -2.401172e-01 6.014656e-01
-2.815000e-01 3.410000e-01 -2.401172e-01 6.014656e-01 -2.805000e-01 3.410000e-01 -2.431058e-01 6.018258e-01
-2.805000e-01 3.410000e-01 -2.431058e-01 6.018258e-01 -2.795000e-01 3.410000e-01 -2.461114e-01 6.021485e-01
-2.795000e-01 3.410000e-01 -2.461114e-01 6.021485e-01 -2.785000e-01 3.410000e-01 -2.491322e-01 6.024332e-01
-2.780000e-01 3.405000e-01 -2.507724e-01 6.025687e-01 -2.785000e-01 3.410000e-01 -2.491322e-01 6.024332e-01
-2.670000e-01 3.405000e-01 -2.842847e-01 6.028667e-01 -2.665000e-01 3.410000e-01 -2.859117e-01 6.027616e-01
-2.665000e-01 3.410000e-01 -2.859117e-01 6.027616e-01 -2.655000e-01 3.410000e-01 -2.889641e-01 6.025293e-01
-2.655000e-01 3.410000e-01 -2.889641e-01 6.025293e-01 -2.645000e-01 3.410000e-01 -2.920058e-01 6.022578e-01
-2.645000e-01 3.410000e-01 -2.920058e-01 6.022578e-01 -2.635000e-01 3.410000e-01 -2.950350e-01 6.019477e-01
-2.635000e-01 3.410000e-01 -2.950350e-01 6.019477e-01 -2.625000e-01 3.410000e-01 -2.980501e-01 6.015994e-01
-2.625000e-01 3.410000e-01 -2.980501e-01 6.015994e-01 -2.615000e-01 3.410000e-01 -3.010492e-01 6.012136e-01
-2.615000e-01 3.410000e-01 -3.010492e-01 6.012136e-01 -2.605000e-01 3.410000e-01 -3.040307e-01 6.007907e-01
-2.605000e-01 3.410000e-01 -3.040307e-01 6.007907e-01 -2.595000e-01 3.410000e-01 -3.069931e-01 6.003315e-01
-2.595000e-01 3.410000e-01 -3.069931e-01 6.003315e-01 -2.585000e-01 3.410000e-01 -3.099346e-01 5.998367e-01
-2.585000e-01 3.410000e-01 -3.099346e-01 5.998367e-01 -2.580000e-01 3.415000e-01 -3.116589e-01 5.995262e-01
1.320000e-01 3.405000e-01 -3.212493e-01 4.114313e-01 1.320000e-01 3.415000e-01 -3.213760e-01 4.114561e-01
-6.710000e-01 3.415000e-01 -2.199300e-01 4.169472e-01 -6.710000e-01 3.425000e-01 -2.198069e-01 4.169693e-01
-2.915000e-01 3.420000e-01 -2.107822e-01 5.957872e-01 -2.920000e-01 3.425000e-01 -2.090472e-01 5.953224e-01
-2.915000e-01 3.420000e-01 -2.107822e-01 5.957872e-01 -2.905000e-01 3.420000e-01 -2.135493e-01 5.964943e-01
-2.905000e-01 3.420000e-01 -2.135493e-01 5.964943e-01 -2.895000e-01 3.420000e-01 -2.163482e-01 5.971719e-01
-2.895000e-01 3.420000e-01 -2.163482e-01 5.971719e-01 -2.885000e-01 3.420000e-01 -2.191777e-01 5.978188e-01
-2.885000e-01 3.420000e-01 -2.191777e-01 5.978188e-01 -2.875000e-01 3.420000e-01 -2.220367e-01 5.984341e-01
-2.870000e-01 3.415000e-01 -2.237716e-01 5.987869e-01 -2.875000e-01 3.420000e-01 -2.220367e-01 5.984341e-01
-2.580000e-01 3.415000e-01 -3.116589e-01 5.995262e-01 -2.575000e-01 3.420000e-01 -3.134066e-01 5.992031e-01
-2.575000e-01 3.420000e-01 -3.134066e-01 5.992031e-01 -2.565000e-01 3.420000e-01 -3.163359e-01 5.986270e-01
-2.565000e-01 3.420000e-01 -3.163359e-01 5.986270e-01 -2.555000e-01 3.420000e-01 -3.192392e-01 5.980171e-01
-2.555000e-01 3.420000e-01 -3.192392e-01 5.980171e-01 -2.545000e-01 3.420000e-01 -3.221151e-01 5.973744e-01
-2.545000e-01 3.420000e-01 -3.221151e-01 5.973744e-01 -2.535000e-01 3.420000e-01 -3.249622e-01 5.966998e-01
-2.535000e-01 3.420000e-01 -3.249622e-01 5.966998e-01 -2.530000e-01 3.425000e-01 -3.267233e-01 5.962608e-01
1.320000e-01 3.415000e-01 -3.213760e-01 4.114561e-01 1.320000e-01 3.425000e-01 -3.215011e-01 4.114802e-01
-6.715000e-01 3.430000e-01 -2.200779e-01 4.169192e-01 -6.720000e-01 3.435000e-01 -2.203495e-01 4.168701e-01
-6.710000e-01 3.425000e-01 -2.198069e-01 4.169693e-01 -6.715000e-01 3.430000e-01 -2.200779e-01 4.169192e-01
-2.955000e-01 3.430000e-01 -1.992154e-01 5.924254e-01 -2.960000e-01 3.435000e-01 -1.974786e-01 5.918596e-01
-2.955000e-01 3.430000e-01 -1.992154e-01 5.924254e-01 -2.945000e-01 3.430000e-01 -2.018708e-01 5.932568e-01
-2.945000e-01 3.430000e-01 -2.018708e-01 5.932568e-01 -2.935000e-01 3.430000e-01 -2.045627e-01 5.940626e-01
-2.935000e-01 3.430000e-01 -2.045627e-01 5.940626e-01 -2.925000e-01 3.430000e-01 -2.072904e-01 5.948416e-01
-2.920000e-01 3.425000e-01 -2.090472e-01 5.953224e-01 -2.925000e-01 3.430000e-01 -2.072904e-01 5.948416e-01
-2.530000e-01 3.425000e-01 -3.267233e-01 5.962608e-01 -2.525000e-01 3.430000e-01 -3.285074e-01 5.958062e-01
-2.525000e-01 3.430000e-01 -3.285074e-01 5.958062e-01 -2.515000e-01 3.430000e-01 -3.313229e-01 5.950554e-01
-2.515000e-01 3.430000e-01 -3.313229e-01 5.950554e-01 -2.505000e-01 3.430000e-01 -3.341051e-01 5.942755e-01
-2.505000e-01 3.430000e-01 -3.341051e-01 5.942755e-01 -2.495000e-01 3.430000e-01 -3.368530e-01 5.934675e-01
-2.495000e-01 3.430000e-01 -3.368530e-01 5.934675e-01 -2.485000e-01 3.430000e-01 -3.395657e-01 5.926327e-01
-2.485000e-01 3.430000e-01 -3.395657e-01 5.926327e-01 -2.480000e-01 3.435000e-01 -3.413341e-01 5.920671e-01
1.320000e-01 3.425000e-01 -3.215011e-01 4.114802e-01 1.320000e-01 3.435000e-01 -3.216246e-01 4.115035e-01
-6.720000e-01 3.435000e-01 -2.203495e-01 4.168701e-01 -6.720000e-01 3.445000e-01 -2.202301e-01 4.168922e-01
-2.995000e-01 3.440000e-01 -1.880327e-01 5.885212e-01 -3.000000e-01 3.445000e-01 -1.863120e-01 5.878589e-01
-2.995000e-01 3.440000e-01 -1.880327e-01 5.885212e-01 -2.985000e-01 3.440000e-01 -1.905554e-01 5.894609e-01
-2.985000e-01 3.440000e-01 -1.905554e-01 5.894609e-01 -2.975000e-01 3.440000e-01 -1.931184e-01 5.903794e-01
-2.975000e-01 3.440000e-01 -1.931184e-01 5.903794e-01 -2.965000e-01 3.440000e-01 -1.957212e-01 5.912757e-01
-2.960000e-01 3.435000e-01 -1.974786e-01 5.918596e-01 -2.965000e-01 3.440000e-01 -1.957212e-01 5.912757e-01
-2.480000e-01 3.435000e-01 -3.413341e-01 5.920671e-01 -2.475000e-01 3.440000e-01 -3.431239e-01 5.914834e-01
-2.475000e-01 3.440000e-01 -3.431239e-01 5.914834e-01 -2.465000e-01 3.440000e-01 -3.457876e-01 5.905807e-01
-2.465000e-01 3.440000e-01 -3.457876e-01 5.905807e-01 -2.455000e-01 3.440000e-01 -3.484124e-01 5.896543e-01
-2.455000e-01 3.440000e-01 -3.484124e-01 5.896543e-01 -2.450000e-01 3.445000e-01 -3.501794e-01 5.890084e-01
1.320000e-01 3.435000e-01 -3.216246e-01 4.115035e-01 1.320000e-01 3.445000e-01 -3.217465e-01 4.115260e-01
-6.720000e-01 3.445000e-01 -2.202301e-01 4.168922e-01 -6.720000e-01 3.455000e-01 -2.201124e-01 4.169134e-01
-3.025000e-01 3.450000e-01 -1.796973e-01 5.851669e-01 -3.030000e-01 3.455000e-01 -1.779955e-01 5.844313e-01
-3.025000e-01 3.450000e-01 -1.796973e-01 5.851669e-01 -3.015000e-01 3.450000e-01 -1.821137e-01 5.861805e-01
-3.015000e-01 3.450000e-01 -1.821137e-01 5.861805e-01 -3.005000e-01 3.450000e-01 -1.845727e-01 5.871767e-01
-3.000000e-01 3.445000e-01 -1.863120e-01 5.878589e-01 -3.005000e-01 3.450000e-01 -1.845727e-01 5.871767e-01
-2.450000e-01 3.445000e-01 -3.501794e-01 5.890084e-01 -2.445000e-01 3.450000e-01 -3.519665e-01 5.883427e-01
-2.445000e-01 3.450000e-01 -3.519665e-01 5.883427e-01 -2.435000e-01 3.450000e-01 -3.545325e-01 5.873544e-01
-2.435000e-01 3.450000e-01 -3.545325e-01 5.873544e-01 -2.425000e-01 3.450000e-01 -3.570567e-01 5.863460e-01
-2.425000e-01 3.450000e-01 -3.570567e-01 5.863460e-01 -2.420000e-01 3.455000e-01 -3.588113e-01 5.856224e-01
1.320000e-01 3.445000e-01 -3.217465e-01 4.115260e-01 1.320000e-01 3.455000e-01 -3.218668e-01 4.115478e-01
-6.720000e-01 3.455000e-01 -2.201124e-01 4.169134e-01 -6.720000e-01 3.465000e-01 -2.199963e-01 4.169338e-01
-3.055000e-01 3.460000e-01 -1.716306e-01 5.815345e-01 -3.060000e-01 3.465000e-01 -1.699573e-01 5.807300e-01
-3.055000e-01 3.460000e-01 -1.716306e-01 5.815345e-01 -3.045000e-01 3.460000e-01 -1.739316e-01 5.826116e-01
-3.045000e-01 3.460000e-01 -1.739316e-01 5.826116e-01 -3.035000e-01 3.460000e-01 -1.762768e-01 5.836749e-01
-3.030000e-01 3.455000e-01 -1.779955e-01 5.844313e-01 -3.035000e-01 3.460000e-01 -1.762768e-01 5.836749e-01
-2.420000e-01 3.455000e-01 -3.588113e-01 5.856224e-01 -2.415000e-01 3.460000e-01 -3.605843e-01 5.848778e-01
-2.415000e-01 3.460000e-01 -3.605843e-01 5.848778e-01 -2.405000e-01 3.460000e-01 -3.630410e-01 5.838143e-01
-2.405000e-01 3.460000e-01 -3.630410e-01 5.838143e-01 -2.395000e-01 3.460000e-01 -3.654537e-01 5.827346e-01
-2.395000e-01 3.460000e-01 -3.654537e-01 5.827346e-01 -2.390000e-01 3.465000e-01 -3.671854e-01 5.819372e-01
1.320000e-01 3.455000e-01 -3.218668e-01 4.115478e-01 1.320000e-01 3.465000e-01 -3.219855e-01 4.115689e-01
-6.720000e-01 3.465000e-01 -2.199963e-01 4.169338e-01 -6.720000e-01 3.475000e-01 -2.198818e-01 4.169535e-01
-3.075000e-01 3.470000e-01 -1.660453e-01 5.787847e-01 -3.080000e-01 3.475000e-01 -1.643913e-01 5.779299e-01
-3.075000e-01 3.470000e-01 -1.660453e-01 5.787847e-01 -3.065000e-01 3.470000e-01 -1.682690e-01 5.799039e-01
-3.060000e-01 3.465000e-01 -1.699573e-01 5.807300e-01 -3.065000e-01 3.470000e-01 -1.682690e-01 5.799039e-01
-2.390000e-01 3.465000e-01 -3.671854e-01 5.819372e-01 -2.385000e-01 3.470000e-01 -3.689337e-01 5.811179e-01
-2.385000e-01 3.470000e-01 -3.689337e-01 5.811179e-01 -2.375000e-01 3.470000e-01 -3.712714e-01 5.799905e-01
-2.375000e-01 3.470000e-01 -3.712714e-01 5.799905e-01 -2.370000e-01 3.475000e-01 -3.729875e-01 5.791393e-01
1.320000e-01 3.465000e-01 -3.219855e-01 4.115689e-01 1.320000e-01 3.475000e-01 -3.221025e-01 4.115893e-01
-6.720000e-01 3.475000e-01 -2.198818e-01 4.169535e-01 -6.720000e-01 3.485000e-01 -2.197690e-01 4.169723e-01
-3.095000e-01 3.480000e-01 -1.605815e-01 5.758967e-01 -3.100000e-01 3.485000e-01 -1.589513e-01 5.749939e-01
-3.095000e-01 3.480000e-01 -1.605815e-01 5.758967e-01 -3.085000e-01 3.480000e-01 -1.627237e-01 5.770528e-01
-3.080000e-01 3.475000e-01 -1.643913e-01 5.779299e-01 -3.085000e-01 3.480000e-01 -1.627237e-01 5.770528e-01
-2.370000e-01 3.475000e-01 -3.729875e-01 5.791393e-01 -2.365000e-01 3.480000e-01 -3.747187e-01 5.782653e-01
-2.365000e-01 3.480000e-01 -3.747187e-01 5.782653e-01 -2.355000e-01 3.480000e-01 -3.769765e-01 5.770957e-01
-2.355000e-01 3.480000e-01 -3.769765e-01 5.770957e-01 -2.345000e-01 3.480000e-01 -3.791879e-01 5.759161e-01
-2.345000e-01 3.480000e-01 -3.791879e-01 5.759161e-01 -2.340000e-01 3.485000e-01 -3.808647e-01 5.749998e-01
1.320000e-01 3.475000e-01 -3.221025e-01 4.115893e-01 1.320000e-01 3.485000e-01 -3.222179e-01 4.116089e-01
-6.720000e-01 3.485000e-01 -2.197690e-01 4.169723e-01 -6.720000e-01 3.495000e-01 -2.196578e-01 4.169904e-01
-3.115000e-01 3.490000e-01 -1.552518e-01 5.728808e-01 -3.120000e-01 3.495000e-01 -1.536497e-01 5.719326e-01
-3.115000e-01 3.490000e-01 -1.552518e-01 5.728808e-01 -3.105000e-01 3.490000e-01 -1.573090e-01 5.740684e-01
-3.100000e-01 3.485000e-01 -1.589513e-01 5.749939e-01 -3.105000e-01 3.490000e-01 -1.573090e-01 5.740684e-01
-2.340000e-01 3.485000e-01 -3.808647e-01 5.749998e-01 -2.335000e-01 3.490000e-01 -3.825545e-01 5.740602e-01
-2.335000e-01 3.490000e-01 -3.825545e-01 5.740602e-01 -2.325000e-01 3.490000e-01 -3.846809e-01 5.728466e-01
-2.325000e-01 3.490000e-01 -3.846809e-01 5.728466e-01 -2.320000e-01 3.495000e-01 -3.863308e-01 5.718825e-01
1.320000e-01 3.485000e-01 -3.222179e-01 4.116089e-01 1.320000e-01 3.495000e-01 -3.223316e-01 4.116278e-01
-6.720000e-01 3.495000e-01 -2.196578e-01 4.169904e-01 -6.720000e-01 3.505000e-01 -2.195483e-01 4.170077e-01
-3.135000e-01 3.500000e-01 -1.500676e-01 5.697478e-01 -3.140000e-01 3.505000e-01 -1.484975e-01 5.687570e-01
-3.135000e-01 3.500000e-01 -1.500676e-01 5.697478e-01 -3.125000e-01 3.500000e-01 -1.520370e-01 5.709613e-01
-3.120000e-01 3.495000e-01 -1.536497e-01 5.719326e-01 -3.125000e-01 3.500000e-01 -1.520370e-01 5.709613e-01
-2.320000e-01 3.495000e-01 -3.863308e-01 5.718825e-01 -2.315000e-01 3.500000e-01 -3.879921e-01 5.708950e-01
-2.315000e-01 3.500000e-01 -3.879921e-01 5.708950e-01 -2.305000e-01 3.500000e-01 -3.900304e-01 5.696530e-01
-2.305000e-01 3.500000e-01 -3.900304e-01 5.696530e-01 -2.300000e-01 3.505000e-01 -3.916492e-01 5.686443e-01
1.320000e-01 3.495000e-01 -3.223316e-01 4.116278e-01 1.320000e-01 3.505000e-01 -3.224438e-01 4.116460e-01
-6.725000e-01 3.510000e-01 -2.198284e-01 4.169621e-01 -6.730000e-01 3.515000e-01 -2.201090e-01 4.169175e-01
-6.720000e-01 3.505000e-01 -2.195483e-01 4.170077e-01 -6.725000e-01 3.510000e-01 -2.198284e-01 4.169621e-01
-3.155000e-01 3.510000e-01 -1.450389e-01 5.665093e-01 -3.160000e-01 3.515000e-01 -1.435046e-01 5.654791e-01
-3.155000e-01 3.510000e-01 -1.450389e-01 5.665093e-01 -3.145000e-01 3.510000e-01 -1.469185e-01 5.677432e-01
-3.140000e-01 3.505000e-01 -1.484975e-01 5.687570e-01 -3.145000e-01 3.510000e-01 -1.469185e-01 5.677432e-01
-2.300000e-01 3.505000e-01 -3.916492e-01 5.686443e-01 -2.295000e-01 3.510000e-01 -3.932776e-01 5.676120e-01
-2.295000e-01 3.510000e-01 -3.932776e-01 5.676120e-01 -2.290000e-01 3.515000e-01 -3.948837e-01 5.665704e-01
1.320000e-01 3.505000e-01 -3.224438e-01 4.116460e-01 1.320000e-01 3.515000e-01 -3.225542e-01 4.116635e-01
-6.730000e-01 3.515000e-01 -2.201090e-01 4.169175e-01 -6.730000e-01 3.525000e-01 -2.200032e-01 4.169350e-01
-3.175000e-01 3.520000e-01 -1.401746e-01 5.631770e-01 -3.180000e-01 3.525000e-01 -1.386793e-01 5.621106e-01
-3.175000e-01 3.520000e-01 -1.401746e-01 5.631770e-01 -3.165000e-01 3.520000e-01 -1.419629e-01 5.644258e-01
-3.160000e-01 3.515000e-01 -1.435046e-01 5.654791e-01 -3.165000e-01 3.520000e-01 -1.419629e-01 5.644258e-01
-2.290000e-01 3.515000e-01 -3.948837e-01 5.665704e-01 -2.285000e-01 3.520000e-01 -3.964986e-01 5.655048e-01
-2.285000e-01 3.520000e-01 -3.964986e-01 5.655048e-01 -2.275000e-01 3.520000e-01 -3.984004e-01 5.642233e-01
-2.275000e-01 3.520000e-01 -3.984004e-01 5.642233e-01 -2.270000e-01 3.525000e-01 -3.999686e-01 5.631419e-01
1.320000e-01 3.515000e-01 -3.225542e-01 4.116635e-01 1.325000e-01 3.520000e-01 -3.222745e-01 4.116176e-01
1.325000e-01 3.520000e-01 -3.222745e-01 4.116176e-01 1.330000e-01 3.525000e-01 -3.219943e-01 4.115726e-01
-6.730000e-01 3.525000e-01 -2.200032e-01 4.169350e-01 -6.730000e-01 3.535000e-01 -2.198991e-01 4.169518e-01
-3.185000e-01 3.530000e-01 -1.371782e-01 5.610215e-01 -3.190000e-01 3.535000e-01 -1.357009e-01 5.599271e-01
-3.180000e-01 3.525000e-01 -1.386793e-01 5.621106e-01 -3.185000e-01 3.530000e-01 -1.371782e-01 5.610215e-01
-2.270000e-01 3.525000e-01 -3.999686e-01 5.631419e-01 -2.265000e-01 3.530000e-01 -4.015439e-01 5.620367e-01
-2.265000e-01 3.530000e-01 -4.015439e-01 5.620367e-01 -2.255000e-01 3.530000e-01 -4.033514e-01 5.607417e-01
-2.255000e-01 3.530000e-01 -4.033514e-01 5.607417e-01 -2.250000e-01 3.535000e-01 -4.048785e-01 5.596242e-01
1.330000e-01 3.525000e-01 -3.219943e-01 4.115726e-01 1.330000e-01 3.535000e-01 -3.221010e-01 4.115905e-01
-6.730000e-01 3.535000e-01 -2.198991e-01 4.169518e-01 -6.730000e-01 3.545000e-01 -2.197966e-01 4.169678e-01
-3.205000e-01 3.540000e-01 -1.325709e-01 5.575425e-01 -3.210000e-01 3.545000e-01 -1.311375e-01 5.564174e-01
-3.205000e-01 3.540000e-01 -1.325709e-01 5.575425e-01 -3.195000e-01 3.540000e-01 -1.342189e-01 5.588098e-01
-3.190000e-01 3.535000e-01 -1.357009e-01 5.599271e-01 -3.195000e-01 3.540000e-01 -1.342189e-01 5.588098e-01
-2.250000e-01 3.535000e-01 -4.048785e-01 5.596242e-01 -2.245000e-01 3.540000e-01 -4.064109e-01 5.584831e-01
-2.245000e-01 3.540000e-01 -4.064109e-01 5.584831e-01 -2.240000e-01 3.545000e-01 -4.079186e-01 5.573372e-01
1.330000e-01 3.535000e-01 -3.221010e-01 4.115905e-01 1.330000e-01 3.545000e-01 -3.222061e-01 4.116077e-01
-6.730000e-01 3.545000e-01 -2.197966e-01 4.169678e-01 -6.730000e-01 3.555000e-01 -2.196958e-01 4.169832e-01
-3.215000e-01 3.550000e-01 -1.297010e-01 5.552699e-01 -3.220000e-01 3.555000e-01 -1.282893e-01 5.541197e-01
-3.210000e-01 3.545000e-01 -1.311375e-01 5.564174e-01 -3.215000e-01 3.550000e-01 -1.297010e-01 5.552699e-01
-2.240000e-01 3.545000e-01 -4.079186e-01 5.573372e-01 -2.235000e-01 3.550000e-01 -4.094304e-01 5.561677e-01
-2.235000e-01 3.550000e-01 -4.094304e-01 5.561677e-01 -2.225000e-01 3.550000e-01 -4.110928e-01 5.548570e-01
-2.225000e-01 3.550000e-01 -4.110928e-01 5.548570e-01 -2.220000e-01 3.555000e-01 -4.125542e-01 5.536807e-01
1.330000e-01 3.545000e-01 -3.222061e-01 4.116077e-01 1.330000e-01 3.555000e-01 -3.223095e-01 4.116242e-01
-6.730000e-01 3.555000e-01 -2.196958e-01 4.169832e-01 -6.730000e-01 3.565000e-01 -2.195966e-01 4.169978e-01
-3.235000e-01 3.560000e-01 -1.253702e-01 5.516751e-01 -3.240000e-01 3.565000e-01 -1.240064e-01 5.504999e-01
-3.235000e-01 3.560000e-01 -1.253702e-01 5.516751e-01 -3.225000e-01 3.560000e-01 -1.268755e-01 5.529472e-01
-3.220000e-01 3.555000e-01 -1.282893e-01 5.541197e-01 -3.225000e-01 3.560000e-01 -1.268755e-01 5.529472e-01
-2.220000e-01 3.555000e-01 -4.125542e-01 5.536807e-01 -2.215000e-01 3.560000e-01 -4.140181e-01 5.524814e-01
-2.215000e-01 3.560000e-01 -4.140181e-01 5.524814e-01 -2.210000e-01 3.565000e-01 -4.154563e-01 5.512801e-01
1.330000e-01 3.555000e-01 -3.223095e-01 4.116242e-01 1.330000e-01 3.565000e-01 -3.224113e-01 4.116402e-01
-6.730000e-01 3.565000e-01 -2.195966e-01 4.169978e-01 -6.730000e-01 3.575000e-01 -2.194992e-01 4.170118e-01
-3.245000e-01 3.570000e-01 -1.226420e-01 5.493031e-01 -3.250000e-01 3.575000e-01 -1.213029e-01 5.481062e-01
-3.240000e-01 3.565000e-01 -1.240064e-01 5.504999e-01 -3.245000e-01 3.570000e-01 -1.226420e-01 5.493031e-01
-2.210000e-01 3.565000e-01 -4.154563e-01 5.512801e-01 -2.205000e-01 3.570000e-01 -4.168961e-01 5.500560e-01
-2.205000e-01 3.570000e-01 -4.168961e-01 5.500560e-01 -2.195000e-01 3.570000e-01 -4.184111e-01 5.487436e-01
-2.195000e-01 3.570000e-01 -4.184111e-01 5.487436e-01 -2.190000e-01 3.575000e-01 -4.197990e-01 5.475181e-01
1.330000e-01 3.565000e-01 -3.224113e-01 4.116402e-01 1.330000e-01 3.575000e-01 -3.225114e-01 4.116555e-01
-6.730000e-01 3.575000e-01 -2.194992e-01 4.170118e-01 -6.730000e-01 3.585000e-01 -2.194034e-01 4.170251e-01
-3.255000e-01 3.580000e-01 -1.199641e-01 5.468880e-01 -3.260000e-01 3.585000e-01 -1.186508e-01 5.456706e-01
-3.250000e-01 3.575000e-01 -1.213029e-01 5.481062e-01 -3.255000e-01 3.580000e-01 -1.199641e-01 5.468880e-01
-2.190000e-01 3.575000e-01 -4.197990e-01 5.475181e-01 -2.185000e-01 3.580000e-01 -4.211868e-01 5.462705e-01
-2.185000e-01 3.580000e-01 -4.211868e-01 5.462705e-01 -2.180000e-01 3.585000e-01 -4.225485e-01 5.450235e-01
1.330000e-01 3.575000e-01 -3.225114e-01 4.116555e-01 1.330000e-01 3.585000e-01 -3.226098e-01 4.116702e-01
-6.730000e-01 3.585000e-01 -2.194034e-01 4.170251e-01 -6.730000e-01 3.595000e-01 -2.193093e-01 4.170378e-01
-3.275000e-01 3.590000e-01 -1.160271e-01 5.431713e-01 -3.280000e-01 3.595000e-01 -1.147660e-01 5.419371e-01
-3.275000e-01 3.590000e-01 -1.160271e-01 5.431713e-01 -3.265000e-01 3.590000e-01 -1.173389e-01 5.444321e-01
-3.260000e-01 3.585000e-01 -1.186508e-01 5.456706e-01 -3.265000e-01 3.590000e-01 -1.173389e-01 5.444321e-01
-2.180000e-01 3.585000e-01 -4.225485e-01 5.450235e-01 -2.175000e-01 3.590000e-01 -4.239090e-01 5.437548e-01
-2.175000e-01 3.590000e-01 -4.239090e-01 5.437548e-01 -2.170000e-01 3.595000e-01 -4.252433e-01 5.424877e-01
1.330000e-01 3.585000e-01 -3.226098e-01 4.116702e-01 1.330000e-01 3.595000e-01 -3.227065e-01 4.116843e-01
-6.730000e-01 3.595000e-01 -2.193093e-01 4.170378e-01 -6.730000e-01 3.605000e-01 -2.192168e-01 4.170498e-01
-3.285000e-01 3.600000e-01 -1.135077e-01 5.406827e-01 -3.290000e-01 3.605000e-01 -1.122746e-01 5.394316e-01
-3.280000e-01 3.595000e-01 -1.147660e-01 5.419371e-01 -3.285000e-01 3.600000e-01 -1.135077e-01 5.406827e-01
-2.170000e-01 3.595000e-01 -4.252433e-01 5.424877e-01 -2.165000e-01 3.600000e-01 -4.265755e-01 5.411993e-01
-2.165000e-01 3.600000e-01 -4.265755e-01 5.411993e-01 -2.155000e-01 3.600000e-01 -4.278912e-01 5.399036e-01
-2.155000e-01 3.600000e-01 -4.278912e-01 5.399036e-01 -2.150000e-01 3.605000e-01 -4.291710e-01 5.386209e-01
1.330000e-01 3.595000e-01 -3.227065e-01 4.116843e-01 1.330000e-01 3.605000e-01 -3.228016e-01 4.116978e-01
-6.735000e-01 3.610000e-01 -2.195079e-01 4.170101e-01 -6.740000e-01 3.615000e-01 -2.197995e-01 4.169714e-01
-6.730000e-01 3.605000e-01 -2.192168e-01 4.170498e-01 -6.735000e-01 3.610000e-01 -2.195079e-01 4.170101e-01
-3.295000e-01 3.610000e-01 -1.110453e-01 5.381608e-01 -3.300000e-01 3.615000e-01 -1.098412e-01 5.368941e-01
-3.290000e-01 3.605000e-01 -1.122746e-01 5.394316e-01 -3.295000e-01 3.610000e-01 -1.110453e-01 5.381608e-01
-2.150000e-01 3.605000e-01 -4.291710e-01 5.386209e-01 -2.145000e-01 3.610000e-01 -4.304471e-01 5.373180e-01
-2.145000e-01 3.610000e-01 -4.304471e-01 5.373180e-01 -2.140000e-01 3.615000e-01 -4.316973e-01 5.360191e-01
1.330000e-01 3.605000e-01 -3.228016e-01 4.116978e-01 1.330000e-01 3.615000e-01 -3.228950e-01 4.117107e-01
-6.740000e-01 3.615000e-01 -2.197995e-01 4.169714e-01 -6.740000e-01 3.625000e-01 -2.197109e-01 4.169838e-01
-3.305000e-01 3.620000e-01 -1.086418e-01 5.356083e-01 -3.310000e-01 3.625000e-01 -1.074675e-01 5.343275e-01
-3.300000e-01 3.615000e-01 -1.098412e-01 5.368941e-01 -3.305000e-01 3.620000e-01 -1.086418e-01 5.356083e-01
-2.140000e-01 3.615000e-01 -4.316973e-01 5.360191e-01 -2.135000e-01 3.620000e-01 -4.329428e-01 5.347003e-01
-2.135000e-01 3.620000e-01 -4.329428e-01 5.347003e-01 -2.130000e-01 3.625000e-01 -4.341624e-01 5.333867e-01
1.330000e-01 3.615000e-01 -3.228950e-01 4.117107e-01 1.330000e-01 3.625000e-01 -3.229867e-01 4.117231e-01
-6.740000e-01 3.625000e-01 -2.197109e-01 4.169838e-01 -6.740000e-01 3.635000e-01 -2.196239e-01 4.169956e-01
-3.315000e-01 3.630000e-01 -1.062988e-01 5.330280e-01 -3.320000e-01 3.635000e-01 -1.051551e-01 5.317345e-01
-3.310000e-01 3.625000e-01 -1.074675e-01 5.343275e-01 -3.315000e-01 3.630000e-01 -1.062988e-01 5.330280e-01
-2.130000e-01 3.625000e-01 -4.341624e-01 5.333867e-01 -2.125000e-01 3.630000e-01 -4.353765e-01 5.320537e-01
-2.125000e-01 3.630000e-01 -4.353765e-01 5.320537e-01 -2.120000e-01 3.635000e-01 -4.365648e-01 5.307267e-01
1.330000e-01 3.625000e-01 -3.229867e-01 4.117231e-01 1.330000e-01 3.635000e-01 -3.230768e-01 4.117349e-01
-6.740000e-01 3.635000e-01 -2.196239e-01 4.169956e-01 -6.740000e-01 3.645000e-01 -2.195386e-01 4.170069e-01
-3.325000e-01 3.640000e-01 -1.040178e-01 5.304229e-01 -3.330000e-01 3.645000e-01 -1.029054e-01 5.291180e-01
-3.320000e-01 3.635000e-01 -1.051551e-01 5.317345e-01 -3.325000e-01 3.640000e-01 -1.040178e-01 5.304229e-01
-2.120000e-01 3.635000e-01 -4.365648e-01 5.307267e-01 -2.115000e-01 3.640000e-01 -4.377467e-01 5.293810e-01
-2.115000e-01 3.640000e-01 -4.377467e-01 5.293810e-01 -2.110000e-01 3.645000e-01 -4.389029e-01 5.280422e-01
1.330000e-01 3.635000e-01 -3.230768e-01 4.117349e-01 1.330000e-01 3.645000e-01 -3.231651e-01 4.117462e-01
-6.740000e-01 3.645000e-01 -2.195386e-01 4.170069e-01 -6.740000e-01 3.655000e-01 -2.194550e-01 4.170175e-01
-3.335000e-01 3.650000e-01 -1.018002e-01 5.277957e-01 -3.340000e-01 3.655000e-01 -1.007195e-01 5.264810e-01
-3.330000e-01 3.645000e-01 -1.029054e-01 5.291180e-01 -3.335000e-01 3.650000e-01 -1.018002e-01 5.277957e-01
-2.110000e-01 3.645000e-01 -4.389029e-01 5.280422e-01 -2.105000e-01 3.650000e-01 -4.400518e-01 5.266853e-01
-2.105000e-01 3.650000e-01 -4.400518e-01 5.266853e-01 -2.100000e-01 3.655000e-01 -4.411753e-01 5.253362e-01
1.330000e-01 3.645000e-01 -3.231651e-01 4.117462e-01 1.330000e-01 3.655000e-01 -3.232517e-01 4.117570e-01
-6.740000e-01 3.655000e-01 -2.194550e-01 4.170175e-01 -6.740000e-01 3.665000e-01 -2.193732e-01 4.170275e-01
-3.345000e-01 3.660000e-01 -9.964691e-02 5.251495e-01 -3.350000e-01 3.665000e-01 -9.859856e-02 5.238263e-01
-3.340000e-01 3.655000e-01 -1.007195e-01 5.264810e-01 -3.345000e-01 3.660000e-01 -9.964691e-02 5.251495e-01
-2.100000e-01 3.655000e-01 -4.411753e-01 5.253362e-01 -2.095000e-01 3.660000e-01 -4.422907e-01 5.239697e-01
-2.095000e-01 3.660000e-01 -4.422907e-01 5.239697e-01 -2.090000e-01 3.665000e-01 -4.433809e-01 5.226117e-01
1.330000e-01 3.655000e-01 -3.232517e-01 4.117570e-01 1.330000e-01 3.665000e-01 -3.233367e-01 4.117672e-01
-6.740000e-01 3.665000e-01 -2.193732e-01 4.170275e-01 -6.740000e-01 3.675000e-01 -2.192930e-01 4.170370e-01
-3.355000e-01 3.670000e-01 -9.755897e-02 5.224870e-01 -3.360000e-01 3.675000e-01 -9.654335e-02 5.211568e-01
-3.350000e-01 3.665000e-01 -9.859856e-02 5.238263e-01 -3.355000e-01 3.670000e-01 -9.755897e-02 5.224870e-01
-2.090000e-01 3.665000e-01 -4.433809e-01 5.226117e-01 -2.085000e-01 3.670000e-01 -4.444622e-01 5.212372e-01
-2.085000e-01 3.670000e-01 -4.444622e-01 5.212372e-01 -2.080000e-01 3.675000e-01 -4.455188e-01 5.198719e-01
1.330000e-01 3.665000e-01 -3.233367e-01 4.117672e-01 1.330000e-01 3.675000e-01 -3.234199e-01 4.117769e-01
-6.740000e-01 3.675000e-01 -2.192930e-01 4.170370e-01 -6.740000e-01 3.685000e-01 -2.192146e-01 4.170459e-01
-3.365000e-01 3.680000e-01 -9.553718e-02 5.198112e-01 -3.370000e-01 3.685000e-01 -9.455458e-02 5.184754e-01
-3.360000e-01 3.675000e-01 -9.654335e-02 5.211568e-01 -3.365000e-01 3.680000e-01 -9.553718e-02 5.198112e-01
-2.080000e-01 3.675000e-01 -4.455188e-01 5.198719e-01 -2.075000e-01 3.680000e-01 -4.465657e-01 5.184908e-01
-2.075000e-01 3.680000e-01 -4.465657e-01 5.184908e-01 -2.070000e-01 3.685000e-01 -4.475882e-01 5.171197e-01
1.330000e-01 3.675000e-01 -3.234199e-01 4.117769e-01 1.330000e-01 3.685000e-01 -3.235015e-01 4.117861e-01
-6.740000e-01 3.685000e-01 -2.192146e-01 4.170459e-01 -6.740000e-01 3.695000e-01 -2.191378e-01 4.170542e-01
-3.375000e-01 3.690000e-01 -9.358212e-02 5.171249e-01 -3.380000e-01 3.695000e-01 -9.263277e-02 5.157849e-01
-3.370000e-01 3.685000e-01 -9.455458e-02 5.184754e-01 -3.375000e-01 3.690000e-01 -9.358212e-02 5.171249e-01
-2.070000e-01 3.685000e-01 -4.475882e-01 5.171197e-01 -2.065000e-01 3.690000e-01 -4.486003e-01 5.157336e-01
-2.065000e-01 3.690000e-01 -4.486003e-01 5.157336e-01 -2.060000e-01 3.695000e-01 -4.495885e-01 5.143582e-01
1.330000e-01 3.685000e-01 -3.235015e-01 4.117861e-01 1.330000e-01 3.695000e-01 -3.235813e-01 4.117948e-01
-6.740000e-01 3.695000e-01 -2.191378e-01 4.170542e-01 -6.740000e-01 3.705000e-01 -2.190628e-01 4.170620e-01
-3.380000e-01 3.695000e-01 -9.263277e-02 5.157849e-01 -3.380000e-01 3.705000e-01 -9.152401e-02 5.141858e-01
-2.060000e-01 3.695000e-01 -4.495885e-01 5.143582e-01 -2.060000e-01 3.705000e-01 -4.507360e-01 5.127263e-01
1.330000e-01 3.695000e-01 -3.235813e-01 4.117948e-01 1.330000e-01 3.705000e-01 -3.236594e-01 4.118031e-01
-6.740000e-01 3.705000e-01 -2.190628e-01 4.170620e-01 -6.740000e-01 3.715000e-01 -2.189895e-01 4.170693e-01
-3.385000e-01 3.710000e-01 -9.059671e-02 5.128182e-01 -3.390000e-01 3.715000e-01 -8.969216e-02 5.114623e-01
-3.380000e-01 3.705000e-01 -9.152401e-02 5.141858e-01 -3.385000e-01 3.710000e-01 -9.059671e-02 5.128182e-01
-2.060000e-01 3.705000e-01 -4.507360e-01 5.127263e-01 -2.055000e-01 3.710000e-01 -4.517016e-01 5.113227e-01
-2.055000e-01 3.710000e-01 -4.517016e-01 5.113227e-01 -2.050000e-01 3.715000e-01 -4.526436e-01 5.099309e-01
1.330000e-01 3.705000e-01 -3.236594e-01 4.118031e-01 1.330000e-01 3.715000e-01 -3.237358e-01 4.118108e-01
-6.740000e-01 3.715000e-01 -2.189895e-01 4.170693e-01 -6.740000e-01 3.725000e-01 -2.189179e-01 4.170761e-01
-3.395000e-01 3.720000e-01 -8.879947e-02 5.100935e-01 -3.400000e-01 3.725000e-01 -8.792892e-02 5.087368e-01
-3.390000e-01 3.715000e-01 -8.969216e-02 5.114623e-01 -3.395000e-01 3.720000e-01 -8.879947e-02 5.100935e-01
-2.050000e-01 3.715000e-01 -4.526436e-01 5.099309e-01 -2.045000e-01 3.720000e-01 -4.535734e-01 5.085260e-01
-2.045000e-01 3.720000e-01 -4.535734e-01 5.085260e-01 -2.040000e-01 3.725000e-01 -4.544802e-01 5.071337e-01
1.330000e-01 3.715000e-01 -3.237358e-01 4.118108e-01 1.335000e-01 3.720000e-01 -3.234349e-01 4.117772e-01
1.335000e-01 3.720000e-01 -3.234349e-01 4.117772e-01 1.340000e-01 3.725000e-01 -3.231335e-01 4.117445e-01
-6.745000e-01 3.730000e-01 -2.192218e-01 4.170443e-01 -6.750000e-01 3.735000e-01 -2.195262e-01 4.170135e-01
-6.740000e-01 3.725000e-01 -2.189179e-01 4.170761e-01 -6.745000e-01 3.730000e-01 -2.192218e-01 4.170443e-01
-3.405000e-01 3.730000e-01 -8.707080e-02 5.073682e-01 -3.410000e-01 3.735000e-01 -8.623428e-02 5.060122e-01
-3.400000e-01 3.725000e-01 -8.792892e-02 5.087368e-01 -3.405000e-01 3.730000e-01 -8.707080e-02 5.073682e-01
-2.040000e-01 3.725000e-01 -4.544802e-01 5.071337e-01 -2.035000e-01 3.730000e-01 -4.553743e-01 5.057291e-01
-2.035000e-01 3.730000e-01 -4.553743e-01 5.057291e-01 -2.030000e-01 3.735000e-01 -4.562460e-01 5.043375e-01
1.340000e-01 3.725000e-01 -3.231335e-01 4.117445e-01 1.340000e-01 3.735000e-01 -3.232062e-01 4.117531e-01
-6.750000e-01 3.735000e-01 -2.195262e-01 4.170135e-01 -6.750000e-01 3.745000e-01 -2.194584e-01 4.170210e-01
-3.410000e-01 3.735000e-01 -8.623428e-02 5.060122e-01 -3.410000e-01 3.745000e-01 -8.520607e-02 5.043059e-01
-2.030000e-01 3.735000e-01 -4.562460e-01 5.043375e-01 -2.030000e-01 3.745000e-01 -4.573109e-01 5.025963e-01
1.340000e-01 3.735000e-01 -3.232062e-01 4.117531e-01 1.340000e-01 3.745000e-01 -3.232771e-01 4.117613e-01
-6.750000e-01 3.745000e-01 -2.194584e-01 4.170210e-01 -6.750000e-01 3.755000e-01 -2.193923e-01 4.170280e-01
-3.415000e-01 3.750000e-01 -8.439578e-02 5.029280e-01 -3.420000e-01 3.755000e-01 -8.360641e-02 5.015636e-01
-3.410000e-01 3.745000e-01 -8.520607e-02 5.043059e-01 -3.415000e-01 3.750000e-01 -8.439578e-02 5.029280e-01
-2.030000e-01 3.745000e-01 -4.573109e-01 5.025963e-01 -2.025000e-01 3.750000e-01 -4.581556e-01 5.011824e-01
-2.025000e-01 3.750000e-01 -4.581556e-01 5.011824e-01 -2.020000e-01 3.755000e-01 -4.589786e-01 4.997824e-01
1.340000e-01 3.745000e-01 -3.232771e-01 4.117613e-01 1.340000e-01 3.755000e-01 -3.233463e-01 4.117690e-01
-6.750000e-01 3.755000e-01 -2.193923e-01 4.170280e-01 -6.750000e-01 3.765000e-01 -2.193279e-01 4.170346e-01
-3.425000e-01 3.760000e-01 -8.283082e-02 5.001893e-01 -3.430000e-01 3.765000e-01 -8.207554e-02 4.988289e-01
-3.420000e-01 3.755000e-01 -8.360641e-02 5.015636e-01 -3.425000e-01 3.760000e-01 -8.283082e-02 5.001893e-01
-2.020000e-01 3.755000e-01 -4.589786e-01 4.997824e-01 -2.015000e-01 3.760000e-01 -4.597874e-01 4.983724e-01
-2.015000e-01 3.760000e-01 -4.597874e-01 4.983724e-01 -2.010000e-01 3.765000e-01 -4.605751e-01 4.969768e-01
1.340000e-01 3.755000e-01 -3.233463e-01 4.117690e-01 1.340000e-01 3.765000e-01 -3.234138e-01 4.117763e-01
-6.750000e-01 3.765000e-01 -2.193279e-01 4.170346e-01 -6.750000e-01 3.775000e-01 -2.192653e-01 4.170407e-01
-3.430000e-01 3.765000e-01 -8.207554e-02 4.988289e-01 -3.430000e-01 3.775000e-01 -8.111346e-02 4.970521e-01
-2.010000e-01 3.765000e-01 -4.605751e-01 4.969768e-01 -2.010000e-01 3.775000e-01 -4.615720e-01 4.951640e-01
1.340000e-01 3.765000e-01 -3.234138e-01 4.117763e-01 1.340000e-01 3.775000e-01 -3.234795e-01 4.117833e-01
-6.750000e-01 3.775000e-01 -2.192653e-01 4.170407e-01 -6.750000e-01 3.785000e-01 -2.192044e-01 4.170463e-01
-3.435000e-01 3.780000e-01 -8.038683e-02 4.956741e-01 -3.440000e-01 3.785000e-01 -7.967975e-02 4.943107e-01
-3.430000e-01 3.775000e-01 -8.111346e-02 4.970521e-01 -3.435000e-01 3.780000e-01 -8.038683e-02 4.956741e-01
-2.010000e-01 3.775000e-01 -4.615720e-01 4.951640e-01 -2.005000e-01 3.780000e-01 -4.623302e-01 4.937505e-01
-2.005000e-01 3.780000e-01 -4.623302e-01 4.937505e-01 -2.000000e-01 3.785000e-01 -4.630681e-01 4.923522e-01
1.340000e-01 3.775000e-01 -3.234795e-01 4.117833e-01 1.340000e-01 3.785000e-01 -3.235436e-01 4.117898e-01
-6.750000e-01 3.785000e-01 -2.192044e-01 4.170463e-01 -6.750000e-01 3.795000e-01 -2.191453e-01 4.170515e-01
-3.440000e-01 3.785000e-01 -7.967975e-02 4.943107e-01 -3.440000e-01 3.795000e-01 -7.876028e-02 4.924879e-01
-2.000000e-01 3.785000e-01 -4.630681e-01 4.923522e-01 -1.995000e-01 3.790000e-01 -4.637907e-01 4.909461e-01
-1.995000e-01 3.790000e-01 -4.637907e-01 4.909461e-01 -1.990000e-01 3.795000e-01 -4.644937e-01 4.895554e-01
1.340000e-01 3.785000e-01 -3.235436e-01 4.117898e-01 1.340000e-01 3.795000e-01 -3.236059e-01 4.117960e-01
-6.750000e-01 3.795000e-01 -2.191453e-01 4.170515e-01 -6.750000e-01 3.805000e-01 -2.190879e-01 4.170563e-01
-3.445000e-01 3.800000e-01 -7.808327e-02 4.911096e-01 -3.450000e-01 3.805000e-01 -7.742497e-02 4.897466e-01
-3.440000e-01 3.795000e-01 -7.876028e-02 4.924879e-01 -3.445000e-01 3.800000e-01 -7.808327e-02 4.911096e-01
-1.990000e-01 3.795000e-01 -4.644937e-01 4.895554e-01 -1.990000e-01 3.805000e-01 -4.654155e-01 4.876821e-01
1.340000e-01 3.795000e-01 -3.236059e-01 4.117960e-01 1.340000e-01 3.805000e-01 -3.236665e-01 4.118018e-01
-6.750000e-01 3.805000e-01 -2.190879e-01 4.170563e-01 -6.750000e-01 3.815000e-01 -2.190322e-01 4.170607e-01
-3.455000e-01 3.810000e-01 -7.678209e-02 4.883773e-01 -3.460000e-01 3.815000e-01 -7.615720e-02 4.870234e-01
-3.450000e-01 3.805000e-01 -7.742497e-02 4.897466e-01 -3.455000e-01 3.810000e-01 -7.678209e-02 4.883773e-01
-1.990000e-01 3.805000e-01 -4.654155e-01 4.876821e-01 -1.985000e-01 3.810000e-01 -4.660871e-01 4.862783e-01
-1.985000e-01 3.810000e-01 -4.660871e-01 4.862783e-01 -1.980000e-01 3.815000e-01 -4.667400e-01 4.848904e-01
1.340000e-01 3.805000e-01 -3.236665e-01 4.118018e-01 1.340000e-01 3.815000e-01 -3.237253e-01 4.118073e-01
-6.750000e-01 3.815000e-01 -2.190322e-01 4.170607e-01 -6.750000e-01 3.825000e-01 -2.189783e-01 4.170647e-01
-3.460000e-01 3.815000e-01 -7.615720e-02 4.870234e-01 -3.460000e-01 3.825000e-01 -7.531471e-02 4.851471e-01
-1.980000e-01 3.815000e-01 -4.667400e-01 4.848904e-01 -1.980000e-01 3.825000e-01 -4.676137e-01 4.829775e-01
1.340000e-01 3.815000e-01 -3.237253e-01 4.118073e-01 1.340000e-01 3.825000e-01 -3.237824e-01 4.118124e-01
-6.750000e-01 3.825000e-01 -2.189783e-01 4.170647e-01 -6.750000e-01 3.835000e-01 -2.189261e-01 4.170683e-01
-3.465000e-01 3.830000e-01 -7.472136e-02 4.837828e-01 -3.470000e-01 3.835000e-01 -7.414508e-02 4.824344e-01
-3.460000e-01 3.825000e-01 -7.531471e-02 4.851471e-01 -3.465000e-01 3.830000e-01 -7.472136e-02 4.837828e-01
-1.980000e-01 3.825000e-01 -4.676137e-01 4.829775e-01 -1.975000e-01 3.830000e-01 -4.682341e-01 4.815794e-01
-1.975000e-01 3.830000e-01 -4.682341e-01 4.815794e-01 -1.970000e-01 3.835000e-01 -4.688368e-01 4.801977e-01
1.340000e-01 3.825000e-01 -3.237824e-01 4.118124e-01 1.340000e-01 3.835000e-01 -3.238377e-01 4.118172e-01
-6.750000e-01 3.835000e-01 -2.189261e-01 4.170683e-01 -6.750000e-01 3.845000e-01 -2.188757e-01 4.170715e-01
-3.470000e-01 3.835000e-01 -7.414508e-02 4.824344e-01 -3.470000e-01 3.845000e-01 -7.335165e-02 4.805228e-01
-1.970000e-01 3.835000e-01 -4.688368e-01 4.801977e-01 -1.970000e-01 3.845000e-01 -4.696600e-01 4.782496e-01
1.340000e-01 3.835000e-01 -3.238377e-01 4.118172e-01 1.340000e-01 3.845000e-01 -3.238913e-01 4.118217e-01
-6.750000e-01 3.845000e-01 -2.188757e-01 4.170715e-01 -6.750000e-01 3.855000e-01 -2.188271e-01 4.170744e-01
-3.470000e-01 3.845000e-01 -7.335165e-02 4.805228e-01 -3.470000e-01 3.855000e-01 -7.257628e-02 4.785859e-01
-1.970000e-01 3.845000e-01 -4.696600e-01 4.782496e-01 -1.965000e-01 3.850000e-01 -4.702293e-01 4.768605e-01
-1.965000e-01 3.850000e-01 -4.702293e-01 4.768605e-01 -1.960000e-01 3.855000e-01 -4.707819e-01 4.754883e-01
1.340000e-01 3.845000e-01 -3.238913e-01 4.118217e-01 1.340000e-01 3.855000e-01 -3.239431e-01 4.118259e-01
-6.750000e-01 3.855000e-01 -2.188271e-01 4.170744e-01 -6.750000e-01 3.865000e-01 -2.187801e-01 4.170769e-01
-3.475000e-01 3.860000e-01 -7.204903e-02 4.772268e-01 -3.480000e-01 3.865000e-01 -7.153756e-02 4.758843e-01
-3.470000e-01 3.855000e-01 -7.257628e-02 4.785859e-01 -3.475000e-01 3.860000e-01 -7.204903e-02 4.772268e-01
-1.960000e-01 3.855000e-01 -4.707819e-01 4.754883e-01 -1.960000e-01 3.865000e-01 -4.715525e-01 4.735093e-01
1.340000e-01 3.855000e-01 -3.239431e-01 4.118259e-01 1.340000e-01 3.865000e-01 -3.239933e-01 4.118297e-01
-6.750000e-01 3.865000e-01 -2.187801e-01 4.170769e-01 -6.750000e-01 3.875000e-01 -2.187350e-01 4.170790e-01
-3.480000e-01 3.865000e-01 -7.153756e-02 4.758843e-01 -3.480000e-01 3.875000e-01 -7.081459e-02 4.739179e-01
-1.960000e-01 3.865000e-01 -4.715525e-01 4.735093e-01 -1.955000e-01 3.870000e-01 -4.720711e-01 4.721326e-01
-1.955000e-01 3.870000e-01 -4.720711e-01 4.721326e-01 -1.950000e-01 3.875000e-01 -4.725741e-01 4.707729e-01
1.340000e-01 3.865000e-01 -3.239933e-01 4.118297e-01 1.340000e-01 3.875000e-01 -3.240416e-01 4.118333e-01
-6.755000e-01 3.880000e-01 -2.190543e-01 4.170582e-01 -6.760000e-01 3.885000e-01 -2.193740e-01 4.170384e-01
-6.750000e-01 3.875000e-01 -2.187350e-01 4.170790e-01 -6.755000e-01 3.880000e-01 -2.190543e-01 4.170582e-01
-3.485000e-01 3.880000e-01 -7.033663e-02 4.725716e-01 -3.490000e-01 3.885000e-01 -6.987348e-02 4.712421e-01
-3.480000e-01 3.875000e-01 -7.081459e-02 4.739179e-01 -3.485000e-01 3.880000e-01 -7.033663e-02 4.725716e-01
-1.950000e-01 3.875000e-01 -4.725741e-01 4.707729e-01 -1.950000e-01 3.885000e-01 -4.732904e-01 4.687677e-01
1.340000e-01 3.875000e-01 -3.240416e-01 4.118333e-01 1.340000e-01 3.885000e-01 -3.240882e-01 4.118366e-01
-6.760000e-01 3.885000e-01 -2.193740e-01 4.170384e-01 -6.760000e-01 3.895000e-01 -2.193325e-01 4.170417e-01
-3.490000e-01 3.885000e-01 -6.987348e-02 4.712421e-01 -3.490000e-01 3.895000e-01 -6.920441e-02 4.692505e-01
-1.950000e-01 3.885000e-01 -4.732904e-01 4.687677e-01 -1.945000e-01 3.890000e-01 -4.737589e-01 4.674064e-01
-1.945000e-01 3.890000e-01 -4.737589e-01 4.674064e-01 -1.940000e-01 3.895000e-01 -4.742129e-01 4.660623e-01
1.340000e-01 3.885000e-01 -3.240882e-01 4.118366e-01 1.340000e-01 3.895000e-01 -3.241330e-01 4.118397e-01
-6.760000e-01 3.895000e-01 -2.193325e-01 4.170417e-01 -6.760000e-01 3.905000e-01 -2.192929e-01 4.170446e-01
-3.490000e-01 3.895000e-01 -6.920441e-02 4.692505e-01 -3.490000e-01 3.905000e-01 -6.855654e-02 4.672373e-01
-1.940000e-01 3.895000e-01 -4.742129e-01 4.660623e-01 -1.940000e-01 3.905000e-01 -4.748735e-01 4.640353e-01
1.340000e-01 3.895000e-01 -3.241330e-01 4.118397e-01 1.340000e-01 3.905000e-01 -3.241762e-01 4.118425e-01
-6.760000e-01 3.905000e-01 -2.192929e-01 4.170446e-01 -6.760000e-01 3.915000e-01 -2.192550e-01 4.170473e-01
-3.495000e-01 3.910000e-01 -6.814432e-02 4.659072e-01 -3.500000e-01 3.915000e-01 -6.774554e-02 4.645942e-01
-3.490000e-01 3.905000e-01 -6.855654e-02 4.672373e-01 -3.495000e-01 3.910000e-01 -6.814432e-02 4.659072e-01
-1.940000e-01 3.905000e-01 -4.748735e-01 4.640353e-01 -1.940000e-01 3.915000e-01 -4.755120e-01 4.619880e-01
1.340000e-01 3.905000e-01 -3.241762e-01 4.118425e-01 1.340000e-01 3.915000e-01 -3.242175e-01 4.118451e-01
-6.760000e-01 3.915000e-01 -2.192550e-01 4.170473e-01 -6.760000e-01 3.925000e-01 -2.192189e-01 4.170497e-01
-3.500000e-01 3.915000e-01 -6.774554e-02 4.645942e-01 -3.500000e-01 3.925000e-01 -6.715379e-02 4.625620e-01
-1.940000e-01 3.915000e-01 -4.755120e-01 4.619880e-01 -1.935000e-01 3.920000e-01 -4.759139e-01 4.606466e-01
-1.935000e-01 3.920000e-01 -4.759139e-01 4.606466e-01 -1.930000e-01 3.925000e-01 -4.763027e-01 4.593227e-01
1.340000e-01 3.915000e-01 -3.242175e-01 4.118451e-01 1.340000e-01 3.925000e-01 -3.242571e-01 4.118474e-01
-6.760000e-01 3.925000e-01 -2.192189e-01 4.170497e-01 -6.760000e-01 3.935000e-01 -2.191845e-01 4.170518e-01
-3.500000e-01 3.925000e-01 -6.715379e-02 4.625620e-01 -3.500000e-01 3.935000e-01 -6.658480e-02 4.605107e-01
-1.930000e-01 3.925000e-01 -4.763027e-01 4.593227e-01 -1.930000e-01 3.935000e-01 -4.768835e-01 4.572600e-01
1.340000e-01 3.925000e-01 -3.242571e-01 4.118474e-01 1.340000e-01 3.935000e-01 -3.242949e-01 4.118495e-01
-6.760000e-01 3.935000e-01 -2.191845e-01 4.170518e-01 -6.760000e-01 3.945000e-01 -2.191519e-01 4.170536e-01
-3.505000e-01 3.940000e-01 -6.623743e-02 4.592029e-01 -3.510000e-01 3.945000e-01 -6.590210e-02 4.579122e-01
-3.500000e-01 3.935000e-01 -6.658480e-02 4.605107e-01 -3.505000e-01 3.940000e-01 -6.623743e-02 4.592029e-01
-1.930000e-01 3.935000e-01 -4.768835e-01 4.572600e-01 -1.930000e-01 3.945000e-01 -4.774409e-01 4.551796e-01
1.340000e-01 3.935000e-01 -3.242949e-01 4.118495e-01 1.340000e-01 3.945000e-01 -3.243309e-01 4.118515e-01
-6.760000e-01 3.945000e-01 -2.191519e-01 4.170536e-01 -6.760000e-01 3.955000e-01 -2.191210e-01 4.170552e-01
-3.510000e-01 3.945000e-01 -6.590210e-02 4.579122e-01 -3.510000e-01 3.955000e-01 -6.539075e-02 4.558483e-01
-1.930000e-01 3.945000e-01 -4.774409e-01 4.551796e-01 -1.925000e-01 3.950000e-01 -4.777774e-01 4.538642e-01
-1.925000e-01 3.950000e-01 -4.777774e-01 4.538642e-01 -1.920000e-01 3.955000e-01 -4.781022e-01 4.525662e-01
1.340000e-01 3.945000e-01 -3.243309e-01 4.118515e-01 1.340000e-01 3.955000e-01 -3.243652e-01 4.118532e-01
-6.760000e-01 3.955000e-01 -2.191210e-01 4.170552e-01 -6.760000e-01 3.965000e-01 -2.190919e-01 4.170566e-01
-3.510000e-01 3.955000e-01 -6.539075e-02 4.558483e-01 -3.510000e-01 3.965000e-01 -6.490349e-02 4.537676e-01
-1.920000e-01 3.955000e-01 -4.781022e-01 4.525662e-01 -1.920000e-01 3.965000e-01 -4.786007e-01 4.504769e-01
1.340000e-01 3.955000e-01 -3.243652e-01 4.118532e-01 1.340000e-01 3.965000e-01 -3.243977e-01 4.118548e-01
-6.760000e-01 3.965000e-01 -2.190919e-01 4.170566e-01 -6.760000e-01 3.975000e-01 -2.190646e-01 4.170577e-01
-3.510000e-01 3.965000e-01 -6.490349e-02 4.537676e-01 -3.510000e-01 3.975000e-01 -6.444078e-02 4.516710e-01
-1.920000e-01 3.965000e-01 -4.786007e-01 4.504769e-01 -1.920000e-01 3.975000e-01 -4.790745e-01 4.483725e-01
1.340000e-01 3.965000e-01 -3.243977e-01 4.118548e-01 1.340000e-01 3.975000e-01 -3.244285e-01 4.118561e-01
-6.760000e-01 3.975000e-01 -2.190646e-01 4.170577e-01 -6.760000e-01 3.985000e-01 -2.190391e-01 4.170586e-01
-3.515000e-01 3.980000e-01 -6.417381e-02 4.503962e-01 -3.520000e-01 3.985000e-01 -6.391710e-02 4.491385e-01
-3.510000e-01 3.975000e-01 -6.444078e-02 4.516710e-01 -3.515000e-01 3.980000e-01 -6.417381e-02 4.503962e-01
-1.920000e-01 3.975000e-01 -4.790745e-01 4.483725e-01 -1.920000e-01 3.985000e-01 -4.795231e-01 4.462537e-01
1.340000e-01 3.975000e-01 -3.244285e-01 4.118561e-01 1.340000e-01 3.985000e-01 -3.244575e-01 4.118574e-01
-6.760000e-01 3.985000e-01 -2.190391e-01 4.170586e-01 -6.760000e-01 3.995000e-01 -2.190153e-01 4.170594e-01
-3.520000e-01 3.985000e-01 -6.391710e-02 4.491385e-01 -3.520000e-01 3.995000e-01 -6.351343e-02 4.470376e-01
-1.920000e-01 3.985000e-01 -4.795231e-01 4.462537e-01 -1.915000e-01 3.990000e-01 -4.797789e-01 4.449761e-01
-1.915000e-01 3.990000e-01 -4.797789e-01 4.449761e-01 -1.910000e-01 3.995000e-01 -4.800248e-01 4.437155e-01
1.340000e-01 3.985000e-01 -3.244575e-01 4.118574e-01 1.340000e-01 3.995000e-01 -3.244847e-01 4.118585e-01
-6.760000e-01 3.995000e-01 -2.190153e-01 4.170594e-01 -6.760000e-01 4.005000e-01 -2.189934e-01 4.170599e-01
-3.520000e-01 3.995000e-01 -6.351343e-02 4.470376e-01 -3.520000e-01 4.005000e-01 -6.313527e-02 4.449234e-01
-1.910000e-01 3.995000e-01 -4.800248e-01 4.437155e-01 -1.910000e-01 4.005000e-01 -4.804137e-01 4.415963e-01
1.340000e-01 3.995000e-01 -3.244847e-01 4.118585e-01 1.340000e-01 4.005000e-01 -3.245102e-01 4.118594e-01
-6.760000e-01 4.005000e-01 -2.189934e-01 4.170599e-01 -6.760000e-01 4.015000e-01 -2.189732e-01 4.170602e-01
-3.520000e-01 4.005000e-01 -6.313527e-02 4.449234e-01 -3.520000e-01 4.015000e-01 -6.278297e-02 4.427968e-01
-1.910000e-01 4.005000e-01 -4.804137e-01 4.415963e-01 -1.910000e-01 4.015000e-01 -4.807765e-01 4.394655e-01
1.340000e-01 4.005000e-01 -3.245102e-01 4.118594e-01 1.340000e-01 4.015000e-01 -3.245339e-01 4.118602e-01
-6.760000e-01 4.015000e-01 -2.189732e-01 4.170602e-01 -6.760000e-01 4.025000e-01 -2.189547e-01 4.170604e-01
-3.520000e-01 4.015000e-01 -6.278297e-02 4.427968e-01 -3.520000e-01 4.025000e-01 -6.245703e-02 4.406584e-01
-1.910000e-01 4.015000e-01 -4.807765e-01 4.394655e-01 -1.910000e-01 4.025000e-01 -4.811130e-01 4.373239e-01
1.340000e-01 4.015000e-01 -3.245339e-01 4.118602e-01 1.340000e-01 4.025000e-01 -3.245558e-01 4.118610e-01
-6.760000e-01 4.025000e-01 -2.189547e-01 4.170604e-01 -6.760000e-01 4.035000e-01 -2.189381e-01 4.170605e-01
-3.525000e-01 4.030000e-01 -6.228403e-02 4.394342e-01 -3.530000e-01 4.035000e-01 -6.211920e-02 4.382264e-01
-3.520000e-01 4.025000e-01 -6.245703e-02 4.406584e-01 -3.525000e-01 4.030000e-01 -6.228403e-02 4.394342e-01
-1.910000e-01 4.025000e-01 -4.811130e-01 4.373239e-01 -1.910000e-01 4.035000e-01 -4.814228e-01 4.351724e-01
1.340000e-01 4.025000e-01 -3.245558e-01 4.118610e-01 1.340000e-01 4.035000e-01 -3.245759e-01 4.118616e-01
-6.760000e-01 4.035000e-01 -2.189381e-01 4.170605e-01 -6.760000e-01 4.045000e-01 -2.189232e-01 4.170603e-01
-3.530000e-01 4.035000e-01 -6.211920e-02 4.382264e-01 -3.530000e-01 4.045000e-01 -6.185265e-02 4.360941e-01
-1.910000e-01 4.035000e-01 -4.814228e-01 4.351724e-01 -1.905000e-01 4.040000e-01 -4.815849e-01 4.339508e-01
-1.905000e-01 4.040000e-01 -4.815849e-01 4.339508e-01 -1.900000e-01 4.045000e-01 -4.817393e-01 4.327455e-01
1.340000e-01 4.035000e-01 -3.245759e-01 4.118616e-01 1.340000e-01 4.045000e-01 -3.245943e-01 4.118621e-01
-6.760000e-01 4.045000e-01 -2.189232e-01 4.170603e-01 -6.760000e-01 4.055000e-01 -2.189101e-01 4.170601e-01
-3.530000e-01 4.045000e-01 -6.185265e-02 4.360941e-01 -3.530000e-01 4.055000e-01 -6.161286e-02 4.339529e-01
-1.900000e-01 4.045000e-01 -4.817393e-01 4.327455e-01 -1.900000e-01 4.055000e-01 -4.819895e-01 4.306038e-01
1.340000e-01 4.045000e-01 -3.245943e-01 4.118621e-01 1.340000e-01 4.055000e-01 -3.246109e-01 4.118626e-01
-6.760000e-01 4.055000e-01 -2.189101e-01 4.170601e-01 -6.760000e-01 4.065000e-01 -2.188988e-01 4.170597e-01
-3.530000e-01 4.055000e-01 -6.161286e-02 4.339529e-01 -3.530000e-01 4.065000e-01 -6.140007e-02 4.318038e-01
-1.900000e-01 4.055000e-01 -4.819895e-01 4.306038e-01 -1.900000e-01 4.065000e-01 -4.822127e-01 4.284551e-01
1.340000e-01 4.055000e-01 -3.246109e-01 4.118626e-01 1.340000e-01 4.065000e-01 -3.246257e-01 4.118630e-01
-6.760000e-01 4.065000e-01 -2.188988e-01 4.170597e-01 -6.760000e-01 4.075000e-01 -2.188893e-01 4.170593e-01
-3.530000e-01 4.065000e-01 -6.140007e-02 4.318038e-01 -3.530000e-01 4.075000e-01 -6.121464e-02 4.296475e-01
-1.900000e-01 4.065000e-01 -4.822127e-01 4.284551e-01 -1.900000e-01 4.075000e-01 -4.824086e-01 4.263002e-01
1.340000e-01 4.065000e-01 -3.246257e-01 4.118630e-01 1.340000e-01 4.075000e-01 -3.246387e-01 4.118633e-01
-6.760000e-01 4.075000e-01 -2.188893e-01 4.170593e-01 -6.760000e-01 4.085000e-01 -2.188815e-01 4.170587e-01
-3.530000e-01 4.075000e-01 -6.121464e-02 4.296475e-01 -3.530000e-01 4.085000e-01 -6.105669e-02 4.274850e-01
-1.900000e-01 4.075000e-01 -4.824086e-01 4.263002e-01 -1.900000e-01 4.085000e-01 -4.825771e-01 4.241400e-01
1.340000e-01 4.075000e-01 -3.246387e-01 4.118633e-01 1.340000e-01 4.085000e-01 -3.246500e-01 4.118636e-01
-6.760000e-01 4.085000e-01 -2.188815e-01 4.170587e-01 -6.760000e-01 4.095000e-01 -2.188756e-01 4.170580e-01
-3.530000e-01 4.085000e-01 -6.105669e-02 4.274850e-01 -3.530000e-01 4.095000e-01 -6.092645e-02 4.253172e-01
-1.900000e-01 4.085000e-01 -4.825771e-01 4.241400e-01 -1.900000e-01 4.095000e-01 -4.827180e-01 4.219753e-01
1.340000e-01 4.085000e-01 -3.246500e-01 4.118636e-01 1.340000e-01 4.095000e-01 -3.246595e-01 4.118639e-01
-6.760000e-01 4.095000e-01 -2.188756e-01 4.170580e-01 -6.760000e-01 4.105000e-01 -2.188714e-01 4.170573e-01
-3.530000e-01 4.095000e-01 -6.092645e-02 4.253172e-01 -3.530000e-01 4.105000e-01 -6.082408e-02 4.231449e-01
-1.900000e-01 4.095000e-01 -4.827180e-01 4.219753e-01 -1.900000e-01 4.105000e-01 -4.828312e-01 4.198071e-01
1.340000e-01 4.095000e-01 -3.246595e-01 4.118639e-01 1.340000e-01 4.105000e-01 -3.246672e-01 4.118642e-01
-6.760000e-01 4.105000e-01 -2.188714e-01 4.170573e-01 -6.760000e-01 4.115000e-01 -2.188690e-01 4.170565e-01
-3.530000e-01 4.105000e-01 -6.082408e-02 4.231449e-01 -3.530000e-01 4.115000e-01 -6.074966e-02 4.209691e-01
-1.900000e-01 4.105000e-01 -4.828312e-01 4.198071e-01 -1.900000e-01 4.115000e-01 -4.829164e-01 4.176363e-01
1.340000e-01 4.105000e-01 -3.246672e-01 4.118642e-01 1.340000e-01 4.115000e-01 -3.246732e-01 4.118644e-01
-6.760000e-01 4.115000e-01 -2.188690e-01 4.170565e-01 -6.760000e-01 4.125000e-01 -2.188684e-01 4.170557e-01
-3.530000e-01 4.115000e-01 -6.074966e-02 4.209691e-01 -3.530000e-01 4.125000e-01 -6.070335e-02 4.187906e-01
-1.900000e-01 4.115000e-01 -4.829164e-01 4.176363e-01 -1.900000e-01 4.125000e-01 -4.829738e-01 4.154638e-01
1.340000e-01 4.115000e-01 -3.246732e-01 4.118644e-01 1.340000e-01 4.125000e-01 -3.246774e-01 4.118647e-01
-6.765000e-01 4.130000e-01 -2.192115e-01 4.170558e-01 -6.770000e-01 4.135000e-01 -2.195549e-01 4.170569e-01
-6.760000e-01 4.125000e-01 -2.188684e-01 4.170557e-01 -6.765000e-01 4.130000e-01 -2.192115e-01 4.170558e-01
-3.530000e-01 4.125000e-01 -6.070335e-02 4.187906e-01 -3.530000e-01 4.135000e-01 -6.068523e-02 4.166105e-01
-1.900000e-01 4.125000e-01 -4.829738e-01 4.154638e-01 -1.900000e-01 4.135000e-01 -4.830031e-01 4.132905e-01
1.340000e-01 4.125000e-01 -3.246774e-01 4.118647e-01 1.340000e-01 4.135000e-01 -3.246797e-01 4.118650e-01
-6.770000e-01 4.135000e-01 -2.195549e-01 4.170569e-01 -6.770000e-01 4.145000e-01 -2.195578e-01 4.170577e-01
-3.530000e-01 4.135000e-01 -6.068523e-02 4.166105e-01 -3.530000e-01 4.145000e-01 -6.069525e-02 4.144296e-01
-1.900000e-01 4.135000e-01 -4.830031e-01 4.132905e-01 -1.900000e-01 4.145000e-01 -4.830045e-01 4.111174e-01
1.340000e-01 4.135000e-01 -3.246797e-01 4.118650e-01 1.340000e-01 4.145000e-01 -3.246803e-01 4.118653e-01
-6.770000e-01 4.145000e-01 -2.195578e-01 4.170577e-01 -6.770000e-01 4.155000e-01 -2.195625e-01 4.170586e-01
-3.530000e-01 4.145000e-01 -6.069525e-02 4.144296e-01 -3.530000e-01 4.155000e-01 -6.073348e-02 4.122489e-01
-1.900000e-01 4.145000e-01 -4.830045e-01 4.111174e-01 -1.900000e-01 4.155000e-01 -4.829779e-01 4.089453e-01
1.340000e-01 4.145000e-01 -3.246803e-01 4.118653e-01 1.340000e-01 4.155000e-01 -3.246792e-01 4.118656e-01
-6.770000e-01 4.155000e-01 -2.195625e-01 4.170586e-01 -6.770000e-01 4.165000e-01 -2.195690e-01 4.170595e-01
-3.530000e-01 4.155000e-01 -6.073348e-02 4.122489e-01 -3.530000e-01 4.165000e-01 -6.079985e-02 4.100693e-01
-1.900000e-01 4.155000e-01 -4.829779e-01 4.089453e-01 -1.900000e-01 4.165000e-01 -4.829233e-01 4.067751e-01
1.340000e-01 4.155000e-01 -3.246792e-01 4.118656e-01 1.340000e-01 4.165000e-01 -3.246762e-01 4.118661e-01
-6.770000e-01 4.165000e-01 -2.195690e-01 4.170595e-01 -6.770000e-01 4.175000e-01 -2.195773e-01 4.170603e-01
-3.530000e-01 4.165000e-01 -6.079985e-02 4.100693e-01 -3.530000e-01 4.175000e-01 -6.089438e-02 4.078917e-01
-1.900000e-01 4.165000e-01 -4.829233e-01 4.067751e-01 -1.900000e-01 4.175000e-01 -4.828408e-01 4.046079e-01
1.340000e-01 4.165000e-01 -3.246762e-01 4.118661e-01 1.340000e-01 4.175000e-01 -3.246716e-01 4.118665e-01
-6.770000e-01 4.175000e-01 -2.195773e-01 4.170603e-01 -6.770000e-01 4.185000e-01 -2.195874e-01 4.170612e-01
-3.530000e-01 4.175000e-01 -6.089438e-02 4.078917e-01 -3.530000e-01 4.185000e-01 -6.101687e-02 4.057170e-01
-1.900000e-01 4.175000e-01 -4.828408e-01 4.046079e-01 -1.900000e-01 4.185000e-01 -4.827306e-01 4.024444e-01
1.340000e-01 4.175000e-01 -3.246716e-01 4.118665e-01 1.340000e-01 4.185000e-01 -3.246651e-01 4.118671e-01
-6.770000e-01 4.185000e-01 -2.195874e-01 4.170612e-01 -6.770000e-01 4.195000e-01 -2.195993e-01 4.170622e-01
-3.530000e-01 4.185000e-01 -6.101687e-02 4.057170e-01 -3.530000e-01 4.195000e-01 -6.116734e-02 4.035462e-01
-1.900000e-01 4.185000e-01 -4.827306e-01 4.024444e-01 -1.900000e-01 4.195000e-01 -4.825928e-01 4.002856e-01
1.340000e-01 4.185000e-01 -3.246651e-01 4.118671e-01 1.340000e-01 4.195000e-01 -3.246568e-01 4.118677e-01
-6.770000e-01 4.195000e-01 -2.195993e-01 4.170622e-01 -6.770000e-01 4.205000e-01 -2.196129e-01 4.170631e-01
-3.530000e-01 4.195000e-01 -6.116734e-02 4.035462e-01 -3.530000e-01 4.205000e-01 -6.134553e-02 4.013802e-01
-1.900000e-01 4.195000e-01 -4.825928e-01 4.002856e-01 -1.900000e-01 4.205000e-01 -4.824275e-01 3.981324e-01
1.340000e-01 4.195000e-01 -3.246568e-01 4.118677e-01 1.340000e-01 4.205000e-01 -3.246468e-01 4.118685e-01
-6.770000e-01 4.205000e-01 -2.196129e-01 4.170631e-01 -6.770000e-01 4.215000e-01 -2.196283e-01 4.170642e-01
-3.530000e-01 4.205000e-01 -6.134553e-02 4.013802e-01 -3.530000e-01 4.215000e-01 -6.155132e-02 3.992198e-01
-1.900000e-01 4.205000e-01 -4.824275e-01 3.981324e-01 -1.900000e-01 4.215000e-01 -4.822349e-01 3.959856e-01
1.340000e-01 4.205000e-01 -3.246468e-01 4.118685e-01 1.340000e-01 4.215000e-01 -3.246350e-01 4.118693e-01
-6.770000e-01 4.215000e-01 -2.196283e-01 4.170642e-01 -6.770000e-01 4.225000e-01 -2.196455e-01 4.170653e-01
-3.530000e-01 4.215000e-01 -6.155132e-02 3.992198e-01 -3.530000e-01 4.225000e-01 -6.178446e-02 3.970660e-01
-1.900000e-01 4.215000e-01 -4.822349e-01 3.959856e-01 -1.900000e-01 4.225000e-01 -4.820152e-01 3.938462e-01
1.340000e-01 4.215000e-01 -3.246350e-01 4.118693e-01 1.340000e-01 4.225000e-01 -3.246214e-01 4.118703e-01
-6.770000e-01 4.225000e-01 -2.196455e-01 4.170653e-01 -6.770000e-01 4.235000e-01 -2.196644e-01 4.170664e-01
-3.530000e-01 4.225000e-01 -6.178446e-02 3.970660e-01 -3.525000e-01 4.230000e-01 -6.192831e-02 3.958627e-01
-3.525000e-01 4.230000e-01 -6.192831e-02 3.958627e-01 -3.520000e-01 4.235000e-01 -6.207979e-02 3.946430e-01
-1.900000e-01 4.225000e-01 -4.820152e-01 3.938462e-01 -1.900000e-01 4.235000e-01 -4.817688e-01 3.917150e-01
1.340000e-01 4.225000e-01 -3.246214e-01 4.118703e-01 1.340000e-01 4.235000e-01 -3.246061e-01 4.118714e-01
-6.770000e-01 4.235000e-01 -2.196644e-01 4.170664e-01 -6.770000e-01 4.245000e-01 -2.196851e-01 4.170677e-01
-3.520000e-01 4.235000e-01 -6.207979e-02 3.946430e-01 -3.520000e-01 4.245000e-01 -6.237292e-02 3.924779e-01
-1.900000e-01 4.235000e-01 -4.817688e-01 3.917150e-01 -1.900000e-01 4.245000e-01 -4.814957e-01 3.895928e-01
1.340000e-01 4.235000e-01 -3.246061e-01 4.118714e-01 1.340000e-01 4.245000e-01 -3.245889e-01 4.118727e-01
-6.770000e-01 4.245000e-01 -2.196851e-01 4.170677e-01 -6.770000e-01 4.255000e-01 -2.197076e-01 4.170691e-01
-3.520000e-01 4.245000e-01 -6.237292e-02 3.924779e-01 -3.520000e-01 4.255000e-01 -6.269318e-02 3.903223e-01
-1.905000e-01 4.250000e-01 -4.813273e-01 3.883871e-01 -1.910000e-01 4.255000e-01 -4.811507e-01 3.871650e-01
-1.900000e-01 4.245000e-01 -4.814957e-01 3.895928e-01 -1.905000e-01 4.250000e-01 -4.813273e-01 3.883871e-01
1.335000e-01 4.250000e-01 -3.249211e-01 4.118640e-01 1.330000e-01 4.255000e-01 -3.252530e-01 4.118543e-01
1.340000e-01 4.245000e-01 -3.245889e-01 4.118727e-01 1.335000e-01 4.250000e-01 -3.249211e-01 4.118640e-01
-6.770000e-01 4.255000e-01 -2.197076e-01 4.170691e-01 -6.770000e-01 4.265000e-01 -2.197319e-01 4.170706e-01
-3.520000e-01 4.255000e-01 -6.269318e-02 3.903223e-01 -3.520000e-01 4.265000e-01 -6.304020e-02 3.881770e-01
-1.910000e-01 4.255000e-01 -4.811507e-01 3.871650e-01 -1.910000e-01 4.265000e-01 -4.808188e-01 3.850374e-01
1.330000e-01 4.255000e-01 -3.252530e-01 4.118543e-01 1.330000e-01 4.265000e-01 -3.252322e-01 4.118542e-01
-6.770000e-01 4.265000e-01 -2.197319e-01 4.170706e-01 -6.770000e-01 4.275000e-01 -2.197579e-01 4.170722e-01
-3.520000e-01 4.265000e-01 -6.304020e-02 3.881770e-01 -3.520000e-01 4.275000e-01 -6.341365e-02 3.860429e-01
-1.910000e-01 4.265000e-01 -4.808188e-01 3.850374e-01 -1.910000e-01 4.275000e-01 -4.804608e-01 3.829216e-01
1.330000e-01 4.265000e-01 -3.252322e-01 4.118542e-01 1.330000e-01 4.275000e-01 -3.252097e-01 4.118542e-01
-6.770000e-01 4.275000e-01 -2.197579e-01 4.170722e-01 -6.770000e-01 4.285000e-01 -2.197858e-01 4.170739e-01
-3.520000e-01 4.275000e-01 -6.341365e-02 3.860429e-01 -3.515000e-01 4.280000e-01 -6.364914e-02 3.847820e-01
-3.515000e-01 4.280000e-01 -6.364914e-02 3.847820e-01 -3.510000e-01 4.285000e-01 -6.389432e-02 3.835041e-01
-1.910000e-01 4.275000e-01 -4.804608e-01 3.829216e-01 -1.910000e-01 4.285000e-01 -4.800772e-01 3.808185e-01
1.330000e-01 4.275000e-01 -3.252097e-01 4.118542e-01 1.330000e-01 4.285000e-01 -3.251854e-01 4.118544e-01
-6.770000e-01 4.285000e-01 -2.197858e-01 4.170739e-01 -6.770000e-01 4.295000e-01 -2.198153e-01 4.170758e-01
-3.510000e-01 4.285000e-01 -6.389432e-02 3.835041e-01 -3.510000e-01 4.295000e-01 -6.432818e-02 3.813690e-01
-1.910000e-01 4.285000e-01 -4.800772e-01 3.808185e-01 -1.910000e-01 4.295000e-01 -4.796683e-01 3.787287e-01
1.330000e-01 4.285000e-01 -3.251854e-01 4.118544e-01 1.330000e-01 4.295000e-01 -3.251594e-01 4.118548e-01
-6.770000e-01 4.295000e-01 -2.198153e-01 4.170758e-01 -6.770000e-01 4.305000e-01 -2.198467e-01 4.170779e-01
-3.510000e-01 4.295000e-01 -6.432818e-02 3.813690e-01 -3.510000e-01 4.305000e-01 -6.478773e-02 3.792480e-01
-1.915000e-01 4.300000e-01 -4.794086e-01 3.774742e-01 -1.920000e-01 4.305000e-01 -4.791386e-01 3.762027e-01
-1.910000e-01 4.295000e-01 -4.796683e-01 3.787287e-01 -1.915000e-01 4.300000e-01 -4.794086e-01 3.774742e-01
1.330000e-01 4.295000e-01 -3.251594e-01 4.118548e-01 1.330000e-01 4.305000e-01 -3.251315e-01 4.118554e-01
-6.770000e-01 4.305000e-01 -2.198467e-01 4.170779e-01 -6.770000e-01 4.315000e-01 -2.198798e-01 4.170801e-01
-3.510000e-01 4.305000e-01 -6.478773e-02 3.792480e-01 -3.510000e-01 4.315000e-01 -6.527250e-02 3.771417e-01
-1.920000e-01 4.305000e-01 -4.791386e-01 3.762027e-01 -1.920000e-01 4.315000e-01 -4.786713e-01 3.741177e-01
1.330000e-01 4.305000e-01 -3.251315e-01 4.118554e-01 1.330000e-01 4.315000e-01 -3.251019e-01 4.118563e-01
-6.770000e-01 4.315000e-01 -2.198798e-01 4.170801e-01 -6.770000e-01 4.325000e-01 -2.199147e-01 4.170826e-01
-3.510000e-01 4.315000e-01 -6.527250e-02 3.771417e-01 -3.505000e-01 4.320000e-01 -6.558721e-02 3.758417e-01
-3.505000e-01 4.320000e-01 -6.558721e-02 3.758417e-01 -3.500000e-01 4.325000e-01 -6.591341e-02 3.745241e-01
-1.920000e-01 4.315000e-01 -4.786713e-01 3.741177e-01 -1.920000e-01 4.325000e-01 -4.781797e-01 3.720488e-01
1.330000e-01 4.315000e-01 -3.251019e-01 4.118563e-01 1.330000e-01 4.325000e-01 -3.250705e-01 4.118574e-01
-6.770000e-01 4.325000e-01 -2.199147e-01 4.170826e-01 -6.770000e-01 4.335000e-01 -2.199513e-01 4.170852e-01
-3.500000e-01 4.325000e-01 -6.591341e-02 3.745241e-01 -3.500000e-01 4.335000e-01 -6.645784e-02 3.724255e-01
-1.920000e-01 4.325000e-01 -4.781797e-01 3.720488e-01 -1.920000e-01 4.335000e-01 -4.776642e-01 3.699966e-01
1.330000e-01 4.325000e-01 -3.250705e-01 4.118574e-01 1.330000e-01 4.335000e-01 -3.250374e-01 4.118587e-01
-6.770000e-01 4.335000e-01 -2.199513e-01 4.170852e-01 -6.770000e-01 4.345000e-01 -2.199898e-01 4.170880e-01
-3.500000e-01 4.335000e-01 -6.645784e-02 3.724255e-01 -3.500000e-01 4.345000e-01 -6.702635e-02 3.703444e-01
-1.925000e-01 4.340000e-01 -4.773265e-01 3.687100e-01 -1.930000e-01 4.345000e-01 -4.769766e-01 3.674064e-01
-1.920000e-01 4.335000e-01 -4.776642e-01 3.699966e-01 -1.925000e-01 4.340000e-01 -4.773265e-01 3.687100e-01
1.330000e-01 4.335000e-01 -3.250374e-01 4.118587e-01 1.330000e-01 4.345000e-01 -3.250024e-01 4.118604e-01
-6.770000e-01 4.345000e-01 -2.199898e-01 4.170880e-01 -6.770000e-01 4.355000e-01 -2.200300e-01 4.170911e-01
-3.500000e-01 4.345000e-01 -6.702635e-02 3.703444e-01 -3.495000e-01 4.350000e-01 -6.740534e-02 3.690170e-01
-3.495000e-01 4.350000e-01 -6.740534e-02 3.690170e-01 -3.490000e-01 4.355000e-01 -6.779730e-02 3.676720e-01
-1.930000e-01 4.345000e-01 -4.769766e-01 3.674064e-01 -1.930000e-01 4.355000e-01 -4.764041e-01 3.653672e-01
1.330000e-01 4.345000e-01 -3.250024e-01 4.118604e-01 1.330000e-01 4.355000e-01 -3.249658e-01 4.118623e-01
-6.770000e-01 4.355000e-01 -2.200300e-01 4.170911e-01 -6.770000e-01 4.365000e-01 -2.200719e-01 4.170943e-01
-3.490000e-01 4.355000e-01 -6.779730e-02 3.676720e-01 -3.490000e-01 4.365000e-01 -6.842443e-02 3.656052e-01
-1.930000e-01 4.355000e-01 -4.764041e-01 3.653672e-01 -1.930000e-01 4.365000e-01 -4.758091e-01 3.633472e-01
1.330000e-01 4.355000e-01 -3.249658e-01 4.118623e-01 1.330000e-01 4.365000e-01 -3.249273e-01 4.118645e-01
-6.770000e-01 4.365000e-01 -2.200719e-01 4.170943e-01 -6.770000e-01 4.375000e-01 -2.201156e-01 4.170979e-01
-3.490000e-01 4.365000e-01 -6.842443e-02 3.656052e-01 -3.490000e-01 4.375000e-01 -6.907418e-02 3.635585e-01
-1.935000e-01 4.370000e-01 -4.754084e-01 3.620388e-01 -1.940000e-01 4.375000e-01 -4.749943e-01 3.607135e-01
-1.930000e-01 4.365000e-01 -4.758091e-01 3.633472e-01 -1.935000e-01 4.370000e-01 -4.754084e-01 3.620388e-01
1.330000e-01 4.365000e-01 -3.249273e-01 4.118645e-01 1.330000e-01 4.375000e-01 -3.248872e-01 4.118669e-01
-6.770000e-01 4.375000e-01 -2.201156e-01 4.170979e-01 -6.770000e-01 4.385000e-01 -2.201611e-01 4.171016e-01
-3.490000e-01 4.375000e-01 -6.907418e-02 3.635585e-01 -3.485000e-01 4.380000e-01 -6.951891e-02 3.622096e-01
-3.485000e-01 4.380000e-01 -6.951891e-02 3.622096e-01 -3.480000e-01 4.385000e-01 -6.997804e-02 3.608433e-01
-1.940000e-01 4.375000e-01 -4.749943e-01 3.607135e-01 -1.940000e-01 4.385000e-01 -4.743437e-01 3.587128e-01
1.330000e-01 4.375000e-01 -3.248872e-01 4.118669e-01 1.330000e-01 4.385000e-01 -3.248452e-01 4.118697e-01
-6.770000e-01 4.385000e-01 -2.201611e-01 4.171016e-01 -6.770000e-01 4.395000e-01 -2.202083e-01 4.171057e-01
-3.480000e-01 4.385000e-01 -6.997804e-02 3.608433e-01 -3.480000e-01 4.395000e-01 -7.068462e-02 3.588174e-01
-1.945000e-01 4.390000e-01 -4.738958e-01 3.573875e-01 -1.950000e-01 4.395000e-01 -4.734334e-01 3.560454e-01
-1.940000e-01 4.385000e-01 -4.743437e-01 3.587128e-01 -1.945000e-01 4.390000e-01 -4.738958e-01 3.573875e-01
1.330000e-01 4.385000e-01 -3.248452e-01 4.118697e-01 1.330000e-01 4.395000e-01 -3.248015e-01 4.118729e-01
-6.770000e-01 4.395000e-01 -2.202083e-01 4.171057e-01 -6.770000e-01 4.405000e-01 -2.202572e-01 4.171100e-01
-3.480000e-01 4.395000e-01 -7.068462e-02 3.588174e-01 -3.475000e-01 4.400000e-01 -7.117871e-02 3.574520e-01
-3.475000e-01 4.400000e-01 -7.117871e-02 3.574520e-01 -3.470000e-01 4.405000e-01 -7.168829e-02 3.560692e-01
-1.950000e-01 4.395000e-01 -4.734334e-01 3.560454e-01 -1.950000e-01 4.405000e-01 -4.727284e-01 3.540684e-01
1.330000e-01 4.395000e-01 -3.248015e-01 4.118729e-01 1.330000e-01 4.405000e-01 -3.247560e-01 4.118763e-01
-6.770000e-01 4.405000e-01 -2.202572e-01 4.171100e-01 -6.770000e-01 4.415000e-01 -2.203080e-01 4.171146e-01
-3.470000e-01 4.405000e-01 -7.168829e-02 3.560692e-01 -3.470000e-01 4.415000e-01 -7.245034e-02 3.540688e-01
-1.950000e-01 4.405000e-01 -4.727284e-01 3.540684e-01 -1.950000e-01 4.415000e-01 -4.720036e-01 3.521147e-01
1.330000e-01 4.405000e-01 -3.247560e-01 4.118763e-01 1.330000e-01 4.415000e-01 -3.247088e-01 4.118801e-01
-6.770000e-01 4.415000e-01 -2.203080e-01 4.171146e-01 -6.765000e-01 4.420000e-01 -2.199930e-01 4.170908e-01
-6.765000e-01 4.420000e-01 -2.199930e-01 4.170908e-01 -6.760000e-01 4.425000e-01 -2.196784e-01 4.170661e-01
-3.470000e-01 4.415000e-01 -7.245034e-02 3.540688e-01 -3.465000e-01 4.420000e-01 -7.299455e-02 3.526898e-01
-3.465000e-01 4.420000e-01 -7.299455e-02 3.526898e-01 -3.460000e-01 4.425000e-01 -7.355533e-02 3.512937e-01
-1.955000e-01 4.420000e-01 -4.714912e-01 3.507777e-01 -1.960000e-01 4.425000e-01 -4.709630e-01 3.494243e-01
-1.950000e-01 4.415000e-01 -4.720036e-01 3.521147e-01 -1.955000e-01 4.420000e-01 -4.714912e-01 3.507777e-01
1.330000e-01 4.415000e-01 -3.247088e-01 4.118801e-01 1.330000e-01 4.425000e-01 -3.246598e-01 4.118843e-01
-6.760000e-01 4.425000e-01 -2.196784e-01 4.170661e-01 -6.760000e-01 4.435000e-01 -2.197329e-01 4.170695e-01
-3.460000e-01 4.425000e-01 -7.355533e-02 3.512937e-01 -3.460000e-01 4.435000e-01 -7.437123e-02 3.493234e-01
-1.960000e-01 4.425000e-01 -4.709630e-01 3.494243e-01 -1.960000e-01 4.435000e-01 -4.701864e-01 3.475003e-01
1.330000e-01 4.425000e-01 -3.246598e-01 4.118843e-01 1.330000e-01 4.435000e-01 -3.246092e-01 4.118888e-01
-6.760000e-01 4.435000e-01 -2.197329e-01 4.170695e-01 -6.760000e-01 4.445000e-01 -2.197890e-01 4.170733e-01
-3.460000e-01 4.435000e-01 -7.437123e-02 3.493234e-01 -3.455000e-01 4.440000e-01 -7.496608e-02 3.479341e-01
-3.455000e-01 4.440000e-01 -7.496608e-02 3.479341e-01 -3.450000e-01 4.445000e-01 -7.557854e-02 3.465279e-01
-1.965000e-01 4.440000e-01 -4.696257e-01 3.461537e-01 -1.970000e-01 4.445000e-01 -4.690482e-01 3.447910e-01
-1.960000e-01 4.435000e-01 -4.701864e-01 3.475003e-01 -1.965000e-01 4.440000e-01 -4.696257e-01 3.461537e-01
1.325000e-01 4.440000e-01 -3.249228e-01 4.118651e-01 1.320000e-01 4.445000e-01 -3.252361e-01 4.118403e-01
1.330000e-01 4.435000e-01 -3.246092e-01 4.118888e-01 1.325000e-01 4.440000e-01 -3.249228e-01 4.118651e-01
-6.760000e-01 4.445000e-01 -2.197890e-01 4.170733e-01 -6.760000e-01 4.455000e-01 -2.198470e-01 4.170775e-01
-3.450000e-01 4.445000e-01 -7.557854e-02 3.465279e-01 -3.450000e-01 4.455000e-01 -7.644621e-02 3.445924e-01
-1.970000e-01 4.445000e-01 -4.690482e-01 3.447910e-01 -1.970000e-01 4.455000e-01 -4.682218e-01 3.429009e-01
1.320000e-01 4.445000e-01 -3.252361e-01 4.118403e-01 1.320000e-01 4.455000e-01 -3.251817e-01 4.118439e-01
-6.760000e-01 4.455000e-01 -2.198470e-01 4.170775e-01 -6.760000e-01 4.465000e-01 -2.199067e-01 4.170819e-01
-3.450000e-01 4.455000e-01 -7.644621e-02 3.445924e-01 -3.445000e-01 4.460000e-01 -7.709193e-02 3.431960e-01
-3.445000e-01 4.460000e-01 -7.709193e-02 3.431960e-01 -3.440000e-01 4.465000e-01 -7.775627e-02 3.417832e-01
-1.975000e-01 4.460000e-01 -4.676125e-01 3.415477e-01 -1.980000e-01 4.465000e-01 -4.669855e-01 3.401789e-01
-1.970000e-01 4.455000e-01 -4.682218e-01 3.429009e-01 -1.975000e-01 4.460000e-01 -4.676125e-01 3.415477e-01
1.320000e-01 4.455000e-01 -3.251817e-01 4.118439e-01 1.320000e-01 4.465000e-01 -3.251255e-01 4.118478e-01
-6.760000e-01 4.465000e-01 -2.199067e-01 4.170819e-01 -6.760000e-01 4.475000e-01 -2.199681e-01 4.170868e-01
-3.440000e-01 4.465000e-01 -7.775627e-02 3.417832e-01 -3.440000e-01 4.475000e-01 -7.867326e-02 3.398867e-01
-1.980000e-01 4.465000e-01 -4.669855e-01 3.401789e-01 -1.980000e-01 4.475000e-01 -4.661114e-01 3.383269e-01
1.320000e-01 4.465000e-01 -3.251255e-01 4.118478e-01 1.320000e-01 4.475000e-01 -3.250676e-01 4.118522e-01
-6.760000e-01 4.475000e-01 -2.199681e-01 4.170868e-01 -6.760000e-01 4.485000e-01 -2.200313e-01 4.170920e-01
-3.440000e-01 4.475000e-01 -7.867326e-02 3.398867e-01 -3.435000e-01 4.480000e-01 -7.936982e-02 3.384866e-01
-3.435000e-01 4.480000e-01 -7.936982e-02 3.384866e-01 -3.430000e-01 4.485000e-01 -8.008594e-02 3.370708e-01
-1.985000e-01 4.480000e-01 -4.654535e-01 3.369704e-01 -1.990000e-01 4.485000e-01 -4.647771e-01 3.355987e-01
-1.980000e-01 4.475000e-01 -4.661114e-01 3.383269e-01 -1.985000e-01 4.480000e-01 -4.654535e-01 3.369704e-01
1.320000e-01 4.475000e-01 -3.250676e-01 4.118522e-01 1.320000e-01 4.485000e-01 -3.250079e-01 4.118570e-01
-6.760000e-01 4.485000e-01 -2.200313e-01 4.170920e-01 -6.760000e-01 4.495000e-01 -2.200962e-01 4.170976e-01
-3.430000e-01 4.485000e-01 -8.008594e-02 3.370708e-01 -3.430000e-01 4.495000e-01 -8.104954e-02 3.352176e-01
-1.995000e-01 4.490000e-01 -4.640856e-01 3.342343e-01 -2.000000e-01 4.495000e-01 -4.633748e-01 3.328550e-01
-1.990000e-01 4.485000e-01 -4.647771e-01 3.355987e-01 -1.995000e-01 4.490000e-01 -4.640856e-01 3.342343e-01
1.320000e-01 4.485000e-01 -3.250079e-01 4.118570e-01 1.320000e-01 4.495000e-01 -3.249466e-01 4.118623e-01
-6.760000e-01 4.495000e-01 -2.200962e-01 4.170976e-01 -6.760000e-01 4.505000e-01 -2.201629e-01 4.171036e-01
-3.430000e-01 4.495000e-01 -8.104954e-02 3.352176e-01 -3.425000e-01 4.500000e-01 -8.179659e-02 3.338173e-01
-3.425000e-01 4.500000e-01 -8.179659e-02 3.338173e-01 -3.420000e-01 4.505000e-01 -8.256411e-02 3.324020e-01
-2.000000e-01 4.495000e-01 -4.633748e-01 3.328550e-01 -2.000000e-01 4.505000e-01 -4.624263e-01 3.310611e-01
1.320000e-01 4.495000e-01 -3.249466e-01 4.118623e-01 1.320000e-01 4.505000e-01 -3.248834e-01 4.118680e-01
-6.760000e-01 4.505000e-01 -2.201629e-01 4.171036e-01 -6.760000e-01 4.515000e-01 -2.202313e-01 4.171100e-01
-3.420000e-01 4.505000e-01 -8.256411e-02 3.324020e-01 -3.415000e-01 4.510000e-01 -8.334656e-02 3.309956e-01
-3.415000e-01 4.510000e-01 -8.334656e-02 3.309956e-01 -3.410000e-01 4.515000e-01 -8.415020e-02 3.295744e-01
-2.005000e-01 4.510000e-01 -4.616864e-01 3.296986e-01 -2.010000e-01 4.515000e-01 -4.609264e-01 3.283218e-01
-2.000000e-01 4.505000e-01 -4.624263e-01 3.310611e-01 -2.005000e-01 4.510000e-01 -4.616864e-01 3.296986e-01
1.320000e-01 4.505000e-01 -3.248834e-01 4.118680e-01 1.320000e-01 4.515000e-01 -3.248185e-01 4.118741e-01
-6.760000e-01 4.515000e-01 -2.202313e-01 4.171100e-01 -6.760000e-01 4.525000e-01 -2.203015e-01 4.171168e-01
-3.410000e-01 4.515000e-01 -8.415020e-02 3.295744e-01 -3.410000e-01 4.525000e-01 -8.518628e-02 3.277879e-01
-2.010000e-01 4.515000e-01 -4.609264e-01 3.283218e-01 -2.010000e-01 4.525000e-01 -4.599373e-01 3.265764e-01
1.320000e-01 4.515000e-01 -3.248185e-01 4.118741e-01 1.320000e-01 4.525000e-01 -3.247519e-01 4.118808e-01
-6.760000e-01 4.525000e-01 -2.203015e-01 4.171168e-01 -6.760000e-01 4.535000e-01 -2.203733e-01 4.171240e-01
-3.410000e-01 4.525000e-01 -8.518628e-02 3.277879e-01 -3.405000e-01 4.530000e-01 -8.601857e-02 3.263870e-01
-3.405000e-01 4.530000e-01 -8.601857e-02 3.263870e-01 -3.400000e-01 4.535000e-01 -8.687278e-02 3.249722e-01
-2.015000e-01 4.530000e-01 -4.591497e-01 3.252190e-01 -2.020000e-01 4.535000e-01 -4.583413e-01 3.238483e-01
-2.010000e-01 4.525000e-01 -4.599373e-01 3.265764e-01 -2.015000e-01 4.530000e-01 -4.591497e-01 3.252190e-01
1.320000e-01 4.525000e-01 -3.247519e-01 4.118808e-01 1.320000e-01 4.535000e-01 -3.246836e-01 4.118879e-01
-6.760000e-01 4.535000e-01 -2.203733e-01 4.171240e-01 -6.760000e-01 4.545000e-01 -2.204469e-01 4.171317e-01
-3.400000e-01 4.535000e-01 -8.687278e-02 3.249722e-01 -3.395000e-01 4.540000e-01 -8.774062e-02 3.235687e-01
-3.395000e-01 4.540000e-01 -8.774062e-02 3.235687e-01 -3.390000e-01 4.545000e-01 -8.863105e-02 3.221518e-01
-2.025000e-01 4.540000e-01 -4.575197e-01 3.224883e-01 -2.030000e-01 4.545000e-01 -4.566767e-01 3.211154e-01
-2.020000e-01 4.535000e-01 -4.583413e-01 3.238483e-01 -2.025000e-01 4.540000e-01 -4.575197e-01 3.224883e-01
1.320000e-01 4.535000e-01 -3.246836e-01 4.118879e-01 1.320000e-01 4.545000e-01 -3.246136e-01 4.118955e-01
-6.760000e-01 4.545000e-01 -2.204469e-01 4.171317e-01 -6.760000e-01 4.555000e-01 -2.205222e-01 4.171398e-01
-3.390000e-01 4.545000e-01 -8.863105e-02 3.221518e-01 -3.385000e-01 4.550000e-01 -8.953459e-02 3.207470e-01
-3.385000e-01 4.550000e-01 -8.953459e-02 3.207470e-01 -3.380000e-01 4.555000e-01 -9.046131e-02 3.193293e-01
-2.035000e-01 4.550000e-01 -4.558210e-01 3.197541e-01 -2.040000e-01 4.555000e-01 -4.549433e-01 3.183802e-01
-2.030000e-01 4.545000e-01 -4.566767e-01 3.211154e-01 -2.035000e-01 4.550000e-01 -4.558210e-01 3.197541e-01
1.320000e-01 4.545000e-01 -3.246136e-01 4.118955e-01 1.320000e-01 4.555000e-01 -3.245418e-01 4.119037e-01
-6.760000e-01 4.555000e-01 -2.205222e-01 4.171398e-01 -6.760000e-01 4.565000e-01 -2.205992e-01 4.171484e-01
-3.380000e-01 4.555000e-01 -9.046131e-02 3.193293e-01 -3.380000e-01 4.565000e-01 -9.158719e-02 3.176459e-01
-2.040000e-01 4.555000e-01 -4.549433e-01 3.183802e-01 -2.040000e-01 4.565000e-01 -4.538669e-01 3.167338e-01
1.320000e-01 4.555000e-01 -3.245418e-01 4.119037e-01 1.320000e-01 4.565000e-01 -3.244683e-01 4.119123e-01
-6.760000e-01 4.565000e-01 -2.205992e-01 4.171484e-01 -6.760000e-01 4.575000e-01 -2.206780e-01 4.171575e-01
-3.380000e-01 4.565000e-01 -9.158719e-02 3.176459e-01 -3.375000e-01 4.570000e-01 -9.253856e-02 3.162546e-01
-3.375000e-01 4.570000e-01 -9.253856e-02 3.162546e-01 -3.370000e-01 4.575000e-01 -9.351363e-02 3.148517e-01
-2.045000e-01 4.570000e-01 -4.529653e-01 3.153852e-01 -2.050000e-01 4.575000e-01 -4.520411e-01 3.140251e-01
-2.040000e-01 4.565000e-01 -4.538669e-01 3.167338e-01 -2.045000e-01 4.570000e-01 -4.529653e-01 3.153852e-01
1.320000e-01 4.565000e-01 -3.244683e-01 4.119123e-01 1.320000e-01 4.575000e-01 -3.243931e-01 4.119215e-01
-6.760000e-01 4.575000e-01 -2.206780e-01 4.171575e-01 -6.760000e-01 4.585000e-01 -2.207585e-01 4.171670e-01
-3.370000e-01 4.575000e-01 -9.351363e-02 3.148517e-01 -3.365000e-01 4.580000e-01 -9.450012e-02 3.134629e-01
-3.365000e-01 4.580000e-01 -9.450012e-02 3.134629e-01 -3.360000e-01 4.585000e-01 -9.551083e-02 3.120631e-01
-2.055000e-01 4.580000e-01 -4.511058e-01 3.126787e-01 -2.060000e-01 4.585000e-01 -4.501475e-01 3.113213e-01
-2.050000e-01 4.575000e-01 -4.520411e-01 3.140251e-01 -2.055000e-01 4.580000e-01 -4.511058e-01 3.126787e-01
1.315000e-01 4.580000e-01 -3.246924e-01 4.118879e-01 1.310000e-01 4.585000e-01 -3.249911e-01 4.118532e-01
1.320000e-01 4.575000e-01 -3.243931e-01 4.119215e-01 1.315000e-01 4.580000e-01 -3.246924e-01 4.118879e-01
-6.760000e-01 4.585000e-01 -2.207585e-01 4.171670e-01 -6.760000e-01 4.595000e-01 -2.208407e-01 4.171771e-01
-3.360000e-01 4.585000e-01 -9.551083e-02 3.120631e-01 -3.355000e-01 4.590000e-01 -9.653231e-02 3.106783e-01
-3.355000e-01 4.590000e-01 -9.653231e-02 3.106783e-01 -3.350000e-01 4.595000e-01 -9.757846e-02 3.092831e-01
-2.065000e-01 4.590000e-01 -4.491786e-01 3.099784e-01 -2.070000e-01 4.595000e-01 -4.481863e-01 3.086252e-01
-2.060000e-01 4.585000e-01 -4.501475e-01 3.113213e-01 -2.065000e-01 4.590000e-01 -4.491786e-01 3.099784e-01
1.310000e-01 4.585000e-01 -3.249911e-01 4.118532e-01 1.310000e-01 4.595000e-01 -3.249122e-01 4.118618e-01
-6.760000e-01 4.595000e-01 -2.208407e-01 4.171771e-01 -6.760000e-01 4.605000e-01 -2.209246e-01 4.171876e-01
-3.350000e-01 4.595000e-01 -9.757846e-02 3.092831e-01 -3.345000e-01 4.600000e-01 -9.863465e-02 3.079038e-01
-3.345000e-01 4.600000e-01 -9.863465e-02 3.079038e-01 -3.340000e-01 4.605000e-01 -9.971596e-02 3.065148e-01
-2.075000e-01 4.600000e-01 -4.471841e-01 3.072871e-01 -2.080000e-01 4.605000e-01 -4.461580e-01 3.059395e-01
-2.070000e-01 4.595000e-01 -4.481863e-01 3.086252e-01 -2.075000e-01 4.600000e-01 -4.471841e-01 3.072871e-01
1.310000e-01 4.595000e-01 -3.249122e-01 4.118618e-01 1.310000e-01 4.605000e-01 -3.248315e-01 4.118709e-01
-6.760000e-01 4.605000e-01 -2.209246e-01 4.171876e-01 -6.760000e-01 4.615000e-01 -2.210101e-01 4.171987e-01
-3.340000e-01 4.605000e-01 -9.971596e-02 3.065148e-01 -3.335000e-01 4.610000e-01 -1.008065e-01 3.051425e-01
-3.335000e-01 4.610000e-01 -1.008065e-01 3.051425e-01 -3.330000e-01 4.615000e-01 -1.019226e-01 3.037613e-01
-2.085000e-01 4.610000e-01 -4.451228e-01 3.046077e-01 -2.090000e-01 4.615000e-01 -4.440632e-01 3.032671e-01
-2.080000e-01 4.605000e-01 -4.461580e-01 3.059395e-01 -2.085000e-01 4.610000e-01 -4.451228e-01 3.046077e-01
1.310000e-01 4.605000e-01 -3.248315e-01 4.118709e-01 1.310000e-01 4.615000e-01 -3.247492e-01 4.118806e-01
-6.760000e-01 4.615000e-01 -2.210101e-01 4.171987e-01 -6.760000e-01 4.625000e-01 -2.210974e-01 4.172103e-01
-3.330000e-01 4.615000e-01 -1.019226e-01 3.037613e-01 -3.325000e-01 4.620000e-01 -1.030471e-01 3.023975e-01
-3.325000e-01 4.620000e-01 -1.030471e-01 3.023975e-01 -3.320000e-01 4.625000e-01 -1.041975e-01 3.010257e-01
-2.095000e-01 4.620000e-01 -4.429952e-01 3.019432e-01 -2.100000e-01 4.625000e-01 -4.419027e-01 3.006111e-01
-2.090000e-01 4.615000e-01 -4.440632e-01 3.032671e-01 -2.095000e-01 4.620000e-01 -4.429952e-01 3.019432e-01
1.310000e-01 4.615000e-01 -3.247492e-01 4.118806e-01 1.310000e-01 4.625000e-01 -3.246651e-01 4.118909e-01
-6.760000e-01 4.625000e-01 -2.210974e-01 4.172103e-01 -6.760000e-01 4.635000e-01 -2.211864e-01 4.172224e-01
-3.320000e-01 4.625000e-01 -1.041975e-01 3.010257e-01 -3.315000e-01 4.630000e-01 -1.053554e-01 2.996719e-01
-3.315000e-01 4.630000e-01 -1.053554e-01 2.996719e-01 -3.310000e-01 4.635000e-01 -1.065394e-01 2.983111e-01
-2.105000e-01 4.630000e-01 -4.408024e-01 2.992963e-01 -2.110000e-01 4.635000e-01 -4.396773e-01 2.979742e-01
-2.100000e-01 4.625000e-01 -4.419027e-01 3.006111e-01 -2.105000e-01 4.630000e-01 -4.408024e-01 2.992963e-01
1.310000e-01 4.625000e-01 -3.246651e-01 4.118909e-01 1.310000e-01 4.635000e-01 -3.245793e-01 4.119018e-01
-6.760000e-01 4.635000e-01 -2.211864e-01 4.172224e-01 -6.760000e-01 4.645000e-01 -2.212771e-01 4.172351e-01
-3.310000e-01 4.635000e-01 -1.065394e-01 2.983111e-01 -3.305000e-01 4.640000e-01 -1.077302e-01 2.969690e-01
-3.305000e-01 4.640000e-01 -1.077302e-01 2.969690e-01 -3.300000e-01 4.645000e-01 -1.089472e-01 2.956206e-01
-2.115000e-01 4.640000e-01 -4.385453e-01 2.966701e-01 -2.120000e-01 4.645000e-01 -4.373882e-01 2.953595e-01
-2.110000e-01 4.635000e-01 -4.396773e-01 2.979742e-01 -2.115000e-01 4.640000e-01 -4.385453e-01 2.966701e-01
1.310000e-01 4.635000e-01 -3.245793e-01 4.119018e-01 1.310000e-01 4.645000e-01 -3.244919e-01 4.119133e-01
-6.760000e-01 4.645000e-01 -2.212771e-01 4.172351e-01 -6.760000e-01 4.655000e-01 -2.213695e-01 4.172483e-01
-3.300000e-01 4.645000e-01 -1.089472e-01 2.956206e-01 -3.295000e-01 4.650000e-01 -1.101700e-01 2.942917e-01
-3.295000e-01 4.650000e-01 -1.101700e-01 2.942917e-01 -3.290000e-01 4.655000e-01 -1.114193e-01 2.929575e-01
-2.125000e-01 4.650000e-01 -4.362251e-01 2.940674e-01 -2.130000e-01 4.655000e-01 -4.350368e-01 2.927698e-01
-2.120000e-01 4.645000e-01 -4.373882e-01 2.953595e-01 -2.125000e-01 4.650000e-01 -4.362251e-01 2.940674e-01
1.310000e-01 4.645000e-01 -3.244919e-01 4.119133e-01 1.310000e-01 4.655000e-01 -3.244027e-01 4.119254e-01
-6.760000e-01 4.655000e-01 -2.213695e-01 4.172483e-01 -6.760000e-01 4.665000e-01 -2.214636e-01 4.172621e-01
-3.290000e-01 4.655000e-01 -1.114193e-01 2.929575e-01 -3.285000e-01 4.660000e-01 -1.126734e-01 2.916433e-01
-3.285000e-01 4.660000e-01 -1.126734e-01 2.916433e-01 -3.280000e-01 4.665000e-01 -1.139540e-01 2.903246e-01
-2.135000e-01 4.660000e-01 -4.338433e-01 2.914913e-01 -2.140000e-01 4.665000e-01 -4.326244e-01 2.902080e-01
-2.130000e-01 4.655000e-01 -4.350368e-01 2.927698e-01 -2.135000e-01 4.660000e-01 -4.338433e-01 2.914913e-01
1.310000e-01 4.655000e-01 -3.244027e-01 4.119254e-01 1.310000e-01 4.665000e-01 -3.243119e-01 4.119381e-01
-6.760000e-01 4.665000e-01 -2.214636e-01 4.172621e-01 -6.760000e-01 4.675000e-01 -2.215593e-01 4.172765e-01
-3.280000e-01 4.665000e-01 -1.139540e-01 2.903246e-01 -3.275000e-01 4.670000e-01 -1.152384e-01 2.890266e-01
-3.275000e-01 4.670000e-01 -1.152384e-01 2.890266e-01 -3.270000e-01 4.675000e-01 -1.165494e-01 2.877252e-01
-2.145000e-01 4.670000e-01 -4.314013e-01 2.889444e-01 -2.150000e-01 4.675000e-01 -4.301528e-01 2.876770e-01
-2.140000e-01 4.665000e-01 -4.326244e-01 2.902080e-01 -2.145000e-01 4.670000e-01 -4.314013e-01 2.889444e-01
1.310000e-01 4.665000e-01 -3.243119e-01 4.119381e-01 1.310000e-01 4.675000e-01 -3.242194e-01 4.119515e-01
-6.760000e-01 4.675000e-01 -2.215593e-01 4.172765e-01 -6.755000e-01 4.680000e-01 -2.212711e-01 4.172353e-01
-6.755000e-01 4.680000e-01 -2.212711e-01 4.172353e-01 -6.750000e-01 4.685000e-01 -2.209834e-01 4.171930e-01
-3.270000e-01 4.675000e-01 -1.165494e-01 2.877252e-01 -3.265000e-01 4.680000e-01 -1.178632e-01 2.864449e-01
-3.265000e-01 4.680000e-01 -1.178632e-01 2.864449e-01 -3.255000e-01 4.680000e-01 -1.192329e-01 2.851341e-01
-3.255000e-01 4.680000e-01 -1.192329e-01 2.851341e-01 -3.250000e-01 4.685000e-01 -1.205999e-01 2.838495e-01
-2.155000e-01 4.680000e-01 -4.289010e-01 2.864298e-01 -2.160000e-01 4.685000e-01 -4.276238e-01 2.851797e-01
-2.150000e-01 4.675000e-01 -4.301528e-01 2.876770e-01 -2.155000e-01 4.680000e-01 -4.289010e-01 2.864298e-01
1.305000e-01 4.680000e-01 -3.245079e-01 4.119114e-01 1.300000e-01 4.685000e-01 -3.247958e-01 4.118703e-01
1.310000e-01 4.675000e-01 -3.242194e-01 4.119515e-01 1.305000e-01 4.680000e-01 -3.245079e-01 4.119114e-01
-6.750000e-01 4.685000e-01 -2.209834e-01 4.171930e-01 -6.750000e-01 4.695000e-01 -2.210829e-01 4.172069e-01
-3.250000e-01 4.685000e-01 -1.205999e-01 2.838495e-01 -3.245000e-01 4.690000e-01 -1.219682e-01 2.825869e-01
-3.245000e-01 4.690000e-01 -1.219682e-01 2.825869e-01 -3.240000e-01 4.695000e-01 -1.233632e-01 2.813235e-01
-2.175000e-01 4.690000e-01 -4.250011e-01 2.826834e-01 -2.180000e-01 4.695000e-01 -4.236706e-01 2.814505e-01
-2.175000e-01 4.690000e-01 -4.250011e-01 2.826834e-01 -2.165000e-01 4.690000e-01 -4.263442e-01 2.839501e-01
-2.160000e-01 4.685000e-01 -4.276238e-01 2.851797e-01 -2.165000e-01 4.690000e-01 -4.263442e-01 2.839501e-01
1.300000e-01 4.685000e-01 -3.247958e-01 4.118703e-01 1.300000e-01 4.695000e-01 -3.246996e-01 4.118833e-01
-6.750000e-01 4.695000e-01 -2.210829e-01 4.172069e-01 -6.750000e-01 4.705000e-01 -2.211841e-01 4.172215e-01
-3.240000e-01 4.695000e-01 -1.233632e-01 2.813235e-01 -3.235000e-01 4.700000e-01 -1.247584e-01 2.800825e-01
-3.235000e-01 4.700000e-01 -1.247584e-01 2.800825e-01 -3.230000e-01 4.705000e-01 -1.261800e-01 2.788417e-01
-2.185000e-01 4.700000e-01 -4.223391e-01 2.802390e-01 -2.190000e-01 4.705000e-01 -4.209821e-01 2.790271e-01
-2.180000e-01 4.695000e-01 -4.236706e-01 2.814505e-01 -2.185000e-01 4.700000e-01 -4.223391e-01 2.802390e-01
1.300000e-01 4.695000e-01 -3.246996e-01 4.118833e-01 1.300000e-01 4.705000e-01 -3.246016e-01 4.118970e-01
-6.750000e-01 4.705000e-01 -2.211841e-01 4.172215e-01 -6.750000e-01 4.715000e-01 -2.212869e-01 4.172366e-01
-3.230000e-01 4.705000e-01 -1.261800e-01 2.788417e-01 -3.225000e-01 4.710000e-01 -1.276009e-01 2.776236e-01
-3.225000e-01 4.710000e-01 -1.276009e-01 2.776236e-01 -3.215000e-01 4.710000e-01 -1.291728e-01 2.763018e-01
-3.215000e-01 4.710000e-01 -1.291728e-01 2.763018e-01 -3.210000e-01 4.715000e-01 -1.306458e-01 2.750868e-01
-2.195000e-01 4.710000e-01 -4.196252e-01 2.778369e-01 -2.200000e-01 4.715000e-01 -4.182431e-01 2.766473e-01
-2.190000e-01 4.705000e-01 -4.209821e-01 2.790271e-01 -2.195000e-01 4.710000e-01 -4.196252e-01 2.778369e-01
1.300000e-01 4.705000e-01 -3.246016e-01 4.118970e-01 1.300000e-01 4.715000e-01 -3.245020e-01 4.119114e-01
-6.750000e-01 4.715000e-01 -2.212869e-01 4.172366e-01 -6.750000e-01 4.725000e-01 -2.213915e-01 4.172524e-01
-3.210000e-01 4.715000e-01 -1.306458e-01 2.750868e-01 -3.205000e-01 4.720000e-01 -1.321164e-01 2.738953e-01
-3.205000e-01 4.720000e-01 -1.321164e-01 2.738953e-01 -3.200000e-01 4.725000e-01 -1.336128e-01 2.727067e-01
-2.215000e-01 4.720000e-01 -4.153248e-01 2.742049e-01 -2.220000e-01 4.725000e-01 -4.138938e-01 2.730410e-01
-2.215000e-01 4.720000e-01 -4.153248e-01 2.742049e-01 -2.205000e-01 4.720000e-01 -4.168621e-01 2.754796e-01
-2.200000e-01 4.715000e-01 -4.182431e-01 2.766473e-01 -2.205000e-01 4.720000e-01 -4.168621e-01 2.754796e-01
1.300000e-01 4.715000e-01 -3.245020e-01 4.119114e-01 1.300000e-01 4.725000e-01 -3.244007e-01 4.119265e-01
-6.750000e-01 4.725000e-01 -2.213915e-01 4.172524e-01 -6.750000e-01 4.735000e-01 -2.214977e-01 4.172688e-01
-3.200000e-01 4.725000e-01 -1.336128e-01 2.727067e-01 -3.195000e-01 4.730000e-01 -1.351057e-01 2.715416e-01
-3.195000e-01 4.730000e-01 -1.351057e-01 2.715416e-01 -3.185000e-01 4.730000e-01 -1.368264e-01 2.702260e-01
-3.185000e-01 4.730000e-01 -1.368264e-01 2.702260e-01 -3.180000e-01 4.735000e-01 -1.383698e-01 2.690697e-01
-2.225000e-01 4.730000e-01 -4.124654e-01 2.718995e-01 -2.230000e-01 4.735000e-01 -4.110123e-01 2.707613e-01
-2.220000e-01 4.725000e-01 -4.138938e-01 2.730410e-01 -2.225000e-01 4.730000e-01 -4.124654e-01 2.718995e-01
1.300000e-01 4.725000e-01 -3.244007e-01 4.119265e-01 1.300000e-01 4.735000e-01 -3.242978e-01 4.119423e-01
-6.750000e-01 4.735000e-01 -2.214977e-01 4.172688e-01 -6.750000e-01 4.745000e-01 -2.216055e-01 4.172859e-01
-3.180000e-01 4.735000e-01 -1.383698e-01 2.690697e-01 -3.175000e-01 4.740000e-01 -1.399079e-01 2.679373e-01
-3.175000e-01 4.740000e-01 -1.399079e-01 2.679373e-01 -3.170000e-01 4.745000e-01 -1.414708e-01 2.668108e-01
-2.245000e-01 4.740000e-01 -4.078827e-01 2.683785e-01 -2.250000e-01 4.745000e-01 -4.063849e-01 2.672719e-01
-2.245000e-01 4.740000e-01 -4.078827e-01 2.683785e-01 -2.235000e-01 4.740000e-01 -4.095629e-01 2.696456e-01
-2.230000e-01 4.735000e-01 -4.110123e-01 2.707613e-01 -2.235000e-01 4.740000e-01 -4.095629e-01 2.696456e-01
1.300000e-01 4.735000e-01 -3.242978e-01 4.119423e-01 1.300000e-01 4.745000e-01 -3.241932e-01 4.119588e-01
-6.750000e-01 4.745000e-01 -2.216055e-01 4.172859e-01 -6.750000e-01 4.755000e-01 -2.217150e-01 4.173037e-01
-3.170000e-01 4.745000e-01 -1.414708e-01 2.668108e-01 -3.165000e-01 4.750000e-01 -1.430273e-01 2.657082e-01
-3.165000e-01 4.750000e-01 -1.430273e-01 2.657082e-01 -3.155000e-01 4.750000e-01 -1.448935e-01 2.644134e-01
-3.155000e-01 4.750000e-01 -1.448935e-01 2.644134e-01 -3.150000e-01 4.755000e-01 -1.464978e-01 2.633252e-01
-2.255000e-01 4.750000e-01 -4.048923e-01 2.661882e-01 -2.260000e-01 4.755000e-01 -4.033761e-01 2.651104e-01
-2.250000e-01 4.745000e-01 -4.063849e-01 2.672719e-01 -2.255000e-01 4.750000e-01 -4.048923e-01 2.661882e-01
1.300000e-01 4.745000e-01 -3.241932e-01 4.119588e-01 1.300000e-01 4.755000e-01 -3.240869e-01 4.119760e-01
-6.750000e-01 4.755000e-01 -2.217150e-01 4.173037e-01 -6.750000e-01 4.765000e-01 -2.218262e-01 4.173222e-01
-3.150000e-01 4.755000e-01 -1.464978e-01 2.633252e-01 -3.145000e-01 4.760000e-01 -1.480941e-01 2.622611e-01
-3.145000e-01 4.760000e-01 -1.480941e-01 2.622611e-01 -3.135000e-01 4.760000e-01 -1.500549e-01 2.609831e-01
-3.135000e-01 4.760000e-01 -1.500549e-01 2.609831e-01 -3.130000e-01 4.765000e-01 -1.516971e-01 2.599368e-01
-2.275000e-01 4.760000e-01 -4.000462e-01 2.628097e-01 -2.280000e-01 4.765000e-01 -3.984904e-01 2.617690e-01
-2.275000e-01 4.760000e-01 -4.000462e-01 2.628097e-01 -2.265000e-01 4.760000e-01 -4.018662e-01 2.640555e-01
-2.260000e-01 4.755000e-01 -4.033761e-01 2.651104e-01 -2.265000e-01 4.760000e-01 -4.018662e-01 2.640555e-01
1.300000e-01 4.755000e-01 -3.240869e-01 4.119760e-01 1.300000e-01 4.765000e-01 -3.239790e-01 4.119940e-01
-6.750000e-01 4.765000e-01 -2.218262e-01 4.173222e-01 -6.750000e-01 4.775000e-01 -2.219390e-01 4.173413e-01
-3.130000e-01 4.765000e-01 -1.516971e-01 2.599368e-01 -3.125000e-01 4.770000e-01 -1.533295e-01 2.589148e-01
-3.125000e-01 4.770000e-01 -1.533295e-01 2.589148e-01 -3.115000e-01 4.770000e-01 -1.553829e-01 2.576595e-01
-3.115000e-01 4.770000e-01 -1.553829e-01 2.576595e-01 -3.110000e-01 4.775000e-01 -1.570589e-01 2.566587e-01
-2.295000e-01 4.770000e-01 -3.950315e-01 2.595224e-01 -2.300000e-01 4.775000e-01 -3.934395e-01 2.585223e-01
-2.295000e-01 4.770000e-01 -3.950315e-01 2.595224e-01 -2.285000e-01 4.770000e-01 -3.969425e-01 2.607514e-01
-2.280000e-01 4.765000e-01 -3.984904e-01 2.617690e-01 -2.285000e-01 4.770000e-01 -3.969425e-01 2.607514e-01
1.300000e-01 4.765000e-01 -3.239790e-01 4.119940e-01 1.300000e-01 4.775000e-01 -3.238695e-01 4.120127e-01
-6.750000e-01 4.775000e-01 -2.219390e-01 4.173413e-01 -6.750000e-01 4.785000e-01 -2.220535e-01 4.173612e-01
-3.110000e-01 4.775000e-01 -1.570589e-01 2.566587e-01 -3.105000e-01 4.780000e-01 -1.587233e-01 2.556820e-01
-3.105000e-01 4.780000e-01 -1.587233e-01 2.556820e-01 -3.095000e-01 4.780000e-01 -1.608668e-01 2.544553e-01
-3.095000e-01 4.780000e-01 -1.608668e-01 2.544553e-01 -3.090000e-01 4.785000e-01 -1.625722e-01 2.535033e-01
-2.315000e-01 4.780000e-01 -3.898566e-01 2.563384e-01 -2.320000e-01 4.785000e-01 -3.882322e-01 2.553822e-01
-2.315000e-01 4.780000e-01 -3.898566e-01 2.563384e-01 -2.305000e-01 4.780000e-01 -3.918570e-01 2.575453e-01
-2.300000e-01 4.775000e-01 -3.934395e-01 2.585223e-01 -2.305000e-01 4.780000e-01 -3.918570e-01 2.575453e-01
1.295000e-01 4.780000e-01 -3.241470e-01 4.119669e-01 1.290000e-01 4.785000e-01 -3.244239e-01 4.119200e-01
1.300000e-01 4.775000e-01 -3.238695e-01 4.120127e-01 1.295000e-01 4.780000e-01 -3.241470e-01 4.119669e-01
-6.750000e-01 4.785000e-01 -2.220535e-01 4.173612e-01 -6.750000e-01 4.795000e-01 -2.221696e-01 4.173817e-01
-3.090000e-01 4.785000e-01 -1.625722e-01 2.535033e-01 -3.085000e-01 4.790000e-01 -1.642643e-01 2.525750e-01
-3.085000e-01 4.790000e-01 -1.642643e-01 2.525750e-01 -3.075000e-01 4.790000e-01 -1.664946e-01 2.513828e-01
-3.075000e-01 4.790000e-01 -1.664946e-01 2.513828e-01 -3.070000e-01 4.795000e-01 -1.682244e-01 2.504824e-01
-2.335000e-01 4.790000e-01 -3.845316e-01 2.532698e-01 -2.340000e-01 4.795000e-01 -3.828789e-01 2.523603e-01
-2.335000e-01 4.790000e-01 -3.845316e-01 2.532698e-01 -2.325000e-01 4.790000e-01 -3.866189e-01 2.544489e-01
-2.320000e-01 4.785000e-01 -3.882322e-01 2.553822e-01 -2.325000e-01 4.790000e-01 -3.866189e-01 2.544489e-01
1.290000e-01 4.785000e-01 -3.244239e-01 4.119200e-01 1.290000e-01 4.795000e-01 -3.243106e-01 4.119386e-01
-6.750000e-01 4.795000e-01 -2.221696e-01 4.173817e-01 -6.750000e-01 4.805000e-01 -2.222873e-01 4.174030e-01
-3.070000e-01 4.795000e-01 -1.682244e-01 2.504824e-01 -3.065000e-01 4.800000e-01 -1.699395e-01 2.496053e-01
-3.065000e-01 4.800000e-01 -1.699395e-01 2.496053e-01 -3.055000e-01 4.800000e-01 -1.722525e-01 2.484532e-01
-3.055000e-01 4.800000e-01 -1.722525e-01 2.484532e-01 -3.045000e-01 4.800000e-01 -1.746119e-01 2.473139e-01
-3.045000e-01 4.800000e-01 -1.746119e-01 2.473139e-01 -3.040000e-01 4.805000e-01 -1.763773e-01 2.464843e-01
-2.365000e-01 4.800000e-01 -3.768503e-01 2.491917e-01 -2.370000e-01 4.805000e-01 -3.751561e-01 2.483462e-01
-2.365000e-01 4.800000e-01 -3.768503e-01 2.491917e-01 -2.355000e-01 4.800000e-01 -3.790675e-01 2.503277e-01
-2.355000e-01 4.800000e-01 -3.790675e-01 2.503277e-01 -2.345000e-01 4.800000e-01 -3.812388e-01 2.514735e-01
-2.340000e-01 4.795000e-01 -3.828789e-01 2.523603e-01 -2.345000e-01 4.800000e-01 -3.812388e-01 2.514735e-01
1.290000e-01 4.795000e-01 -3.243106e-01 4.119386e-01 1.290000e-01 4.805000e-01 -3.241957e-01 4.119580e-01
-6.750000e-01 4.805000e-01 -2.222873e-01 4.174030e-01 -6.750000e-01 4.815000e-01 -2.224066e-01 4.174250e-01
-3.040000e-01 4.805000e-01 -1.763773e-01 2.464843e-01 -3.035000e-01 4.810000e-01 -1.781259e-01 2.456771e-01
-3.035000e-01 4.810000e-01 -1.781259e-01 2.456771e-01 -3.025000e-01 4.810000e-01 -1.805618e-01 2.445863e-01
-3.025000e-01 4.810000e-01 -1.805618e-01 2.445863e-01 -3.020000e-01 4.815000e-01 -1.823393e-01 2.438142e-01
-2.385000e-01 4.810000e-01 -3.711802e-01 2.464280e-01 -2.390000e-01 4.815000e-01 -3.694687e-01 2.456356e-01
-2.385000e-01 4.810000e-01 -3.711802e-01 2.464280e-01 -2.375000e-01 4.810000e-01 -3.734769e-01 2.475228e-01
-2.370000e-01 4.805000e-01 -3.751561e-01 2.483462e-01 -2.375000e-01 4.810000e-01 -3.734769e-01 2.475228e-01
1.290000e-01 4.805000e-01 -3.241957e-01 4.119580e-01 1.290000e-01 4.815000e-01 -3.240791e-01 4.119782e-01
-6.750000e-01 4.815000e-01 -2.224066e-01 4.174250e-01 -6.750000e-01 4.825000e-01 -2.225276e-01 4.174477e-01
-3.020000e-01 4.815000e-01 -1.823393e-01 2.438142e-01 -3.015000e-01 4.820000e-01 -1.840986e-01 2.430638e-01
-3.015000e-01 4.820000e-01 -1.840986e-01 2.430638e-01 -3.005000e-01 4.820000e-01 -1.866054e-01 2.420265e-01
-3.005000e-01 4.820000e-01 -1.866054e-01 2.420265e-01 -2.995000e-01 4.820000e-01 -1.891553e-01 2.410083e-01
-2.995000e-01 4.820000e-01 -1.891553e-01 2.410083e-01 -2.990000e-01 4.825000e-01 -1.909502e-01 2.403151e-01
-2.415000e-01 4.820000e-01 -3.629869e-01 2.427839e-01 -2.420000e-01 4.825000e-01 -3.612499e-01 2.420643e-01
-2.415000e-01 4.820000e-01 -3.629869e-01 2.427839e-01 -2.405000e-01 4.820000e-01 -3.654020e-01 2.438164e-01
-2.405000e-01 4.820000e-01 -3.654020e-01 2.438164e-01 -2.395000e-01 4.820000e-01 -3.677734e-01 2.448648e-01
-2.390000e-01 4.815000e-01 -3.694687e-01 2.456356e-01 -2.395000e-01 4.820000e-01 -3.677734e-01 2.448648e-01
1.290000e-01 4.815000e-01 -3.240791e-01 4.119782e-01 1.290000e-01 4.825000e-01 -3.239609e-01 4.119992e-01
-6.750000e-01 4.825000e-01 -2.225276e-01 4.174477e-01 -6.745000e-01 4.830000e-01 -2.222557e-01 4.173982e-01
-6.745000e-01 4.830000e-01 -2.222557e-01 4.173982e-01 -6.740000e-01 4.835000e-01 -2.219843e-01 4.173476e-01
-2.990000e-01 4.825000e-01 -1.909502e-01 2.403151e-01 -2.985000e-01 4.830000e-01 -1.927253e-01 2.396423e-01
-2.985000e-01 4.830000e-01 -1.927253e-01 2.396423e-01 -2.975000e-01 4.830000e-01 -1.953375e-01 2.386849e-01
-2.975000e-01 4.830000e-01 -1.953375e-01 2.386849e-01 -2.965000e-01 4.830000e-01 -1.979899e-01 2.377504e-01
-2.965000e-01 4.830000e-01 -1.979899e-01 2.377504e-01 -2.955000e-01 4.830000e-01 -2.006819e-01 2.368401e-01
-2.955000e-01 4.830000e-01 -2.006819e-01 2.368401e-01 -2.950000e-01 4.835000e-01 -2.024898e-01 2.362508e-01
-2.455000e-01 4.830000e-01 -3.519572e-01 2.384887e-01 -2.460000e-01 4.835000e-01 -3.501956e-01 2.378660e-01
-2.455000e-01 4.830000e-01 -3.519572e-01 2.384887e-01 -2.445000e-01 4.830000e-01 -3.545232e-01 2.394272e-01
-2.445000e-01 4.830000e-01 -3.545232e-01 2.394272e-01 -2.435000e-01 4.830000e-01 -3.570479e-01 2.403864e-01
-2.435000e-01 4.830000e-01 -3.570479e-01 2.403864e-01 -2.425000e-01 4.830000e-01 -3.595309e-01 2.413652e-01
-2.420000e-01 4.825000e-01 -3.612499e-01 2.420643e-01 -2.425000e-01 4.830000e-01 -3.595309e-01 2.413652e-01
1.290000e-01 4.825000e-01 -3.239609e-01 4.119992e-01 1.290000e-01 4.835000e-01 -3.238411e-01 4.120211e-01
-6.740000e-01 4.835000e-01 -2.219843e-01 4.173476e-01 -6.740000e-01 4.845000e-01 -2.221090e-01 4.173703e-01
-2.950000e-01 4.835000e-01 -2.024898e-01 2.362508e-01 -2.945000e-01 4.840000e-01 -2.042759e-01 2.356800e-01
-2.945000e-01 4.840000e-01 -2.042759e-01 2.356800e-01 -2.935000e-01 4.840000e-01 -2.070176e-01 2.348390e-01
-2.935000e-01 4.840000e-01 -2.070176e-01 2.348390e-01 -2.925000e-01 4.840000e-01 -2.097953e-01 2.340255e-01
-2.925000e-01 4.840000e-01 -2.097953e-01 2.340255e-01 -2.920000e-01 4.845000e-01 -2.115940e-01 2.335215e-01
-2.485000e-01 4.840000e-01 -3.431689e-01 2.355348e-01 -2.490000e-01 4.845000e-01 -3.414061e-01 2.349933e-01
-2.485000e-01 4.840000e-01 -3.431689e-01 2.355348e-01 -2.475000e-01 4.840000e-01 -3.458307e-01 2.363864e-01
-2.475000e-01 4.840000e-01 -3.458307e-01 2.363864e-01 -2.465000e-01 4.840000e-01 -3.484540e-01 2.372623e-01
-2.460000e-01 4.835000e-01 -3.501956e-01 2.378660e-01 -2.465000e-01 4.840000e-01 -3.484540e-01 2.372623e-01
1.290000e-01 4.835000e-01 -3.238411e-01 4.120211e-01 1.290000e-01 4.845000e-01 -3.237197e-01 4.120437e-01
-6.740000e-01 4.845000e-01 -2.221090e-01 4.173703e-01 -6.740000e-01 4.855000e-01 -2.222354e-01 4.173937e-01
-2.920000e-01 4.845000e-01 -2.115940e-01 2.335215e-01 -2.915000e-01 4.850000e-01 -2.133700e-01 2.330342e-01
-2.915000e-01 4.850000e-01 -2.133700e-01 2.330342e-01 -2.905000e-01 4.850000e-01 -2.161863e-01 2.322951e-01
-2.905000e-01 4.850000e-01 -2.161863e-01 2.322951e-01 -2.895000e-01 4.850000e-01 -2.190342e-01 2.315864e-01
-2.895000e-01 4.850000e-01 -2.190342e-01 2.315864e-01 -2.885000e-01 4.850000e-01 -2.219125e-01 2.309093e-01
-2.885000e-01 4.850000e-01 -2.219125e-01 2.309093e-01 -2.875000e-01 4.850000e-01 -2.248199e-01 2.302648e-01
-2.875000e-01 4.850000e-01 -2.248199e-01 2.302648e-01 -2.870000e-01 4.855000e-01 -2.265930e-01 2.298935e-01
-2.535000e-01 4.850000e-01 -3.286222e-01 2.315050e-01 -2.540000e-01 4.855000e-01 -3.268674e-01 2.310909e-01
-2.535000e-01 4.850000e-01 -3.286222e-01 2.315050e-01 -2.525000e-01 4.850000e-01 -3.314331e-01 2.322027e-01
-2.525000e-01 4.850000e-01 -3.314331e-01 2.322027e-01 -2.515000e-01 4.850000e-01 -3.342112e-01 2.329300e-01
-2.515000e-01 4.850000e-01 -3.342112e-01 2.329300e-01 -2.505000e-01 4.850000e-01 -3.369553e-01 2.336858e-01
-2.505000e-01 4.850000e-01 -3.369553e-01 2.336858e-01 -2.495000e-01 4.850000e-01 -3.396646e-01 2.344691e-01
-2.490000e-01 4.845000e-01 -3.414061e-01 2.349933e-01 -2.495000e-01 4.850000e-01 -3.396646e-01 2.344691e-01
1.290000e-01 4.845000e-01 -3.237197e-01 4.120437e-01 1.290000e-01 4.855000e-01 -3.235967e-01 4.120672e-01
-6.740000e-01 4.855000e-01 -2.222354e-01 4.173937e-01 -6.740000e-01 4.865000e-01 -2.223633e-01 4.174179e-01
-2.870000e-01 4.855000e-01 -2.265930e-01 2.298935e-01 -2.865000e-01 4.860000e-01 -2.283425e-01 2.295360e-01
-2.865000e-01 4.860000e-01 -2.283425e-01 2.295360e-01 -2.855000e-01 4.860000e-01 -2.312694e-01 2.289723e-01
-2.855000e-01 4.860000e-01 -2.312694e-01 2.289723e-01 -2.845000e-01 4.860000e-01 -2.342203e-01 2.284434e-01
-2.845000e-01 4.860000e-01 -2.342203e-01 2.284434e-01 -2.835000e-01 4.860000e-01 -2.371937e-01 2.279500e-01
-2.835000e-01 4.860000e-01 -2.371937e-01 2.279500e-01 -2.825000e-01 4.860000e-01 -2.401880e-01 2.274931e-01
-2.825000e-01 4.860000e-01 -2.401880e-01 2.274931e-01 -2.815000e-01 4.860000e-01 -2.432016e-01 2.270734e-01
-2.815000e-01 4.860000e-01 -2.432016e-01 2.270734e-01 -2.805000e-01 4.860000e-01 -2.462329e-01 2.266914e-01
-2.805000e-01 4.860000e-01 -2.462329e-01 2.266914e-01 -2.795000e-01 4.860000e-01 -2.492799e-01 2.263479e-01
-2.795000e-01 4.860000e-01 -2.492799e-01 2.263479e-01 -2.790000e-01 4.865000e-01 -2.509627e-01 2.261780e-01
-2.615000e-01 4.860000e-01 -3.046990e-01 2.270488e-01 -2.620000e-01 4.865000e-01 -3.030051e-01 2.268336e-01
-2.615000e-01 4.860000e-01 -3.046990e-01 2.270488e-01 -2.605000e-01 4.860000e-01 -3.076895e-01 2.274638e-01
-2.605000e-01 4.860000e-01 -3.076895e-01 2.274638e-01 -2.595000e-01 4.860000e-01 -3.106588e-01 2.279153e-01
-2.595000e-01 4.860000e-01 -3.106588e-01 2.279153e-01 -2.585000e-01 4.860000e-01 -3.136054e-01 2.284025e-01
-2.585000e-01 4.860000e-01 -3.136054e-01 2.284025e-01 -2.575000e-01 4.860000e-01 -3.165277e-01 2.289246e-01
-2.575000e-01 4.860000e-01 -3.165277e-01 2.289246e-01 -2.565000e-01 4.860000e-01 -3.194244e-01 2.294808e-01
-2.565000e-01 4.860000e-01 -3.194244e-01 2.294808e-01 -2.555000e-01 4.860000e-01 -3.222940e-01 2.300701e-01
-2.555000e-01 4.860000e-01 -3.222940e-01 2.300701e-01 -2.545000e-01 4.860000e-01 -3.251353e-01 2.306916e-01
-2.540000e-01 4.855000e-01 -3.268674e-01 2.310909e-01 -2.545000e-01 4.860000e-01 -3.251353e-01 2.306916e-01
1.285000e-01 4.860000e-01 -3.238652e-01 4.120170e-01 1.280000e-01 4.865000e-01 -3.241331e-01 4.119658e-01
1.290000e-01 4.855000e-01 -3.235967e-01 4.120672e-01 1.285000e-01 4.860000e-01 -3.238652e-01 4.120170e-01
-6.740000e-01 4.865000e-01 -2.223633e-01 4.174179e-01 -6.740000e-01 4.875000e-01 -2.224928e-01 4.174429e-01
-2.790000e-01 4.865000e-01 -2.509627e-01 2.261780e-01 -2.785000e-01 4.870000e-01 -2.526226e-01 2.260169e-01
-2.785000e-01 4.870000e-01 -2.526226e-01 2.260169e-01 -2.775000e-01 4.870000e-01 -2.556568e-01 2.257580e-01
-2.775000e-01 4.870000e-01 -2.556568e-01 2.257580e-01 -2.765000e-01 4.870000e-01 -2.587010e-01 2.255381e-01
-2.765000e-01 4.870000e-01 -2.587010e-01 2.255381e-01 -2.755000e-01 4.870000e-01 -2.617533e-01 2.253575e-01
-2.755000e-01 4.870000e-01 -2.617533e-01 2.253575e-01 -2.745000e-01 4.870000e-01 -2.648121e-01 2.252167e-01
-2.745000e-01 4.870000e-01 -2.648121e-01 2.252167e-01 -2.735000e-01 4.870000e-01 -2.678753e-01 2.251157e-01
-2.735000e-01 4.870000e-01 -2.678753e-01 2.251157e-01 -2.725000e-01 4.870000e-01 -2.709412e-01 2.250548e-01
-2.725000e-01 4.870000e-01 -2.709412e-01 2.250548e-01 -2.715000e-01 4.870000e-01 -2.740078e-01 2.250340e-01
-2.715000e-01 4.870000e-01 -2.740078e-01 2.250340e-01 -2.705000e-01 4.870000e-01 -2.770733e-01 2.250532e-01
-2.705000e-01 4.870000e-01 -2.770733e-01 2.250532e-01 -2.695000e-01 4.870000e-01 -2.801358e-01 2.251125e-01
-2.695000e-01 4.870000e-01 -2.801358e-01 2.251125e-01 -2.685000e-01 4.870000e-01 -2.831934e-01 2.252117e-01
-2.685000e-01 4.870000e-01 -2.831934e-01 2.252117e-01 -2.675000e-01 4.870000e-01 -2.862442e-01 2.253506e-01
-2.675000e-01 4.870000e-01 -2.862442e-01 2.253506e-01 -2.665000e-01 4.870000e-01 -2.892865e-01 2.255288e-01
-2.665000e-01 4.870000e-01 -2.892865e-01 2.255288e-01 -2.655000e-01 4.870000e-01 -2.923184e-01 2.257463e-01
-2.655000e-01 4.870000e-01 -2.923184e-01 2.257463e-01 -2.645000e-01 4.870000e-01 -2.953381e-01 2.260023e-01
-2.645000e-01 4.870000e-01 -2.953381e-01 2.260023e-01 -2.635000e-01 4.870000e-01 -2.983440e-01 2.262966e-01
-2.635000e-01 4.870000e-01 -2.983440e-01 2.262966e-01 -2.625000e-01 4.870000e-01 -3.013342e-01 2.266286e-01
-2.620000e-01 4.865000e-01 -3.030051e-01 2.268336e-01 -2.625000e-01 4.870000e-01 -3.013342e-01 2.266286e-01
1.280000e-01 4.865000e-01 -3.241331e-01 4.119658e-01 1.280000e-01 4.875000e-01 -3.240063e-01 4.119894e-01
-6.740000e-01 4.875000e-01 -2.224928e-01 4.174429e-01 -6.740000e-01 4.885000e-01 -2.226239e-01 4.174687e-01
1.280000e-01 4.875000e-01 -3.240063e-01 4.119894e-01 1.280000e-01 4.885000e-01 -3.238780e-01 4.120139e-01
-6.740000e-01 4.885000e-01 -2.226239e-01 4.174687e-01 -6.740000e-01 4.895000e-01 -2.227567e-01 4.174954e-01
1.280000e-01 4.885000e-01 -3.238780e-01 4.120139e-01 1.280000e-01 4.895000e-01 -3.237480e-01 4.120392e-01
-6.740000e-01 4.895000e-01 -2.227567e-01 4.174954e-01 -6.740000e-01 4.905000e-01 -2.228910e-01 4.175228e-01
1.280000e-01 4.895000e-01 -3.237480e-01 4.120392e-01 1.280000e-01 4.905000e-01 -3.236165e-01 4.120654e-01
-6.740000e-01 4.905000e-01 -2.228910e-01 4.175228e-01 -6.740000e-01 4.915000e-01 -2.230269e-01 4.175511e-01
1.280000e-01 4.905000e-01 -3.236165e-01 4.120654e-01 1.280000e-01 4.915000e-01 -3.234833e-01 4.120926e-01
-6.740000e-01 4.915000e-01 -2.230269e-01 4.175511e-01 -6.740000e-01 4.925000e-01 -2.231644e-01 4.175803e-01
1.280000e-01 4.915000e-01 -3.234833e-01 4.120926e-01 1.280000e-01 4.925000e-01 -3.233486e-01 4.121206e-01
-6.740000e-01 4.925000e-01 -2.231644e-01 4.175803e-01 -6.740000e-01 4.935000e-01 -2.233035e-01 4.176103e-01
1.280000e-01 4.925000e-01 -3.233486e-01 4.121206e-01 1.280000e-01 4.935000e-01 -3.232123e-01 4.121496e-01
-6.740000e-01 4.935000e-01 -2.233035e-01 4.176103e-01 -6.735000e-01 4.940000e-01 -2.230438e-01 4.175554e-01
-6.735000e-01 4.940000e-01 -2.230438e-01 4.175554e-01 -6.730000e-01 4.945000e-01 -2.227848e-01 4.174994e-01
1.275000e-01 4.940000e-01 -3.234718e-01 4.120956e-01 1.270000e-01 4.945000e-01 -3.237306e-01 4.120405e-01
1.280000e-01 4.935000e-01 -3.232123e-01 4.121496e-01 1.275000e-01 4.940000e-01 -3.234718e-01 4.120956e-01
-6.730000e-01 4.945000e-01 -2.227848e-01 4.174994e-01 -6.730000e-01 4.955000e-01 -2.229275e-01 4.175296e-01
1.270000e-01 4.945000e-01 -3.237306e-01 4.120405e-01 1.270000e-01 4.955000e-01 -3.235906e-01 4.120698e-01
-6.730000e-01 4.955000e-01 -2.229275e-01 4.175296e-01 -6.730000e-01 4.965000e-01 -2.230718e-01 4.175607e-01
1.270000e-01 4.955000e-01 -3.235906e-01 4.120698e-01 1.270000e-01 4.965000e-01 -3.234490e-01 4.121000e-01
-6.730000e-01 4.965000e-01 -2.230718e-01 4.175607e-01 -6.730000e-01 4.975000e-01 -2.232177e-01 4.175926e-01
1.270000e-01 4.965000e-01 -3.234490e-01 4.121000e-01 1.270000e-01 4.975000e-01 -3.233060e-01 4.121312e-01
-6.730000e-01 4.975000e-01 -2.232177e-01 4.175926e-01 -6.730000e-01 4.985000e-01 -2.233651e-01 4.176255e-01
1.270000e-01 4.975000e-01 -3.233060e-01 4.121312e-01 1.270000e-01 4.985000e-01 -3.231613e-01 4.121633e-01
-6.730000e-01 4.985000e-01 -2.233651e-01 4.176255e-01 -6.730000e-01 4.995000e-01 -2.235141e-01 4.176593e-01
1.270000e-01 4.985000e-01 -3.231613e-01 4.121633e-01 1.270000e-01 4.995000e-01 -3.230152e-01 4.121964e-01
-6.730000e-01 4.995000e-01 -2.235141e-01 4.176593e-01 -6.730000e-01 5.005000e-01 -2.236646e-01 4.176940e-01
1.270000e-01 4.995000e-01 -3.230152e-01 4.121964e-01 1.270000e-01 5.005000e-01 -3.228675e-01 4.122306e-01
-6.730000e-01 5.005000e-01 -2.236646e-01 4.176940e-01 -6.730000e-01 5.015000e-01 -2.238167e-01 4.177297e-01
1.265000e-01 5.010000e-01 -3.231188e-01 4.121735e-01 1.260000e-01 5.015000e-01 -3.233694e-01 4.121154e-01
1.270000e-01 5.005000e-01 -3.228675e-01 4.122306e-01 1.265000e-01 5.010000e-01 -3.231188e-01 4.121735e-01
-6.730000e-01 5.015000e-01 -2.238167e-01 4.177297e-01 -6.730000e-01 5.025000e-01 -2.239703e-01 4.177663e-01
1.260000e-01 5.015000e-01 -3.233694e-01 4.121154e-01 1.260000e-01 5.025000e-01 -3.232180e-01 4.121500e-01
-6.730000e-01 5.025000e-01 -2.239703e-01 4.177663e-01 -6.730000e-01 5.035000e-01 -2.241253e-01 4.178038e-01
1.260000e-01 5.025000e-01 -3.232180e-01 4.121500e-01 1.260000e-01 5.035000e-01 -3.230651e-01 4.121856e-01
-6.730000e-01 5.035000e-01 -2.241253e-01 4.178038e-01 -6.725000e-01 5.040000e-01 -2.238769e-01 4.177448e-01
-6.725000e-01 5.040000e-01 -2.238769e-01 4.177448e-01 -6.720000e-01 5.045000e-01 -2.236293e-01 4.176846e-01
1.260000e-01 5.035000e-01 -3.230651e-01 4.121856e-01 1.260000e-01 5.045000e-01 -3.229107e-01 4.122222e-01
-6.720000e-01 5.045000e-01 -2.236293e-01 4.176846e-01 -6.720000e-01 5.055000e-01 -2.237880e-01 4.177226e-01
1.260000e-01 5.045000e-01 -3.229107e-01 4.122222e-01 1.260000e-01 5.055000e-01 -3.227548e-01 4.122599e-01
-6.720000e-01 5.055000e-01 -2.237880e-01 4.177226e-01 -6.720000e-01 5.065000e-01 -2.239482e-01 4.177616e-01
1.260000e-01 5.055000e-01 -3.227548e-01 4.122599e-01 1.260000e-01 5.065000e-01 -3.225974e-01 4.122986e-01
-6.720000e-01 5.065000e-01 -2.239482e-01 4.177616e-01 -6.720000e-01 5.075000e-01 -2.241100e-01 4.178015e-01
1.255000e-01 5.070000e-01 -3.228417e-01 4.122391e-01 1.250000e-01 5.075000e-01 -3.230852e-01 4.121784e-01
1.260000e-01 5.065000e-01 -3.225974e-01 4.122986e-01 1.255000e-01 5.070000e-01 -3.228417e-01 4.122391e-01
-6.720000e-01 5.075000e-01 -2.241100e-01 4.178015e-01 -6.720000e-01 5.085000e-01 -2.242732e-01 4.178425e-01
1.250000e-01 5.075000e-01 -3.230852e-01 4.121784e-01 1.250000e-01 5.085000e-01 -3.229241e-01 4.122178e-01
-6.720000e-01 5.085000e-01 -2.242732e-01 4.178425e-01 -6.720000e-01 5.095000e-01 -2.244380e-01 4.178845e-01
1.250000e-01 5.085000e-01 -3.229241e-01 4.122178e-01 1.250000e-01 5.095000e-01 -3.227616e-01 4.122583e-01
-6.720000e-01 5.095000e-01 -2.244380e-01 4.178845e-01 -6.720000e-01 5.105000e-01 -2.246042e-01 4.179275e-01
1.250000e-01 5.095000e-01 -3.227616e-01 4.122583e-01 1.250000e-01 5.105000e-01 -3.225976e-01 4.122998e-01
-6.720000e-01 5.105000e-01 -2.246042e-01 4.179275e-01 -6.720000e-01 5.115000e-01 -2.247719e-01 4.179715e-01
1.250000e-01 5.105000e-01 -3.225976e-01 4.122998e-01 1.250000e-01 5.115000e-01 -3.224321e-01 4.123424e-01
-6.720000e-01 5.115000e-01 -2.247719e-01 4.179715e-01 -6.715000e-01 5.120000e-01 -2.245327e-01 4.179094e-01
-6.715000e-01 5.120000e-01 -2.245327e-01 4.179094e-01 -6.710000e-01 5.125000e-01 -2.242943e-01 4.178463e-01
1.250000e-01 5.115000e-01 -3.224321e-01 4.123424e-01 1.250000e-01 5.125000e-01 -3.222651e-01 4.123862e-01
-6.710000e-01 5.125000e-01 -2.242943e-01 4.178463e-01 -6.710000e-01 5.135000e-01 -2.244656e-01 4.178910e-01
1.250000e-01 5.125000e-01 -3.222651e-01 4.123862e-01 1.250000e-01 5.135000e-01 -3.220968e-01 4.124310e-01
-6.710000e-01 5.135000e-01 -2.244656e-01 4.178910e-01 -6.710000e-01 5.145000e-01 -2.246383e-01 4.179367e-01
1.245000e-01 5.140000e-01 -3.223328e-01 4.123691e-01 1.240000e-01 5.145000e-01 -3.225681e-01 4.123061e-01
1.250000e-01 5.135000e-01 -3.220968e-01 4.124310e-01 1.245000e-01 5.140000e-01 -3.223328e-01 4.123691e-01
-6.710000e-01 5.145000e-01 -2.246383e-01 4.179367e-01 -6.710000e-01 5.155000e-01 -2.248126e-01 4.179835e-01
1.240000e-01 5.145000e-01 -3.225681e-01 4.123061e-01 1.240000e-01 5.155000e-01 -3.223961e-01 4.123518e-01
-6.710000e-01 5.155000e-01 -2.248126e-01 4.179835e-01 -6.710000e-01 5.165000e-01 -2.249882e-01 4.180313e-01
1.240000e-01 5.155000e-01 -3.223961e-01 4.123518e-01 1.240000e-01 5.165000e-01 -3.222227e-01 4.123986e-01
-6.710000e-01 5.165000e-01 -2.249882e-01 4.180313e-01 -6.710000e-01 5.175000e-01 -2.251652e-01 4.180803e-01
1.240000e-01 5.165000e-01 -3.222227e-01 4.123986e-01 1.240000e-01 5.175000e-01 -3.220478e-01 4.124465e-01
-6.710000e-01 5.175000e-01 -2.251652e-01 4.180803e-01 -6.710000e-01 5.185000e-01 -2.253438e-01 4.181303e-01
1.240000e-01 5.175000e-01 -3.220478e-01 4.124465e-01 1.240000e-01 5.185000e-01 -3.218715e-01 4.124957e-01
-6.710000e-01 5.185000e-01 -2.253438e-01 4.181303e-01 -6.710000e-01 5.195000e-01 -2.255237e-01 4.181815e-01
1.240000e-01 5.185000e-01 -3.218715e-01 4.124957e-01 1.240000e-01 5.195000e-01 -3.216938e-01 4.125460e-01
-6.710000e-01 5.195000e-01 -2.255237e-01 4.181815e-01 -6.705000e-01 5.200000e-01 -2.252938e-01 4.181169e-01
-6.705000e-01 5.200000e-01 -2.252938e-01 4.181169e-01 -6.700000e-01 5.205000e-01 -2.250647e-01 4.180513e-01
1.235000e-01 5.200000e-01 -3.219228e-01 4.124821e-01 1.230000e-01 5.205000e-01 -3.221509e-01 4.124172e-01
1.240000e-01 5.195000e-01 -3.216938e-01 4.125460e-01 1.235000e-01 5.200000e-01 -3.219228e-01 4.124821e-01
-6.700000e-01 5.205000e-01 -2.250647e-01 4.180513e-01 -6.700000e-01 5.215000e-01 -2.252482e-01 4.181032e-01
1.230000e-01 5.205000e-01 -3.221509e-01 4.124172e-01 1.230000e-01 5.215000e-01 -3.219697e-01 4.124685e-01
-6.700000e-01 5.215000e-01 -2.252482e-01 4.181032e-01 -6.700000e-01 5.225000e-01 -2.254331e-01 4.181563e-01
1.230000e-01 5.215000e-01 -3.219697e-01 4.124685e-01 1.230000e-01 5.225000e-01 -3.217870e-01 4.125209e-01
-6.700000e-01 5.225000e-01 -2.254331e-01 4.181563e-01 -6.700000e-01 5.235000e-01 -2.256194e-01 4.182106e-01
1.230000e-01 5.225000e-01 -3.217870e-01 4.125209e-01 1.230000e-01 5.235000e-01 -3.216030e-01 4.125746e-01
-6.700000e-01 5.235000e-01 -2.256194e-01 4.182106e-01 -6.700000e-01 5.245000e-01 -2.258071e-01 4.182660e-01
1.230000e-01 5.235000e-01 -3.216030e-01 4.125746e-01 1.230000e-01 5.245000e-01 -3.214175e-01 4.126295e-01
-6.700000e-01 5.245000e-01 -2.258071e-01 4.182660e-01 -6.700000e-01 5.255000e-01 -2.259961e-01 4.183225e-01
1.225000e-01 5.250000e-01 -3.216404e-01 4.125641e-01 1.220000e-01 5.255000e-01 -3.218624e-01 4.124977e-01
1.230000e-01 5.245000e-01 -3.214175e-01 4.126295e-01 1.225000e-01 5.250000e-01 -3.216404e-01 4.125641e-01
-6.700000e-01 5.255000e-01 -2.259961e-01 4.183225e-01 -6.700000e-01 5.265000e-01 -2.261866e-01 4.183802e-01
1.220000e-01 5.255000e-01 -3.218624e-01 4.124977e-01 1.220000e-01 5.265000e-01 -3.216735e-01 4.125536e-01
-6.700000e-01 5.265000e-01 -2.261866e-01 4.183802e-01 -6.695000e-01 5.270000e-01 -2.259649e-01 4.183137e-01
-6.695000e-01 5.270000e-01 -2.259649e-01 4.183137e-01 -6.690000e-01 5.275000e-01 -2.257440e-01 4.182462e-01
1.220000e-01 5.265000e-01 -3.216735e-01 4.125536e-01 1.220000e-01 5.275000e-01 -3.214832e-01 4.126108e-01
-6.690000e-01 5.275000e-01 -2.257440e-01 4.182462e-01 -6.690000e-01 5.285000e-01 -2.259379e-01 4.183049e-01
1.220000e-01 5.275000e-01 -3.214832e-01 4.126108e-01 1.220000e-01 5.285000e-01 -3.212915e-01 4.126693e-01
-6.690000e-01 5.285000e-01 -2.259379e-01 4.183049e-01 -6.690000e-01 5.295000e-01 -2.261333e-01 4.183647e-01
1.220000e-01 5.285000e-01 -3.212915e-01 4.126693e-01 1.220000e-01 5.295000e-01 -3.210985e-01 4.127290e-01
-6.690000e-01 5.295000e-01 -2.261333e-01 4.183647e-01 -6.690000e-01 5.305000e-01 -2.263299e-01 4.184258e-01
1.215000e-01 5.300000e-01 -3.213153e-01 4.126623e-01 1.210000e-01 5.305000e-01 -3.215313e-01 4.125945e-01
1.220000e-01 5.295000e-01 -3.210985e-01 4.127290e-01 1.215000e-01 5.300000e-01 -3.213153e-01 4.126623e-01
-6.690000e-01 5.305000e-01 -2.263299e-01 4.184258e-01 -6.690000e-01 5.315000e-01 -2.265279e-01 4.184881e-01
1.210000e-01 5.305000e-01 -3.215313e-01 4.125945e-01 1.210000e-01 5.315000e-01 -3.213348e-01 4.126554e-01
-6.690000e-01 5.315000e-01 -2.265279e-01 4.184881e-01 -6.690000e-01 5.325000e-01 -2.267273e-01 4.185516e-01
1.210000e-01 5.315000e-01 -3.213348e-01 4.126554e-01 1.210000e-01 5.325000e-01 -3.211370e-01 4.127176e-01
-6.690000e-01 5.325000e-01 -2.267273e-01 4.185516e-01 -6.690000e-01 5.335000e-01 -2.269280e-01 4.186163e-01
1.210000e-01 5.325000e-01 -3.211370e-01 4.127176e-01 1.210000e-01 5.335000e-01 -3.209378e-01 4.127811e-01
-6.690000e-01 5.335000e-01 -2.269280e-01 4.186163e-01 -6.685000e-01 5.340000e-01 -2.267144e-01 4.185483e-01
-6.685000e-01 5.340000e-01 -2.267144e-01 4.185483e-01 -6.680000e-01 5.345000e-01 -2.265017e-01 4.184792e-01
1.210000e-01 5.335000e-01 -3.209378e-01 4.127811e-01 1.210000e-01 5.345000e-01 -3.207374e-01 4.128459e-01
-6.680000e-01 5.345000e-01 -2.265017e-01 4.184792e-01 -6.680000e-01 5.355000e-01 -2.267058e-01 4.185451e-01
1.205000e-01 5.350000e-01 -3.209481e-01 4.127780e-01 1.200000e-01 5.355000e-01 -3.211580e-01 4.127092e-01
1.210000e-01 5.345000e-01 -3.207374e-01 4.128459e-01 1.205000e-01 5.350000e-01 -3.209481e-01 4.127780e-01
-6.680000e-01 5.355000e-01 -2.267058e-01 4.185451e-01 -6.680000e-01 5.365000e-01 -2.269113e-01 4.186122e-01
1.200000e-01 5.355000e-01 -3.211580e-01 4.127092e-01 1.200000e-01 5.365000e-01 -3.209541e-01 4.127753e-01
-6.680000e-01 5.365000e-01 -2.269113e-01 4.186122e-01 -6.680000e-01 5.375000e-01 -2.271180e-01 4.186806e-01
1.200000e-01 5.365000e-01 -3.209541e-01 4.127753e-01 1.200000e-01 5.375000e-01 -3.207490e-01 4.128427e-01
-6.680000e-01 5.375000e-01 -2.271180e-01 4.186806e-01 -6.680000e-01 5.385000e-01 -2.273260e-01 4.187502e-01
1.200000e-01 5.375000e-01 -3.207490e-01 4.128427e-01 1.200000e-01 5.385000e-01 -3.205425e-01 4.129115e-01
-6.680000e-01 5.385000e-01 -2.273260e-01 4.187502e-01 -6.680000e-01 5.395000e-01 -2.275353e-01 4.188212e-01
1.200000e-01 5.385000e-01 -3.205425e-01 4.129115e-01 1.200000e-01 5.395000e-01 -3.203347e-01 4.129816e-01
-6.680000e-01 5.395000e-01 -2.275353e-01 4.188212e-01 -6.675000e-01 5.400000e-01 -2.273289e-01 4.187520e-01
-6.675000e-01 5.400000e-01 -2.273289e-01 4.187520e-01 -6.670000e-01 5.405000e-01 -2.271233e-01 4.186817e-01
1.195000e-01 5.400000e-01 -3.205394e-01 4.129128e-01 1.190000e-01 5.405000e-01 -3.207432e-01 4.128430e-01
1.200000e-01 5.395000e-01 -3.203347e-01 4.129816e-01 1.195000e-01 5.400000e-01 -3.205394e-01 4.129128e-01
-6.670000e-01 5.405000e-01 -2.271233e-01 4.186817e-01 -6.670000e-01 5.415000e-01 -2.273360e-01 4.187539e-01
1.190000e-01 5.405000e-01 -3.207432e-01 4.128430e-01 1.190000e-01 5.415000e-01 -3.205322e-01 4.129145e-01
-6.670000e-01 5.415000e-01 -2.273360e-01 4.187539e-01 -6.670000e-01 5.425000e-01 -2.275499e-01 4.188274e-01
1.190000e-01 5.415000e-01 -3.205322e-01 4.129145e-01 1.190000e-01 5.425000e-01 -3.203198e-01 4.129874e-01
-6.670000e-01 5.425000e-01 -2.275499e-01 4.188274e-01 -6.670000e-01 5.435000e-01 -2.277651e-01 4.189022e-01
1.190000e-01 5.425000e-01 -3.203198e-01 4.129874e-01 1.190000e-01 5.435000e-01 -3.201062e-01 4.130617e-01
-6.670000e-01 5.435000e-01 -2.277651e-01 4.189022e-01 -6.670000e-01 5.445000e-01 -2.279816e-01 4.189783e-01
1.190000e-01 5.435000e-01 -3.201062e-01 4.130617e-01 1.190000e-01 5.445000e-01 -3.198913e-01 4.131374e-01
-6.670000e-01 5.445000e-01 -2.279816e-01 4.189783e-01 -6.670000e-01 5.455000e-01 -2.281993e-01 4.190558e-01
1.185000e-01 5.450000e-01 -3.200899e-01 4.130679e-01 1.180000e-01 5.455000e-01 -3.202877e-01 4.129973e-01
1.190000e-01 5.445000e-01 -3.198913e-01 4.131374e-01 1.185000e-01 5.450000e-01 -3.200899e-01 4.130679e-01
-6.670000e-01 5.455000e-01 -2.281993e-01 4.190558e-01 -6.665000e-01 5.460000e-01 -2.280000e-01 4.189857e-01
-6.665000e-01 5.460000e-01 -2.280000e-01 4.189857e-01 -6.660000e-01 5.465000e-01 -2.278014e-01 4.189145e-01
1.180000e-01 5.455000e-01 -3.202877e-01 4.129973e-01 1.180000e-01 5.465000e-01 -3.200695e-01 4.130746e-01
-6.660000e-01 5.465000e-01 -2.278014e-01 4.189145e-01 -6.660000e-01 5.475000e-01 -2.280225e-01 4.189934e-01
1.180000e-01 5.465000e-01 -3.200695e-01 4.130746e-01 1.180000e-01 5.475000e-01 -3.198501e-01 4.131532e-01
-6.660000e-01 5.475000e-01 -2.280225e-01 4.189934e-01 -6.660000e-01 5.485000e-01 -2.282447e-01 4.190736e-01
1.180000e-01 5.475000e-01 -3.198501e-01 4.131532e-01 1.180000e-01 5.485000e-01 -3.196295e-01 4.132332e-01
-6.660000e-01 5.485000e-01 -2.282447e-01 4.190736e-01 -6.660000e-01 5.495000e-01 -2.284682e-01 4.191551e-01
1.180000e-01 5.485000e-01 -3.196295e-01 4.132332e-01 1.180000e-01 5.495000e-01 -3.194077e-01 4.133147e-01
-6.660000e-01 5.495000e-01 -2.284682e-01 4.191551e-01 -6.660000e-01 5.505000e-01 -2.286929e-01 4.192380e-01
1.175000e-01 5.500000e-01 -3.196004e-01 4.132446e-01 1.170000e-01 5.505000e-01 -3.197921e-01 4.131736e-01
1.180000e-01 5.495000e-01 -3.194077e-01 4.133147e-01 1.175000e-01 5.500000e-01 -3.196004e-01 4.132446e-01
-6.660000e-01 5.505000e-01 -2.286929e-01 4.192380e-01 -6.655000e-01 5.510000e-01 -2.284995e-01 4.191672e-01
-6.655000e-01 5.510000e-01 -2.284995e-01 4.191672e-01 -6.650000e-01 5.515000e-01 -2.283070e-01 4.190954e-01
1.170000e-01 5.505000e-01 -3.197921e-01 4.131736e-01 1.170000e-01 5.515000e-01 -3.195670e-01 4.132567e-01
-6.650000e-01 5.515000e-01 -2.283070e-01 4.190954e-01 -6.650000e-01 5.525000e-01 -2.285349e-01 4.191798e-01
1.170000e-01 5.515000e-01 -3.195670e-01 4.132567e-01 1.170000e-01 5.525000e-01 -3.193408e-01 4.133412e-01
-6.650000e-01 5.525000e-01 -2.285349e-01 4.191798e-01 -6.650000e-01 5.535000e-01 -2.287640e-01 4.192656e-01
1.170000e-01 5.525000e-01 -3.193408e-01 4.133412e-01 1.170000e-01 5.535000e-01 -3.191134e-01 4.134273e-01
-6.650000e-01 5.535000e-01 -2.287640e-01 4.192656e-01 -6.650000e-01 5.545000e-01 -2.289943e-01 4.193528e-01
1.165000e-01 5.540000e-01 -3.193010e-01 4.133567e-01 1.160000e-01 5.545000e-01 -3.194877e-01 4.132851e-01
1.170000e-01 5.535000e-01 -3.191134e-01 4.134273e-01 1.165000e-01 5.540000e-01 -3.193010e-01 4.133567e-01
-6.650000e-01 5.545000e-01 -2.289943e-01 4.193528e-01 -6.650000e-01 5.555000e-01 -2.292258e-01 4.194414e-01
1.160000e-01 5.545000e-01 -3.194877e-01 4.132851e-01 1.160000e-01 5.555000e-01 -3.192572e-01 4.133729e-01
-6.650000e-01 5.555000e-01 -2.292258e-01 4.194414e-01 -6.645000e-01 5.560000e-01 -2.290384e-01 4.193701e-01
-6.645000e-01 5.560000e-01 -2.290384e-01 4.193701e-01 -6.640000e-01 5.565000e-01 -2.288519e-01 4.192978e-01
1.160000e-01 5.555000e-01 -3.192572e-01 4.133729e-01 1.160000e-01 5.565000e-01 -3.190254e-01 4.134621e-01
-6.640000e-01 5.565000e-01 -2.288519e-01 4.192978e-01 -6.640000e-01 5.575000e-01 -2.290865e-01 4.193880e-01
1.160000e-01 5.565000e-01 -3.190254e-01 4.134621e-01 1.160000e-01 5.575000e-01 -3.187925e-01 4.135528e-01
-6.640000e-01 5.575000e-01 -2.290865e-01 4.193880e-01 -6.640000e-01 5.585000e-01 -2.293224e-01 4.194796e-01
1.155000e-01 5.580000e-01 -3.189752e-01 4.134819e-01 1.150000e-01 5.585000e-01 -3.191570e-01 4.134100e-01
1.160000e-01 5.575000e-01 -3.187925e-01 4.135528e-01 1.155000e-01 5.580000e-01 -3.189752e-01 4.134819e-01
-6.640000e-01 5.585000e-01 -2.293224e-01 4.194796e-01 -6.640000e-01 5.595000e-01 -2.295593e-01 4.195727e-01
1.150000e-01 5.585000e-01 -3.191570e-01 4.134100e-01 1.150000e-01 5.595000e-01 -3.189209e-01 4.135026e-01
-6.640000e-01 5.595000e-01 -2.295593e-01 4.195727e-01 -6.640000e-01 5.605000e-01 -2.297974e-01 4.196672e-01
1.150000e-01 5.595000e-01 -3.189209e-01 4.135026e-01 1.150000e-01 5.605000e-01 -3.186838e-01 4.135966e-01
-6.640000e-01 5.605000e-01 -2.297974e-01 4.196672e-01 -6.635000e-01 5.610000e-01 -2.296159e-01 4.195956e-01
-6.635000e-01 5.610000e-01 -2.296159e-01 4.195956e-01 -6.630000e-01 5.615000e-01 -2.294354e-01 4.195229e-01
1.150000e-01 5.605000e-01 -3.186838e-01 4.135966e-01 1.150000e-01 5.615000e-01 -3.184455e-01 4.136922e-01
-6.630000e-01 5.615000e-01 -2.294354e-01 4.195229e-01 -6.630000e-01 5.625000e-01 -2.296766e-01 4.196192e-01
1.145000e-01 5.620000e-01 -3.186232e-01 4.136210e-01 1.140000e-01 5.625000e-01 -3.188001e-01 4.135489e-01
1.150000e-01 5.615000e-01 -3.184455e-01 4.136922e-01 1.145000e-01 5.620000e-01 -3.186232e-01 4.136210e-01
-6.630000e-01 5.625000e-01 -2.296766e-01 4.196192e-01 -6.630000e-01 5.635000e-01 -2.299189e-01 4.197168e-01
1.140000e-01 5.625000e-01 -3.188001e-01 4.135489e-01 1.140000e-01 5.635000e-01 -3.185587e-01 4.136464e-01
-6.630000e-01 5.635000e-01 -2.299189e-01 4.197168e-01 -6.630000e-01 5.645000e-01 -2.301623e-01 4.198160e-01
1.140000e-01 5.635000e-01 -3.185587e-01 4.136464e-01 1.140000e-01 5.645000e-01 -3.183162e-01 4.137454e-01
-6.630000e-01 5.645000e-01 -2.301623e-01 4.198160e-01 -6.630000e-01 5.655000e-01 -2.304069e-01 4.199166e-01
1.140000e-01 5.645000e-01 -3.183162e-01 4.137454e-01 1.140000e-01 5.655000e-01 -3.180727e-01 4.138460e-01
-6.630000e-01 5.655000e-01 -2.304069e-01 4.199166e-01 -6.625000e-01 5.660000e-01 -2.302313e-01 4.198448e-01
-6.625000e-01 5.660000e-01 -2.302313e-01 4.198448e-01 -6.620000e-01 5.665000e-01 -2.300567e-01 4.197721e-01
1.140000e-01 5.655000e-01 -3.180727e-01 4.138460e-01 1.140000e-01 5.665000e-01 -3.178281e-01 4.139481e-01
-6.620000e-01 5.665000e-01 -2.300567e-01 4.197721e-01 -6.620000e-01 5.675000e-01 -2.303043e-01 4.198745e-01
1.135000e-01 5.670000e-01 -3.180000e-01 4.138770e-01 1.130000e-01 5.675000e-01 -3.181708e-01 4.138050e-01
1.140000e-01 5.665000e-01 -3.178281e-01 4.139481e-01 1.135000e-01 5.670000e-01 -3.180000e-01 4.138770e-01
-6.620000e-01 5.675000e-01 -2.303043e-01 4.198745e-01 -6.620000e-01 5.685000e-01 -2.305529e-01 4.199785e-01
1.130000e-01 5.675000e-01 -3.181708e-01 4.138050e-01 1.130000e-01 5.685000e-01 -3.179232e-01 4.139092e-01
-6.620000e-01 5.685000e-01 -2.305529e-01 4.199785e-01 -6.620000e-01 5.695000e-01 -2.308027e-01 4.200839e-01
1.130000e-01 5.685000e-01 -3.179232e-01 4.139092e-01 1.130000e-01 5.695000e-01 -3.176746e-01 4.140148e-01
-6.620000e-01 5.695000e-01 -2.308027e-01 4.200839e-01 -6.620000e-01 5.705000e-01 -2.310534e-01 4.201908e-01
1.125000e-01 5.700000e-01 -3.178425e-01 4.139436e-01 1.120000e-01 5.705000e-01 -3.180095e-01 4.138714e-01
1.130000e-01 5.695000e-01 -3.176746e-01 4.140148e-01 1.125000e-01 5.700000e-01 -3.178425e-01 4.139436e-01
-6.620000e-01 5.705000e-01 -2.310534e-01 4.201908e-01 -6.615000e-01 5.710000e-01 -2.308837e-01 4.201191e-01
-6.615000e-01 5.710000e-01 -2.308837e-01 4.201191e-01 -6.610000e-01 5.715000e-01 -2.307150e-01 4.200464e-01
1.120000e-01 5.705000e-01 -3.180095e-01 4.138714e-01 1.120000e-01 5.715000e-01 -3.177578e-01 4.139792e-01
-6.610000e-01 5.715000e-01 -2.307150e-01 4.200464e-01 -6.610000e-01 5.725000e-01 -2.309687e-01 4.201553e-01
1.120000e-01 5.715000e-01 -3.177578e-01 4.139792e-01 1.120000e-01 5.725000e-01 -3.175052e-01 4.140885e-01
-6.610000e-01 5.725000e-01 -2.309687e-01 4.201553e-01 -6.610000e-01 5.735000e-01 -2.312235e-01 4.202657e-01
1.120000e-01 5.725000e-01 -3.175052e-01 4.140885e-01 1.120000e-01 5.735000e-01 -3.172515e-01 4.141995e-01
-6.610000e-01 5.735000e-01 -2.312235e-01 4.202657e-01 -6.610000e-01 5.745000e-01 -2.314793e-01 4.203776e-01
1.115000e-01 5.740000e-01 -3.174146e-01 4.141284e-01 1.110000e-01 5.745000e-01 -3.175767e-01 4.140563e-01
1.120000e-01 5.735000e-01 -3.172515e-01 4.141995e-01 1.115000e-01 5.740000e-01 -3.174146e-01 4.141284e-01
-6.610000e-01 5.745000e-01 -2.314793e-01 4.203776e-01 -6.605000e-01 5.750000e-01 -2.313144e-01 4.203058e-01
-6.605000e-01 5.750000e-01 -2.313144e-01 4.203058e-01 -6.600000e-01 5.755000e-01 -2.311506e-01 4.202332e-01
1.110000e-01 5.745000e-01 -3.175767e-01 4.140563e-01 1.110000e-01 5.755000e-01 -3.173201e-01 4.141695e-01
-6.600000e-01 5.755000e-01 -2.311506e-01 4.202332e-01 -6.600000e-01 5.765000e-01 -2.314093e-01 4.203471e-01
1.110000e-01 5.755000e-01 -3.173201e-01 4.141695e-01 1.110000e-01 5.765000e-01 -3.170625e-01 4.142842e-01
-6.600000e-01 5.765000e-01 -2.314093e-01 4.203471e-01 -6.600000e-01 5.775000e-01 -2.316691e-01 4.204626e-01
1.110000e-01 5.765000e-01 -3.170625e-01 4.142842e-01 1.110000e-01 5.775000e-01 -3.168039e-01 4.144005e-01
-6.600000e-01 5.775000e-01 -2.316691e-01 4.204626e-01 -6.600000e-01 5.785000e-01 -2.319298e-01 4.205796e-01
1.105000e-01 5.780000e-01 -3.169622e-01 4.143297e-01 1.100000e-01 5.785000e-01 -3.171195e-01 4.142579e-01
1.110000e-01 5.775000e-01 -3.168039e-01 4.144005e-01 1.105000e-01 5.780000e-01 -3.169622e-01 4.143297e-01
-6.600000e-01 5.785000e-01 -2.319298e-01 4.205796e-01 -6.595000e-01 5.790000e-01 -2.317697e-01 4.205080e-01
-6.595000e-01 5.790000e-01 -2.317697e-01 4.205080e-01 -6.590000e-01 5.795000e-01 -2.316107e-01 4.204354e-01
1.100000e-01 5.785000e-01 -3.171195e-01 4.142579e-01 1.100000e-01 5.795000e-01 -3.168581e-01 4.143765e-01
-6.590000e-01 5.795000e-01 -2.316107e-01 4.204354e-01 -6.590000e-01 5.805000e-01 -2.318743e-01 4.205546e-01
1.100000e-01 5.795000e-01 -3.168581e-01 4.143765e-01 1.100000e-01 5.805000e-01 -3.165957e-01 4.144967e-01
-6.590000e-01 5.805000e-01 -2.318743e-01 4.205546e-01 -6.590000e-01 5.815000e-01 -2.321389e-01 4.206752e-01
1.100000e-01 5.805000e-01 -3.165957e-01 4.144967e-01 1.100000e-01 5.815000e-01 -3.163323e-01 4.146186e-01
-6.590000e-01 5.815000e-01 -2.321389e-01 4.206752e-01 -6.590000e-01 5.825000e-01 -2.324044e-01 4.207975e-01
1.095000e-01 5.820000e-01 -3.164859e-01 4.145481e-01 1.090000e-01 5.825000e-01 -3.166383e-01 4.144768e-01
1.100000e-01 5.815000e-01 -3.163323e-01 4.146186e-01 1.095000e-01 5.820000e-01 -3.164859e-01 4.145481e-01
-6.590000e-01 5.825000e-01 -2.324044e-01 4.207975e-01 -6.590000e-01 5.835000e-01 -2.326709e-01 4.209213e-01
1.090000e-01 5.825000e-01 -3.166383e-01 4.144768e-01 1.090000e-01 5.835000e-01 -3.163722e-01 4.146010e-01
-6.590000e-01 5.835000e-01 -2.326709e-01 4.209213e-01 -6.585000e-01 5.840000e-01 -2.325166e-01 4.208502e-01
-6.585000e-01 5.840000e-01 -2.325166e-01 4.208502e-01 -6.580000e-01 5.845000e-01 -2.323633e-01 4.207783e-01
1.090000e-01 5.835000e-01 -3.163722e-01 4.146010e-01 1.090000e-01 5.845000e-01 -3.161051e-01 4.147268e-01
-6.580000e-01 5.845000e-01 -2.323633e-01 4.207783e-01 -6.580000e-01 5.855000e-01 -2.326325e-01 4.209043e-01
1.085000e-01 5.850000e-01 -3.162549e-01 4.146565e-01 1.080000e-01 5.855000e-01 -3.164035e-01 4.145854e-01
1.090000e-01 5.845000e-01 -3.161051e-01 4.147268e-01 1.085000e-01 5.850000e-01 -3.162549e-01 4.146565e-01
-6.580000e-01 5.855000e-01 -2.326325e-01 4.209043e-01 -6.580000e-01 5.865000e-01 -2.329027e-01 4.210319e-01
1.080000e-01 5.855000e-01 -3.164035e-01 4.145854e-01 1.080000e-01 5.865000e-01 -3.161337e-01 4.147136e-01
-6.580000e-01 5.865000e-01 -2.329027e-01 4.210319e-01 -6.580000e-01 5.875000e-01 -2.331739e-01 4.211610e-01
1.080000e-01 5.865000e-01 -3.161337e-01 4.147136e-01 1.080000e-01 5.875000e-01 -3.158630e-01 4.148434e-01
-6.580000e-01 5.875000e-01 -2.331739e-01 4.211610e-01 -6.575000e-01 5.880000e-01 -2.330242e-01 4.210904e-01
-6.575000e-01 5.880000e-01 -2.330242e-01 4.210904e-01 -6.570000e-01 5.885000e-01 -2.328757e-01 4.210189e-01
1.080000e-01 5.875000e-01 -3.158630e-01 4.148434e-01 1.080000e-01 5.885000e-01 -3.155914e-01 4.149750e-01
-6.570000e-01 5.885000e-01 -2.328757e-01 4.210189e-01 -6.570000e-01 5.895000e-01 -2.331495e-01 4.211503e-01
1.075000e-01 5.890000e-01 -3.157364e-01 4.149053e-01 1.070000e-01 5.895000e-01 -3.158803e-01 4.148348e-01
1.080000e-01 5.885000e-01 -3.155914e-01 4.149750e-01 1.075000e-01 5.890000e-01 -3.157364e-01 4.149053e-01
-6.570000e-01 5.895000e-01 -2.331495e-01 4.211503e-01 -6.570000e-01 5.905000e-01 -2.334243e-01 4.212834e-01
1.070000e-01 5.895000e-01 -3.158803e-01 4.148348e-01 1.070000e-01 5.905000e-01 -3.156061e-01 4.149688e-01
-6.570000e-01 5.905000e-01 -2.334243e-01 4.212834e-01 -6.570000e-01 5.915000e-01 -2.336999e-01 4.214180e-01
1.070000e-01 5.905000e-01 -3.156061e-01 4.149688e-01 1.070000e-01 5.915000e-01 -3.153309e-01 4.151045e-01
-6.570000e-01 5.915000e-01 -2.336999e-01 4.214180e-01 -6.565000e-01 5.920000e-01 -2.335550e-01 4.213479e-01
-6.565000e-01 5.920000e-01 -2.335550e-01 4.213479e-01 -6.560000e-01 5.925000e-01 -2.334111e-01 4.212769e-01
1.065000e-01 5.920000e-01 -3.154722e-01 4.150352e-01 1.060000e-01 5.925000e-01 -3.156123e-01 4.149650e-01
1.070000e-01 5.915000e-01 -3.153309e-01 4.151045e-01 1.065000e-01 5.920000e-01 -3.154722e-01 4.150352e-01
-6.560000e-01 5.925000e-01 -2.334111e-01 4.212769e-01 -6.560000e-01 5.935000e-01 -2.336894e-01 4.214139e-01
1.060000e-01 5.925000e-01 -3.156123e-01 4.149650e-01 1.060000e-01 5.935000e-01 -3.153345e-01 4.151031e-01
-6.560000e-01 5.935000e-01 -2.336894e-01 4.214139e-01 -6.560000e-01 5.945000e-01 -2.339686e-01 4.215526e-01
1.060000e-01 5.935000e-01 -3.153345e-01 4.151031e-01 1.060000e-01 5.945000e-01 -3.150559e-01 4.152431e-01
-6.560000e-01 5.945000e-01 -2.339686e-01 4.215526e-01 -6.555000e-01 5.950000e-01 -2.338274e-01 4.214827e-01
-6.555000e-01 5.950000e-01 -2.338274e-01 4.214827e-01 -6.550000e-01 5.955000e-01 -2.336873e-01 4.214119e-01
1.055000e-01 5.950000e-01 -3.151934e-01 4.151741e-01 1.050000e-01 5.955000e-01 -3.153297e-01 4.151044e-01
1.060000e-01 5.945000e-01 -3.150559e-01 4.152431e-01 1.055000e-01 5.950000e-01 -3.151934e-01 4.151741e-01
-6.550000e-01 5.955000e-01 -2.336873e-01 4.214119e-01 -6.550000e-01 5.965000e-01 -2.339691e-01 4.215530e-01
1.050000e-01 5.955000e-01 -3.153297e-01 4.151044e-01 1.050000e-01 5.965000e-01 -3.150486e-01 4.152468e-01
-6.550000e-01 5.965000e-01 -2.339691e-01 4.215530e-01 -6.550000e-01 5.975000e-01 -2.342518e-01 4.216957e-01
1.050000e-01 5.965000e-01 -3.150486e-01 4.152468e-01 1.050000e-01 5.975000e-01 -3.147666e-01 4.153910e-01
-6.550000e-01 5.975000e-01 -2.342518e-01 4.216957e-01 -6.550000e-01 5.985000e-01 -2.345352e-01 4.218400e-01
1.050000e-01 5.975000e-01 -3.147666e-01 4.153910e-01 1.050000e-01 5.985000e-01 -3.144838e-01 4.155369e-01
-6.550000e-01 5.985000e-01 -2.345352e-01 4.218400e-01 -6.545000e-01 5.990000e-01 -2.343986e-01 4.217709e-01
-6.545000e-01 5.990000e-01 -2.343986e-01 4.217709e-01 -6.540000e-01 5.995000e-01 -2.342632e-01 4.217009e-01
1.045000e-01 5.990000e-01 -3.146167e-01 4.154689e-01 1.040000e-01 5.995000e-01 -3.147484e-01 4.154001e-01
1.050000e-01 5.985000e-01 -3.144838e-01 4.155369e-01 1.045000e-01 5.990000e-01 -3.146167e-01 4.154689e-01
-6.540000e-01 5.995000e-01 -2.342632e-01 4.217009e-01 -6.540000e-01 6.005000e-01 -2.345492e-01 4.218477e-01
1.040000e-01 5.995000e-01 -3.147484e-01 4.154001e-01 1.040000e-01 6.005000e-01 -3.144632e-01 4.155486e-01
-6.540000e-01 6.005000e-01 -2.345492e-01 4.218477e-01 -6.540000e-01 6.015000e-01 -2.348360e-01 4.219961e-01
1.040000e-01 6.005000e-01 -3.144632e-01 4.155486e-01 1.040000e-01 6.015000e-01 -3.141771e-01 4.156989e-01
-6.540000e-01 6.015000e-01 -2.348360e-01 4.219961e-01 -6.540000e-01 6.025000e-01 -2.351236e-01 4.221463e-01
1.035000e-01 6.020000e-01 -3.143063e-01 4.156315e-01 1.030000e-01 6.025000e-01 -3.144343e-01 4.155632e-01
1.040000e-01 6.015000e-01 -3.141771e-01 4.156989e-01 1.035000e-01 6.020000e-01 -3.143063e-01 4.156315e-01
-6.540000e-01 6.025000e-01 -2.351236e-01 4.221463e-01 -6.535000e-01 6.030000e-01 -2.349916e-01 4.220780e-01
-6.535000e-01 6.030000e-01 -2.349916e-01 4.220780e-01 -6.530000e-01 6.035000e-01 -2.348607e-01 4.220088e-01
1.030000e-01 6.025000e-01 -3.144343e-01 4.155632e-01 1.030000e-01 6.035000e-01 -3.141458e-01 4.157162e-01
-6.530000e-01 6.035000e-01 -2.348607e-01 4.220088e-01 -6.530000e-01 6.045000e-01 -2.351508e-01 4.221615e-01
1.030000e-01 6.035000e-01 -3.141458e-01 4.157162e-01 1.030000e-01 6.045000e-01 -3.138565e-01 4.158709e-01
-6.530000e-01 6.045000e-01 -2.351508e-01 4.221615e-01 -6.530000e-01 6.055000e-01 -2.354416e-01 4.223158e-01
1.025000e-01 6.050000e-01 -3.139821e-01 4.158041e-01 1.020000e-01 6.055000e-01 -3.141065e-01 4.157365e-01
1.030000e-01 6.045000e-01 -3.138565e-01 4.158709e-01 1.025000e-01 6.050000e-01 -3.139821e-01 4.158041e-01
-6.530000e-01 6.055000e-01 -2.354416e-01 4.223158e-01 -6.525000e-01 6.060000e-01 -2.353133e-01 4.222480e-01
-6.525000e-01 6.060000e-01 -2.353133e-01 4.222480e-01 -6.520000e-01 6.065000e-01 -2.351861e-01 4.221794e-01
1.020000e-01 6.055000e-01 -3.141065e-01 4.157365e-01 1.020000e-01 6.065000e-01 -3.138148e-01 4.158940e-01
-6.520000e-01 6.065000e-01 -2.351861e-01 4.221794e-01 -6.520000e-01 6.075000e-01 -2.354794e-01 4.223363e-01
1.020000e-01 6.065000e-01 -3.138148e-01 4.158940e-01 1.020000e-01 6.075000e-01 -3.135223e-01 4.160532e-01
-6.520000e-01 6.075000e-01 -2.354794e-01 4.223363e-01 -6.520000e-01 6.085000e-01 -2.357734e-01 4.224950e-01
1.015000e-01 6.080000e-01 -3.136443e-01 4.159871e-01 1.010000e-01 6.085000e-01 -3.137650e-01 4.159202e-01
1.020000e-01 6.075000e-01 -3.135223e-01 4.160532e-01 1.015000e-01 6.080000e-01 -3.136443e-01 4.159871e-01
-6.520000e-01 6.085000e-01 -2.357734e-01 4.224950e-01 -6.520000e-01 6.095000e-01 -2.360682e-01 4.226553e-01
1.010000e-01 6.085000e-01 -3.137650e-01 4.159202e-01 1.010000e-01 6.095000e-01 -3.134702e-01 4.160822e-01
-6.520000e-01 6.095000e-01 -2.360682e-01 4.226553e-01 -6.515000e-01 6.100000e-01 -2.359443e-01 4.225885e-01
-6.515000e-01 6.100000e-01 -2.359443e-01 4.225885e-01 -6.510000e-01 6.105000e-01 -2.358216e-01 4.225210e-01
1.010000e-01 6.095000e-01 -3.134702e-01 4.160822e-01 1.010000e-01 6.105000e-01 -3.131747e-01 4.162460e-01
-6.510000e-01 6.105000e-01 -2.358216e-01 4.225210e-01 -6.510000e-01 6.115000e-01 -2.361188e-01 4.226839e-01
1.005000e-01 6.110000e-01 -3.132931e-01 4.161807e-01 1.000000e-01 6.115000e-01 -3.134102e-01 4.161146e-01
1.010000e-01 6.105000e-01 -3.131747e-01 4.162460e-01 1.005000e-01 6.110000e-01 -3.132931e-01 4.161807e-01
-6.510000e-01 6.115000e-01 -2.361188e-01 4.226839e-01 -6.510000e-01 6.125000e-01 -2.364166e-01 4.228486e-01
1.000000e-01 6.115000e-01 -3.134102e-01 4.161146e-01 1.000000e-01 6.125000e-01 -3.131124e-01 4.162813e-01
-6.510000e-01 6.125000e-01 -2.364166e-01 4.228486e-01 -6.505000e-01 6.130000e-01 -2.362963e-01 4.227825e-01
-6.505000e-01 6.130000e-01 -2.362963e-01 4.227825e-01 -6.500000e-01 6.135000e-01 -2.361772e-01 4.227156e-01
1.000000e-01 6.125000e-01 -3.131124e-01 4.162813e-01 1.000000e-01 6.135000e-01 -3.128140e-01 4.164497e-01
-6.500000e-01 6.135000e-01 -2.361772e-01 4.227156e-01 -6.500000e-01 6.145000e-01 -2.364774e-01 4.228830e-01
9.950000e-02 6.140000e-01 -3.129287e-01 4.163852e-01 9.900000e-02 6.145000e-01 -3.130423e-01 4.163200e-01
1.000000e-01 6.135000e-01 -3.128140e-01 4.164497e-01 9.950000e-02 6.140000e-01 -3.129287e-01 4.163852e-01
-6.500000e-01 6.145000e-01 -2.364774e-01 4.228830e-01 -6.500000e-01 6.155000e-01 -2.367782e-01 4.230521e-01
9.900000e-02 6.145000e-01 -3.130423e-01 4.163200e-01 9.900000e-02 6.155000e-01 -3.127416e-01 4.164913e-01
-6.500000e-01 6.155000e-01 -2.367782e-01 4.230521e-01 -6.495000e-01 6.160000e-01 -2.366615e-01 4.229867e-01
-6.495000e-01 6.160000e-01 -2.366615e-01 4.229867e-01 -6.490000e-01 6.165000e-01 -2.365460e-01 4.229206e-01
9.900000e-02 6.155000e-01 -3.127416e-01 4.164913e-01 9.900000e-02 6.165000e-01 -3.124403e-01 4.166644e-01
-6.490000e-01 6.165000e-01 -2.365460e-01 4.229206e-01 -6.490000e-01 6.175000e-01 -2.368491e-01 4.230925e-01
9.850000e-02 6.170000e-01 -3.125515e-01 4.166008e-01 9.800000e-02 6.175000e-01 -3.126615e-01 4.165365e-01
9.900000e-02 6.165000e-01 -3.124403e-01 4.166644e-01 9.850000e-02 6.170000e-01 -3.125515e-01 4.166008e-01
-6.490000e-01 6.175000e-01 -2.368491e-01 4.230925e-01 -6.490000e-01 6.185000e-01 -2.371529e-01 4.232660e-01
9.800000e-02 6.175000e-01 -3.126615e-01 4.165365e-01 9.800000e-02 6.185000e-01 -3.123580e-01 4.167125e-01
-6.490000e-01 6.185000e-01 -2.371529e-01 4.232660e-01 -6.490000e-01 6.195000e-01 -2.374573e-01 4.234413e-01
9.800000e-02 6.185000e-01 -3.123580e-01 4.167125e-01 9.800000e-02 6.195000e-01 -3.120538e-01 4.168904e-01
-6.490000e-01 6.195000e-01 -2.374573e-01 4.234413e-01 -6.485000e-01 6.200000e-01 -2.373449e-01 4.233773e-01
-6.485000e-01 6.200000e-01 -2.373449e-01 4.233773e-01 -6.480000e-01 6.205000e-01 -2.372337e-01 4.233125e-01
9.750000e-02 6.200000e-01 -3.121615e-01 4.168278e-01 9.700000e-02 6.205000e-01 -3.122680e-01 4.167645e-01
9.800000e-02 6.195000e-01 -3.120538e-01 4.168904e-01 9.750000e-02 6.200000e-01 -3.121615e-01 4.168278e-01
-6.480000e-01 6.205000e-01 -2.372337e-01 4.233125e-01 -6.480000e-01 6.215000e-01 -2.375403e-01 4.234906e-01
9.700000e-02 6.205000e-01 -3.122680e-01 4.167645e-01 9.700000e-02 6.215000e-01 -3.119618e-01 4.169453e-01
-6.480000e-01 6.215000e-01 -2.375403e-01 4.234906e-01 -6.480000e-01 6.225000e-01 -2.378476e-01 4.236705e-01
9.700000e-02 6.215000e-01 -3.119618e-01 4.169453e-01 9.700000e-02 6.225000e-01 -3.116549e-01 4.171279e-01
-6.480000e-01 6.225000e-01 -2.378476e-01 4.236705e-01 -6.475000e-01 6.230000e-01 -2.377387e-01 4.236073e-01
-6.475000e-01 6.230000e-01 -2.377387e-01 4.236073e-01 -6.470000e-01 6.235000e-01 -2.376310e-01 4.235434e-01
9.650000e-02 6.230000e-01 -3.117592e-01 4.170664e-01 9.600000e-02 6.235000e-01 -3.118622e-01 4.170042e-01
9.700000e-02 6.225000e-01 -3.116549e-01 4.171279e-01 9.650000e-02 6.230000e-01 -3.117592e-01 4.170664e-01
-6.470000e-01 6.235000e-01 -2.376310e-01 4.235434e-01 -6.470000e-01 6.245000e-01 -2.379404e-01 4.237261e-01
9.600000e-02 6.235000e-01 -3.118622e-01 4.170042e-01 9.600000e-02 6.245000e-01 -3.115533e-01 4.171898e-01
-6.470000e-01 6.245000e-01 -2.379404e-01 4.237261e-01 -6.470000e-01 6.255000e-01 -2.382503e-01 4.239106e-01
9.600000e-02 6.245000e-01 -3.115533e-01 4.171898e-01 9.600000e-02 6.255000e-01 -3.112438e-01 4.173773e-01
-6.470000e-01 6.255000e-01 -2.382503e-01 4.239106e-01 -6.465000e-01 6.260000e-01 -2.381449e-01 4.238484e-01
-6.465000e-01 6.260000e-01 -2.381449e-01 4.238484e-01 -6.460000e-01 6.265000e-01 -2.380407e-01 4.237855e-01
9.550000e-02 6.260000e-01 -3.113446e-01 4.173169e-01 9.500000e-02 6.265000e-01 -3.114441e-01 4.172558e-01
9.600000e-02 6.255000e-01 -3.112438e-01 4.173773e-01 9.550000e-02 6.260000e-01 -3.113446e-01 4.173169e-01
-6.460000e-01 6.265000e-01 -2.380407e-01 4.237855e-01 -6.460000e-01 6.275000e-01 -2.383527e-01 4.239728e-01
9.500000e-02 6.265000e-01 -3.114441e-01 4.172558e-01 9.500000e-02 6.275000e-01 -3.111326e-01 4.174463e-01
-6.460000e-01 6.275000e-01 -2.383527e-01 4.239728e-01 -6.460000e-01 6.285000e-01 -2.386653e-01 4.241619e-01
9.450000e-02 6.280000e-01 -3.112307e-01 4.173865e-01 9.400000e-02 6.285000e-01 -3.113276e-01 4.173259e-01
9.500000e-02 6.275000e-01 -3.111326e-01 4.174463e-01 9.450000e-02 6.280000e-01 -3.112307e-01 4.173865e-01
-6.460000e-01 6.285000e-01 -2.386653e-01 4.241619e-01 -6.455000e-01 6.290000e-01 -2.385634e-01 4.241008e-01
-6.455000e-01 6.290000e-01 -2.385634e-01 4.241008e-01 -6.450000e-01 6.295000e-01 -2.384626e-01 4.240389e-01
9.400000e-02 6.285000e-01 -3.113276e-01 4.173259e-01 9.400000e-02 6.295000e-01 -3.110142e-01 4.175196e-01
-6.450000e-01 6.295000e-01 -2.384626e-01 4.240389e-01 -6.450000e-01 6.305000e-01 -2.387772e-01 4.242309e-01
9.400000e-02 6.295000e-01 -3.110142e-01 4.175196e-01 9.400000e-02 6.305000e-01 -3.107002e-01 4.177150e-01
-6.450000e-01 6.305000e-01 -2.387772e-01 4.242309e-01 -6.450000e-01 6.315000e-01 -2.390924e-01 4.244247e-01
9.350000e-02 6.310000e-01 -3.107949e-01 4.176564e-01 9.300000e-02 6.315000e-01 -3.108884e-01 4.175971e-01
9.400000e-02 6.305000e-01 -3.107002e-01 4.177150e-01 9.350000e-02 6.310000e-01 -3.107949e-01 4.176564e-01
-6.450000e-01 6.315000e-01 -2.390924e-01 4.244247e-01 -6.445000e-01 6.320000e-01 -2.389938e-01 4.243646e-01
-6.445000e-01 6.320000e-01 -2.389938e-01 4.243646e-01 -6.440000e-01 6.325000e-01 -2.388964e-01 4.243038e-01
9.300000e-02 6.315000e-01 -3.108884e-01 4.175971e-01 9.300000e-02 6.325000e-01 -3.105725e-01 4.177957e-01
-6.440000e-01 6.325000e-01 -2.388964e-01 4.243038e-01 -6.440000e-01 6.335000e-01 -2.392136e-01 4.245006e-01
9.300000e-02 6.325000e-01 -3.105725e-01 4.177957e-01 9.300000e-02 6.335000e-01 -3.102561e-01 4.179961e-01
-6.440000e-01 6.335000e-01 -2.392136e-01 4.245006e-01 -6.440000e-01 6.345000e-01 -2.395313e-01 4.246992e-01
9.250000e-02 6.340000e-01 -3.103475e-01 4.179388e-01 9.200000e-02 6.345000e-01 -3.104377e-01 4.178808e-01
9.300000e-02 6.335000e-01 -3.102561e-01 4.179961e-01 9.250000e-02 6.340000e-01 -3.103475e-01 4.179388e-01
-6.440000e-01 6.345000e-01 -2.395313e-01 4.246992e-01 -6.435000e-01 6.350000e-01 -2.394360e-01 4.246402e-01
-6.435000e-01 6.350000e-01 -2.394360e-01 4.246402e-01 -6.430000e-01 6.355000e-01 -2.393420e-01 4.245806e-01
9.200000e-02 6.345000e-01 -3.104377e-01 4.178808e-01 9.200000e-02 6.355000e-01 -3.101195e-01 4.180844e-01
-6.430000e-01 6.355000e-01 -2.393420e-01 4.245806e-01 -6.430000e-01 6.365000e-01 -2.396616e-01 4.247821e-01
9.150000e-02 6.360000e-01 -3.102082e-01 4.180278e-01 9.100000e-02 6.365000e-01 -3.102958e-01 4.179705e-01
9.200000e-02 6.355000e-01 -3.101195e-01 4.180844e-01 9.150000e-02 6.360000e-01 -3.102082e-01 4.180278e-01
-6.430000e-01 6.365000e-01 -2.396616e-01 4.247821e-01 -6.430000e-01 6.375000e-01 -2.399817e-01 4.249855e-01
9.100000e-02 6.365000e-01 -3.102958e-01 4.179705e-01 9.100000e-02 6.375000e-01 -3.099757e-01 4.181773e-01
-6.430000e-01 6.375000e-01 -2.399817e-01 4.249855e-01 -6.425000e-01 6.380000e-01 -2.398898e-01 4.249278e-01
-6.425000e-01 6.380000e-01 -2.398898e-01 4.249278e-01 -6.420000e-01 6.385000e-01 -2.397990e-01 4.248693e-01
9.100000e-02 6.375000e-01 -3.099757e-01 4.181773e-01 9.100000e-02 6.385000e-01 -3.096552e-01 4.183860e-01
-6.420000e-01 6.385000e-01 -2.397990e-01 4.248693e-01 -6.420000e-01 6.395000e-01 -2.401210e-01 4.250757e-01
9.050000e-02 6.390000e-01 -3.097407e-01 4.183307e-01 9.000000e-02 6.395000e-01 -3.098250e-01 4.182749e-01
9.100000e-02 6.385000e-01 -3.096552e-01 4.183860e-01 9.050000e-02 6.390000e-01 -3.097407e-01 4.183307e-01
-6.420000e-01 6.395000e-01 -2.401210e-01 4.250757e-01 -6.415000e-01 6.400000e-01 -2.400316e-01 4.250186e-01
-6.415000e-01 6.400000e-01 -2.400316e-01 4.250186e-01 -6.410000e-01 6.405000e-01 -2.399435e-01 4.249608e-01
9.000000e-02 6.395000e-01 -3.098250e-01 4.182749e-01 9.000000e-02 6.405000e-01 -3.095027e-01 4.184868e-01
-6.410000e-01 6.405000e-01 -2.399435e-01 4.249608e-01 -6.410000e-01 6.415000e-01 -2.402673e-01 4.251703e-01
9.000000e-02 6.405000e-01 -3.095027e-01 4.184868e-01 9.000000e-02 6.415000e-01 -3.091800e-01 4.187005e-01
-6.410000e-01 6.415000e-01 -2.402673e-01 4.251703e-01 -6.410000e-01 6.425000e-01 -2.405916e-01 4.253816e-01
8.950000e-02 6.420000e-01 -3.092623e-01 4.186468e-01 8.900000e-02 6.425000e-01 -3.093434e-01 4.185924e-01
9.000000e-02 6.415000e-01 -3.091800e-01 4.187005e-01 8.950000e-02 6.420000e-01 -3.092623e-01 4.186468e-01
-6.410000e-01 6.425000e-01 -2.405916e-01 4.253816e-01 -6.405000e-01 6.430000e-01 -2.405054e-01 4.253258e-01
-6.405000e-01 6.430000e-01 -2.405054e-01 4.253258e-01 -6.400000e-01 6.435000e-01 -2.404206e-01 4.252694e-01
8.900000e-02 6.425000e-01 -3.093434e-01 4.185924e-01 8.900000e-02 6.435000e-01 -3.090190e-01 4.188094e-01
-6.400000e-01 6.435000e-01 -2.404206e-01 4.252694e-01 -6.400000e-01 6.445000e-01 -2.407466e-01 4.254838e-01
8.850000e-02 6.440000e-01 -3.090988e-01 4.187564e-01 8.800000e-02 6.445000e-01 -3.091773e-01 4.187028e-01
8.900000e-02 6.435000e-01 -3.090190e-01 4.188094e-01 8.850000e-02 6.440000e-01 -3.090988e-01 4.187564e-01
-6.400000e-01 6.445000e-01 -2.407466e-01 4.254838e-01 -6.400000e-01 6.455000e-01 -2.410730e-01 4.257000e-01
8.800000e-02 6.445000e-01 -3.091773e-01 4.187028e-01 8.800000e-02 6.455000e-01 -3.088512e-01 4.189232e-01
-6.400000e-01 6.455000e-01 -2.410730e-01 4.257000e-01 -6.395000e-01 6.460000e-01 -2.409901e-01 4.256456e-01
-6.395000e-01 6.460000e-01 -2.409901e-01 4.256456e-01 -6.390000e-01 6.465000e-01 -2.409085e-01 4.255905e-01
8.800000e-02 6.455000e-01 -3.088512e-01 4.189232e-01 8.800000e-02 6.465000e-01 -3.085248e-01 4.191454e-01
-6.390000e-01 6.465000e-01 -2.409085e-01 4.255905e-01 -6.390000e-01 6.475000e-01 -2.412366e-01 4.258099e-01
8.750000e-02 6.470000e-01 -3.086014e-01 4.190940e-01 8.700000e-02 6.475000e-01 -3.086768e-01 4.190420e-01
8.800000e-02 6.465000e-01 -3.085248e-01 4.191454e-01 8.750000e-02 6.470000e-01 -3.086014e-01 4.190940e-01
-6.390000e-01 6.475000e-01 -2.412366e-01 4.258099e-01 -6.390000e-01 6.485000e-01 -2.415651e-01 4.260311e-01
8.700000e-02 6.475000e-01 -3.086768e-01 4.190420e-01 8.700000e-02 6.485000e-01 -3.083487e-01 4.192675e-01
-6.390000e-01 6.485000e-01 -2.415651e-01 4.260311e-01 -6.385000e-01 6.490000e-01 -2.414854e-01 4.259781e-01
-6.385000e-01 6.490000e-01 -2.414854e-01 4.259781e-01 -6.380000e-01 6.495000e-01 -2.414069e-01 4.259245e-01
8.650000e-02 6.490000e-01 -3.084229e-01 4.192170e-01 8.600000e-02 6.495000e-01 -3.084957e-01 4.191659e-01
8.700000e-02 6.485000e-01 -3.083487e-01 4.192675e-01 8.650000e-02 6.490000e-01 -3.084229e-01 4.192170e-01
-6.380000e-01 6.495000e-01 -2.414069e-01 4.259245e-01 -6.380000e-01 6.505000e-01 -2.417371e-01 4.261488e-01
8.600000e-02 6.495000e-01 -3.084957e-01 4.191659e-01 8.600000e-02 6.505000e-01 -3.081661e-01 4.193948e-01
-6.380000e-01 6.505000e-01 -2.417371e-01 4.261488e-01 -6.375000e-01 6.510000e-01 -2.416599e-01 4.260966e-01
-6.375000e-01 6.510000e-01 -2.416599e-01 4.260966e-01 -6.370000e-01 6.515000e-01 -2.415839e-01 4.260438e-01
8.550000e-02 6.510000e-01 -3.082378e-01 4.193452e-01 8.500000e-02 6.515000e-01 -3.083082e-01 4.192950e-01
8.600000e-02 6.505000e-01 -3.081661e-01 4.193948e-01 8.550000e-02 6.510000e-01 -3.082378e-01 4.193452e-01
-6.370000e-01 6.515000e-01 -2.415839e-01 4.260438e-01 -6.370000e-01 6.525000e-01 -2.419157e-01 4.262714e-01
8.500000e-02 6.515000e-01 -3.083082e-01 4.192950e-01 8.500000e-02 6.525000e-01 -3.079770e-01 4.195273e-01
-6.370000e-01 6.525000e-01 -2.419157e-01 4.262714e-01 -6.370000e-01 6.535000e-01 -2.422479e-01 4.265008e-01
8.500000e-02 6.525000e-01 -3.079770e-01 4.195273e-01 8.500000e-02 6.535000e-01 -3.076456e-01 4.197615e-01
-6.370000e-01 6.535000e-01 -2.422479e-01 4.265008e-01 -6.365000e-01 6.540000e-01 -2.421737e-01 4.264501e-01
-6.365000e-01 6.540000e-01 -2.421737e-01 4.264501e-01 -6.360000e-01 6.545000e-01 -2.421008e-01 4.263988e-01
8.450000e-02 6.540000e-01 -3.077142e-01 4.197136e-01 8.400000e-02 6.545000e-01 -3.077816e-01 4.196652e-01
8.500000e-02 6.535000e-01 -3.076456e-01 4.197615e-01 8.450000e-02 6.540000e-01 -3.077142e-01 4.197136e-01
-6.360000e-01 6.545000e-01 -2.421008e-01 4.263988e-01 -6.360000e-01 6.555000e-01 -2.424346e-01 4.266315e-01
8.400000e-02 6.545000e-01 -3.077816e-01 4.196652e-01 8.400000e-02 6.555000e-01 -3.074486e-01 4.199027e-01
-6.360000e-01 6.555000e-01 -2.424346e-01 4.266315e-01 -6.355000e-01 6.560000e-01 -2.423628e-01 4.265817e-01
-6.355000e-01 6.560000e-01 -2.423628e-01 4.265817e-01 -6.350000e-01 6.565000e-01 -2.422924e-01 4.265313e-01
8.350000e-02 6.560000e-01 -3.075149e-01 4.198558e-01 8.300000e-02 6.565000e-01 -3.075798e-01 4.198084e-01
8.400000e-02 6.555000e-01 -3.074486e-01 4.199027e-01 8.350000e-02 6.560000e-01 -3.075149e-01 4.198558e-01
-6.350000e-01 6.565000e-01 -2.422924e-01 4.265313e-01 -6.350000e-01 6.575000e-01 -2.426277e-01 4.267672e-01
8.300000e-02 6.565000e-01 -3.075798e-01 4.198084e-01 8.300000e-02 6.575000e-01 -3.072454e-01 4.200494e-01
-6.350000e-01 6.575000e-01 -2.426277e-01 4.267672e-01 -6.350000e-01 6.585000e-01 -2.429632e-01 4.270049e-01
8.300000e-02 6.575000e-01 -3.072454e-01 4.200494e-01 8.300000e-02 6.585000e-01 -3.069108e-01 4.202923e-01
-6.350000e-01 6.585000e-01 -2.429632e-01 4.270049e-01 -6.345000e-01 6.590000e-01 -2.428945e-01 4.269568e-01
-6.345000e-01 6.590000e-01 -2.428945e-01 4.269568e-01 -6.340000e-01 6.595000e-01 -2.428271e-01 4.269080e-01
8.250000e-02 6.590000e-01 -3.069741e-01 4.202472e-01 8.200000e-02 6.595000e-01 -3.070361e-01 4.202016e-01
8.300000e-02 6.585000e-01 -3.069108e-01 4.202923e-01 8.250000e-02 6.590000e-01 -3.069741e-01 4.202472e-01
-6.340000e-01 6.595000e-01 -2.428271e-01 4.269080e-01 -6.340000e-01 6.605000e-01 -2.431641e-01 4.271491e-01
8.200000e-02 6.595000e-01 -3.070361e-01 4.202016e-01 8.200000e-02 6.605000e-01 -3.067001e-01 4.204479e-01
-6.340000e-01 6.605000e-01 -2.431641e-01 4.271491e-01 -6.340000e-01 6.615000e-01 -2.435014e-01 4.273919e-01
8.150000e-02 6.610000e-01 -3.067610e-01 4.204039e-01 8.100000e-02 6.615000e-01 -3.068206e-01 4.203594e-01
8.200000e-02 6.605000e-01 -3.067001e-01 4.204479e-01 8.150000e-02 6.610000e-01 -3.067610e-01 4.204039e-01
-6.340000e-01 6.615000e-01 -2.435014e-01 4.273919e-01 -6.335000e-01 6.620000e-01 -2.434357e-01 4.273454e-01
-6.335000e-01 6.620000e-01 -2.434357e-01 4.273454e-01 -6.330000e-01 6.625000e-01 -2.433712e-01 4.272984e-01
8.100000e-02 6.615000e-01 -3.068206e-01 4.203594e-01 8.100000e-02 6.625000e-01 -3.064833e-01 4.206092e-01
-6.330000e-01 6.625000e-01 -2.433712e-01 4.272984e-01 -6.330000e-01 6.635000e-01 -2.437100e-01 4.275446e-01
8.050000e-02 6.630000e-01 -3.065418e-01 4.205663e-01 8.000000e-02 6.635000e-01 -3.065991e-01 4.205228e-01
8.100000e-02 6.625000e-01 -3.064833e-01 4.206092e-01 8.050000e-02 6.630000e-01 -3.065418e-01 4.205663e-01
-6.330000e-01 6.635000e-01 -2.437100e-01 4.275446e-01 -6.325000e-01 6.640000e-01 -2.436466e-01 4.274991e-01
-6.325000e-01 6.640000e-01 -2.436466e-01 4.274991e-01 -6.320000e-01 6.645000e-01 -2.435845e-01 4.274531e-01
8.000000e-02 6.635000e-01 -3.065991e-01 4.205228e-01 8.000000e-02 6.645000e-01 -3.062605e-01 4.207762e-01
-6.320000e-01 6.645000e-01 -2.435845e-01 4.274531e-01 -6.320000e-01 6.655000e-01 -2.439246e-01 4.277026e-01
7.950000e-02 6.650000e-01 -3.063167e-01 4.207344e-01 7.900000e-02 6.655000e-01 -3.063716e-01 4.206921e-01
8.000000e-02 6.645000e-01 -3.062605e-01 4.207762e-01 7.950000e-02 6.650000e-01 -3.063167e-01 4.207344e-01
-6.320000e-01 6.655000e-01 -2.439246e-01 4.277026e-01 -6.315000e-01 6.660000e-01 -2.438636e-01 4.276581e-01
-6.315000e-01 6.660000e-01 -2.438636e-01 4.276581e-01 -6.310000e-01 6.665000e-01 -2.438039e-01 4.276131e-01
7.900000e-02 6.655000e-01 -3.063716e-01 4.206921e-01 7.900000e-02 6.665000e-01 -3.060318e-01 4.209489e-01
-6.310000e-01 6.665000e-01 -2.438039e-01 4.276131e-01 -6.310000e-01 6.675000e-01 -2.441453e-01 4.278660e-01
7.900000e-02 6.665000e-01 -3.060318e-01 4.209489e-01 7.900000e-02 6.675000e-01 -3.056918e-01 4.212077e-01
-6.310000e-01 6.675000e-01 -2.441453e-01 4.278660e-01 -6.310000e-01 6.685000e-01 -2.444869e-01 4.281207e-01
7.850000e-02 6.680000e-01 -3.057452e-01 4.211679e-01 7.800000e-02 6.685000e-01 -3.057973e-01 4.211276e-01
7.900000e-02 6.675000e-01 -3.056918e-01 4.212077e-01 7.850000e-02 6.680000e-01 -3.057452e-01 4.211679e-01
-6.310000e-01 6.685000e-01 -2.444869e-01 4.281207e-01 -6.305000e-01 6.690000e-01 -2.444287e-01 4.280781e-01
-6.305000e-01 6.690000e-01 -2.444287e-01 4.280781e-01 -6.300000e-01 6.695000e-01 -2.443719e-01 4.280349e-01
7.800000e-02 6.685000e-01 -3.057973e-01 4.211276e-01 7.800000e-02 6.695000e-01 -3.054562e-01 4.213899e-01
-6.300000e-01 6.695000e-01 -2.443719e-01 4.280349e-01 -6.300000e-01 6.705000e-01 -2.447147e-01 4.282930e-01
7.750000e-02 6.700000e-01 -3.055073e-01 4.213512e-01 7.700000e-02 6.705000e-01 -3.055572e-01 4.213122e-01
7.800000e-02 6.695000e-01 -3.054562e-01 4.213899e-01 7.750000e-02 6.700000e-01 -3.055073e-01 4.213512e-01
-6.300000e-01 6.705000e-01 -2.447147e-01 4.282930e-01 -6.295000e-01 6.710000e-01 -2.446589e-01 4.282514e-01
-6.295000e-01 6.710000e-01 -2.446589e-01 4.282514e-01 -6.290000e-01 6.715000e-01 -2.446044e-01 4.282094e-01
7.700000e-02 6.705000e-01 -3.055572e-01 4.213122e-01 7.700000e-02 6.715000e-01 -3.052148e-01 4.215780e-01
-6.290000e-01 6.715000e-01 -2.446044e-01 4.282094e-01 -6.290000e-01 6.725000e-01 -2.449484e-01 4.284709e-01
7.650000e-02 6.720000e-01 -3.052637e-01 4.215406e-01 7.600000e-02 6.725000e-01 -3.053113e-01 4.215028e-01
7.700000e-02 6.715000e-01 -3.052148e-01 4.215780e-01 7.650000e-02 6.720000e-01 -3.052637e-01 4.215406e-01
-6.290000e-01 6.725000e-01 -2.449484e-01 4.284709e-01 -6.285000e-01 6.730000e-01 -2.448949e-01 4.284304e-01
-6.285000e-01 6.730000e-01 -2.448949e-01 4.284304e-01 -6.280000e-01 6.735000e-01 -2.448426e-01 4.283895e-01
7.600000e-02 6.725000e-01 -3.053113e-01 4.215028e-01 7.600000e-02 6.735000e-01 -3.049679e-01 4.217722e-01
-6.280000e-01 6.735000e-01 -2.448426e-01 4.283895e-01 -6.280000e-01 6.745000e-01 -2.451879e-01 4.286544e-01
7.550000e-02 6.740000e-01 -3.050146e-01 4.217361e-01 7.500000e-02 6.745000e-01 -3.050599e-01 4.216995e-01
7.600000e-02 6.735000e-01 -3.049679e-01 4.217722e-01 7.550000e-02 6.740000e-01 -3.050146e-01 4.217361e-01
-6.280000e-01 6.745000e-01 -2.451879e-01 4.286544e-01 -6.280000e-01 6.755000e-01 -2.455333e-01 4.289212e-01
7.500000e-02 6.745000e-01 -3.050599e-01 4.216995e-01 7.500000e-02 6.755000e-01 -3.047155e-01 4.219725e-01
-6.280000e-01 6.755000e-01 -2.455333e-01 4.289212e-01 -6.275000e-01 6.760000e-01 -2.454825e-01 4.288827e-01
-6.275000e-01 6.760000e-01 -2.454825e-01 4.288827e-01 -6.270000e-01 6.765000e-01 -2.454330e-01 4.288437e-01
7.450000e-02 6.760000e-01 -3.047599e-01 4.219376e-01 7.400000e-02 6.765000e-01 -3.048031e-01 4.219024e-01
7.500000e-02 6.755000e-01 -3.047155e-01 4.219725e-01 7.450000e-02 6.760000e-01 -3.047599e-01 4.219376e-01
-6.270000e-01 6.765000e-01 -2.454330e-01 4.288437e-01 -6.270000e-01 6.775000e-01 -2.457795e-01 4.291140e-01
7.400000e-02 6.765000e-01 -3.048031e-01 4.219024e-01 7.400000e-02 6.775000e-01 -3.044577e-01 4.221790e-01
-6.270000e-01 6.775000e-01 -2.457795e-01 4.291140e-01 -6.265000e-01 6.780000e-01 -2.457310e-01 4.290767e-01
-6.265000e-01 6.780000e-01 -2.457310e-01 4.290767e-01 -6.260000e-01 6.785000e-01 -2.456837e-01 4.290389e-01
7.350000e-02 6.780000e-01 -3.044999e-01 4.221455e-01 7.300000e-02 6.785000e-01 -3.045409e-01 4.221115e-01
7.400000e-02 6.775000e-01 -3.044577e-01 4.221790e-01 7.350000e-02 6.780000e-01 -3.044999e-01 4.221455e-01
-6.260000e-01 6.785000e-01 -2.456837e-01 4.290389e-01 -6.260000e-01 6.795000e-01 -2.460313e-01 4.293126e-01
7.300000e-02 6.785000e-01 -3.045409e-01 4.221115e-01 7.300000e-02 6.795000e-01 -3.041945e-01 4.223918e-01
-6.260000e-01 6.795000e-01 -2.460313e-01 4.293126e-01 -6.255000e-01 6.800000e-01 -2.459849e-01 4.292765e-01
-6.255000e-01 6.800000e-01 -2.459849e-01 4.292765e-01 -6.250000e-01 6.805000e-01 -2.459398e-01 4.292399e-01
7.250000e-02 6.800000e-01 -3.042346e-01 4.223596e-01 7.200000e-02 6.805000e-01 -3.042735e-01 4.223270e-01
7.300000e-02 6.795000e-01 -3.041945e-01 4.223918e-01 7.250000e-02 6.800000e-01 -3.042346e-01 4.223596e-01
-6.250000e-01 6.805000e-01 -2.459398e-01 4.292399e-01 -6.250000e-01 6.815000e-01 -2.462885e-01 4.295171e-01
7.200000e-02 6.805000e-01 -3.042735e-01 4.223270e-01 7.200000e-02 6.815000e-01 -3.039261e-01 4.226109e-01
-6.250000e-01 6.815000e-01 -2.462885e-01 4.295171e-01 -6.245000e-01 6.820000e-01 -2.462443e-01 4.294822e-01
-6.245000e-01 6.820000e-01 -2.462443e-01 4.294822e-01 -6.240000e-01 6.825000e-01 -2.462014e-01 4.294469e-01
7.150000e-02 6.820000e-01 -3.039641e-01 4.225801e-01 7.100000e-02 6.825000e-01 -3.040008e-01 4.225489e-01
7.200000e-02 6.815000e-01 -3.039261e-01 4.226109e-01 7.150000e-02 6.820000e-01 -3.039641e-01 4.225801e-01
-6.240000e-01 6.825000e-01 -2.462014e-01 4.294469e-01 -6.240000e-01 6.835000e-01 -2.465510e-01 4.297276e-01
7.100000e-02 6.825000e-01 -3.040008e-01 4.225489e-01 7.100000e-02 6.835000e-01 -3.036526e-01 4.228364e-01
-6.240000e-01 6.835000e-01 -2.465510e-01 4.297276e-01 -6.240000e-01 6.845000e-01 -2.469007e-01 4.300101e-01
7.050000e-02 6.840000e-01 -3.036885e-01 4.228070e-01 7.000000e-02 6.845000e-01 -3.037231e-01 4.227772e-01
7.100000e-02 6.835000e-01 -3.036526e-01 4.228364e-01 7.050000e-02 6.840000e-01 -3.036885e-01 4.228070e-01
-6.240000e-01 6.845000e-01 -2.469007e-01 4.300101e-01 -6.235000e-01 6.850000e-01 -2.468591e-01 4.299774e-01
-6.235000e-01 6.850000e-01 -2.468591e-01 4.299774e-01 -6.230000e-01 6.855000e-01 -2.468188e-01 4.299442e-01
7.000000e-02 6.845000e-01 -3.037231e-01 4.227772e-01 7.000000e-02 6.855000e-01 -3.033740e-01 4.230684e-01
-6.230000e-01 6.855000e-01 -2.468188e-01 4.299442e-01 -6.230000e-01 6.865000e-01 -2.471695e-01 4.302302e-01
6.950000e-02 6.860000e-01 -3.034079e-01 4.230404e-01 6.900000e-02 6.865000e-01 -3.034404e-01 4.230120e-01
7.000000e-02 6.855000e-01 -3.033740e-01 4.230684e-01 6.950000e-02 6.860000e-01 -3.034079e-01 4.230404e-01
-6.230000e-01 6.865000e-01 -2.471695e-01 4.302302e-01 -6.225000e-01 6.870000e-01 -2.471300e-01 4.301988e-01
-6.225000e-01 6.870000e-01 -2.471300e-01 4.301988e-01 -6.220000e-01 6.875000e-01 -2.470918e-01 4.301669e-01
6.900000e-02 6.865000e-01 -3.034404e-01 4.230120e-01 6.900000e-02 6.875000e-01 -3.030905e-01 4.233069e-01
-6.220000e-01 6.875000e-01 -2.470918e-01 4.301669e-01 -6.220000e-01 6.885000e-01 -2.474434e-01 4.304565e-01
6.850000e-02 6.880000e-01 -3.031223e-01 4.232804e-01 6.800000e-02 6.885000e-01 -3.031528e-01 4.232535e-01
6.900000e-02 6.875000e-01 -3.030905e-01 4.233069e-01 6.850000e-02 6.880000e-01 -3.031223e-01 4.232804e-01
-6.220000e-01 6.885000e-01 -2.474434e-01 4.304565e-01 -6.215000e-01 6.890000e-01 -2.474060e-01 4.304263e-01
-6.215000e-01 6.890000e-01 -2.474060e-01 4.304263e-01 -6.210000e-01 6.895000e-01 -2.473698e-01 4.303958e-01
6.800000e-02 6.885000e-01 -3.031528e-01 4.232535e-01 6.800000e-02 6.895000e-01 -3.028022e-01 4.235521e-01
-6.210000e-01 6.895000e-01 -2.473698e-01 4.303958e-01 -6.210000e-01 6.905000e-01 -2.477223e-01 4.306890e-01
6.750000e-02 6.900000e-01 -3.028319e-01 4.235270e-01 6.700000e-02 6.905000e-01 -3.028603e-01 4.235016e-01
6.800000e-02 6.895000e-01 -3.028022e-01 4.235521e-01 6.750000e-02 6.900000e-01 -3.028319e-01 4.235270e-01
-6.210000e-01 6.905000e-01 -2.477223e-01 4.306890e-01 -6.205000e-01 6.910000e-01 -2.476870e-01 4.306601e-01
-6.205000e-01 6.910000e-01 -2.476870e-01 4.306601e-01 -6.200000e-01 6.915000e-01 -2.476529e-01 4.306310e-01
6.700000e-02 6.905000e-01 -3.028603e-01 4.235016e-01 6.700000e-02 6.915000e-01 -3.025090e-01 4.238039e-01
-6.200000e-01 6.915000e-01 -2.476529e-01 4.306310e-01 -6.200000e-01 6.925000e-01 -2.480062e-01 4.309277e-01
6.650000e-02 6.920000e-01 -3.025367e-01 4.237804e-01 6.600000e-02 6.925000e-01 -3.025632e-01 4.237564e-01
6.700000e-02 6.915000e-01 -3.025090e-01 4.238039e-01 6.650000e-02 6.920000e-01 -3.025367e-01 4.237804e-01
-6.200000e-01 6.925000e-01 -2.480062e-01 4.309277e-01 -6.195000e-01 6.930000e-01 -2.479729e-01 4.309003e-01
-6.195000e-01 6.930000e-01 -2.479729e-01 4.309003e-01 -6.190000e-01 6.935000e-01 -2.479409e-01 4.308725e-01
6.600000e-02 6.925000e-01 -3.025632e-01 4.237564e-01 6.600000e-02 6.935000e-01 -3.022112e-01 4.240624e-01
-6.190000e-01 6.935000e-01 -2.479409e-01 4.308725e-01 -6.190000e-01 6.945000e-01 -2.482949e-01 4.311728e-01
6.550000e-02 6.940000e-01 -3.022370e-01 4.240404e-01 6.500000e-02 6.945000e-01 -3.022614e-01 4.240181e-01
6.600000e-02 6.935000e-01 -3.022112e-01 4.240624e-01 6.550000e-02 6.940000e-01 -3.022370e-01 4.240404e-01
-6.190000e-01 6.945000e-01 -2.482949e-01 4.311728e-01 -6.185000e-01 6.950000e-01 -2.482637e-01 4.311468e-01
-6.185000e-01 6.950000e-01 -2.482637e-01 4.311468e-01 -6.180000e-01 6.955000e-01 -2.482337e-01 4.311204e-01
6.500000e-02 6.945000e-01 -3.022614e-01 4.240181e-01 6.500000e-02 6.955000e-01 -3.019088e-01 4.243278e-01
-6.180000e-01 6.955000e-01 -2.482337e-01 4.311204e-01 -6.180000e-01 6.965000e-01 -2.485885e-01 4.314243e-01
6.450000e-02 6.960000e-01 -3.019326e-01 4.243073e-01 6.400000e-02 6.965000e-01 -3.019551e-01 4.242865e-01
6.500000e-02 6.955000e-01 -3.019088e-01 4.243278e-01 6.450000e-02 6.960000e-01 -3.019326e-01 4.243073e-01
-6.180000e-01 6.965000e-01 -2.485885e-01 4.314243e-01 -6.175000e-01 6.970000e-01 -2.485592e-01 4.313997e-01
-6.175000e-01 6.970000e-01 -2.485592e-01 4.313997e-01 -6.170000e-01 6.975000e-01 -2.485312e-01 4.313748e-01
6.400000e-02 6.965000e-01 -3.019551e-01 4.242865e-01 6.400000e-02 6.975000e-01 -3.016020e-01 4.246000e-01
-6.170000e-01 6.975000e-01 -2.485312e-01 4.313748e-01 -6.170000e-01 6.985000e-01 -2.488867e-01 4.316823e-01
6.350000e-02 6.980000e-01 -3.016239e-01 4.245811e-01 6.300000e-02 6.985000e-01 -3.016444e-01 4.245619e-01
6.400000e-02 6.975000e-01 -3.016020e-01 4.246000e-01 6.350000e-02 6.980000e-01 -3.016239e-01 4.245811e-01
-6.170000e-01 6.985000e-01 -2.488867e-01 4.316823e-01 -6.165000e-01 6.990000e-01 -2.488594e-01 4.316592e-01
-6.165000e-01 6.990000e-01 -2.488594e-01 4.316592e-01 -6.160000e-01 6.995000e-01 -2.488334e-01 4.316357e-01
6.300000e-02 6.985000e-01 -3.016444e-01 4.245619e-01 6.300000e-02 6.995000e-01 -3.012907e-01 4.248791e-01
-6.160000e-01 6.995000e-01 -2.488334e-01 4.316357e-01 -6.160000e-01 7.005000e-01 -2.491895e-01 4.319468e-01
6.250000e-02 7.000000e-01 -3.013107e-01 4.248618e-01 6.200000e-02 7.005000e-01 -3.013294e-01 4.248442e-01
6.300000e-02 6.995000e-01 -3.012907e-01 4.248791e-01 6.250000e-02 7.000000e-01 -3.013107e-01 4.248618e-01
-6.160000e-01 7.005000e-01 -2.491895e-01 4.319468e-01 -6.155000e-01 7.010000e-01 -2.491641e-01 4.319252e-01
-6.155000e-01 7.010000e-01 -2.491641e-01 4.319252e-01 -6.150000e-01 7.015000e-01 -2.491401e-01 4.319032e-01
6.200000e-02 7.005000e-01 -3.013294e-01 4.248442e-01 6.200000e-02 7.015000e-01 -3.009752e-01 4.251651e-01
-6.150000e-01 7.015000e-01 -2.491401e-01 4.319032e-01 -6.150000e-01 7.025000e-01 -2.494968e-01 4.322179e-01
6.150000e-02 7.020000e-01 -3.009933e-01 4.251495e-01 6.100000e-02 7.025000e-01 -3.010101e-01 4.251335e-01
6.200000e-02 7.015000e-01 -3.009752e-01 4.251651e-01 6.150000e-02 7.020000e-01 -3.009933e-01 4.251495e-01
-6.150000e-01 7.025000e-01 -2.494968e-01 4.322179e-01 -6.145000e-01 7.030000e-01 -2.494734e-01 4.321978e-01
-6.145000e-01 7.030000e-01 -2.494734e-01 4.321978e-01 -6.140000e-01 7.035000e-01 -2.494512e-01 4.321774e-01
6.100000e-02 7.025000e-01 -3.010101e-01 4.251335e-01 6.100000e-02 7.035000e-01 -3.006555e-01 4.254582e-01
-6.140000e-01 7.035000e-01 -2.494512e-01 4.321774e-01 -6.140000e-01 7.045000e-01 -2.498085e-01 4.324957e-01
6.050000e-02 7.040000e-01 -3.006717e-01 4.254442e-01 6.000000e-02 7.045000e-01 -3.006867e-01 4.254299e-01
6.100000e-02 7.035000e-01 -3.006555e-01 4.254582e-01 6.050000e-02 7.040000e-01 -3.006717e-01 4.254442e-01
-6.140000e-01 7.045000e-01 -2.498085e-01 4.324957e-01 -6.135000e-01 7.050000e-01 -2.497870e-01 4.324771e-01
-6.135000e-01 7.050000e-01 -2.497870e-01 4.324771e-01 -6.130000e-01 7.055000e-01 -2.497667e-01 4.324582e-01
6.000000e-02 7.045000e-01 -3.006867e-01 4.254299e-01 6.000000e-02 7.055000e-01 -3.003317e-01 4.257584e-01
-6.130000e-01 7.055000e-01 -2.497667e-01 4.324582e-01 -6.130000e-01 7.065000e-01 -2.501245e-01 4.327802e-01
5.950000e-02 7.060000e-01 -3.003461e-01 4.257461e-01 5.900000e-02 7.065000e-01 -3.003593e-01 4.257335e-01
6.000000e-02 7.055000e-01 -3.003317e-01 4.257584e-01 5.950000e-02 7.060000e-01 -3.003461e-01 4.257461e-01
-6.130000e-01 7.065000e-01 -2.501245e-01 4.327802e-01 -6.125000e-01 7.070000e-01 -2.501049e-01 4.327632e-01
-6.125000e-01 7.070000e-01 -2.501049e-01 4.327632e-01 -6.120000e-01 7.075000e-01 -2.500865e-01 4.327459e-01
5.850000e-02 7.070000e-01 -3.003722e-01 4.257218e-01 5.800000e-02 7.075000e-01 -3.003838e-01 4.257100e-01
5.900000e-02 7.065000e-01 -3.003593e-01 4.257335e-01 5.850000e-02 7.070000e-01 -3.003722e-01 4.257218e-01
-6.120000e-01 7.075000e-01 -2.500865e-01 4.327459e-01 -6.120000e-01 7.085000e-01 -2.504448e-01 4.330714e-01
5.800000e-02 7.075000e-01 -3.003838e-01 4.257100e-01 5.800000e-02 7.085000e-01 -3.000279e-01 4.260441e-01
-6.120000e-01 7.085000e-01 -2.504448e-01 4.330714e-01 -6.115000e-01 7.090000e-01 -2.504270e-01 4.330560e-01
-6.115000e-01 7.090000e-01 -2.504270e-01 4.330560e-01 -6.110000e-01 7.095000e-01 -2.504104e-01 4.330403e-01
5.750000e-02 7.090000e-01 -3.000391e-01 4.260342e-01 5.700000e-02 7.095000e-01 -3.000489e-01 4.260241e-01
5.800000e-02 7.085000e-01 -3.000279e-01 4.260441e-01 5.750000e-02 7.090000e-01 -3.000391e-01 4.260342e-01
-6.110000e-01 7.095000e-01 -2.504104e-01 4.330403e-01 -6.110000e-01 7.105000e-01 -2.507692e-01 4.333695e-01
5.700000e-02 7.095000e-01 -3.000489e-01 4.260241e-01 5.700000e-02 7.105000e-01 -2.996927e-01 4.263620e-01
-6.110000e-01 7.105000e-01 -2.507692e-01 4.333695e-01 -6.105000e-01 7.110000e-01 -2.507532e-01 4.333557e-01
-6.105000e-01 7.110000e-01 -2.507532e-01 4.333557e-01 -6.100000e-01 7.115000e-01 -2.507384e-01 4.333416e-01
5.650000e-02 7.110000e-01 -2.997021e-01 4.263538e-01 5.600000e-02 7.115000e-01 -2.997102e-01 4.263455e-01
5.700000e-02 7.105000e-01 -2.996927e-01 4.263620e-01 5.650000e-02 7.110000e-01 -2.997021e-01 4.263538e-01
-6.100000e-01 7.115000e-01 -2.507384e-01 4.333416e-01 -6.100000e-01 7.125000e-01 -2.510976e-01 4.336744e-01
5.600000e-02 7.115000e-01 -2.997102e-01 4.263455e-01 5.600000e-02 7.125000e-01 -2.993537e-01 4.266872e-01
-6.100000e-01 7.125000e-01 -2.510976e-01 4.336744e-01 -6.095000e-01 7.130000e-01 -2.510834e-01 4.336622e-01
-6.095000e-01 7.130000e-01 -2.510834e-01 4.336622e-01 -6.090000e-01 7.135000e-01 -2.510704e-01 4.336498e-01
5.550000e-02 7.130000e-01 -2.993614e-01 4.266807e-01 5.500000e-02 7.135000e-01 -2.993678e-01 4.266742e-01
5.600000e-02 7.125000e-01 -2.993537e-01 4.266872e-01 5.550000e-02 7.130000e-01 -2.993614e-01 4.266807e-01
-6.090000e-01 7.135000e-01 -2.510704e-01 4.336498e-01 -6.085000e-01 7.140000e-01 -2.510577e-01 4.336383e-01
-6.085000e-01 7.140000e-01 -2.510577e-01 4.336383e-01 -6.080000e-01 7.145000e-01 -2.510463e-01 4.336265e-01
5.450000e-02 7.140000e-01 -2.993740e-01 4.266685e-01 5.400000e-02 7.145000e-01 -2.993790e-01 4.266627e-01
5.500000e-02 7.135000e-01 -2.993678e-01 4.266742e-01 5.450000e-02 7.140000e-01 -2.993740e-01 4.266685e-01
-6.080000e-01 7.145000e-01 -2.510463e-01 4.336265e-01 -6.080000e-01 7.155000e-01 -2.514063e-01 4.339650e-01
5.400000e-02 7.145000e-01 -2.993790e-01 4.266627e-01 5.400000e-02 7.155000e-01 -2.990218e-01 4.270102e-01
-6.080000e-01 7.155000e-01 -2.514063e-01 4.339650e-01 -6.075000e-01 7.160000e-01 -2.513953e-01 4.339551e-01
-6.075000e-01 7.160000e-01 -2.513953e-01 4.339551e-01 -6.070000e-01 7.165000e-01 -2.513856e-01 4.339450e-01
5.350000e-02 7.160000e-01 -2.990264e-01 4.270063e-01 5.300000e-02 7.165000e-01 -2.990296e-01 4.270023e-01
5.400000e-02 7.155000e-01 -2.990218e-01 4.270102e-01 5.350000e-02 7.160000e-01 -2.990264e-01 4.270063e-01
-6.070000e-01 7.165000e-01 -2.513856e-01 4.339450e-01 -6.070000e-01 7.175000e-01 -2.517460e-01 4.342872e-01
5.300000e-02 7.165000e-01 -2.990296e-01 4.270023e-01 5.300000e-02 7.175000e-01 -2.986723e-01 4.273536e-01
-6.070000e-01 7.175000e-01 -2.517460e-01 4.342872e-01 -6.065000e-01 7.180000e-01 -2.517367e-01 4.342790e-01
-6.065000e-01 7.180000e-01 -2.517367e-01 4.342790e-01 -6.060000e-01 7.185000e-01 -2.517287e-01 4.342706e-01
5.250000e-02 7.180000e-01 -2.986752e-01 4.273516e-01 5.200000e-02 7.185000e-01 -2.986769e-01 4.273494e-01
5.300000e-02 7.175000e-01 -2.986723e-01 4.273536e-01 5.250000e-02 7.180000e-01 -2.986752e-01 4.273516e-01
-6.060000e-01 7.185000e-01 -2.517287e-01 4.342706e-01 -6.060000e-01 7.195000e-01 -2.520893e-01 4.346164e-01
5.200000e-02 7.185000e-01 -2.986769e-01 4.273494e-01 5.200000e-02 7.195000e-01 -2.983194e-01 4.277044e-01
-6.060000e-01 7.195000e-01 -2.520893e-01 4.346164e-01 -6.055000e-01 7.200000e-01 -2.520818e-01 4.346100e-01
-6.055000e-01 7.200000e-01 -2.520818e-01 4.346100e-01 -6.050000e-01 7.205000e-01 -2.520755e-01 4.346033e-01
5.150000e-02 7.200000e-01 -2.983207e-01 4.277043e-01 5.100000e-02 7.205000e-01 -2.983208e-01 4.277039e-01
5.200000e-02 7.195000e-01 -2.983194e-01 4.277044e-01 5.150000e-02 7.200000e-01 -2.983207e-01 4.277043e-01
-6.050000e-01 7.205000e-01 -2.520755e-01 4.346033e-01 -6.050000e-01 7.215000e-01 -2.524363e-01 4.349528e-01
5.050000e-02 7.210000e-01 -2.983206e-01 4.277046e-01 5.000000e-02 7.215000e-01 -2.983192e-01 4.277051e-01
5.100000e-02 7.205000e-01 -2.983208e-01 4.277039e-01 5.050000e-02 7.210000e-01 -2.983206e-01 4.277046e-01
-6.050000e-01 7.215000e-01 -2.524363e-01 4.349528e-01 -6.045000e-01 7.220000e-01 -2.524304e-01 4.349481e-01
-6.045000e-01 7.220000e-01 -2.524304e-01 4.349481e-01 -6.040000e-01 7.225000e-01 -2.524258e-01 4.349431e-01
5.000000e-02 7.215000e-01 -2.983192e-01 4.277051e-01 5.000000e-02 7.225000e-01 -2.979614e-01 4.280660e-01
-6.040000e-01 7.225000e-01 -2.524258e-01 4.349431e-01 -6.035000e-01 7.230000e-01 -2.524213e-01 4.349392e-01
-6.035000e-01 7.230000e-01 -2.524213e-01 4.349392e-01 -6.030000e-01 7.235000e-01 -2.524181e-01 4.349351e-01
4.950000e-02 7.230000e-01 -2.979597e-01 4.280685e-01 4.900000e-02 7.235000e-01 -2.979568e-01 4.280709e-01
5.000000e-02 7.225000e-01 -2.979614e-01 4.280660e-01 4.950000e-02 7.230000e-01 -2.979597e-01 4.280685e-01
-6.030000e-01 7.235000e-01 -2.524181e-01 4.349351e-01 -6.030000e-01 7.245000e-01 -2.527795e-01 4.352902e-01
4.900000e-02 7.235000e-01 -2.979568e-01 4.280709e-01 4.900000e-02 7.245000e-01 -2.975990e-01 4.284356e-01
-6.030000e-01 7.245000e-01 -2.527795e-01 4.352902e-01 -6.025000e-01 7.250000e-01 -2.527767e-01 4.352880e-01
-6.025000e-01 7.250000e-01 -2.527767e-01 4.352880e-01 -6.020000e-01 7.255000e-01 -2.527751e-01 4.352856e-01
4.850000e-02 7.250000e-01 -2.975957e-01 4.284400e-01 4.800000e-02 7.255000e-01 -2.975912e-01 4.284443e-01
4.900000e-02 7.245000e-01 -2.975990e-01 4.284356e-01 4.850000e-02 7.250000e-01 -2.975957e-01 4.284400e-01
-6.020000e-01 7.255000e-01 -2.527751e-01 4.352856e-01 -6.020000e-01 7.265000e-01 -2.531366e-01 4.356444e-01
4.750000e-02 7.260000e-01 -2.975866e-01 4.284496e-01 4.700000e-02 7.265000e-01 -2.975808e-01 4.284548e-01
4.800000e-02 7.255000e-01 -2.975912e-01 4.284443e-01 4.750000e-02 7.260000e-01 -2.975866e-01 4.284496e-01
-6.020000e-01 7.265000e-01 -2.531366e-01 4.356444e-01 -6.015000e-01 7.270000e-01 -2.531353e-01 4.356440e-01
-6.015000e-01 7.270000e-01 -2.531353e-01 4.356440e-01 -6.010000e-01 7.275000e-01 -2.531353e-01 4.356435e-01
4.700000e-02 7.265000e-01 -2.975808e-01 4.284548e-01 4.700000e-02 7.275000e-01 -2.972227e-01 4.288253e-01
-6.010000e-01 7.275000e-01 -2.531353e-01 4.356435e-01 -6.010000e-01 7.285000e-01 -2.534969e-01 4.360059e-01
4.650000e-02 7.280000e-01 -2.972166e-01 4.288325e-01 4.600000e-02 7.285000e-01 -2.972093e-01 4.288397e-01
4.700000e-02 7.275000e-01 -2.972227e-01 4.288253e-01 4.650000e-02 7.280000e-01 -2.972166e-01 4.288325e-01
-6.010000e-01 7.285000e-01 -2.534969e-01 4.360059e-01 -6.005000e-01 7.290000e-01 -2.534972e-01 4.360073e-01
-6.005000e-01 7.290000e-01 -2.534972e-01 4.360073e-01 -6.000000e-01 7.295000e-01 -2.534988e-01 4.360086e-01
4.550000e-02 7.290000e-01 -2.972018e-01 4.288478e-01 4.500000e-02 7.295000e-01 -2.971931e-01 4.288558e-01
4.600000e-02 7.285000e-01 -2.972093e-01 4.288397e-01 4.550000e-02 7.290000e-01 -2.972018e-01 4.288478e-01
-6.000000e-01 7.295000e-01 -2.534988e-01 4.360086e-01 -5.995000e-01 7.300000e-01 -2.535005e-01 4.360108e-01
-5.995000e-01 7.300000e-01 -2.535005e-01 4.360108e-01 -5.990000e-01 7.305000e-01 -2.535034e-01 4.360129e-01
4.500000e-02 7.295000e-01 -2.971931e-01 4.288558e-01 4.500000e-02 7.305000e-01 -2.968350e-01 4.292322e-01
-5.990000e-01 7.305000e-01 -2.535034e-01 4.360129e-01 -5.990000e-01 7.315000e-01 -2.538653e-01 4.363811e-01
4.450000e-02 7.310000e-01 -2.968261e-01 4.292423e-01 4.400000e-02 7.315000e-01 -2.968159e-01 4.292523e-01
4.500000e-02 7.305000e-01 -2.968350e-01 4.292322e-01 4.450000e-02 7.310000e-01 -2.968261e-01 4.292423e-01
-5.990000e-01 7.315000e-01 -2.538653e-01 4.363811e-01 -5.985000e-01 7.320000e-01 -2.538686e-01 4.363852e-01
-5.985000e-01 7.320000e-01 -2.538686e-01 4.363852e-01 -5.980000e-01 7.325000e-01 -2.538730e-01 4.363891e-01
4.400000e-02 7.315000e-01 -2.968159e-01 4.292523e-01 4.400000e-02 7.325000e-01 -2.964579e-01 4.296324e-01
-5.980000e-01 7.325000e-01 -2.538730e-01 4.363891e-01 -5.980000e-01 7.335000e-01 -2.542349e-01 4.367610e-01
4.350000e-02 7.330000e-01 -2.964476e-01 4.296445e-01 4.300000e-02 7.335000e-01 -2.964361e-01 4.296565e-01
4.400000e-02 7.325000e-01 -2.964579e-01 4.296324e-01 4.350000e-02 7.330000e-01 -2.964476e-01 4.296445e-01
-5.980000e-01 7.335000e-01 -2.542349e-01 4.367610e-01 -5.975000e-01 7.340000e-01 -2.542396e-01 4.367669e-01
-5.975000e-01 7.340000e-01 -2.542396e-01 4.367669e-01 -5.970000e-01 7.345000e-01 -2.542455e-01 4.367727e-01
4.250000e-02 7.340000e-01 -2.964245e-01 4.296695e-01 4.200000e-02 7.345000e-01 -2.964116e-01 4.296825e-01
4.300000e-02 7.335000e-01 -2.964361e-01 4.296565e-01 4.250000e-02 7.340000e-01 -2.964245e-01 4.296695e-01
-5.970000e-01 7.345000e-01 -2.542455e-01 4.367727e-01 -5.965000e-01 7.350000e-01 -2.542516e-01 4.367795e-01
-5.965000e-01 7.350000e-01 -2.542516e-01 4.367795e-01 -5.960000e-01 7.355000e-01 -2.542589e-01 4.367863e-01
4.200000e-02 7.345000e-01 -2.964116e-01 4.296825e-01 4.200000e-02 7.355000e-01 -2.960536e-01 4.300685e-01
-5.960000e-01 7.355000e-01 -2.542589e-01 4.367863e-01 -5.960000e-01 7.365000e-01 -2.546210e-01 4.371638e-01
4.150000e-02 7.360000e-01 -2.960407e-01 4.300835e-01 4.100000e-02 7.365000e-01 -2.960265e-01 4.300985e-01
4.200000e-02 7.355000e-01 -2.960536e-01 4.300685e-01 4.150000e-02 7.360000e-01 -2.960407e-01 4.300835e-01
-5.960000e-01 7.365000e-01 -2.546210e-01 4.371638e-01 -5.955000e-01 7.370000e-01 -2.546284e-01 4.371725e-01
-5.955000e-01 7.370000e-01 -2.546284e-01 4.371725e-01 -5.950000e-01 7.375000e-01 -2.546372e-01 4.371811e-01
4.050000e-02 7.370000e-01 -2.960122e-01 4.301145e-01 4.000000e-02 7.375000e-01 -2.959967e-01 4.301305e-01
4.100000e-02 7.365000e-01 -2.960265e-01 4.300985e-01 4.050000e-02 7.370000e-01 -2.960122e-01 4.301145e-01
-5.950000e-01 7.375000e-01 -2.546372e-01 4.371811e-01 -5.945000e-01 7.380000e-01 -2.546459e-01 4.371907e-01
-5.945000e-01 7.380000e-01 -2.546459e-01 4.371907e-01 -5.940000e-01 7.385000e-01 -2.546560e-01 4.372002e-01
4.000000e-02 7.375000e-01 -2.959967e-01 4.301305e-01 4.000000e-02 7.385000e-01 -2.956389e-01 4.305223e-01
-5.940000e-01 7.385000e-01 -2.546560e-01 4.372002e-01 -5.940000e-01 7.395000e-01 -2.550181e-01 4.375835e-01
3.950000e-02 7.390000e-01 -2.956233e-01 4.305404e-01 3.900000e-02 7.395000e-01 -2.956065e-01 4.305584e-01
4.000000e-02 7.385000e-01 -2.956389e-01 4.305223e-01 3.950000e-02 7.390000e-01 -2.956233e-01 4.305404e-01
-5.940000e-01 7.395000e-01 -2.550181e-01 4.375835e-01 -5.935000e-01 7.400000e-01 -2.550283e-01 4.375950e-01
-5.935000e-01 7.400000e-01 -2.550283e-01 4.375950e-01 -5.930000e-01 7.405000e-01 -2.550397e-01 4.376064e-01
3.850000e-02 7.400000e-01 -2.955897e-01 4.305774e-01 3.800000e-02 7.405000e-01 -2.955716e-01 4.305965e-01
3.900000e-02 7.395000e-01 -2.956065e-01 4.305584e-01 3.850000e-02 7.400000e-01 -2.955897e-01 4.305774e-01
-5.930000e-01 7.405000e-01 -2.550397e-01 4.376064e-01 -5.930000e-01 7.415000e-01 -2.554017e-01 4.379933e-01
3.800000e-02 7.405000e-01 -2.955716e-01 4.305965e-01 3.800000e-02 7.415000e-01 -2.952141e-01 4.309942e-01
-5.930000e-01 7.415000e-01 -2.554017e-01 4.379933e-01 -5.925000e-01 7.420000e-01 -2.554133e-01 4.380068e-01
-5.925000e-01 7.420000e-01 -2.554133e-01 4.380068e-01 -5.920000e-01 7.425000e-01 -2.554260e-01 4.380202e-01
3.750000e-02 7.420000e-01 -2.951960e-01 4.310153e-01 3.700000e-02 7.425000e-01 -2.951767e-01 4.310364e-01
3.800000e-02 7.415000e-01 -2.952141e-01 4.309942e-01 3.750000e-02 7.420000e-01 -2.951960e-01 4.310153e-01
-5.920000e-01 7.425000e-01 -2.554260e-01 4.380202e-01 -5.915000e-01 7.430000e-01 -2.554389e-01 4.380346e-01
-5.915000e-01 7.430000e-01 -2.554389e-01 4.380346e-01 -5.910000e-01 7.435000e-01 -2.554529e-01 4.380490e-01
3.650000e-02 7.430000e-01 -2.951574e-01 4.310586e-01 3.600000e-02 7.435000e-01 -2.951368e-01 4.310807e-01
3.700000e-02 7.425000e-01 -2.951767e-01 4.310364e-01 3.650000e-02 7.430000e-01 -2.951574e-01 4.310586e-01
-5.910000e-01 7.435000e-01 -2.554529e-01 4.380490e-01 -5.910000e-01 7.445000e-01 -2.558148e-01 4.384416e-01
3.600000e-02 7.435000e-01 -2.951368e-01 4.310807e-01 3.600000e-02 7.445000e-01 -2.947796e-01 4.314842e-01
-5.910000e-01 7.445000e-01 -2.558148e-01 4.384416e-01 -5.905000e-01 7.450000e-01 -2.558289e-01 4.384580e-01
-5.905000e-01 7.450000e-01 -2.558289e-01 4.384580e-01 -5.900000e-01 7.455000e-01 -2.558443e-01 4.384743e-01
3.550000e-02 7.450000e-01 -2.947591e-01 4.315084e-01 3.500000e-02 7.455000e-01 -2.947373e-01 4.315327e-01
3.600000e-02 7.445000e-01 -2.947796e-01 4.314842e-01 3.550000e-02 7.450000e-01 -2.947591e-01 4.315084e-01
-5.900000e-01 7.455000e-01 -2.558443e-01 4.384743e-01 -5.895000e-01 7.460000e-01 -2.558597e-01 4.384917e-01
-5.895000e-01 7.460000e-01 -2.558597e-01 4.384917e-01 -5.890000e-01 7.465000e-01 -2.558763e-01 4.385089e-01
3.450000e-02 7.460000e-01 -2.947156e-01 4.315580e-01 3.400000e-02 7.465000e-01 -2.946926e-01 4.315833e-01
3.500000e-02 7.455000e-01 -2.947373e-01 4.315327e-01 3.450000e-02 7.460000e-01 -2.947156e-01 4.315580e-01
-5.890000e-01 7.465000e-01 -2.558763e-01 4.385089e-01 -5.890000e-01 7.475000e-01 -2.562380e-01 4.389073e-01
3.400000e-02 7.465000e-01 -2.946926e-01 4.315833e-01 3.400000e-02 7.475000e-01 -2.943359e-01 4.319926e-01
-5.890000e-01 7.475000e-01 -2.562380e-01 4.389073e-01 -5.885000e-01 7.480000e-01 -2.562547e-01 4.389266e-01
-5.885000e-01 7.480000e-01 -2.562547e-01 4.389266e-01 -5.880000e-01 7.485000e-01 -2.562726e-01 4.389459e-01
3.350000e-02 7.480000e-01 -2.943130e-01 4.320200e-01 3.300000e-02 7.485000e-01 -2.942889e-01 4.320475e-01
3.400000e-02 7.475000e-01 -2.943359e-01 4.319926e-01 3.350000e-02 7.480000e-01 -2.943130e-01 4.320200e-01
-5.880000e-01 7.485000e-01 -2.562726e-01 4.389459e-01 -5.875000e-01 7.490000e-01 -2.562904e-01 4.389662e-01
-5.875000e-01 7.490000e-01 -2.562904e-01 4.389662e-01 -5.870000e-01 7.495000e-01 -2.563095e-01 4.389866e-01
3.250000e-02 7.490000e-01 -2.942648e-01 4.320759e-01 3.200000e-02 7.495000e-01 -2.942395e-01 4.321044e-01
3.300000e-02 7.485000e-01 -2.942889e-01 4.320475e-01 3.250000e-02 7.490000e-01 -2.942648e-01 4.320759e-01
-5.870000e-01 7.495000e-01 -2.563095e-01 4.389866e-01 -5.870000e-01 7.505000e-01 -2.566709e-01 4.393906e-01
3.200000e-02 7.495000e-01 -2.942395e-01 4.321044e-01 3.200000e-02 7.505000e-01 -2.938834e-01 4.325197e-01
-5.870000e-01 7.505000e-01 -2.566709e-01 4.393906e-01 -5.865000e-01 7.510000e-01 -2.566900e-01 4.394129e-01
-5.865000e-01 7.510000e-01 -2.566900e-01 4.394129e-01 -5.860000e-01 7.515000e-01 -2.567104e-01 4.394353e-01
3.150000e-02 7.510000e-01 -2.938582e-01 4.325503e-01 3.100000e-02 7.515000e-01 -2.938318e-01 4.325809e-01
3.200000e-02 7.505000e-01 -2.938834e-01 4.325197e-01 3.150000e-02 7.510000e-01 -2.938582e-01 4.325503e-01
-5.860000e-01 7.515000e-01 -2.567104e-01 4.394353e-01 -5.855000e-01 7.520000e-01 -2.567307e-01 4.394586e-01
-5.855000e-01 7.520000e-01 -2.567307e-01 4.394586e-01 -5.850000e-01 7.525000e-01 -2.567522e-01 4.394820e-01
3.050000e-02 7.520000e-01 -2.938054e-01 4.326126e-01 3.000000e-02 7.525000e-01 -2.937779e-01 4.326444e-01
3.100000e-02 7.515000e-01 -2.938318e-01 4.325809e-01 3.050000e-02 7.520000e-01 -2.938054e-01 4.326126e-01
-5.850000e-01 7.525000e-01 -2.567522e-01 4.394820e-01 -5.850000e-01 7.535000e-01 -2.571131e-01 4.398918e-01
2.950000e-02 7.530000e-01 -2.937504e-01 4.326772e-01 2.900000e-02 7.535000e-01 -2.937217e-01 4.327101e-01
3.000000e-02 7.525000e-01 -2.937779e-01 4.326444e-01 2.950000e-02 7.530000e-01 -2.937504e-01 4.326772e-01
-5.850000e-01 7.535000e-01 -2.571131e-01 4.398918e-01 -5.845000e-01 7.540000e-01 -2.571346e-01 4.399172e-01
-5.845000e-01 7.540000e-01 -2.571346e-01 4.399172e-01 -5.840000e-01 7.545000e-01 -2.571573e-01 4.399426e-01
2.900000e-02 7.535000e-01 -2.937217e-01 4.327101e-01 2.900000e-02 7.545000e-01 -2.933664e-01 4.331333e-01
-5.840000e-01 7.545000e-01 -2.571573e-01 4.399426e-01 -5.835000e-01 7.550000e-01 -2.571799e-01 4.399690e-01
-5.835000e-01 7.550000e-01 -2.571799e-01 4.399690e-01 -5.830000e-01 7.555000e-01 -2.572038e-01 4.399955e-01
2.850000e-02 7.550000e-01 -2.933378e-01 4.331682e-01 2.800000e-02 7.555000e-01 -2.933081e-01 4.332033e-01
2.900000e-02 7.545000e-01 -2.933664e-01 4.331333e-01 2.850000e-02 7.550000e-01 -2.933378e-01 4.331682e-01
-5.830000e-01 7.555000e-01 -2.572038e-01 4.399955e-01 -5.830000e-01 7.565000e-01 -2.575643e-01 4.404110e-01
2.750000e-02 7.560000e-01 -2.932785e-01 4.332394e-01 2.700000e-02 7.565000e-01 -2.932477e-01 4.332756e-01
2.800000e-02 7.555000e-01 -2.933081e-01 4.332033e-01 2.750000e-02 7.560000e-01 -2.932785e-01 4.332394e-01
-5.830000e-01 7.565000e-01 -2.575643e-01 4.404110e-01 -5.825000e-01 7.570000e-01 -2.575880e-01 4.404395e-01
-5.825000e-01 7.570000e-01 -2.575880e-01 4.404395e-01 -5.820000e-01 7.575000e-01 -2.576130e-01 4.404680e-01
2.700000e-02 7.565000e-01 -2.932477e-01 4.332756e-01 2.700000e-02 7.575000e-01 -2.928932e-01 4.337046e-01
-5.820000e-01 7.575000e-01 -2.576130e-01 4.404680e-01 -5.815000e-01 7.580000e-01 -2.576379e-01 4.404976e-01
-5.815000e-01 7.580000e-01 -2.576379e-01 4.404976e-01 -5.810000e-01 7.585000e-01 -2.576641e-01 4.405272e-01
2.650000e-02 7.580000e-01 -2.928625e-01 4.337429e-01 2.600000e-02 7.585000e-01 -2.928307e-01 4.337813e-01
2.700000e-02 7.575000e-01 -2.928932e-01 4.337046e-01 2.650000e-02 7.580000e-01 -2.928625e-01 4.337429e-01
-5.810000e-01 7.585000e-01 -2.576641e-01 4.405272e-01 -5.810000e-01 7.595000e-01 -2.580239e-01 4.409484e-01
2.550000e-02 7.590000e-01 -2.927991e-01 4.338207e-01 2.500000e-02 7.595000e-01 -2.927662e-01 4.338603e-01
2.600000e-02 7.585000e-01 -2.928307e-01 4.337813e-01 2.550000e-02 7.590000e-01 -2.927991e-01 4.338207e-01
-5.810000e-01 7.595000e-01 -2.580239e-01 4.409484e-01 -5.805000e-01 7.600000e-01 -2.580500e-01 4.409801e-01
-5.805000e-01 7.600000e-01 -2.580500e-01 4.409801e-01 -5.800000e-01 7.605000e-01 -2.580771e-01 4.410118e-01
2.450000e-02 7.600000e-01 -2.927334e-01 4.339009e-01 2.400000e-02 7.605000e-01 -2.926995e-01 4.339416e-01
2.500000e-02 7.595000e-01 -2.927662e-01 4.338603e-01 2.450000e-02 7.600000e-01 -2.927334e-01 4.339009e-01
-5.800000e-01 7.605000e-01 -2.580771e-01 4.410118e-01 -5.795000e-01 7.610000e-01 -2.581042e-01 4.410445e-01
-5.795000e-01 7.610000e-01 -2.581042e-01 4.410445e-01 -5.790000e-01 7.615000e-01 -2.581325e-01 4.410774e-01
2.400000e-02 7.605000e-01 -2.926995e-01 4.339416e-01 2.400000e-02 7.615000e-01 -2.923460e-01 4.343786e-01
-5.790000e-01 7.615000e-01 -2.581325e-01 4.410774e-01 -5.785000e-01 7.620000e-01 -2.581607e-01 4.411112e-01
-5.785000e-01 7.620000e-01 -2.581607e-01 4.411112e-01 -5.780000e-01 7.625000e-01 -2.581900e-01 4.411451e-01
2.350000e-02 7.620000e-01 -2.923123e-01 4.344213e-01 2.300000e-02 7.625000e-01 -2.922775e-01 4.344643e-01
2.400000e-02 7.615000e-01 -2.923460e-01 4.343786e-01 2.350000e-02 7.620000e-01 -2.923123e-01 4.344213e-01
-5.780000e-01 7.625000e-01 -2.581900e-01 4.411451e-01 -5.780000e-01 7.635000e-01 -2.585491e-01 4.415740e-01
2.250000e-02 7.630000e-01 -2.922428e-01 4.345083e-01 2.200000e-02 7.635000e-01 -2.922069e-01 4.345524e-01
2.300000e-02 7.625000e-01 -2.922775e-01 4.344643e-01 2.250000e-02 7.630000e-01 -2.922428e-01 4.345083e-01
-5.780000e-01 7.635000e-01 -2.585491e-01 4.415740e-01 -5.775000e-01 7.640000e-01 -2.585783e-01 4.416100e-01
-5.775000e-01 7.640000e-01 -2.585783e-01 4.416100e-01 -5.770000e-01 7.645000e-01 -2.586087e-01 4.416460e-01
2.150000e-02 7.640000e-01 -2.921712e-01 4.345976e-01 2.100000e-02 7.645000e-01 -2.921343e-01 4.346429e-01
2.200000e-02 7.635000e-01 -2.922069e-01 4.345524e-01 2.150000e-02 7.640000e-01 -2.921712e-01 4.345976e-01
-5.770000e-01 7.645000e-01 -2.586087e-01 4.416460e-01 -5.765000e-01 7.650000e-01 -2.586390e-01 4.416831e-01
-5.765000e-01 7.650000e-01 -2.586390e-01 4.416831e-01 -5.760000e-01 7.655000e-01 -2.586704e-01 4.417202e-01
2.100000e-02 7.645000e-01 -2.921343e-01 4.346429e-01 2.100000e-02 7.655000e-01 -2.917822e-01 4.350878e-01
-5.760000e-01 7.655000e-01 -2.586704e-01 4.417202e-01 -5.760000e-01 7.665000e-01 -2.590287e-01 4.421549e-01
2.050000e-02 7.660000e-01 -2.917455e-01 4.351352e-01 2.000000e-02 7.665000e-01 -2.917078e-01 4.351828e-01
2.100000e-02 7.655000e-01 -2.917822e-01 4.350878e-01 2.050000e-02 7.660000e-01 -2.917455e-01 4.351352e-01
-5.760000e-01 7.665000e-01 -2.590287e-01 4.421549e-01 -5.755000e-01 7.670000e-01 -2.590600e-01 4.421941e-01
-5.755000e-01 7.670000e-01 -2.590600e-01 4.421941e-01 -5.750000e-01 7.675000e-01 -2.590923e-01 4.422334e-01
1.950000e-02 7.670000e-01 -2.916702e-01 4.352314e-01 1.900000e-02 7.675000e-01 -2.916315e-01 4.352802e-01
2.000000e-02 7.665000e-01 -2.917078e-01 4.351828e-01 1.950000e-02 7.670000e-01 -2.916702e-01 4.352314e-01
-5.750000e-01 7.675000e-01 -2.590923e-01 4.422334e-01 -5.745000e-01 7.680000e-01 -2.591246e-01 4.422738e-01
-5.745000e-01 7.680000e-01 -2.591246e-01 4.422738e-01 -5.740000e-01 7.685000e-01 -2.591580e-01 4.423142e-01
1.850000e-02 7.680000e-01 -2.915929e-01 4.353300e-01 1.800000e-02 7.685000e-01 -2.915532e-01 4.353800e-01
1.900000e-02 7.675000e-01 -2.916315e-01 4.352802e-01 1.850000e-02 7.680000e-01 -2.915929e-01 4.353300e-01
-5.740000e-01 7.685000e-01 -2.591580e-01 4.423142e-01 -5.735000e-01 7.690000e-01 -2.591914e-01 4.423557e-01
-5.735000e-01 7.690000e-01 -2.591914e-01 4.423557e-01 -5.730000e-01 7.695000e-01 -2.592258e-01 4.423973e-01
1.800000e-02 7.685000e-01 -2.915532e-01 4.353800e-01 1.800000e-02 7.695000e-01 -2.912026e-01 4.358328e-01
-5.730000e-01 7.695000e-01 -2.592258e-01 4.423973e-01 -5.730000e-01 7.705000e-01 -2.595829e-01 4.428397e-01
1.750000e-02 7.700000e-01 -2.911632e-01 4.358849e-01 1.700000e-02 7.705000e-01 -2.911228e-01 4.359372e-01
1.800000e-02 7.695000e-01 -2.912026e-01 4.358328e-01 1.750000e-02 7.700000e-01 -2.911632e-01 4.358849e-01
-5.730000e-01 7.705000e-01 -2.595829e-01 4.428397e-01 -5.725000e-01 7.710000e-01 -2.596172e-01 4.428833e-01
-5.725000e-01 7.710000e-01 -2.596172e-01 4.428833e-01 -5.720000e-01 7.715000e-01 -2.596525e-01 4.429271e-01
1.650000e-02 7.710000e-01 -2.910824e-01 4.359905e-01 1.600000e-02 7.715000e-01 -2.910410e-01 4.360440e-01
1.700000e-02 7.705000e-01 -2.911228e-01 4.359372e-01 1.650000e-02 7.710000e-01 -2.910824e-01 4.359905e-01
-5.720000e-01 7.715000e-01 -2.596525e-01 4.429271e-01 -5.715000e-01 7.720000e-01 -2.596877e-01 4.429720e-01
-5.715000e-01 7.720000e-01 -2.596877e-01 4.429720e-01 -5.710000e-01 7.725000e-01 -2.597240e-01 4.430169e-01
1.550000e-02 7.720000e-01 -2.909998e-01 4.360986e-01 1.500000e-02 7.725000e-01 -2.909574e-01 4.361534e-01
1.600000e-02 7.715000e-01 -2.910410e-01 4.360440e-01 1.550000e-02 7.720000e-01 -2.909998e-01 4.360986e-01
-5.710000e-01 7.725000e-01 -2.597240e-01 4.430169e-01 -5.705000e-01 7.730000e-01 -2.597602e-01 4.430629e-01
-5.705000e-01 7.730000e-01 -2.597602e-01 4.430629e-01 -5.700000e-01 7.735000e-01 -2.597976e-01 4.431090e-01
1.450000e-02 7.730000e-01 -2.909153e-01 4.362093e-01 1.400000e-02 7.735000e-01 -2.908720e-01 4.362653e-01
1.500000e-02 7.725000e-01 -2.909574e-01 4.361534e-01 1.450000e-02 7.730000e-01 -2.909153e-01 4.362093e-01
-5.700000e-01 7.735000e-01 -2.597976e-01 4.431090e-01 -5.700000e-01 7.745000e-01 -2.601534e-01 4.435592e-01
1.400000e-02 7.735000e-01 -2.908720e-01 4.362653e-01 1.400000e-02 7.745000e-01 -2.905234e-01 4.367280e-01
-5.700000e-01 7.745000e-01 -2.601534e-01 4.435592e-01 -5.695000e-01 7.750000e-01 -2.601904e-01 4.436073e-01
-5.695000e-01 7.750000e-01 -2.601904e-01 4.436073e-01 -5.690000e-01 7.755000e-01 -2.602285e-01 4.436557e-01
1.350000e-02 7.750000e-01 -2.904805e-01 4.367861e-01 1.300000e-02 7.755000e-01 -2.904366e-01 4.368444e-01
1.400000e-02 7.745000e-01 -2.905234e-01 4.367280e-01 1.350000e-02 7.750000e-01 -2.904805e-01 4.367861e-01
-5.690000e-01 7.755000e-01 -2.602285e-01 4.436557e-01 -5.685000e-01 7.760000e-01 -2.602665e-01 4.437050e-01
-5.685000e-01 7.760000e-01 -2.602665e-01 4.437050e-01 -5.680000e-01 7.765000e-01 -2.603056e-01 4.437546e-01
1.250000e-02 7.760000e-01 -2.903928e-01 4.369038e-01 1.200000e-02 7.765000e-01 -2.903480e-01 4.369634e-01
1.300000e-02 7.755000e-01 -2.904366e-01 4.368444e-01 1.250000e-02 7.760000e-01 -2.903928e-01 4.369038e-01
-5.680000e-01 7.765000e-01 -2.603056e-01 4.437546e-01 -5.675000e-01 7.770000e-01 -2.603446e-01 4.438051e-01
-5.675000e-01 7.770000e-01 -2.603446e-01 4.438051e-01 -5.670000e-01 7.775000e-01 -2.603846e-01 4.438558e-01
1.150000e-02 7.770000e-01 -2.903034e-01 4.370241e-01 1.100000e-02 7.775000e-01 -2.902576e-01 4.370850e-01
1.200000e-02 7.765000e-01 -2.903480e-01 4.369634e-01 1.150000e-02 7.770000e-01 -2.903034e-01 4.370241e-01
-5.670000e-01 7.775000e-01 -2.603846e-01 4.438558e-01 -5.665000e-01 7.780000e-01 -2.604245e-01 4.439076e-01
-5.665000e-01 7.780000e-01 -2.604245e-01 4.439076e-01 -5.660000e-01 7.785000e-01 -2.604655e-01 4.439596e-01
1.050000e-02 7.780000e-01 -2.902121e-01 4.371469e-01 1.000000e-02 7.785000e-01 -2.901655e-01 4.372090e-01
1.100000e-02 7.775000e-01 -2.902576e-01 4.370850e-01 1.050000e-02 7.780000e-01 -2.902121e-01 4.371469e-01
-5.660000e-01 7.785000e-01 -2.604655e-01 4.439596e-01 -5.660000e-01 7.795000e-01 -2.608194e-01 4.444194e-01
1.000000e-02 7.785000e-01 -2.901655e-01 4.372090e-01 1.000000e-02 7.795000e-01 -2.898193e-01 4.376817e-01
-5.660000e-01 7.795000e-01 -2.608194e-01 4.444194e-01 -5.655000e-01 7.800000e-01 -2.608600e-01 4.444734e-01
-5.655000e-01 7.800000e-01 -2.608600e-01 4.444734e-01 -5.650000e-01 7.805000e-01 -2.609017e-01 4.445276e-01
9.500000e-03 7.800000e-01 -2.897732e-01 4.377460e-01 9.000000e-03 7.805000e-01 -2.897260e-01 4.378105e-01
1.000000e-02 7.795000e-01 -2.898193e-01 4.376817e-01 9.500000e-03 7.800000e-01 -2.897732e-01 4.377460e-01
-5.650000e-01 7.805000e-01 -2.609017e-01 4.445276e-01 -5.645000e-01 7.810000e-01 -2.609432e-01 4.445828e-01
-5.645000e-01 7.810000e-01 -2.609432e-01 4.445828e-01 -5.640000e-01 7.815000e-01 -2.609858e-01 4.446382e-01
8.500000e-03 7.810000e-01 -2.896791e-01 4.378760e-01 8.000000e-03 7.815000e-01 -2.896310e-01 4.379418e-01
9.000000e-03 7.805000e-01 -2.897260e-01 4.378105e-01 8.500000e-03 7.810000e-01 -2.896791e-01 4.378760e-01
-5.640000e-01 7.815000e-01 -2.609858e-01 4.446382e-01 -5.635000e-01 7.820000e-01 -2.610282e-01 4.446947e-01
-5.635000e-01 7.820000e-01 -2.610282e-01 4.446947e-01 -5.630000e-01 7.825000e-01 -2.610717e-01 4.447513e-01
7.500000e-03 7.820000e-01 -2.895833e-01 4.380087e-01 7.000000e-03 7.825000e-01 -2.895344e-01 4.380758e-01
8.000000e-03 7.815000e-01 -2.896310e-01 4.379418e-01 7.500000e-03 7.820000e-01 -2.895833e-01 4.380087e-01
-5.630000e-01 7.825000e-01 -2.610717e-01 4.447513e-01 -5.625000e-01 7.830000e-01 -2.611150e-01 4.448090e-01
-5.625000e-01 7.830000e-01 -2.611150e-01 4.448090e-01 -5.620000e-01 7.835000e-01 -2.611594e-01 4.448669e-01
6.500000e-03 7.830000e-01 -2.894858e-01 4.381439e-01 6.000000e-03 7.835000e-01 -2.894362e-01 4.382123e-01
7.000000e-03 7.825000e-01 -2.895344e-01 4.380758e-01 6.500000e-03 7.830000e-01 -2.894858e-01 4.381439e-01
-5.620000e-01 7.835000e-01 -2.611594e-01 4.448669e-01 -5.620000e-01 7.845000e-01 -2.615112e-01 4.453365e-01
5.500000e-03 7.840000e-01 -2.893868e-01 4.382818e-01 5.000000e-03 7.845000e-01 -2.893364e-01 4.383516e-01
6.000000e-03 7.835000e-01 -2.894362e-01 4.382123e-01 5.500000e-03 7.840000e-01 -2.893868e-01 4.382818e-01
-5.620000e-01 7.845000e-01 -2.615112e-01 4.453365e-01 -5.615000e-01 7.850000e-01 -2.615551e-01 4.453964e-01
-5.615000e-01 7.850000e-01 -2.615551e-01 4.453964e-01 -5.610000e-01 7.855000e-01 -2.616001e-01 4.454565e-01
5.000000e-03 7.845000e-01 -2.893364e-01 4.383516e-01 5.000000e-03 7.855000e-01 -2.889934e-01 4.388361e-01
-5.610000e-01 7.855000e-01 -2.616001e-01 4.454565e-01 -5.605000e-01 7.860000e-01 -2.616449e-01 4.455177e-01
-5.605000e-01 7.860000e-01 -2.616449e-01 4.455177e-01 -5.600000e-01 7.865000e-01 -2.616908e-01 4.455791e-01
4.500000e-03 7.860000e-01 -2.889435e-01 4.389080e-01 4.000000e-03 7.865000e-01 -2.888925e-01 4.389801e-01
5.000000e-03 7.855000e-01 -2.889934e-01 4.388361e-01 4.500000e-03 7.860000e-01 -2.889435e-01 4.389080e-01
-5.600000e-01 7.865000e-01 -2.616908e-01 4.455791e-01 -5.595000e-01 7.870000e-01 -2.617364e-01 4.456416e-01
-5.595000e-01 7.870000e-01 -2.617364e-01 4.456416e-01 -5.590000e-01 7.875000e-01 -2.617831e-01 4.457042e-01
3.500000e-03 7.870000e-01 -2.888419e-01 4.390532e-01 3.000000e-03 7.875000e-01 -2.887902e-01 4.391266e-01
4.000000e-03 7.865000e-01 -2.888925e-01 4.389801e-01 3.500000e-03 7.870000e-01 -2.888419e-01 4.390532e-01
-5.590000e-01 7.875000e-01 -2.617831e-01 4.457042e-01 -5.585000e-01 7.880000e-01 -2.618296e-01 4.457679e-01
-5.585000e-01 7.880000e-01 -2.618296e-01 4.457679e-01 -5.580000e-01 7.885000e-01 -2.618771e-01 4.458319e-01
2.500000e-03 7.880000e-01 -2.887388e-01 4.392011e-01 2.000000e-03 7.885000e-01 -2.886863e-01 4.392759e-01
3.000000e-03 7.875000e-01 -2.887902e-01 4.391266e-01 2.500000e-03 7.880000e-01 -2.887388e-01 4.392011e-01
-5.580000e-01 7.885000e-01 -2.618771e-01 4.458319e-01 -5.575000e-01 7.890000e-01 -2.619244e-01 4.458968e-01
-5.575000e-01 7.890000e-01 -2.619244e-01 4.458968e-01 -5.570000e-01 7.895000e-01 -2.619727e-01 4.459620e-01
1.500000e-03 7.890000e-01 -2.886342e-01 4.393517e-01 1.000000e-03 7.895000e-01 -2.885810e-01 4.394279e-01
2.000000e-03 7.885000e-01 -2.886863e-01 4.392759e-01 1.500000e-03 7.890000e-01 -2.886342e-01 4.393517e-01
-5.570000e-01 7.895000e-01 -2.619727e-01 4.459620e-01 -5.570000e-01 7.905000e-01 -2.623216e-01 4.464434e-01
5.000000e-04 7.900000e-01 -2.885281e-01 4.395050e-01 2.081668e-17 7.905000e-01 -2.884742e-01 4.395825e-01
1.000000e-03 7.895000e-01 -2.885810e-01 4.394279e-01 5.000000e-04 7.900000e-01 -2.885281e-01 4.395050e-01
-5.570000e-01 7.905000e-01 -2.623216e-01 4.464434e-01 -5.565000e-01 7.910000e-01 -2.623694e-01 4.465106e-01
-5.565000e-01 7.910000e-01 -2.623694e-01 4.465106e-01 -5.560000e-01 7.915000e-01 -2.624182e-01 4.465781e-01
-5.000000e-04 7.910000e-01 -2.884206e-01 4.396610e-01 -1.000000e-03 7.915000e-01 -2.883660e-01 4.397398e-01
2.081668e-17 7.905000e-01 -2.884742e-01 4.395825e-01 -5.000000e-04 7.910000e-01 -2.884206e-01 4.396610e-01
-5.560000e-01 7.915000e-01 -2.624182e-01 4.465781e-01 -5.555000e-01 7.920000e-01 -2.624668e-01 4.466467e-01
-5.555000e-01 7.920000e-01 -2.624668e-01 4.466467e-01 -5.550000e-01 7.925000e-01 -2.625165e-01 4.467155e-01
-1.000000e-03 7.915000e-01 -2.883660e-01 4.397398e-01 -1.000000e-03 7.925000e-01 -2.880272e-01 4.402383e-01
-5.550000e-01 7.925000e-01 -2.625165e-01 4.467155e-01 -5.545000e-01 7.930000e-01 -2.625659e-01 4.467853e-01
-5.545000e-01 7.930000e-01 -2.625659e-01 4.467853e-01 -5.540000e-01 7.935000e-01 -2.626163e-01 4.468554e-01
-1.500000e-03 7.930000e-01 -2.879733e-01 4.403192e-01 -2.000000e-03 7.935000e-01 -2.879183e-01 4.404004e-01
-1.000000e-03 7.925000e-01 -2.880272e-01 4.402383e-01 -1.500000e-03 7.930000e-01 -2.879733e-01 4.403192e-01
-5.540000e-01 7.935000e-01 -2.626163e-01 4.468554e-01 -5.535000e-01 7.940000e-01 -2.626664e-01 4.469266e-01
-5.535000e-01 7.940000e-01 -2.626664e-01 4.469266e-01 -5.530000e-01 7.945000e-01 -2.627176e-01 4.469979e-01
-2.500000e-03 7.940000e-01 -2.878636e-01 4.404827e-01 -3.000000e-03 7.945000e-01 -2.878080e-01 4.405653e-01
-2.000000e-03 7.935000e-01 -2.879183e-01 4.404004e-01 -2.500000e-03 7.940000e-01 -2.878636e-01 4.404827e-01
-5.530000e-01 7.945000e-01 -2.627176e-01 4.469979e-01 -5.525000e-01 7.950000e-01 -2.627685e-01 4.470704e-01
-5.525000e-01 7.950000e-01 -2.627685e-01 4.470704e-01 -5.520000e-01 7.955000e-01 -2.628204e-01 4.471431e-01
-3.500000e-03 7.950000e-01 -2.877526e-01 4.406489e-01 -4.000000e-03 7.955000e-01 -2.876963e-01 4.407329e-01
-3.000000e-03 7.945000e-01 -2.878080e-01 4.405653e-01 -3.500000e-03 7.950000e-01 -2.877526e-01 4.406489e-01
-5.520000e-01 7.955000e-01 -2.628204e-01 4.471431e-01 -5.515000e-01 7.960000e-01 -2.628720e-01 4.472168e-01
-5.515000e-01 7.960000e-01 -2.628720e-01 4.472168e-01 -5.510000e-01 7.965000e-01 -2.629246e-01 4.472909e-01
-4.500000e-03 7.960000e-01 -2.876403e-01 4.408179e-01 -5.000000e-03 7.965000e-01 -2.875833e-01 4.409032e-01
-4.000000e-03 7.955000e-01 -2.876963e-01 4.407329e-01 -4.500000e-03 7.960000e-01 -2.876403e-01 4.408179e-01
-5.510000e-01 7.965000e-01 -2.629246e-01 4.472909e-01 -5.510000e-01 7.975000e-01 -2.632695e-01 4.477859e-01
-5.500000e-03 7.970000e-01 -2.875266e-01 4.409896e-01 -6.000000e-03 7.975000e-01 -2.874690e-01 4.410763e-01
-5.000000e-03 7.965000e-01 -2.875833e-01 4.409032e-01 -5.500000e-03 7.970000e-01 -2.875266e-01 4.409896e-01
-5.510000e-01 7.975000e-01 -2.632695e-01 4.477859e-01 -5.505000e-01 7.980000e-01 -2.633216e-01 4.478619e-01
-5.505000e-01 7.980000e-01 -2.633216e-01 4.478619e-01 -5.500000e-01 7.985000e-01 -2.633747e-01 4.479383e-01
-6.500000e-03 7.980000e-01 -2.874117e-01 4.411641e-01 -7.000000e-03 7.985000e-01 -2.873535e-01 4.412522e-01
-6.000000e-03 7.975000e-01 -2.874690e-01 4.410763e-01 -6.500000e-03 7.980000e-01 -2.874117e-01 4.411641e-01
-5.500000e-01 7.985000e-01 -2.633747e-01 4.479383e-01 -5.495000e-01 7.990000e-01 -2.634274e-01 4.480157e-01
-5.495000e-01 7.990000e-01 -2.634274e-01 4.480157e-01 -5.490000e-01 7.995000e-01 -2.634812e-01 4.480934e-01
-7.500000e-03 7.990000e-01 -2.872956e-01 4.413414e-01 -8.000000e-03 7.995000e-01 -2.872367e-01 4.414309e-01
-7.000000e-03 7.985000e-01 -2.873535e-01 4.412522e-01 -7.500000e-03 7.990000e-01 -2.872956e-01 4.413414e-01
-5.490000e-01 7.995000e-01 -2.634812e-01 4.480934e-01 -5.485000e-01 8.000000e-01 -2.635346e-01 4.481721e-01
-5.485000e-01 8.000000e-01 -2.635346e-01 4.481721e-01 -5.480000e-01 8.005000e-01 -2.635890e-01 4.482512e-01
-8.500000e-03 8.000000e-01 -2.871782e-01 4.415214e-01 -9.000000e-03 8.005000e-01 -2.871187e-01 4.416123e-01
-8.000000e-03 7.995000e-01 -2.872367e-01 4.414309e-01 -8.500000e-03 8.000000e-01 -2.871782e-01 4.415214e-01
-5.480000e-01 8.005000e-01 -2.635890e-01 4.482512e-01 -5.475000e-01 8.010000e-01 -2.636432e-01 4.483312e-01
-5.475000e-01 8.010000e-01 -2.636432e-01 4.483312e-01 -5.470000e-01 8.015000e-01 -2.636983e-01 4.484116e-01
-9.500000e-03 8.010000e-01 -2.870596e-01 4.417043e-01 -1.000000e-02 8.015000e-01 -2.869996e-01 4.417966e-01
-9.000000e-03 8.005000e-01 -2.871187e-01 4.416123e-01 -9.500000e-03 8.010000e-01 -2.870596e-01 4.417043e-01
-5.470000e-01 8.015000e-01 -2.636983e-01 4.484116e-01 -5.465000e-01 8.020000e-01 -2.637531e-01 4.484929e-01
-5.465000e-01 8.020000e-01 -2.637531e-01 4.484929e-01 -5.460000e-01 8.025000e-01 -2.638088e-01 4.485747e-01
-1.050000e-02 8.020000e-01 -2.869399e-01 4.418899e-01 -1.100000e-02 8.025000e-01 -2.868792e-01 4.419837e-01
-1.000000e-02 8.015000e-01 -2.869996e-01 4.417966e-01 -1.050000e-02 8.020000e-01 -2.869399e-01 4.418899e-01
-5.460000e-01 8.025000e-01 -2.638088e-01 4.485747e-01 -5.455000e-01 8.030000e-01 -2.638643e-01 4.486574e-01
-5.455000e-01 8.030000e-01 -2.638643e-01 4.486574e-01 -5.450000e-01 8.035000e-01 -2.639207e-01 4.487404e-01
-1.100000e-02 8.025000e-01 -2.868792e-01 4.419837e-01 -1.100000e-02 8.035000e-01 -2.865483e-01 4.425041e-01
-5.450000e-01 8.035000e-01 -2.639207e-01 4.487404e-01 -5.445000e-01 8.040000e-01 -2.639768e-01 4.488245e-01
-5.445000e-01 8.040000e-01 -2.639768e-01 4.488245e-01 -5.440000e-01 8.045000e-01 -2.640338e-01 4.489089e-01
-1.150000e-02 8.040000e-01 -2.864885e-01 4.425998e-01 -1.200000e-02 8.045000e-01 -2.864277e-01 4.426960e-01
-1.100000e-02 8.035000e-01 -2.865483e-01 4.425041e-01 -1.150000e-02 8.040000e-01 -2.864885e-01 4.425998e-01
-5.440000e-01 8.045000e-01 -2.640338e-01 4.489089e-01 -5.435000e-01 8.050000e-01 -2.640906e-01 4.489943e-01
-5.435000e-01 8.050000e-01 -2.640906e-01 4.489943e-01 -5.430000e-01 8.055000e-01 -2.641483e-01 4.490801e-01
-1.250000e-02 8.050000e-01 -2.863672e-01 4.427932e-01 -1.300000e-02 8.055000e-01 -2.863059e-01 4.428907e-01
-1.200000e-02 8.045000e-01 -2.864277e-01 4.426960e-01 -1.250000e-02 8.050000e-01 -2.863672e-01 4.427932e-01
-5.430000e-01 8.055000e-01 -2.641483e-01 4.490801e-01 -5.425000e-01 8.060000e-01 -2.642056e-01 4.491669e-01
-5.425000e-01 8.060000e-01 -2.642056e-01 4.491669e-01 -5.420000e-01 8.065000e-01 -2.642639e-01 4.492540e-01
-1.350000e-02 8.060000e-01 -2.862450e-01 4.429894e-01 -1.400000e-02 8.065000e-01 -2.861831e-01 4.430883e-01
-1.300000e-02 8.055000e-01 -2.863059e-01 4.428907e-01 -1.350000e-02 8.060000e-01 -2.862450e-01 4.429894e-01
-5.420000e-01 8.065000e-01 -2.642639e-01 4.492540e-01 -5.420000e-01 8.075000e-01 -2.646022e-01 4.497687e-01
-1.450000e-02 8.070000e-01 -2.861216e-01 4.431883e-01 -1.500000e-02 8.075000e-01 -2.860592e-01 4.432888e-01
-1.400000e-02 8.065000e-01 -2.861831e-01 4.430883e-01 -1.450000e-02 8.070000e-01 -2.861216e-01 4.431883e-01
-5.420000e-01 8.075000e-01 -2.646022e-01 4.497687e-01 -5.415000e-01 8.080000e-01 -2.646598e-01 4.498578e-01
-5.415000e-01 8.080000e-01 -2.646598e-01 4.498578e-01 -5.410000e-01 8.085000e-01 -2.647183e-01 4.499473e-01
-1.550000e-02 8.080000e-01 -2.859971e-01 4.433902e-01 -1.600000e-02 8.085000e-01 -2.859342e-01 4.434921e-01
-1.500000e-02 8.075000e-01 -2.860592e-01 4.432888e-01 -1.550000e-02 8.080000e-01 -2.859971e-01 4.433902e-01
-5.410000e-01 8.085000e-01 -2.647183e-01 4.499473e-01 -5.405000e-01 8.090000e-01 -2.647765e-01 4.500378e-01
-5.405000e-01 8.090000e-01 -2.647765e-01 4.500378e-01 -5.400000e-01 8.095000e-01 -2.648356e-01 4.501287e-01
-1.650000e-02 8.090000e-01 -2.858717e-01 4.435949e-01 -1.700000e-02 8.095000e-01 -2.858083e-01 4.436982e-01
-1.600000e-02 8.085000e-01 -2.859342e-01 4.434921e-01 -1.650000e-02 8.090000e-01 -2.858717e-01 4.435949e-01
-5.400000e-01 8.095000e-01 -2.648356e-01 4.501287e-01 -5.395000e-01 8.100000e-01 -2.648943e-01 4.502206e-01
-5.395000e-01 8.100000e-01 -2.648943e-01 4.502206e-01 -5.390000e-01 8.105000e-01 -2.649540e-01 4.503129e-01
-1.750000e-02 8.100000e-01 -2.857453e-01 4.438025e-01 -1.800000e-02 8.105000e-01 -2.856814e-01 4.439073e-01
-1.700000e-02 8.095000e-01 -2.858083e-01 4.436982e-01 -1.750000e-02 8.100000e-01 -2.857453e-01 4.438025e-01
-5.390000e-01 8.105000e-01 -2.649540e-01 4.503129e-01 -5.385000e-01 8.110000e-01 -2.650133e-01 4.504061e-01
-5.385000e-01 8.110000e-01 -2.650133e-01 4.504061e-01 -5.380000e-01 8.115000e-01 -2.650736e-01 4.504998e-01
-1.850000e-02 8.110000e-01 -2.856180e-01 4.440130e-01 -1.900000e-02 8.115000e-01 -2.855536e-01 4.441192e-01
-1.800000e-02 8.105000e-01 -2.856814e-01 4.439073e-01 -1.850000e-02 8.110000e-01 -2.856180e-01 4.440130e-01
-5.380000e-01 8.115000e-01 -2.650736e-01 4.504998e-01 -5.375000e-01 8.120000e-01 -2.651334e-01 4.505945e-01
-5.375000e-01 8.120000e-01 -2.651334e-01 4.505945e-01 -5.370000e-01 8.125000e-01 -2.651942e-01 4.506895e-01
-1.950000e-02 8.120000e-01 -2.854897e-01 4.442264e-01 -2.000000e-02 8.125000e-01 -2.854248e-01 4.443340e-01
-1.900000e-02 8.115000e-01 -2.855536e-01 4.441192e-01 -1.950000e-02 8.120000e-01 -2.854897e-01 4.442264e-01
-5.370000e-01 8.125000e-01 -2.651942e-01 4.506895e-01 -5.365000e-01 8.130000e-01 -2.652546e-01 4.507856e-01
-5.365000e-01 8.130000e-01 -2.652546e-01 4.507856e-01 -5.360000e-01 8.135000e-01 -2.653159e-01 4.508820e-01
-2.050000e-02 8.130000e-01 -2.853605e-01 4.444426e-01 -2.100000e-02 8.135000e-01 -2.852952e-01 4.445517e-01
-2.000000e-02 8.125000e-01 -2.854248e-01 4.443340e-01 -2.050000e-02 8.130000e-01 -2.853605e-01 4.444426e-01
-5.360000e-01 8.135000e-01 -2.653159e-01 4.508820e-01 -5.355000e-01 8.140000e-01 -2.653768e-01 4.509794e-01
-5.355000e-01 8.140000e-01 -2.653768e-01 4.509794e-01 -5.350000e-01 8.145000e-01 -2.654386e-01 4.510773e-01
-2.150000e-02 8.140000e-01 -2.852304e-01 4.446618e-01 -2.200000e-02 8.145000e-01 -2.851647e-01 4.447723e-01
-2.100000e-02 8.135000e-01 -2.852952e-01 4.445517e-01 -2.150000e-02 8.140000e-01 -2.852304e-01 4.446618e-01
-5.350000e-01 8.145000e-01 -2.654386e-01 4.510773e-01 -5.345000e-01 8.150000e-01 -2.655000e-01 4.511761e-01
-5.345000e-01 8.150000e-01 -2.655000e-01 4.511761e-01 -5.340000e-01 8.155000e-01 -2.655624e-01 4.512753e-01
-2.250000e-02 8.150000e-01 -2.850995e-01 4.448838e-01 -2.300000e-02 8.155000e-01 -2.850333e-01 4.449959e-01
-2.200000e-02 8.145000e-01 -2.851647e-01 4.447723e-01 -2.250000e-02 8.150000e-01 -2.850995e-01 4.448838e-01
-5.340000e-01 8.155000e-01 -2.655624e-01 4.512753e-01 -5.335000e-01 8.160000e-01 -2.656243e-01 4.513756e-01
-5.335000e-01 8.160000e-01 -2.656243e-01 4.513756e-01 -5.330000e-01 8.165000e-01 -2.656871e-01 4.514762e-01
-2.350000e-02 8.160000e-01 -2.849677e-01 4.451088e-01 -2.400000e-02 8.165000e-01 -2.849012e-01 4.452223e-01
-2.300000e-02 8.155000e-01 -2.850333e-01 4.449959e-01 -2.350000e-02 8.160000e-01 -2.849677e-01 4.451088e-01
-5.330000e-01 8.165000e-01 -2.656871e-01 4.514762e-01 -5.325000e-01 8.170000e-01 -2.657495e-01 4.515779e-01
-5.325000e-01 8.170000e-01 -2.657495e-01 4.515779e-01 -5.320000e-01 8.175000e-01 -2.658129e-01 4.516799e-01
-2.450000e-02 8.170000e-01 -2.848351e-01 4.453367e-01 -2.500000e-02 8.175000e-01 -2.847682e-01 4.454517e-01
-2.400000e-02 8.165000e-01 -2.849012e-01 4.452223e-01 -2.450000e-02 8.170000e-01 -2.848351e-01 4.453367e-01
-5.320000e-01 8.175000e-01 -2.658129e-01 4.516799e-01 -5.315000e-01 8.180000e-01 -2.658757e-01 4.517830e-01
-5.315000e-01 8.180000e-01 -2.658757e-01 4.517830e-01 -5.310000e-01 8.185000e-01 -2.659395e-01 4.518864e-01
-2.550000e-02 8.180000e-01 -2.847017e-01 4.455675e-01 -2.600000e-02 8.185000e-01 -2.846344e-01 4.456839e-01
-2.500000e-02 8.175000e-01 -2.847682e-01 4.454517e-01 -2.550000e-02 8.180000e-01 -2.847017e-01 4.455675e-01
-5.310000e-01 8.185000e-01 -2.659395e-01 4.518864e-01 -5.305000e-01 8.190000e-01 -2.660029e-01 4.519909e-01
-5.305000e-01 8.190000e-01 -2.660029e-01 4.519909e-01 -5.300000e-01 8.195000e-01 -2.660671e-01 4.520958e-01
-2.650000e-02 8.190000e-01 -2.845676e-01 4.458013e-01 -2.700000e-02 8.195000e-01 -2.844999e-01 4.459192e-01
-2.600000e-02 8.185000e-01 -2.846344e-01 4.456839e-01 -2.650000e-02 8.190000e-01 -2.845676e-01 4.458013e-01
-5.300000e-01 8.195000e-01 -2.660671e-01 4.520958e-01 -5.295000e-01 8.200000e-01 -2.661309e-01 4.522017e-01
-5.295000e-01 8.200000e-01 -2.661309e-01 4.522017e-01 -5.290000e-01 8.205000e-01 -2.661956e-01 4.523080e-01
-2.750000e-02 8.200000e-01 -2.844328e-01 4.460380e-01 -2.800000e-02 8.205000e-01 -2.843648e-01 4.461573e-01
-2.700000e-02 8.195000e-01 -2.844999e-01 4.459192e-01 -2.750000e-02 8.200000e-01 -2.844328e-01 4.460380e-01
-5.290000e-01 8.205000e-01 -2.661956e-01 4.523080e-01 -5.285000e-01 8.210000e-01 -2.662598e-01 4.524153e-01
-5.285000e-01 8.210000e-01 -2.662598e-01 4.524153e-01 -5.280000e-01 8.215000e-01 -2.663249e-01 4.525230e-01
-2.850000e-02 8.210000e-01 -2.842972e-01 4.462776e-01 -2.900000e-02 8.215000e-01 -2.842289e-01 4.463984e-01
-2.800000e-02 8.205000e-01 -2.843648e-01 4.461573e-01 -2.850000e-02 8.210000e-01 -2.842972e-01 4.462776e-01
-5.280000e-01 8.215000e-01 -2.663249e-01 4.525230e-01 -5.275000e-01 8.220000e-01 -2.663896e-01 4.526317e-01
-5.275000e-01 8.220000e-01 -2.663896e-01 4.526317e-01 -5.270000e-01 8.225000e-01 -2.664551e-01 4.527409e-01
-3.050000e-02 8.220000e-01 -2.843372e-01 4.462066e-01 -3.100000e-02 8.225000e-01 -2.842677e-01 4.463294e-01
-3.050000e-02 8.220000e-01 -2.843372e-01 4.462066e-01 -2.950000e-02 8.220000e-01 -2.841610e-01 4.465202e-01
-2.900000e-02 8.215000e-01 -2.842289e-01 4.463984e-01 -2.950000e-02 8.220000e-01 -2.841610e-01 4.465202e-01
-5.270000e-01 8.225000e-01 -2.664551e-01 4.527409e-01 -5.265000e-01 8.230000e-01 -2.665202e-01 4.528511e-01
-5.265000e-01 8.230000e-01 -2.665202e-01 4.528511e-01 -5.260000e-01 8.235000e-01 -2.665861e-01 4.529617e-01
-3.150000e-02 8.230000e-01 -2.841987e-01 4.464532e-01 -3.200000e-02 8.235000e-01 -2.841288e-01 4.465775e-01
-3.100000e-02 8.225000e-01 -2.842677e-01 4.463294e-01 -3.150000e-02 8.230000e-01 -2.841987e-01 4.464532e-01
-5.260000e-01 8.235000e-01 -2.665861e-01 4.529617e-01 -5.255000e-01 8.240000e-01 -2.666516e-01 4.530733e-01
-5.255000e-01 8.240000e-01 -2.666516e-01 4.530733e-01 -5.250000e-01 8.245000e-01 -2.667179e-01 4.531853e-01
-3.250000e-02 8.240000e-01 -2.840595e-01 4.467027e-01 -3.300000e-02 8.245000e-01 -2.839894e-01 4.468285e-01
-3.200000e-02 8.235000e-01 -2.841288e-01 4.465775e-01 -3.250000e-02 8.240000e-01 -2.840595e-01 4.467027e-01
-5.250000e-01 8.245000e-01 -2.667179e-01 4.531853e-01 -5.245000e-01 8.250000e-01 -2.667838e-01 4.532983e-01
-5.245000e-01 8.250000e-01 -2.667838e-01 4.532983e-01 -5.240000e-01 8.255000e-01 -2.668505e-01 4.534118e-01
-3.350000e-02 8.250000e-01 -2.839198e-01 4.469553e-01 -3.400000e-02 8.255000e-01 -2.838493e-01 4.470825e-01
-3.300000e-02 8.245000e-01 -2.839894e-01 4.468285e-01 -3.350000e-02 8.250000e-01 -2.839198e-01 4.469553e-01
-5.240000e-01 8.255000e-01 -2.668505e-01 4.534118e-01 -5.235000e-01 8.260000e-01 -2.669167e-01 4.535263e-01
-5.235000e-01 8.260000e-01 -2.669167e-01 4.535263e-01 -5.225000e-01 8.260000e-01 -2.667286e-01 4.532040e-01
-5.225000e-01 8.260000e-01 -2.667286e-01 4.532040e-01 -5.220000e-01 8.265000e-01 -2.667965e-01 4.533194e-01
-3.450000e-02 8.260000e-01 -2.837795e-01 4.472108e-01 -3.500000e-02 8.265000e-01 -2.837088e-01 4.473395e-01
-3.400000e-02 8.255000e-01 -2.838493e-01 4.470825e-01 -3.450000e-02 8.260000e-01 -2.837795e-01 4.472108e-01
-5.220000e-01 8.265000e-01 -2.667965e-01 4.533194e-01 -5.215000e-01 8.270000e-01 -2.668640e-01 4.534358e-01
-5.215000e-01 8.270000e-01 -2.668640e-01 4.534358e-01 -5.210000e-01 8.275000e-01 -2.669322e-01 4.535527e-01
-3.550000e-02 8.270000e-01 -2.836386e-01 4.474693e-01 -3.600000e-02 8.275000e-01 -2.835677e-01 4.475995e-01
-3.500000e-02 8.265000e-01 -2.837088e-01 4.473395e-01 -3.550000e-02 8.270000e-01 -2.836386e-01 4.474693e-01
-5.210000e-01 8.275000e-01 -2.669322e-01 4.535527e-01 -5.205000e-01 8.280000e-01 -2.670000e-01 4.536705e-01
-5.205000e-01 8.280000e-01 -2.670000e-01 4.536705e-01 -5.200000e-01 8.285000e-01 -2.670686e-01 4.537888e-01
-3.650000e-02 8.280000e-01 -2.834972e-01 4.477308e-01 -3.700000e-02 8.285000e-01 -2.834260e-01 4.478625e-01
-3.600000e-02 8.275000e-01 -2.835677e-01 4.475995e-01 -3.650000e-02 8.280000e-01 -2.834972e-01 4.477308e-01
-5.200000e-01 8.285000e-01 -2.670686e-01 4.537888e-01 -5.195000e-01 8.290000e-01 -2.671367e-01 4.539081e-01
-5.195000e-01 8.290000e-01 -2.671367e-01 4.539081e-01 -5.190000e-01 8.295000e-01 -2.672057e-01 4.540279e-01
-3.750000e-02 8.290000e-01 -2.833554e-01 4.479952e-01 -3.800000e-02 8.295000e-01 -2.832839e-01 4.481285e-01
-3.700000e-02 8.285000e-01 -2.834260e-01 4.478625e-01 -3.750000e-02 8.290000e-01 -2.833554e-01 4.479952e-01
-5.190000e-01 8.295000e-01 -2.672057e-01 4.540279e-01 -5.185000e-01 8.300000e-01 -2.672741e-01 4.541486e-01
-5.185000e-01 8.300000e-01 -2.672741e-01 4.541486e-01 -5.180000e-01 8.305000e-01 -2.673433e-01 4.542699e-01
-3.850000e-02 8.300000e-01 -2.832131e-01 4.482627e-01 -3.900000e-02 8.305000e-01 -2.831414e-01 4.483975e-01
-3.800000e-02 8.295000e-01 -2.832839e-01 4.481285e-01 -3.850000e-02 8.300000e-01 -2.832131e-01 4.482627e-01
-5.180000e-01 8.305000e-01 -2.673433e-01 4.542699e-01 -5.175000e-01 8.310000e-01 -2.674121e-01 4.543921e-01
-5.175000e-01 8.310000e-01 -2.674121e-01 4.543921e-01 -5.170000e-01 8.315000e-01 -2.674816e-01 4.545148e-01
-3.950000e-02 8.310000e-01 -2.830703e-01 4.485332e-01 -4.000000e-02 8.315000e-01 -2.829985e-01 4.486694e-01
-3.900000e-02 8.305000e-01 -2.831414e-01 4.483975e-01 -3.950000e-02 8.310000e-01 -2.830703e-01 4.485332e-01
-5.170000e-01 8.315000e-01 -2.674816e-01 4.545148e-01 -5.165000e-01 8.320000e-01 -2.675506e-01 4.546385e-01
-5.165000e-01 8.320000e-01 -2.675506e-01 4.546385e-01 -5.160000e-01 8.325000e-01 -2.676204e-01 4.547626e-01
-4.150000e-02 8.320000e-01 -2.830855e-01 4.485042e-01 -4.200000e-02 8.325000e-01 -2.830127e-01 4.486425e-01
-4.150000e-02 8.320000e-01 -2.830855e-01 4.485042e-01 -4.050000e-02 8.320000e-01 -2.829271e-01 4.488067e-01
-4.000000e-02 8.315000e-01 -2.829985e-01 4.486694e-01 -4.050000e-02 8.320000e-01 -2.829271e-01 4.488067e-01
-5.160000e-01 8.325000e-01 -2.676204e-01 4.547626e-01 -5.155000e-01 8.330000e-01 -2.676897e-01 4.548877e-01
-5.155000e-01 8.330000e-01 -2.676897e-01 4.548877e-01 -5.150000e-01 8.335000e-01 -2.677598e-01 4.550134e-01
-4.250000e-02 8.330000e-01 -2.829404e-01 4.487818e-01 -4.300000e-02 8.335000e-01 -2.828674e-01 4.489217e-01
-4.200000e-02 8.325000e-01 -2.830127e-01 4.486425e-01 -4.250000e-02 8.330000e-01 -2.829404e-01 4.487818e-01
-5.150000e-01 8.335000e-01 -2.677598e-01 4.550134e-01 -5.145000e-01 8.340000e-01 -2.678294e-01 4.551400e-01
-5.145000e-01 8.340000e-01 -2.678294e-01 4.551400e-01 -5.140000e-01 8.345000e-01 -2.678998e-01 4.552671e-01
-4.350000e-02 8.340000e-01 -2.827950e-01 4.490625e-01 -4.400000e-02 8.345000e-01 -2.827218e-01 4.492039e-01
-4.300000e-02 8.335000e-01 -2.828674e-01 4.489217e-01 -4.350000e-02 8.340000e-01 -2.827950e-01 4.490625e-01
-5.140000e-01 8.345000e-01 -2.678998e-01 4.552671e-01 -5.135000e-01 8.350000e-01 -2.679696e-01 4.553951e-01
-5.135000e-01 8.350000e-01 -2.679696e-01 4.553951e-01 -5.125000e-01 8.350000e-01 -2.677980e-01 4.550823e-01
-5.125000e-01 8.350000e-01 -2.677980e-01 4.550823e-01 -5.120000e-01 8.355000e-01 -2.678694e-01 4.552114e-01
-4.450000e-02 8.350000e-01 -2.826493e-01 4.493462e-01 -4.500000e-02 8.355000e-01 -2.825759e-01 4.494891e-01
-4.400000e-02 8.345000e-01 -2.827218e-01 4.492039e-01 -4.450000e-02 8.350000e-01 -2.826493e-01 4.493462e-01
-5.120000e-01 8.355000e-01 -2.678694e-01 4.552114e-01 -5.115000e-01 8.360000e-01 -2.679402e-01 4.553414e-01
-5.115000e-01 8.360000e-01 -2.679402e-01 4.553414e-01 -5.110000e-01 8.365000e-01 -2.680118e-01 4.554721e-01
-4.550000e-02 8.360000e-01 -2.825032e-01 4.496329e-01 -4.600000e-02 8.365000e-01 -2.824298e-01 4.497773e-01
-4.500000e-02 8.355000e-01 -2.825759e-01 4.494891e-01 -4.550000e-02 8.360000e-01 -2.825032e-01 4.496329e-01
-5.110000e-01 8.365000e-01 -2.680118e-01 4.554721e-01 -5.105000e-01 8.370000e-01 -2.680829e-01 4.556036e-01
-5.105000e-01 8.370000e-01 -2.680829e-01 4.556036e-01 -5.100000e-01 8.375000e-01 -2.681547e-01 4.557357e-01
-4.650000e-02 8.370000e-01 -2.823569e-01 4.499226e-01 -4.700000e-02 8.375000e-01 -2.822833e-01 4.500685e-01
-4.600000e-02 8.365000e-01 -2.824298e-01 4.497773e-01 -4.650000e-02 8.370000e-01 -2.823569e-01 4.499226e-01
-5.100000e-01 8.375000e-01 -2.681547e-01 4.557357e-01 -5.095000e-01 8.380000e-01 -2.682260e-01 4.558687e-01
-5.095000e-01 8.380000e-01 -2.682260e-01 4.558687e-01 -5.090000e-01 8.385000e-01 -2.682981e-01 4.560023e-01
-4.850000e-02 8.380000e-01 -2.823580e-01 4.499203e-01 -4.900000e-02 8.385000e-01 -2.822836e-01 4.500684e-01
-4.850000e-02 8.380000e-01 -2.823580e-01 4.499203e-01 -4.750000e-02 8.380000e-01 -2.822104e-01 4.502154e-01
-4.700000e-02 8.375000e-01 -2.822833e-01 4.500685e-01 -4.750000e-02 8.380000e-01 -2.822104e-01 4.502154e-01
-5.090000e-01 8.385000e-01 -2.682981e-01 4.560023e-01 -5.085000e-01 8.390000e-01 -2.683695e-01 4.561368e-01
-5.085000e-01 8.390000e-01 -2.683695e-01 4.561368e-01 -5.080000e-01 8.395000e-01 -2.684418e-01 4.562718e-01
-4.950000e-02 8.390000e-01 -2.822098e-01 4.502173e-01 -5.000000e-02 8.395000e-01 -2.821353e-01 4.503669e-01
-4.900000e-02 8.385000e-01 -2.822836e-01 4.500684e-01 -4.950000e-02 8.390000e-01 -2.822098e-01 4.502173e-01
-5.080000e-01 8.395000e-01 -2.684418e-01 4.562718e-01 -5.075000e-01 8.400000e-01 -2.685134e-01 4.564078e-01
-5.075000e-01 8.400000e-01 -2.685134e-01 4.564078e-01 -5.070000e-01 8.405000e-01 -2.685858e-01 4.565443e-01
-5.050000e-02 8.400000e-01 -2.820614e-01 4.505174e-01 -5.100000e-02 8.405000e-01 -2.819868e-01 4.506685e-01
-5.000000e-02 8.395000e-01 -2.821353e-01 4.503669e-01 -5.050000e-02 8.400000e-01 -2.820614e-01 4.505174e-01
-5.070000e-01 8.405000e-01 -2.685858e-01 4.565443e-01 -5.065000e-01 8.410000e-01 -2.686577e-01 4.566818e-01
-5.065000e-01 8.410000e-01 -2.686577e-01 4.566818e-01 -5.055000e-01 8.410000e-01 -2.684970e-01 4.563759e-01
-5.055000e-01 8.410000e-01 -2.684970e-01 4.563759e-01 -5.050000e-01 8.415000e-01 -2.685703e-01 4.565145e-01
-5.150000e-02 8.410000e-01 -2.819129e-01 4.508205e-01 -5.200000e-02 8.415000e-01 -2.818382e-01 4.509731e-01
-5.100000e-02 8.405000e-01 -2.819868e-01 4.506685e-01 -5.150000e-02 8.410000e-01 -2.819129e-01 4.508205e-01
-5.050000e-01 8.415000e-01 -2.685703e-01 4.565145e-01 -5.045000e-01 8.420000e-01 -2.686430e-01 4.566540e-01
-5.045000e-01 8.420000e-01 -2.686430e-01 4.566540e-01 -5.040000e-01 8.425000e-01 -2.687164e-01 4.567941e-01
-5.350000e-02 8.420000e-01 -2.819044e-01 4.508369e-01 -5.400000e-02 8.425000e-01 -2.818290e-01 4.509917e-01
-5.350000e-02 8.420000e-01 -2.819044e-01 4.508369e-01 -5.250000e-02 8.420000e-01 -2.817642e-01 4.511266e-01
-5.200000e-02 8.415000e-01 -2.818382e-01 4.509731e-01 -5.250000e-02 8.420000e-01 -2.817642e-01 4.511266e-01
-5.040000e-01 8.425000e-01 -2.687164e-01 4.567941e-01 -5.035000e-01 8.430000e-01 -2.687893e-01 4.569351e-01
-5.035000e-01 8.430000e-01 -2.687893e-01 4.569351e-01 -5.030000e-01 8.435000e-01 -2.688629e-01 4.570767e-01
-5.450000e-02 8.430000e-01 -2.817543e-01 4.511474e-01 -5.500000e-02 8.435000e-01 -2.816789e-01 4.513036e-01
-5.400000e-02 8.425000e-01 -2.818290e-01 4.509917e-01 -5.450000e-02 8.430000e-01 -2.817543e-01 4.511474e-01
-5.030000e-01 8.435000e-01 -2.688629e-01 4.570767e-01 -5.025000e-01 8.440000e-01 -2.689360e-01 4.572192e-01
-5.025000e-01 8.440000e-01 -2.689360e-01 4.572192e-01 -5.020000e-01 8.445000e-01 -2.690097e-01 4.573623e-01
-5.550000e-02 8.440000e-01 -2.816041e-01 4.514609e-01 -5.600000e-02 8.445000e-01 -2.815286e-01 4.516187e-01
-5.500000e-02 8.435000e-01 -2.816789e-01 4.513036e-01 -5.550000e-02 8.440000e-01 -2.816041e-01 4.514609e-01
-5.020000e-01 8.445000e-01 -2.690097e-01 4.573623e-01 -5.015000e-01 8.450000e-01 -2.690828e-01 4.575063e-01
-5.015000e-01 8.450000e-01 -2.690828e-01 4.575063e-01 -5.010000e-01 8.455000e-01 -2.691566e-01 4.576508e-01
-5.650000e-02 8.450000e-01 -2.814538e-01 4.517774e-01 -5.700000e-02 8.455000e-01 -2.813784e-01 4.519367e-01
-5.600000e-02 8.445000e-01 -2.815286e-01 4.516187e-01 -5.650000e-02 8.450000e-01 -2.814538e-01 4.517774e-01
-5.010000e-01 8.455000e-01 -2.691566e-01 4.576508e-01 -5.005000e-01 8.460000e-01 -2.692299e-01 4.577963e-01
-5.005000e-01 8.460000e-01 -2.692299e-01 4.577963e-01 -4.995000e-01 8.460000e-01 -2.690780e-01 4.574967e-01
-4.995000e-01 8.460000e-01 -2.690780e-01 4.574967e-01 -4.990000e-01 8.465000e-01 -2.691527e-01 4.576434e-01
-5.850000e-02 8.460000e-01 -2.814367e-01 4.518129e-01 -5.900000e-02 8.465000e-01 -2.813606e-01 4.519744e-01
-5.850000e-02 8.460000e-01 -2.814367e-01 4.518129e-01 -5.750000e-02 8.460000e-01 -2.813035e-01 4.520970e-01
-5.700000e-02 8.455000e-01 -2.813784e-01 4.519367e-01 -5.750000e-02 8.460000e-01 -2.813035e-01 4.520970e-01
-4.990000e-01 8.465000e-01 -2.691527e-01 4.576434e-01 -4.985000e-01 8.470000e-01 -2.692267e-01 4.577909e-01
-4.985000e-01 8.470000e-01 -2.692267e-01 4.577909e-01 -4.980000e-01 8.475000e-01 -2.693014e-01 4.579391e-01
-5.950000e-02 8.470000e-01 -2.812851e-01 4.521368e-01 -6.000000e-02 8.475000e-01 -2.812090e-01 4.522999e-01
-5.900000e-02 8.465000e-01 -2.813606e-01 4.519744e-01 -5.950000e-02 8.470000e-01 -2.812851e-01 4.521368e-01
-4.980000e-01 8.475000e-01 -2.693014e-01 4.579391e-01 -4.975000e-01 8.480000e-01 -2.693755e-01 4.580882e-01
-4.975000e-01 8.480000e-01 -2.693755e-01 4.580882e-01 -4.970000e-01 8.485000e-01 -2.694502e-01 4.582379e-01
-6.050000e-02 8.480000e-01 -2.811336e-01 4.524638e-01 -6.100000e-02 8.485000e-01 -2.810576e-01 4.526284e-01
-6.000000e-02 8.475000e-01 -2.812090e-01 4.522999e-01 -6.050000e-02 8.480000e-01 -2.811336e-01 4.524638e-01
-4.970000e-01 8.485000e-01 -2.694502e-01 4.582379e-01 -4.965000e-01 8.490000e-01 -2.695244e-01 4.583885e-01
-4.965000e-01 8.490000e-01 -2.695244e-01 4.583885e-01 -4.960000e-01 8.495000e-01 -2.695992e-01 4.585397e-01
-6.150000e-02 8.490000e-01 -2.809822e-01 4.527939e-01 -6.200000e-02 8.495000e-01 -2.809061e-01 4.529600e-01
-6.100000e-02 8.485000e-01 -2.810576e-01 4.526284e-01 -6.150000e-02 8.490000e-01 -2.809822e-01 4.527939e-01
-4.960000e-01 8.495000e-01 -2.695992e-01 4.585397e-01 -4.955000e-01 8.500000e-01 -2.696734e-01 4.586918e-01
-4.955000e-01 8.500000e-01 -2.696734e-01 4.586918e-01 -4.945000e-01 8.500000e-01 -2.695288e-01 4.583974e-01
-4.945000e-01 8.500000e-01 -2.695288e-01 4.583974e-01 -4.940000e-01 8.505000e-01 -2.696043e-01 4.585507e-01
-6.350000e-02 8.500000e-01 -2.809571e-01 4.528487e-01 -6.400000e-02 8.505000e-01 -2.808806e-01 4.530170e-01
-6.350000e-02 8.500000e-01 -2.809571e-01 4.528487e-01 -6.250000e-02 8.500000e-01 -2.808308e-01 4.531270e-01
-6.200000e-02 8.495000e-01 -2.809061e-01 4.529600e-01 -6.250000e-02 8.500000e-01 -2.808308e-01 4.531270e-01
-4.940000e-01 8.505000e-01 -2.696043e-01 4.585507e-01 -4.935000e-01 8.510000e-01 -2.696792e-01 4.587049e-01
-4.935000e-01 8.510000e-01 -2.696792e-01 4.587049e-01 -4.930000e-01 8.515000e-01 -2.697548e-01 4.588597e-01
-6.450000e-02 8.510000e-01 -2.808047e-01 4.531862e-01 -6.500000e-02 8.515000e-01 -2.807282e-01 4.533561e-01
-6.400000e-02 8.505000e-01 -2.808806e-01 4.530170e-01 -6.450000e-02 8.510000e-01 -2.808047e-01 4.531862e-01
-4.930000e-01 8.515000e-01 -2.697548e-01 4.588597e-01 -4.925000e-01 8.520000e-01 -2.698297e-01 4.590155e-01
-4.925000e-01 8.520000e-01 -2.698297e-01 4.590155e-01 -4.920000e-01 8.525000e-01 -2.699052e-01 4.591718e-01
-6.550000e-02 8.520000e-01 -2.806524e-01 4.535268e-01 -6.600000e-02 8.525000e-01 -2.805760e-01 4.536981e-01
-6.500000e-02 8.515000e-01 -2.807282e-01 4.533561e-01 -6.550000e-02 8.520000e-01 -2.806524e-01 4.535268e-01
-4.920000e-01 8.525000e-01 -2.699052e-01 4.591718e-01 -4.915000e-01 8.530000e-01 -2.699801e-01 4.593290e-01
-4.915000e-01 8.530000e-01 -2.699801e-01 4.593290e-01 -4.905000e-01 8.530000e-01 -2.698412e-01 4.590389e-01
-4.905000e-01 8.530000e-01 -2.698412e-01 4.590389e-01 -4.900000e-01 8.535000e-01 -2.699173e-01 4.591974e-01
-6.750000e-02 8.530000e-01 -2.806213e-01 4.535968e-01 -6.800000e-02 8.535000e-01 -2.805444e-01 4.537703e-01
-6.750000e-02 8.530000e-01 -2.806213e-01 4.535968e-01 -6.650000e-02 8.530000e-01 -2.805003e-01 4.538704e-01
-6.600000e-02 8.525000e-01 -2.805760e-01 4.536981e-01 -6.650000e-02 8.530000e-01 -2.805003e-01 4.538704e-01
-4.900000e-01 8.535000e-01 -2.699173e-01 4.591974e-01 -4.895000e-01 8.540000e-01 -2.699929e-01 4.593567e-01
-4.895000e-01 8.540000e-01 -2.699929e-01 4.593567e-01 -4.890000e-01 8.545000e-01 -2.700690e-01 4.595167e-01
-6.850000e-02 8.540000e-01 -2.804682e-01 4.539448e-01 -6.900000e-02 8.545000e-01 -2.803914e-01 4.541199e-01
-6.800000e-02 8.535000e-01 -2.805444e-01 4.537703e-01 -6.850000e-02 8.540000e-01 -2.804682e-01 4.539448e-01
-4.890000e-01 8.545000e-01 -2.700690e-01 4.595167e-01 -4.885000e-01 8.550000e-01 -2.701446e-01 4.596776e-01
-4.885000e-01 8.550000e-01 -2.701446e-01 4.596776e-01 -4.880000e-01 8.555000e-01 -2.702207e-01 4.598391e-01
-7.050000e-02 8.550000e-01 -2.804324e-01 4.540256e-01 -7.100000e-02 8.555000e-01 -2.803552e-01 4.542030e-01
-7.050000e-02 8.550000e-01 -2.804324e-01 4.540256e-01 -6.950000e-02 8.550000e-01 -2.803154e-01 4.542959e-01
-6.900000e-02 8.545000e-01 -2.803914e-01 4.541199e-01 -6.950000e-02 8.550000e-01 -2.803154e-01 4.542959e-01
-4.880000e-01 8.555000e-01 -2.702207e-01 4.598391e-01 -4.875000e-01 8.560000e-01 -2.702962e-01 4.600015e-01
-4.875000e-01 8.560000e-01 -2.702962e-01 4.600015e-01 -4.865000e-01 8.560000e-01 -2.701626e-01 4.597157e-01
-4.865000e-01 8.560000e-01 -2.701626e-01 4.597157e-01 -4.860000e-01 8.565000e-01 -2.702393e-01 4.598794e-01
-7.150000e-02 8.560000e-01 -2.802787e-01 4.543812e-01 -7.200000e-02 8.565000e-01 -2.802016e-01 4.545601e-01
-7.100000e-02 8.555000e-01 -2.803552e-01 4.542030e-01 -7.150000e-02 8.560000e-01 -2.802787e-01 4.543812e-01
-4.860000e-01 8.565000e-01 -2.702393e-01 4.598794e-01 -4.855000e-01 8.570000e-01 -2.703154e-01 4.600439e-01
-4.855000e-01 8.570000e-01 -2.703154e-01 4.600439e-01 -4.850000e-01 8.575000e-01 -2.703920e-01 4.602091e-01
-7.250000e-02 8.570000e-01 -2.801253e-01 4.547398e-01 -7.300000e-02 8.575000e-01 -2.800484e-01 4.549202e-01
-7.200000e-02 8.565000e-01 -2.802016e-01 4.545601e-01 -7.250000e-02 8.570000e-01 -2.801253e-01 4.547398e-01
-4.850000e-01 8.575000e-01 -2.703920e-01 4.602091e-01 -4.845000e-01 8.580000e-01 -2.704680e-01 4.603752e-01
-4.845000e-01 8.580000e-01 -2.704680e-01 4.603752e-01 -4.835000e-01 8.580000e-01 -2.703385e-01 4.600926e-01
-4.835000e-01 8.580000e-01 -2.703385e-01 4.600926e-01 -4.830000e-01 8.585000e-01 -2.704157e-01 4.602600e-01
-7.450000e-02 8.580000e-01 -2.800842e-01 4.548360e-01 -7.500000e-02 8.585000e-01 -2.800070e-01 4.550187e-01
-7.450000e-02 8.580000e-01 -2.800842e-01 4.548360e-01 -7.350000e-02 8.580000e-01 -2.799722e-01 4.551014e-01
-7.300000e-02 8.575000e-01 -2.800484e-01 4.549202e-01 -7.350000e-02 8.580000e-01 -2.799722e-01 4.551014e-01
-4.830000e-01 8.585000e-01 -2.704157e-01 4.602600e-01 -4.825000e-01 8.590000e-01 -2.704921e-01 4.604282e-01
-4.825000e-01 8.590000e-01 -2.704921e-01 4.604282e-01 -4.820000e-01 8.595000e-01 -2.705692e-01 4.605971e-01
-7.550000e-02 8.590000e-01 -2.799305e-01 4.552021e-01 -7.600000e-02 8.595000e-01 -2.798534e-01 4.553863e-01
-7.500000e-02 8.585000e-01 -2.800070e-01 4.550187e-01 -7.550000e-02 8.590000e-01 -2.799305e-01 4.552021e-01
-4.820000e-01 8.595000e-01 -2.705692e-01 4.605971e-01 -4.815000e-01 8.600000e-01 -2.706455e-01 4.607668e-01
-4.815000e-01 8.600000e-01 -2.706455e-01 4.607668e-01 -4.810000e-01 8.605000e-01 -2.707225e-01 4.609372e-01
-7.750000e-02 8.600000e-01 -2.798853e-01 4.553094e-01 -7.800000e-02 8.605000e-01 -2.798079e-01 4.554959e-01
-7.750000e-02 8.600000e-01 -2.798853e-01 4.553094e-01 -7.650000e-02 8.600000e-01 -2.797771e-01 4.555713e-01
-7.600000e-02 8.595000e-01 -2.798534e-01 4.553863e-01 -7.650000e-02 8.600000e-01 -2.797771e-01 4.555713e-01
-4.810000e-01 8.605000e-01 -2.707225e-01 4.609372e-01 -4.805000e-01 8.610000e-01 -2.707987e-01 4.611085e-01
-4.805000e-01 8.610000e-01 -2.707987e-01 4.611085e-01 -4.795000e-01 8.610000e-01 -2.706744e-01 4.608305e-01
-4.795000e-01 8.610000e-01 -2.706744e-01 4.608305e-01 -4.790000e-01 8.615000e-01 -2.707518e-01 4.610031e-01
-7.850000e-02 8.610000e-01 -2.797313e-01 4.556831e-01 -7.900000e-02 8.615000e-01 -2.796542e-01 4.558711e-01
-7.800000e-02 8.605000e-01 -2.798079e-01 4.554959e-01 -7.850000e-02 8.610000e-01 -2.797313e-01 4.556831e-01
-4.790000e-01 8.615000e-01 -2.707518e-01 4.610031e-01 -4.785000e-01 8.620000e-01 -2.708285e-01 4.611766e-01
-4.785000e-01 8.620000e-01 -2.708285e-01 4.611766e-01 -4.780000e-01 8.625000e-01 -2.709057e-01 4.613507e-01
-8.050000e-02 8.620000e-01 -2.796823e-01 4.558015e-01 -8.100000e-02 8.625000e-01 -2.796049e-01 4.559917e-01
-8.050000e-02 8.620000e-01 -2.796823e-01 4.558015e-01 -7.950000e-02 8.620000e-01 -2.795777e-01 4.560599e-01
-7.900000e-02 8.615000e-01 -2.796542e-01 4.558711e-01 -7.950000e-02 8.620000e-01 -2.795777e-01 4.560599e-01
-4.780000e-01 8.625000e-01 -2.709057e-01 4.613507e-01 -4.775000e-01 8.630000e-01 -2.709823e-01 4.615256e-01
-4.775000e-01 8.630000e-01 -2.709823e-01 4.615256e-01 -4.765000e-01 8.630000e-01 -2.708618e-01 4.612510e-01
-4.765000e-01 8.630000e-01 -2.708618e-01 4.612510e-01 -4.760000e-01 8.635000e-01 -2.709395e-01 4.614273e-01
-8.150000e-02 8.630000e-01 -2.795283e-01 4.561827e-01 -8.200000e-02 8.635000e-01 -2.794511e-01 4.563745e-01
-8.100000e-02 8.625000e-01 -2.796049e-01 4.559917e-01 -8.150000e-02 8.630000e-01 -2.795283e-01 4.561827e-01
-4.760000e-01 8.635000e-01 -2.709395e-01 4.614273e-01 -4.755000e-01 8.640000e-01 -2.710164e-01 4.616045e-01
-4.755000e-01 8.640000e-01 -2.710164e-01 4.616045e-01 -4.750000e-01 8.645000e-01 -2.710939e-01 4.617823e-01
-8.350000e-02 8.640000e-01 -2.794757e-01 4.563123e-01 -8.400000e-02 8.645000e-01 -2.793984e-01 4.565063e-01
-8.350000e-02 8.640000e-01 -2.794757e-01 4.563123e-01 -8.250000e-02 8.640000e-01 -2.793747e-01 4.565671e-01
-8.200000e-02 8.635000e-01 -2.794511e-01 4.563745e-01 -8.250000e-02 8.640000e-01 -2.793747e-01 4.565671e-01
-4.750000e-01 8.645000e-01 -2.710939e-01 4.617823e-01 -4.745000e-01 8.650000e-01 -2.711706e-01 4.619610e-01
-4.745000e-01 8.650000e-01 -2.711706e-01 4.619610e-01 -4.735000e-01 8.650000e-01 -2.710539e-01 4.616898e-01
-4.735000e-01 8.650000e-01 -2.710539e-01 4.616898e-01 -4.730000e-01 8.655000e-01 -2.711317e-01 4.618698e-01
-8.450000e-02 8.650000e-01 -2.793218e-01 4.567011e-01 -8.500000e-02 8.655000e-01 -2.792447e-01 4.568967e-01
-8.400000e-02 8.645000e-01 -2.793984e-01 4.565063e-01 -8.450000e-02 8.650000e-01 -2.793218e-01 4.567011e-01
-4.730000e-01 8.655000e-01 -2.711317e-01 4.618698e-01 -4.725000e-01 8.660000e-01 -2.712088e-01 4.620507e-01
-4.725000e-01 8.660000e-01 -2.712088e-01 4.620507e-01 -4.720000e-01 8.665000e-01 -2.712864e-01 4.622322e-01
-8.650000e-02 8.660000e-01 -2.792659e-01 4.568419e-01 -8.700000e-02 8.665000e-01 -2.791887e-01 4.570398e-01
-8.650000e-02 8.660000e-01 -2.792659e-01 4.568419e-01 -8.550000e-02 8.660000e-01 -2.791684e-01 4.570930e-01
-8.500000e-02 8.655000e-01 -2.792447e-01 4.568967e-01 -8.550000e-02 8.660000e-01 -2.791684e-01 4.570930e-01
-4.720000e-01 8.665000e-01 -2.712864e-01 4.622322e-01 -4.715000e-01 8.670000e-01 -2.713633e-01 4.624146e-01
-4.715000e-01 8.670000e-01 -2.713633e-01 4.624146e-01 -4.705000e-01 8.670000e-01 -2.712503e-01 4.621469e-01
-4.705000e-01 8.670000e-01 -2.712503e-01 4.621469e-01 -4.700000e-01 8.675000e-01 -2.713282e-01 4.623306e-01
-8.750000e-02 8.670000e-01 -2.791122e-01 4.572384e-01 -8.800000e-02 8.675000e-01 -2.790353e-01 4.574377e-01
-8.700000e-02 8.665000e-01 -2.791887e-01 4.570398e-01 -8.750000e-02 8.670000e-01 -2.791122e-01 4.572384e-01
-4.700000e-01 8.675000e-01 -2.713282e-01 4.623306e-01 -4.695000e-01 8.680000e-01 -2.714053e-01 4.625153e-01
-4.695000e-01 8.680000e-01 -2.714053e-01 4.625153e-01 -4.690000e-01 8.685000e-01 -2.714830e-01 4.627006e-01
-8.950000e-02 8.680000e-01 -2.790533e-01 4.573905e-01 -9.000000e-02 8.685000e-01 -2.789763e-01 4.575921e-01
-8.950000e-02 8.680000e-01 -2.790533e-01 4.573905e-01 -8.850000e-02 8.680000e-01 -2.789592e-01 4.576378e-01
-8.800000e-02 8.675000e-01 -2.790353e-01 4.574377e-01 -8.850000e-02 8.680000e-01 -2.789592e-01 4.576378e-01
-4.690000e-01 8.685000e-01 -2.714830e-01 4.627006e-01 -4.685000e-01 8.690000e-01 -2.715599e-01 4.628867e-01
-4.685000e-01 8.690000e-01 -2.715599e-01 4.628867e-01 -4.675000e-01 8.690000e-01 -2.714505e-01 4.626224e-01
-4.675000e-01 8.690000e-01 -2.714505e-01 4.626224e-01 -4.670000e-01 8.695000e-01 -2.715284e-01 4.628100e-01
-9.050000e-02 8.690000e-01 -2.789001e-01 4.577945e-01 -9.100000e-02 8.695000e-01 -2.788234e-01 4.579976e-01
-9.000000e-02 8.685000e-01 -2.789763e-01 4.575921e-01 -9.050000e-02 8.690000e-01 -2.789001e-01 4.577945e-01
-4.670000e-01 8.695000e-01 -2.715284e-01 4.628100e-01 -4.665000e-01 8.700000e-01 -2.716055e-01 4.629983e-01
-4.665000e-01 8.700000e-01 -2.716055e-01 4.629983e-01 -4.660000e-01 8.705000e-01 -2.716832e-01 4.631874e-01
-9.250000e-02 8.700000e-01 -2.788384e-01 4.579580e-01 -9.300000e-02 8.705000e-01 -2.787617e-01 4.581634e-01
-9.250000e-02 8.700000e-01 -2.788384e-01 4.579580e-01 -9.150000e-02 8.700000e-01 -2.787475e-01 4.582015e-01
-9.100000e-02 8.695000e-01 -2.788234e-01 4.579976e-01 -9.150000e-02 8.700000e-01 -2.787475e-01 4.582015e-01
-4.660000e-01 8.705000e-01 -2.716832e-01 4.631874e-01 -4.655000e-01 8.710000e-01 -2.717601e-01 4.633772e-01
-4.655000e-01 8.710000e-01 -2.717601e-01 4.633772e-01 -4.645000e-01 8.710000e-01 -2.716541e-01 4.631166e-01
-4.645000e-01 8.710000e-01 -2.716541e-01 4.631166e-01 -4.640000e-01 8.715000e-01 -2.717319e-01 4.633079e-01
-9.350000e-02 8.710000e-01 -2.786857e-01 4.583696e-01 -9.400000e-02 8.715000e-01 -2.786094e-01 4.585765e-01
-9.300000e-02 8.705000e-01 -2.787617e-01 4.581634e-01 -9.350000e-02 8.710000e-01 -2.786857e-01 4.583696e-01
-4.640000e-01 8.715000e-01 -2.717319e-01 4.633079e-01 -4.635000e-01 8.720000e-01 -2.718090e-01 4.635000e-01
-4.635000e-01 8.720000e-01 -2.718090e-01 4.635000e-01 -4.630000e-01 8.725000e-01 -2.718865e-01 4.636928e-01
-9.550000e-02 8.720000e-01 -2.786216e-01 4.585445e-01 -9.600000e-02 8.725000e-01 -2.785452e-01 4.587538e-01
-9.550000e-02 8.720000e-01 -2.786216e-01 4.585445e-01 -9.450000e-02 8.720000e-01 -2.785338e-01 4.587842e-01
-9.400000e-02 8.715000e-01 -2.786094e-01 4.585765e-01 -9.450000e-02 8.720000e-01 -2.785338e-01 4.587842e-01
-4.630000e-01 8.725000e-01 -2.718865e-01 4.636928e-01 -4.625000e-01 8.730000e-01 -2.719633e-01 4.638864e-01
-4.625000e-01 8.730000e-01 -2.719633e-01 4.638864e-01 -4.615000e-01 8.730000e-01 -2.718607e-01 4.636294e-01
-4.615000e-01 8.730000e-01 -2.718607e-01 4.636294e-01 -4.610000e-01 8.735000e-01 -2.719384e-01 4.638245e-01
-9.750000e-02 8.730000e-01 -2.785551e-01 4.587264e-01 -9.800000e-02 8.735000e-01 -2.784788e-01 4.589379e-01
-9.750000e-02 8.730000e-01 -2.785551e-01 4.587264e-01 -9.650000e-02 8.730000e-01 -2.784696e-01 4.589637e-01
-9.600000e-02 8.725000e-01 -2.785452e-01 4.587538e-01 -9.650000e-02 8.730000e-01 -2.784696e-01 4.589637e-01
-4.610000e-01 8.735000e-01 -2.719384e-01 4.638245e-01 -4.605000e-01 8.740000e-01 -2.720153e-01 4.640203e-01
-4.605000e-01 8.740000e-01 -2.720153e-01 4.640203e-01 -4.595000e-01 8.740000e-01 -2.719152e-01 4.637655e-01
-4.595000e-01 8.740000e-01 -2.719152e-01 4.637655e-01 -4.590000e-01 8.745000e-01 -2.719929e-01 4.639628e-01
-9.850000e-02 8.740000e-01 -2.784032e-01 4.591501e-01 -9.900000e-02 8.745000e-01 -2.783273e-01 4.593631e-01
-9.800000e-02 8.735000e-01 -2.784788e-01 4.589379e-01 -9.850000e-02 8.740000e-01 -2.784032e-01 4.591501e-01
-4.590000e-01 8.745000e-01 -2.719929e-01 4.639628e-01 -4.585000e-01 8.750000e-01 -2.720699e-01 4.641609e-01
-4.585000e-01 8.750000e-01 -2.720699e-01 4.641609e-01 -4.580000e-01 8.755000e-01 -2.721473e-01 4.643597e-01
-1.005000e-01 8.750000e-01 -2.783347e-01 4.593434e-01 -1.010000e-01 8.755000e-01 -2.782589e-01 4.595587e-01
-1.005000e-01 8.750000e-01 -2.783347e-01 4.593434e-01 -9.950000e-02 8.750000e-01 -2.782522e-01 4.595768e-01
-9.900000e-02 8.745000e-01 -2.783273e-01 4.593631e-01 -9.950000e-02 8.750000e-01 -2.782522e-01 4.595768e-01
-4.580000e-01 8.755000e-01 -2.721473e-01 4.643597e-01 -4.575000e-01 8.760000e-01 -2.722240e-01 4.645593e-01
-4.575000e-01 8.760000e-01 -2.722240e-01 4.645593e-01 -4.565000e-01 8.760000e-01 -2.721270e-01 4.643082e-01
-4.565000e-01 8.760000e-01 -2.721270e-01 4.643082e-01 -4.560000e-01 8.765000e-01 -2.722045e-01 4.645093e-01
-1.025000e-01 8.760000e-01 -2.782641e-01 4.595437e-01 -1.030000e-01 8.765000e-01 -2.781884e-01 4.597613e-01
-1.025000e-01 8.760000e-01 -2.782641e-01 4.595437e-01 -1.015000e-01 8.760000e-01 -2.781838e-01 4.597747e-01
-1.010000e-01 8.755000e-01 -2.782589e-01 4.595587e-01 -1.015000e-01 8.760000e-01 -2.781838e-01 4.597747e-01
-4.560000e-01 8.765000e-01 -2.722045e-01 4.645093e-01 -4.555000e-01 8.770000e-01 -2.722812e-01 4.647112e-01
-4.555000e-01 8.770000e-01 -2.722812e-01 4.647112e-01 -4.545000e-01 8.770000e-01 -2.721866e-01 4.644623e-01
-4.545000e-01 8.770000e-01 -2.721866e-01 4.644623e-01 -4.540000e-01 8.775000e-01 -2.722641e-01 4.646657e-01
-1.045000e-01 8.770000e-01 -2.781915e-01 4.597510e-01 -1.050000e-01 8.775000e-01 -2.781160e-01 4.599709e-01
-1.045000e-01 8.770000e-01 -2.781915e-01 4.597510e-01 -1.035000e-01 8.770000e-01 -2.781135e-01 4.599796e-01
-1.030000e-01 8.765000e-01 -2.781884e-01 4.597613e-01 -1.035000e-01 8.770000e-01 -2.781135e-01 4.599796e-01
-4.540000e-01 8.775000e-01 -2.722641e-01 4.646657e-01 -4.535000e-01 8.780000e-01 -2.723408e-01 4.648698e-01
-4.535000e-01 8.780000e-01 -2.723408e-01 4.648698e-01 -4.525000e-01 8.780000e-01 -2.722485e-01 4.646233e-01
-4.525000e-01 8.780000e-01 -2.722485e-01 4.646233e-01 -4.520000e-01 8.785000e-01 -2.723260e-01 4.648289e-01
-1.055000e-01 8.780000e-01 -2.780412e-01 4.601915e-01 -1.060000e-01 8.785000e-01 -2.779662e-01 4.604128e-01
-1.050000e-01 8.775000e-01 -2.781160e-01 4.599709e-01 -1.055000e-01 8.780000e-01 -2.780412e-01 4.601915e-01
-4.520000e-01 8.785000e-01 -2.723260e-01 4.648289e-01 -4.515000e-01 8.790000e-01 -2.724027e-01 4.650352e-01
-4.515000e-01 8.790000e-01 -2.724027e-01 4.650352e-01 -4.510000e-01 8.795000e-01 -2.724797e-01 4.652423e-01
-1.075000e-01 8.790000e-01 -2.779672e-01 4.604104e-01 -1.080000e-01 8.795000e-01 -2.778924e-01 4.606340e-01
-1.075000e-01 8.790000e-01 -2.779672e-01 4.604104e-01 -1.065000e-01 8.790000e-01 -2.778919e-01 4.606349e-01
-1.060000e-01 8.785000e-01 -2.779662e-01 4.604128e-01 -1.065000e-01 8.790000e-01 -2.778919e-01 4.606349e-01
-4.510000e-01 8.795000e-01 -2.724797e-01 4.652423e-01 -4.505000e-01 8.800000e-01 -2.725561e-01 4.654502e-01
-4.505000e-01 8.800000e-01 -2.725561e-01 4.654502e-01 -4.495000e-01 8.800000e-01 -2.724667e-01 4.652075e-01
-4.495000e-01 8.800000e-01 -2.724667e-01 4.652075e-01 -4.490000e-01 8.805000e-01 -2.725437e-01 4.654169e-01
-1.095000e-01 8.800000e-01 -2.778916e-01 4.606364e-01 -1.100000e-01 8.805000e-01 -2.778169e-01 4.608623e-01
-1.095000e-01 8.800000e-01 -2.778916e-01 4.606364e-01 -1.085000e-01 8.800000e-01 -2.778183e-01 4.608584e-01
-1.080000e-01 8.795000e-01 -2.778924e-01 4.606340e-01 -1.085000e-01 8.800000e-01 -2.778183e-01 4.608584e-01
-4.490000e-01 8.805000e-01 -2.725437e-01 4.654169e-01 -4.485000e-01 8.810000e-01 -2.726200e-01 4.656270e-01
-4.485000e-01 8.810000e-01 -2.726200e-01 4.656270e-01 -4.475000e-01 8.810000e-01 -2.725328e-01 4.653867e-01
-4.475000e-01 8.810000e-01 -2.725328e-01 4.653867e-01 -4.470000e-01 8.815000e-01 -2.726097e-01 4.655983e-01
-1.115000e-01 8.810000e-01 -2.778143e-01 4.608694e-01 -1.120000e-01 8.815000e-01 -2.777399e-01 4.610976e-01
-1.115000e-01 8.810000e-01 -2.778143e-01 4.608694e-01 -1.105000e-01 8.810000e-01 -2.777431e-01 4.610889e-01
-1.100000e-01 8.805000e-01 -2.778169e-01 4.608623e-01 -1.105000e-01 8.810000e-01 -2.777431e-01 4.610889e-01
-4.470000e-01 8.815000e-01 -2.726097e-01 4.655983e-01 -4.465000e-01 8.820000e-01 -2.726859e-01 4.658107e-01
-4.465000e-01 8.820000e-01 -2.726859e-01 4.658107e-01 -4.455000e-01 8.820000e-01 -2.726008e-01 4.655728e-01
-4.455000e-01 8.820000e-01 -2.726008e-01 4.655728e-01 -4.450000e-01 8.825000e-01 -2.726776e-01 4.657867e-01
-1.135000e-01 8.820000e-01 -2.777356e-01 4.611095e-01 -1.140000e-01 8.825000e-01 -2.776615e-01 4.613400e-01
-1.135000e-01 8.820000e-01 -2.777356e-01 4.611095e-01 -1.125000e-01 8.820000e-01 -2.776663e-01 4.613265e-01
-1.120000e-01 8.815000e-01 -2.777399e-01 4.610976e-01 -1.125000e-01 8.820000e-01 -2.776663e-01 4.613265e-01
-4.450000e-01 8.825000e-01 -2.726776e-01 4.657867e-01 -4.445000e-01 8.830000e-01 -2.727536e-01 4.660013e-01
-4.445000e-01 8.830000e-01 -2.727536e-01 4.660013e-01 -4.440000e-01 8.835000e-01 -2.728299e-01 4.662167e-01
-1.145000e-01 8.830000e-01 -2.775882e-01 4.615712e-01 -1.150000e-01 8.835000e-01 -2.775147e-01 4.618032e-01
-1.140000e-01 8.825000e-01 -2.776615e-01 4.613400e-01 -1.145000e-01 8.830000e-01 -2.775882e-01 4.615712e-01
-4.440000e-01 8.835000e-01 -2.728299e-01 4.662167e-01 -4.435000e-01 8.840000e-01 -2.729055e-01 4.664328e-01
-4.435000e-01 8.840000e-01 -2.729055e-01 4.664328e-01 -4.425000e-01 8.840000e-01 -2.728232e-01 4.661989e-01
-4.425000e-01 8.840000e-01 -2.728232e-01 4.661989e-01 -4.420000e-01 8.845000e-01 -2.728994e-01 4.664165e-01
-1.165000e-01 8.840000e-01 -2.775088e-01 4.618230e-01 -1.170000e-01 8.845000e-01 -2.774356e-01 4.620573e-01
-1.165000e-01 8.840000e-01 -2.775088e-01 4.618230e-01 -1.155000e-01 8.840000e-01 -2.774419e-01 4.620359e-01
-1.150000e-01 8.835000e-01 -2.775147e-01 4.618032e-01 -1.155000e-01 8.840000e-01 -2.774419e-01 4.620359e-01
-4.420000e-01 8.845000e-01 -2.728994e-01 4.664165e-01 -4.415000e-01 8.850000e-01 -2.729747e-01 4.666349e-01
-4.415000e-01 8.850000e-01 -2.729747e-01 4.666349e-01 -4.405000e-01 8.850000e-01 -2.728945e-01 4.664034e-01
-4.405000e-01 8.850000e-01 -2.728945e-01 4.664034e-01 -4.400000e-01 8.855000e-01 -2.729704e-01 4.666234e-01
-1.185000e-01 8.850000e-01 -2.774282e-01 4.620819e-01 -1.190000e-01 8.855000e-01 -2.773554e-01 4.623185e-01
-1.185000e-01 8.850000e-01 -2.774282e-01 4.620819e-01 -1.175000e-01 8.850000e-01 -2.773632e-01 4.622922e-01
-1.170000e-01 8.845000e-01 -2.774356e-01 4.620573e-01 -1.175000e-01 8.850000e-01 -2.773632e-01 4.622922e-01
-4.400000e-01 8.855000e-01 -2.729704e-01 4.666234e-01 -4.395000e-01 8.860000e-01 -2.730456e-01 4.668440e-01
-4.395000e-01 8.860000e-01 -2.730456e-01 4.668440e-01 -4.385000e-01 8.860000e-01 -2.729674e-01 4.666149e-01
-4.385000e-01 8.860000e-01 -2.729674e-01 4.666149e-01 -4.380000e-01 8.865000e-01 -2.730431e-01 4.668371e-01
-1.205000e-01 8.860000e-01 -2.773465e-01 4.623480e-01 -1.210000e-01 8.865000e-01 -2.772741e-01 4.625869e-01
-1.205000e-01 8.860000e-01 -2.773465e-01 4.623480e-01 -1.195000e-01 8.860000e-01 -2.772833e-01 4.625557e-01
-1.190000e-01 8.855000e-01 -2.773554e-01 4.623185e-01 -1.195000e-01 8.860000e-01 -2.772833e-01 4.625557e-01
-4.380000e-01 8.865000e-01 -2.730431e-01 4.668371e-01 -4.375000e-01 8.870000e-01 -2.731180e-01 4.670600e-01
-4.375000e-01 8.870000e-01 -2.731180e-01 4.670600e-01 -4.365000e-01 8.870000e-01 -2.730417e-01 4.668334e-01
-4.365000e-01 8.870000e-01 -2.730417e-01 4.668334e-01 -4.360000e-01 8.875000e-01 -2.731171e-01 4.670579e-01
-1.225000e-01 8.870000e-01 -2.772638e-01 4.626213e-01 -1.230000e-01 8.875000e-01 -2.771918e-01 4.628624e-01
-1.225000e-01 8.870000e-01 -2.772638e-01 4.626213e-01 -1.215000e-01 8.870000e-01 -2.772024e-01 4.628264e-01
-1.210000e-01 8.865000e-01 -2.772741e-01 4.625869e-01 -1.215000e-01 8.870000e-01 -2.772024e-01 4.628264e-01
-4.360000e-01 8.875000e-01 -2.731171e-01 4.670579e-01 -4.355000e-01 8.880000e-01 -2.731918e-01 4.672831e-01
-4.355000e-01 8.880000e-01 -2.731918e-01 4.672831e-01 -4.345000e-01 8.880000e-01 -2.731174e-01 4.670590e-01
-4.345000e-01 8.880000e-01 -2.731174e-01 4.670590e-01 -4.340000e-01 8.885000e-01 -2.731926e-01 4.672857e-01
-1.245000e-01 8.880000e-01 -2.771803e-01 4.629017e-01 -1.250000e-01 8.885000e-01 -2.771087e-01 4.631451e-01
-1.245000e-01 8.880000e-01 -2.771803e-01 4.629017e-01 -1.235000e-01 8.880000e-01 -2.771206e-01 4.631042e-01
-1.230000e-01 8.875000e-01 -2.771918e-01 4.628624e-01 -1.235000e-01 8.880000e-01 -2.771206e-01 4.631042e-01
-4.340000e-01 8.885000e-01 -2.731926e-01 4.672857e-01 -4.335000e-01 8.890000e-01 -2.732669e-01 4.675132e-01
-4.335000e-01 8.890000e-01 -2.732669e-01 4.675132e-01 -4.325000e-01 8.890000e-01 -2.731945e-01 4.672916e-01
-4.325000e-01 8.890000e-01 -2.731945e-01 4.672916e-01 -4.320000e-01 8.895000e-01 -2.732693e-01 4.675206e-01
-1.265000e-01 8.890000e-01 -2.770960e-01 4.631894e-01 -1.270000e-01 8.895000e-01 -2.770249e-01 4.634350e-01
-1.265000e-01 8.890000e-01 -2.770960e-01 4.631894e-01 -1.255000e-01 8.890000e-01 -2.770380e-01 4.633892e-01
-1.250000e-01 8.885000e-01 -2.771087e-01 4.631451e-01 -1.255000e-01 8.890000e-01 -2.770380e-01 4.633892e-01
-4.320000e-01 8.895000e-01 -2.732693e-01 4.675206e-01 -4.315000e-01 8.900000e-01 -2.733432e-01 4.677503e-01
-4.315000e-01 8.900000e-01 -2.733432e-01 4.677503e-01 -4.305000e-01 8.900000e-01 -2.732726e-01 4.675313e-01
-4.305000e-01 8.900000e-01 -2.732726e-01 4.675313e-01 -4.300000e-01 8.905000e-01 -2.733471e-01 4.677626e-01
-1.285000e-01 8.900000e-01 -2.770110e-01 4.634842e-01 -1.290000e-01 8.905000e-01 -2.769404e-01 4.637321e-01
-1.285000e-01 8.900000e-01 -2.770110e-01 4.634842e-01 -1.275000e-01 8.900000e-01 -2.769546e-01 4.636813e-01
-1.270000e-01 8.895000e-01 -2.770249e-01 4.634350e-01 -1.275000e-01 8.900000e-01 -2.769546e-01 4.636813e-01
-4.300000e-01 8.905000e-01 -2.733471e-01 4.677626e-01 -4.295000e-01 8.910000e-01 -2.734207e-01 4.679945e-01
-4.295000e-01 8.910000e-01 -2.734207e-01 4.679945e-01 -4.285000e-01 8.910000e-01 -2.733519e-01 4.677780e-01
-4.285000e-01 8.910000e-01 -2.733519e-01 4.677780e-01 -4.280000e-01 8.915000e-01 -2.734260e-01 4.680116e-01
-1.305000e-01 8.910000e-01 -2.769254e-01 4.637862e-01 -1.310000e-01 8.915000e-01 -2.768554e-01 4.640364e-01
-1.305000e-01 8.910000e-01 -2.769254e-01 4.637862e-01 -1.295000e-01 8.910000e-01 -2.768707e-01 4.639806e-01
-1.290000e-01 8.905000e-01 -2.769404e-01 4.637321e-01 -1.295000e-01 8.910000e-01 -2.768707e-01 4.639806e-01
-4.280000e-01 8.915000e-01 -2.734260e-01 4.680116e-01 -4.275000e-01 8.920000e-01 -2.734992e-01 4.682458e-01
-4.275000e-01 8.920000e-01 -2.734992e-01 4.682458e-01 -4.265000e-01 8.920000e-01 -2.734321e-01 4.680319e-01
-4.265000e-01 8.920000e-01 -2.734321e-01 4.680319e-01 -4.260000e-01 8.925000e-01 -2.735058e-01 4.682678e-01
-1.325000e-01 8.920000e-01 -2.768394e-01 4.640954e-01 -1.330000e-01 8.925000e-01 -2.767699e-01 4.643479e-01
-1.325000e-01 8.920000e-01 -2.768394e-01 4.640954e-01 -1.315000e-01 8.920000e-01 -2.767862e-01 4.642872e-01
-1.310000e-01 8.915000e-01 -2.768554e-01 4.640364e-01 -1.315000e-01 8.920000e-01 -2.767862e-01 4.642872e-01
-4.260000e-01 8.925000e-01 -2.735058e-01 4.682678e-01 -4.255000e-01 8.930000e-01 -2.735786e-01 4.685042e-01
-4.255000e-01 8.930000e-01 -2.735786e-01 4.685042e-01 -4.245000e-01 8.930000e-01 -2.735133e-01 4.682929e-01
-4.245000e-01 8.930000e-01 -2.735133e-01 4.682929e-01 -4.240000e-01 8.935000e-01 -2.735864e-01 4.685310e-01
-1.355000e-01 8.930000e-01 -2.768033e-01 4.642239e-01 -1.360000e-01 8.935000e-01 -2.767344e-01 4.644794e-01
-1.355000e-01 8.930000e-01 -2.768033e-01 4.642239e-01 -1.345000e-01 8.930000e-01 -2.767529e-01 4.644119e-01
-1.345000e-01 8.930000e-01 -2.767529e-01 4.644119e-01 -1.335000e-01 8.930000e-01 -2.767013e-01 4.646010e-01
-1.330000e-01 8.925000e-01 -2.767699e-01 4.643479e-01 -1.335000e-01 8.930000e-01 -2.767013e-01 4.646010e-01
-4.240000e-01 8.935000e-01 -2.735864e-01 4.685310e-01 -4.235000e-01 8.940000e-01 -2.736588e-01 4.687697e-01
-4.235000e-01 8.940000e-01 -2.736588e-01 4.687697e-01 -4.225000e-01 8.940000e-01 -2.735951e-01 4.685610e-01
-4.225000e-01 8.940000e-01 -2.735951e-01 4.685610e-01 -4.215000e-01 8.940000e-01 -2.735328e-01 4.683532e-01
-4.215000e-01 8.940000e-01 -2.735328e-01 4.683532e-01 -4.210000e-01 8.945000e-01 -2.736056e-01 4.685944e-01
-1.375000e-01 8.940000e-01 -2.767152e-01 4.645503e-01 -1.380000e-01 8.945000e-01 -2.766469e-01 4.648081e-01
-1.375000e-01 8.940000e-01 -2.767152e-01 4.645503e-01 -1.365000e-01 8.940000e-01 -2.766663e-01 4.647356e-01
-1.360000e-01 8.935000e-01 -2.767344e-01 4.644794e-01 -1.365000e-01 8.940000e-01 -2.766663e-01 4.647356e-01
-4.210000e-01 8.945000e-01 -2.736056e-01 4.685944e-01 -4.205000e-01 8.950000e-01 -2.736777e-01 4.688362e-01
-4.205000e-01 8.950000e-01 -2.736777e-01 4.688362e-01 -4.195000e-01 8.950000e-01 -2.736169e-01 4.686311e-01
-4.195000e-01 8.950000e-01 -2.736169e-01 4.686311e-01 -4.190000e-01 8.955000e-01 -2.736892e-01 4.688745e-01
-1.395000e-01 8.950000e-01 -2.766269e-01 4.648840e-01 -1.400000e-01 8.955000e-01 -2.765593e-01 4.651440e-01
-1.395000e-01 8.950000e-01 -2.766269e-01 4.648840e-01 -1.385000e-01 8.950000e-01 -2.765794e-01 4.650665e-01
-1.380000e-01 8.945000e-01 -2.766469e-01 4.648081e-01 -1.385000e-01 8.950000e-01 -2.765794e-01 4.650665e-01
-4.190000e-01 8.955000e-01 -2.736892e-01 4.688745e-01 -4.185000e-01 8.960000e-01 -2.737608e-01 4.691186e-01
-4.185000e-01 8.960000e-01 -2.737608e-01 4.691186e-01 -4.175000e-01 8.960000e-01 -2.737016e-01 4.689161e-01
-4.175000e-01 8.960000e-01 -2.737016e-01 4.689161e-01 -4.170000e-01 8.965000e-01 -2.737734e-01 4.691618e-01
-1.415000e-01 8.960000e-01 -2.765386e-01 4.652249e-01 -1.420000e-01 8.965000e-01 -2.764717e-01 4.654872e-01
-1.415000e-01 8.960000e-01 -2.765386e-01 4.652249e-01 -1.405000e-01 8.960000e-01 -2.764925e-01 4.654047e-01
-1.400000e-01 8.955000e-01 -2.765593e-01 4.651440e-01 -1.405000e-01 8.960000e-01 -2.764925e-01 4.654047e-01
-4.170000e-01 8.965000e-01 -2.737734e-01 4.691618e-01 -4.165000e-01 8.970000e-01 -2.738443e-01 4.694082e-01
-4.165000e-01 8.970000e-01 -2.738443e-01 4.694082e-01 -4.155000e-01 8.970000e-01 -2.737866e-01 4.692083e-01
-4.155000e-01 8.970000e-01 -2.737866e-01 4.692083e-01 -4.150000e-01 8.975000e-01 -2.738579e-01 4.694563e-01
-1.445000e-01 8.970000e-01 -2.764941e-01 4.653972e-01 -1.450000e-01 8.975000e-01 -2.764278e-01 4.656626e-01
-1.445000e-01 8.970000e-01 -2.764941e-01 4.653972e-01 -1.435000e-01 8.970000e-01 -2.764505e-01 4.655731e-01
-1.435000e-01 8.970000e-01 -2.764505e-01 4.655731e-01 -1.425000e-01 8.970000e-01 -2.764057e-01 4.657501e-01
-1.420000e-01 8.965000e-01 -2.764717e-01 4.654872e-01 -1.425000e-01 8.970000e-01 -2.764057e-01 4.657501e-01
-4.150000e-01 8.975000e-01 -2.738579e-01 4.694563e-01 -4.145000e-01 8.980000e-01 -2.739283e-01 4.697049e-01
-4.145000e-01 8.980000e-01 -2.739283e-01 4.697049e-01 -4.135000e-01 8.980000e-01 -2.738721e-01 4.695078e-01
-4.135000e-01 8.980000e-01 -2.738721e-01 4.695078e-01 -4.125000e-01 8.980000e-01 -2.738171e-01 4.693116e-01
-4.125000e-01 8.980000e-01 -2.738171e-01 4.693116e-01 -4.120000e-01 8.985000e-01 -2.738878e-01 4.695627e-01
-1.465000e-01 8.980000e-01 -2.764048e-01 4.657553e-01 -1.470000e-01 8.985000e-01 -2.763394e-01 4.660230e-01
-1.465000e-01 8.980000e-01 -2.764048e-01 4.657553e-01 -1.455000e-01 8.980000e-01 -2.763625e-01 4.659285e-01
-1.450000e-01 8.975000e-01 -2.764278e-01 4.656626e-01 -1.455000e-01 8.980000e-01 -2.763625e-01 4.659285e-01
-4.120000e-01 8.985000e-01 -2.738878e-01 4.695627e-01 -4.115000e-01 8.990000e-01 -2.739577e-01 4.698144e-01
-4.115000e-01 8.990000e-01 -2.739577e-01 4.698144e-01 -4.105000e-01 8.990000e-01 -2.739041e-01 4.696209e-01
-4.105000e-01 8.990000e-01 -2.739041e-01 4.696209e-01 -4.100000e-01 8.995000e-01 -2.739742e-01 4.698742e-01
-1.485000e-01 8.990000e-01 -2.763159e-01 4.661209e-01 -1.490000e-01 8.995000e-01 -2.762512e-01 4.663907e-01
-1.485000e-01 8.990000e-01 -2.763159e-01 4.661209e-01 -1.475000e-01 8.990000e-01 -2.762748e-01 4.662912e-01
-1.470000e-01 8.985000e-01 -2.763394e-01 4.660230e-01 -1.475000e-01 8.990000e-01 -2.762748e-01 4.662912e-01
-4.100000e-01 8.995000e-01 -2.739742e-01 4.698742e-01 -4.095000e-01 9.000000e-01 -2.740434e-01 4.701281e-01
-4.095000e-01 9.000000e-01 -2.740434e-01 4.701281e-01 -4.085000e-01 9.000000e-01 -2.739912e-01 4.699374e-01
-4.085000e-01 9.000000e-01 -2.739912e-01 4.699374e-01 -4.075000e-01 9.000000e-01 -2.739403e-01 4.697477e-01
-4.075000e-01 9.000000e-01 -2.739403e-01 4.697477e-01 -4.070000e-01 9.005000e-01 -2.740097e-01 4.700041e-01
-1.515000e-01 9.000000e-01 -2.762662e-01 4.663272e-01 -1.520000e-01 9.005000e-01 -2.762024e-01 4.666001e-01
-1.515000e-01 9.000000e-01 -2.762662e-01 4.663272e-01 -1.505000e-01 9.000000e-01 -2.762274e-01 4.664936e-01
-1.505000e-01 9.000000e-01 -2.762274e-01 4.664936e-01 -1.495000e-01 9.000000e-01 -2.761874e-01 4.666611e-01
-1.490000e-01 8.995000e-01 -2.762512e-01 4.663907e-01 -1.495000e-01 9.000000e-01 -2.761874e-01 4.666611e-01
-4.070000e-01 9.005000e-01 -2.740097e-01 4.700041e-01 -4.065000e-01 9.010000e-01 -2.740783e-01 4.702611e-01
-4.065000e-01 9.010000e-01 -2.740783e-01 4.702611e-01 -4.055000e-01 9.010000e-01 -2.740287e-01 4.700742e-01
-4.055000e-01 9.010000e-01 -2.740287e-01 4.700742e-01 -4.050000e-01 9.015000e-01 -2.740974e-01 4.703328e-01
-1.535000e-01 9.010000e-01 -2.761771e-01 4.667100e-01 -1.540000e-01 9.015000e-01 -2.761142e-01 4.669851e-01
-1.535000e-01 9.010000e-01 -2.761771e-01 4.667100e-01 -1.525000e-01 9.010000e-01 -2.761394e-01 4.668736e-01
-1.520000e-01 9.005000e-01 -2.762024e-01 4.666001e-01 -1.525000e-01 9.010000e-01 -2.761394e-01 4.668736e-01
-4.050000e-01 9.015000e-01 -2.740974e-01 4.703328e-01 -4.045000e-01 9.020000e-01 -2.741652e-01 4.705920e-01
-4.045000e-01 9.020000e-01 -2.741652e-01 4.705920e-01 -4.035000e-01 9.020000e-01 -2.741169e-01 4.704078e-01
-4.035000e-01 9.020000e-01 -2.741169e-01 4.704078e-01 -4.025000e-01 9.020000e-01 -2.740697e-01 4.702247e-01
-4.025000e-01 9.020000e-01 -2.740697e-01 4.702247e-01 -4.020000e-01 9.025000e-01 -2.741376e-01 4.704864e-01
-1.565000e-01 9.020000e-01 -2.761242e-01 4.669405e-01 -1.570000e-01 9.025000e-01 -2.760623e-01 4.672187e-01
-1.565000e-01 9.020000e-01 -2.761242e-01 4.669405e-01 -1.555000e-01 9.020000e-01 -2.760887e-01 4.671001e-01
-1.555000e-01 9.020000e-01 -2.760887e-01 4.671001e-01 -1.545000e-01 9.020000e-01 -2.760521e-01 4.672608e-01
-1.540000e-01 9.015000e-01 -2.761142e-01 4.669851e-01 -1.545000e-01 9.020000e-01 -2.760521e-01 4.672608e-01
-4.020000e-01 9.025000e-01 -2.741376e-01 4.704864e-01 -4.015000e-01 9.030000e-01 -2.742048e-01 4.707487e-01
-4.015000e-01 9.030000e-01 -2.742048e-01 4.707487e-01 -4.005000e-01 9.030000e-01 -2.741588e-01 4.705684e-01
-4.005000e-01 9.030000e-01 -2.741588e-01 4.705684e-01 -4.000000e-01 9.035000e-01 -2.742260e-01 4.708323e-01
-1.595000e-01 9.030000e-01 -2.760691e-01 4.671851e-01 -1.600000e-01 9.035000e-01 -2.760081e-01 4.674663e-01
-1.595000e-01 9.030000e-01 -2.760691e-01 4.671851e-01 -1.585000e-01 9.030000e-01 -2.760356e-01 4.673406e-01
-1.585000e-01 9.030000e-01 -2.760356e-01 4.673406e-01 -1.575000e-01 9.030000e-01 -2.760011e-01 4.674974e-01
-1.570000e-01 9.025000e-01 -2.760623e-01 4.672187e-01 -1.575000e-01 9.030000e-01 -2.760011e-01 4.674974e-01
-4.000000e-01 9.035000e-01 -2.742260e-01 4.708323e-01 -3.995000e-01 9.040000e-01 -2.742923e-01 4.710968e-01
-3.995000e-01 9.040000e-01 -2.742923e-01 4.710968e-01 -3.985000e-01 9.040000e-01 -2.742475e-01 4.709193e-01
-3.985000e-01 9.040000e-01 -2.742475e-01 4.709193e-01 -3.975000e-01 9.040000e-01 -2.742038e-01 4.707428e-01
-3.975000e-01 9.040000e-01 -2.742038e-01 4.707428e-01 -3.970000e-01 9.045000e-01 -2.742701e-01 4.710098e-01
-1.615000e-01 9.040000e-01 -2.759804e-01 4.675954e-01 -1.620000e-01 9.045000e-01 -2.759204e-01 4.678788e-01
-1.615000e-01 9.040000e-01 -2.759804e-01 4.675954e-01 -1.605000e-01 9.040000e-01 -2.759479e-01 4.677481e-01
-1.600000e-01 9.035000e-01 -2.760081e-01 4.674663e-01 -1.605000e-01 9.040000e-01 -2.759479e-01 4.677481e-01
-3.970000e-01 9.045000e-01 -2.742701e-01 4.710098e-01 -3.965000e-01 9.050000e-01 -2.743357e-01 4.712774e-01
-3.965000e-01 9.050000e-01 -2.743357e-01 4.712774e-01 -3.955000e-01 9.050000e-01 -2.742930e-01 4.711037e-01
-3.955000e-01 9.050000e-01 -2.742930e-01 4.711037e-01 -3.945000e-01 9.050000e-01 -2.742515e-01 4.709312e-01
-3.945000e-01 9.050000e-01 -2.742515e-01 4.709312e-01 -3.940000e-01 9.055000e-01 -2.743170e-01 4.712012e-01
-1.645000e-01 9.050000e-01 -2.759235e-01 4.678642e-01 -1.650000e-01 9.055000e-01 -2.758645e-01 4.681507e-01
-1.645000e-01 9.050000e-01 -2.759235e-01 4.678642e-01 -1.635000e-01 9.050000e-01 -2.758929e-01 4.680129e-01
-1.635000e-01 9.050000e-01 -2.758929e-01 4.680129e-01 -1.625000e-01 9.050000e-01 -2.758612e-01 4.681627e-01
-1.620000e-01 9.045000e-01 -2.759204e-01 4.678788e-01 -1.625000e-01 9.050000e-01 -2.758612e-01 4.681627e-01
-3.940000e-01 9.055000e-01 -2.743170e-01 4.712012e-01 -3.935000e-01 9.060000e-01 -2.743817e-01 4.714719e-01
-3.935000e-01 9.060000e-01 -2.743817e-01 4.714719e-01 -3.925000e-01 9.060000e-01 -2.743412e-01 4.713021e-01
-3.925000e-01 9.060000e-01 -2.743412e-01 4.713021e-01 -3.915000e-01 9.060000e-01 -2.743018e-01 4.711336e-01
-3.915000e-01 9.060000e-01 -2.743018e-01 4.711336e-01 -3.910000e-01 9.065000e-01 -2.743663e-01 4.714067e-01
-1.675000e-01 9.060000e-01 -2.758650e-01 4.681473e-01 -1.680000e-01 9.065000e-01 -2.758072e-01 4.684368e-01
-1.675000e-01 9.060000e-01 -2.758650e-01 4.681473e-01 -1.665000e-01 9.060000e-01 -2.758362e-01 4.682919e-01
-1.665000e-01 9.060000e-01 -2.758362e-01 4.682919e-01 -1.655000e-01 9.060000e-01 -2.758064e-01 4.684377e-01
-1.650000e-01 9.055000e-01 -2.758645e-01 4.681507e-01 -1.655000e-01 9.060000e-01 -2.758064e-01 4.684377e-01
-3.910000e-01 9.065000e-01 -2.743663e-01 4.714067e-01 -3.905000e-01 9.070000e-01 -2.744300e-01 4.716803e-01
-3.905000e-01 9.070000e-01 -2.744300e-01 4.716803e-01 -3.895000e-01 9.070000e-01 -2.743916e-01 4.715146e-01
-3.895000e-01 9.070000e-01 -2.743916e-01 4.715146e-01 -3.890000e-01 9.075000e-01 -2.744552e-01 4.717899e-01
-1.705000e-01 9.070000e-01 -2.758053e-01 4.684446e-01 -1.710000e-01 9.075000e-01 -2.757487e-01 4.687372e-01
-1.705000e-01 9.070000e-01 -2.758053e-01 4.684446e-01 -1.695000e-01 9.070000e-01 -2.757783e-01 4.685851e-01
-1.695000e-01 9.070000e-01 -2.757783e-01 4.685851e-01 -1.685000e-01 9.070000e-01 -2.757503e-01 4.687267e-01
-1.680000e-01 9.065000e-01 -2.758072e-01 4.684368e-01 -1.685000e-01 9.070000e-01 -2.757503e-01 4.687267e-01
-3.890000e-01 9.075000e-01 -2.744552e-01 4.717899e-01 -3.885000e-01 9.080000e-01 -2.745179e-01 4.720658e-01
-3.885000e-01 9.080000e-01 -2.745179e-01 4.720658e-01 -3.875000e-01 9.080000e-01 -2.744804e-01 4.719028e-01
-3.875000e-01 9.080000e-01 -2.744804e-01 4.719028e-01 -3.865000e-01 9.080000e-01 -2.744439e-01 4.717411e-01
-3.865000e-01 9.080000e-01 -2.744439e-01 4.717411e-01 -3.860000e-01 9.085000e-01 -2.745065e-01 4.720194e-01
-1.735000e-01 9.080000e-01 -2.757447e-01 4.687563e-01 -1.740000e-01 9.085000e-01 -2.756894e-01 4.690517e-01
-1.735000e-01 9.080000e-01 -2.757447e-01 4.687563e-01 -1.725000e-01 9.080000e-01 -2.757193e-01 4.688926e-01
-1.725000e-01 9.080000e-01 -2.757193e-01 4.688926e-01 -1.715000e-01 9.080000e-01 -2.756930e-01 4.690301e-01
-1.710000e-01 9.075000e-01 -2.757487e-01 4.687372e-01 -1.715000e-01 9.080000e-01 -2.756930e-01 4.690301e-01
-3.860000e-01 9.085000e-01 -2.745065e-01 4.720194e-01 -3.855000e-01 9.090000e-01 -2.745682e-01 4.722983e-01
-3.855000e-01 9.090000e-01 -2.745682e-01 4.722983e-01 -3.845000e-01 9.090000e-01 -2.745326e-01 4.721394e-01
-3.845000e-01 9.090000e-01 -2.745326e-01 4.721394e-01 -3.835000e-01 9.090000e-01 -2.744980e-01 4.719817e-01
-3.835000e-01 9.090000e-01 -2.744980e-01 4.719817e-01 -3.825000e-01 9.090000e-01 -2.744644e-01 4.718251e-01
-3.825000e-01 9.090000e-01 -2.744644e-01 4.718251e-01 -3.820000e-01 9.095000e-01 -2.745257e-01 4.721073e-01
-1.765000e-01 9.090000e-01 -2.756835e-01 4.690821e-01 -1.770000e-01 9.095000e-01 -2.756295e-01 4.693806e-01
-1.765000e-01 9.090000e-01 -2.756835e-01 4.690821e-01 -1.755000e-01 9.090000e-01 -2.756597e-01 4.692143e-01
-1.755000e-01 9.090000e-01 -2.756597e-01 4.692143e-01 -1.745000e-01 9.090000e-01 -2.756349e-01 4.693476e-01
-1.740000e-01 9.085000e-01 -2.756894e-01 4.690517e-01 -1.745000e-01 9.090000e-01 -2.756349e-01 4.693476e-01
-3.820000e-01 9.095000e-01 -2.745257e-01 4.721073e-01 -3.815000e-01 9.100000e-01 -2.745863e-01 4.723901e-01
-3.815000e-01 9.100000e-01 -2.745863e-01 4.723901e-01 -3.805000e-01 9.100000e-01 -2.745534e-01 4.722364e-01
-3.805000e-01 9.100000e-01 -2.745534e-01 4.722364e-01 -3.795000e-01 9.100000e-01 -2.745216e-01 4.720839e-01
-3.795000e-01 9.100000e-01 -2.745216e-01 4.720839e-01 -3.790000e-01 9.105000e-01 -2.745818e-01 4.723691e-01
-1.795000e-01 9.100000e-01 -2.756220e-01 4.694223e-01 -1.800000e-01 9.105000e-01 -2.755694e-01 4.697237e-01
-1.795000e-01 9.100000e-01 -2.756220e-01 4.694223e-01 -1.785000e-01 9.100000e-01 -2.755996e-01 4.695503e-01
-1.785000e-01 9.100000e-01 -2.755996e-01 4.695503e-01 -1.775000e-01 9.100000e-01 -2.755764e-01 4.696794e-01
-1.770000e-01 9.095000e-01 -2.756295e-01 4.693806e-01 -1.775000e-01 9.100000e-01 -2.755764e-01 4.696794e-01
-3.790000e-01 9.105000e-01 -2.745818e-01 4.723691e-01 -3.785000e-01 9.110000e-01 -2.746411e-01 4.726549e-01
-3.785000e-01 9.110000e-01 -2.746411e-01 4.726549e-01 -3.775000e-01 9.110000e-01 -2.746100e-01 4.725053e-01
-3.775000e-01 9.110000e-01 -2.746100e-01 4.725053e-01 -3.765000e-01 9.110000e-01 -2.745798e-01 4.723568e-01
-3.765000e-01 9.110000e-01 -2.745798e-01 4.723568e-01 -3.760000e-01 9.115000e-01 -2.746387e-01 4.726451e-01
-1.835000e-01 9.110000e-01 -2.755806e-01 4.696542e-01 -1.840000e-01 9.115000e-01 -2.755296e-01 4.699594e-01
-1.835000e-01 9.110000e-01 -2.755806e-01 4.696542e-01 -1.825000e-01 9.110000e-01 -2.755605e-01 4.697767e-01
-1.825000e-01 9.110000e-01 -2.755605e-01 4.697767e-01 -1.815000e-01 9.110000e-01 -2.755395e-01 4.699005e-01
-1.815000e-01 9.110000e-01 -2.755395e-01 4.699005e-01 -1.805000e-01 9.110000e-01 -2.755176e-01 4.700256e-01
-1.800000e-01 9.105000e-01 -2.755694e-01 4.697237e-01 -1.805000e-01 9.110000e-01 -2.755176e-01 4.700256e-01
-3.760000e-01 9.115000e-01 -2.746387e-01 4.726451e-01 -3.755000e-01 9.120000e-01 -2.746968e-01 4.729339e-01
-3.755000e-01 9.120000e-01 -2.746968e-01 4.729339e-01 -3.745000e-01 9.120000e-01 -2.746673e-01 4.727883e-01
-3.745000e-01 9.120000e-01 -2.746673e-01 4.727883e-01 -3.735000e-01 9.120000e-01 -2.746387e-01 4.726440e-01
-3.735000e-01 9.120000e-01 -2.746387e-01 4.726440e-01 -3.725000e-01 9.120000e-01 -2.746109e-01 4.725009e-01
-3.725000e-01 9.120000e-01 -2.746109e-01 4.725009e-01 -3.720000e-01 9.125000e-01 -2.746684e-01 4.727930e-01
-1.865000e-01 9.120000e-01 -2.755181e-01 4.700272e-01 -1.870000e-01 9.125000e-01 -2.754686e-01 4.703353e-01
-1.865000e-01 9.120000e-01 -2.755181e-01 4.700272e-01 -1.855000e-01 9.120000e-01 -2.754992e-01 4.701455e-01
-1.855000e-01 9.120000e-01 -2.754992e-01 4.701455e-01 -1.845000e-01 9.120000e-01 -2.754795e-01 4.702651e-01
-1.840000e-01 9.115000e-01 -2.755296e-01 4.699594e-01 -1.845000e-01 9.120000e-01 -2.754795e-01 4.702651e-01
-3.720000e-01 9.125000e-01 -2.746684e-01 4.727930e-01 -3.715000e-01 9.130000e-01 -2.747251e-01 4.730856e-01
-3.715000e-01 9.130000e-01 -2.747251e-01 4.730856e-01 -3.705000e-01 9.130000e-01 -2.746980e-01 4.729454e-01
-3.705000e-01 9.130000e-01 -2.746980e-01 4.729454e-01 -3.695000e-01 9.130000e-01 -2.746717e-01 4.728065e-01
-3.695000e-01 9.130000e-01 -2.746717e-01 4.728065e-01 -3.690000e-01 9.135000e-01 -2.747279e-01 4.731015e-01
-1.905000e-01 9.130000e-01 -2.754731e-01 4.703017e-01 -1.910000e-01 9.135000e-01 -2.754255e-01 4.706136e-01
-1.905000e-01 9.130000e-01 -2.754731e-01 4.703017e-01 -1.895000e-01 9.130000e-01 -2.754562e-01 4.704145e-01
-1.895000e-01 9.130000e-01 -2.754562e-01 4.704145e-01 -1.885000e-01 9.130000e-01 -2.754385e-01 4.705286e-01
-1.885000e-01 9.130000e-01 -2.754385e-01 4.705286e-01 -1.875000e-01 9.130000e-01 -2.754200e-01 4.706439e-01
-1.870000e-01 9.125000e-01 -2.754686e-01 4.703353e-01 -1.875000e-01 9.130000e-01 -2.754200e-01 4.706439e-01
-3.690000e-01 9.135000e-01 -2.747279e-01 4.731015e-01 -3.685000e-01 9.140000e-01 -2.747832e-01 4.733971e-01
-3.685000e-01 9.140000e-01 -2.747832e-01 4.733971e-01 -3.675000e-01 9.140000e-01 -2.747574e-01 4.732611e-01
-3.675000e-01 9.140000e-01 -2.747574e-01 4.732611e-01 -3.665000e-01 9.140000e-01 -2.747325e-01 4.731263e-01
-3.665000e-01 9.140000e-01 -2.747325e-01 4.731263e-01 -3.655000e-01 9.140000e-01 -2.747084e-01 4.729927e-01
-3.655000e-01 9.140000e-01 -2.747084e-01 4.729927e-01 -3.650000e-01 9.145000e-01 -2.747630e-01 4.732916e-01
-1.945000e-01 9.140000e-01 -2.754263e-01 4.706003e-01 -1.950000e-01 9.145000e-01 -2.753805e-01 4.709159e-01
-1.945000e-01 9.140000e-01 -2.754263e-01 4.706003e-01 -1.935000e-01 9.140000e-01 -2.754112e-01 4.707076e-01
-1.935000e-01 9.140000e-01 -2.754112e-01 4.707076e-01 -1.925000e-01 9.140000e-01 -2.753953e-01 4.708161e-01
-1.925000e-01 9.140000e-01 -2.753953e-01 4.708161e-01 -1.915000e-01 9.140000e-01 -2.753786e-01 4.709259e-01
-1.910000e-01 9.135000e-01 -2.754255e-01 4.706136e-01 -1.915000e-01 9.140000e-01 -2.753786e-01 4.709259e-01
-3.650000e-01 9.145000e-01 -2.747630e-01 4.732916e-01 -3.645000e-01 9.150000e-01 -2.748167e-01 4.735909e-01
-3.645000e-01 9.150000e-01 -2.748167e-01 4.735909e-01 -3.635000e-01 9.150000e-01 -2.747930e-01 4.734603e-01
-3.635000e-01 9.150000e-01 -2.747930e-01 4.734603e-01 -3.625000e-01 9.150000e-01 -2.747702e-01 4.733310e-01
-3.625000e-01 9.150000e-01 -2.747702e-01 4.733310e-01 -3.615000e-01 9.150000e-01 -2.747482e-01 4.732028e-01
-3.615000e-01 9.150000e-01 -2.747482e-01 4.732028e-01 -3.610000e-01 9.155000e-01 -2.748010e-01 4.735055e-01
-1.985000e-01 9.150000e-01 -2.753782e-01 4.709231e-01 -1.990000e-01 9.155000e-01 -2.753345e-01 4.712424e-01
-1.985000e-01 9.150000e-01 -2.753782e-01 4.709231e-01 -1.975000e-01 9.150000e-01 -2.753647e-01 4.710247e-01
-1.975000e-01 9.150000e-01 -2.753647e-01 4.710247e-01 -1.965000e-01 9.150000e-01 -2.753505e-01 4.711277e-01
-1.965000e-01 9.150000e-01 -2.753505e-01 4.711277e-01 -1.955000e-01 9.150000e-01 -2.753356e-01 4.712319e-01
-1.950000e-01 9.145000e-01 -2.753805e-01 4.709159e-01 -1.955000e-01 9.150000e-01 -2.753356e-01 4.712319e-01
-3.610000e-01 9.155000e-01 -2.748010e-01 4.735055e-01 -3.605000e-01 9.160000e-01 -2.748530e-01 4.738086e-01
-3.605000e-01 9.160000e-01 -2.748530e-01 4.738086e-01 -3.595000e-01 9.160000e-01 -2.748313e-01 4.736835e-01
-3.595000e-01 9.160000e-01 -2.748313e-01 4.736835e-01 -3.585000e-01 9.160000e-01 -2.748104e-01 4.735595e-01
-3.585000e-01 9.160000e-01 -2.748104e-01 4.735595e-01 -3.575000e-01 9.160000e-01 -2.747903e-01 4.734369e-01
-3.575000e-01 9.160000e-01 -2.747903e-01 4.734369e-01 -3.570000e-01 9.165000e-01 -2.748414e-01 4.737433e-01
-2.025000e-01 9.160000e-01 -2.753296e-01 4.712701e-01 -2.030000e-01 9.165000e-01 -2.752879e-01 4.715931e-01
-2.025000e-01 9.160000e-01 -2.753296e-01 4.712701e-01 -2.015000e-01 9.160000e-01 -2.753176e-01 4.713661e-01
-2.015000e-01 9.160000e-01 -2.753176e-01 4.713661e-01 -2.005000e-01 9.160000e-01 -2.753049e-01 4.714634e-01
-2.005000e-01 9.160000e-01 -2.753049e-01 4.714634e-01 -1.995000e-01 9.160000e-01 -2.752915e-01 4.715621e-01
-1.990000e-01 9.155000e-01 -2.753345e-01 4.712424e-01 -1.995000e-01 9.160000e-01 -2.752915e-01 4.715621e-01
-3.570000e-01 9.165000e-01 -2.748414e-01 4.737433e-01 -3.565000e-01 9.170000e-01 -2.748915e-01 4.740502e-01
-3.565000e-01 9.170000e-01 -2.748915e-01 4.740502e-01 -3.555000e-01 9.170000e-01 -2.748717e-01 4.739305e-01
-3.555000e-01 9.170000e-01 -2.748717e-01 4.739305e-01 -3.545000e-01 9.170000e-01 -2.748526e-01 4.738121e-01
-3.545000e-01 9.170000e-01 -2.748526e-01 4.738121e-01 -3.535000e-01 9.170000e-01 -2.748342e-01 4.736950e-01
-3.535000e-01 9.170000e-01 -2.748342e-01 4.736950e-01 -3.530000e-01 9.175000e-01 -2.748833e-01 4.740052e-01
-2.065000e-01 9.170000e-01 -2.752810e-01 4.716412e-01 -2.070000e-01 9.175000e-01 -2.752415e-01 4.719679e-01
-2.065000e-01 9.170000e-01 -2.752810e-01 4.716412e-01 -2.055000e-01 9.170000e-01 -2.752703e-01 4.717316e-01
-2.055000e-01 9.170000e-01 -2.752703e-01 4.717316e-01 -2.045000e-01 9.170000e-01 -2.752590e-01 4.718233e-01
-2.045000e-01 9.170000e-01 -2.752590e-01 4.718233e-01 -2.035000e-01 9.170000e-01 -2.752470e-01 4.719164e-01
-2.030000e-01 9.165000e-01 -2.752879e-01 4.715931e-01 -2.035000e-01 9.170000e-01 -2.752470e-01 4.719164e-01
-3.530000e-01 9.175000e-01 -2.748833e-01 4.740052e-01 -3.525000e-01 9.180000e-01 -2.749316e-01 4.743158e-01
-3.525000e-01 9.180000e-01 -2.749316e-01 4.743158e-01 -3.515000e-01 9.180000e-01 -2.749134e-01 4.742016e-01
-3.515000e-01 9.180000e-01 -2.749134e-01 4.742016e-01 -3.505000e-01 9.180000e-01 -2.748959e-01 4.740887e-01
-3.505000e-01 9.180000e-01 -2.748959e-01 4.740887e-01 -3.495000e-01 9.180000e-01 -2.748791e-01 4.739772e-01
-3.495000e-01 9.180000e-01 -2.748791e-01 4.739772e-01 -3.485000e-01 9.180000e-01 -2.748630e-01 4.738669e-01
-3.485000e-01 9.180000e-01 -2.748630e-01 4.738669e-01 -3.480000e-01 9.185000e-01 -2.749098e-01 4.741816e-01
-2.115000e-01 9.180000e-01 -2.752421e-01 4.719532e-01 -2.120000e-01 9.185000e-01 -2.752052e-01 4.722842e-01
-2.115000e-01 9.180000e-01 -2.752421e-01 4.719532e-01 -2.105000e-01 9.180000e-01 -2.752332e-01 4.720366e-01
-2.105000e-01 9.180000e-01 -2.752332e-01 4.720366e-01 -2.095000e-01 9.180000e-01 -2.752237e-01 4.721213e-01
-2.095000e-01 9.180000e-01 -2.752237e-01 4.721213e-01 -2.085000e-01 9.180000e-01 -2.752135e-01 4.722074e-01
-2.085000e-01 9.180000e-01 -2.752135e-01 4.722074e-01 -2.075000e-01 9.180000e-01 -2.752028e-01 4.722948e-01
-2.070000e-01 9.175000e-01 -2.752415e-01 4.719679e-01 -2.075000e-01 9.180000e-01 -2.752028e-01 4.722948e-01
-3.480000e-01 9.185000e-01 -2.749098e-01 4.741816e-01 -3.475000e-01 9.190000e-01 -2.749558e-01 4.744968e-01
-3.475000e-01 9.190000e-01 -2.749558e-01 4.744968e-01 -3.465000e-01 9.190000e-01 -2.749398e-01 4.743895e-01
-3.465000e-01 9.190000e-01 -2.749398e-01 4.743895e-01 -3.455000e-01 9.190000e-01 -2.749244e-01 4.742834e-01
-3.455000e-01 9.190000e-01 -2.749244e-01 4.742834e-01 -3.445000e-01 9.190000e-01 -2.749098e-01 4.741787e-01
-3.445000e-01 9.190000e-01 -2.749098e-01 4.741787e-01 -3.435000e-01 9.190000e-01 -2.748957e-01 4.740753e-01
-3.435000e-01 9.190000e-01 -2.748957e-01 4.740753e-01 -3.430000e-01 9.195000e-01 -2.749401e-01 4.743946e-01
-2.165000e-01 9.190000e-01 -2.752021e-01 4.723020e-01 -2.170000e-01 9.195000e-01 -2.751680e-01 4.726374e-01
-2.165000e-01 9.190000e-01 -2.752021e-01 4.723020e-01 -2.155000e-01 9.190000e-01 -2.751947e-01 4.723783e-01
-2.155000e-01 9.190000e-01 -2.751947e-01 4.723783e-01 -2.145000e-01 9.190000e-01 -2.751867e-01 4.724561e-01
-2.145000e-01 9.190000e-01 -2.751867e-01 4.724561e-01 -2.135000e-01 9.190000e-01 -2.751782e-01 4.725352e-01
-2.135000e-01 9.190000e-01 -2.751782e-01 4.725352e-01 -2.125000e-01 9.190000e-01 -2.751692e-01 4.726156e-01
-2.120000e-01 9.185000e-01 -2.752052e-01 4.722842e-01 -2.125000e-01 9.190000e-01 -2.751692e-01 4.726156e-01
-3.430000e-01 9.195000e-01 -2.749401e-01 4.743946e-01 -3.425000e-01 9.200000e-01 -2.749836e-01 4.747142e-01
-3.425000e-01 9.200000e-01 -2.749836e-01 4.747142e-01 -3.415000e-01 9.200000e-01 -2.749695e-01 4.746138e-01
-3.415000e-01 9.200000e-01 -2.749695e-01 4.746138e-01 -3.405000e-01 9.200000e-01 -2.749561e-01 4.745147e-01
-3.405000e-01 9.200000e-01 -2.749561e-01 4.745147e-01 -3.395000e-01 9.200000e-01 -2.749432e-01 4.744169e-01
-3.395000e-01 9.200000e-01 -2.749432e-01 4.744169e-01 -3.385000e-01 9.200000e-01 -2.749310e-01 4.743204e-01
-3.385000e-01 9.200000e-01 -2.749310e-01 4.743204e-01 -3.375000e-01 9.200000e-01 -2.749194e-01 4.742253e-01
-3.375000e-01 9.200000e-01 -2.749194e-01 4.742253e-01 -3.370000e-01 9.205000e-01 -2.749608e-01 4.745498e-01
-2.225000e-01 9.200000e-01 -2.751678e-01 4.726197e-01 -2.230000e-01 9.205000e-01 -2.751370e-01 4.729603e-01
-2.225000e-01 9.200000e-01 -2.751678e-01 4.726197e-01 -2.215000e-01 9.200000e-01 -2.751622e-01 4.726877e-01
-2.215000e-01 9.200000e-01 -2.751622e-01 4.726877e-01 -2.205000e-01 9.200000e-01 -2.751561e-01 4.727570e-01
-2.205000e-01 9.200000e-01 -2.751561e-01 4.727570e-01 -2.195000e-01 9.200000e-01 -2.751495e-01 4.728277e-01
-2.195000e-01 9.200000e-01 -2.751495e-01 4.728277e-01 -2.185000e-01 9.200000e-01 -2.751423e-01 4.728997e-01
-2.185000e-01 9.200000e-01 -2.751423e-01 4.728997e-01 -2.175000e-01 9.200000e-01 -2.751347e-01 4.729732e-01
-2.170000e-01 9.195000e-01 -2.751680e-01 4.726374e-01 -2.175000e-01 9.200000e-01 -2.751347e-01 4.729732e-01
-3.370000e-01 9.205000e-01 -2.749608e-01 4.745498e-01 -3.365000e-01 9.210000e-01 -2.750013e-01 4.748748e-01
-3.365000e-01 9.210000e-01 -2.750013e-01 4.748748e-01 -3.355000e-01 9.210000e-01 -2.749895e-01 4.747826e-01
-3.355000e-01 9.210000e-01 -2.749895e-01 4.747826e-01 -3.345000e-01 9.210000e-01 -2.749783e-01 4.746918e-01
-3.345000e-01 9.210000e-01 -2.749783e-01 4.746918e-01 -3.335000e-01 9.210000e-01 -2.749676e-01 4.746023e-01
-3.335000e-01 9.210000e-01 -2.749676e-01 4.746023e-01 -3.325000e-01 9.210000e-01 -2.749575e-01 4.745141e-01
-3.325000e-01 9.210000e-01 -2.749575e-01 4.745141e-01 -3.315000e-01 9.210000e-01 -2.749480e-01 4.744273e-01
-3.315000e-01 9.210000e-01 -2.749480e-01 4.744273e-01 -3.310000e-01 9.215000e-01 -2.749862e-01 4.747571e-01
-2.285000e-01 9.210000e-01 -2.751324e-01 4.729899e-01 -2.290000e-01 9.215000e-01 -2.751052e-01 4.733355e-01
-2.285000e-01 9.210000e-01 -2.751324e-01 4.729899e-01 -2.275000e-01 9.210000e-01 -2.751283e-01 4.730494e-01
-2.275000e-01 9.210000e-01 -2.751283e-01 4.730494e-01 -2.265000e-01 9.210000e-01 -2.751237e-01 4.731103e-01
-2.265000e-01 9.210000e-01 -2.751237e-01 4.731103e-01 -2.255000e-01 9.210000e-01 -2.751186e-01 4.731725e-01
-2.255000e-01 9.210000e-01 -2.751186e-01 4.731725e-01 -2.245000e-01 9.210000e-01 -2.751131e-01 4.732361e-01
-2.245000e-01 9.210000e-01 -2.751131e-01 4.732361e-01 -2.235000e-01 9.210000e-01 -2.751071e-01 4.733011e-01
-2.230000e-01 9.205000e-01 -2.751370e-01 4.729603e-01 -2.235000e-01 9.210000e-01 -2.751071e-01 4.733011e-01
-3.310000e-01 9.215000e-01 -2.749862e-01 4.747571e-01 -3.305000e-01 9.220000e-01 -2.750236e-01 4.750873e-01
-3.305000e-01 9.220000e-01 -2.750236e-01 4.750873e-01 -3.295000e-01 9.220000e-01 -2.750137e-01 4.750034e-01
-3.295000e-01 9.220000e-01 -2.750137e-01 4.750034e-01 -3.285000e-01 9.220000e-01 -2.750044e-01 4.749209e-01
-3.285000e-01 9.220000e-01 -2.750044e-01 4.749209e-01 -3.275000e-01 9.220000e-01 -2.749955e-01 4.748398e-01
-3.275000e-01 9.220000e-01 -2.749955e-01 4.748398e-01 -3.265000e-01 9.220000e-01 -2.749872e-01 4.747600e-01
-3.265000e-01 9.220000e-01 -2.749872e-01 4.747600e-01 -3.255000e-01 9.220000e-01 -2.749793e-01 4.746816e-01
-3.255000e-01 9.220000e-01 -2.749793e-01 4.746816e-01 -3.245000e-01 9.220000e-01 -2.749720e-01 4.746045e-01
-3.245000e-01 9.220000e-01 -2.749720e-01 4.746045e-01 -3.240000e-01 9.225000e-01 -2.750064e-01 4.749403e-01
-2.355000e-01 9.220000e-01 -2.751009e-01 4.733629e-01 -2.360000e-01 9.225000e-01 -2.750779e-01 4.737143e-01
-2.355000e-01 9.220000e-01 -2.751009e-01 4.733629e-01 -2.345000e-01 9.220000e-01 -2.750982e-01 4.734125e-01
-2.345000e-01 9.220000e-01 -2.750982e-01 4.734125e-01 -2.335000e-01 9.220000e-01 -2.750951e-01 4.734635e-01
-2.335000e-01 9.220000e-01 -2.750951e-01 4.734635e-01 -2.325000e-01 9.220000e-01 -2.750916e-01 4.735159e-01
-2.325000e-01 9.220000e-01 -2.750916e-01 4.735159e-01 -2.315000e-01 9.220000e-01 -2.750878e-01 4.735697e-01
-2.315000e-01 9.220000e-01 -2.750878e-01 4.735697e-01 -2.305000e-01 9.220000e-01 -2.750835e-01 4.736249e-01
-2.305000e-01 9.220000e-01 -2.750835e-01 4.736249e-01 -2.295000e-01 9.220000e-01 -2.750788e-01 4.736815e-01
-2.290000e-01 9.215000e-01 -2.751052e-01 4.733355e-01 -2.295000e-01 9.220000e-01 -2.750788e-01 4.736815e-01
-3.240000e-01 9.225000e-01 -2.750064e-01 4.749403e-01 -3.235000e-01 9.230000e-01 -2.750400e-01 4.752764e-01
-3.235000e-01 9.230000e-01 -2.750400e-01 4.752764e-01 -3.225000e-01 9.230000e-01 -2.750322e-01 4.752023e-01
-3.225000e-01 9.230000e-01 -2.750322e-01 4.752023e-01 -3.215000e-01 9.230000e-01 -2.750248e-01 4.751295e-01
-3.215000e-01 9.230000e-01 -2.750248e-01 4.751295e-01 -3.205000e-01 9.230000e-01 -2.750179e-01 4.750582e-01
-3.205000e-01 9.230000e-01 -2.750179e-01 4.750582e-01 -3.195000e-01 9.230000e-01 -2.750114e-01 4.749881e-01
-3.195000e-01 9.230000e-01 -2.750114e-01 4.749881e-01 -3.185000e-01 9.230000e-01 -2.750053e-01 4.749195e-01
-3.185000e-01 9.230000e-01 -2.750053e-01 4.749195e-01 -3.175000e-01 9.230000e-01 -2.749997e-01 4.748522e-01
-3.175000e-01 9.230000e-01 -2.749997e-01 4.748522e-01 -3.165000e-01 9.230000e-01 -2.749944e-01 4.747862e-01
-3.165000e-01 9.230000e-01 -2.749944e-01 4.747862e-01 -3.160000e-01 9.235000e-01 -2.750243e-01 4.751288e-01
-2.435000e-01 9.230000e-01 -2.750722e-01 4.737683e-01 -2.440000e-01 9.235000e-01 -2.750543e-01 4.741262e-01
-2.435000e-01 9.230000e-01 -2.750722e-01 4.737683e-01 -2.425000e-01 9.230000e-01 -2.750708e-01 4.738067e-01
-2.425000e-01 9.230000e-01 -2.750708e-01 4.738067e-01 -2.415000e-01 9.230000e-01 -2.750691e-01 4.738464e-01
-2.415000e-01 9.230000e-01 -2.750691e-01 4.738464e-01 -2.405000e-01 9.230000e-01 -2.750671e-01 4.738875e-01
-2.405000e-01 9.230000e-01 -2.750671e-01 4.738875e-01 -2.395000e-01 9.230000e-01 -2.750648e-01 4.739300e-01
-2.395000e-01 9.230000e-01 -2.750648e-01 4.739300e-01 -2.385000e-01 9.230000e-01 -2.750621e-01 4.739740e-01
-2.385000e-01 9.230000e-01 -2.750621e-01 4.739740e-01 -2.375000e-01 9.230000e-01 -2.750591e-01 4.740193e-01
-2.375000e-01 9.230000e-01 -2.750591e-01 4.740193e-01 -2.365000e-01 9.230000e-01 -2.750557e-01 4.740659e-01
-2.360000e-01 9.225000e-01 -2.750779e-01 4.737143e-01 -2.365000e-01 9.230000e-01 -2.750557e-01 4.740659e-01
-3.160000e-01 9.235000e-01 -2.750243e-01 4.751288e-01 -3.155000e-01 9.240000e-01 -2.750533e-01 4.754715e-01
-3.155000e-01 9.240000e-01 -2.750533e-01 4.754715e-01 -3.145000e-01 9.240000e-01 -2.750475e-01 4.754086e-01
-3.145000e-01 9.240000e-01 -2.750475e-01 4.754086e-01 -3.135000e-01 9.240000e-01 -2.750420e-01 4.753470e-01
-3.135000e-01 9.240000e-01 -2.750420e-01 4.753470e-01 -3.125000e-01 9.240000e-01 -2.750369e-01 4.752868e-01
-3.125000e-01 9.240000e-01 -2.750369e-01 4.752868e-01 -3.115000e-01 9.240000e-01 -2.750322e-01 4.752280e-01
-3.115000e-01 9.240000e-01 -2.750322e-01 4.752280e-01 -3.105000e-01 9.240000e-01 -2.750278e-01 4.751705e-01
-3.105000e-01 9.240000e-01 -2.750278e-01 4.751705e-01 -3.095000e-01 9.240000e-01 -2.750237e-01 4.751145e-01
-3.095000e-01 9.240000e-01 -2.750237e-01 4.751145e-01 -3.085000e-01 9.240000e-01 -2.750200e-01 4.750598e-01
-3.085000e-01 9.240000e-01 -2.750200e-01 4.750598e-01 -3.075000e-01 9.240000e-01 -2.750166e-01 4.750065e-01
-3.075000e-01 9.240000e-01 -2.750166e-01 4.750065e-01 -3.065000e-01 9.240000e-01 -2.750135e-01 4.749546e-01
-3.065000e-01 9.240000e-01 -2.750135e-01 4.749546e-01 -3.055000e-01 9.240000e-01 -2.750107e-01 4.749040e-01
-3.055000e-01 9.240000e-01 -2.750107e-01 4.749040e-01 -3.050000e-01 9.245000e-01 -2.750340e-01 4.752555e-01
-2.545000e-01 9.240000e-01 -2.750481e-01 4.741932e-01 -2.550000e-01 9.245000e-01 -2.750374e-01 4.745595e-01
-2.545000e-01 9.240000e-01 -2.750481e-01 4.741932e-01 -2.535000e-01 9.240000e-01 -2.750481e-01 4.742160e-01
-2.535000e-01 9.240000e-01 -2.750481e-01 4.742160e-01 -2.525000e-01 9.240000e-01 -2.750478e-01 4.742402e-01
-2.525000e-01 9.240000e-01 -2.750478e-01 4.742402e-01 -2.515000e-01 9.240000e-01 -2.750473e-01 4.742658e-01
-2.515000e-01 9.240000e-01 -2.750473e-01 4.742658e-01 -2.505000e-01 9.240000e-01 -2.750465e-01 4.742928e-01
-2.505000e-01 9.240000e-01 -2.750465e-01 4.742928e-01 -2.495000e-01 9.240000e-01 -2.750456e-01 4.743212e-01
-2.495000e-01 9.240000e-01 -2.750456e-01 4.743212e-01 -2.485000e-01 9.240000e-01 -2.750444e-01 4.743510e-01
-2.485000e-01 9.240000e-01 -2.750444e-01 4.743510e-01 -2.475000e-01 9.240000e-01 -2.750430e-01 4.743822e-01
-2.475000e-01 9.240000e-01 -2.750430e-01 4.743822e-01 -2.465000e-01 9.240000e-01 -2.750413e-01 4.744148e-01
-2.465000e-01 9.240000e-01 -2.750413e-01 4.744148e-01 -2.455000e-01 9.240000e-01 -2.750394e-01 4.744488e-01
-2.455000e-01 9.240000e-01 -2.750394e-01 4.744488e-01 -2.445000e-01 9.240000e-01 -2.750372e-01 4.744842e-01
-2.440000e-01 9.235000e-01 -2.750543e-01 4.741262e-01 -2.445000e-01 9.240000e-01 -2.750372e-01 4.744842e-01
-3.050000e-01 9.245000e-01 -2.750340e-01 4.752555e-01 -3.045000e-01 9.250000e-01 -2.750565e-01 4.756071e-01
-3.045000e-01 9.250000e-01 -2.750565e-01 4.756071e-01 -3.035000e-01 9.250000e-01 -2.750529e-01 4.755596e-01
-3.035000e-01 9.250000e-01 -2.750529e-01 4.755596e-01 -3.025000e-01 9.250000e-01 -2.750496e-01 4.755134e-01
-3.025000e-01 9.250000e-01 -2.750496e-01 4.755134e-01 -3.015000e-01 9.250000e-01 -2.750465e-01 4.754686e-01
-3.015000e-01 9.250000e-01 -2.750465e-01 4.754686e-01 -3.005000e-01 9.250000e-01 -2.750437e-01 4.754252e-01
-3.005000e-01 9.250000e-01 -2.750437e-01 4.754252e-01 -2.995000e-01 9.250000e-01 -2.750411e-01 4.753832e-01
-2.995000e-01 9.250000e-01 -2.750411e-01 4.753832e-01 -2.985000e-01 9.250000e-01 -2.750388e-01 4.753425e-01
-2.985000e-01 9.250000e-01 -2.750388e-01 4.753425e-01 -2.975000e-01 9.250000e-01 -2.750367e-01 4.753033e-01
-2.975000e-01 9.250000e-01 -2.750367e-01 4.753033e-01 -2.965000e-01 9.250000e-01 -2.750348e-01 4.752655e-01
-2.965000e-01 9.250000e-01 -2.750348e-01 4.752655e-01 -2.955000e-01 9.250000e-01 -2.750331e-01 4.752291e-01
-2.955000e-01 9.250000e-01 -2.750331e-01 4.752291e-01 -2.945000e-01 9.250000e-01 -2.750316e-01 4.751940e-01
-2.945000e-01 9.250000e-01 -2.750316e-01 4.751940e-01 -2.935000e-01 9.250000e-01 -2.750303e-01 4.751604e-01
-2.935000e-01 9.250000e-01 -2.750303e-01 4.751604e-01 -2.925000e-01 9.250000e-01 -2.750292e-01 4.751282e-01
-2.925000e-01 9.250000e-01 -2.750292e-01 4.751282e-01 -2.915000e-01 9.250000e-01 -2.750282e-01 4.750973e-01
-2.915000e-01 9.250000e-01 -2.750282e-01 4.750973e-01 -2.905000e-01 9.250000e-01 -2.750274e-01 4.750679e-01
-2.905000e-01 9.250000e-01 -2.750274e-01 4.750679e-01 -2.895000e-01 9.250000e-01 -2.750268e-01 4.750399e-01
-2.895000e-01 9.250000e-01 -2.750268e-01 4.750399e-01 -2.885000e-01 9.250000e-01 -2.750263e-01 4.750133e-01
-2.885000e-01 9.250000e-01 -2.750263e-01 4.750133e-01 -2.875000e-01 9.250000e-01 -2.750259e-01 4.749881e-01
-2.875000e-01 9.250000e-01 -2.750259e-01 4.749881e-01 -2.865000e-01 9.250000e-01 -2.750257e-01 4.749643e-01
-2.865000e-01 9.250000e-01 -2.750257e-01 4.749643e-01 -2.855000e-01 9.250000e-01 -2.750255e-01 4.749419e-01
-2.855000e-01 9.250000e-01 -2.750255e-01 4.749419e-01 -2.845000e-01 9.250000e-01 -2.750255e-01 4.749209e-01
-2.845000e-01 9.250000e-01 -2.750255e-01 4.749209e-01 -2.835000e-01 9.250000e-01 -2.750256e-01 4.749014e-01
-2.835000e-01 9.250000e-01 -2.750256e-01 4.749014e-01 -2.825000e-01 9.250000e-01 -2.750257e-01 4.748832e-01
-2.825000e-01 9.250000e-01 -2.750257e-01 4.748832e-01 -2.815000e-01 9.250000e-01 -2.750259e-01 4.748664e-01
-2.815000e-01 9.250000e-01 -2.750259e-01 4.748664e-01 -2.805000e-01 9.250000e-01 -2.750262e-01 4.748511e-01
-2.805000e-01 9.250000e-01 -2.750262e-01 4.748511e-01 -2.795000e-01 9.250000e-01 -2.750266e-01 4.748372e-01
-2.795000e-01 9.250000e-01 -2.750266e-01 4.748372e-01 -2.785000e-01 9.250000e-01 -2.750270e-01 4.748247e-01
-2.785000e-01 9.250000e-01 -2.750270e-01 4.748247e-01 -2.775000e-01 9.250000e-01 -2.750274e-01 4.748135e-01
-2.775000e-01 9.250000e-01 -2.750274e-01 4.748135e-01 -2.765000e-01 9.250000e-01 -2.750279e-01 4.748039e-01
-2.765000e-01 9.250000e-01 -2.750279e-01 4.748039e-01 -2.755000e-01 9.250000e-01 -2.750284e-01 4.747956e-01
-2.755000e-01 9.250000e-01 -2.750284e-01 4.747956e-01 -2.745000e-01 9.250000e-01 -2.750289e-01 4.747887e-01
-2.745000e-01 9.250000e-01 -2.750289e-01 4.747887e-01 -2.735000e-01 9.250000e-01 -2.750294e-01 4.747832e-01
-2.735000e-01 9.250000e-01 -2.750294e-01 4.747832e-01 -2.725000e-01 9.250000e-01 -2.750298e-01 4.747792e-01
-2.725000e-01 9.250000e-01 -2.750298e-01 4.747792e-01 -2.715000e-01 9.250000e-01 -2.750303e-01 4.747765e-01
-2.715000e-01 9.250000e-01 -2.750303e-01 4.747765e-01 -2.705000e-01 9.250000e-01 -2.750307e-01 4.747753e-01
-2.705000e-01 9.250000e-01 -2.750307e-01 4.747753e-01 -2.695000e-01 9.250000e-01 -2.750311e-01 4.747755e-01
-2.695000e-01 9.250000e-01 -2.750311e-01 4.747755e-01 -2.685000e-01 9.250000e-01 -2.750315e-01 4.747771e-01
-2.685000e-01 9.250000e-01 -2.750315e-01 4.747771e-01 -2.675000e-01 9.250000e-01 -2.750318e-01 4.747801e-01
-2.675000e-01 9.250000e-01 -2.750318e-01 4.747801e-01 -2.665000e-01 9.250000e-01 -2.750320e-01 4.747845e-01
-2.665000e-01 9.250000e-01 -2.750320e-01 4.747845e-01 -2.655000e-01 9.250000e-01 -2.750321e-01 4.747903e-01
-2.655000e-01 9.250000e-01 -2.750321e-01 4.747903e-01 -2.645000e-01 9.250000e-01 -2.750322e-01 4.747975e-01
-2.645000e-01 9.250000e-01 -2.750322e-01 4.747975e-01 -2.635000e-01 9.250000e-01 -2.750322e-01 4.748062e-01
-2.635000e-01 9.250000e-01 -2.750322e-01 4.748062e-01 -2.625000e-01 9.250000e-01 -2.750320e-01 4.748163e-01
-2.625000e-01 9.250000e-01 -2.750320e-01 4.748163e-01 -2.615000e-01 9.250000e-01 -2.750318e-01 4.748278e-01
-2.615000e-01 9.250000e-01 -2.750318e-01 4.748278e-01 -2.605000e-01 9.250000e-01 -2.750314e-01 4.748406e-01
-2.605000e-01 9.250000e-01 -2.750314e-01 4.748406e-01 -2.595000e-01 9.250000e-01 -2.750309e-01 4.748549e-01
-2.595000e-01 9.250000e-01 -2.750309e-01 4.748549e-01 -2.585000e-01 9.250000e-01 -2.750303e-01 4.748706e-01
-2.585000e-01 9.250000e-01 -2.750303e-01 4.748706e-01 -2.575000e-01 9.250000e-01 -2.750295e-01 4.748877e-01
-2.575000e-01 9.250000e-01 -2.750295e-01 4.748877e-01 -2.565000e-01 9.250000e-01 -2.750285e-01 4.749062e-01
-2.565000e-01 9.250000e-01 -2.750285e-01 4.749062e-01 -2.555000e-01 9.250000e-01 -2.750274e-01 4.749260e-01
-2.550000e-01 9.245000e-01 -2.750374e-01 4.745595e-01 -2.555000e-01 9.250000e-01 -2.750274e-01 4.749260e-01
