-2.835000e-01 -1.010000e-01 -3.621842e-01 3.543357e-01 -2.840000e-01 -1.005000e-01 -3.621855e-01 3.547707e-01
-2.835000e-01 -1.010000e-01 -3.621842e-01 3.543357e-01 -2.825000e-01 -1.010000e-01 -3.621834e-01 3.543323e-01
-2.825000e-01 -1.010000e-01 -3.621834e-01 3.543323e-01 -2.815000e-01 -1.010000e-01 -3.621827e-01 3.543273e-01
-2.815000e-01 -1.010000e-01 -3.621827e-01 3.543273e-01 -2.805000e-01 -1.010000e-01 -3.621819e-01 3.543206e-01
-2.805000e-01 -1.010000e-01 -3.621819e-01 3.543206e-01 -2.795000e-01 -1.010000e-01 -3.621813e-01 3.543122e-01
-2.795000e-01 -1.010000e-01 -3.621813e-01 3.543122e-01 -2.785000e-01 -1.010000e-01 -3.621806e-01 3.543020e-01
-2.785000e-01 -1.010000e-01 -3.621806e-01 3.543020e-01 -2.775000e-01 -1.010000e-01 -3.621799e-01 3.542902e-01
-2.775000e-01 -1.010000e-01 -3.621799e-01 3.542902e-01 -2.765000e-01 -1.010000e-01 -3.621793e-01 3.542766e-01
-2.765000e-01 -1.010000e-01 -3.621793e-01 3.542766e-01 -2.755000e-01 -1.010000e-01 -3.621786e-01 3.542613e-01
-2.755000e-01 -1.010000e-01 -3.621786e-01 3.542613e-01 -2.745000e-01 -1.010000e-01 -3.621779e-01 3.542444e-01
-2.745000e-01 -1.010000e-01 -3.621779e-01 3.542444e-01 -2.735000e-01 -1.010000e-01 -3.621771e-01 3.542258e-01
-2.735000e-01 -1.010000e-01 -3.621771e-01 3.542258e-01 -2.725000e-01 -1.010000e-01 -3.621763e-01 3.542054e-01
-2.725000e-01 -1.010000e-01 -3.621763e-01 3.542054e-01 -2.715000e-01 -1.010000e-01 -3.621754e-01 3.541834e-01
-2.715000e-01 -1.010000e-01 -3.621754e-01 3.541834e-01 -2.705000e-01 -1.010000e-01 -3.621744e-01 3.541597e-01
-2.705000e-01 -1.010000e-01 -3.621744e-01 3.541597e-01 -2.695000e-01 -1.010000e-01 -3.621734e-01 3.541343e-01
-2.695000e-01 -1.010000e-01 -3.621734e-01 3.541343e-01 -2.685000e-01 -1.010000e-01 -3.621722e-01 3.541073e-01
-2.685000e-01 -1.010000e-01 -3.621722e-01 3.541073e-01 -2.675000e-01 -1.010000e-01 -3.621710e-01 3.540785e-01
-2.675000e-01 -1.010000e-01 -3.621710e-01 3.540785e-01 -2.665000e-01 -1.010000e-01 -3.621696e-01 3.540481e-01
-2.665000e-01 -1.010000e-01 -3.621696e-01 3.540481e-01 -2.655000e-01 -1.010000e-01 -3.621680e-01 3.540160e-01
-2.655000e-01 -1.010000e-01 -3.621680e-01 3.540160e-01 -2.645000e-01 -1.010000e-01 -3.621663e-01 3.539822e-01
-2.645000e-01 -1.010000e-01 -3.621663e-01 3.539822e-01 -2.635000e-01 -1.010000e-01 -3.621645e-01 3.539468e-01
-2.635000e-01 -1.010000e-01 -3.621645e-01 3.539468e-01 -2.625000e-01 -1.010000e-01 -3.621625e-01 3.539096e-01
-2.625000e-01 -1.010000e-01 -3.621625e-01 3.539096e-01 -2.615000e-01 -1.010000e-01 -3.621603e-01 3.538708e-01
-2.615000e-01 -1.010000e-01 -3.621603e-01 3.538708e-01 -2.605000e-01 -1.010000e-01 -3.621578e-01 3.538304e-01
-2.605000e-01 -1.010000e-01 -3.621578e-01 3.538304e-01 -2.595000e-01 -1.010000e-01 -3.621552e-01 3.537883e-01
-2.595000e-01 -1.010000e-01 -3.621552e-01 3.537883e-01 -2.585000e-01 -1.010000e-01 -3.621524e-01 3.537446e-01
-2.585000e-01 -1.010000e-01 -3.621524e-01 3.537446e-01 -2.575000e-01 -1.010000e-01 -3.621493e-01 3.536992e-01
-2.575000e-01 -1.010000e-01 -3.621493e-01 3.536992e-01 -2.565000e-01 -1.010000e-01 -3.621460e-01 3.536521e-01
-2.565000e-01 -1.010000e-01 -3.621460e-01 3.536521e-01 -2.560000e-01 -1.005000e-01 -3.621685e-01 3.540575e-01
-2.975000e-01 -1.000000e-01 -3.621869e-01 3.550728e-01 -2.980000e-01 -9.950000e-02 -3.621764e-01 3.554971e-01
-2.975000e-01 -1.000000e-01 -3.621869e-01 3.550728e-01 -2.965000e-01 -1.000000e-01 -3.621857e-01 3.550934e-01
-2.965000e-01 -1.000000e-01 -3.621857e-01 3.550934e-01 -2.955000e-01 -1.000000e-01 -3.621848e-01 3.551123e-01
-2.955000e-01 -1.000000e-01 -3.621848e-01 3.551123e-01 -2.945000e-01 -1.000000e-01 -3.621841e-01 3.551294e-01
-2.945000e-01 -1.000000e-01 -3.621841e-01 3.551294e-01 -2.935000e-01 -1.000000e-01 -3.621835e-01 3.551448e-01
-2.935000e-01 -1.000000e-01 -3.621835e-01 3.551448e-01 -2.925000e-01 -1.000000e-01 -3.621832e-01 3.551585e-01
-2.925000e-01 -1.000000e-01 -3.621832e-01 3.551585e-01 -2.915000e-01 -1.000000e-01 -3.621831e-01 3.551704e-01
-2.915000e-01 -1.000000e-01 -3.621831e-01 3.551704e-01 -2.905000e-01 -1.000000e-01 -3.621831e-01 3.551806e-01
-2.905000e-01 -1.000000e-01 -3.621831e-01 3.551806e-01 -2.895000e-01 -1.000000e-01 -3.621833e-01 3.551891e-01
-2.895000e-01 -1.000000e-01 -3.621833e-01 3.551891e-01 -2.885000e-01 -1.000000e-01 -3.621836e-01 3.551959e-01
-2.885000e-01 -1.000000e-01 -3.621836e-01 3.551959e-01 -2.875000e-01 -1.000000e-01 -3.621840e-01 3.552009e-01
-2.875000e-01 -1.000000e-01 -3.621840e-01 3.552009e-01 -2.865000e-01 -1.000000e-01 -3.621846e-01 3.552042e-01
-2.865000e-01 -1.000000e-01 -3.621846e-01 3.552042e-01 -2.855000e-01 -1.000000e-01 -3.621852e-01 3.552059e-01
-2.855000e-01 -1.000000e-01 -3.621852e-01 3.552059e-01 -2.845000e-01 -1.000000e-01 -3.621860e-01 3.552057e-01
-2.840000e-01 -1.005000e-01 -3.621855e-01 3.547707e-01 -2.845000e-01 -1.000000e-01 -3.621860e-01 3.552057e-01
-2.560000e-01 -1.005000e-01 -3.621685e-01 3.540575e-01 -2.555000e-01 -1.000000e-01 -3.621921e-01 3.544626e-01
-2.555000e-01 -1.000000e-01 -3.621921e-01 3.544626e-01 -2.545000e-01 -1.000000e-01 -3.621899e-01 3.544119e-01
-2.545000e-01 -1.000000e-01 -3.621899e-01 3.544119e-01 -2.535000e-01 -1.000000e-01 -3.621874e-01 3.543595e-01
-2.535000e-01 -1.000000e-01 -3.621874e-01 3.543595e-01 -2.525000e-01 -1.000000e-01 -3.621847e-01 3.543055e-01
-2.525000e-01 -1.000000e-01 -3.621847e-01 3.543055e-01 -2.515000e-01 -1.000000e-01 -3.621816e-01 3.542498e-01
-2.515000e-01 -1.000000e-01 -3.621816e-01 3.542498e-01 -2.505000e-01 -1.000000e-01 -3.621782e-01 3.541925e-01
-2.505000e-01 -1.000000e-01 -3.621782e-01 3.541925e-01 -2.495000e-01 -1.000000e-01 -3.621744e-01 3.541336e-01
-2.495000e-01 -1.000000e-01 -3.621744e-01 3.541336e-01 -2.485000e-01 -1.000000e-01 -3.621704e-01 3.540730e-01
-2.485000e-01 -1.000000e-01 -3.621704e-01 3.540730e-01 -2.475000e-01 -1.000000e-01 -3.621659e-01 3.540108e-01
-2.475000e-01 -1.000000e-01 -3.621659e-01 3.540108e-01 -2.465000e-01 -1.000000e-01 -3.621611e-01 3.539470e-01
-2.465000e-01 -1.000000e-01 -3.621611e-01 3.539470e-01 -2.455000e-01 -1.000000e-01 -3.621560e-01 3.538816e-01
-2.455000e-01 -1.000000e-01 -3.621560e-01 3.538816e-01 -2.445000e-01 -1.000000e-01 -3.621504e-01 3.538146e-01
-2.445000e-01 -1.000000e-01 -3.621504e-01 3.538146e-01 -2.435000e-01 -1.000000e-01 -3.621445e-01 3.537460e-01
-2.435000e-01 -1.000000e-01 -3.621445e-01 3.537460e-01 -2.425000e-01 -1.000000e-01 -3.621381e-01 3.536757e-01
-2.425000e-01 -1.000000e-01 -3.621381e-01 3.536757e-01 -2.415000e-01 -1.000000e-01 -3.621314e-01 3.536039e-01
-2.415000e-01 -1.000000e-01 -3.621314e-01 3.536039e-01 -2.410000e-01 -9.950000e-02 -3.621645e-01 3.539935e-01
-3.065000e-01 -9.900000e-02 -3.621728e-01 3.556813e-01 -3.070000e-01 -9.850000e-02 -3.621551e-01 3.560982e-01
-3.065000e-01 -9.900000e-02 -3.621728e-01 3.556813e-01 -3.055000e-01 -9.900000e-02 -3.621707e-01 3.557174e-01
-3.055000e-01 -9.900000e-02 -3.621707e-01 3.557174e-01 -3.045000e-01 -9.900000e-02 -3.621690e-01 3.557517e-01
-3.045000e-01 -9.900000e-02 -3.621690e-01 3.557517e-01 -3.035000e-01 -9.900000e-02 -3.621676e-01 3.557844e-01
-3.035000e-01 -9.900000e-02 -3.621676e-01 3.557844e-01 -3.025000e-01 -9.900000e-02 -3.621666e-01 3.558152e-01
-3.025000e-01 -9.900000e-02 -3.621666e-01 3.558152e-01 -3.015000e-01 -9.900000e-02 -3.621658e-01 3.558444e-01
-3.015000e-01 -9.900000e-02 -3.621658e-01 3.558444e-01 -3.005000e-01 -9.900000e-02 -3.621653e-01 3.558718e-01
-3.005000e-01 -9.900000e-02 -3.621653e-01 3.558718e-01 -2.995000e-01 -9.900000e-02 -3.621651e-01 3.558975e-01
-2.995000e-01 -9.900000e-02 -3.621651e-01 3.558975e-01 -2.985000e-01 -9.900000e-02 -3.621652e-01 3.559214e-01
-2.980000e-01 -9.950000e-02 -3.621764e-01 3.554971e-01 -2.985000e-01 -9.900000e-02 -3.621652e-01 3.559214e-01
-2.410000e-01 -9.950000e-02 -3.621645e-01 3.539935e-01 -2.405000e-01 -9.900000e-02 -3.621986e-01 3.543827e-01
-2.405000e-01 -9.900000e-02 -3.621986e-01 3.543827e-01 -2.395000e-01 -9.900000e-02 -3.621926e-01 3.543072e-01
-2.395000e-01 -9.900000e-02 -3.621926e-01 3.543072e-01 -2.385000e-01 -9.900000e-02 -3.621861e-01 3.542301e-01
-2.385000e-01 -9.900000e-02 -3.621861e-01 3.542301e-01 -2.375000e-01 -9.900000e-02 -3.621791e-01 3.541514e-01
-2.375000e-01 -9.900000e-02 -3.621791e-01 3.541514e-01 -2.365000e-01 -9.900000e-02 -3.621717e-01 3.540712e-01
-2.365000e-01 -9.900000e-02 -3.621717e-01 3.540712e-01 -2.355000e-01 -9.900000e-02 -3.621637e-01 3.539893e-01
-2.355000e-01 -9.900000e-02 -3.621637e-01 3.539893e-01 -2.345000e-01 -9.900000e-02 -3.621553e-01 3.539059e-01
-2.345000e-01 -9.900000e-02 -3.621553e-01 3.539059e-01 -2.335000e-01 -9.900000e-02 -3.621463e-01 3.538209e-01
-2.335000e-01 -9.900000e-02 -3.621463e-01 3.538209e-01 -2.325000e-01 -9.900000e-02 -3.621369e-01 3.537343e-01
-2.325000e-01 -9.900000e-02 -3.621369e-01 3.537343e-01 -2.320000e-01 -9.850000e-02 -3.621759e-01 3.541142e-01
-3.145000e-01 -9.800000e-02 -3.621523e-01 3.562019e-01 -3.150000e-01 -9.750000e-02 -3.621285e-01 3.566121e-01
-3.145000e-01 -9.800000e-02 -3.621523e-01 3.562019e-01 -3.135000e-01 -9.800000e-02 -3.621488e-01 3.562519e-01
-3.135000e-01 -9.800000e-02 -3.621488e-01 3.562519e-01 -3.125000e-01 -9.800000e-02 -3.621457e-01 3.563001e-01
-3.125000e-01 -9.800000e-02 -3.621457e-01 3.563001e-01 -3.115000e-01 -9.800000e-02 -3.621431e-01 3.563466e-01
-3.115000e-01 -9.800000e-02 -3.621431e-01 3.563466e-01 -3.105000e-01 -9.800000e-02 -3.621409e-01 3.563914e-01
-3.105000e-01 -9.800000e-02 -3.621409e-01 3.563914e-01 -3.095000e-01 -9.800000e-02 -3.621390e-01 3.564344e-01
-3.095000e-01 -9.800000e-02 -3.621390e-01 3.564344e-01 -3.085000e-01 -9.800000e-02 -3.621376e-01 3.564756e-01
-3.085000e-01 -9.800000e-02 -3.621376e-01 3.564756e-01 -3.075000e-01 -9.800000e-02 -3.621366e-01 3.565152e-01
-3.070000e-01 -9.850000e-02 -3.621551e-01 3.560982e-01 -3.075000e-01 -9.800000e-02 -3.621366e-01 3.565152e-01
-2.320000e-01 -9.850000e-02 -3.621759e-01 3.541142e-01 -2.315000e-01 -9.800000e-02 -3.622161e-01 3.544936e-01
-2.315000e-01 -9.800000e-02 -3.622161e-01 3.544936e-01 -2.305000e-01 -9.800000e-02 -3.622071e-01 3.544034e-01
-2.305000e-01 -9.800000e-02 -3.622071e-01 3.544034e-01 -2.295000e-01 -9.800000e-02 -3.621976e-01 3.543116e-01
-2.295000e-01 -9.800000e-02 -3.621976e-01 3.543116e-01 -2.285000e-01 -9.800000e-02 -3.621874e-01 3.542183e-01
-2.285000e-01 -9.800000e-02 -3.621874e-01 3.542183e-01 -2.275000e-01 -9.800000e-02 -3.621768e-01 3.541234e-01
-2.275000e-01 -9.800000e-02 -3.621768e-01 3.541234e-01 -2.265000e-01 -9.800000e-02 -3.621655e-01 3.540270e-01
-2.265000e-01 -9.800000e-02 -3.621655e-01 3.540270e-01 -2.255000e-01 -9.800000e-02 -3.621536e-01 3.539291e-01
-2.255000e-01 -9.800000e-02 -3.621536e-01 3.539291e-01 -2.250000e-01 -9.750000e-02 -3.621971e-01 3.543012e-01
-3.205000e-01 -9.700000e-02 -3.621223e-01 3.567375e-01 -3.210000e-01 -9.650000e-02 -3.620938e-01 3.571424e-01
-3.205000e-01 -9.700000e-02 -3.621223e-01 3.567375e-01 -3.195000e-01 -9.700000e-02 -3.621176e-01 3.567979e-01
-3.195000e-01 -9.700000e-02 -3.621176e-01 3.567979e-01 -3.185000e-01 -9.700000e-02 -3.621133e-01 3.568566e-01
-3.185000e-01 -9.700000e-02 -3.621133e-01 3.568566e-01 -3.175000e-01 -9.700000e-02 -3.621097e-01 3.569136e-01
-3.175000e-01 -9.700000e-02 -3.621097e-01 3.569136e-01 -3.165000e-01 -9.700000e-02 -3.621065e-01 3.569688e-01
-3.165000e-01 -9.700000e-02 -3.621065e-01 3.569688e-01 -3.155000e-01 -9.700000e-02 -3.621037e-01 3.570222e-01
-3.150000e-01 -9.750000e-02 -3.621285e-01 3.566121e-01 -3.155000e-01 -9.700000e-02 -3.621037e-01 3.570222e-01
-2.250000e-01 -9.750000e-02 -3.621971e-01 3.543012e-01 -2.245000e-01 -9.700000e-02 -3.622417e-01 3.546729e-01
-2.245000e-01 -9.700000e-02 -3.622417e-01 3.546729e-01 -2.235000e-01 -9.700000e-02 -3.622301e-01 3.545713e-01
-2.235000e-01 -9.700000e-02 -3.622301e-01 3.545713e-01 -2.225000e-01 -9.700000e-02 -3.622179e-01 3.544681e-01
-2.225000e-01 -9.700000e-02 -3.622179e-01 3.544681e-01 -2.215000e-01 -9.700000e-02 -3.622051e-01 3.543635e-01
-2.215000e-01 -9.700000e-02 -3.622051e-01 3.543635e-01 -2.205000e-01 -9.700000e-02 -3.621916e-01 3.542573e-01
-2.205000e-01 -9.700000e-02 -3.621916e-01 3.542573e-01 -2.195000e-01 -9.700000e-02 -3.621774e-01 3.541497e-01
-2.195000e-01 -9.700000e-02 -3.621774e-01 3.541497e-01 -2.185000e-01 -9.700000e-02 -3.621626e-01 3.540406e-01
-2.185000e-01 -9.700000e-02 -3.621626e-01 3.540406e-01 -2.180000e-01 -9.650000e-02 -3.622102e-01 3.544048e-01
-3.265000e-01 -9.600000e-02 -3.620906e-01 3.572100e-01 -3.270000e-01 -9.550000e-02 -3.620577e-01 3.576095e-01
-3.265000e-01 -9.600000e-02 -3.620906e-01 3.572100e-01 -3.255000e-01 -9.600000e-02 -3.620842e-01 3.572809e-01
-3.255000e-01 -9.600000e-02 -3.620842e-01 3.572809e-01 -3.245000e-01 -9.600000e-02 -3.620784e-01 3.573501e-01
-3.245000e-01 -9.600000e-02 -3.620784e-01 3.573501e-01 -3.235000e-01 -9.600000e-02 -3.620732e-01 3.574176e-01
-3.235000e-01 -9.600000e-02 -3.620732e-01 3.574176e-01 -3.225000e-01 -9.600000e-02 -3.620685e-01 3.574833e-01
-3.225000e-01 -9.600000e-02 -3.620685e-01 3.574833e-01 -3.215000e-01 -9.600000e-02 -3.620645e-01 3.575472e-01
-3.210000e-01 -9.650000e-02 -3.620938e-01 3.571424e-01 -3.215000e-01 -9.600000e-02 -3.620645e-01 3.575472e-01
-2.180000e-01 -9.650000e-02 -3.622102e-01 3.544048e-01 -2.175000e-01 -9.600000e-02 -3.622588e-01 3.547687e-01
-2.175000e-01 -9.600000e-02 -3.622588e-01 3.547687e-01 -2.165000e-01 -9.600000e-02 -3.622441e-01 3.546559e-01
-2.165000e-01 -9.600000e-02 -3.622441e-01 3.546559e-01 -2.155000e-01 -9.600000e-02 -3.622287e-01 3.545417e-01
-2.155000e-01 -9.600000e-02 -3.622287e-01 3.545417e-01 -2.145000e-01 -9.600000e-02 -3.622125e-01 3.544259e-01
-2.145000e-01 -9.600000e-02 -3.622125e-01 3.544259e-01 -2.135000e-01 -9.600000e-02 -3.621957e-01 3.543087e-01
-2.135000e-01 -9.600000e-02 -3.621957e-01 3.543087e-01 -2.130000e-01 -9.550000e-02 -3.622462e-01 3.546672e-01
-3.315000e-01 -9.500000e-02 -3.620514e-01 3.577005e-01 -3.320000e-01 -9.450000e-02 -3.620150e-01 3.580954e-01
-3.315000e-01 -9.500000e-02 -3.620514e-01 3.577005e-01 -3.305000e-01 -9.500000e-02 -3.620436e-01 3.577802e-01
-3.305000e-01 -9.500000e-02 -3.620436e-01 3.577802e-01 -3.295000e-01 -9.500000e-02 -3.620364e-01 3.578582e-01
-3.295000e-01 -9.500000e-02 -3.620364e-01 3.578582e-01 -3.285000e-01 -9.500000e-02 -3.620299e-01 3.579344e-01
-3.285000e-01 -9.500000e-02 -3.620299e-01 3.579344e-01 -3.275000e-01 -9.500000e-02 -3.620240e-01 3.580089e-01
-3.270000e-01 -9.550000e-02 -3.620577e-01 3.576095e-01 -3.275000e-01 -9.500000e-02 -3.620240e-01 3.580089e-01
-2.130000e-01 -9.550000e-02 -3.622462e-01 3.546672e-01 -2.125000e-01 -9.500000e-02 -3.622978e-01 3.550253e-01
-2.125000e-01 -9.500000e-02 -3.622978e-01 3.550253e-01 -2.115000e-01 -9.500000e-02 -3.622809e-01 3.549045e-01
-2.115000e-01 -9.500000e-02 -3.622809e-01 3.549045e-01 -2.105000e-01 -9.500000e-02 -3.622633e-01 3.547823e-01
-2.105000e-01 -9.500000e-02 -3.622633e-01 3.547823e-01 -2.095000e-01 -9.500000e-02 -3.622449e-01 3.546585e-01
-2.095000e-01 -9.500000e-02 -3.622449e-01 3.546585e-01 -2.085000e-01 -9.500000e-02 -3.622257e-01 3.545333e-01
-2.085000e-01 -9.500000e-02 -3.622257e-01 3.545333e-01 -2.080000e-01 -9.450000e-02 -3.622791e-01 3.548861e-01
-3.365000e-01 -9.400000e-02 -3.620118e-01 3.581465e-01 -3.370000e-01 -9.350000e-02 -3.619718e-01 3.585367e-01
-3.365000e-01 -9.400000e-02 -3.620118e-01 3.581465e-01 -3.355000e-01 -9.400000e-02 -3.620021e-01 3.582350e-01
-3.355000e-01 -9.400000e-02 -3.620021e-01 3.582350e-01 -3.345000e-01 -9.400000e-02 -3.619932e-01 3.583218e-01
-3.345000e-01 -9.400000e-02 -3.619932e-01 3.583218e-01 -3.335000e-01 -9.400000e-02 -3.619851e-01 3.584068e-01
-3.335000e-01 -9.400000e-02 -3.619851e-01 3.584068e-01 -3.325000e-01 -9.400000e-02 -3.619776e-01 3.584902e-01
-3.320000e-01 -9.450000e-02 -3.620150e-01 3.580954e-01 -3.325000e-01 -9.400000e-02 -3.619776e-01 3.584902e-01
-2.080000e-01 -9.450000e-02 -3.622791e-01 3.548861e-01 -2.075000e-01 -9.400000e-02 -3.623335e-01 3.552384e-01
-2.075000e-01 -9.400000e-02 -3.623335e-01 3.552384e-01 -2.065000e-01 -9.400000e-02 -3.623141e-01 3.551096e-01
-2.065000e-01 -9.400000e-02 -3.623141e-01 3.551096e-01 -2.055000e-01 -9.400000e-02 -3.622940e-01 3.549794e-01
-2.055000e-01 -9.400000e-02 -3.622940e-01 3.549794e-01 -2.045000e-01 -9.400000e-02 -3.622730e-01 3.548478e-01
-2.045000e-01 -9.400000e-02 -3.622730e-01 3.548478e-01 -2.035000e-01 -9.400000e-02 -3.622512e-01 3.547147e-01
-2.035000e-01 -9.400000e-02 -3.622512e-01 3.547147e-01 -2.030000e-01 -9.350000e-02 -3.623072e-01 3.550617e-01
-3.405000e-01 -9.300000e-02 -3.619615e-01 3.586451e-01 -3.410000e-01 -9.250000e-02 -3.619187e-01 3.590314e-01
-3.405000e-01 -9.300000e-02 -3.619615e-01 3.586451e-01 -3.395000e-01 -9.300000e-02 -3.619506e-01 3.587407e-01
-3.395000e-01 -9.300000e-02 -3.619506e-01 3.587407e-01 -3.385000e-01 -9.300000e-02 -3.619404e-01 3.588346e-01
-3.385000e-01 -9.300000e-02 -3.619404e-01 3.588346e-01 -3.375000e-01 -9.300000e-02 -3.619310e-01 3.589267e-01
-3.370000e-01 -9.350000e-02 -3.619718e-01 3.585367e-01 -3.375000e-01 -9.300000e-02 -3.619310e-01 3.589267e-01
-2.030000e-01 -9.350000e-02 -3.623072e-01 3.550617e-01 -2.025000e-01 -9.300000e-02 -3.623642e-01 3.554082e-01
-2.025000e-01 -9.300000e-02 -3.623642e-01 3.554082e-01 -2.015000e-01 -9.300000e-02 -3.623421e-01 3.552716e-01
-2.015000e-01 -9.300000e-02 -3.623421e-01 3.552716e-01 -2.005000e-01 -9.300000e-02 -3.623192e-01 3.551336e-01
-2.005000e-01 -9.300000e-02 -3.623192e-01 3.551336e-01 -1.995000e-01 -9.300000e-02 -3.622954e-01 3.549941e-01
-1.995000e-01 -9.300000e-02 -3.622954e-01 3.549941e-01 -1.990000e-01 -9.250000e-02 -3.623534e-01 3.553365e-01
-3.445000e-01 -9.200000e-02 -3.619100e-01 3.591147e-01 -3.450000e-01 -9.150000e-02 -3.618644e-01 3.594971e-01
-3.445000e-01 -9.200000e-02 -3.619100e-01 3.591147e-01 -3.435000e-01 -9.200000e-02 -3.618975e-01 3.592174e-01
-3.435000e-01 -9.200000e-02 -3.618975e-01 3.592174e-01 -3.425000e-01 -9.200000e-02 -3.618858e-01 3.593183e-01
-3.425000e-01 -9.200000e-02 -3.618858e-01 3.593183e-01 -3.415000e-01 -9.200000e-02 -3.618750e-01 3.594175e-01
-3.410000e-01 -9.250000e-02 -3.619187e-01 3.590314e-01 -3.415000e-01 -9.200000e-02 -3.618750e-01 3.594175e-01
-1.990000e-01 -9.250000e-02 -3.623534e-01 3.553365e-01 -1.985000e-01 -9.200000e-02 -3.624126e-01 3.556782e-01
-1.985000e-01 -9.200000e-02 -3.624126e-01 3.556782e-01 -1.975000e-01 -9.200000e-02 -3.623884e-01 3.555353e-01
-1.975000e-01 -9.200000e-02 -3.623884e-01 3.555353e-01 -1.965000e-01 -9.200000e-02 -3.623633e-01 3.553909e-01
-1.965000e-01 -9.200000e-02 -3.623633e-01 3.553909e-01 -1.955000e-01 -9.200000e-02 -3.623373e-01 3.552452e-01
-1.955000e-01 -9.200000e-02 -3.623373e-01 3.552452e-01 -1.945000e-01 -9.200000e-02 -3.623104e-01 3.550980e-01
-1.945000e-01 -9.200000e-02 -3.623104e-01 3.550980e-01 -1.940000e-01 -9.150000e-02 -3.623708e-01 3.554346e-01
-3.485000e-01 -9.100000e-02 -3.618580e-01 3.595550e-01 -3.490000e-01 -9.050000e-02 -3.618099e-01 3.599334e-01
-3.485000e-01 -9.100000e-02 -3.618580e-01 3.595550e-01 -3.475000e-01 -9.100000e-02 -3.618438e-01 3.596648e-01
-3.475000e-01 -9.100000e-02 -3.618438e-01 3.596648e-01 -3.465000e-01 -9.100000e-02 -3.618304e-01 3.597729e-01
-3.465000e-01 -9.100000e-02 -3.618304e-01 3.597729e-01 -3.455000e-01 -9.100000e-02 -3.618179e-01 3.598792e-01
-3.450000e-01 -9.150000e-02 -3.618644e-01 3.594971e-01 -3.455000e-01 -9.100000e-02 -3.618179e-01 3.598792e-01
-1.940000e-01 -9.150000e-02 -3.623708e-01 3.554346e-01 -1.935000e-01 -9.100000e-02 -3.624321e-01 3.557705e-01
-1.935000e-01 -9.100000e-02 -3.624321e-01 3.557705e-01 -1.925000e-01 -9.100000e-02 -3.624047e-01 3.556199e-01
-1.925000e-01 -9.100000e-02 -3.624047e-01 3.556199e-01 -1.915000e-01 -9.100000e-02 -3.623763e-01 3.554679e-01
-1.915000e-01 -9.100000e-02 -3.623763e-01 3.554679e-01 -1.910000e-01 -9.050000e-02 -3.624383e-01 3.558007e-01
-3.525000e-01 -9.000000e-02 -3.618066e-01 3.599661e-01 -3.530000e-01 -8.950000e-02 -3.617559e-01 3.603405e-01
-3.525000e-01 -9.000000e-02 -3.618066e-01 3.599661e-01 -3.515000e-01 -9.000000e-02 -3.617903e-01 3.600830e-01
-3.515000e-01 -9.000000e-02 -3.617903e-01 3.600830e-01 -3.505000e-01 -9.000000e-02 -3.617751e-01 3.601982e-01
-3.505000e-01 -9.000000e-02 -3.617751e-01 3.601982e-01 -3.495000e-01 -9.000000e-02 -3.617607e-01 3.603116e-01
-3.490000e-01 -9.050000e-02 -3.618099e-01 3.599334e-01 -3.495000e-01 -9.000000e-02 -3.617607e-01 3.603116e-01
-1.910000e-01 -9.050000e-02 -3.624383e-01 3.558007e-01 -1.905000e-01 -9.000000e-02 -3.625014e-01 3.561330e-01
-1.905000e-01 -9.000000e-02 -3.625014e-01 3.561330e-01 -1.895000e-01 -9.000000e-02 -3.624724e-01 3.559776e-01
-1.895000e-01 -9.000000e-02 -3.624724e-01 3.559776e-01 -1.885000e-01 -9.000000e-02 -3.624425e-01 3.558208e-01
-1.885000e-01 -9.000000e-02 -3.624425e-01 3.558208e-01 -1.875000e-01 -9.000000e-02 -3.624116e-01 3.556627e-01
-1.875000e-01 -9.000000e-02 -3.624116e-01 3.556627e-01 -1.870000e-01 -8.950000e-02 -3.624754e-01 3.559907e-01
-3.555000e-01 -8.900000e-02 -3.617380e-01 3.604717e-01 -3.560000e-01 -8.850000e-02 -3.616852e-01 3.608430e-01
-3.555000e-01 -8.900000e-02 -3.617380e-01 3.604717e-01 -3.545000e-01 -8.900000e-02 -3.617206e-01 3.605940e-01
-3.545000e-01 -8.900000e-02 -3.617206e-01 3.605940e-01 -3.535000e-01 -8.900000e-02 -3.617042e-01 3.607146e-01
-3.530000e-01 -8.950000e-02 -3.617559e-01 3.603405e-01 -3.535000e-01 -8.900000e-02 -3.617042e-01 3.607146e-01
-1.870000e-01 -8.950000e-02 -3.624754e-01 3.559907e-01 -1.865000e-01 -8.900000e-02 -3.625402e-01 3.563182e-01
-1.865000e-01 -8.900000e-02 -3.625402e-01 3.563182e-01 -1.855000e-01 -8.900000e-02 -3.625086e-01 3.561566e-01
-1.855000e-01 -8.900000e-02 -3.625086e-01 3.561566e-01 -1.845000e-01 -8.900000e-02 -3.624760e-01 3.559937e-01
-1.845000e-01 -8.900000e-02 -3.624760e-01 3.559937e-01 -1.835000e-01 -8.900000e-02 -3.624423e-01 3.558296e-01
-1.835000e-01 -8.900000e-02 -3.624423e-01 3.558296e-01 -1.830000e-01 -8.850000e-02 -3.625077e-01 3.561529e-01
-3.595000e-01 -8.800000e-02 -3.616877e-01 3.608309e-01 -3.600000e-01 -8.750000e-02 -3.616326e-01 3.611980e-01
-3.595000e-01 -8.800000e-02 -3.616877e-01 3.608309e-01 -3.585000e-01 -8.800000e-02 -3.616679e-01 3.609603e-01
-3.585000e-01 -8.800000e-02 -3.616679e-01 3.609603e-01 -3.575000e-01 -8.800000e-02 -3.616492e-01 3.610880e-01
-3.575000e-01 -8.800000e-02 -3.616492e-01 3.610880e-01 -3.565000e-01 -8.800000e-02 -3.616315e-01 3.612140e-01
-3.560000e-01 -8.850000e-02 -3.616852e-01 3.608430e-01 -3.565000e-01 -8.800000e-02 -3.616315e-01 3.612140e-01
-1.830000e-01 -8.850000e-02 -3.625077e-01 3.561529e-01 -1.825000e-01 -8.800000e-02 -3.625742e-01 3.564755e-01
-1.825000e-01 -8.800000e-02 -3.625742e-01 3.564755e-01 -1.815000e-01 -8.800000e-02 -3.625397e-01 3.563079e-01
-1.815000e-01 -8.800000e-02 -3.625397e-01 3.563079e-01 -1.805000e-01 -8.800000e-02 -3.625042e-01 3.561390e-01
-1.805000e-01 -8.800000e-02 -3.625042e-01 3.561390e-01 -1.800000e-01 -8.750000e-02 -3.625711e-01 3.564586e-01
-3.625000e-01 -8.700000e-02 -3.616179e-01 3.612970e-01 -3.630000e-01 -8.650000e-02 -3.615609e-01 3.616608e-01
-3.625000e-01 -8.700000e-02 -3.616179e-01 3.612970e-01 -3.615000e-01 -8.700000e-02 -3.615967e-01 3.614318e-01
-3.615000e-01 -8.700000e-02 -3.615967e-01 3.614318e-01 -3.605000e-01 -8.700000e-02 -3.615765e-01 3.615648e-01
-3.600000e-01 -8.750000e-02 -3.616326e-01 3.611980e-01 -3.605000e-01 -8.700000e-02 -3.615765e-01 3.615648e-01
-1.800000e-01 -8.750000e-02 -3.625711e-01 3.564586e-01 -1.795000e-01 -8.700000e-02 -3.626389e-01 3.567775e-01
-1.795000e-01 -8.700000e-02 -3.626389e-01 3.567775e-01 -1.785000e-01 -8.700000e-02 -3.626026e-01 3.566052e-01
-1.785000e-01 -8.700000e-02 -3.626026e-01 3.566052e-01 -1.775000e-01 -8.700000e-02 -3.625651e-01 3.564317e-01
-1.775000e-01 -8.700000e-02 -3.625651e-01 3.564317e-01 -1.770000e-01 -8.650000e-02 -3.626333e-01 3.567475e-01
-3.655000e-01 -8.600000e-02 -3.615475e-01 3.617458e-01 -3.660000e-01 -8.550000e-02 -3.614886e-01 3.621064e-01
-3.655000e-01 -8.600000e-02 -3.615475e-01 3.617458e-01 -3.645000e-01 -8.600000e-02 -3.615246e-01 3.618860e-01
-3.645000e-01 -8.600000e-02 -3.615246e-01 3.618860e-01 -3.635000e-01 -8.600000e-02 -3.615028e-01 3.620245e-01
-3.630000e-01 -8.650000e-02 -3.615609e-01 3.616608e-01 -3.635000e-01 -8.600000e-02 -3.615028e-01 3.620245e-01
-1.770000e-01 -8.650000e-02 -3.626333e-01 3.567475e-01 -1.765000e-01 -8.600000e-02 -3.627025e-01 3.570627e-01
-1.765000e-01 -8.600000e-02 -3.627025e-01 3.570627e-01 -1.755000e-01 -8.600000e-02 -3.626641e-01 3.568858e-01
-1.755000e-01 -8.600000e-02 -3.626641e-01 3.568858e-01 -1.745000e-01 -8.600000e-02 -3.626246e-01 3.567077e-01
-1.745000e-01 -8.600000e-02 -3.626246e-01 3.567077e-01 -1.735000e-01 -8.600000e-02 -3.625840e-01 3.565282e-01
-1.735000e-01 -8.600000e-02 -3.625840e-01 3.565282e-01 -1.730000e-01 -8.550000e-02 -3.626535e-01 3.568393e-01
-3.685000e-01 -8.500000e-02 -3.614768e-01 3.621774e-01 -3.690000e-01 -8.450000e-02 -3.614160e-01 3.625347e-01
-3.685000e-01 -8.500000e-02 -3.614768e-01 3.621774e-01 -3.675000e-01 -8.500000e-02 -3.614521e-01 3.623229e-01
-3.675000e-01 -8.500000e-02 -3.614521e-01 3.623229e-01 -3.665000e-01 -8.500000e-02 -3.614286e-01 3.624668e-01
-3.660000e-01 -8.550000e-02 -3.614886e-01 3.621064e-01 -3.665000e-01 -8.500000e-02 -3.614286e-01 3.624668e-01
-1.730000e-01 -8.550000e-02 -3.626535e-01 3.568393e-01 -1.725000e-01 -8.500000e-02 -3.627240e-01 3.571497e-01
-1.725000e-01 -8.500000e-02 -3.627240e-01 3.571497e-01 -1.715000e-01 -8.500000e-02 -3.626823e-01 3.569670e-01
-1.715000e-01 -8.500000e-02 -3.626823e-01 3.569670e-01 -1.705000e-01 -8.500000e-02 -3.626396e-01 3.567830e-01
-1.705000e-01 -8.500000e-02 -3.626396e-01 3.567830e-01 -1.700000e-01 -8.450000e-02 -3.627102e-01 3.570903e-01
-3.715000e-01 -8.400000e-02 -3.614061e-01 3.625916e-01 -3.720000e-01 -8.350000e-02 -3.613437e-01 3.629456e-01
-3.715000e-01 -8.400000e-02 -3.614061e-01 3.625916e-01 -3.705000e-01 -8.400000e-02 -3.613796e-01 3.627425e-01
-3.705000e-01 -8.400000e-02 -3.613796e-01 3.627425e-01 -3.695000e-01 -8.400000e-02 -3.613543e-01 3.628918e-01
-3.690000e-01 -8.450000e-02 -3.614160e-01 3.625347e-01 -3.695000e-01 -8.400000e-02 -3.613543e-01 3.628918e-01
-1.700000e-01 -8.450000e-02 -3.627102e-01 3.570903e-01 -1.695000e-01 -8.400000e-02 -3.627819e-01 3.573970e-01
-1.695000e-01 -8.400000e-02 -3.627819e-01 3.573970e-01 -1.685000e-01 -8.400000e-02 -3.627380e-01 3.572097e-01
-1.685000e-01 -8.400000e-02 -3.627380e-01 3.572097e-01 -1.675000e-01 -8.400000e-02 -3.626929e-01 3.570212e-01
-1.675000e-01 -8.400000e-02 -3.626929e-01 3.570212e-01 -1.670000e-01 -8.350000e-02 -3.627646e-01 3.573248e-01
-3.745000e-01 -8.300000e-02 -3.613360e-01 3.629884e-01 -3.750000e-01 -8.250000e-02 -3.612719e-01 3.633391e-01
-3.745000e-01 -8.300000e-02 -3.613360e-01 3.629884e-01 -3.735000e-01 -8.300000e-02 -3.613075e-01 3.631448e-01
-3.735000e-01 -8.300000e-02 -3.613075e-01 3.631448e-01 -3.725000e-01 -8.300000e-02 -3.612802e-01 3.632994e-01
-3.720000e-01 -8.350000e-02 -3.613437e-01 3.629456e-01 -3.725000e-01 -8.300000e-02 -3.612802e-01 3.632994e-01
-1.670000e-01 -8.350000e-02 -3.627646e-01 3.573248e-01 -1.665000e-01 -8.300000e-02 -3.628374e-01 3.576277e-01
-1.665000e-01 -8.300000e-02 -3.628374e-01 3.576277e-01 -1.655000e-01 -8.300000e-02 -3.627911e-01 3.574360e-01
-1.655000e-01 -8.300000e-02 -3.627911e-01 3.574360e-01 -1.650000e-01 -8.250000e-02 -3.628639e-01 3.577369e-01
-3.775000e-01 -8.200000e-02 -3.612668e-01 3.633678e-01 -3.780000e-01 -8.150000e-02 -3.612011e-01 3.637152e-01
-3.775000e-01 -8.200000e-02 -3.612668e-01 3.633678e-01 -3.765000e-01 -8.200000e-02 -3.612361e-01 3.635295e-01
-3.765000e-01 -8.200000e-02 -3.612361e-01 3.635295e-01 -3.755000e-01 -8.200000e-02 -3.612068e-01 3.636896e-01
-3.750000e-01 -8.250000e-02 -3.612719e-01 3.633391e-01 -3.755000e-01 -8.200000e-02 -3.612068e-01 3.636896e-01
-1.650000e-01 -8.250000e-02 -3.628639e-01 3.577369e-01 -1.645000e-01 -8.200000e-02 -3.629377e-01 3.580370e-01
-1.645000e-01 -8.200000e-02 -3.629377e-01 3.580370e-01 -1.635000e-01 -8.200000e-02 -3.628902e-01 3.578420e-01
-1.635000e-01 -8.200000e-02 -3.628902e-01 3.578420e-01 -1.625000e-01 -8.200000e-02 -3.628415e-01 3.576459e-01
-1.625000e-01 -8.200000e-02 -3.628415e-01 3.576459e-01 -1.620000e-01 -8.150000e-02 -3.629152e-01 3.579431e-01
-3.805000e-01 -8.100000e-02 -3.611988e-01 3.637297e-01 -3.810000e-01 -8.050000e-02 -3.611316e-01 3.640736e-01
-3.805000e-01 -8.100000e-02 -3.611988e-01 3.637297e-01 -3.795000e-01 -8.100000e-02 -3.611659e-01 3.638968e-01
-3.795000e-01 -8.100000e-02 -3.611659e-01 3.638968e-01 -3.785000e-01 -8.100000e-02 -3.611343e-01 3.640622e-01
-3.780000e-01 -8.150000e-02 -3.612011e-01 3.637152e-01 -3.785000e-01 -8.100000e-02 -3.611343e-01 3.640622e-01
-1.620000e-01 -8.150000e-02 -3.629152e-01 3.579431e-01 -1.615000e-01 -8.100000e-02 -3.629899e-01 3.582395e-01
-1.615000e-01 -8.100000e-02 -3.629899e-01 3.582395e-01 -1.605000e-01 -8.100000e-02 -3.629399e-01 3.580401e-01
-1.605000e-01 -8.100000e-02 -3.629399e-01 3.580401e-01 -1.595000e-01 -8.100000e-02 -3.628887e-01 3.578396e-01
-1.595000e-01 -8.100000e-02 -3.628887e-01 3.578396e-01 -1.590000e-01 -8.050000e-02 -3.629633e-01 3.581330e-01
-3.835000e-01 -8.000000e-02 -3.611326e-01 3.640740e-01 -3.840000e-01 -7.950000e-02 -3.610639e-01 3.644146e-01
-3.835000e-01 -8.000000e-02 -3.611326e-01 3.640740e-01 -3.825000e-01 -8.000000e-02 -3.610973e-01 3.642465e-01
-3.825000e-01 -8.000000e-02 -3.610973e-01 3.642465e-01 -3.815000e-01 -8.000000e-02 -3.610633e-01 3.644173e-01
-3.810000e-01 -8.050000e-02 -3.611316e-01 3.640736e-01 -3.815000e-01 -8.000000e-02 -3.610633e-01 3.644173e-01
-1.590000e-01 -8.050000e-02 -3.629633e-01 3.581330e-01 -1.585000e-01 -8.000000e-02 -3.630389e-01 3.584257e-01
-1.585000e-01 -8.000000e-02 -3.630389e-01 3.584257e-01 -1.575000e-01 -8.000000e-02 -3.629863e-01 3.582220e-01
-1.575000e-01 -8.000000e-02 -3.629863e-01 3.582220e-01 -1.570000e-01 -7.950000e-02 -3.630618e-01 3.585127e-01
-3.855000e-01 -7.900000e-02 -3.610306e-01 3.645786e-01 -3.860000e-01 -7.850000e-02 -3.609606e-01 3.649168e-01
-3.855000e-01 -7.900000e-02 -3.610306e-01 3.645786e-01 -3.845000e-01 -7.900000e-02 -3.609942e-01 3.647548e-01
-3.840000e-01 -7.950000e-02 -3.610639e-01 3.644146e-01 -3.845000e-01 -7.900000e-02 -3.609942e-01 3.647548e-01
-1.570000e-01 -7.950000e-02 -3.630618e-01 3.585127e-01 -1.565000e-01 -7.900000e-02 -3.631383e-01 3.588026e-01
-1.565000e-01 -7.900000e-02 -3.631383e-01 3.588026e-01 -1.555000e-01 -7.900000e-02 -3.630843e-01 3.585957e-01
-1.555000e-01 -7.900000e-02 -3.630843e-01 3.585957e-01 -1.545000e-01 -7.900000e-02 -3.630290e-01 3.583878e-01
-1.545000e-01 -7.900000e-02 -3.630290e-01 3.583878e-01 -1.540000e-01 -7.850000e-02 -3.631052e-01 3.586747e-01
-3.885000e-01 -7.800000e-02 -3.609663e-01 3.648932e-01 -3.890000e-01 -7.750000e-02 -3.608950e-01 3.652279e-01
-3.885000e-01 -7.800000e-02 -3.609663e-01 3.648932e-01 -3.875000e-01 -7.800000e-02 -3.609272e-01 3.650747e-01
-3.875000e-01 -7.800000e-02 -3.609272e-01 3.650747e-01 -3.865000e-01 -7.800000e-02 -3.608896e-01 3.652545e-01
-3.860000e-01 -7.850000e-02 -3.609606e-01 3.649168e-01 -3.865000e-01 -7.800000e-02 -3.608896e-01 3.652545e-01
-1.540000e-01 -7.850000e-02 -3.631052e-01 3.586747e-01 -1.535000e-01 -7.800000e-02 -3.631824e-01 3.589609e-01
-1.535000e-01 -7.800000e-02 -3.631824e-01 3.589609e-01 -1.525000e-01 -7.800000e-02 -3.631256e-01 3.587498e-01
-1.525000e-01 -7.800000e-02 -3.631256e-01 3.587498e-01 -1.515000e-01 -7.800000e-02 -3.630675e-01 3.585376e-01
-1.515000e-01 -7.800000e-02 -3.630675e-01 3.585376e-01 -1.510000e-01 -7.750000e-02 -3.631444e-01 3.588208e-01
-3.905000e-01 -7.700000e-02 -3.608630e-01 3.653770e-01 -3.910000e-01 -7.650000e-02 -3.607904e-01 3.657092e-01
-3.905000e-01 -7.700000e-02 -3.608630e-01 3.653770e-01 -3.895000e-01 -7.700000e-02 -3.608226e-01 3.655622e-01
-3.890000e-01 -7.750000e-02 -3.608950e-01 3.652279e-01 -3.895000e-01 -7.700000e-02 -3.608226e-01 3.655622e-01
-1.510000e-01 -7.750000e-02 -3.631444e-01 3.588208e-01 -1.505000e-01 -7.700000e-02 -3.632224e-01 3.591033e-01
-1.505000e-01 -7.700000e-02 -3.632224e-01 3.591033e-01 -1.495000e-01 -7.700000e-02 -3.631627e-01 3.588879e-01
-1.495000e-01 -7.700000e-02 -3.631627e-01 3.588879e-01 -1.490000e-01 -7.650000e-02 -3.632404e-01 3.591684e-01
-3.935000e-01 -7.600000e-02 -3.608017e-01 3.656616e-01 -3.940000e-01 -7.550000e-02 -3.607280e-01 3.659903e-01
-3.935000e-01 -7.600000e-02 -3.608017e-01 3.656616e-01 -3.925000e-01 -7.600000e-02 -3.607586e-01 3.658521e-01
-3.925000e-01 -7.600000e-02 -3.607586e-01 3.658521e-01 -3.915000e-01 -7.600000e-02 -3.607169e-01 3.660410e-01
-3.910000e-01 -7.650000e-02 -3.607904e-01 3.657092e-01 -3.915000e-01 -7.600000e-02 -3.607169e-01 3.660410e-01
-1.490000e-01 -7.650000e-02 -3.632404e-01 3.591684e-01 -1.485000e-01 -7.600000e-02 -3.633190e-01 3.594482e-01
-1.485000e-01 -7.600000e-02 -3.633190e-01 3.594482e-01 -1.475000e-01 -7.600000e-02 -3.632577e-01 3.592298e-01
-1.475000e-01 -7.600000e-02 -3.632577e-01 3.592298e-01 -1.470000e-01 -7.550000e-02 -3.633361e-01 3.595075e-01
-3.955000e-01 -7.500000e-02 -3.606979e-01 3.661244e-01 -3.960000e-01 -7.450000e-02 -3.606230e-01 3.664506e-01
-3.955000e-01 -7.500000e-02 -3.606979e-01 3.661244e-01 -3.945000e-01 -7.500000e-02 -3.606533e-01 3.663186e-01
-3.940000e-01 -7.550000e-02 -3.607280e-01 3.659903e-01 -3.945000e-01 -7.500000e-02 -3.606533e-01 3.663186e-01
-1.470000e-01 -7.550000e-02 -3.633361e-01 3.595075e-01 -1.465000e-01 -7.500000e-02 -3.634155e-01 3.597845e-01
-1.465000e-01 -7.500000e-02 -3.634155e-01 3.597845e-01 -1.455000e-01 -7.500000e-02 -3.633525e-01 3.595631e-01
-1.455000e-01 -7.500000e-02 -3.633525e-01 3.595631e-01 -1.445000e-01 -7.500000e-02 -3.632882e-01 3.593407e-01
-1.445000e-01 -7.500000e-02 -3.632882e-01 3.593407e-01 -1.440000e-01 -7.450000e-02 -3.633671e-01 3.596147e-01
-3.975000e-01 -7.400000e-02 -3.605932e-01 3.665786e-01 -3.980000e-01 -7.350000e-02 -3.605173e-01 3.669023e-01
-3.975000e-01 -7.400000e-02 -3.605932e-01 3.665786e-01 -3.965000e-01 -7.400000e-02 -3.605471e-01 3.667764e-01
-3.960000e-01 -7.450000e-02 -3.606230e-01 3.664506e-01 -3.965000e-01 -7.400000e-02 -3.605471e-01 3.667764e-01
-1.440000e-01 -7.450000e-02 -3.633671e-01 3.596147e-01 -1.435000e-01 -7.400000e-02 -3.634470e-01 3.598880e-01
-1.435000e-01 -7.400000e-02 -3.634470e-01 3.598880e-01 -1.425000e-01 -7.400000e-02 -3.633809e-01 3.596625e-01
-1.425000e-01 -7.400000e-02 -3.633809e-01 3.596625e-01 -1.420000e-01 -7.350000e-02 -3.634605e-01 3.599338e-01
-4.005000e-01 -7.300000e-02 -3.605372e-01 3.668208e-01 -4.010000e-01 -7.250000e-02 -3.604603e-01 3.671409e-01
-4.005000e-01 -7.300000e-02 -3.605372e-01 3.668208e-01 -3.995000e-01 -7.300000e-02 -3.604880e-01 3.670240e-01
-3.995000e-01 -7.300000e-02 -3.604880e-01 3.670240e-01 -3.985000e-01 -7.300000e-02 -3.604404e-01 3.672255e-01
-3.980000e-01 -7.350000e-02 -3.605173e-01 3.669023e-01 -3.985000e-01 -7.300000e-02 -3.604404e-01 3.672255e-01
-1.420000e-01 -7.350000e-02 -3.634605e-01 3.599338e-01 -1.415000e-01 -7.300000e-02 -3.635410e-01 3.602044e-01
-1.415000e-01 -7.300000e-02 -3.635410e-01 3.602044e-01 -1.405000e-01 -7.300000e-02 -3.634731e-01 3.599759e-01
-1.405000e-01 -7.300000e-02 -3.634731e-01 3.599759e-01 -1.400000e-01 -7.250000e-02 -3.635533e-01 3.602445e-01
-4.025000e-01 -7.200000e-02 -3.604332e-01 3.672538e-01 -4.030000e-01 -7.150000e-02 -3.603552e-01 3.675714e-01
-4.025000e-01 -7.200000e-02 -3.604332e-01 3.672538e-01 -4.015000e-01 -7.200000e-02 -3.603823e-01 3.674606e-01
-4.010000e-01 -7.250000e-02 -3.604603e-01 3.671409e-01 -4.015000e-01 -7.200000e-02 -3.603823e-01 3.674606e-01
-1.400000e-01 -7.250000e-02 -3.635533e-01 3.602445e-01 -1.395000e-01 -7.200000e-02 -3.636343e-01 3.605123e-01
-1.395000e-01 -7.200000e-02 -3.636343e-01 3.605123e-01 -1.385000e-01 -7.200000e-02 -3.635647e-01 3.602808e-01
-1.385000e-01 -7.200000e-02 -3.635647e-01 3.602808e-01 -1.375000e-01 -7.200000e-02 -3.634936e-01 3.600484e-01
-1.375000e-01 -7.200000e-02 -3.634936e-01 3.600484e-01 -1.370000e-01 -7.150000e-02 -3.635740e-01 3.603133e-01
-4.045000e-01 -7.100000e-02 -3.603289e-01 3.676780e-01 -4.050000e-01 -7.050000e-02 -3.602500e-01 3.679931e-01
-4.045000e-01 -7.100000e-02 -3.603289e-01 3.676780e-01 -4.035000e-01 -7.100000e-02 -3.602763e-01 3.678885e-01
-4.030000e-01 -7.150000e-02 -3.603552e-01 3.675714e-01 -4.035000e-01 -7.100000e-02 -3.602763e-01 3.678885e-01
-1.370000e-01 -7.150000e-02 -3.635740e-01 3.603133e-01 -1.365000e-01 -7.100000e-02 -3.636554e-01 3.605774e-01
-1.365000e-01 -7.100000e-02 -3.636554e-01 3.605774e-01 -1.355000e-01 -7.100000e-02 -3.635825e-01 3.603421e-01
-1.355000e-01 -7.100000e-02 -3.635825e-01 3.603421e-01 -1.350000e-01 -7.050000e-02 -3.636634e-01 3.606043e-01
-4.065000e-01 -7.000000e-02 -3.602244e-01 3.680935e-01 -4.070000e-01 -6.950000e-02 -3.601445e-01 3.684060e-01
-4.065000e-01 -7.000000e-02 -3.602244e-01 3.680935e-01 -4.055000e-01 -7.000000e-02 -3.601700e-01 3.683076e-01
-4.050000e-01 -7.050000e-02 -3.602500e-01 3.679931e-01 -4.055000e-01 -7.000000e-02 -3.601700e-01 3.683076e-01
-1.350000e-01 -7.050000e-02 -3.636634e-01 3.606043e-01 -1.345000e-01 -7.000000e-02 -3.637453e-01 3.608656e-01
-1.345000e-01 -7.000000e-02 -3.637453e-01 3.608656e-01 -1.335000e-01 -7.000000e-02 -3.636704e-01 3.606274e-01
-1.335000e-01 -7.000000e-02 -3.636704e-01 3.606274e-01 -1.330000e-01 -6.950000e-02 -3.637518e-01 3.608869e-01
-4.085000e-01 -6.900000e-02 -3.601199e-01 3.685001e-01 -4.090000e-01 -6.850000e-02 -3.600392e-01 3.688100e-01
-4.085000e-01 -6.900000e-02 -3.601199e-01 3.685001e-01 -4.075000e-01 -6.900000e-02 -3.600636e-01 3.687180e-01
-4.070000e-01 -6.950000e-02 -3.601445e-01 3.684060e-01 -4.075000e-01 -6.900000e-02 -3.600636e-01 3.687180e-01
-1.330000e-01 -6.950000e-02 -3.637518e-01 3.608869e-01 -1.325000e-01 -6.900000e-02 -3.638342e-01 3.611455e-01
-1.325000e-01 -6.900000e-02 -3.638342e-01 3.611455e-01 -1.315000e-01 -6.900000e-02 -3.637573e-01 3.609044e-01
-1.315000e-01 -6.900000e-02 -3.637573e-01 3.609044e-01 -1.310000e-01 -6.850000e-02 -3.638391e-01 3.611612e-01
-4.115000e-01 -6.800000e-02 -3.600754e-01 3.686749e-01 -4.120000e-01 -6.750000e-02 -3.599939e-01 3.689811e-01
-4.115000e-01 -6.800000e-02 -3.600754e-01 3.686749e-01 -4.105000e-01 -6.800000e-02 -3.600155e-01 3.688979e-01
-4.105000e-01 -6.800000e-02 -3.600155e-01 3.688979e-01 -4.095000e-01 -6.800000e-02 -3.599574e-01 3.691195e-01
-4.090000e-01 -6.850000e-02 -3.600392e-01 3.688100e-01 -4.095000e-01 -6.800000e-02 -3.599574e-01 3.691195e-01
-1.310000e-01 -6.850000e-02 -3.638391e-01 3.611612e-01 -1.305000e-01 -6.800000e-02 -3.639219e-01 3.614170e-01
-1.305000e-01 -6.800000e-02 -3.639219e-01 3.614170e-01 -1.295000e-01 -6.800000e-02 -3.638430e-01 3.611731e-01
-1.295000e-01 -6.800000e-02 -3.638430e-01 3.611731e-01 -1.290000e-01 -6.750000e-02 -3.639252e-01 3.614272e-01
-4.135000e-01 -6.700000e-02 -3.599732e-01 3.690602e-01 -4.140000e-01 -6.650000e-02 -3.598910e-01 3.693639e-01
-4.135000e-01 -6.700000e-02 -3.599732e-01 3.690602e-01 -4.125000e-01 -6.700000e-02 -3.599114e-01 3.692869e-01
-4.120000e-01 -6.750000e-02 -3.599939e-01 3.689811e-01 -4.125000e-01 -6.700000e-02 -3.599114e-01 3.692869e-01
-1.290000e-01 -6.750000e-02 -3.639252e-01 3.614272e-01 -1.285000e-01 -6.700000e-02 -3.640084e-01 3.616803e-01
-1.285000e-01 -6.700000e-02 -3.640084e-01 3.616803e-01 -1.275000e-01 -6.700000e-02 -3.639274e-01 3.614336e-01
-1.275000e-01 -6.700000e-02 -3.639274e-01 3.614336e-01 -1.270000e-01 -6.650000e-02 -3.640100e-01 3.616849e-01
-4.155000e-01 -6.600000e-02 -3.598716e-01 3.694367e-01 -4.160000e-01 -6.550000e-02 -3.597886e-01 3.697377e-01
-4.155000e-01 -6.600000e-02 -3.598716e-01 3.694367e-01 -4.145000e-01 -6.600000e-02 -3.598076e-01 3.696670e-01
-4.140000e-01 -6.650000e-02 -3.598910e-01 3.693639e-01 -4.145000e-01 -6.600000e-02 -3.598076e-01 3.696670e-01
-1.270000e-01 -6.650000e-02 -3.640100e-01 3.616849e-01 -1.265000e-01 -6.600000e-02 -3.640935e-01 3.619354e-01
-1.265000e-01 -6.600000e-02 -3.640935e-01 3.619354e-01 -1.255000e-01 -6.600000e-02 -3.640104e-01 3.616859e-01
-1.255000e-01 -6.600000e-02 -3.640104e-01 3.616859e-01 -1.250000e-01 -6.550000e-02 -3.640933e-01 3.619344e-01
-4.175000e-01 -6.500000e-02 -3.597705e-01 3.698043e-01 -4.180000e-01 -6.450000e-02 -3.596868e-01 3.701027e-01
-4.175000e-01 -6.500000e-02 -3.597705e-01 3.698043e-01 -4.165000e-01 -6.500000e-02 -3.597045e-01 3.700382e-01
-4.160000e-01 -6.550000e-02 -3.597886e-01 3.697377e-01 -4.165000e-01 -6.500000e-02 -3.597045e-01 3.700382e-01
-1.250000e-01 -6.550000e-02 -3.640933e-01 3.619344e-01 -1.245000e-01 -6.500000e-02 -3.641771e-01 3.621822e-01
-1.245000e-01 -6.500000e-02 -3.641771e-01 3.621822e-01 -1.235000e-01 -6.500000e-02 -3.640919e-01 3.619299e-01
-1.235000e-01 -6.500000e-02 -3.640919e-01 3.619299e-01 -1.230000e-01 -6.450000e-02 -3.641751e-01 3.621758e-01
-4.195000e-01 -6.400000e-02 -3.596702e-01 3.701630e-01 -4.200000e-01 -6.350000e-02 -3.595857e-01 3.704587e-01
-4.195000e-01 -6.400000e-02 -3.596702e-01 3.701630e-01 -4.185000e-01 -6.400000e-02 -3.596019e-01 3.704006e-01
-4.180000e-01 -6.450000e-02 -3.596868e-01 3.701027e-01 -4.185000e-01 -6.400000e-02 -3.596019e-01 3.704006e-01
-1.230000e-01 -6.450000e-02 -3.641751e-01 3.621758e-01 -1.225000e-01 -6.400000e-02 -3.642592e-01 3.624208e-01
-1.225000e-01 -6.400000e-02 -3.642592e-01 3.624208e-01 -1.215000e-01 -6.400000e-02 -3.641717e-01 3.621658e-01
-1.215000e-01 -6.400000e-02 -3.641717e-01 3.621658e-01 -1.210000e-01 -6.350000e-02 -3.642551e-01 3.624090e-01
-4.215000e-01 -6.300000e-02 -3.595707e-01 3.705128e-01 -4.220000e-01 -6.250000e-02 -3.594856e-01 3.708059e-01
-4.215000e-01 -6.300000e-02 -3.595707e-01 3.705128e-01 -4.205000e-01 -6.300000e-02 -3.595002e-01 3.707540e-01
-4.200000e-01 -6.350000e-02 -3.595857e-01 3.704587e-01 -4.205000e-01 -6.300000e-02 -3.595002e-01 3.707540e-01
-1.210000e-01 -6.350000e-02 -3.642551e-01 3.624090e-01 -1.205000e-01 -6.300000e-02 -3.643394e-01 3.626514e-01
-1.205000e-01 -6.300000e-02 -3.643394e-01 3.626514e-01 -1.195000e-01 -6.300000e-02 -3.642497e-01 3.623936e-01
-1.195000e-01 -6.300000e-02 -3.642497e-01 3.623936e-01 -1.190000e-01 -6.250000e-02 -3.643333e-01 3.626342e-01
-4.225000e-01 -6.200000e-02 -3.593995e-01 3.710984e-01 -4.230000e-01 -6.150000e-02 -3.593135e-01 3.713899e-01
-4.220000e-01 -6.250000e-02 -3.594856e-01 3.708059e-01 -4.225000e-01 -6.200000e-02 -3.593995e-01 3.710984e-01
-1.190000e-01 -6.250000e-02 -3.643333e-01 3.626342e-01 -1.185000e-01 -6.200000e-02 -3.644179e-01 3.628738e-01
-1.185000e-01 -6.200000e-02 -3.644179e-01 3.628738e-01 -1.175000e-01 -6.200000e-02 -3.643259e-01 3.626134e-01
-1.175000e-01 -6.200000e-02 -3.643259e-01 3.626134e-01 -1.170000e-01 -6.150000e-02 -3.644097e-01 3.628512e-01
-4.245000e-01 -6.100000e-02 -3.592998e-01 3.714340e-01 -4.250000e-01 -6.050000e-02 -3.592133e-01 3.717228e-01
-4.245000e-01 -6.100000e-02 -3.592998e-01 3.714340e-01 -4.235000e-01 -6.100000e-02 -3.592265e-01 3.716808e-01
-4.230000e-01 -6.150000e-02 -3.593135e-01 3.713899e-01 -4.235000e-01 -6.100000e-02 -3.592265e-01 3.716808e-01
-1.170000e-01 -6.150000e-02 -3.644097e-01 3.628512e-01 -1.165000e-01 -6.100000e-02 -3.644944e-01 3.630881e-01
-1.165000e-01 -6.100000e-02 -3.644944e-01 3.630881e-01 -1.155000e-01 -6.100000e-02 -3.644000e-01 3.628251e-01
-1.155000e-01 -6.100000e-02 -3.644000e-01 3.628251e-01 -1.150000e-01 -6.050000e-02 -3.644840e-01 3.630603e-01
-4.265000e-01 -6.000000e-02 -3.592014e-01 3.717606e-01 -4.270000e-01 -5.950000e-02 -3.591143e-01 3.720467e-01
-4.265000e-01 -6.000000e-02 -3.592014e-01 3.717606e-01 -4.255000e-01 -6.000000e-02 -3.591257e-01 3.720110e-01
-4.250000e-01 -6.050000e-02 -3.592133e-01 3.717228e-01 -4.255000e-01 -6.000000e-02 -3.591257e-01 3.720110e-01
-1.150000e-01 -6.050000e-02 -3.644840e-01 3.630603e-01 -1.145000e-01 -6.000000e-02 -3.645688e-01 3.632945e-01
-1.145000e-01 -6.000000e-02 -3.645688e-01 3.632945e-01 -1.140000e-01 -5.950000e-02 -3.646533e-01 3.635278e-01
-4.285000e-01 -5.900000e-02 -3.591043e-01 3.720783e-01 -4.290000e-01 -5.850000e-02 -3.590167e-01 3.723617e-01
-4.285000e-01 -5.900000e-02 -3.591043e-01 3.720783e-01 -4.275000e-01 -5.900000e-02 -3.590261e-01 3.723323e-01
-4.270000e-01 -5.950000e-02 -3.591143e-01 3.720467e-01 -4.275000e-01 -5.900000e-02 -3.590261e-01 3.723323e-01
-1.140000e-01 -5.950000e-02 -3.646533e-01 3.635278e-01 -1.135000e-01 -5.900000e-02 -3.647386e-01 3.637602e-01
-1.135000e-01 -5.900000e-02 -3.647386e-01 3.637602e-01 -1.125000e-01 -5.900000e-02 -3.646411e-01 3.634929e-01
-1.125000e-01 -5.900000e-02 -3.646411e-01 3.634929e-01 -1.120000e-01 -5.850000e-02 -3.647256e-01 3.637235e-01
-4.305000e-01 -5.800000e-02 -3.590088e-01 3.723870e-01 -4.310000e-01 -5.750000e-02 -3.589207e-01 3.726677e-01
-4.305000e-01 -5.800000e-02 -3.590088e-01 3.723870e-01 -4.295000e-01 -5.800000e-02 -3.589280e-01 3.726445e-01
-4.290000e-01 -5.850000e-02 -3.590167e-01 3.723617e-01 -4.295000e-01 -5.800000e-02 -3.589280e-01 3.726445e-01
-1.120000e-01 -5.850000e-02 -3.647256e-01 3.637235e-01 -1.115000e-01 -5.800000e-02 -3.648110e-01 3.639533e-01
-1.115000e-01 -5.800000e-02 -3.648110e-01 3.639533e-01 -1.105000e-01 -5.800000e-02 -3.647110e-01 3.636833e-01
-1.105000e-01 -5.800000e-02 -3.647110e-01 3.636833e-01 -1.100000e-01 -5.750000e-02 -3.647956e-01 3.639113e-01
-4.325000e-01 -5.700000e-02 -3.589149e-01 3.726868e-01 -4.330000e-01 -5.650000e-02 -3.588264e-01 3.729648e-01
-4.325000e-01 -5.700000e-02 -3.589149e-01 3.726868e-01 -4.315000e-01 -5.700000e-02 -3.588315e-01 3.729478e-01
-4.310000e-01 -5.750000e-02 -3.589207e-01 3.726677e-01 -4.315000e-01 -5.700000e-02 -3.588315e-01 3.729478e-01
-1.100000e-01 -5.750000e-02 -3.647956e-01 3.639113e-01 -1.095000e-01 -5.700000e-02 -3.648810e-01 3.641384e-01
-1.095000e-01 -5.700000e-02 -3.648810e-01 3.641384e-01 -1.085000e-01 -5.700000e-02 -3.647785e-01 3.638659e-01
-1.085000e-01 -5.700000e-02 -3.647785e-01 3.638659e-01 -1.080000e-01 -5.650000e-02 -3.648631e-01 3.640912e-01
-4.345000e-01 -5.600000e-02 -3.588228e-01 3.729776e-01 -4.350000e-01 -5.550000e-02 -3.587339e-01 3.732529e-01
-4.345000e-01 -5.600000e-02 -3.588228e-01 3.729776e-01 -4.335000e-01 -5.600000e-02 -3.587368e-01 3.732422e-01
-4.330000e-01 -5.650000e-02 -3.588264e-01 3.729648e-01 -4.335000e-01 -5.600000e-02 -3.587368e-01 3.732422e-01
-1.080000e-01 -5.650000e-02 -3.648631e-01 3.640912e-01 -1.075000e-01 -5.600000e-02 -3.649486e-01 3.643156e-01
-1.075000e-01 -5.600000e-02 -3.649486e-01 3.643156e-01 -1.065000e-01 -5.600000e-02 -3.648435e-01 3.640406e-01
-1.065000e-01 -5.600000e-02 -3.648435e-01 3.640406e-01 -1.060000e-01 -5.550000e-02 -3.649281e-01 3.642633e-01
-4.355000e-01 -5.500000e-02 -3.586439e-01 3.735275e-01 -4.360000e-01 -5.450000e-02 -3.585543e-01 3.738011e-01
-4.350000e-01 -5.550000e-02 -3.587339e-01 3.732529e-01 -4.355000e-01 -5.500000e-02 -3.586439e-01 3.735275e-01
-1.060000e-01 -5.550000e-02 -3.649281e-01 3.642633e-01 -1.055000e-01 -5.500000e-02 -3.650135e-01 3.644850e-01
-1.055000e-01 -5.500000e-02 -3.650135e-01 3.644850e-01 -1.050000e-01 -5.450000e-02 -3.650984e-01 3.647059e-01
-4.375000e-01 -5.400000e-02 -3.585531e-01 3.738039e-01 -4.380000e-01 -5.350000e-02 -3.584631e-01 3.740748e-01
-4.375000e-01 -5.400000e-02 -3.585531e-01 3.738039e-01 -4.365000e-01 -5.400000e-02 -3.584636e-01 3.740741e-01
-4.360000e-01 -5.450000e-02 -3.585543e-01 3.738011e-01 -4.365000e-01 -5.400000e-02 -3.584636e-01 3.740741e-01
-1.050000e-01 -5.450000e-02 -3.650984e-01 3.647059e-01 -1.045000e-01 -5.400000e-02 -3.651842e-01 3.649259e-01
-1.045000e-01 -5.400000e-02 -3.651842e-01 3.649259e-01 -1.035000e-01 -5.400000e-02 -3.650757e-01 3.646467e-01
-1.035000e-01 -5.400000e-02 -3.650757e-01 3.646467e-01 -1.030000e-01 -5.350000e-02 -3.651605e-01 3.648649e-01
-4.395000e-01 -5.300000e-02 -3.584644e-01 3.740714e-01 -4.400000e-01 -5.250000e-02 -3.583742e-01 3.743395e-01
-4.395000e-01 -5.300000e-02 -3.584644e-01 3.740714e-01 -4.385000e-01 -5.300000e-02 -3.583721e-01 3.743450e-01
-4.380000e-01 -5.350000e-02 -3.584631e-01 3.740748e-01 -4.385000e-01 -5.300000e-02 -3.583721e-01 3.743450e-01
-1.030000e-01 -5.350000e-02 -3.651605e-01 3.648649e-01 -1.025000e-01 -5.300000e-02 -3.652463e-01 3.650822e-01
-1.025000e-01 -5.300000e-02 -3.652463e-01 3.650822e-01 -1.015000e-01 -5.300000e-02 -3.651351e-01 3.648006e-01
-1.015000e-01 -5.300000e-02 -3.651351e-01 3.648006e-01 -1.010000e-01 -5.250000e-02 -3.652199e-01 3.650162e-01
-4.405000e-01 -5.200000e-02 -3.582829e-01 3.746070e-01 -4.410000e-01 -5.150000e-02 -3.581920e-01 3.748734e-01
-4.400000e-01 -5.250000e-02 -3.583742e-01 3.743395e-01 -4.405000e-01 -5.200000e-02 -3.582829e-01 3.746070e-01
-1.010000e-01 -5.250000e-02 -3.652199e-01 3.650162e-01 -1.005000e-01 -5.200000e-02 -3.653054e-01 3.652309e-01
-1.005000e-01 -5.200000e-02 -3.653054e-01 3.652309e-01 -1.000000e-01 -5.150000e-02 -3.653905e-01 3.654447e-01
-4.425000e-01 -5.100000e-02 -3.581961e-01 3.748599e-01 -4.430000e-01 -5.050000e-02 -3.581049e-01 3.751236e-01
-4.425000e-01 -5.100000e-02 -3.581961e-01 3.748599e-01 -4.415000e-01 -5.100000e-02 -3.581000e-01 3.751391e-01
-4.410000e-01 -5.150000e-02 -3.581920e-01 3.748734e-01 -4.415000e-01 -5.100000e-02 -3.581000e-01 3.751391e-01
-1.000000e-01 -5.150000e-02 -3.653905e-01 3.654447e-01 -9.950000e-02 -5.100000e-02 -3.654764e-01 3.656575e-01
-9.950000e-02 -5.100000e-02 -3.654764e-01 3.656575e-01 -9.850000e-02 -5.100000e-02 -3.653616e-01 3.653719e-01
-9.850000e-02 -5.100000e-02 -3.653616e-01 3.653719e-01 -9.800000e-02 -5.050000e-02 -3.654465e-01 3.655831e-01
-4.445000e-01 -5.000000e-02 -3.581118e-01 3.751040e-01 -4.450000e-01 -4.950000e-02 -3.580205e-01 3.753648e-01
-4.445000e-01 -5.000000e-02 -3.581118e-01 3.751040e-01 -4.435000e-01 -5.000000e-02 -3.580127e-01 3.753865e-01
-4.430000e-01 -5.050000e-02 -3.581049e-01 3.751236e-01 -4.435000e-01 -5.000000e-02 -3.580127e-01 3.753865e-01
-9.800000e-02 -5.050000e-02 -3.654465e-01 3.655831e-01 -9.750000e-02 -5.000000e-02 -3.655322e-01 3.657933e-01
-9.750000e-02 -5.000000e-02 -3.655322e-01 3.657933e-01 -9.650000e-02 -5.000000e-02 -3.654146e-01 3.655053e-01
-9.650000e-02 -5.000000e-02 -3.654146e-01 3.655053e-01 -9.600000e-02 -4.950000e-02 -3.654993e-01 3.657139e-01
-4.455000e-01 -4.900000e-02 -3.579281e-01 3.756250e-01 -4.460000e-01 -4.850000e-02 -3.578361e-01 3.758842e-01
-4.450000e-01 -4.950000e-02 -3.580205e-01 3.753648e-01 -4.455000e-01 -4.900000e-02 -3.579281e-01 3.756250e-01
-9.600000e-02 -4.950000e-02 -3.654993e-01 3.657139e-01 -9.550000e-02 -4.900000e-02 -3.655848e-01 3.659215e-01
-9.550000e-02 -4.900000e-02 -3.655848e-01 3.659215e-01 -9.500000e-02 -4.850000e-02 -3.656698e-01 3.661283e-01
-4.475000e-01 -4.800000e-02 -3.578462e-01 3.758546e-01 -4.480000e-01 -4.750000e-02 -3.577542e-01 3.761110e-01
-4.475000e-01 -4.800000e-02 -3.578462e-01 3.758546e-01 -4.465000e-01 -4.800000e-02 -3.577432e-01 3.761427e-01
-4.460000e-01 -4.850000e-02 -3.578361e-01 3.758842e-01 -4.465000e-01 -4.800000e-02 -3.577432e-01 3.761427e-01
-9.500000e-02 -4.850000e-02 -3.656698e-01 3.661283e-01 -9.450000e-02 -4.800000e-02 -3.657556e-01 3.663341e-01
-9.450000e-02 -4.800000e-02 -3.657556e-01 3.663341e-01 -9.350000e-02 -4.800000e-02 -3.656341e-01 3.660421e-01
-9.350000e-02 -4.800000e-02 -3.656341e-01 3.660421e-01 -9.300000e-02 -4.750000e-02 -3.657188e-01 3.662463e-01
-4.495000e-01 -4.700000e-02 -3.577673e-01 3.760751e-01 -4.500000e-01 -4.650000e-02 -3.576752e-01 3.763287e-01
-4.495000e-01 -4.700000e-02 -3.577673e-01 3.760751e-01 -4.485000e-01 -4.700000e-02 -3.576611e-01 3.763666e-01
-4.480000e-01 -4.750000e-02 -3.577542e-01 3.761110e-01 -4.485000e-01 -4.700000e-02 -3.576611e-01 3.763666e-01
-9.300000e-02 -4.750000e-02 -3.657188e-01 3.662463e-01 -9.250000e-02 -4.700000e-02 -3.658043e-01 3.664495e-01
-9.250000e-02 -4.700000e-02 -3.658043e-01 3.664495e-01 -9.200000e-02 -4.650000e-02 -3.658893e-01 3.666519e-01
-4.505000e-01 -4.600000e-02 -3.575820e-01 3.765816e-01 -4.510000e-01 -4.550000e-02 -3.574893e-01 3.768335e-01
-4.500000e-01 -4.650000e-02 -3.576752e-01 3.763287e-01 -4.505000e-01 -4.600000e-02 -3.575820e-01 3.765816e-01
-9.200000e-02 -4.650000e-02 -3.658893e-01 3.666519e-01 -9.150000e-02 -4.600000e-02 -3.659750e-01 3.668533e-01
-9.150000e-02 -4.600000e-02 -3.659750e-01 3.668533e-01 -9.050000e-02 -4.600000e-02 -3.658496e-01 3.665575e-01
-9.050000e-02 -4.600000e-02 -3.658496e-01 3.665575e-01 -9.000000e-02 -4.550000e-02 -3.659342e-01 3.667573e-01
-4.525000e-01 -4.500000e-02 -3.575061e-01 3.767877e-01 -4.530000e-01 -4.450000e-02 -3.574134e-01 3.770368e-01
-4.525000e-01 -4.500000e-02 -3.575061e-01 3.767877e-01 -4.515000e-01 -4.500000e-02 -3.573956e-01 3.770846e-01
-4.510000e-01 -4.550000e-02 -3.574893e-01 3.768335e-01 -4.515000e-01 -4.500000e-02 -3.573956e-01 3.770846e-01
-9.000000e-02 -4.550000e-02 -3.659342e-01 3.667573e-01 -8.950000e-02 -4.500000e-02 -3.660197e-01 3.669561e-01
-8.950000e-02 -4.500000e-02 -3.660197e-01 3.669561e-01 -8.900000e-02 -4.450000e-02 -3.661045e-01 3.671542e-01
-4.535000e-01 -4.400000e-02 -3.573197e-01 3.772851e-01 -4.540000e-01 -4.350000e-02 -3.572265e-01 3.775324e-01
-4.530000e-01 -4.450000e-02 -3.574134e-01 3.770368e-01 -4.535000e-01 -4.400000e-02 -3.573197e-01 3.772851e-01
-8.900000e-02 -4.450000e-02 -3.661045e-01 3.671542e-01 -8.850000e-02 -4.400000e-02 -3.661901e-01 3.673512e-01
-8.850000e-02 -4.400000e-02 -3.661901e-01 3.673512e-01 -8.750000e-02 -4.400000e-02 -3.660606e-01 3.670516e-01
-8.750000e-02 -4.400000e-02 -3.660606e-01 3.670516e-01 -8.700000e-02 -4.350000e-02 -3.661451e-01 3.672471e-01
-4.555000e-01 -4.300000e-02 -3.572471e-01 3.774767e-01 -4.560000e-01 -4.250000e-02 -3.571540e-01 3.777211e-01
-4.555000e-01 -4.300000e-02 -3.572471e-01 3.774767e-01 -4.545000e-01 -4.300000e-02 -3.571322e-01 3.777790e-01
-4.540000e-01 -4.350000e-02 -3.572265e-01 3.775324e-01 -4.545000e-01 -4.300000e-02 -3.571322e-01 3.777790e-01
-8.700000e-02 -4.350000e-02 -3.661451e-01 3.672471e-01 -8.650000e-02 -4.300000e-02 -3.662303e-01 3.674415e-01
-8.650000e-02 -4.300000e-02 -3.662303e-01 3.674415e-01 -8.600000e-02 -4.250000e-02 -3.663150e-01 3.676352e-01
-4.575000e-01 -4.200000e-02 -3.571781e-01 3.776593e-01 -4.580000e-01 -4.150000e-02 -3.570851e-01 3.779010e-01
-4.575000e-01 -4.200000e-02 -3.571781e-01 3.776593e-01 -4.565000e-01 -4.200000e-02 -3.570598e-01 3.779649e-01
-4.560000e-01 -4.250000e-02 -3.571540e-01 3.777211e-01 -4.565000e-01 -4.200000e-02 -3.570598e-01 3.779649e-01
-8.600000e-02 -4.250000e-02 -3.663150e-01 3.676352e-01 -8.550000e-02 -4.200000e-02 -3.664004e-01 3.678279e-01
-8.550000e-02 -4.200000e-02 -3.664004e-01 3.678279e-01 -8.450000e-02 -4.200000e-02 -3.662667e-01 3.675246e-01
-8.450000e-02 -4.200000e-02 -3.662667e-01 3.675246e-01 -8.400000e-02 -4.150000e-02 -3.663509e-01 3.677157e-01
-4.585000e-01 -4.100000e-02 -3.569910e-01 3.781419e-01 -4.590000e-01 -4.050000e-02 -3.568975e-01 3.783818e-01
-4.580000e-01 -4.150000e-02 -3.570851e-01 3.779010e-01 -4.585000e-01 -4.100000e-02 -3.569910e-01 3.781419e-01
-8.400000e-02 -4.150000e-02 -3.663509e-01 3.677157e-01 -8.350000e-02 -4.100000e-02 -3.664359e-01 3.679058e-01
-8.350000e-02 -4.100000e-02 -3.664359e-01 3.679058e-01 -8.300000e-02 -4.050000e-02 -3.665202e-01 3.680951e-01
-4.605000e-01 -4.000000e-02 -3.569260e-01 3.783101e-01 -4.610000e-01 -3.950000e-02 -3.568327e-01 3.785472e-01
-4.605000e-01 -4.000000e-02 -3.569260e-01 3.783101e-01 -4.595000e-01 -4.000000e-02 -3.568030e-01 3.786210e-01
-4.590000e-01 -4.050000e-02 -3.568975e-01 3.783818e-01 -4.595000e-01 -4.000000e-02 -3.568030e-01 3.786210e-01
-8.300000e-02 -4.050000e-02 -3.665202e-01 3.680951e-01 -8.250000e-02 -4.000000e-02 -3.666053e-01 3.682835e-01
-8.250000e-02 -4.000000e-02 -3.666053e-01 3.682835e-01 -8.150000e-02 -4.000000e-02 -3.664674e-01 3.679766e-01
-8.150000e-02 -4.000000e-02 -3.664674e-01 3.679766e-01 -8.100000e-02 -3.950000e-02 -3.665512e-01 3.681634e-01
-4.615000e-01 -3.900000e-02 -3.567383e-01 3.787836e-01 -4.620000e-01 -3.850000e-02 -3.566446e-01 3.790189e-01
-4.610000e-01 -3.950000e-02 -3.568327e-01 3.785472e-01 -4.615000e-01 -3.900000e-02 -3.567383e-01 3.787836e-01
-8.100000e-02 -3.950000e-02 -3.665512e-01 3.681634e-01 -8.050000e-02 -3.900000e-02 -3.666358e-01 3.683492e-01
-8.050000e-02 -3.900000e-02 -3.666358e-01 3.683492e-01 -8.000000e-02 -3.850000e-02 -3.667197e-01 3.685342e-01
-4.635000e-01 -3.800000e-02 -3.566777e-01 3.789372e-01 -4.640000e-01 -3.750000e-02 -3.565842e-01 3.791697e-01
-4.635000e-01 -3.800000e-02 -3.566777e-01 3.789372e-01 -4.625000e-01 -3.800000e-02 -3.565498e-01 3.792534e-01
-4.620000e-01 -3.850000e-02 -3.566446e-01 3.790189e-01 -4.625000e-01 -3.800000e-02 -3.565498e-01 3.792534e-01
-8.000000e-02 -3.850000e-02 -3.667197e-01 3.685342e-01 -7.950000e-02 -3.800000e-02 -3.668045e-01 3.687182e-01
-7.950000e-02 -3.800000e-02 -3.668045e-01 3.687182e-01 -7.850000e-02 -3.800000e-02 -3.666622e-01 3.684079e-01
-7.850000e-02 -3.800000e-02 -3.666622e-01 3.684079e-01 -7.800000e-02 -3.750000e-02 -3.667456e-01 3.685904e-01
-4.645000e-01 -3.700000e-02 -3.564896e-01 3.794014e-01 -4.650000e-01 -3.650000e-02 -3.563958e-01 3.796321e-01
-4.640000e-01 -3.750000e-02 -3.565842e-01 3.791697e-01 -4.645000e-01 -3.700000e-02 -3.564896e-01 3.794014e-01
-7.800000e-02 -3.750000e-02 -3.667456e-01 3.685904e-01 -7.750000e-02 -3.700000e-02 -3.668297e-01 3.687719e-01
-7.750000e-02 -3.700000e-02 -3.668297e-01 3.687719e-01 -7.700000e-02 -3.650000e-02 -3.669132e-01 3.689525e-01
-4.655000e-01 -3.600000e-02 -3.563009e-01 3.798620e-01 -4.660000e-01 -3.550000e-02 -3.562066e-01 3.800909e-01
-4.650000e-01 -3.650000e-02 -3.563958e-01 3.796321e-01 -4.655000e-01 -3.600000e-02 -3.563009e-01 3.798620e-01
-7.700000e-02 -3.650000e-02 -3.669132e-01 3.689525e-01 -7.650000e-02 -3.600000e-02 -3.669974e-01 3.691322e-01
-7.650000e-02 -3.600000e-02 -3.669974e-01 3.691322e-01 -7.550000e-02 -3.600000e-02 -3.668507e-01 3.688185e-01
-7.550000e-02 -3.600000e-02 -3.668507e-01 3.688185e-01 -7.500000e-02 -3.550000e-02 -3.669335e-01 3.689967e-01
-4.675000e-01 -3.500000e-02 -3.562456e-01 3.799956e-01 -4.680000e-01 -3.450000e-02 -3.561517e-01 3.802216e-01
-4.675000e-01 -3.500000e-02 -3.562456e-01 3.799956e-01 -4.665000e-01 -3.500000e-02 -3.561114e-01 3.803189e-01
-4.660000e-01 -3.550000e-02 -3.562066e-01 3.800909e-01 -4.665000e-01 -3.500000e-02 -3.561114e-01 3.803189e-01
-7.500000e-02 -3.550000e-02 -3.669335e-01 3.689967e-01 -7.450000e-02 -3.500000e-02 -3.670171e-01 3.691739e-01
-7.450000e-02 -3.500000e-02 -3.670171e-01 3.691739e-01 -7.400000e-02 -3.450000e-02 -3.671000e-01 3.693504e-01
-4.685000e-01 -3.400000e-02 -3.560567e-01 3.804468e-01 -4.690000e-01 -3.350000e-02 -3.559625e-01 3.806711e-01
-4.680000e-01 -3.450000e-02 -3.561517e-01 3.802216e-01 -4.685000e-01 -3.400000e-02 -3.560567e-01 3.804468e-01
-7.400000e-02 -3.450000e-02 -3.671000e-01 3.693504e-01 -7.350000e-02 -3.400000e-02 -3.671836e-01 3.695258e-01
-7.350000e-02 -3.400000e-02 -3.671836e-01 3.695258e-01 -7.300000e-02 -3.350000e-02 -3.672665e-01 3.697005e-01
-4.705000e-01 -3.300000e-02 -3.560067e-01 3.805660e-01 -4.710000e-01 -3.250000e-02 -3.559128e-01 3.807874e-01
-4.705000e-01 -3.300000e-02 -3.560067e-01 3.805660e-01 -4.695000e-01 -3.300000e-02 -3.558673e-01 3.808945e-01
-4.690000e-01 -3.350000e-02 -3.559625e-01 3.806711e-01 -4.695000e-01 -3.300000e-02 -3.558673e-01 3.808945e-01
-7.300000e-02 -3.350000e-02 -3.672665e-01 3.697005e-01 -7.250000e-02 -3.300000e-02 -3.673501e-01 3.698741e-01
-7.250000e-02 -3.300000e-02 -3.673501e-01 3.698741e-01 -7.150000e-02 -3.300000e-02 -3.671975e-01 3.695556e-01
-7.150000e-02 -3.300000e-02 -3.671975e-01 3.695556e-01 -7.100000e-02 -3.250000e-02 -3.672797e-01 3.697278e-01
-4.715000e-01 -3.200000e-02 -3.558180e-01 3.810080e-01 -4.720000e-01 -3.150000e-02 -3.557239e-01 3.812275e-01
-4.710000e-01 -3.250000e-02 -3.559128e-01 3.807874e-01 -4.715000e-01 -3.200000e-02 -3.558180e-01 3.810080e-01
-7.100000e-02 -3.250000e-02 -3.672797e-01 3.697278e-01 -7.050000e-02 -3.200000e-02 -3.673626e-01 3.698990e-01
-7.050000e-02 -3.200000e-02 -3.673626e-01 3.698990e-01 -7.000000e-02 -3.150000e-02 -3.674449e-01 3.700695e-01
-4.735000e-01 -3.100000e-02 -3.557736e-01 3.811128e-01 -4.740000e-01 -3.050000e-02 -3.556800e-01 3.813295e-01
-4.735000e-01 -3.100000e-02 -3.557736e-01 3.811128e-01 -4.725000e-01 -3.100000e-02 -3.556288e-01 3.814463e-01
-4.720000e-01 -3.150000e-02 -3.557239e-01 3.812275e-01 -4.725000e-01 -3.100000e-02 -3.556288e-01 3.814463e-01
-7.000000e-02 -3.150000e-02 -3.674449e-01 3.700695e-01 -6.950000e-02 -3.100000e-02 -3.675278e-01 3.702389e-01
-6.950000e-02 -3.100000e-02 -3.675278e-01 3.702389e-01 -6.900000e-02 -3.050000e-02 -3.676100e-01 3.704076e-01
-4.745000e-01 -3.000000e-02 -3.555853e-01 3.815454e-01 -4.750000e-01 -2.950000e-02 -3.554914e-01 3.817603e-01
-4.740000e-01 -3.050000e-02 -3.556800e-01 3.813295e-01 -4.745000e-01 -3.000000e-02 -3.555853e-01 3.815454e-01
-6.900000e-02 -3.050000e-02 -3.676100e-01 3.704076e-01 -6.850000e-02 -3.000000e-02 -3.676929e-01 3.705753e-01
-6.850000e-02 -3.000000e-02 -3.676929e-01 3.705753e-01 -6.750000e-02 -3.000000e-02 -3.675340e-01 3.702521e-01
-6.750000e-02 -3.000000e-02 -3.675340e-01 3.702521e-01 -6.700000e-02 -2.950000e-02 -3.676155e-01 3.704184e-01
-4.755000e-01 -2.900000e-02 -3.553966e-01 3.819743e-01 -4.760000e-01 -2.850000e-02 -3.553025e-01 3.821874e-01
-4.750000e-01 -2.950000e-02 -3.554914e-01 3.817603e-01 -4.755000e-01 -2.900000e-02 -3.553966e-01 3.819743e-01
-6.700000e-02 -2.950000e-02 -3.676155e-01 3.704184e-01 -6.650000e-02 -2.900000e-02 -3.676976e-01 3.705836e-01
-6.650000e-02 -2.900000e-02 -3.676976e-01 3.705836e-01 -6.600000e-02 -2.850000e-02 -3.677790e-01 3.707482e-01
-4.775000e-01 -2.800000e-02 -3.553592e-01 3.820591e-01 -4.780000e-01 -2.750000e-02 -3.552657e-01 3.822693e-01
-4.775000e-01 -2.800000e-02 -3.553592e-01 3.820591e-01 -4.765000e-01 -2.800000e-02 -3.552074e-01 3.823996e-01
-4.760000e-01 -2.850000e-02 -3.553025e-01 3.821874e-01 -4.765000e-01 -2.800000e-02 -3.552074e-01 3.823996e-01
-6.600000e-02 -2.850000e-02 -3.677790e-01 3.707482e-01 -6.550000e-02 -2.800000e-02 -3.678611e-01 3.709116e-01
-6.550000e-02 -2.800000e-02 -3.678611e-01 3.709116e-01 -6.500000e-02 -2.750000e-02 -3.679424e-01 3.710744e-01
-4.785000e-01 -2.700000e-02 -3.551712e-01 3.824787e-01 -4.790000e-01 -2.650000e-02 -3.550775e-01 3.826870e-01
-4.780000e-01 -2.750000e-02 -3.552657e-01 3.822693e-01 -4.785000e-01 -2.700000e-02 -3.551712e-01 3.824787e-01
-6.500000e-02 -2.750000e-02 -3.679424e-01 3.710744e-01 -6.450000e-02 -2.700000e-02 -3.680244e-01 3.712361e-01
-6.450000e-02 -2.700000e-02 -3.680244e-01 3.712361e-01 -6.350000e-02 -2.700000e-02 -3.678593e-01 3.709085e-01
-6.350000e-02 -2.700000e-02 -3.678593e-01 3.709085e-01 -6.300000e-02 -2.650000e-02 -3.679397e-01 3.710689e-01
-4.795000e-01 -2.600000e-02 -3.549828e-01 3.828945e-01 -4.800000e-01 -2.550000e-02 -3.548889e-01 3.831011e-01
-4.790000e-01 -2.650000e-02 -3.550775e-01 3.826870e-01 -4.795000e-01 -2.600000e-02 -3.549828e-01 3.828945e-01
-6.300000e-02 -2.650000e-02 -3.679397e-01 3.710689e-01 -6.250000e-02 -2.600000e-02 -3.680209e-01 3.712282e-01
-6.250000e-02 -2.600000e-02 -3.680209e-01 3.712282e-01 -6.200000e-02 -2.550000e-02 -3.681012e-01 3.713868e-01
-4.815000e-01 -2.500000e-02 -3.549532e-01 3.829594e-01 -4.820000e-01 -2.450000e-02 -3.548600e-01 3.831630e-01
-4.815000e-01 -2.500000e-02 -3.549532e-01 3.829594e-01 -4.805000e-01 -2.500000e-02 -3.547940e-01 3.833067e-01
-4.800000e-01 -2.550000e-02 -3.548889e-01 3.831011e-01 -4.805000e-01 -2.500000e-02 -3.547940e-01 3.833067e-01
-6.200000e-02 -2.550000e-02 -3.681012e-01 3.713868e-01 -6.150000e-02 -2.500000e-02 -3.681823e-01 3.715444e-01
-6.150000e-02 -2.500000e-02 -3.681823e-01 3.715444e-01 -6.100000e-02 -2.450000e-02 -3.682625e-01 3.717013e-01
-4.825000e-01 -2.400000e-02 -3.547658e-01 3.833659e-01 -4.830000e-01 -2.350000e-02 -3.546725e-01 3.835677e-01
-4.820000e-01 -2.450000e-02 -3.548600e-01 3.831630e-01 -4.825000e-01 -2.400000e-02 -3.547658e-01 3.833659e-01
-6.100000e-02 -2.450000e-02 -3.682625e-01 3.717013e-01 -6.050000e-02 -2.400000e-02 -3.683434e-01 3.718571e-01
-6.050000e-02 -2.400000e-02 -3.683434e-01 3.718571e-01 -5.950000e-02 -2.400000e-02 -3.681718e-01 3.715253e-01
-5.950000e-02 -2.400000e-02 -3.681718e-01 3.715253e-01 -5.900000e-02 -2.350000e-02 -3.682511e-01 3.716798e-01
-4.835000e-01 -2.300000e-02 -3.545781e-01 3.837686e-01 -4.840000e-01 -2.250000e-02 -3.544847e-01 3.839686e-01
-4.830000e-01 -2.350000e-02 -3.546725e-01 3.835677e-01 -4.835000e-01 -2.300000e-02 -3.545781e-01 3.837686e-01
-5.900000e-02 -2.350000e-02 -3.682511e-01 3.716798e-01 -5.850000e-02 -2.300000e-02 -3.683311e-01 3.718332e-01
-5.850000e-02 -2.300000e-02 -3.683311e-01 3.718332e-01 -5.800000e-02 -2.250000e-02 -3.684103e-01 3.719860e-01
-4.855000e-01 -2.200000e-02 -3.545571e-01 3.838136e-01 -4.860000e-01 -2.150000e-02 -3.544644e-01 3.840107e-01
-4.855000e-01 -2.200000e-02 -3.545571e-01 3.838136e-01 -4.845000e-01 -2.200000e-02 -3.543902e-01 3.841676e-01
-4.840000e-01 -2.250000e-02 -3.544847e-01 3.839686e-01 -4.845000e-01 -2.200000e-02 -3.543902e-01 3.841676e-01
-5.800000e-02 -2.250000e-02 -3.684103e-01 3.719860e-01 -5.750000e-02 -2.200000e-02 -3.684901e-01 3.721377e-01
-5.750000e-02 -2.200000e-02 -3.684901e-01 3.721377e-01 -5.700000e-02 -2.150000e-02 -3.685691e-01 3.722888e-01
-4.865000e-01 -2.100000e-02 -3.543708e-01 3.842069e-01 -4.870000e-01 -2.050000e-02 -3.542780e-01 3.844022e-01
-4.860000e-01 -2.150000e-02 -3.544644e-01 3.840107e-01 -4.865000e-01 -2.100000e-02 -3.543708e-01 3.842069e-01
-5.700000e-02 -2.150000e-02 -3.685691e-01 3.722888e-01 -5.650000e-02 -2.100000e-02 -3.686487e-01 3.724388e-01
-5.650000e-02 -2.100000e-02 -3.686487e-01 3.724388e-01 -5.600000e-02 -2.050000e-02 -3.687276e-01 3.725882e-01
-4.875000e-01 -2.000000e-02 -3.541843e-01 3.845965e-01 -4.880000e-01 -1.950000e-02 -3.540914e-01 3.847899e-01
-4.870000e-01 -2.050000e-02 -3.542780e-01 3.844022e-01 -4.875000e-01 -2.000000e-02 -3.541843e-01 3.845965e-01
-5.600000e-02 -2.050000e-02 -3.687276e-01 3.725882e-01 -5.550000e-02 -2.000000e-02 -3.688070e-01 3.727364e-01
-5.550000e-02 -2.000000e-02 -3.688070e-01 3.727364e-01 -5.450000e-02 -2.000000e-02 -3.686272e-01 3.723993e-01
-5.450000e-02 -2.000000e-02 -3.686272e-01 3.723993e-01 -5.400000e-02 -1.950000e-02 -3.687050e-01 3.725463e-01
-4.895000e-01 -1.900000e-02 -3.541725e-01 3.846217e-01 -4.900000e-01 -1.850000e-02 -3.540806e-01 3.848123e-01
-4.895000e-01 -1.900000e-02 -3.541725e-01 3.846217e-01 -4.885000e-01 -1.900000e-02 -3.539976e-01 3.849824e-01
-4.880000e-01 -1.950000e-02 -3.540914e-01 3.847899e-01 -4.885000e-01 -1.900000e-02 -3.539976e-01 3.849824e-01
-5.400000e-02 -1.950000e-02 -3.687050e-01 3.725463e-01 -5.350000e-02 -1.900000e-02 -3.687834e-01 3.726922e-01
-5.350000e-02 -1.900000e-02 -3.687834e-01 3.726922e-01 -5.300000e-02 -1.850000e-02 -3.688610e-01 3.728376e-01
-4.905000e-01 -1.800000e-02 -3.539877e-01 3.850019e-01 -4.910000e-01 -1.750000e-02 -3.538957e-01 3.851906e-01
-4.900000e-01 -1.850000e-02 -3.540806e-01 3.848123e-01 -4.905000e-01 -1.800000e-02 -3.539877e-01 3.850019e-01
-5.300000e-02 -1.850000e-02 -3.688610e-01 3.728376e-01 -5.250000e-02 -1.800000e-02 -3.689393e-01 3.729818e-01
-5.250000e-02 -1.800000e-02 -3.689393e-01 3.729818e-01 -5.200000e-02 -1.750000e-02 -3.690167e-01 3.731254e-01
-4.915000e-01 -1.700000e-02 -3.538028e-01 3.853784e-01 -4.920000e-01 -1.650000e-02 -3.537108e-01 3.855652e-01
-4.910000e-01 -1.750000e-02 -3.538957e-01 3.851906e-01 -4.915000e-01 -1.700000e-02 -3.538028e-01 3.853784e-01
-5.200000e-02 -1.750000e-02 -3.690167e-01 3.731254e-01 -5.150000e-02 -1.700000e-02 -3.690946e-01 3.732678e-01
-5.150000e-02 -1.700000e-02 -3.690946e-01 3.732678e-01 -5.100000e-02 -1.650000e-02 -3.691718e-01 3.734098e-01
-4.925000e-01 -1.600000e-02 -3.536178e-01 3.857510e-01 -4.930000e-01 -1.550000e-02 -3.535259e-01 3.859359e-01
-4.920000e-01 -1.650000e-02 -3.537108e-01 3.855652e-01 -4.925000e-01 -1.600000e-02 -3.536178e-01 3.857510e-01
-5.100000e-02 -1.650000e-02 -3.691718e-01 3.734098e-01 -5.050000e-02 -1.600000e-02 -3.692495e-01 3.735506e-01
-5.050000e-02 -1.600000e-02 -3.692495e-01 3.735506e-01 -5.000000e-02 -1.550000e-02 -3.693264e-01 3.736908e-01
-4.945000e-01 -1.500000e-02 -3.536180e-01 3.857510e-01 -4.950000e-01 -1.450000e-02 -3.535271e-01 3.859331e-01
-4.945000e-01 -1.500000e-02 -3.536180e-01 3.857510e-01 -4.935000e-01 -1.500000e-02 -3.534330e-01 3.861199e-01
-4.930000e-01 -1.550000e-02 -3.535259e-01 3.859359e-01 -4.935000e-01 -1.500000e-02 -3.534330e-01 3.861199e-01
-5.000000e-02 -1.550000e-02 -3.693264e-01 3.736908e-01 -4.950000e-02 -1.500000e-02 -3.694039e-01 3.738299e-01
-4.950000e-02 -1.500000e-02 -3.694039e-01 3.738299e-01 -4.850000e-02 -1.500000e-02 -3.692138e-01 3.734865e-01
-4.850000e-02 -1.500000e-02 -3.692138e-01 3.734865e-01 -4.800000e-02 -1.450000e-02 -3.692895e-01 3.736245e-01
-4.955000e-01 -1.400000e-02 -3.534352e-01 3.861142e-01 -4.960000e-01 -1.350000e-02 -3.533443e-01 3.862945e-01
-4.950000e-01 -1.450000e-02 -3.535271e-01 3.859331e-01 -4.955000e-01 -1.400000e-02 -3.534352e-01 3.861142e-01
-4.800000e-02 -1.450000e-02 -3.692895e-01 3.736245e-01 -4.750000e-02 -1.400000e-02 -3.693659e-01 3.737613e-01
-4.750000e-02 -1.400000e-02 -3.693659e-01 3.737613e-01 -4.700000e-02 -1.350000e-02 -3.694413e-01 3.738975e-01
-4.965000e-01 -1.300000e-02 -3.532524e-01 3.864737e-01 -4.970000e-01 -1.250000e-02 -3.531616e-01 3.866520e-01
-4.960000e-01 -1.350000e-02 -3.533443e-01 3.862945e-01 -4.965000e-01 -1.300000e-02 -3.532524e-01 3.864737e-01
-4.700000e-02 -1.350000e-02 -3.694413e-01 3.738975e-01 -4.650000e-02 -1.300000e-02 -3.695174e-01 3.740326e-01
-4.650000e-02 -1.300000e-02 -3.695174e-01 3.740326e-01 -4.600000e-02 -1.250000e-02 -3.695925e-01 3.741672e-01
-4.975000e-01 -1.200000e-02 -3.530698e-01 3.868294e-01 -4.980000e-01 -1.150000e-02 -3.529791e-01 3.870058e-01
-4.970000e-01 -1.250000e-02 -3.531616e-01 3.866520e-01 -4.975000e-01 -1.200000e-02 -3.530698e-01 3.868294e-01
-4.600000e-02 -1.250000e-02 -3.695925e-01 3.741672e-01 -4.550000e-02 -1.200000e-02 -3.696683e-01 3.743006e-01
-4.550000e-02 -1.200000e-02 -3.696683e-01 3.743006e-01 -4.500000e-02 -1.150000e-02 -3.697432e-01 3.744335e-01
-4.995000e-01 -1.100000e-02 -3.530831e-01 3.868043e-01 -5.000000e-01 -1.050000e-02 -3.529935e-01 3.869779e-01
-4.995000e-01 -1.100000e-02 -3.530831e-01 3.868043e-01 -4.985000e-01 -1.100000e-02 -3.528874e-01 3.871813e-01
-4.980000e-01 -1.150000e-02 -3.529791e-01 3.870058e-01 -4.985000e-01 -1.100000e-02 -3.528874e-01 3.871813e-01
-4.500000e-02 -1.150000e-02 -3.697432e-01 3.744335e-01 -4.450000e-02 -1.100000e-02 -3.698185e-01 3.745653e-01
-4.450000e-02 -1.100000e-02 -3.698185e-01 3.745653e-01 -4.400000e-02 -1.050000e-02 -3.698930e-01 3.746964e-01
-5.005000e-01 -1.000000e-02 -3.529030e-01 3.871506e-01 -5.010000e-01 -9.500000e-03 -3.528135e-01 3.873223e-01
-5.000000e-01 -1.050000e-02 -3.529935e-01 3.869779e-01 -5.005000e-01 -1.000000e-02 -3.529030e-01 3.871506e-01
-4.400000e-02 -1.050000e-02 -3.698930e-01 3.746964e-01 -4.350000e-02 -1.000000e-02 -3.699681e-01 3.748265e-01
-4.350000e-02 -1.000000e-02 -3.699681e-01 3.748265e-01 -4.300000e-02 -9.500000e-03 -3.700423e-01 3.749560e-01
-5.015000e-01 -9.000000e-03 -3.527231e-01 3.874931e-01 -5.020000e-01 -8.500000e-03 -3.526338e-01 3.876629e-01
-5.010000e-01 -9.500000e-03 -3.528135e-01 3.873223e-01 -5.015000e-01 -9.000000e-03 -3.527231e-01 3.874931e-01
-4.300000e-02 -9.500000e-03 -3.700423e-01 3.749560e-01 -4.250000e-02 -9.000000e-03 -3.701170e-01 3.750845e-01
-4.250000e-02 -9.000000e-03 -3.701170e-01 3.750845e-01 -4.200000e-02 -8.500000e-03 -3.701909e-01 3.752123e-01
-5.025000e-01 -8.000000e-03 -3.525436e-01 3.878318e-01 -5.030000e-01 -7.500000e-03 -3.524544e-01 3.879997e-01
-5.020000e-01 -8.500000e-03 -3.526338e-01 3.876629e-01 -5.025000e-01 -8.000000e-03 -3.525436e-01 3.878318e-01
-4.200000e-02 -8.500000e-03 -3.701909e-01 3.752123e-01 -4.150000e-02 -8.000000e-03 -3.702652e-01 3.753390e-01
-4.150000e-02 -8.000000e-03 -3.702652e-01 3.753390e-01 -4.050000e-02 -8.000000e-03 -3.700609e-01 3.749878e-01
-4.050000e-02 -8.000000e-03 -3.700609e-01 3.749878e-01 -4.000000e-02 -7.500000e-03 -3.701335e-01 3.751135e-01
-5.035000e-01 -7.000000e-03 -3.523643e-01 3.881666e-01 -5.040000e-01 -6.500000e-03 -3.522754e-01 3.883327e-01
-5.030000e-01 -7.500000e-03 -3.524544e-01 3.879997e-01 -5.035000e-01 -7.000000e-03 -3.523643e-01 3.881666e-01
-4.000000e-02 -7.500000e-03 -3.701335e-01 3.751135e-01 -3.950000e-02 -7.000000e-03 -3.702065e-01 3.752380e-01
-3.950000e-02 -7.000000e-03 -3.702065e-01 3.752380e-01 -3.900000e-02 -6.500000e-03 -3.702787e-01 3.753620e-01
-5.055000e-01 -6.000000e-03 -3.523944e-01 3.881112e-01 -5.060000e-01 -5.500000e-03 -3.523067e-01 3.882745e-01
-5.055000e-01 -6.000000e-03 -3.523944e-01 3.881112e-01 -5.045000e-01 -6.000000e-03 -3.521855e-01 3.884977e-01
-5.040000e-01 -6.500000e-03 -3.522754e-01 3.883327e-01 -5.045000e-01 -6.000000e-03 -3.521855e-01 3.884977e-01
-3.900000e-02 -6.500000e-03 -3.702787e-01 3.753620e-01 -3.850000e-02 -6.000000e-03 -3.703514e-01 3.754849e-01
-3.850000e-02 -6.000000e-03 -3.703514e-01 3.754849e-01 -3.800000e-02 -5.500000e-03 -3.704231e-01 3.756073e-01
-5.065000e-01 -5.000000e-03 -3.522181e-01 3.884368e-01 -5.070000e-01 -4.500000e-03 -3.521307e-01 3.885981e-01
-5.060000e-01 -5.500000e-03 -3.523067e-01 3.882745e-01 -5.065000e-01 -5.000000e-03 -3.522181e-01 3.884368e-01
-3.800000e-02 -5.500000e-03 -3.704231e-01 3.756073e-01 -3.750000e-02 -5.000000e-03 -3.704954e-01 3.757285e-01
-3.750000e-02 -5.000000e-03 -3.704954e-01 3.757285e-01 -3.700000e-02 -4.500000e-03 -3.705667e-01 3.758492e-01
-5.075000e-01 -4.000000e-03 -3.520423e-01 3.887585e-01 -5.080000e-01 -3.500000e-03 -3.519551e-01 3.889180e-01
-5.070000e-01 -4.500000e-03 -3.521307e-01 3.885981e-01 -5.075000e-01 -4.000000e-03 -3.520423e-01 3.887585e-01
-3.700000e-02 -4.500000e-03 -3.705667e-01 3.758492e-01 -3.650000e-02 -4.000000e-03 -3.706386e-01 3.759688e-01
-3.650000e-02 -4.000000e-03 -3.706386e-01 3.759688e-01 -3.600000e-02 -3.500000e-03 -3.707095e-01 3.760878e-01
-5.085000e-01 -3.000000e-03 -3.518670e-01 3.890764e-01 -5.090000e-01 -2.500000e-03 -3.517801e-01 3.892339e-01
-5.080000e-01 -3.500000e-03 -3.519551e-01 3.889180e-01 -5.085000e-01 -3.000000e-03 -3.518670e-01 3.890764e-01
-3.600000e-02 -3.500000e-03 -3.707095e-01 3.760878e-01 -3.550000e-02 -3.000000e-03 -3.707808e-01 3.762058e-01
-3.550000e-02 -3.000000e-03 -3.707808e-01 3.762058e-01 -3.500000e-02 -2.500000e-03 -3.708513e-01 3.763232e-01
-5.095000e-01 -2.000000e-03 -3.516922e-01 3.893905e-01 -5.100000e-01 -1.500000e-03 -3.516055e-01 3.895462e-01
-5.090000e-01 -2.500000e-03 -3.517801e-01 3.892339e-01 -5.095000e-01 -2.000000e-03 -3.516922e-01 3.893905e-01
-3.500000e-02 -2.500000e-03 -3.708513e-01 3.763232e-01 -3.450000e-02 -2.000000e-03 -3.709223e-01 3.764395e-01
-3.450000e-02 -2.000000e-03 -3.709223e-01 3.764395e-01 -3.400000e-02 -1.500000e-03 -3.709923e-01 3.765553e-01
-5.105000e-01 -1.000000e-03 -3.515180e-01 3.897008e-01 -5.110000e-01 -5.000000e-04 -3.514316e-01 3.898545e-01
-5.100000e-01 -1.500000e-03 -3.516055e-01 3.895462e-01 -5.105000e-01 -1.000000e-03 -3.515180e-01 3.897008e-01
-3.400000e-02 -1.500000e-03 -3.709923e-01 3.765553e-01 -3.350000e-02 -1.000000e-03 -3.710627e-01 3.766699e-01
-3.350000e-02 -1.000000e-03 -3.710627e-01 3.766699e-01 -3.300000e-02 -5.000000e-04 -3.711323e-01 3.767841e-01
-5.125000e-01 -1.387779e-17 -3.515695e-01 3.896099e-01 -5.130000e-01 5.000000e-04 -3.514846e-01 3.897610e-01
-5.125000e-01 -1.387779e-17 -3.515695e-01 3.896099e-01 -5.115000e-01 -1.387779e-17 -3.513444e-01 3.900072e-01
-5.110000e-01 -5.000000e-04 -3.514316e-01 3.898545e-01 -5.115000e-01 -1.387779e-17 -3.513444e-01 3.900072e-01
-3.300000e-02 -5.000000e-04 -3.711323e-01 3.767841e-01 -3.250000e-02 -1.387779e-17 -3.712023e-01 3.768972e-01
-3.250000e-02 -1.387779e-17 -3.712023e-01 3.768972e-01 -3.200000e-02 5.000000e-04 -3.712713e-01 3.770097e-01
-5.135000e-01 1.000000e-03 -3.513989e-01 3.899109e-01 -5.140000e-01 1.500000e-03 -3.513142e-01 3.900601e-01
-5.130000e-01 5.000000e-04 -3.514846e-01 3.897610e-01 -5.135000e-01 1.000000e-03 -3.513989e-01 3.899109e-01
-3.200000e-02 5.000000e-04 -3.712713e-01 3.770097e-01 -3.150000e-02 1.000000e-03 -3.713408e-01 3.771211e-01
-3.150000e-02 1.000000e-03 -3.713408e-01 3.771211e-01 -3.100000e-02 1.500000e-03 -3.714094e-01 3.772320e-01
-5.145000e-01 2.000000e-03 -3.512288e-01 3.902081e-01 -5.150000e-01 2.500000e-03 -3.511446e-01 3.903554e-01
-5.140000e-01 1.500000e-03 -3.513142e-01 3.900601e-01 -5.145000e-01 2.000000e-03 -3.512288e-01 3.902081e-01
-3.100000e-02 1.500000e-03 -3.714094e-01 3.772320e-01 -3.050000e-02 2.000000e-03 -3.714784e-01 3.773418e-01
-3.050000e-02 2.000000e-03 -3.714784e-01 3.773418e-01 -3.000000e-02 2.500000e-03 -3.715465e-01 3.774511e-01
-5.155000e-01 3.000000e-03 -3.510596e-01 3.905015e-01 -5.160000e-01 3.500000e-03 -3.509757e-01 3.906468e-01
-5.150000e-01 2.500000e-03 -3.511446e-01 3.903554e-01 -5.155000e-01 3.000000e-03 -3.510596e-01 3.905015e-01
-3.000000e-02 2.500000e-03 -3.715465e-01 3.774511e-01 -2.950000e-02 3.000000e-03 -3.716149e-01 3.775593e-01
-2.950000e-02 3.000000e-03 -3.716149e-01 3.775593e-01 -2.850000e-02 3.000000e-03 -3.713881e-01 3.771974e-01
-2.850000e-02 3.000000e-03 -3.713881e-01 3.771974e-01 -2.800000e-02 3.500000e-03 -3.714546e-01 3.773047e-01
-5.165000e-01 4.000000e-03 -3.508911e-01 3.907910e-01 -5.170000e-01 4.500000e-03 -3.508076e-01 3.909344e-01
-5.160000e-01 3.500000e-03 -3.509757e-01 3.906468e-01 -5.165000e-01 4.000000e-03 -3.508911e-01 3.907910e-01
-2.800000e-02 3.500000e-03 -3.714546e-01 3.773047e-01 -2.750000e-02 4.000000e-03 -3.715216e-01 3.774108e-01
-2.750000e-02 4.000000e-03 -3.715216e-01 3.774108e-01 -2.700000e-02 4.500000e-03 -3.715876e-01 3.775165e-01
-5.175000e-01 5.000000e-03 -3.507233e-01 3.910767e-01 -5.180000e-01 5.500000e-03 -3.506403e-01 3.912183e-01
-5.170000e-01 4.500000e-03 -3.508076e-01 3.909344e-01 -5.175000e-01 5.000000e-03 -3.507233e-01 3.910767e-01
-2.700000e-02 4.500000e-03 -3.715876e-01 3.775165e-01 -2.650000e-02 5.000000e-03 -3.716540e-01 3.776210e-01
-2.650000e-02 5.000000e-03 -3.716540e-01 3.776210e-01 -2.600000e-02 5.500000e-03 -3.717195e-01 3.777251e-01
-5.185000e-01 6.000000e-03 -3.505564e-01 3.913587e-01 -5.190000e-01 6.500000e-03 -3.504738e-01 3.914983e-01
-5.180000e-01 5.500000e-03 -3.506403e-01 3.912183e-01 -5.185000e-01 6.000000e-03 -3.505564e-01 3.913587e-01
-2.600000e-02 5.500000e-03 -3.717195e-01 3.777251e-01 -2.550000e-02 6.000000e-03 -3.717853e-01 3.778280e-01
-2.550000e-02 6.000000e-03 -3.717853e-01 3.778280e-01 -2.500000e-02 6.500000e-03 -3.718502e-01 3.779305e-01
-5.195000e-01 7.000000e-03 -3.503904e-01 3.916368e-01 -5.200000e-01 7.500000e-03 -3.503082e-01 3.917745e-01
-5.190000e-01 6.500000e-03 -3.504738e-01 3.914983e-01 -5.195000e-01 7.000000e-03 -3.503904e-01 3.916368e-01
-2.500000e-02 6.500000e-03 -3.718502e-01 3.779305e-01 -2.450000e-02 7.000000e-03 -3.719155e-01 3.780319e-01
-2.450000e-02 7.000000e-03 -3.719155e-01 3.780319e-01 -2.400000e-02 7.500000e-03 -3.719798e-01 3.781328e-01
-5.215000e-01 8.000000e-03 -3.504724e-01 3.915005e-01 -5.220000e-01 8.500000e-03 -3.503919e-01 3.916356e-01
-5.215000e-01 8.000000e-03 -3.504724e-01 3.915005e-01 -5.205000e-01 8.000000e-03 -3.502253e-01 3.919111e-01
-5.200000e-01 7.500000e-03 -3.503082e-01 3.917745e-01 -5.205000e-01 8.000000e-03 -3.502253e-01 3.919111e-01
-2.400000e-02 7.500000e-03 -3.719798e-01 3.781328e-01 -2.350000e-02 8.000000e-03 -3.720445e-01 3.782326e-01
-2.350000e-02 8.000000e-03 -3.720445e-01 3.782326e-01 -2.300000e-02 8.500000e-03 -3.721082e-01 3.783320e-01
-5.225000e-01 9.000000e-03 -3.503107e-01 3.917695e-01 -5.230000e-01 9.500000e-03 -3.502307e-01 3.919026e-01
-5.220000e-01 8.500000e-03 -3.503919e-01 3.916356e-01 -5.225000e-01 9.000000e-03 -3.503107e-01 3.917695e-01
-2.300000e-02 8.500000e-03 -3.721082e-01 3.783320e-01 -2.250000e-02 9.000000e-03 -3.721723e-01 3.784302e-01
-2.250000e-02 9.000000e-03 -3.721723e-01 3.784302e-01 -2.200000e-02 9.500000e-03 -3.722354e-01 3.785280e-01
-5.235000e-01 1.000000e-02 -3.501499e-01 3.920346e-01 -5.240000e-01 1.050000e-02 -3.500705e-01 3.921659e-01
-5.230000e-01 9.500000e-03 -3.502307e-01 3.919026e-01 -5.235000e-01 1.000000e-02 -3.501499e-01 3.920346e-01
-2.200000e-02 9.500000e-03 -3.722354e-01 3.785280e-01 -2.150000e-02 1.000000e-02 -3.722989e-01 3.786246e-01
-2.150000e-02 1.000000e-02 -3.722989e-01 3.786246e-01 -2.100000e-02 1.050000e-02 -3.723613e-01 3.787208e-01
-5.245000e-01 1.100000e-02 -3.499902e-01 3.922960e-01 -5.250000e-01 1.150000e-02 -3.499113e-01 3.924253e-01
-5.240000e-01 1.050000e-02 -3.500705e-01 3.921659e-01 -5.245000e-01 1.100000e-02 -3.499902e-01 3.922960e-01
-2.100000e-02 1.050000e-02 -3.723613e-01 3.787208e-01 -2.050000e-02 1.100000e-02 -3.724242e-01 3.788159e-01
-2.050000e-02 1.100000e-02 -3.724242e-01 3.788159e-01 -2.000000e-02 1.150000e-02 -3.724860e-01 3.789106e-01
-5.255000e-01 1.200000e-02 -3.498316e-01 3.925535e-01 -5.260000e-01 1.250000e-02 -3.497531e-01 3.926810e-01
-5.250000e-01 1.150000e-02 -3.499113e-01 3.924253e-01 -5.255000e-01 1.200000e-02 -3.498316e-01 3.925535e-01
-2.000000e-02 1.150000e-02 -3.724860e-01 3.789106e-01 -1.950000e-02 1.200000e-02 -3.725483e-01 3.790041e-01
-1.950000e-02 1.200000e-02 -3.725483e-01 3.790041e-01 -1.900000e-02 1.250000e-02 -3.726094e-01 3.790972e-01
-5.265000e-01 1.300000e-02 -3.496740e-01 3.928073e-01 -5.270000e-01 1.350000e-02 -3.495961e-01 3.929329e-01
-5.260000e-01 1.250000e-02 -3.497531e-01 3.926810e-01 -5.265000e-01 1.300000e-02 -3.496740e-01 3.928073e-01
-1.900000e-02 1.250000e-02 -3.726094e-01 3.790972e-01 -1.850000e-02 1.300000e-02 -3.726710e-01 3.791892e-01
-1.850000e-02 1.300000e-02 -3.726710e-01 3.791892e-01 -1.800000e-02 1.350000e-02 -3.727315e-01 3.792808e-01
-5.275000e-01 1.400000e-02 -3.495175e-01 3.930572e-01 -5.280000e-01 1.450000e-02 -3.494402e-01 3.931809e-01
-5.270000e-01 1.350000e-02 -3.495961e-01 3.929329e-01 -5.275000e-01 1.400000e-02 -3.495175e-01 3.930572e-01
-1.800000e-02 1.350000e-02 -3.727315e-01 3.792808e-01 -1.750000e-02 1.400000e-02 -3.727924e-01 3.793713e-01
-1.750000e-02 1.400000e-02 -3.727924e-01 3.793713e-01 -1.700000e-02 1.450000e-02 -3.728523e-01 3.794613e-01
-5.285000e-01 1.500000e-02 -3.493622e-01 3.933034e-01 -5.290000e-01 1.550000e-02 -3.492856e-01 3.934252e-01
-5.280000e-01 1.450000e-02 -3.494402e-01 3.931809e-01 -5.285000e-01 1.500000e-02 -3.493622e-01 3.933034e-01
-1.700000e-02 1.450000e-02 -3.728523e-01 3.794613e-01 -1.650000e-02 1.500000e-02 -3.729125e-01 3.795502e-01
-1.650000e-02 1.500000e-02 -3.729125e-01 3.795502e-01 -1.600000e-02 1.550000e-02 -3.729717e-01 3.796388e-01
-5.295000e-01 1.600000e-02 -3.492082e-01 3.935458e-01 -5.300000e-01 1.650000e-02 -3.491321e-01 3.936657e-01
-5.290000e-01 1.550000e-02 -3.492856e-01 3.934252e-01 -5.295000e-01 1.600000e-02 -3.492082e-01 3.935458e-01
-1.600000e-02 1.550000e-02 -3.729717e-01 3.796388e-01 -1.550000e-02 1.600000e-02 -3.730312e-01 3.797261e-01
-1.550000e-02 1.600000e-02 -3.730312e-01 3.797261e-01 -1.500000e-02 1.650000e-02 -3.730896e-01 3.798132e-01
-5.305000e-01 1.700000e-02 -3.490553e-01 3.937844e-01 -5.310000e-01 1.750000e-02 -3.489798e-01 3.939024e-01
-5.300000e-01 1.650000e-02 -3.491321e-01 3.936657e-01 -5.305000e-01 1.700000e-02 -3.490553e-01 3.937844e-01
-1.500000e-02 1.650000e-02 -3.730896e-01 3.798132e-01 -1.450000e-02 1.700000e-02 -3.731485e-01 3.798990e-01
-1.450000e-02 1.700000e-02 -3.731485e-01 3.798990e-01 -1.400000e-02 1.750000e-02 -3.732062e-01 3.799845e-01
-5.315000e-01 1.800000e-02 -3.489037e-01 3.940193e-01 -5.320000e-01 1.850000e-02 -3.488289e-01 3.941354e-01
-5.310000e-01 1.750000e-02 -3.489798e-01 3.939024e-01 -5.315000e-01 1.800000e-02 -3.489037e-01 3.940193e-01
-1.400000e-02 1.750000e-02 -3.732062e-01 3.799845e-01 -1.400000e-02 1.850000e-02 -3.735797e-01 3.805267e-01
-5.325000e-01 1.900000e-02 -3.487534e-01 3.942503e-01 -5.330000e-01 1.950000e-02 -3.486792e-01 3.943646e-01
-5.320000e-01 1.850000e-02 -3.488289e-01 3.941354e-01 -5.325000e-01 1.900000e-02 -3.487534e-01 3.942503e-01
-1.400000e-02 1.850000e-02 -3.735797e-01 3.805267e-01 -1.350000e-02 1.900000e-02 -3.736381e-01 3.806098e-01
-1.350000e-02 1.900000e-02 -3.736381e-01 3.806098e-01 -1.300000e-02 1.950000e-02 -3.736955e-01 3.806926e-01
-5.335000e-01 2.000000e-02 -3.486044e-01 3.944776e-01 -5.340000e-01 2.050000e-02 -3.485310e-01 3.945900e-01
-5.330000e-01 1.950000e-02 -3.486792e-01 3.943646e-01 -5.335000e-01 2.000000e-02 -3.486044e-01 3.944776e-01
-1.300000e-02 1.950000e-02 -3.736955e-01 3.806926e-01 -1.250000e-02 2.000000e-02 -3.737531e-01 3.807743e-01
-1.250000e-02 2.000000e-02 -3.737531e-01 3.807743e-01 -1.200000e-02 2.050000e-02 -3.738098e-01 3.808556e-01
-5.345000e-01 2.100000e-02 -3.484568e-01 3.947012e-01 -5.350000e-01 2.150000e-02 -3.483841e-01 3.948116e-01
-5.340000e-01 2.050000e-02 -3.485310e-01 3.945900e-01 -5.345000e-01 2.100000e-02 -3.484568e-01 3.947012e-01
-1.200000e-02 2.050000e-02 -3.738098e-01 3.808556e-01 -1.150000e-02 2.100000e-02 -3.738667e-01 3.809358e-01
-1.150000e-02 2.100000e-02 -3.738667e-01 3.809358e-01 -1.100000e-02 2.150000e-02 -3.739225e-01 3.810156e-01
-5.355000e-01 2.200000e-02 -3.483106e-01 3.949209e-01 -5.360000e-01 2.250000e-02 -3.482386e-01 3.950295e-01
-5.350000e-01 2.150000e-02 -3.483841e-01 3.948116e-01 -5.355000e-01 2.200000e-02 -3.483106e-01 3.949209e-01
-1.100000e-02 2.150000e-02 -3.739225e-01 3.810156e-01 -1.050000e-02 2.200000e-02 -3.739787e-01 3.810943e-01
-1.050000e-02 2.200000e-02 -3.739787e-01 3.810943e-01 -1.000000e-02 2.250000e-02 -3.740338e-01 3.811726e-01
-5.365000e-01 2.300000e-02 -3.481659e-01 3.951369e-01 -5.370000e-01 2.350000e-02 -3.480946e-01 3.952436e-01
-5.360000e-01 2.250000e-02 -3.482386e-01 3.950295e-01 -5.365000e-01 2.300000e-02 -3.481659e-01 3.951369e-01
-1.000000e-02 2.250000e-02 -3.740338e-01 3.811726e-01 -9.500000e-03 2.300000e-02 -3.740892e-01 3.812498e-01
-9.500000e-03 2.300000e-02 -3.740892e-01 3.812498e-01 -9.000000e-03 2.350000e-02 -3.741435e-01 3.813267e-01
-5.375000e-01 2.400000e-02 -3.480226e-01 3.953492e-01 -5.380000e-01 2.450000e-02 -3.479521e-01 3.954540e-01
-5.370000e-01 2.350000e-02 -3.480946e-01 3.952436e-01 -5.375000e-01 2.400000e-02 -3.480226e-01 3.953492e-01
-9.000000e-03 2.350000e-02 -3.741435e-01 3.813267e-01 -8.500000e-03 2.400000e-02 -3.741981e-01 3.814023e-01
-8.500000e-03 2.400000e-02 -3.741981e-01 3.814023e-01 -8.000000e-03 2.450000e-02 -3.742516e-01 3.814777e-01
-5.385000e-01 2.500000e-02 -3.478809e-01 3.955577e-01 -5.390000e-01 2.550000e-02 -3.478111e-01 3.956607e-01
-5.380000e-01 2.450000e-02 -3.479521e-01 3.954540e-01 -5.385000e-01 2.500000e-02 -3.478809e-01 3.955577e-01
-8.000000e-03 2.450000e-02 -3.742516e-01 3.814777e-01 -7.500000e-03 2.500000e-02 -3.743054e-01 3.815519e-01
-7.500000e-03 2.500000e-02 -3.743054e-01 3.815519e-01 -7.000000e-03 2.550000e-02 -3.743581e-01 3.816259e-01
-5.395000e-01 2.600000e-02 -3.477407e-01 3.957624e-01 -5.400000e-01 2.650000e-02 -3.476717e-01 3.958636e-01
-5.390000e-01 2.550000e-02 -3.478111e-01 3.956607e-01 -5.395000e-01 2.600000e-02 -3.477407e-01 3.957624e-01
-7.000000e-03 2.550000e-02 -3.743581e-01 3.816259e-01 -6.500000e-03 2.600000e-02 -3.744112e-01 3.816986e-01
-6.500000e-03 2.600000e-02 -3.744112e-01 3.816986e-01 -6.000000e-03 2.650000e-02 -3.744631e-01 3.817712e-01
-5.405000e-01 2.700000e-02 -3.476020e-01 3.959635e-01 -5.410000e-01 2.750000e-02 -3.475338e-01 3.960627e-01
-5.400000e-01 2.650000e-02 -3.476717e-01 3.958636e-01 -5.405000e-01 2.700000e-02 -3.476020e-01 3.959635e-01
-6.000000e-03 2.650000e-02 -3.744631e-01 3.817712e-01 -5.500000e-03 2.700000e-02 -3.745152e-01 3.818425e-01
-5.500000e-03 2.700000e-02 -3.745152e-01 3.818425e-01 -5.000000e-03 2.750000e-02 -3.745663e-01 3.819135e-01
-5.415000e-01 2.800000e-02 -3.474650e-01 3.961608e-01 -5.420000e-01 2.850000e-02 -3.473977e-01 3.962582e-01
-5.410000e-01 2.750000e-02 -3.475338e-01 3.960627e-01 -5.415000e-01 2.800000e-02 -3.474650e-01 3.961608e-01
-5.000000e-03 2.750000e-02 -3.745663e-01 3.819135e-01 -4.500000e-03 2.800000e-02 -3.746176e-01 3.819834e-01
-4.500000e-03 2.800000e-02 -3.746176e-01 3.819834e-01 -4.000000e-03 2.850000e-02 -3.746679e-01 3.820530e-01
-5.425000e-01 2.900000e-02 -3.473297e-01 3.963543e-01 -5.430000e-01 2.950000e-02 -3.472631e-01 3.964499e-01
-5.420000e-01 2.850000e-02 -3.473977e-01 3.962582e-01 -5.425000e-01 2.900000e-02 -3.473297e-01 3.963543e-01
-4.000000e-03 2.850000e-02 -3.746679e-01 3.820530e-01 -3.500000e-03 2.900000e-02 -3.747183e-01 3.821214e-01
-3.500000e-03 2.900000e-02 -3.747183e-01 3.821214e-01 -3.000000e-03 2.950000e-02 -3.747677e-01 3.821896e-01
-5.435000e-01 3.000000e-02 -3.471960e-01 3.965442e-01 -5.440000e-01 3.050000e-02 -3.471303e-01 3.966380e-01
-5.430000e-01 2.950000e-02 -3.472631e-01 3.964499e-01 -5.435000e-01 3.000000e-02 -3.471960e-01 3.965442e-01
-3.000000e-03 2.950000e-02 -3.747677e-01 3.821896e-01 -2.500000e-03 3.000000e-02 -3.748173e-01 3.822566e-01
-2.500000e-03 3.000000e-02 -3.748173e-01 3.822566e-01 -2.000000e-03 3.050000e-02 -3.748658e-01 3.823233e-01
-5.445000e-01 3.100000e-02 -3.470641e-01 3.967304e-01 -5.450000e-01 3.150000e-02 -3.469993e-01 3.968223e-01
-5.440000e-01 3.050000e-02 -3.471303e-01 3.966380e-01 -5.445000e-01 3.100000e-02 -3.470641e-01 3.967304e-01
-2.000000e-03 3.050000e-02 -3.748658e-01 3.823233e-01 -2.000000e-03 3.150000e-02 -3.752467e-01 3.828353e-01
-5.455000e-01 3.200000e-02 -3.469339e-01 3.969129e-01 -5.460000e-01 3.250000e-02 -3.468700e-01 3.970029e-01
-5.450000e-01 3.150000e-02 -3.469993e-01 3.968223e-01 -5.455000e-01 3.200000e-02 -3.469339e-01 3.969129e-01
-2.000000e-03 3.150000e-02 -3.752467e-01 3.828353e-01 -1.500000e-03 3.200000e-02 -3.752957e-01 3.828998e-01
-1.500000e-03 3.200000e-02 -3.752957e-01 3.828998e-01 -1.000000e-03 3.250000e-02 -3.753435e-01 3.829639e-01
-5.465000e-01 3.300000e-02 -3.468055e-01 3.970917e-01 -5.470000e-01 3.350000e-02 -3.467425e-01 3.971799e-01
-5.460000e-01 3.250000e-02 -3.468700e-01 3.970029e-01 -5.465000e-01 3.300000e-02 -3.468055e-01 3.970917e-01
-1.000000e-03 3.250000e-02 -3.753435e-01 3.829639e-01 -5.000000e-04 3.300000e-02 -3.753916e-01 3.830269e-01
-5.000000e-04 3.300000e-02 -3.753916e-01 3.830269e-01 2.081668e-17 3.350000e-02 -3.754386e-01 3.830896e-01
-5.475000e-01 3.400000e-02 -3.466790e-01 3.972668e-01 -5.480000e-01 3.450000e-02 -3.466169e-01 3.973531e-01
-5.470000e-01 3.350000e-02 -3.467425e-01 3.971799e-01 -5.475000e-01 3.400000e-02 -3.466790e-01 3.972668e-01
2.081668e-17 3.350000e-02 -3.754386e-01 3.830896e-01 5.000000e-04 3.400000e-02 -3.754857e-01 3.831512e-01
5.000000e-04 3.400000e-02 -3.754857e-01 3.831512e-01 1.000000e-03 3.450000e-02 -3.755318e-01 3.832126e-01
-5.485000e-01 3.500000e-02 -3.465543e-01 3.974382e-01 -5.490000e-01 3.550000e-02 -3.464932e-01 3.975228e-01
-5.480000e-01 3.450000e-02 -3.466169e-01 3.973531e-01 -5.485000e-01 3.500000e-02 -3.465543e-01 3.974382e-01
1.000000e-03 3.450000e-02 -3.755318e-01 3.832126e-01 1.500000e-03 3.500000e-02 -3.755780e-01 3.832727e-01
1.500000e-03 3.500000e-02 -3.755780e-01 3.832727e-01 2.000000e-03 3.550000e-02 -3.756231e-01 3.833327e-01
-5.495000e-01 3.600000e-02 -3.464315e-01 3.976060e-01 -5.500000e-01 3.650000e-02 -3.463713e-01 3.976887e-01
-5.490000e-01 3.550000e-02 -3.464932e-01 3.975228e-01 -5.495000e-01 3.600000e-02 -3.464315e-01 3.976060e-01
2.000000e-03 3.550000e-02 -3.756231e-01 3.833327e-01 2.500000e-03 3.600000e-02 -3.756685e-01 3.833915e-01
2.500000e-03 3.600000e-02 -3.756685e-01 3.833915e-01 3.000000e-03 3.650000e-02 -3.757127e-01 3.834501e-01
-5.505000e-01 3.700000e-02 -3.463106e-01 3.977701e-01 -5.510000e-01 3.750000e-02 -3.462515e-01 3.978510e-01
-5.500000e-01 3.650000e-02 -3.463713e-01 3.976887e-01 -5.505000e-01 3.700000e-02 -3.463106e-01 3.977701e-01
3.000000e-03 3.650000e-02 -3.757127e-01 3.834501e-01 3.500000e-03 3.700000e-02 -3.757571e-01 3.835075e-01
3.500000e-03 3.700000e-02 -3.757571e-01 3.835075e-01 4.000000e-03 3.750000e-02 -3.758003e-01 3.835647e-01
-5.515000e-01 3.800000e-02 -3.461918e-01 3.979306e-01 -5.520000e-01 3.850000e-02 -3.461336e-01 3.980097e-01
-5.510000e-01 3.750000e-02 -3.462515e-01 3.978510e-01 -5.515000e-01 3.800000e-02 -3.461918e-01 3.979306e-01
4.000000e-03 3.750000e-02 -3.758003e-01 3.835647e-01 4.000000e-03 3.850000e-02 -3.761843e-01 3.840608e-01
-5.525000e-01 3.900000e-02 -3.460749e-01 3.980875e-01 -5.530000e-01 3.950000e-02 -3.460177e-01 3.981647e-01
-5.520000e-01 3.850000e-02 -3.461336e-01 3.980097e-01 -5.525000e-01 3.900000e-02 -3.460749e-01 3.980875e-01
4.000000e-03 3.850000e-02 -3.761843e-01 3.840608e-01 4.500000e-03 3.900000e-02 -3.762279e-01 3.841157e-01
4.500000e-03 3.900000e-02 -3.762279e-01 3.841157e-01 5.000000e-03 3.950000e-02 -3.762704e-01 3.841704e-01
-5.535000e-01 4.000000e-02 -3.459601e-01 3.982407e-01 -5.540000e-01 4.050000e-02 -3.459039e-01 3.983162e-01
-5.530000e-01 3.950000e-02 -3.460177e-01 3.981647e-01 -5.535000e-01 4.000000e-02 -3.459601e-01 3.982407e-01
5.000000e-03 3.950000e-02 -3.762704e-01 3.841704e-01 5.500000e-03 4.000000e-02 -3.763130e-01 3.842239e-01
5.500000e-03 4.000000e-02 -3.763130e-01 3.842239e-01 6.000000e-03 4.050000e-02 -3.763545e-01 3.842772e-01
-5.545000e-01 4.100000e-02 -3.458473e-01 3.983903e-01 -5.550000e-01 4.150000e-02 -3.457922e-01 3.984640e-01
-5.540000e-01 4.050000e-02 -3.459039e-01 3.983162e-01 -5.545000e-01 4.100000e-02 -3.458473e-01 3.983903e-01
6.000000e-03 4.050000e-02 -3.763545e-01 3.842772e-01 6.500000e-03 4.100000e-02 -3.763961e-01 3.843293e-01
6.500000e-03 4.100000e-02 -3.763961e-01 3.843293e-01 7.000000e-03 4.150000e-02 -3.764367e-01 3.843813e-01
-5.555000e-01 4.200000e-02 -3.457367e-01 3.985363e-01 -5.560000e-01 4.250000e-02 -3.456827e-01 3.986082e-01
-5.550000e-01 4.150000e-02 -3.457922e-01 3.984640e-01 -5.555000e-01 4.200000e-02 -3.457367e-01 3.985363e-01
7.000000e-03 4.150000e-02 -3.764367e-01 3.843813e-01 7.500000e-03 4.200000e-02 -3.764773e-01 3.844321e-01
7.500000e-03 4.200000e-02 -3.764773e-01 3.844321e-01 8.000000e-03 4.250000e-02 -3.765168e-01 3.844828e-01
-5.565000e-01 4.300000e-02 -3.456282e-01 3.986788e-01 -5.570000e-01 4.350000e-02 -3.455752e-01 3.987489e-01
-5.560000e-01 4.250000e-02 -3.456827e-01 3.986082e-01 -5.565000e-01 4.300000e-02 -3.456282e-01 3.986788e-01
8.000000e-03 4.250000e-02 -3.765168e-01 3.844828e-01 8.500000e-03 4.300000e-02 -3.765564e-01 3.845322e-01
8.500000e-03 4.300000e-02 -3.765564e-01 3.845322e-01 9.000000e-03 4.350000e-02 -3.765949e-01 3.845816e-01
-5.575000e-01 4.400000e-02 -3.455218e-01 3.988176e-01 -5.580000e-01 4.450000e-02 -3.454700e-01 3.988860e-01
-5.570000e-01 4.350000e-02 -3.455752e-01 3.987489e-01 -5.575000e-01 4.400000e-02 -3.455218e-01 3.988176e-01
9.000000e-03 4.350000e-02 -3.765949e-01 3.845816e-01 9.000000e-03 4.450000e-02 -3.769811e-01 3.850641e-01
-5.585000e-01 4.500000e-02 -3.454177e-01 3.989529e-01 -5.590000e-01 4.550000e-02 -3.453670e-01 3.990195e-01
-5.580000e-01 4.450000e-02 -3.454700e-01 3.988860e-01 -5.585000e-01 4.500000e-02 -3.454177e-01 3.989529e-01
9.000000e-03 4.450000e-02 -3.769811e-01 3.850641e-01 9.500000e-03 4.500000e-02 -3.770199e-01 3.851111e-01
9.500000e-03 4.500000e-02 -3.770199e-01 3.851111e-01 1.000000e-02 4.550000e-02 -3.770575e-01 3.851579e-01
-5.595000e-01 4.600000e-02 -3.453159e-01 3.990847e-01 -5.600000e-01 4.650000e-02 -3.452663e-01 3.991495e-01
-5.590000e-01 4.550000e-02 -3.453670e-01 3.990195e-01 -5.595000e-01 4.600000e-02 -3.453159e-01 3.990847e-01
1.000000e-02 4.550000e-02 -3.770575e-01 3.851579e-01 1.050000e-02 4.600000e-02 -3.770952e-01 3.852036e-01
1.050000e-02 4.600000e-02 -3.770952e-01 3.852036e-01 1.100000e-02 4.650000e-02 -3.771318e-01 3.852491e-01
-5.605000e-01 4.700000e-02 -3.452163e-01 3.992129e-01 -5.610000e-01 4.750000e-02 -3.451679e-01 3.992759e-01
-5.600000e-01 4.650000e-02 -3.452663e-01 3.991495e-01 -5.605000e-01 4.700000e-02 -3.452163e-01 3.992129e-01
1.100000e-02 4.650000e-02 -3.771318e-01 3.852491e-01 1.150000e-02 4.700000e-02 -3.771684e-01 3.852935e-01
1.150000e-02 4.700000e-02 -3.771684e-01 3.852935e-01 1.200000e-02 4.750000e-02 -3.772040e-01 3.853377e-01
-5.615000e-01 4.800000e-02 -3.451191e-01 3.993376e-01 -5.620000e-01 4.850000e-02 -3.450718e-01 3.993989e-01
-5.610000e-01 4.750000e-02 -3.451679e-01 3.992759e-01 -5.615000e-01 4.800000e-02 -3.451191e-01 3.993376e-01
1.200000e-02 4.750000e-02 -3.772040e-01 3.853377e-01 1.250000e-02 4.800000e-02 -3.772396e-01 3.853808e-01
1.250000e-02 4.800000e-02 -3.772396e-01 3.853808e-01 1.300000e-02 4.850000e-02 -3.772740e-01 3.854237e-01
-5.625000e-01 4.900000e-02 -3.450242e-01 3.994588e-01 -5.630000e-01 4.950000e-02 -3.449781e-01 3.995183e-01
-5.620000e-01 4.850000e-02 -3.450718e-01 3.993989e-01 -5.625000e-01 4.900000e-02 -3.450242e-01 3.994588e-01
1.300000e-02 4.850000e-02 -3.772740e-01 3.854237e-01 1.350000e-02 4.900000e-02 -3.773085e-01 3.854655e-01
1.350000e-02 4.900000e-02 -3.773085e-01 3.854655e-01 1.400000e-02 4.950000e-02 -3.773419e-01 3.855072e-01
-5.630000e-01 4.950000e-02 -3.449781e-01 3.995183e-01 -5.630000e-01 5.050000e-02 -3.445168e-01 4.000960e-01
1.400000e-02 4.950000e-02 -3.773419e-01 3.855072e-01 1.400000e-02 5.050000e-02 -3.777298e-01 3.859762e-01
-5.635000e-01 5.100000e-02 -3.444699e-01 4.001529e-01 -5.640000e-01 5.150000e-02 -3.444247e-01 4.002093e-01
-5.630000e-01 5.050000e-02 -3.445168e-01 4.000960e-01 -5.635000e-01 5.100000e-02 -3.444699e-01 4.001529e-01
1.400000e-02 5.050000e-02 -3.777298e-01 3.859762e-01 1.450000e-02 5.100000e-02 -3.777634e-01 3.860155e-01
1.450000e-02 5.100000e-02 -3.777634e-01 3.860155e-01 1.500000e-02 5.150000e-02 -3.777957e-01 3.860547e-01
-5.645000e-01 5.200000e-02 -3.443790e-01 4.002644e-01 -5.650000e-01 5.250000e-02 -3.443350e-01 4.003191e-01
-5.640000e-01 5.150000e-02 -3.444247e-01 4.002093e-01 -5.645000e-01 5.200000e-02 -3.443790e-01 4.002644e-01
1.500000e-02 5.150000e-02 -3.777957e-01 3.860547e-01 1.550000e-02 5.200000e-02 -3.778282e-01 3.860928e-01
1.550000e-02 5.200000e-02 -3.778282e-01 3.860928e-01 1.600000e-02 5.250000e-02 -3.778594e-01 3.861308e-01
-5.655000e-01 5.300000e-02 -3.442906e-01 4.003725e-01 -5.660000e-01 5.350000e-02 -3.442478e-01 4.004254e-01
-5.650000e-01 5.250000e-02 -3.443350e-01 4.003191e-01 -5.655000e-01 5.300000e-02 -3.442906e-01 4.003725e-01
1.600000e-02 5.250000e-02 -3.778594e-01 3.861308e-01 1.650000e-02 5.300000e-02 -3.778908e-01 3.861677e-01
1.650000e-02 5.300000e-02 -3.778908e-01 3.861677e-01 1.700000e-02 5.350000e-02 -3.779209e-01 3.862044e-01
-5.665000e-01 5.400000e-02 -3.442047e-01 4.004771e-01 -5.670000e-01 5.450000e-02 -3.441632e-01 4.005283e-01
-5.660000e-01 5.350000e-02 -3.442478e-01 4.004254e-01 -5.665000e-01 5.400000e-02 -3.442047e-01 4.004771e-01
1.700000e-02 5.350000e-02 -3.779209e-01 3.862044e-01 1.750000e-02 5.400000e-02 -3.779511e-01 3.862400e-01
1.750000e-02 5.400000e-02 -3.779511e-01 3.862400e-01 1.800000e-02 5.450000e-02 -3.779802e-01 3.862755e-01
-5.675000e-01 5.500000e-02 -3.441213e-01 4.005782e-01 -5.680000e-01 5.550000e-02 -3.440811e-01 4.006278e-01
-5.670000e-01 5.450000e-02 -3.441632e-01 4.005283e-01 -5.675000e-01 5.500000e-02 -3.441213e-01 4.005782e-01
1.800000e-02 5.450000e-02 -3.779802e-01 3.862755e-01 1.800000e-02 5.550000e-02 -3.783692e-01 3.867333e-01
-5.685000e-01 5.600000e-02 -3.440405e-01 4.006760e-01 -5.690000e-01 5.650000e-02 -3.440016e-01 4.007238e-01
-5.680000e-01 5.550000e-02 -3.440811e-01 4.006278e-01 -5.685000e-01 5.600000e-02 -3.440405e-01 4.006760e-01
1.800000e-02 5.550000e-02 -3.783692e-01 3.867333e-01 1.850000e-02 5.600000e-02 -3.783983e-01 3.867665e-01
1.850000e-02 5.600000e-02 -3.783983e-01 3.867665e-01 1.900000e-02 5.650000e-02 -3.784262e-01 3.867996e-01
-5.695000e-01 5.700000e-02 -3.439623e-01 4.007703e-01 -5.700000e-01 5.750000e-02 -3.439247e-01 4.008164e-01
-5.690000e-01 5.650000e-02 -3.440016e-01 4.007238e-01 -5.695000e-01 5.700000e-02 -3.439623e-01 4.007703e-01
1.900000e-02 5.650000e-02 -3.784262e-01 3.867996e-01 1.950000e-02 5.700000e-02 -3.784542e-01 3.868316e-01
1.950000e-02 5.700000e-02 -3.784542e-01 3.868316e-01 2.000000e-02 5.750000e-02 -3.784810e-01 3.868635e-01
-5.705000e-01 5.800000e-02 -3.438867e-01 4.008612e-01 -5.710000e-01 5.850000e-02 -3.438505e-01 4.009057e-01
-5.700000e-01 5.750000e-02 -3.439247e-01 4.008164e-01 -5.705000e-01 5.800000e-02 -3.438867e-01 4.008612e-01
2.000000e-02 5.750000e-02 -3.784810e-01 3.868635e-01 2.050000e-02 5.800000e-02 -3.785078e-01 3.868943e-01
2.050000e-02 5.800000e-02 -3.785078e-01 3.868943e-01 2.100000e-02 5.850000e-02 -3.785335e-01 3.869250e-01
-5.715000e-01 5.900000e-02 -3.438139e-01 4.009488e-01 -5.720000e-01 5.950000e-02 -3.437789e-01 4.009916e-01
-5.710000e-01 5.850000e-02 -3.438505e-01 4.009057e-01 -5.715000e-01 5.900000e-02 -3.438139e-01 4.009488e-01
2.100000e-02 5.850000e-02 -3.785335e-01 3.869250e-01 2.100000e-02 5.950000e-02 -3.789232e-01 3.873739e-01
-5.720000e-01 5.950000e-02 -3.437789e-01 4.009916e-01 -5.720000e-01 6.050000e-02 -3.433101e-01 4.015433e-01
2.100000e-02 5.950000e-02 -3.789232e-01 3.873739e-01 2.150000e-02 6.000000e-02 -3.789489e-01 3.874024e-01
2.150000e-02 6.000000e-02 -3.789489e-01 3.874024e-01 2.200000e-02 6.050000e-02 -3.789733e-01 3.874307e-01
-5.725000e-01 6.100000e-02 -3.432745e-01 4.015833e-01 -5.730000e-01 6.150000e-02 -3.432407e-01 4.016231e-01
-5.720000e-01 6.050000e-02 -3.433101e-01 4.015433e-01 -5.725000e-01 6.100000e-02 -3.432745e-01 4.015833e-01
2.200000e-02 6.050000e-02 -3.789733e-01 3.874307e-01 2.250000e-02 6.100000e-02 -3.789978e-01 3.874579e-01
2.250000e-02 6.100000e-02 -3.789978e-01 3.874579e-01 2.300000e-02 6.150000e-02 -3.790211e-01 3.874852e-01
-5.735000e-01 6.200000e-02 -3.432065e-01 4.016614e-01 -5.740000e-01 6.250000e-02 -3.431740e-01 4.016995e-01
-5.730000e-01 6.150000e-02 -3.432407e-01 4.016231e-01 -5.735000e-01 6.200000e-02 -3.432065e-01 4.016614e-01
2.300000e-02 6.150000e-02 -3.790211e-01 3.874852e-01 2.350000e-02 6.200000e-02 -3.790443e-01 3.875112e-01
2.350000e-02 6.200000e-02 -3.790443e-01 3.875112e-01 2.400000e-02 6.250000e-02 -3.790664e-01 3.875373e-01
-5.745000e-01 6.300000e-02 -3.431413e-01 4.017363e-01 -5.750000e-01 6.350000e-02 -3.431102e-01 4.017727e-01
-5.740000e-01 6.250000e-02 -3.431740e-01 4.016995e-01 -5.745000e-01 6.300000e-02 -3.431413e-01 4.017363e-01
2.400000e-02 6.250000e-02 -3.790664e-01 3.875373e-01 2.400000e-02 6.350000e-02 -3.794567e-01 3.879774e-01
-5.755000e-01 6.400000e-02 -3.430788e-01 4.018077e-01 -5.760000e-01 6.450000e-02 -3.430492e-01 4.018425e-01
-5.750000e-01 6.350000e-02 -3.431102e-01 4.017727e-01 -5.755000e-01 6.400000e-02 -3.430788e-01 4.018077e-01
2.400000e-02 6.350000e-02 -3.794567e-01 3.879774e-01 2.450000e-02 6.400000e-02 -3.794788e-01 3.880011e-01
2.450000e-02 6.400000e-02 -3.794788e-01 3.880011e-01 2.500000e-02 6.450000e-02 -3.794997e-01 3.880248e-01
-5.765000e-01 6.500000e-02 -3.430193e-01 4.018759e-01 -5.770000e-01 6.550000e-02 -3.429911e-01 4.019091e-01
-5.760000e-01 6.450000e-02 -3.430492e-01 4.018425e-01 -5.765000e-01 6.500000e-02 -3.430193e-01 4.018759e-01
2.500000e-02 6.450000e-02 -3.794997e-01 3.880248e-01 2.550000e-02 6.500000e-02 -3.795205e-01 3.880475e-01
2.550000e-02 6.500000e-02 -3.795205e-01 3.880475e-01 2.600000e-02 6.550000e-02 -3.795401e-01 3.880701e-01
-5.775000e-01 6.600000e-02 -3.429626e-01 4.019409e-01 -5.780000e-01 6.650000e-02 -3.429359e-01 4.019724e-01
-5.770000e-01 6.550000e-02 -3.429911e-01 4.019091e-01 -5.775000e-01 6.600000e-02 -3.429626e-01 4.019409e-01
2.600000e-02 6.550000e-02 -3.795401e-01 3.880701e-01 2.650000e-02 6.600000e-02 -3.795597e-01 3.880915e-01
2.650000e-02 6.600000e-02 -3.795597e-01 3.880915e-01 2.700000e-02 6.650000e-02 -3.795780e-01 3.881130e-01
-5.785000e-01 6.700000e-02 -3.429089e-01 4.020025e-01 -5.790000e-01 6.750000e-02 -3.428836e-01 4.020324e-01
-5.780000e-01 6.650000e-02 -3.429359e-01 4.019724e-01 -5.785000e-01 6.700000e-02 -3.429089e-01 4.020025e-01
2.700000e-02 6.650000e-02 -3.795780e-01 3.881130e-01 2.700000e-02 6.750000e-02 -3.799687e-01 3.885443e-01
-5.790000e-01 6.750000e-02 -3.428836e-01 4.020324e-01 -5.790000e-01 6.850000e-02 -3.424100e-01 4.025631e-01
2.700000e-02 6.750000e-02 -3.799687e-01 3.885443e-01 2.750000e-02 6.800000e-02 -3.799870e-01 3.885634e-01
2.750000e-02 6.800000e-02 -3.799870e-01 3.885634e-01 2.800000e-02 6.850000e-02 -3.800040e-01 3.885827e-01
-5.795000e-01 6.900000e-02 -3.423842e-01 4.025903e-01 -5.800000e-01 6.950000e-02 -3.423602e-01 4.026172e-01
-5.790000e-01 6.850000e-02 -3.424100e-01 4.025631e-01 -5.795000e-01 6.900000e-02 -3.423842e-01 4.025903e-01
2.800000e-02 6.850000e-02 -3.800040e-01 3.885827e-01 2.850000e-02 6.900000e-02 -3.800211e-01 3.886007e-01
2.850000e-02 6.900000e-02 -3.800211e-01 3.886007e-01 2.900000e-02 6.950000e-02 -3.800369e-01 3.886189e-01
-5.805000e-01 7.000000e-02 -3.423360e-01 4.026427e-01 -5.810000e-01 7.050000e-02 -3.423135e-01 4.026681e-01
-5.800000e-01 6.950000e-02 -3.423602e-01 4.026172e-01 -5.805000e-01 7.000000e-02 -3.423360e-01 4.026427e-01
2.900000e-02 6.950000e-02 -3.800369e-01 3.886189e-01 2.900000e-02 7.050000e-02 -3.804278e-01 3.890437e-01
-5.815000e-01 7.100000e-02 -3.422907e-01 4.026920e-01 -5.820000e-01 7.150000e-02 -3.422698e-01 4.027157e-01
-5.810000e-01 7.050000e-02 -3.423135e-01 4.026681e-01 -5.815000e-01 7.100000e-02 -3.422907e-01 4.026920e-01
2.900000e-02 7.050000e-02 -3.804278e-01 3.890437e-01 2.950000e-02 7.100000e-02 -3.804435e-01 3.890595e-01
2.950000e-02 7.100000e-02 -3.804435e-01 3.890595e-01 3.000000e-02 7.150000e-02 -3.804580e-01 3.890754e-01
-5.825000e-01 7.200000e-02 -3.422486e-01 4.027381e-01 -5.830000e-01 7.250000e-02 -3.422292e-01 4.027602e-01
-5.820000e-01 7.150000e-02 -3.422698e-01 4.027157e-01 -5.825000e-01 7.200000e-02 -3.422486e-01 4.027381e-01
3.000000e-02 7.150000e-02 -3.804580e-01 3.890754e-01 3.050000e-02 7.200000e-02 -3.804724e-01 3.890901e-01
3.050000e-02 7.200000e-02 -3.804724e-01 3.890901e-01 3.100000e-02 7.250000e-02 -3.804856e-01 3.891049e-01
-5.835000e-01 7.300000e-02 -3.422095e-01 4.027810e-01 -5.840000e-01 7.350000e-02 -3.421917e-01 4.028016e-01
-5.830000e-01 7.250000e-02 -3.422292e-01 4.027602e-01 -5.835000e-01 7.300000e-02 -3.422095e-01 4.027810e-01
3.100000e-02 7.250000e-02 -3.804856e-01 3.891049e-01 3.150000e-02 7.300000e-02 -3.804986e-01 3.891186e-01
3.150000e-02 7.300000e-02 -3.804986e-01 3.891186e-01 3.200000e-02 7.350000e-02 -3.805105e-01 3.891323e-01
-5.845000e-01 7.400000e-02 -3.421737e-01 4.028208e-01 -5.850000e-01 7.450000e-02 -3.421574e-01 4.028398e-01
-5.840000e-01 7.350000e-02 -3.421917e-01 4.028016e-01 -5.845000e-01 7.400000e-02 -3.421737e-01 4.028208e-01
3.200000e-02 7.350000e-02 -3.805105e-01 3.891323e-01 3.200000e-02 7.450000e-02 -3.809014e-01 3.895484e-01
-5.850000e-01 7.450000e-02 -3.421574e-01 4.028398e-01 -5.850000e-01 7.550000e-02 -3.416805e-01 4.033521e-01
3.200000e-02 7.450000e-02 -3.809014e-01 3.895484e-01 3.250000e-02 7.500000e-02 -3.809131e-01 3.895599e-01
3.250000e-02 7.500000e-02 -3.809131e-01 3.895599e-01 3.300000e-02 7.550000e-02 -3.809236e-01 3.895714e-01
-5.855000e-01 7.600000e-02 -3.416638e-01 4.033683e-01 -5.860000e-01 7.650000e-02 -3.416490e-01 4.033844e-01
-5.850000e-01 7.550000e-02 -3.416805e-01 4.033521e-01 -5.855000e-01 7.600000e-02 -3.416638e-01 4.033683e-01
3.300000e-02 7.550000e-02 -3.809236e-01 3.895714e-01 3.350000e-02 7.600000e-02 -3.809340e-01 3.895819e-01
3.350000e-02 7.600000e-02 -3.809340e-01 3.895819e-01 3.400000e-02 7.650000e-02 -3.809431e-01 3.895924e-01
-5.865000e-01 7.700000e-02 -3.416340e-01 4.033991e-01 -5.870000e-01 7.750000e-02 -3.416207e-01 4.034137e-01
-5.860000e-01 7.650000e-02 -3.416490e-01 4.033844e-01 -5.865000e-01 7.700000e-02 -3.416340e-01 4.033991e-01
3.400000e-02 7.650000e-02 -3.809431e-01 3.895924e-01 3.400000e-02 7.750000e-02 -3.813340e-01 3.900020e-01
-5.875000e-01 7.800000e-02 -3.416074e-01 4.034269e-01 -5.880000e-01 7.850000e-02 -3.415957e-01 4.034399e-01
-5.870000e-01 7.750000e-02 -3.416207e-01 4.034137e-01 -5.875000e-01 7.800000e-02 -3.416074e-01 4.034269e-01
3.400000e-02 7.750000e-02 -3.813340e-01 3.900020e-01 3.450000e-02 7.800000e-02 -3.813429e-01 3.900103e-01
3.450000e-02 7.800000e-02 -3.813429e-01 3.900103e-01 3.500000e-02 7.850000e-02 -3.813506e-01 3.900187e-01
-5.885000e-01 7.900000e-02 -3.415840e-01 4.034516e-01 -5.890000e-01 7.950000e-02 -3.415740e-01 4.034631e-01
-5.880000e-01 7.850000e-02 -3.415957e-01 4.034399e-01 -5.885000e-01 7.900000e-02 -3.415840e-01 4.034516e-01
3.500000e-02 7.850000e-02 -3.813506e-01 3.900187e-01 3.550000e-02 7.900000e-02 -3.813581e-01 3.900259e-01
3.550000e-02 7.900000e-02 -3.813581e-01 3.900259e-01 3.600000e-02 7.950000e-02 -3.813645e-01 3.900333e-01
-5.895000e-01 8.000000e-02 -3.415640e-01 4.034732e-01 -5.900000e-01 8.050000e-02 -3.415557e-01 4.034833e-01
-5.890000e-01 7.950000e-02 -3.415740e-01 4.034631e-01 -5.895000e-01 8.000000e-02 -3.415640e-01 4.034732e-01
3.600000e-02 7.950000e-02 -3.813645e-01 3.900333e-01 3.600000e-02 8.050000e-02 -3.817552e-01 3.904365e-01
-5.900000e-01 8.050000e-02 -3.415557e-01 4.034833e-01 -5.900000e-01 8.150000e-02 -3.410766e-01 4.039796e-01
3.600000e-02 8.050000e-02 -3.817552e-01 3.904365e-01 3.650000e-02 8.100000e-02 -3.817613e-01 3.904416e-01
3.650000e-02 8.100000e-02 -3.817613e-01 3.904416e-01 3.700000e-02 8.150000e-02 -3.817662e-01 3.904468e-01
-5.905000e-01 8.200000e-02 -3.410681e-01 4.039869e-01 -5.910000e-01 8.250000e-02 -3.410614e-01 4.039940e-01
-5.900000e-01 8.150000e-02 -3.410766e-01 4.039796e-01 -5.905000e-01 8.200000e-02 -3.410681e-01 4.039869e-01
3.700000e-02 8.150000e-02 -3.817662e-01 3.904468e-01 3.750000e-02 8.200000e-02 -3.817709e-01 3.904510e-01
3.750000e-02 8.200000e-02 -3.817709e-01 3.904510e-01 3.800000e-02 8.250000e-02 -3.817743e-01 3.904552e-01
-5.915000e-01 8.300000e-02 -3.410546e-01 4.039997e-01 -5.920000e-01 8.350000e-02 -3.410495e-01 4.040054e-01
-5.910000e-01 8.250000e-02 -3.410614e-01 4.039940e-01 -5.915000e-01 8.300000e-02 -3.410546e-01 4.039997e-01
3.800000e-02 8.250000e-02 -3.817743e-01 3.904552e-01 3.800000e-02 8.350000e-02 -3.821649e-01 3.908521e-01
-5.925000e-01 8.400000e-02 -3.410445e-01 4.040097e-01 -5.930000e-01 8.450000e-02 -3.410412e-01 4.040139e-01
-5.920000e-01 8.350000e-02 -3.410495e-01 4.040054e-01 -5.925000e-01 8.400000e-02 -3.410445e-01 4.040097e-01
3.800000e-02 8.350000e-02 -3.821649e-01 3.908521e-01 3.850000e-02 8.400000e-02 -3.821680e-01 3.908541e-01
3.850000e-02 8.400000e-02 -3.821680e-01 3.908541e-01 3.900000e-02 8.450000e-02 -3.821699e-01 3.908563e-01
-5.935000e-01 8.500000e-02 -3.410378e-01 4.040167e-01 -5.940000e-01 8.550000e-02 -3.410362e-01 4.040195e-01
-5.930000e-01 8.450000e-02 -3.410412e-01 4.040139e-01 -5.935000e-01 8.500000e-02 -3.410378e-01 4.040167e-01
3.900000e-02 8.450000e-02 -3.821699e-01 3.908563e-01 3.950000e-02 8.500000e-02 -3.821717e-01 3.908573e-01
3.950000e-02 8.500000e-02 -3.821717e-01 3.908573e-01 4.000000e-02 8.550000e-02 -3.821722e-01 3.908586e-01
-5.945000e-01 8.600000e-02 -3.410346e-01 4.040208e-01 -5.950000e-01 8.650000e-02 -3.410347e-01 4.040221e-01
-5.940000e-01 8.550000e-02 -3.410362e-01 4.040195e-01 -5.945000e-01 8.600000e-02 -3.410346e-01 4.040208e-01
4.000000e-02 8.550000e-02 -3.821722e-01 3.908586e-01 4.000000e-02 8.650000e-02 -3.825624e-01 3.912490e-01
-5.950000e-01 8.650000e-02 -3.410347e-01 4.040221e-01 -5.950000e-01 8.750000e-02 -3.405542e-01 4.045025e-01
4.000000e-02 8.650000e-02 -3.825624e-01 3.912490e-01 4.050000e-02 8.700000e-02 -3.825626e-01 3.912480e-01
4.050000e-02 8.700000e-02 -3.825626e-01 3.912480e-01 4.100000e-02 8.750000e-02 -3.825615e-01 3.912472e-01
-5.955000e-01 8.800000e-02 -3.405543e-01 4.045010e-01 -5.960000e-01 8.850000e-02 -3.405562e-01 4.044995e-01
-5.950000e-01 8.750000e-02 -3.405542e-01 4.045025e-01 -5.955000e-01 8.800000e-02 -3.405543e-01 4.045010e-01
4.100000e-02 8.750000e-02 -3.825615e-01 3.912472e-01 4.150000e-02 8.800000e-02 -3.825602e-01 3.912452e-01
4.150000e-02 8.800000e-02 -3.825602e-01 3.912452e-01 4.200000e-02 8.850000e-02 -3.825577e-01 3.912435e-01
-5.965000e-01 8.900000e-02 -3.405581e-01 4.044966e-01 -5.970000e-01 8.950000e-02 -3.405617e-01 4.044937e-01
-5.960000e-01 8.850000e-02 -3.405562e-01 4.044995e-01 -5.965000e-01 8.900000e-02 -3.405581e-01 4.044966e-01
4.200000e-02 8.850000e-02 -3.825577e-01 3.912435e-01 4.200000e-02 8.950000e-02 -3.829475e-01 3.916276e-01
-5.975000e-01 9.000000e-02 -3.405654e-01 4.044894e-01 -5.980000e-01 9.050000e-02 -3.405709e-01 4.044850e-01
-5.970000e-01 8.950000e-02 -3.405617e-01 4.044937e-01 -5.975000e-01 9.000000e-02 -3.405654e-01 4.044894e-01
4.200000e-02 8.950000e-02 -3.829475e-01 3.916276e-01 4.250000e-02 9.000000e-02 -3.829446e-01 3.916237e-01
4.250000e-02 9.000000e-02 -3.829446e-01 3.916237e-01 4.300000e-02 9.050000e-02 -3.829405e-01 3.916199e-01
-5.985000e-01 9.100000e-02 -3.405764e-01 4.044793e-01 -5.990000e-01 9.150000e-02 -3.405836e-01 4.044736e-01
-5.980000e-01 9.050000e-02 -3.405709e-01 4.044850e-01 -5.985000e-01 9.100000e-02 -3.405764e-01 4.044793e-01
4.300000e-02 9.050000e-02 -3.829405e-01 3.916199e-01 4.350000e-02 9.100000e-02 -3.829361e-01 3.916151e-01
4.350000e-02 9.100000e-02 -3.829361e-01 3.916151e-01 4.400000e-02 9.150000e-02 -3.829305e-01 3.916105e-01
-5.990000e-01 9.150000e-02 -3.405836e-01 4.044736e-01 -5.990000e-01 9.250000e-02 -3.401023e-01 4.049408e-01
4.400000e-02 9.150000e-02 -3.829305e-01 3.916105e-01 4.400000e-02 9.250000e-02 -3.833197e-01 3.919882e-01
-5.995000e-01 9.300000e-02 -3.401096e-01 4.049323e-01 -6.000000e-01 9.350000e-02 -3.401187e-01 4.049238e-01
-5.990000e-01 9.250000e-02 -3.401023e-01 4.049408e-01 -5.995000e-01 9.300000e-02 -3.401096e-01 4.049323e-01
4.400000e-02 9.250000e-02 -3.833197e-01 3.919882e-01 4.450000e-02 9.300000e-02 -3.833137e-01 3.919814e-01
4.450000e-02 9.300000e-02 -3.833137e-01 3.919814e-01 4.500000e-02 9.350000e-02 -3.833064e-01 3.919748e-01
-6.005000e-01 9.400000e-02 -3.401279e-01 4.049139e-01 -6.010000e-01 9.450000e-02 -3.401388e-01 4.049040e-01
-6.000000e-01 9.350000e-02 -3.401187e-01 4.049238e-01 -6.005000e-01 9.400000e-02 -3.401279e-01 4.049139e-01
4.500000e-02 9.350000e-02 -3.833064e-01 3.919748e-01 4.550000e-02 9.400000e-02 -3.832989e-01 3.919671e-01
4.550000e-02 9.400000e-02 -3.832989e-01 3.919671e-01 4.600000e-02 9.450000e-02 -3.832902e-01 3.919596e-01
-6.015000e-01 9.500000e-02 -3.401498e-01 4.048928e-01 -6.020000e-01 9.550000e-02 -3.401627e-01 4.048816e-01
-6.010000e-01 9.450000e-02 -3.401388e-01 4.049040e-01 -6.015000e-01 9.500000e-02 -3.401498e-01 4.048928e-01
4.600000e-02 9.450000e-02 -3.832902e-01 3.919596e-01 4.600000e-02 9.550000e-02 -3.836787e-01 3.923310e-01
-6.025000e-01 9.600000e-02 -3.401756e-01 4.048690e-01 -6.030000e-01 9.650000e-02 -3.401903e-01 4.048565e-01
-6.020000e-01 9.550000e-02 -3.401627e-01 4.048816e-01 -6.025000e-01 9.600000e-02 -3.401756e-01 4.048690e-01
4.600000e-02 9.550000e-02 -3.836787e-01 3.923310e-01 4.650000e-02 9.600000e-02 -3.836695e-01 3.923214e-01
4.650000e-02 9.600000e-02 -3.836695e-01 3.923214e-01 4.700000e-02 9.650000e-02 -3.836590e-01 3.923120e-01
-6.030000e-01 9.650000e-02 -3.401903e-01 4.048565e-01 -6.030000e-01 9.750000e-02 -3.397085e-01 4.053104e-01
4.700000e-02 9.650000e-02 -3.836590e-01 3.923120e-01 4.750000e-02 9.700000e-02 -3.836483e-01 3.923016e-01
4.750000e-02 9.700000e-02 -3.836483e-01 3.923016e-01 4.800000e-02 9.750000e-02 -3.836363e-01 3.922913e-01
-6.035000e-01 9.800000e-02 -3.397234e-01 4.052951e-01 -6.040000e-01 9.850000e-02 -3.397401e-01 4.052799e-01
-6.030000e-01 9.750000e-02 -3.397085e-01 4.053104e-01 -6.035000e-01 9.800000e-02 -3.397234e-01 4.052951e-01
4.800000e-02 9.750000e-02 -3.836363e-01 3.922913e-01 4.800000e-02 9.850000e-02 -3.840241e-01 3.926565e-01
-6.045000e-01 9.900000e-02 -3.397568e-01 4.052632e-01 -6.050000e-01 9.950000e-02 -3.397754e-01 4.052467e-01
-6.040000e-01 9.850000e-02 -3.397401e-01 4.052799e-01 -6.045000e-01 9.900000e-02 -3.397568e-01 4.052632e-01
4.800000e-02 9.850000e-02 -3.840241e-01 3.926565e-01 4.850000e-02 9.900000e-02 -3.840116e-01 3.926441e-01
4.850000e-02 9.900000e-02 -3.840116e-01 3.926441e-01 4.900000e-02 9.950000e-02 -3.839979e-01 3.926320e-01
-6.055000e-01 1.000000e-01 -3.397940e-01 4.052287e-01 -6.060000e-01 1.005000e-01 -3.398145e-01 4.052109e-01
-6.050000e-01 9.950000e-02 -3.397754e-01 4.052467e-01 -6.055000e-01 1.000000e-01 -3.397940e-01 4.052287e-01
4.900000e-02 9.950000e-02 -3.839979e-01 3.926320e-01 4.900000e-02 1.005000e-01 -3.843854e-01 3.929931e-01
-6.065000e-01 1.010000e-01 -3.398351e-01 4.051917e-01 -6.070000e-01 1.015000e-01 -3.398576e-01 4.051726e-01
-6.060000e-01 1.005000e-01 -3.398145e-01 4.052109e-01 -6.065000e-01 1.010000e-01 -3.398351e-01 4.051917e-01
4.900000e-02 1.005000e-01 -3.843854e-01 3.929931e-01 4.950000e-02 1.010000e-01 -3.843711e-01 3.929788e-01
4.950000e-02 1.010000e-01 -3.843711e-01 3.929788e-01 5.000000e-02 1.015000e-01 -3.843556e-01 3.929649e-01
-6.070000e-01 1.015000e-01 -3.398576e-01 4.051726e-01 -6.070000e-01 1.025000e-01 -3.393759e-01 4.056132e-01
5.000000e-02 1.015000e-01 -3.843556e-01 3.929649e-01 5.050000e-02 1.020000e-01 -3.843398e-01 3.929498e-01
5.050000e-02 1.020000e-01 -3.843398e-01 3.929498e-01 5.100000e-02 1.025000e-01 -3.843227e-01 3.929351e-01
-6.075000e-01 1.030000e-01 -3.393986e-01 4.055913e-01 -6.080000e-01 1.035000e-01 -3.394231e-01 4.055696e-01
-6.070000e-01 1.025000e-01 -3.393759e-01 4.056132e-01 -6.075000e-01 1.030000e-01 -3.393986e-01 4.055913e-01
5.100000e-02 1.025000e-01 -3.843227e-01 3.929351e-01 5.100000e-02 1.035000e-01 -3.847092e-01 3.932900e-01
-6.085000e-01 1.040000e-01 -3.394477e-01 4.055465e-01 -6.090000e-01 1.045000e-01 -3.394742e-01 4.055234e-01
-6.080000e-01 1.035000e-01 -3.394231e-01 4.055696e-01 -6.085000e-01 1.040000e-01 -3.394477e-01 4.055465e-01
5.100000e-02 1.035000e-01 -3.847092e-01 3.932900e-01 5.150000e-02 1.040000e-01 -3.846916e-01 3.932731e-01
5.150000e-02 1.040000e-01 -3.846916e-01 3.932731e-01 5.200000e-02 1.045000e-01 -3.846727e-01 3.932565e-01
-6.095000e-01 1.050000e-01 -3.395008e-01 4.054990e-01 -6.100000e-01 1.055000e-01 -3.395293e-01 4.054748e-01
-6.090000e-01 1.045000e-01 -3.394742e-01 4.055234e-01 -6.095000e-01 1.050000e-01 -3.395008e-01 4.054990e-01
5.200000e-02 1.045000e-01 -3.846727e-01 3.932565e-01 5.200000e-02 1.055000e-01 -3.850588e-01 3.936073e-01
-6.100000e-01 1.055000e-01 -3.395293e-01 4.054748e-01 -6.100000e-01 1.065000e-01 -3.390479e-01 4.059050e-01
5.200000e-02 1.055000e-01 -3.850588e-01 3.936073e-01 5.250000e-02 1.060000e-01 -3.850393e-01 3.935887e-01
5.250000e-02 1.060000e-01 -3.850393e-01 3.935887e-01 5.300000e-02 1.065000e-01 -3.850185e-01 3.935703e-01
-6.105000e-01 1.070000e-01 -3.390767e-01 4.058780e-01 -6.110000e-01 1.075000e-01 -3.391073e-01 4.058512e-01
-6.100000e-01 1.065000e-01 -3.390479e-01 4.059050e-01 -6.105000e-01 1.070000e-01 -3.390767e-01 4.058780e-01
5.300000e-02 1.065000e-01 -3.850185e-01 3.935703e-01 5.350000e-02 1.070000e-01 -3.849974e-01 3.935508e-01
5.350000e-02 1.070000e-01 -3.849974e-01 3.935508e-01 5.400000e-02 1.075000e-01 -3.849751e-01 3.935317e-01
-6.115000e-01 1.080000e-01 -3.391380e-01 4.058230e-01 -6.120000e-01 1.085000e-01 -3.391706e-01 4.057949e-01
-6.110000e-01 1.075000e-01 -3.391073e-01 4.058512e-01 -6.115000e-01 1.080000e-01 -3.391380e-01 4.058230e-01
5.400000e-02 1.075000e-01 -3.849751e-01 3.935317e-01 5.400000e-02 1.085000e-01 -3.853601e-01 3.938764e-01
-6.125000e-01 1.090000e-01 -3.392035e-01 4.057655e-01 -6.130000e-01 1.095000e-01 -3.392381e-01 4.057363e-01
-6.120000e-01 1.085000e-01 -3.391706e-01 4.057949e-01 -6.125000e-01 1.090000e-01 -3.392035e-01 4.057655e-01
5.400000e-02 1.085000e-01 -3.853601e-01 3.938764e-01 5.450000e-02 1.090000e-01 -3.853371e-01 3.938552e-01
5.450000e-02 1.090000e-01 -3.853371e-01 3.938552e-01 5.500000e-02 1.095000e-01 -3.853129e-01 3.938344e-01
-6.130000e-01 1.095000e-01 -3.392381e-01 4.057363e-01 -6.130000e-01 1.105000e-01 -3.387572e-01 4.061560e-01
5.500000e-02 1.095000e-01 -3.853129e-01 3.938344e-01 5.500000e-02 1.105000e-01 -3.856973e-01 3.941750e-01
-6.135000e-01 1.110000e-01 -3.387923e-01 4.061241e-01 -6.140000e-01 1.115000e-01 -3.388292e-01 4.060923e-01
-6.130000e-01 1.105000e-01 -3.387572e-01 4.061560e-01 -6.135000e-01 1.110000e-01 -3.387923e-01 4.061241e-01
5.500000e-02 1.105000e-01 -3.856973e-01 3.941750e-01 5.550000e-02 1.110000e-01 -3.856724e-01 3.941520e-01
5.550000e-02 1.110000e-01 -3.856724e-01 3.941520e-01 5.600000e-02 1.115000e-01 -3.856462e-01 3.941295e-01
-6.145000e-01 1.120000e-01 -3.388663e-01 4.060592e-01 -6.150000e-01 1.125000e-01 -3.389053e-01 4.060263e-01
-6.140000e-01 1.115000e-01 -3.388292e-01 4.060923e-01 -6.145000e-01 1.120000e-01 -3.388663e-01 4.060592e-01
5.600000e-02 1.115000e-01 -3.856462e-01 3.941295e-01 5.650000e-02 1.120000e-01 -3.856197e-01 3.941059e-01
5.650000e-02 1.120000e-01 -3.856197e-01 3.941059e-01 5.700000e-02 1.125000e-01 -3.855919e-01 3.940826e-01
-6.155000e-01 1.130000e-01 -3.389445e-01 4.059920e-01 -6.160000e-01 1.135000e-01 -3.389855e-01 4.059580e-01
-6.150000e-01 1.125000e-01 -3.389053e-01 4.060263e-01 -6.155000e-01 1.130000e-01 -3.389445e-01 4.059920e-01
5.700000e-02 1.125000e-01 -3.855919e-01 3.940826e-01 5.700000e-02 1.135000e-01 -3.859750e-01 3.944171e-01
-6.160000e-01 1.135000e-01 -3.389855e-01 4.059580e-01 -6.160000e-01 1.145000e-01 -3.385055e-01 4.063672e-01
5.700000e-02 1.135000e-01 -3.859750e-01 3.944171e-01 5.750000e-02 1.140000e-01 -3.859465e-01 3.943918e-01
5.750000e-02 1.140000e-01 -3.859465e-01 3.943918e-01 5.800000e-02 1.145000e-01 -3.859168e-01 3.943669e-01
-6.165000e-01 1.150000e-01 -3.385470e-01 4.063305e-01 -6.170000e-01 1.155000e-01 -3.385903e-01 4.062940e-01
-6.160000e-01 1.145000e-01 -3.385055e-01 4.063672e-01 -6.165000e-01 1.150000e-01 -3.385470e-01 4.063305e-01
5.800000e-02 1.145000e-01 -3.859168e-01 3.943669e-01 5.800000e-02 1.155000e-01 -3.862993e-01 3.946974e-01
-6.175000e-01 1.160000e-01 -3.386339e-01 4.062561e-01 -6.180000e-01 1.165000e-01 -3.386794e-01 4.062184e-01
-6.170000e-01 1.155000e-01 -3.385903e-01 4.062940e-01 -6.175000e-01 1.160000e-01 -3.386339e-01 4.062561e-01
5.800000e-02 1.155000e-01 -3.862993e-01 3.946974e-01 5.850000e-02 1.160000e-01 -3.862688e-01 3.946704e-01
5.850000e-02 1.160000e-01 -3.862688e-01 3.946704e-01 5.900000e-02 1.165000e-01 -3.862371e-01 3.946439e-01
-6.185000e-01 1.170000e-01 -3.387251e-01 4.061795e-01 -6.190000e-01 1.175000e-01 -3.387727e-01 4.061408e-01
-6.180000e-01 1.165000e-01 -3.386794e-01 4.062184e-01 -6.185000e-01 1.170000e-01 -3.387251e-01 4.061795e-01
5.900000e-02 1.165000e-01 -3.862371e-01 3.946439e-01 5.900000e-02 1.175000e-01 -3.866188e-01 3.949704e-01
-6.190000e-01 1.175000e-01 -3.387727e-01 4.061408e-01 -6.190000e-01 1.185000e-01 -3.382938e-01 4.065396e-01
5.900000e-02 1.175000e-01 -3.866188e-01 3.949704e-01 5.950000e-02 1.180000e-01 -3.865863e-01 3.949418e-01
5.950000e-02 1.180000e-01 -3.865863e-01 3.949418e-01 6.000000e-02 1.185000e-01 -3.865526e-01 3.949136e-01
-6.195000e-01 1.190000e-01 -3.383419e-01 4.064982e-01 -6.200000e-01 1.195000e-01 -3.383919e-01 4.064571e-01
-6.190000e-01 1.185000e-01 -3.382938e-01 4.065396e-01 -6.195000e-01 1.190000e-01 -3.383419e-01 4.064982e-01
6.000000e-02 1.185000e-01 -3.865526e-01 3.949136e-01 6.000000e-02 1.195000e-01 -3.869336e-01 3.952362e-01
-6.205000e-01 1.200000e-01 -3.384422e-01 4.064146e-01 -6.210000e-01 1.205000e-01 -3.384943e-01 4.063725e-01
-6.200000e-01 1.195000e-01 -3.383919e-01 4.064571e-01 -6.205000e-01 1.200000e-01 -3.384422e-01 4.064146e-01
6.000000e-02 1.195000e-01 -3.869336e-01 3.952362e-01 6.050000e-02 1.200000e-01 -3.868990e-01 3.952059e-01
6.050000e-02 1.200000e-01 -3.868990e-01 3.952059e-01 6.100000e-02 1.205000e-01 -3.868633e-01 3.951761e-01
-6.215000e-01 1.210000e-01 -3.385467e-01 4.063290e-01 -6.220000e-01 1.215000e-01 -3.386010e-01 4.062857e-01
-6.210000e-01 1.205000e-01 -3.384943e-01 4.063725e-01 -6.215000e-01 1.210000e-01 -3.385467e-01 4.063290e-01
6.100000e-02 1.205000e-01 -3.868633e-01 3.951761e-01 6.150000e-02 1.210000e-01 -3.868271e-01 3.951453e-01
6.150000e-02 1.210000e-01 -3.868271e-01 3.951453e-01 6.200000e-02 1.215000e-01 -3.867896e-01 3.951149e-01
-6.220000e-01 1.215000e-01 -3.386010e-01 4.062857e-01 -6.220000e-01 1.225000e-01 -3.381235e-01 4.066742e-01
6.200000e-02 1.215000e-01 -3.867896e-01 3.951149e-01 6.200000e-02 1.225000e-01 -3.871690e-01 3.954315e-01
-6.225000e-01 1.230000e-01 -3.381784e-01 4.066283e-01 -6.230000e-01 1.235000e-01 -3.382352e-01 4.065828e-01
-6.220000e-01 1.225000e-01 -3.381235e-01 4.066742e-01 -6.225000e-01 1.230000e-01 -3.381784e-01 4.066283e-01
6.200000e-02 1.225000e-01 -3.871690e-01 3.954315e-01 6.250000e-02 1.230000e-01 -3.871307e-01 3.953991e-01
6.250000e-02 1.230000e-01 -3.871307e-01 3.953991e-01 6.300000e-02 1.235000e-01 -3.870912e-01 3.953672e-01
-6.235000e-01 1.240000e-01 -3.382923e-01 4.065359e-01 -6.240000e-01 1.245000e-01 -3.383512e-01 4.064893e-01
-6.230000e-01 1.235000e-01 -3.382352e-01 4.065828e-01 -6.235000e-01 1.240000e-01 -3.382923e-01 4.065359e-01
6.300000e-02 1.235000e-01 -3.870912e-01 3.953672e-01 6.300000e-02 1.245000e-01 -3.874697e-01 3.956799e-01
-6.245000e-01 1.250000e-01 -3.384105e-01 4.064415e-01 -6.250000e-01 1.255000e-01 -3.384717e-01 4.063940e-01
-6.240000e-01 1.245000e-01 -3.383512e-01 4.064893e-01 -6.245000e-01 1.250000e-01 -3.384105e-01 4.064415e-01
6.300000e-02 1.245000e-01 -3.874697e-01 3.956799e-01 6.350000e-02 1.250000e-01 -3.874293e-01 3.956459e-01
6.350000e-02 1.250000e-01 -3.874293e-01 3.956459e-01 6.400000e-02 1.255000e-01 -3.873877e-01 3.956125e-01
-6.250000e-01 1.255000e-01 -3.384717e-01 4.063940e-01 -6.250000e-01 1.265000e-01 -3.379959e-01 4.067721e-01
6.400000e-02 1.255000e-01 -3.873877e-01 3.956125e-01 6.400000e-02 1.265000e-01 -3.877654e-01 3.959212e-01
-6.255000e-01 1.270000e-01 -3.380577e-01 4.067219e-01 -6.260000e-01 1.275000e-01 -3.381215e-01 4.066721e-01
-6.250000e-01 1.265000e-01 -3.379959e-01 4.067721e-01 -6.255000e-01 1.270000e-01 -3.380577e-01 4.067219e-01
6.400000e-02 1.265000e-01 -3.877654e-01 3.959212e-01 6.450000e-02 1.270000e-01 -3.877228e-01 3.958858e-01
6.450000e-02 1.270000e-01 -3.877228e-01 3.958858e-01 6.500000e-02 1.275000e-01 -3.876791e-01 3.958508e-01
-6.265000e-01 1.280000e-01 -3.381855e-01 4.066210e-01 -6.270000e-01 1.285000e-01 -3.382515e-01 4.065702e-01
-6.260000e-01 1.275000e-01 -3.381215e-01 4.066721e-01 -6.265000e-01 1.280000e-01 -3.381855e-01 4.066210e-01
6.500000e-02 1.275000e-01 -3.876791e-01 3.958508e-01 6.500000e-02 1.285000e-01 -3.880557e-01 3.961557e-01
-6.275000e-01 1.290000e-01 -3.383178e-01 4.065182e-01 -6.280000e-01 1.295000e-01 -3.383860e-01 4.064665e-01
-6.270000e-01 1.285000e-01 -3.382515e-01 4.065702e-01 -6.275000e-01 1.290000e-01 -3.383178e-01 4.065182e-01
6.500000e-02 1.285000e-01 -3.880557e-01 3.961557e-01 6.550000e-02 1.290000e-01 -3.880111e-01 3.961188e-01
6.550000e-02 1.290000e-01 -3.880111e-01 3.961188e-01 6.600000e-02 1.295000e-01 -3.879652e-01 3.960824e-01
-6.280000e-01 1.295000e-01 -3.383860e-01 4.064665e-01 -6.280000e-01 1.305000e-01 -3.379121e-01 4.068343e-01
6.600000e-02 1.295000e-01 -3.879652e-01 3.960824e-01 6.600000e-02 1.305000e-01 -3.883409e-01 3.963833e-01
-6.285000e-01 1.310000e-01 -3.379811e-01 4.067800e-01 -6.290000e-01 1.315000e-01 -3.380519e-01 4.067261e-01
-6.280000e-01 1.305000e-01 -3.379121e-01 4.068343e-01 -6.285000e-01 1.310000e-01 -3.379811e-01 4.067800e-01
6.600000e-02 1.305000e-01 -3.883409e-01 3.963833e-01 6.650000e-02 1.310000e-01 -3.882940e-01 3.963450e-01
6.650000e-02 1.310000e-01 -3.882940e-01 3.963450e-01 6.700000e-02 1.315000e-01 -3.882459e-01 3.963072e-01
-6.295000e-01 1.320000e-01 -3.381231e-01 4.066710e-01 -6.300000e-01 1.325000e-01 -3.381962e-01 4.066162e-01
-6.290000e-01 1.315000e-01 -3.380519e-01 4.067261e-01 -6.295000e-01 1.320000e-01 -3.381231e-01 4.066710e-01
6.700000e-02 1.315000e-01 -3.882459e-01 3.963072e-01 6.700000e-02 1.325000e-01 -3.886206e-01 3.966042e-01
-6.300000e-01 1.325000e-01 -3.381962e-01 4.066162e-01 -6.300000e-01 1.335000e-01 -3.377238e-01 4.069765e-01
6.700000e-02 1.325000e-01 -3.886206e-01 3.966042e-01 6.750000e-02 1.330000e-01 -3.885715e-01 3.965645e-01
6.750000e-02 1.330000e-01 -3.885715e-01 3.965645e-01 6.800000e-02 1.335000e-01 -3.885212e-01 3.965252e-01
-6.305000e-01 1.340000e-01 -3.377977e-01 4.069191e-01 -6.310000e-01 1.345000e-01 -3.378734e-01 4.068622e-01
-6.300000e-01 1.335000e-01 -3.377238e-01 4.069765e-01 -6.305000e-01 1.340000e-01 -3.377977e-01 4.069191e-01
6.800000e-02 1.335000e-01 -3.885212e-01 3.965252e-01 6.800000e-02 1.345000e-01 -3.888948e-01 3.968185e-01
-6.315000e-01 1.350000e-01 -3.379497e-01 4.068039e-01 -6.320000e-01 1.355000e-01 -3.380277e-01 4.067462e-01
-6.310000e-01 1.345000e-01 -3.378734e-01 4.068622e-01 -6.315000e-01 1.350000e-01 -3.379497e-01 4.068039e-01
6.800000e-02 1.345000e-01 -3.888948e-01 3.968185e-01 6.850000e-02 1.350000e-01 -3.888435e-01 3.967773e-01
6.850000e-02 1.350000e-01 -3.888435e-01 3.967773e-01 6.900000e-02 1.355000e-01 -3.887910e-01 3.967367e-01
-6.320000e-01 1.355000e-01 -3.380277e-01 4.067462e-01 -6.320000e-01 1.365000e-01 -3.375568e-01 4.070989e-01
6.900000e-02 1.355000e-01 -3.887910e-01 3.967367e-01 6.900000e-02 1.365000e-01 -3.891636e-01 3.970261e-01
-6.325000e-01 1.370000e-01 -3.376358e-01 4.070385e-01 -6.330000e-01 1.375000e-01 -3.377166e-01 4.069787e-01
-6.320000e-01 1.365000e-01 -3.375568e-01 4.070989e-01 -6.325000e-01 1.370000e-01 -3.376358e-01 4.070385e-01
6.900000e-02 1.365000e-01 -3.891636e-01 3.970261e-01 6.950000e-02 1.370000e-01 -3.891100e-01 3.969836e-01
6.950000e-02 1.370000e-01 -3.891100e-01 3.969836e-01 7.000000e-02 1.375000e-01 -3.890552e-01 3.969416e-01
-6.335000e-01 1.380000e-01 -3.377978e-01 4.069175e-01 -6.340000e-01 1.385000e-01 -3.378810e-01 4.068568e-01
-6.330000e-01 1.375000e-01 -3.377166e-01 4.069787e-01 -6.335000e-01 1.380000e-01 -3.377978e-01 4.069175e-01
7.000000e-02 1.375000e-01 -3.890552e-01 3.969416e-01 7.000000e-02 1.385000e-01 -3.894266e-01 3.972272e-01
-6.345000e-01 1.390000e-01 -3.379645e-01 4.067948e-01 -6.350000e-01 1.395000e-01 -3.380500e-01 4.067334e-01
-6.340000e-01 1.385000e-01 -3.378810e-01 4.068568e-01 -6.345000e-01 1.390000e-01 -3.379645e-01 4.067948e-01
7.000000e-02 1.385000e-01 -3.894266e-01 3.972272e-01 7.050000e-02 1.390000e-01 -3.893708e-01 3.971834e-01
7.050000e-02 1.390000e-01 -3.893708e-01 3.971834e-01 7.100000e-02 1.395000e-01 -3.893137e-01 3.971401e-01
-6.350000e-01 1.395000e-01 -3.380500e-01 4.067334e-01 -6.350000e-01 1.405000e-01 -3.375818e-01 4.070761e-01
7.100000e-02 1.395000e-01 -3.893137e-01 3.971401e-01 7.100000e-02 1.405000e-01 -3.896839e-01 3.974219e-01
-6.355000e-01 1.410000e-01 -3.376682e-01 4.070120e-01 -6.360000e-01 1.415000e-01 -3.377564e-01 4.069485e-01
-6.350000e-01 1.405000e-01 -3.375818e-01 4.070761e-01 -6.355000e-01 1.410000e-01 -3.376682e-01 4.070120e-01
7.100000e-02 1.405000e-01 -3.896839e-01 3.974219e-01 7.150000e-02 1.410000e-01 -3.896258e-01 3.973768e-01
7.150000e-02 1.410000e-01 -3.896258e-01 3.973768e-01 7.200000e-02 1.415000e-01 -3.895665e-01 3.973323e-01
-6.365000e-01 1.420000e-01 -3.378452e-01 4.068838e-01 -6.370000e-01 1.425000e-01 -3.379358e-01 4.068195e-01
-6.360000e-01 1.415000e-01 -3.377564e-01 4.069485e-01 -6.365000e-01 1.420000e-01 -3.378452e-01 4.068838e-01
7.200000e-02 1.415000e-01 -3.895665e-01 3.973323e-01 7.200000e-02 1.425000e-01 -3.899354e-01 3.976103e-01
-6.370000e-01 1.425000e-01 -3.379358e-01 4.068195e-01 -6.370000e-01 1.435000e-01 -3.374696e-01 4.071547e-01
7.200000e-02 1.425000e-01 -3.899354e-01 3.976103e-01 7.250000e-02 1.430000e-01 -3.898750e-01 3.975639e-01
7.250000e-02 1.430000e-01 -3.898750e-01 3.975639e-01 7.300000e-02 1.435000e-01 -3.898133e-01 3.975181e-01
-6.375000e-01 1.440000e-01 -3.375612e-01 4.070880e-01 -6.380000e-01 1.445000e-01 -3.376546e-01 4.070218e-01
-6.370000e-01 1.435000e-01 -3.374696e-01 4.071547e-01 -6.375000e-01 1.440000e-01 -3.375612e-01 4.070880e-01
7.300000e-02 1.435000e-01 -3.898133e-01 3.975181e-01 7.300000e-02 1.445000e-01 -3.901810e-01 3.977924e-01
-6.385000e-01 1.450000e-01 -3.377486e-01 4.069543e-01 -6.390000e-01 1.455000e-01 -3.378444e-01 4.068873e-01
-6.380000e-01 1.445000e-01 -3.376546e-01 4.070218e-01 -6.385000e-01 1.450000e-01 -3.377486e-01 4.069543e-01
7.300000e-02 1.445000e-01 -3.901810e-01 3.977924e-01 7.350000e-02 1.450000e-01 -3.901182e-01 3.977448e-01
7.350000e-02 1.450000e-01 -3.901182e-01 3.977448e-01 7.400000e-02 1.455000e-01 -3.900543e-01 3.976978e-01
-6.390000e-01 1.455000e-01 -3.378444e-01 4.068873e-01 -6.390000e-01 1.465000e-01 -3.373802e-01 4.072152e-01
7.400000e-02 1.455000e-01 -3.900543e-01 3.976978e-01 7.400000e-02 1.465000e-01 -3.904206e-01 3.979683e-01
-6.395000e-01 1.470000e-01 -3.374772e-01 4.071458e-01 -6.400000e-01 1.475000e-01 -3.375759e-01 4.070769e-01
-6.390000e-01 1.465000e-01 -3.373802e-01 4.072152e-01 -6.395000e-01 1.470000e-01 -3.374772e-01 4.071458e-01
7.400000e-02 1.465000e-01 -3.904206e-01 3.979683e-01 7.450000e-02 1.470000e-01 -3.903555e-01 3.979196e-01
7.450000e-02 1.470000e-01 -3.903555e-01 3.979196e-01 7.500000e-02 1.475000e-01 -3.902891e-01 3.978714e-01
-6.405000e-01 1.480000e-01 -3.376752e-01 4.070069e-01 -6.410000e-01 1.485000e-01 -3.377763e-01 4.069374e-01
-6.400000e-01 1.475000e-01 -3.375759e-01 4.070769e-01 -6.405000e-01 1.480000e-01 -3.376752e-01 4.070069e-01
7.500000e-02 1.475000e-01 -3.902891e-01 3.978714e-01 7.500000e-02 1.485000e-01 -3.906541e-01 3.981382e-01
-6.410000e-01 1.485000e-01 -3.377763e-01 4.069374e-01 -6.410000e-01 1.495000e-01 -3.373144e-01 4.072578e-01
7.500000e-02 1.485000e-01 -3.906541e-01 3.981382e-01 7.550000e-02 1.490000e-01 -3.905866e-01 3.980883e-01
7.550000e-02 1.490000e-01 -3.905866e-01 3.980883e-01 7.600000e-02 1.495000e-01 -3.905179e-01 3.980389e-01
-6.415000e-01 1.500000e-01 -3.374167e-01 4.071859e-01 -6.420000e-01 1.505000e-01 -3.375207e-01 4.071145e-01
-6.410000e-01 1.495000e-01 -3.373144e-01 4.072578e-01 -6.415000e-01 1.500000e-01 -3.374167e-01 4.071859e-01
7.600000e-02 1.495000e-01 -3.905179e-01 3.980389e-01 7.600000e-02 1.505000e-01 -3.908815e-01 3.983021e-01
-6.425000e-01 1.510000e-01 -3.376254e-01 4.070419e-01 -6.430000e-01 1.515000e-01 -3.377319e-01 4.069700e-01
-6.420000e-01 1.505000e-01 -3.375207e-01 4.071145e-01 -6.425000e-01 1.510000e-01 -3.376254e-01 4.070419e-01
7.600000e-02 1.505000e-01 -3.908815e-01 3.983021e-01 7.650000e-02 1.510000e-01 -3.908116e-01 3.982510e-01
7.650000e-02 1.510000e-01 -3.908116e-01 3.982510e-01 7.700000e-02 1.515000e-01 -3.907405e-01 3.982006e-01
-6.430000e-01 1.515000e-01 -3.377319e-01 4.069700e-01 -6.430000e-01 1.525000e-01 -3.372723e-01 4.072832e-01
7.700000e-02 1.515000e-01 -3.907405e-01 3.982006e-01 7.700000e-02 1.525000e-01 -3.911025e-01 3.984600e-01
-6.435000e-01 1.530000e-01 -3.373800e-01 4.072087e-01 -6.440000e-01 1.535000e-01 -3.374895e-01 4.071350e-01
-6.430000e-01 1.525000e-01 -3.372723e-01 4.072832e-01 -6.435000e-01 1.530000e-01 -3.373800e-01 4.072087e-01
7.700000e-02 1.525000e-01 -3.911025e-01 3.984600e-01 7.750000e-02 1.530000e-01 -3.910302e-01 3.984079e-01
7.750000e-02 1.530000e-01 -3.910302e-01 3.984079e-01 7.800000e-02 1.535000e-01 -3.909568e-01 3.983564e-01
-6.445000e-01 1.540000e-01 -3.375996e-01 4.070600e-01 -6.450000e-01 1.545000e-01 -3.377116e-01 4.069857e-01
-6.440000e-01 1.535000e-01 -3.374895e-01 4.071350e-01 -6.445000e-01 1.540000e-01 -3.375996e-01 4.070600e-01
7.800000e-02 1.535000e-01 -3.909568e-01 3.983564e-01 7.800000e-02 1.545000e-01 -3.913173e-01 3.986122e-01
-6.450000e-01 1.545000e-01 -3.377116e-01 4.069857e-01 -6.450000e-01 1.555000e-01 -3.372545e-01 4.072916e-01
7.800000e-02 1.545000e-01 -3.913173e-01 3.986122e-01 7.850000e-02 1.550000e-01 -3.912426e-01 3.985590e-01
7.850000e-02 1.550000e-01 -3.912426e-01 3.985590e-01 7.900000e-02 1.555000e-01 -3.911667e-01 3.985064e-01
-6.455000e-01 1.560000e-01 -3.373677e-01 4.072149e-01 -6.460000e-01 1.565000e-01 -3.374827e-01 4.071388e-01
-6.450000e-01 1.555000e-01 -3.372545e-01 4.072916e-01 -6.455000e-01 1.560000e-01 -3.373677e-01 4.072149e-01
7.900000e-02 1.555000e-01 -3.911667e-01 3.985064e-01 7.900000e-02 1.565000e-01 -3.915257e-01 3.987587e-01
-6.465000e-01 1.570000e-01 -3.375983e-01 4.070616e-01 -6.470000e-01 1.575000e-01 -3.377157e-01 4.069850e-01
-6.460000e-01 1.565000e-01 -3.374827e-01 4.071388e-01 -6.465000e-01 1.570000e-01 -3.375983e-01 4.070616e-01
7.900000e-02 1.565000e-01 -3.915257e-01 3.987587e-01 7.900000e-02 1.575000e-01 -3.918845e-01 3.990090e-01
-6.470000e-01 1.575000e-01 -3.377157e-01 4.069850e-01 -6.470000e-01 1.585000e-01 -3.372614e-01 4.072838e-01
7.900000e-02 1.575000e-01 -3.918845e-01 3.990090e-01 7.950000e-02 1.580000e-01 -3.918067e-01 3.989540e-01
7.950000e-02 1.580000e-01 -3.918067e-01 3.989540e-01 8.000000e-02 1.585000e-01 -3.917277e-01 3.988996e-01
-6.475000e-01 1.590000e-01 -3.373802e-01 4.072048e-01 -6.480000e-01 1.595000e-01 -3.375007e-01 4.071265e-01
-6.470000e-01 1.585000e-01 -3.372614e-01 4.072838e-01 -6.475000e-01 1.590000e-01 -3.373802e-01 4.072048e-01
8.000000e-02 1.585000e-01 -3.917277e-01 3.988996e-01 8.000000e-02 1.595000e-01 -3.920848e-01 3.991463e-01
-6.485000e-01 1.600000e-01 -3.376219e-01 4.070471e-01 -6.490000e-01 1.605000e-01 -3.377448e-01 4.069683e-01
-6.480000e-01 1.595000e-01 -3.375007e-01 4.071265e-01 -6.485000e-01 1.600000e-01 -3.376219e-01 4.070471e-01
8.000000e-02 1.595000e-01 -3.920848e-01 3.991463e-01 8.050000e-02 1.600000e-01 -3.920045e-01 3.990903e-01
8.050000e-02 1.600000e-01 -3.920045e-01 3.990903e-01 8.100000e-02 1.605000e-01 -3.919230e-01 3.990349e-01
-6.490000e-01 1.605000e-01 -3.377448e-01 4.069683e-01 -6.490000e-01 1.615000e-01 -3.372934e-01 4.072600e-01
8.100000e-02 1.605000e-01 -3.919230e-01 3.990349e-01 8.100000e-02 1.615000e-01 -3.922786e-01 3.992781e-01
-6.495000e-01 1.620000e-01 -3.374177e-01 4.071789e-01 -6.500000e-01 1.625000e-01 -3.375438e-01 4.070986e-01
-6.490000e-01 1.615000e-01 -3.372934e-01 4.072600e-01 -6.495000e-01 1.620000e-01 -3.374177e-01 4.071789e-01
8.100000e-02 1.615000e-01 -3.922786e-01 3.992781e-01 8.150000e-02 1.620000e-01 -3.921958e-01 3.992211e-01
8.150000e-02 1.620000e-01 -3.921958e-01 3.992211e-01 8.200000e-02 1.625000e-01 -3.921118e-01 3.991648e-01
-6.505000e-01 1.630000e-01 -3.376707e-01 4.070171e-01 -6.510000e-01 1.635000e-01 -3.377992e-01 4.069363e-01
-6.500000e-01 1.625000e-01 -3.375438e-01 4.070986e-01 -6.505000e-01 1.630000e-01 -3.376707e-01 4.070171e-01
8.200000e-02 1.625000e-01 -3.921118e-01 3.991648e-01 8.200000e-02 1.635000e-01 -3.924656e-01 3.994045e-01
-6.510000e-01 1.635000e-01 -3.377992e-01 4.069363e-01 -6.510000e-01 1.645000e-01 -3.373507e-01 4.072210e-01
8.200000e-02 1.635000e-01 -3.924656e-01 3.994045e-01 8.200000e-02 1.645000e-01 -3.928191e-01 3.996423e-01
-6.515000e-01 1.650000e-01 -3.374808e-01 4.071379e-01 -6.520000e-01 1.655000e-01 -3.376126e-01 4.070555e-01
-6.510000e-01 1.645000e-01 -3.373507e-01 4.072210e-01 -6.515000e-01 1.650000e-01 -3.374808e-01 4.071379e-01
8.200000e-02 1.645000e-01 -3.928191e-01 3.996423e-01 8.250000e-02 1.650000e-01 -3.927331e-01 3.995836e-01
8.250000e-02 1.650000e-01 -3.927331e-01 3.995836e-01 8.300000e-02 1.655000e-01 -3.926459e-01 3.995257e-01
-6.525000e-01 1.660000e-01 -3.377450e-01 4.069721e-01 -6.530000e-01 1.665000e-01 -3.378793e-01 4.068894e-01
-6.520000e-01 1.655000e-01 -3.376126e-01 4.070555e-01 -6.525000e-01 1.660000e-01 -3.377450e-01 4.069721e-01
8.300000e-02 1.655000e-01 -3.926459e-01 3.995257e-01 8.300000e-02 1.665000e-01 -3.929977e-01 3.997599e-01
-6.530000e-01 1.665000e-01 -3.378793e-01 4.068894e-01 -6.530000e-01 1.675000e-01 -3.374339e-01 4.071671e-01
8.300000e-02 1.665000e-01 -3.929977e-01 3.997599e-01 8.350000e-02 1.670000e-01 -3.929091e-01 3.997004e-01
8.350000e-02 1.670000e-01 -3.929091e-01 3.997004e-01 8.400000e-02 1.675000e-01 -3.928194e-01 3.996416e-01
-6.535000e-01 1.680000e-01 -3.375697e-01 4.070821e-01 -6.540000e-01 1.685000e-01 -3.377072e-01 4.069979e-01
-6.530000e-01 1.675000e-01 -3.374339e-01 4.071671e-01 -6.535000e-01 1.680000e-01 -3.375697e-01 4.070821e-01
8.400000e-02 1.675000e-01 -3.928194e-01 3.996416e-01 8.400000e-02 1.685000e-01 -3.931694e-01 3.998724e-01
-6.540000e-01 1.685000e-01 -3.377072e-01 4.069979e-01 -6.540000e-01 1.695000e-01 -3.372635e-01 4.072710e-01
8.400000e-02 1.685000e-01 -3.931694e-01 3.998724e-01 8.450000e-02 1.690000e-01 -3.930783e-01 3.998121e-01
8.450000e-02 1.690000e-01 -3.930783e-01 3.998121e-01 8.500000e-02 1.695000e-01 -3.929860e-01 3.997525e-01
-6.545000e-01 1.700000e-01 -3.374025e-01 4.071846e-01 -6.550000e-01 1.705000e-01 -3.375433e-01 4.070989e-01
-6.540000e-01 1.695000e-01 -3.372635e-01 4.072710e-01 -6.545000e-01 1.700000e-01 -3.374025e-01 4.071846e-01
8.500000e-02 1.695000e-01 -3.929860e-01 3.997525e-01 8.500000e-02 1.705000e-01 -3.933341e-01 3.999799e-01
-6.555000e-01 1.710000e-01 -3.376848e-01 4.070122e-01 -6.560000e-01 1.715000e-01 -3.378281e-01 4.069263e-01
-6.550000e-01 1.705000e-01 -3.375433e-01 4.070989e-01 -6.555000e-01 1.710000e-01 -3.376848e-01 4.070122e-01
8.500000e-02 1.705000e-01 -3.933341e-01 3.999799e-01 8.500000e-02 1.715000e-01 -3.936819e-01 4.002054e-01
-6.560000e-01 1.715000e-01 -3.378281e-01 4.069263e-01 -6.560000e-01 1.725000e-01 -3.373877e-01 4.071925e-01
8.500000e-02 1.715000e-01 -3.936819e-01 4.002054e-01 8.550000e-02 1.720000e-01 -3.935874e-01 4.001435e-01
8.550000e-02 1.720000e-01 -3.935874e-01 4.001435e-01 8.600000e-02 1.725000e-01 -3.934919e-01 4.000824e-01
-6.565000e-01 1.730000e-01 -3.375326e-01 4.071044e-01 -6.570000e-01 1.735000e-01 -3.376791e-01 4.070171e-01
-6.560000e-01 1.725000e-01 -3.373877e-01 4.071925e-01 -6.565000e-01 1.730000e-01 -3.375326e-01 4.071044e-01
8.600000e-02 1.725000e-01 -3.934919e-01 4.000824e-01 8.600000e-02 1.735000e-01 -3.938377e-01 4.003045e-01
-6.575000e-01 1.740000e-01 -3.378265e-01 4.069287e-01 -6.580000e-01 1.745000e-01 -3.379755e-01 4.068411e-01
-6.570000e-01 1.735000e-01 -3.376791e-01 4.070171e-01 -6.575000e-01 1.740000e-01 -3.378265e-01 4.069287e-01
8.600000e-02 1.735000e-01 -3.938377e-01 4.003045e-01 8.650000e-02 1.740000e-01 -3.937407e-01 4.002419e-01
8.650000e-02 1.740000e-01 -3.937407e-01 4.002419e-01 8.700000e-02 1.745000e-01 -3.936426e-01 4.001801e-01
-6.580000e-01 1.745000e-01 -3.379755e-01 4.068411e-01 -6.580000e-01 1.755000e-01 -3.375387e-01 4.071007e-01
8.700000e-02 1.745000e-01 -3.936426e-01 4.001801e-01 8.700000e-02 1.755000e-01 -3.939865e-01 4.003988e-01
-6.585000e-01 1.760000e-01 -3.376894e-01 4.070110e-01 -6.590000e-01 1.765000e-01 -3.378418e-01 4.069221e-01
-6.580000e-01 1.755000e-01 -3.375387e-01 4.071007e-01 -6.585000e-01 1.760000e-01 -3.376894e-01 4.070110e-01
8.700000e-02 1.755000e-01 -3.939865e-01 4.003988e-01 8.700000e-02 1.765000e-01 -3.943299e-01 4.006157e-01
-6.590000e-01 1.765000e-01 -3.378418e-01 4.069221e-01 -6.590000e-01 1.775000e-01 -3.374070e-01 4.071771e-01
8.700000e-02 1.765000e-01 -3.943299e-01 4.006157e-01 8.750000e-02 1.770000e-01 -3.942296e-01 4.005517e-01
8.750000e-02 1.770000e-01 -3.942296e-01 4.005517e-01 8.800000e-02 1.775000e-01 -3.941281e-01 4.004885e-01
-6.595000e-01 1.780000e-01 -3.375610e-01 4.070861e-01 -6.600000e-01 1.785000e-01 -3.377168e-01 4.069960e-01
-6.590000e-01 1.775000e-01 -3.374070e-01 4.071771e-01 -6.595000e-01 1.780000e-01 -3.375610e-01 4.070861e-01
8.800000e-02 1.775000e-01 -3.941281e-01 4.004885e-01 8.800000e-02 1.785000e-01 -3.944696e-01 4.007020e-01
-6.605000e-01 1.790000e-01 -3.378733e-01 4.069048e-01 -6.610000e-01 1.795000e-01 -3.380316e-01 4.068145e-01
-6.600000e-01 1.785000e-01 -3.377168e-01 4.069960e-01 -6.605000e-01 1.790000e-01 -3.378733e-01 4.069048e-01
8.800000e-02 1.785000e-01 -3.944696e-01 4.007020e-01 8.850000e-02 1.790000e-01 -3.943666e-01 4.006374e-01
8.850000e-02 1.790000e-01 -3.943666e-01 4.006374e-01 8.900000e-02 1.795000e-01 -3.942624e-01 4.005735e-01
-6.610000e-01 1.795000e-01 -3.380316e-01 4.068145e-01 -6.610000e-01 1.805000e-01 -3.376005e-01 4.070630e-01
8.900000e-02 1.795000e-01 -3.942624e-01 4.005735e-01 8.900000e-02 1.805000e-01 -3.946019e-01 4.007838e-01
-6.615000e-01 1.810000e-01 -3.377605e-01 4.069706e-01 -6.620000e-01 1.815000e-01 -3.379222e-01 4.068791e-01
-6.610000e-01 1.805000e-01 -3.376005e-01 4.070630e-01 -6.615000e-01 1.810000e-01 -3.377605e-01 4.069706e-01
8.900000e-02 1.805000e-01 -3.946019e-01 4.007838e-01 8.900000e-02 1.815000e-01 -3.949408e-01 4.009923e-01
-6.620000e-01 1.815000e-01 -3.379222e-01 4.068791e-01 -6.620000e-01 1.825000e-01 -3.374932e-01 4.071231e-01
8.900000e-02 1.815000e-01 -3.949408e-01 4.009923e-01 8.950000e-02 1.820000e-01 -3.948344e-01 4.009263e-01
8.950000e-02 1.820000e-01 -3.948344e-01 4.009263e-01 9.000000e-02 1.825000e-01 -3.947268e-01 4.008612e-01
-6.625000e-01 1.830000e-01 -3.376566e-01 4.070296e-01 -6.630000e-01 1.835000e-01 -3.378217e-01 4.069369e-01
-6.620000e-01 1.825000e-01 -3.374932e-01 4.071231e-01 -6.625000e-01 1.830000e-01 -3.376566e-01 4.070296e-01
9.000000e-02 1.825000e-01 -3.947268e-01 4.008612e-01 9.000000e-02 1.835000e-01 -3.950637e-01 4.010664e-01
-6.635000e-01 1.840000e-01 -3.379877e-01 4.068433e-01 -6.640000e-01 1.845000e-01 -3.381553e-01 4.067505e-01
-6.630000e-01 1.835000e-01 -3.378217e-01 4.069369e-01 -6.635000e-01 1.840000e-01 -3.379877e-01 4.068433e-01
9.000000e-02 1.835000e-01 -3.950637e-01 4.010664e-01 9.000000e-02 1.845000e-01 -3.954000e-01 4.012697e-01
-6.640000e-01 1.845000e-01 -3.381553e-01 4.067505e-01 -6.640000e-01 1.855000e-01 -3.377302e-01 4.069881e-01
9.000000e-02 1.845000e-01 -3.954000e-01 4.012697e-01 9.050000e-02 1.850000e-01 -3.952901e-01 4.012026e-01
9.050000e-02 1.850000e-01 -3.952901e-01 4.012026e-01 9.100000e-02 1.855000e-01 -3.951791e-01 4.011362e-01
-6.645000e-01 1.860000e-01 -3.378996e-01 4.068934e-01 -6.650000e-01 1.865000e-01 -3.380707e-01 4.067996e-01
-6.640000e-01 1.855000e-01 -3.377302e-01 4.069881e-01 -6.645000e-01 1.860000e-01 -3.378996e-01 4.068934e-01
9.100000e-02 1.855000e-01 -3.951791e-01 4.011362e-01 9.100000e-02 1.865000e-01 -3.955133e-01 4.013364e-01
-6.650000e-01 1.865000e-01 -3.380707e-01 4.067996e-01 -6.650000e-01 1.875000e-01 -3.376479e-01 4.070328e-01
9.100000e-02 1.865000e-01 -3.955133e-01 4.013364e-01 9.150000e-02 1.870000e-01 -3.954007e-01 4.012687e-01
9.150000e-02 1.870000e-01 -3.954007e-01 4.012687e-01 9.200000e-02 1.875000e-01 -3.952870e-01 4.012019e-01
-6.655000e-01 1.880000e-01 -3.378208e-01 4.069370e-01 -6.660000e-01 1.885000e-01 -3.379953e-01 4.068422e-01
-6.650000e-01 1.875000e-01 -3.376479e-01 4.070328e-01 -6.655000e-01 1.880000e-01 -3.378208e-01 4.069370e-01
9.200000e-02 1.875000e-01 -3.952870e-01 4.012019e-01 9.200000e-02 1.885000e-01 -3.956191e-01 4.013989e-01
-6.660000e-01 1.885000e-01 -3.379953e-01 4.068422e-01 -6.660000e-01 1.895000e-01 -3.375748e-01 4.070710e-01
9.200000e-02 1.885000e-01 -3.956191e-01 4.013989e-01 9.200000e-02 1.895000e-01 -3.959505e-01 4.015941e-01
-6.665000e-01 1.900000e-01 -3.377512e-01 4.069743e-01 -6.670000e-01 1.905000e-01 -3.379293e-01 4.068785e-01
-6.660000e-01 1.895000e-01 -3.375748e-01 4.070710e-01 -6.665000e-01 1.900000e-01 -3.377512e-01 4.069743e-01
9.200000e-02 1.895000e-01 -3.959505e-01 4.015941e-01 9.250000e-02 1.900000e-01 -3.958344e-01 4.015253e-01
9.250000e-02 1.900000e-01 -3.958344e-01 4.015253e-01 9.300000e-02 1.905000e-01 -3.957172e-01 4.014574e-01
-6.675000e-01 1.910000e-01 -3.381082e-01 4.067817e-01 -6.680000e-01 1.915000e-01 -3.382888e-01 4.066859e-01
-6.670000e-01 1.905000e-01 -3.379293e-01 4.068785e-01 -6.675000e-01 1.910000e-01 -3.381082e-01 4.067817e-01
9.300000e-02 1.905000e-01 -3.957172e-01 4.014574e-01 9.300000e-02 1.915000e-01 -3.960464e-01 4.016495e-01
-6.680000e-01 1.915000e-01 -3.382888e-01 4.066859e-01 -6.680000e-01 1.925000e-01 -3.378726e-01 4.069086e-01
9.300000e-02 1.915000e-01 -3.960464e-01 4.016495e-01 9.300000e-02 1.925000e-01 -3.963750e-01 4.018397e-01
-6.685000e-01 1.930000e-01 -3.380550e-01 4.068110e-01 -6.690000e-01 1.935000e-01 -3.382391e-01 4.067142e-01
-6.680000e-01 1.925000e-01 -3.378726e-01 4.069086e-01 -6.685000e-01 1.930000e-01 -3.380550e-01 4.068110e-01
9.300000e-02 1.925000e-01 -3.963750e-01 4.018397e-01 9.350000e-02 1.930000e-01 -3.962553e-01 4.017699e-01
9.350000e-02 1.930000e-01 -3.962553e-01 4.017699e-01 9.400000e-02 1.935000e-01 -3.961346e-01 4.017010e-01
-6.690000e-01 1.935000e-01 -3.382391e-01 4.067142e-01 -6.690000e-01 1.945000e-01 -3.378254e-01 4.069327e-01
9.400000e-02 1.935000e-01 -3.961346e-01 4.017010e-01 9.400000e-02 1.945000e-01 -3.964609e-01 4.018882e-01
-6.695000e-01 1.950000e-01 -3.380114e-01 4.068342e-01 -6.700000e-01 1.955000e-01 -3.381990e-01 4.067366e-01
-6.690000e-01 1.945000e-01 -3.378254e-01 4.069327e-01 -6.695000e-01 1.950000e-01 -3.380114e-01 4.068342e-01
9.400000e-02 1.945000e-01 -3.964609e-01 4.018882e-01 9.400000e-02 1.955000e-01 -3.967866e-01 4.020736e-01
-6.700000e-01 1.955000e-01 -3.381990e-01 4.067366e-01 -6.700000e-01 1.965000e-01 -3.377877e-01 4.069509e-01
9.400000e-02 1.955000e-01 -3.967866e-01 4.020736e-01 9.450000e-02 1.960000e-01 -3.966633e-01 4.020029e-01
9.450000e-02 1.960000e-01 -3.966633e-01 4.020029e-01 9.500000e-02 1.965000e-01 -3.965390e-01 4.019330e-01
-6.705000e-01 1.970000e-01 -3.379773e-01 4.068515e-01 -6.710000e-01 1.975000e-01 -3.381685e-01 4.067531e-01
-6.700000e-01 1.965000e-01 -3.377877e-01 4.069509e-01 -6.705000e-01 1.970000e-01 -3.379773e-01 4.068515e-01
9.500000e-02 1.965000e-01 -3.965390e-01 4.019330e-01 9.500000e-02 1.975000e-01 -3.968623e-01 4.021154e-01
-6.710000e-01 1.975000e-01 -3.381685e-01 4.067531e-01 -6.710000e-01 1.985000e-01 -3.377598e-01 4.069633e-01
9.500000e-02 1.975000e-01 -3.968623e-01 4.021154e-01 9.500000e-02 1.985000e-01 -3.971850e-01 4.022960e-01
-6.715000e-01 1.990000e-01 -3.379529e-01 4.068631e-01 -6.720000e-01 1.995000e-01 -3.381476e-01 4.067639e-01
-6.710000e-01 1.985000e-01 -3.377598e-01 4.069633e-01 -6.715000e-01 1.990000e-01 -3.379529e-01 4.068631e-01
9.500000e-02 1.985000e-01 -3.971850e-01 4.022960e-01 9.550000e-02 1.990000e-01 -3.970581e-01 4.022244e-01
9.550000e-02 1.990000e-01 -3.970581e-01 4.022244e-01 9.600000e-02 1.995000e-01 -3.969302e-01 4.021536e-01
-6.725000e-01 2.000000e-01 -3.383434e-01 4.066639e-01 -6.730000e-01 2.005000e-01 -3.385406e-01 4.065649e-01
-6.720000e-01 1.995000e-01 -3.381476e-01 4.067639e-01 -6.725000e-01 2.000000e-01 -3.383434e-01 4.066639e-01
9.600000e-02 1.995000e-01 -3.969302e-01 4.021536e-01 9.600000e-02 2.005000e-01 -3.972505e-01 4.023313e-01
-6.730000e-01 2.005000e-01 -3.385406e-01 4.065649e-01 -6.730000e-01 2.015000e-01 -3.381366e-01 4.067692e-01
9.600000e-02 2.005000e-01 -3.972505e-01 4.023313e-01 9.600000e-02 2.015000e-01 -3.975700e-01 4.025071e-01
-6.735000e-01 2.020000e-01 -3.383359e-01 4.066685e-01 -6.740000e-01 2.025000e-01 -3.385368e-01 4.065688e-01
-6.730000e-01 2.015000e-01 -3.381366e-01 4.067692e-01 -6.735000e-01 2.020000e-01 -3.383359e-01 4.066685e-01
9.600000e-02 2.015000e-01 -3.975700e-01 4.025071e-01 9.650000e-02 2.020000e-01 -3.974395e-01 4.024347e-01
9.650000e-02 2.020000e-01 -3.974395e-01 4.024347e-01 9.700000e-02 2.025000e-01 -3.973079e-01 4.023632e-01
-6.740000e-01 2.025000e-01 -3.385368e-01 4.065688e-01 -6.740000e-01 2.035000e-01 -3.381355e-01 4.067691e-01
9.700000e-02 2.025000e-01 -3.973079e-01 4.023632e-01 9.700000e-02 2.035000e-01 -3.976251e-01 4.025362e-01
-6.745000e-01 2.040000e-01 -3.383384e-01 4.066677e-01 -6.750000e-01 2.045000e-01 -3.385429e-01 4.065673e-01
-6.740000e-01 2.035000e-01 -3.381355e-01 4.067691e-01 -6.745000e-01 2.040000e-01 -3.383384e-01 4.066677e-01
9.700000e-02 2.035000e-01 -3.976251e-01 4.025362e-01 9.700000e-02 2.045000e-01 -3.979415e-01 4.027074e-01
-6.750000e-01 2.045000e-01 -3.385429e-01 4.065673e-01 -6.750000e-01 2.055000e-01 -3.381443e-01 4.067636e-01
9.700000e-02 2.045000e-01 -3.979415e-01 4.027074e-01 9.750000e-02 2.050000e-01 -3.978073e-01 4.026342e-01
9.750000e-02 2.050000e-01 -3.978073e-01 4.026342e-01 9.800000e-02 2.055000e-01 -3.976720e-01 4.025620e-01
-6.755000e-01 2.060000e-01 -3.383509e-01 4.066616e-01 -6.760000e-01 2.065000e-01 -3.385589e-01 4.065607e-01
-6.750000e-01 2.055000e-01 -3.381443e-01 4.067636e-01 -6.755000e-01 2.060000e-01 -3.383509e-01 4.066616e-01
9.800000e-02 2.055000e-01 -3.976720e-01 4.025620e-01 9.800000e-02 2.065000e-01 -3.979859e-01 4.027304e-01
-6.760000e-01 2.065000e-01 -3.385589e-01 4.065607e-01 -6.760000e-01 2.075000e-01 -3.381631e-01 4.067530e-01
9.800000e-02 2.065000e-01 -3.979859e-01 4.027304e-01 9.800000e-02 2.075000e-01 -3.982991e-01 4.028970e-01
-6.765000e-01 2.080000e-01 -3.383733e-01 4.066505e-01 -6.770000e-01 2.085000e-01 -3.385851e-01 4.065490e-01
-6.760000e-01 2.075000e-01 -3.381631e-01 4.067530e-01 -6.765000e-01 2.080000e-01 -3.383733e-01 4.066505e-01
9.800000e-02 2.075000e-01 -3.982991e-01 4.028970e-01 9.850000e-02 2.080000e-01 -3.981612e-01 4.028232e-01
9.850000e-02 2.080000e-01 -3.981612e-01 4.028232e-01 9.900000e-02 2.085000e-01 -3.980223e-01 4.027503e-01
-6.770000e-01 2.085000e-01 -3.385851e-01 4.065490e-01 -6.770000e-01 2.095000e-01 -3.381921e-01 4.067374e-01
9.900000e-02 2.085000e-01 -3.980223e-01 4.027503e-01 9.900000e-02 2.095000e-01 -3.983329e-01 4.029142e-01
-6.775000e-01 2.100000e-01 -3.384060e-01 4.066344e-01 -6.780000e-01 2.105000e-01 -3.386213e-01 4.065324e-01
-6.770000e-01 2.095000e-01 -3.381921e-01 4.067374e-01 -6.775000e-01 2.100000e-01 -3.384060e-01 4.066344e-01
9.900000e-02 2.095000e-01 -3.983329e-01 4.029142e-01 9.900000e-02 2.105000e-01 -3.986427e-01 4.030763e-01
-6.780000e-01 2.105000e-01 -3.386213e-01 4.065324e-01 -6.780000e-01 2.115000e-01 -3.382314e-01 4.067170e-01
9.900000e-02 2.105000e-01 -3.986427e-01 4.030763e-01 9.950000e-02 2.110000e-01 -3.985011e-01 4.030019e-01
9.950000e-02 2.110000e-01 -3.985011e-01 4.030019e-01 1.000000e-01 2.115000e-01 -3.983584e-01 4.029285e-01
-6.785000e-01 2.120000e-01 -3.384489e-01 4.066135e-01 -6.790000e-01 2.125000e-01 -3.386679e-01 4.065111e-01
-6.780000e-01 2.115000e-01 -3.382314e-01 4.067170e-01 -6.785000e-01 2.120000e-01 -3.384489e-01 4.066135e-01
1.000000e-01 2.115000e-01 -3.983584e-01 4.029285e-01 1.000000e-01 2.125000e-01 -3.986656e-01 4.030878e-01
-6.790000e-01 2.125000e-01 -3.386679e-01 4.065111e-01 -6.790000e-01 2.135000e-01 -3.382808e-01 4.066918e-01
1.000000e-01 2.125000e-01 -3.986656e-01 4.030878e-01 1.000000e-01 2.135000e-01 -3.989720e-01 4.032455e-01
-6.795000e-01 2.140000e-01 -3.385020e-01 4.065879e-01 -6.800000e-01 2.145000e-01 -3.387247e-01 4.064851e-01
-6.790000e-01 2.135000e-01 -3.382808e-01 4.066918e-01 -6.795000e-01 2.140000e-01 -3.385020e-01 4.065879e-01
1.000000e-01 2.135000e-01 -3.989720e-01 4.032455e-01 1.000000e-01 2.145000e-01 -3.992776e-01 4.034014e-01
-6.800000e-01 2.145000e-01 -3.387247e-01 4.064851e-01 -6.800000e-01 2.155000e-01 -3.383407e-01 4.066620e-01
1.000000e-01 2.145000e-01 -3.992776e-01 4.034014e-01 1.005000e-01 2.150000e-01 -3.991313e-01 4.033261e-01
1.005000e-01 2.150000e-01 -3.991313e-01 4.033261e-01 1.010000e-01 2.155000e-01 -3.989840e-01 4.032517e-01
-6.805000e-01 2.160000e-01 -3.385656e-01 4.065578e-01 -6.810000e-01 2.165000e-01 -3.387919e-01 4.064546e-01
-6.800000e-01 2.155000e-01 -3.383407e-01 4.066620e-01 -6.805000e-01 2.160000e-01 -3.385656e-01 4.065578e-01
1.010000e-01 2.155000e-01 -3.989840e-01 4.032517e-01 1.010000e-01 2.165000e-01 -3.992869e-01 4.034050e-01
-6.810000e-01 2.165000e-01 -3.387919e-01 4.064546e-01 -6.810000e-01 2.175000e-01 -3.384109e-01 4.066279e-01
1.010000e-01 2.165000e-01 -3.992869e-01 4.034050e-01 1.010000e-01 2.175000e-01 -3.995890e-01 4.035566e-01
-6.815000e-01 2.180000e-01 -3.386395e-01 4.065233e-01 -6.820000e-01 2.185000e-01 -3.388696e-01 4.064198e-01
-6.810000e-01 2.175000e-01 -3.384109e-01 4.066279e-01 -6.815000e-01 2.180000e-01 -3.386395e-01 4.065233e-01
1.010000e-01 2.175000e-01 -3.995890e-01 4.035566e-01 1.015000e-01 2.180000e-01 -3.994389e-01 4.034809e-01
1.015000e-01 2.180000e-01 -3.994389e-01 4.034809e-01 1.020000e-01 2.185000e-01 -3.992878e-01 4.034061e-01
-6.820000e-01 2.185000e-01 -3.388696e-01 4.064198e-01 -6.820000e-01 2.195000e-01 -3.384917e-01 4.065894e-01
1.020000e-01 2.185000e-01 -3.992878e-01 4.034061e-01 1.020000e-01 2.195000e-01 -3.995872e-01 4.035551e-01
-6.825000e-01 2.200000e-01 -3.387240e-01 4.064846e-01 -6.830000e-01 2.205000e-01 -3.389578e-01 4.063809e-01
-6.820000e-01 2.195000e-01 -3.384917e-01 4.065894e-01 -6.825000e-01 2.200000e-01 -3.387240e-01 4.064846e-01
1.020000e-01 2.195000e-01 -3.995872e-01 4.035551e-01 1.020000e-01 2.205000e-01 -3.998857e-01 4.037024e-01
-6.830000e-01 2.205000e-01 -3.389578e-01 4.063809e-01 -6.830000e-01 2.215000e-01 -3.385831e-01 4.065468e-01
1.020000e-01 2.205000e-01 -3.998857e-01 4.037024e-01 1.020000e-01 2.215000e-01 -4.001833e-01 4.038480e-01
-6.835000e-01 2.220000e-01 -3.388191e-01 4.064418e-01 -6.840000e-01 2.225000e-01 -3.390565e-01 4.063379e-01
-6.830000e-01 2.215000e-01 -3.385831e-01 4.065468e-01 -6.835000e-01 2.220000e-01 -3.388191e-01 4.064418e-01
1.020000e-01 2.215000e-01 -4.001833e-01 4.038480e-01 1.025000e-01 2.220000e-01 -4.000284e-01 4.037716e-01
1.025000e-01 2.220000e-01 -4.000284e-01 4.037716e-01 1.030000e-01 2.225000e-01 -3.998726e-01 4.036962e-01
-6.840000e-01 2.225000e-01 -3.390565e-01 4.063379e-01 -6.840000e-01 2.235000e-01 -3.386851e-01 4.065003e-01
1.030000e-01 2.225000e-01 -3.998726e-01 4.036962e-01 1.030000e-01 2.235000e-01 -4.001674e-01 4.038393e-01
-6.845000e-01 2.240000e-01 -3.389248e-01 4.063951e-01 -6.850000e-01 2.245000e-01 -3.391660e-01 4.062911e-01
-6.840000e-01 2.235000e-01 -3.386851e-01 4.065003e-01 -6.845000e-01 2.240000e-01 -3.389248e-01 4.063951e-01
1.030000e-01 2.235000e-01 -4.001674e-01 4.038393e-01 1.030000e-01 2.245000e-01 -4.004614e-01 4.039807e-01
-6.850000e-01 2.245000e-01 -3.391660e-01 4.062911e-01 -6.850000e-01 2.255000e-01 -3.387977e-01 4.064499e-01
1.030000e-01 2.245000e-01 -4.004614e-01 4.039807e-01 1.035000e-01 2.250000e-01 -4.003027e-01 4.039041e-01
1.035000e-01 2.250000e-01 -4.003027e-01 4.039041e-01 1.040000e-01 2.255000e-01 -4.001430e-01 4.038284e-01
-6.855000e-01 2.260000e-01 -3.390412e-01 4.063446e-01 -6.860000e-01 2.265000e-01 -3.392861e-01 4.062405e-01
-6.850000e-01 2.255000e-01 -3.387977e-01 4.064499e-01 -6.855000e-01 2.260000e-01 -3.390412e-01 4.063446e-01
1.040000e-01 2.255000e-01 -4.001430e-01 4.038284e-01 1.040000e-01 2.265000e-01 -4.004340e-01 4.039675e-01
-6.860000e-01 2.265000e-01 -3.392861e-01 4.062405e-01 -6.860000e-01 2.275000e-01 -3.389212e-01 4.063959e-01
1.040000e-01 2.265000e-01 -4.004340e-01 4.039675e-01 1.040000e-01 2.275000e-01 -4.007242e-01 4.041048e-01
-6.865000e-01 2.280000e-01 -3.391684e-01 4.062905e-01 -6.870000e-01 2.285000e-01 -3.394170e-01 4.061864e-01
-6.860000e-01 2.275000e-01 -3.389212e-01 4.063959e-01 -6.865000e-01 2.280000e-01 -3.391684e-01 4.062905e-01
1.040000e-01 2.275000e-01 -4.007242e-01 4.041048e-01 1.040000e-01 2.285000e-01 -4.010135e-01 4.042405e-01
-6.870000e-01 2.285000e-01 -3.394170e-01 4.061864e-01 -6.870000e-01 2.295000e-01 -3.390554e-01 4.063384e-01
1.040000e-01 2.285000e-01 -4.010135e-01 4.042405e-01 1.045000e-01 2.290000e-01 -4.008499e-01 4.041634e-01
1.045000e-01 2.290000e-01 -4.008499e-01 4.041634e-01 1.050000e-01 2.295000e-01 -4.006854e-01 4.040873e-01
-6.875000e-01 2.300000e-01 -3.393064e-01 4.062330e-01 -6.880000e-01 2.305000e-01 -3.395588e-01 4.061288e-01
-6.870000e-01 2.295000e-01 -3.390554e-01 4.063384e-01 -6.875000e-01 2.300000e-01 -3.393064e-01 4.062330e-01
1.050000e-01 2.295000e-01 -4.006854e-01 4.040873e-01 1.050000e-01 2.305000e-01 -4.009717e-01 4.042207e-01
-6.880000e-01 2.305000e-01 -3.395588e-01 4.061288e-01 -6.880000e-01 2.315000e-01 -3.392006e-01 4.062775e-01
1.050000e-01 2.305000e-01 -4.009717e-01 4.042207e-01 1.050000e-01 2.315000e-01 -4.012571e-01 4.043524e-01
-6.885000e-01 2.320000e-01 -3.394553e-01 4.061722e-01 -6.890000e-01 2.325000e-01 -3.397114e-01 4.060681e-01
-6.880000e-01 2.315000e-01 -3.392006e-01 4.062775e-01 -6.885000e-01 2.320000e-01 -3.394553e-01 4.061722e-01
1.050000e-01 2.315000e-01 -4.012571e-01 4.043524e-01 1.050000e-01 2.325000e-01 -4.015415e-01 4.044825e-01
-6.890000e-01 2.325000e-01 -3.397114e-01 4.060681e-01 -6.890000e-01 2.335000e-01 -3.393567e-01 4.062135e-01
1.050000e-01 2.325000e-01 -4.015415e-01 4.044825e-01 1.055000e-01 2.330000e-01 -4.013731e-01 4.044050e-01
1.055000e-01 2.330000e-01 -4.013731e-01 4.044050e-01 1.060000e-01 2.335000e-01 -4.012038e-01 4.043286e-01
-6.890000e-01 2.335000e-01 -3.393567e-01 4.062135e-01 -6.890000e-01 2.345000e-01 -3.390029e-01 4.063567e-01
1.060000e-01 2.335000e-01 -4.012038e-01 4.043286e-01 1.060000e-01 2.345000e-01 -4.014852e-01 4.044564e-01
-6.895000e-01 2.350000e-01 -3.392626e-01 4.062510e-01 -6.900000e-01 2.355000e-01 -3.395237e-01 4.061464e-01
-6.890000e-01 2.345000e-01 -3.390029e-01 4.063567e-01 -6.895000e-01 2.350000e-01 -3.392626e-01 4.062510e-01
1.060000e-01 2.345000e-01 -4.014852e-01 4.044564e-01 1.060000e-01 2.355000e-01 -4.017655e-01 4.045827e-01
-6.900000e-01 2.355000e-01 -3.395237e-01 4.061464e-01 -6.900000e-01 2.365000e-01 -3.391735e-01 4.062865e-01
1.060000e-01 2.355000e-01 -4.017655e-01 4.045827e-01 1.060000e-01 2.365000e-01 -4.020450e-01 4.047074e-01
-6.905000e-01 2.370000e-01 -3.394370e-01 4.061808e-01 -6.910000e-01 2.375000e-01 -3.397018e-01 4.060765e-01
-6.900000e-01 2.365000e-01 -3.391735e-01 4.062865e-01 -6.905000e-01 2.370000e-01 -3.394370e-01 4.061808e-01
1.060000e-01 2.365000e-01 -4.020450e-01 4.047074e-01 1.065000e-01 2.370000e-01 -4.018717e-01 4.046297e-01
1.065000e-01 2.370000e-01 -4.018717e-01 4.046297e-01 1.070000e-01 2.375000e-01 -4.016975e-01 4.045530e-01
-6.910000e-01 2.375000e-01 -3.397018e-01 4.060765e-01 -6.910000e-01 2.385000e-01 -3.393551e-01 4.062134e-01
1.070000e-01 2.375000e-01 -4.016975e-01 4.045530e-01 1.070000e-01 2.385000e-01 -4.019738e-01 4.046755e-01
-6.915000e-01 2.390000e-01 -3.396224e-01 4.061080e-01 -6.920000e-01 2.395000e-01 -3.398909e-01 4.060038e-01
-6.910000e-01 2.385000e-01 -3.393551e-01 4.062134e-01 -6.915000e-01 2.390000e-01 -3.396224e-01 4.061080e-01
1.070000e-01 2.385000e-01 -4.019738e-01 4.046755e-01 1.070000e-01 2.395000e-01 -4.022492e-01 4.047965e-01
-6.920000e-01 2.395000e-01 -3.398909e-01 4.060038e-01 -6.920000e-01 2.405000e-01 -3.395478e-01 4.061376e-01
1.070000e-01 2.395000e-01 -4.022492e-01 4.047965e-01 1.070000e-01 2.405000e-01 -4.025235e-01 4.049158e-01
-6.920000e-01 2.405000e-01 -3.395478e-01 4.061376e-01 -6.920000e-01 2.415000e-01 -3.392059e-01 4.062693e-01
1.070000e-01 2.405000e-01 -4.025235e-01 4.049158e-01 1.075000e-01 2.410000e-01 -4.023453e-01 4.048381e-01
1.075000e-01 2.410000e-01 -4.023453e-01 4.048381e-01 1.080000e-01 2.415000e-01 -4.021661e-01 4.047613e-01
-6.925000e-01 2.420000e-01 -3.394782e-01 4.061638e-01 -6.930000e-01 2.425000e-01 -3.397518e-01 4.060594e-01
-6.920000e-01 2.415000e-01 -3.392059e-01 4.062693e-01 -6.925000e-01 2.420000e-01 -3.394782e-01 4.061638e-01
1.080000e-01 2.415000e-01 -4.021661e-01 4.047613e-01 1.080000e-01 2.425000e-01 -4.024374e-01 4.048786e-01
-6.930000e-01 2.425000e-01 -3.397518e-01 4.060594e-01 -6.930000e-01 2.435000e-01 -3.394135e-01 4.061881e-01
1.080000e-01 2.425000e-01 -4.024374e-01 4.048786e-01 1.080000e-01 2.435000e-01 -4.027075e-01 4.049943e-01
-6.935000e-01 2.440000e-01 -3.396895e-01 4.060829e-01 -6.940000e-01 2.445000e-01 -3.399669e-01 4.059789e-01
-6.930000e-01 2.435000e-01 -3.394135e-01 4.061881e-01 -6.935000e-01 2.440000e-01 -3.396895e-01 4.060829e-01
1.080000e-01 2.435000e-01 -4.027075e-01 4.049943e-01 1.080000e-01 2.445000e-01 -4.029766e-01 4.051085e-01
-6.940000e-01 2.445000e-01 -3.399669e-01 4.059789e-01 -6.940000e-01 2.455000e-01 -3.396323e-01 4.061047e-01
1.080000e-01 2.445000e-01 -4.029766e-01 4.051085e-01 1.080000e-01 2.455000e-01 -4.032447e-01 4.052212e-01
-6.945000e-01 2.460000e-01 -3.399121e-01 4.059998e-01 -6.950000e-01 2.465000e-01 -3.401932e-01 4.058963e-01
-6.940000e-01 2.455000e-01 -3.396323e-01 4.061047e-01 -6.945000e-01 2.460000e-01 -3.399121e-01 4.059998e-01
1.080000e-01 2.455000e-01 -4.032447e-01 4.052212e-01 1.085000e-01 2.460000e-01 -4.030604e-01 4.051433e-01
1.085000e-01 2.460000e-01 -4.030604e-01 4.051433e-01 1.090000e-01 2.465000e-01 -4.028753e-01 4.050664e-01
-6.950000e-01 2.465000e-01 -3.401932e-01 4.058963e-01 -6.950000e-01 2.475000e-01 -3.398624e-01 4.060191e-01
1.090000e-01 2.465000e-01 -4.028753e-01 4.050664e-01 1.090000e-01 2.475000e-01 -4.031402e-01 4.051771e-01
-6.950000e-01 2.475000e-01 -3.398624e-01 4.060191e-01 -6.950000e-01 2.485000e-01 -3.395327e-01 4.061400e-01
1.090000e-01 2.475000e-01 -4.031402e-01 4.051771e-01 1.090000e-01 2.485000e-01 -4.034038e-01 4.052862e-01
-6.955000e-01 2.490000e-01 -3.398177e-01 4.060352e-01 -6.960000e-01 2.495000e-01 -3.401038e-01 4.059317e-01
-6.950000e-01 2.485000e-01 -3.395327e-01 4.061400e-01 -6.955000e-01 2.490000e-01 -3.398177e-01 4.060352e-01
1.090000e-01 2.485000e-01 -4.034038e-01 4.052862e-01 1.090000e-01 2.495000e-01 -4.036665e-01 4.053939e-01
-6.960000e-01 2.495000e-01 -3.401038e-01 4.059317e-01 -6.960000e-01 2.505000e-01 -3.397780e-01 4.060497e-01
1.090000e-01 2.495000e-01 -4.036665e-01 4.053939e-01 1.090000e-01 2.505000e-01 -4.039280e-01 4.055001e-01
-6.965000e-01 2.510000e-01 -3.400666e-01 4.059455e-01 -6.970000e-01 2.515000e-01 -3.403566e-01 4.058425e-01
-6.960000e-01 2.505000e-01 -3.397780e-01 4.060497e-01 -6.965000e-01 2.510000e-01 -3.400666e-01 4.059455e-01
1.090000e-01 2.505000e-01 -4.039280e-01 4.055001e-01 1.095000e-01 2.510000e-01 -4.037377e-01 4.054222e-01
1.095000e-01 2.510000e-01 -4.037377e-01 4.054222e-01 1.100000e-01 2.515000e-01 -4.035466e-01 4.053454e-01
-6.970000e-01 2.515000e-01 -3.403566e-01 4.058425e-01 -6.970000e-01 2.525000e-01 -3.400345e-01 4.059578e-01
1.100000e-01 2.515000e-01 -4.035466e-01 4.053454e-01 1.100000e-01 2.525000e-01 -4.038049e-01 4.054497e-01
-6.970000e-01 2.525000e-01 -3.400345e-01 4.059578e-01 -6.970000e-01 2.535000e-01 -3.397138e-01 4.060711e-01
1.100000e-01 2.525000e-01 -4.038049e-01 4.054497e-01 1.100000e-01 2.535000e-01 -4.040620e-01 4.055526e-01
-6.975000e-01 2.540000e-01 -3.400076e-01 4.059671e-01 -6.980000e-01 2.545000e-01 -3.403025e-01 4.058644e-01
-6.970000e-01 2.535000e-01 -3.397138e-01 4.060711e-01 -6.975000e-01 2.540000e-01 -3.400076e-01 4.059671e-01
1.100000e-01 2.535000e-01 -4.040620e-01 4.055526e-01 1.100000e-01 2.545000e-01 -4.043179e-01 4.056540e-01
-6.980000e-01 2.545000e-01 -3.403025e-01 4.058644e-01 -6.980000e-01 2.555000e-01 -3.399857e-01 4.059751e-01
1.100000e-01 2.545000e-01 -4.043179e-01 4.056540e-01 1.100000e-01 2.555000e-01 -4.045727e-01 4.057539e-01
-6.980000e-01 2.555000e-01 -3.399857e-01 4.059751e-01 -6.980000e-01 2.565000e-01 -3.396702e-01 4.060838e-01
1.100000e-01 2.555000e-01 -4.045727e-01 4.057539e-01 1.105000e-01 2.560000e-01 -4.043764e-01 4.056763e-01
1.105000e-01 2.560000e-01 -4.043764e-01 4.056763e-01 1.110000e-01 2.565000e-01 -4.041792e-01 4.055998e-01
-6.985000e-01 2.570000e-01 -3.399691e-01 4.059801e-01 -6.990000e-01 2.575000e-01 -3.402691e-01 4.058777e-01
-6.980000e-01 2.565000e-01 -3.396702e-01 4.060838e-01 -6.985000e-01 2.570000e-01 -3.399691e-01 4.059801e-01
1.110000e-01 2.565000e-01 -4.041792e-01 4.055998e-01 1.110000e-01 2.575000e-01 -4.044307e-01 4.056979e-01
-6.990000e-01 2.575000e-01 -3.402691e-01 4.058777e-01 -6.990000e-01 2.585000e-01 -3.399575e-01 4.059839e-01
1.110000e-01 2.575000e-01 -4.044307e-01 4.056979e-01 1.110000e-01 2.585000e-01 -4.046810e-01 4.057947e-01
-6.995000e-01 2.590000e-01 -3.402601e-01 4.058809e-01 -7.000000e-01 2.595000e-01 -3.405639e-01 4.057793e-01
-6.990000e-01 2.585000e-01 -3.399575e-01 4.059839e-01 -6.995000e-01 2.590000e-01 -3.402601e-01 4.058809e-01
1.110000e-01 2.585000e-01 -4.046810e-01 4.057947e-01 1.110000e-01 2.595000e-01 -4.049302e-01 4.058901e-01
-7.000000e-01 2.595000e-01 -3.405639e-01 4.057793e-01 -7.000000e-01 2.605000e-01 -3.402563e-01 4.058830e-01
1.110000e-01 2.595000e-01 -4.049302e-01 4.058901e-01 1.110000e-01 2.605000e-01 -4.051781e-01 4.059840e-01
-7.000000e-01 2.605000e-01 -3.402563e-01 4.058830e-01 -7.000000e-01 2.615000e-01 -3.399501e-01 4.059848e-01
1.110000e-01 2.605000e-01 -4.051781e-01 4.059840e-01 1.115000e-01 2.610000e-01 -4.049756e-01 4.059068e-01
1.115000e-01 2.610000e-01 -4.049756e-01 4.059068e-01 1.120000e-01 2.615000e-01 -4.047723e-01 4.058308e-01
-7.005000e-01 2.620000e-01 -3.402578e-01 4.058823e-01 -7.010000e-01 2.625000e-01 -3.405667e-01 4.057812e-01
-7.000000e-01 2.615000e-01 -3.399501e-01 4.059848e-01 -7.005000e-01 2.620000e-01 -3.402578e-01 4.058823e-01
1.120000e-01 2.615000e-01 -4.047723e-01 4.058308e-01 1.120000e-01 2.625000e-01 -4.050168e-01 4.059231e-01
-7.010000e-01 2.625000e-01 -3.405667e-01 4.057812e-01 -7.010000e-01 2.635000e-01 -3.402645e-01 4.058806e-01
1.120000e-01 2.625000e-01 -4.050168e-01 4.059231e-01 1.120000e-01 2.635000e-01 -4.052602e-01 4.060140e-01
-7.010000e-01 2.635000e-01 -3.402645e-01 4.058806e-01 -7.010000e-01 2.645000e-01 -3.399637e-01 4.059782e-01
1.120000e-01 2.635000e-01 -4.052602e-01 4.060140e-01 1.120000e-01 2.645000e-01 -4.055023e-01 4.061036e-01
-7.015000e-01 2.650000e-01 -3.402766e-01 4.058764e-01 -7.020000e-01 2.655000e-01 -3.405905e-01 4.057759e-01
-7.010000e-01 2.645000e-01 -3.399637e-01 4.059782e-01 -7.015000e-01 2.650000e-01 -3.402766e-01 4.058764e-01
1.120000e-01 2.645000e-01 -4.055023e-01 4.061036e-01 1.120000e-01 2.655000e-01 -4.057431e-01 4.061917e-01
-7.020000e-01 2.655000e-01 -3.405905e-01 4.057759e-01 -7.020000e-01 2.665000e-01 -3.402938e-01 4.058711e-01
1.120000e-01 2.655000e-01 -4.057431e-01 4.061917e-01 1.120000e-01 2.665000e-01 -4.059828e-01 4.062785e-01
-7.020000e-01 2.665000e-01 -3.402938e-01 4.058711e-01 -7.020000e-01 2.675000e-01 -3.399985e-01 4.059646e-01
1.120000e-01 2.665000e-01 -4.059828e-01 4.062785e-01 1.125000e-01 2.670000e-01 -4.057730e-01 4.062020e-01
1.125000e-01 2.670000e-01 -4.057730e-01 4.062020e-01 1.130000e-01 2.675000e-01 -4.055624e-01 4.061266e-01
-7.025000e-01 2.680000e-01 -3.403165e-01 4.058635e-01 -7.030000e-01 2.685000e-01 -3.406355e-01 4.057637e-01
-7.020000e-01 2.675000e-01 -3.399985e-01 4.059646e-01 -7.025000e-01 2.680000e-01 -3.403165e-01 4.058635e-01
1.130000e-01 2.675000e-01 -4.055624e-01 4.061266e-01 1.130000e-01 2.685000e-01 -4.057986e-01 4.062120e-01
-7.030000e-01 2.685000e-01 -3.406355e-01 4.057637e-01 -7.030000e-01 2.695000e-01 -3.403444e-01 4.058549e-01
1.130000e-01 2.685000e-01 -4.057986e-01 4.062120e-01 1.130000e-01 2.695000e-01 -4.060336e-01 4.062960e-01
-7.030000e-01 2.695000e-01 -3.403444e-01 4.058549e-01 -7.030000e-01 2.705000e-01 -3.400547e-01 4.059444e-01
1.130000e-01 2.695000e-01 -4.060336e-01 4.062960e-01 1.130000e-01 2.705000e-01 -4.062672e-01 4.063786e-01
-7.035000e-01 2.710000e-01 -3.403778e-01 4.058441e-01 -7.040000e-01 2.715000e-01 -3.407019e-01 4.057452e-01
-7.030000e-01 2.705000e-01 -3.400547e-01 4.059444e-01 -7.035000e-01 2.710000e-01 -3.403778e-01 4.058441e-01
1.130000e-01 2.705000e-01 -4.062672e-01 4.063786e-01 1.130000e-01 2.715000e-01 -4.064995e-01 4.064599e-01
-7.040000e-01 2.715000e-01 -3.407019e-01 4.057452e-01 -7.040000e-01 2.725000e-01 -3.404164e-01 4.058325e-01
1.130000e-01 2.715000e-01 -4.064995e-01 4.064599e-01 1.130000e-01 2.725000e-01 -4.067306e-01 4.065399e-01
-7.040000e-01 2.725000e-01 -3.404164e-01 4.058325e-01 -7.040000e-01 2.735000e-01 -3.401324e-01 4.059181e-01
1.130000e-01 2.725000e-01 -4.067306e-01 4.065399e-01 1.130000e-01 2.735000e-01 -4.069603e-01 4.066186e-01
-7.045000e-01 2.740000e-01 -3.404606e-01 4.058188e-01 -7.050000e-01 2.745000e-01 -3.407898e-01 4.057208e-01
-7.040000e-01 2.735000e-01 -3.401324e-01 4.059181e-01 -7.045000e-01 2.740000e-01 -3.404606e-01 4.058188e-01
1.130000e-01 2.735000e-01 -4.069603e-01 4.066186e-01 1.135000e-01 2.740000e-01 -4.067422e-01 4.065431e-01
1.135000e-01 2.740000e-01 -4.067422e-01 4.065431e-01 1.140000e-01 2.745000e-01 -4.065233e-01 4.064687e-01
-7.050000e-01 2.745000e-01 -3.407898e-01 4.057208e-01 -7.050000e-01 2.755000e-01 -3.405101e-01 4.058044e-01
1.140000e-01 2.745000e-01 -4.065233e-01 4.064687e-01 1.140000e-01 2.755000e-01 -4.067495e-01 4.065461e-01
-7.050000e-01 2.755000e-01 -3.405101e-01 4.058044e-01 -7.050000e-01 2.765000e-01 -3.402319e-01 4.058862e-01
1.140000e-01 2.755000e-01 -4.067495e-01 4.065461e-01 1.140000e-01 2.765000e-01 -4.069744e-01 4.066222e-01
-7.055000e-01 2.770000e-01 -3.405651e-01 4.057879e-01 -7.060000e-01 2.775000e-01 -3.408994e-01 4.056910e-01
-7.050000e-01 2.765000e-01 -3.402319e-01 4.058862e-01 -7.055000e-01 2.770000e-01 -3.405651e-01 4.057879e-01
1.140000e-01 2.765000e-01 -4.069744e-01 4.066222e-01 1.140000e-01 2.775000e-01 -4.071980e-01 4.066971e-01
-7.060000e-01 2.775000e-01 -3.408994e-01 4.056910e-01 -7.060000e-01 2.785000e-01 -3.406254e-01 4.057710e-01
1.140000e-01 2.775000e-01 -4.071980e-01 4.066971e-01 1.140000e-01 2.785000e-01 -4.074202e-01 4.067707e-01
-7.060000e-01 2.785000e-01 -3.406254e-01 4.057710e-01 -7.060000e-01 2.795000e-01 -3.403531e-01 4.058493e-01
1.140000e-01 2.785000e-01 -4.074202e-01 4.067707e-01 1.140000e-01 2.795000e-01 -4.076410e-01 4.068430e-01
-7.065000e-01 2.800000e-01 -3.406915e-01 4.057522e-01 -7.070000e-01 2.805000e-01 -3.410308e-01 4.056564e-01
-7.060000e-01 2.795000e-01 -3.403531e-01 4.058493e-01 -7.065000e-01 2.800000e-01 -3.406915e-01 4.057522e-01
1.140000e-01 2.795000e-01 -4.076410e-01 4.068430e-01 1.140000e-01 2.805000e-01 -4.078605e-01 4.069141e-01
-7.070000e-01 2.805000e-01 -3.410308e-01 4.056564e-01 -7.070000e-01 2.815000e-01 -3.407627e-01 4.057329e-01
1.140000e-01 2.805000e-01 -4.078605e-01 4.069141e-01 1.145000e-01 2.810000e-01 -4.076339e-01 4.068400e-01
1.145000e-01 2.810000e-01 -4.076339e-01 4.068400e-01 1.150000e-01 2.815000e-01 -4.074067e-01 4.067669e-01
-7.070000e-01 2.815000e-01 -3.407627e-01 4.057329e-01 -7.070000e-01 2.825000e-01 -3.404962e-01 4.058077e-01
1.150000e-01 2.815000e-01 -4.074067e-01 4.067669e-01 1.150000e-01 2.825000e-01 -4.076226e-01 4.068369e-01
-7.070000e-01 2.825000e-01 -3.404962e-01 4.058077e-01 -7.070000e-01 2.835000e-01 -3.402313e-01 4.058809e-01
1.150000e-01 2.825000e-01 -4.076226e-01 4.068369e-01 1.150000e-01 2.835000e-01 -4.078372e-01 4.069057e-01
-7.075000e-01 2.840000e-01 -3.405762e-01 4.057850e-01 -7.080000e-01 2.845000e-01 -3.409220e-01 4.056905e-01
-7.070000e-01 2.835000e-01 -3.402313e-01 4.058809e-01 -7.075000e-01 2.840000e-01 -3.405762e-01 4.057850e-01
1.150000e-01 2.835000e-01 -4.078372e-01 4.069057e-01 1.150000e-01 2.845000e-01 -4.080503e-01 4.069733e-01
-7.080000e-01 2.845000e-01 -3.409220e-01 4.056905e-01 -7.080000e-01 2.855000e-01 -3.406615e-01 4.057620e-01
1.150000e-01 2.845000e-01 -4.080503e-01 4.069733e-01 1.150000e-01 2.855000e-01 -4.082621e-01 4.070397e-01
-7.080000e-01 2.855000e-01 -3.406615e-01 4.057620e-01 -7.080000e-01 2.865000e-01 -3.404026e-01 4.058319e-01
1.150000e-01 2.855000e-01 -4.082621e-01 4.070397e-01 1.150000e-01 2.865000e-01 -4.084724e-01 4.071048e-01
-7.085000e-01 2.870000e-01 -3.407525e-01 4.057374e-01 -7.090000e-01 2.875000e-01 -3.411034e-01 4.056443e-01
-7.080000e-01 2.865000e-01 -3.404026e-01 4.058319e-01 -7.085000e-01 2.870000e-01 -3.407525e-01 4.057374e-01
1.150000e-01 2.865000e-01 -4.084724e-01 4.071048e-01 1.150000e-01 2.875000e-01 -4.086814e-01 4.071689e-01
-7.090000e-01 2.875000e-01 -3.411034e-01 4.056443e-01 -7.090000e-01 2.885000e-01 -3.408489e-01 4.057127e-01
1.150000e-01 2.875000e-01 -4.086814e-01 4.071689e-01 1.150000e-01 2.885000e-01 -4.088889e-01 4.072317e-01
-7.090000e-01 2.885000e-01 -3.408489e-01 4.057127e-01 -7.090000e-01 2.895000e-01 -3.405961e-01 4.057795e-01
1.150000e-01 2.885000e-01 -4.088889e-01 4.072317e-01 1.155000e-01 2.890000e-01 -4.086528e-01 4.071595e-01
1.155000e-01 2.890000e-01 -4.086528e-01 4.071595e-01 1.160000e-01 2.895000e-01 -4.084160e-01 4.070884e-01
-7.090000e-01 2.895000e-01 -3.405961e-01 4.057795e-01 -7.090000e-01 2.905000e-01 -3.403449e-01 4.058447e-01
1.160000e-01 2.895000e-01 -4.084160e-01 4.070884e-01 1.160000e-01 2.905000e-01 -4.086198e-01 4.071503e-01
-7.095000e-01 2.910000e-01 -3.407013e-01 4.057518e-01 -7.100000e-01 2.915000e-01 -3.410587e-01 4.056603e-01
-7.090000e-01 2.905000e-01 -3.403449e-01 4.058447e-01 -7.095000e-01 2.910000e-01 -3.407013e-01 4.057518e-01
1.160000e-01 2.905000e-01 -4.086198e-01 4.071503e-01 1.160000e-01 2.915000e-01 -4.088222e-01 4.072111e-01
-7.100000e-01 2.915000e-01 -3.410587e-01 4.056603e-01 -7.100000e-01 2.925000e-01 -3.408119e-01 4.057241e-01
1.160000e-01 2.915000e-01 -4.088222e-01 4.072111e-01 1.160000e-01 2.925000e-01 -4.090232e-01 4.072708e-01
-7.100000e-01 2.925000e-01 -3.408119e-01 4.057241e-01 -7.100000e-01 2.935000e-01 -3.405670e-01 4.057864e-01
1.160000e-01 2.925000e-01 -4.090232e-01 4.072708e-01 1.160000e-01 2.935000e-01 -4.092228e-01 4.073294e-01
-7.100000e-01 2.935000e-01 -3.405670e-01 4.057864e-01 -7.100000e-01 2.945000e-01 -3.403236e-01 4.058472e-01
1.160000e-01 2.935000e-01 -4.092228e-01 4.073294e-01 1.160000e-01 2.945000e-01 -4.094209e-01 4.073868e-01
-7.105000e-01 2.950000e-01 -3.406865e-01 4.057561e-01 -7.110000e-01 2.955000e-01 -3.410502e-01 4.056663e-01
-7.100000e-01 2.945000e-01 -3.403236e-01 4.058472e-01 -7.105000e-01 2.950000e-01 -3.406865e-01 4.057561e-01
1.160000e-01 2.945000e-01 -4.094209e-01 4.073868e-01 1.160000e-01 2.955000e-01 -4.096175e-01 4.074432e-01
-7.110000e-01 2.955000e-01 -3.410502e-01 4.056663e-01 -7.110000e-01 2.965000e-01 -3.408114e-01 4.057259e-01
1.160000e-01 2.955000e-01 -4.096175e-01 4.074432e-01 1.160000e-01 2.965000e-01 -4.098126e-01 4.074984e-01
-7.110000e-01 2.965000e-01 -3.408114e-01 4.057259e-01 -7.110000e-01 2.975000e-01 -3.405744e-01 4.057839e-01
1.160000e-01 2.965000e-01 -4.098126e-01 4.074984e-01 1.160000e-01 2.975000e-01 -4.100063e-01 4.075526e-01
-7.110000e-01 2.975000e-01 -3.405744e-01 4.057839e-01 -7.110000e-01 2.985000e-01 -3.403390e-01 4.058405e-01
1.160000e-01 2.975000e-01 -4.100063e-01 4.075526e-01 1.160000e-01 2.985000e-01 -4.101985e-01 4.076057e-01
-7.115000e-01 2.990000e-01 -3.407083e-01 4.057513e-01 -7.120000e-01 2.995000e-01 -3.410785e-01 4.056635e-01
-7.110000e-01 2.985000e-01 -3.403390e-01 4.058405e-01 -7.115000e-01 2.990000e-01 -3.407083e-01 4.057513e-01
1.160000e-01 2.985000e-01 -4.101985e-01 4.076057e-01 1.165000e-01 2.990000e-01 -4.099505e-01 4.075364e-01
1.165000e-01 2.990000e-01 -4.099505e-01 4.075364e-01 1.170000e-01 2.995000e-01 -4.097018e-01 4.074682e-01
-7.120000e-01 2.995000e-01 -3.410785e-01 4.056635e-01 -7.120000e-01 3.005000e-01 -3.408477e-01 4.057190e-01
1.170000e-01 2.995000e-01 -4.097018e-01 4.074682e-01 1.170000e-01 3.005000e-01 -4.098902e-01 4.075207e-01
-7.120000e-01 3.005000e-01 -3.408477e-01 4.057190e-01 -7.120000e-01 3.015000e-01 -3.406187e-01 4.057731e-01
1.170000e-01 3.005000e-01 -4.098902e-01 4.075207e-01 1.170000e-01 3.015000e-01 -4.100772e-01 4.075722e-01
-7.120000e-01 3.015000e-01 -3.406187e-01 4.057731e-01 -7.120000e-01 3.025000e-01 -3.403914e-01 4.058258e-01
1.170000e-01 3.015000e-01 -4.100772e-01 4.075722e-01 1.170000e-01 3.025000e-01 -4.102626e-01 4.076226e-01
-7.120000e-01 3.025000e-01 -3.403914e-01 4.058258e-01 -7.120000e-01 3.035000e-01 -3.401660e-01 4.058770e-01
1.170000e-01 3.025000e-01 -4.102626e-01 4.076226e-01 1.170000e-01 3.035000e-01 -4.104465e-01 4.076720e-01
-7.125000e-01 3.040000e-01 -3.405431e-01 4.057902e-01 -7.130000e-01 3.045000e-01 -3.409210e-01 4.057047e-01
-7.120000e-01 3.035000e-01 -3.401660e-01 4.058770e-01 -7.125000e-01 3.040000e-01 -3.405431e-01 4.057902e-01
1.170000e-01 3.035000e-01 -4.104465e-01 4.076720e-01 1.170000e-01 3.045000e-01 -4.106289e-01 4.077204e-01
-7.130000e-01 3.045000e-01 -3.409210e-01 4.057047e-01 -7.130000e-01 3.055000e-01 -3.407002e-01 4.057550e-01
1.170000e-01 3.045000e-01 -4.106289e-01 4.077204e-01 1.170000e-01 3.055000e-01 -4.108097e-01 4.077678e-01
-7.130000e-01 3.055000e-01 -3.407002e-01 4.057550e-01 -7.130000e-01 3.065000e-01 -3.404811e-01 4.058040e-01
1.170000e-01 3.055000e-01 -4.108097e-01 4.077678e-01 1.170000e-01 3.065000e-01 -4.109890e-01 4.078142e-01
-7.130000e-01 3.065000e-01 -3.404811e-01 4.058040e-01 -7.130000e-01 3.075000e-01 -3.402639e-01 4.058517e-01
1.170000e-01 3.065000e-01 -4.109890e-01 4.078142e-01 1.170000e-01 3.075000e-01 -4.111668e-01 4.078597e-01
-7.130000e-01 3.075000e-01 -3.402639e-01 4.058517e-01 -7.130000e-01 3.085000e-01 -3.400485e-01 4.058980e-01
1.170000e-01 3.075000e-01 -4.111668e-01 4.078597e-01 1.170000e-01 3.085000e-01 -4.113431e-01 4.079042e-01
-7.135000e-01 3.090000e-01 -3.404335e-01 4.058138e-01 -7.140000e-01 3.095000e-01 -3.408191e-01 4.057309e-01
-7.130000e-01 3.085000e-01 -3.400485e-01 4.058980e-01 -7.135000e-01 3.090000e-01 -3.404335e-01 4.058138e-01
1.170000e-01 3.085000e-01 -4.113431e-01 4.079042e-01 1.170000e-01 3.095000e-01 -4.115177e-01 4.079477e-01
-7.140000e-01 3.095000e-01 -3.408191e-01 4.057309e-01 -7.140000e-01 3.105000e-01 -3.406084e-01 4.057765e-01
1.170000e-01 3.095000e-01 -4.115177e-01 4.079477e-01 1.170000e-01 3.105000e-01 -4.116908e-01 4.079903e-01
-7.140000e-01 3.105000e-01 -3.406084e-01 4.057765e-01 -7.140000e-01 3.115000e-01 -3.403995e-01 4.058208e-01
1.170000e-01 3.105000e-01 -4.116908e-01 4.079903e-01 1.170000e-01 3.115000e-01 -4.118624e-01 4.080319e-01
-7.140000e-01 3.115000e-01 -3.403995e-01 4.058208e-01 -7.140000e-01 3.125000e-01 -3.401925e-01 4.058638e-01
1.170000e-01 3.115000e-01 -4.118624e-01 4.080319e-01 1.170000e-01 3.125000e-01 -4.120322e-01 4.080726e-01
-7.140000e-01 3.125000e-01 -3.401925e-01 4.058638e-01 -7.140000e-01 3.135000e-01 -3.399873e-01 4.059056e-01
1.170000e-01 3.125000e-01 -4.120322e-01 4.080726e-01 1.170000e-01 3.135000e-01 -4.122007e-01 4.081124e-01
-7.145000e-01 3.140000e-01 -3.403800e-01 4.058242e-01 -7.150000e-01 3.145000e-01 -3.407734e-01 4.057443e-01
-7.140000e-01 3.135000e-01 -3.399873e-01 4.059056e-01 -7.145000e-01 3.140000e-01 -3.403800e-01 4.058242e-01
1.170000e-01 3.135000e-01 -4.122007e-01 4.081124e-01 1.175000e-01 3.140000e-01 -4.119351e-01 4.080485e-01
1.175000e-01 3.140000e-01 -4.119351e-01 4.080485e-01 1.180000e-01 3.145000e-01 -4.116689e-01 4.079857e-01
-7.150000e-01 3.145000e-01 -3.407734e-01 4.057443e-01 -7.150000e-01 3.155000e-01 -3.405729e-01 4.057855e-01
1.180000e-01 3.145000e-01 -4.116689e-01 4.079857e-01 1.180000e-01 3.155000e-01 -4.118334e-01 4.080253e-01
-7.150000e-01 3.155000e-01 -3.405729e-01 4.057855e-01 -7.150000e-01 3.165000e-01 -3.403744e-01 4.058255e-01
1.180000e-01 3.155000e-01 -4.118334e-01 4.080253e-01 1.180000e-01 3.165000e-01 -4.119964e-01 4.080640e-01
-7.150000e-01 3.165000e-01 -3.403744e-01 4.058255e-01 -7.150000e-01 3.175000e-01 -3.401777e-01 4.058643e-01
1.180000e-01 3.165000e-01 -4.119964e-01 4.080640e-01 1.180000e-01 3.175000e-01 -4.121577e-01 4.081019e-01
-7.150000e-01 3.175000e-01 -3.401777e-01 4.058643e-01 -7.150000e-01 3.185000e-01 -3.399829e-01 4.059019e-01
1.180000e-01 3.175000e-01 -4.121577e-01 4.081019e-01 1.180000e-01 3.185000e-01 -4.123174e-01 4.081389e-01
-7.155000e-01 3.190000e-01 -3.403833e-01 4.058237e-01 -7.160000e-01 3.195000e-01 -3.407844e-01 4.057470e-01
-7.150000e-01 3.185000e-01 -3.399829e-01 4.059019e-01 -7.155000e-01 3.190000e-01 -3.403833e-01 4.058237e-01
1.180000e-01 3.185000e-01 -4.123174e-01 4.081389e-01 1.180000e-01 3.195000e-01 -4.124755e-01 4.081751e-01
-7.160000e-01 3.195000e-01 -3.407844e-01 4.057470e-01 -7.160000e-01 3.205000e-01 -3.405944e-01 4.057842e-01
1.180000e-01 3.195000e-01 -4.124755e-01 4.081751e-01 1.180000e-01 3.205000e-01 -4.126320e-01 4.082104e-01
-7.160000e-01 3.205000e-01 -3.405944e-01 4.057842e-01 -7.160000e-01 3.215000e-01 -3.404063e-01 4.058203e-01
1.180000e-01 3.205000e-01 -4.126320e-01 4.082104e-01 1.180000e-01 3.215000e-01 -4.127869e-01 4.082449e-01
-7.160000e-01 3.215000e-01 -3.404063e-01 4.058203e-01 -7.160000e-01 3.225000e-01 -3.402201e-01 4.058553e-01
1.180000e-01 3.215000e-01 -4.127869e-01 4.082449e-01 1.180000e-01 3.225000e-01 -4.129401e-01 4.082787e-01
-7.160000e-01 3.225000e-01 -3.402201e-01 4.058553e-01 -7.160000e-01 3.235000e-01 -3.400358e-01 4.058892e-01
1.180000e-01 3.225000e-01 -4.129401e-01 4.082787e-01 1.180000e-01 3.235000e-01 -4.130916e-01 4.083116e-01
-7.160000e-01 3.235000e-01 -3.400358e-01 4.058892e-01 -7.160000e-01 3.245000e-01 -3.398536e-01 4.059220e-01
1.180000e-01 3.235000e-01 -4.130916e-01 4.083116e-01 1.180000e-01 3.245000e-01 -4.132415e-01 4.083437e-01
-7.160000e-01 3.245000e-01 -3.398536e-01 4.059220e-01 -7.160000e-01 3.255000e-01 -3.396733e-01 4.059538e-01
1.180000e-01 3.245000e-01 -4.132415e-01 4.083437e-01 1.180000e-01 3.255000e-01 -4.133898e-01 4.083750e-01
-7.165000e-01 3.260000e-01 -3.400841e-01 4.058800e-01 -7.170000e-01 3.265000e-01 -3.404956e-01 4.058075e-01
-7.160000e-01 3.255000e-01 -3.396733e-01 4.059538e-01 -7.165000e-01 3.260000e-01 -3.400841e-01 4.058800e-01
1.180000e-01 3.255000e-01 -4.133898e-01 4.083750e-01 1.180000e-01 3.265000e-01 -4.135365e-01 4.084056e-01
-7.170000e-01 3.265000e-01 -3.404956e-01 4.058075e-01 -7.170000e-01 3.275000e-01 -3.403200e-01 4.058391e-01
1.180000e-01 3.265000e-01 -4.135365e-01 4.084056e-01 1.180000e-01 3.275000e-01 -4.136814e-01 4.084355e-01
-7.170000e-01 3.275000e-01 -3.403200e-01 4.058391e-01 -7.170000e-01 3.285000e-01 -3.401465e-01 4.058697e-01
1.180000e-01 3.275000e-01 -4.136814e-01 4.084355e-01 1.180000e-01 3.285000e-01 -4.138247e-01 4.084645e-01
-7.170000e-01 3.285000e-01 -3.401465e-01 4.058697e-01 -7.170000e-01 3.295000e-01 -3.399749e-01 4.058993e-01
1.180000e-01 3.285000e-01 -4.138247e-01 4.084645e-01 1.180000e-01 3.295000e-01 -4.139663e-01 4.084929e-01
-7.170000e-01 3.295000e-01 -3.399749e-01 4.058993e-01 -7.170000e-01 3.305000e-01 -3.398053e-01 4.059279e-01
1.180000e-01 3.295000e-01 -4.139663e-01 4.084929e-01 1.180000e-01 3.305000e-01 -4.141063e-01 4.085205e-01
-7.170000e-01 3.305000e-01 -3.398053e-01 4.059279e-01 -7.170000e-01 3.315000e-01 -3.396377e-01 4.059555e-01
1.180000e-01 3.305000e-01 -4.141063e-01 4.085205e-01 1.180000e-01 3.315000e-01 -4.142446e-01 4.085475e-01
-7.170000e-01 3.315000e-01 -3.396377e-01 4.059555e-01 -7.170000e-01 3.325000e-01 -3.394721e-01 4.059821e-01
1.180000e-01 3.315000e-01 -4.142446e-01 4.085475e-01 1.180000e-01 3.325000e-01 -4.143812e-01 4.085737e-01
-7.170000e-01 3.325000e-01 -3.394721e-01 4.059821e-01 -7.170000e-01 3.335000e-01 -3.393086e-01 4.060078e-01
1.180000e-01 3.325000e-01 -4.143812e-01 4.085737e-01 1.180000e-01 3.335000e-01 -4.145161e-01 4.085993e-01
-7.175000e-01 3.340000e-01 -3.397312e-01 4.059394e-01 -7.180000e-01 3.345000e-01 -3.401544e-01 4.058724e-01
-7.170000e-01 3.335000e-01 -3.393086e-01 4.060078e-01 -7.175000e-01 3.340000e-01 -3.397312e-01 4.059394e-01
1.180000e-01 3.335000e-01 -4.145161e-01 4.085993e-01 1.180000e-01 3.345000e-01 -4.146493e-01 4.086242e-01
-7.180000e-01 3.345000e-01 -3.401544e-01 4.058724e-01 -7.180000e-01 3.355000e-01 -3.399957e-01 4.058983e-01
1.180000e-01 3.345000e-01 -4.146493e-01 4.086242e-01 1.180000e-01 3.355000e-01 -4.147808e-01 4.086484e-01
-7.180000e-01 3.355000e-01 -3.399957e-01 4.058983e-01 -7.180000e-01 3.365000e-01 -3.398390e-01 4.059232e-01
1.180000e-01 3.355000e-01 -4.147808e-01 4.086484e-01 1.180000e-01 3.365000e-01 -4.149105e-01 4.086720e-01
-7.180000e-01 3.365000e-01 -3.398390e-01 4.059232e-01 -7.180000e-01 3.375000e-01 -3.396843e-01 4.059473e-01
1.180000e-01 3.365000e-01 -4.149105e-01 4.086720e-01 1.180000e-01 3.375000e-01 -4.150386e-01 4.086949e-01
-7.180000e-01 3.375000e-01 -3.396843e-01 4.059473e-01 -7.180000e-01 3.385000e-01 -3.395316e-01 4.059705e-01
1.180000e-01 3.375000e-01 -4.150386e-01 4.086949e-01 1.180000e-01 3.385000e-01 -4.151649e-01 4.087172e-01
-7.180000e-01 3.385000e-01 -3.395316e-01 4.059705e-01 -7.180000e-01 3.395000e-01 -3.393810e-01 4.059929e-01
1.180000e-01 3.385000e-01 -4.151649e-01 4.087172e-01 1.180000e-01 3.395000e-01 -4.152896e-01 4.087389e-01
-7.180000e-01 3.395000e-01 -3.393810e-01 4.059929e-01 -7.180000e-01 3.405000e-01 -3.392325e-01 4.060144e-01
1.180000e-01 3.395000e-01 -4.152896e-01 4.087389e-01 1.180000e-01 3.405000e-01 -4.154125e-01 4.087601e-01
-7.180000e-01 3.405000e-01 -3.392325e-01 4.060144e-01 -7.180000e-01 3.415000e-01 -3.390861e-01 4.060351e-01
1.180000e-01 3.405000e-01 -4.154125e-01 4.087601e-01 1.180000e-01 3.415000e-01 -4.155336e-01 4.087806e-01
-7.180000e-01 3.415000e-01 -3.390861e-01 4.060351e-01 -7.180000e-01 3.425000e-01 -3.389417e-01 4.060549e-01
1.180000e-01 3.415000e-01 -4.155336e-01 4.087806e-01 1.180000e-01 3.425000e-01 -4.156530e-01 4.088005e-01
-7.180000e-01 3.425000e-01 -3.389417e-01 4.060549e-01 -7.180000e-01 3.435000e-01 -3.387994e-01 4.060740e-01
1.180000e-01 3.425000e-01 -4.156530e-01 4.088005e-01 1.180000e-01 3.435000e-01 -4.157707e-01 4.088199e-01
-7.185000e-01 3.440000e-01 -3.392364e-01 4.060131e-01 -7.190000e-01 3.445000e-01 -3.396740e-01 4.059535e-01
-7.180000e-01 3.435000e-01 -3.387994e-01 4.060740e-01 -7.185000e-01 3.440000e-01 -3.392364e-01 4.060131e-01
1.180000e-01 3.435000e-01 -4.157707e-01 4.088199e-01 1.180000e-01 3.445000e-01 -4.158867e-01 4.088388e-01
-7.190000e-01 3.445000e-01 -3.396740e-01 4.059535e-01 -7.190000e-01 3.455000e-01 -3.395365e-01 4.059731e-01
1.180000e-01 3.445000e-01 -4.158867e-01 4.088388e-01 1.180000e-01 3.455000e-01 -4.160009e-01 4.088571e-01
-7.190000e-01 3.455000e-01 -3.395365e-01 4.059731e-01 -7.190000e-01 3.465000e-01 -3.394011e-01 4.059920e-01
1.180000e-01 3.455000e-01 -4.160009e-01 4.088571e-01 1.180000e-01 3.465000e-01 -4.161133e-01 4.088748e-01
-7.190000e-01 3.465000e-01 -3.394011e-01 4.059920e-01 -7.190000e-01 3.475000e-01 -3.392678e-01 4.060102e-01
1.180000e-01 3.465000e-01 -4.161133e-01 4.088748e-01 1.180000e-01 3.475000e-01 -4.162240e-01 4.088921e-01
-7.190000e-01 3.475000e-01 -3.392678e-01 4.060102e-01 -7.190000e-01 3.485000e-01 -3.391367e-01 4.060276e-01
1.180000e-01 3.475000e-01 -4.162240e-01 4.088921e-01 1.180000e-01 3.485000e-01 -4.163329e-01 4.089089e-01
-7.190000e-01 3.485000e-01 -3.391367e-01 4.060276e-01 -7.190000e-01 3.495000e-01 -3.390076e-01 4.060444e-01
1.180000e-01 3.485000e-01 -4.163329e-01 4.089089e-01 1.180000e-01 3.495000e-01 -4.164400e-01 4.089251e-01
-7.190000e-01 3.495000e-01 -3.390076e-01 4.060444e-01 -7.190000e-01 3.505000e-01 -3.388807e-01 4.060605e-01
1.180000e-01 3.495000e-01 -4.164400e-01 4.089251e-01 1.180000e-01 3.505000e-01 -4.165454e-01 4.089409e-01
-7.190000e-01 3.505000e-01 -3.388807e-01 4.060605e-01 -7.190000e-01 3.515000e-01 -3.387559e-01 4.060759e-01
1.180000e-01 3.505000e-01 -4.165454e-01 4.089409e-01 1.180000e-01 3.515000e-01 -4.166490e-01 4.089563e-01
-7.190000e-01 3.515000e-01 -3.387559e-01 4.060759e-01 -7.190000e-01 3.525000e-01 -3.386331e-01 4.060907e-01
1.180000e-01 3.515000e-01 -4.166490e-01 4.089563e-01 1.180000e-01 3.525000e-01 -4.167508e-01 4.089711e-01
-7.190000e-01 3.525000e-01 -3.386331e-01 4.060907e-01 -7.190000e-01 3.535000e-01 -3.385126e-01 4.061049e-01
1.180000e-01 3.525000e-01 -4.167508e-01 4.089711e-01 1.180000e-01 3.535000e-01 -4.168509e-01 4.089856e-01
-7.190000e-01 3.535000e-01 -3.385126e-01 4.061049e-01 -7.190000e-01 3.545000e-01 -3.383942e-01 4.061184e-01
1.180000e-01 3.535000e-01 -4.168509e-01 4.089856e-01 1.180000e-01 3.545000e-01 -4.169492e-01 4.089996e-01
-7.190000e-01 3.545000e-01 -3.383942e-01 4.061184e-01 -7.190000e-01 3.555000e-01 -3.382779e-01 4.061313e-01
1.180000e-01 3.545000e-01 -4.169492e-01 4.089996e-01 1.180000e-01 3.555000e-01 -4.170456e-01 4.090132e-01
-7.190000e-01 3.555000e-01 -3.382779e-01 4.061313e-01 -7.190000e-01 3.565000e-01 -3.381638e-01 4.061437e-01
1.180000e-01 3.555000e-01 -4.170456e-01 4.090132e-01 1.180000e-01 3.565000e-01 -4.171403e-01 4.090264e-01
-7.190000e-01 3.565000e-01 -3.381638e-01 4.061437e-01 -7.190000e-01 3.575000e-01 -3.380518e-01 4.061555e-01
1.180000e-01 3.565000e-01 -4.171403e-01 4.090264e-01 1.180000e-01 3.575000e-01 -4.172331e-01 4.090393e-01
-7.190000e-01 3.575000e-01 -3.380518e-01 4.061555e-01 -7.190000e-01 3.585000e-01 -3.379420e-01 4.061668e-01
1.175000e-01 3.580000e-01 -4.176396e-01 4.090910e-01 1.170000e-01 3.585000e-01 -4.180460e-01 4.091421e-01
1.180000e-01 3.575000e-01 -4.172331e-01 4.090393e-01 1.175000e-01 3.580000e-01 -4.176396e-01 4.090910e-01
-7.190000e-01 3.585000e-01 -3.379420e-01 4.061668e-01 -7.190000e-01 3.595000e-01 -3.378344e-01 4.061775e-01
1.170000e-01 3.585000e-01 -4.180460e-01 4.091421e-01 1.170000e-01 3.595000e-01 -4.181357e-01 4.091524e-01
-7.190000e-01 3.595000e-01 -3.378344e-01 4.061775e-01 -7.190000e-01 3.605000e-01 -3.377289e-01 4.061877e-01
1.170000e-01 3.595000e-01 -4.181357e-01 4.091524e-01 1.170000e-01 3.605000e-01 -4.182235e-01 4.091623e-01
-7.190000e-01 3.605000e-01 -3.377289e-01 4.061877e-01 -7.190000e-01 3.615000e-01 -3.376256e-01 4.061974e-01
1.170000e-01 3.605000e-01 -4.182235e-01 4.091623e-01 1.170000e-01 3.615000e-01 -4.183096e-01 4.091719e-01
-7.190000e-01 3.615000e-01 -3.376256e-01 4.061974e-01 -7.190000e-01 3.625000e-01 -3.375245e-01 4.062066e-01
1.170000e-01 3.615000e-01 -4.183096e-01 4.091719e-01 1.170000e-01 3.625000e-01 -4.183937e-01 4.091812e-01
-7.190000e-01 3.625000e-01 -3.375245e-01 4.062066e-01 -7.190000e-01 3.635000e-01 -3.374255e-01 4.062154e-01
1.170000e-01 3.625000e-01 -4.183937e-01 4.091812e-01 1.170000e-01 3.635000e-01 -4.184761e-01 4.091902e-01
-7.190000e-01 3.635000e-01 -3.374255e-01 4.062154e-01 -7.190000e-01 3.645000e-01 -3.373288e-01 4.062237e-01
1.170000e-01 3.635000e-01 -4.184761e-01 4.091902e-01 1.170000e-01 3.645000e-01 -4.185567e-01 4.091988e-01
-7.190000e-01 3.645000e-01 -3.373288e-01 4.062237e-01 -7.190000e-01 3.655000e-01 -3.372343e-01 4.062316e-01
1.170000e-01 3.645000e-01 -4.185567e-01 4.091988e-01 1.170000e-01 3.655000e-01 -4.186354e-01 4.092072e-01
-7.190000e-01 3.655000e-01 -3.372343e-01 4.062316e-01 -7.190000e-01 3.665000e-01 -3.371419e-01 4.062391e-01
1.170000e-01 3.655000e-01 -4.186354e-01 4.092072e-01 1.170000e-01 3.665000e-01 -4.187122e-01 4.092153e-01
-7.190000e-01 3.665000e-01 -3.371419e-01 4.062391e-01 -7.190000e-01 3.675000e-01 -3.370518e-01 4.062462e-01
1.170000e-01 3.665000e-01 -4.187122e-01 4.092153e-01 1.170000e-01 3.675000e-01 -4.187873e-01 4.092232e-01
-7.190000e-01 3.675000e-01 -3.370518e-01 4.062462e-01 -7.190000e-01 3.685000e-01 -3.369639e-01 4.062529e-01
1.170000e-01 3.675000e-01 -4.187873e-01 4.092232e-01 1.170000e-01 3.685000e-01 -4.188605e-01 4.092308e-01
-7.190000e-01 3.685000e-01 -3.369639e-01 4.062529e-01 -7.190000e-01 3.695000e-01 -3.368781e-01 4.062593e-01
-3.195000e-01 3.690000e-01 -3.593100e-01 6.975189e-01 -3.200000e-01 3.695000e-01 -3.552598e-01 6.977986e-01
-3.195000e-01 3.690000e-01 -3.593100e-01 6.975189e-01 -3.185000e-01 3.690000e-01 -3.679341e-01 6.967139e-01
-3.185000e-01 3.690000e-01 -3.679341e-01 6.967139e-01 -3.175000e-01 3.690000e-01 -3.764751e-01 6.956983e-01
-3.175000e-01 3.690000e-01 -3.764751e-01 6.956983e-01 -3.165000e-01 3.690000e-01 -3.849153e-01 6.944791e-01
-3.165000e-01 3.690000e-01 -3.849153e-01 6.944791e-01 -3.155000e-01 3.690000e-01 -3.932381e-01 6.930645e-01
-3.155000e-01 3.690000e-01 -3.932381e-01 6.930645e-01 -3.145000e-01 3.690000e-01 -4.014282e-01 6.914636e-01
-3.145000e-01 3.690000e-01 -4.014282e-01 6.914636e-01 -3.135000e-01 3.690000e-01 -4.094715e-01 6.896863e-01
-3.135000e-01 3.690000e-01 -4.094715e-01 6.896863e-01 -3.125000e-01 3.690000e-01 -4.173556e-01 6.877432e-01
-3.125000e-01 3.690000e-01 -4.173556e-01 6.877432e-01 -3.115000e-01 3.690000e-01 -4.250694e-01 6.856454e-01
-3.115000e-01 3.690000e-01 -4.250694e-01 6.856454e-01 -3.105000e-01 3.690000e-01 -4.326034e-01 6.834044e-01
-3.105000e-01 3.690000e-01 -4.326034e-01 6.834044e-01 -3.095000e-01 3.690000e-01 -4.399494e-01 6.810318e-01
-3.095000e-01 3.690000e-01 -4.399494e-01 6.810318e-01 -3.090000e-01 3.695000e-01 -4.447707e-01 6.793576e-01
1.170000e-01 3.685000e-01 -4.188605e-01 4.092308e-01 1.170000e-01 3.695000e-01 -4.189318e-01 4.092382e-01
-7.190000e-01 3.695000e-01 -3.368781e-01 4.062593e-01 -7.190000e-01 3.705000e-01 -3.367946e-01 4.062653e-01
-3.245000e-01 3.700000e-01 -3.151942e-01 6.982300e-01 -3.250000e-01 3.705000e-01 -3.104494e-01 6.979409e-01
-3.245000e-01 3.700000e-01 -3.151942e-01 6.982300e-01 -3.235000e-01 3.700000e-01 -3.241709e-01 6.985476e-01
-3.235000e-01 3.700000e-01 -3.241709e-01 6.985476e-01 -3.225000e-01 3.700000e-01 -3.331646e-01 6.986285e-01
-3.225000e-01 3.700000e-01 -3.331646e-01 6.986285e-01 -3.215000e-01 3.700000e-01 -3.421531e-01 6.984728e-01
-3.215000e-01 3.700000e-01 -3.421531e-01 6.984728e-01 -3.205000e-01 3.700000e-01 -3.511145e-01 6.980820e-01
-3.200000e-01 3.695000e-01 -3.552598e-01 6.977986e-01 -3.205000e-01 3.700000e-01 -3.511145e-01 6.980820e-01
-3.090000e-01 3.695000e-01 -4.447707e-01 6.793576e-01 -3.085000e-01 3.700000e-01 -4.497007e-01 6.775910e-01
-3.085000e-01 3.700000e-01 -4.497007e-01 6.775910e-01 -3.075000e-01 3.700000e-01 -4.567551e-01 6.748865e-01
-3.075000e-01 3.700000e-01 -4.567551e-01 6.748865e-01 -3.065000e-01 3.700000e-01 -4.635942e-01 6.720855e-01
-3.065000e-01 3.700000e-01 -4.635942e-01 6.720855e-01 -3.055000e-01 3.700000e-01 -4.702156e-01 6.692000e-01
-3.055000e-01 3.700000e-01 -4.702156e-01 6.692000e-01 -3.045000e-01 3.700000e-01 -4.766184e-01 6.662414e-01
-3.045000e-01 3.700000e-01 -4.766184e-01 6.662414e-01 -3.040000e-01 3.705000e-01 -4.812202e-01 6.639994e-01
1.170000e-01 3.695000e-01 -4.189318e-01 4.092382e-01 1.170000e-01 3.705000e-01 -4.190014e-01 4.092453e-01
-7.190000e-01 3.705000e-01 -3.367946e-01 4.062653e-01 -7.190000e-01 3.715000e-01 -3.367133e-01 4.062710e-01
-3.285000e-01 3.710000e-01 -2.785220e-01 6.944603e-01 -3.290000e-01 3.715000e-01 -2.733750e-01 6.935821e-01
-3.285000e-01 3.710000e-01 -2.785220e-01 6.944603e-01 -3.275000e-01 3.710000e-01 -2.874367e-01 6.957489e-01
-3.275000e-01 3.710000e-01 -2.874367e-01 6.957489e-01 -3.265000e-01 3.710000e-01 -2.964608e-01 6.968068e-01
-3.265000e-01 3.710000e-01 -2.964608e-01 6.968068e-01 -3.255000e-01 3.710000e-01 -3.055727e-01 6.976270e-01
-3.250000e-01 3.705000e-01 -3.104494e-01 6.979409e-01 -3.255000e-01 3.710000e-01 -3.055727e-01 6.976270e-01
-3.040000e-01 3.705000e-01 -4.812202e-01 6.639994e-01 -3.035000e-01 3.710000e-01 -4.859013e-01 6.616493e-01
-3.035000e-01 3.710000e-01 -4.859013e-01 6.616493e-01 -3.025000e-01 3.710000e-01 -4.919129e-01 6.584769e-01
-3.025000e-01 3.710000e-01 -4.919129e-01 6.584769e-01 -3.015000e-01 3.710000e-01 -4.976993e-01 6.552664e-01
-3.015000e-01 3.710000e-01 -4.976993e-01 6.552664e-01 -3.010000e-01 3.715000e-01 -5.021007e-01 6.527086e-01
1.170000e-01 3.705000e-01 -4.190014e-01 4.092453e-01 1.170000e-01 3.715000e-01 -4.190690e-01 4.092523e-01
-7.190000e-01 3.715000e-01 -3.367133e-01 4.062710e-01 -7.190000e-01 3.725000e-01 -3.366342e-01 4.062763e-01
-3.305000e-01 3.720000e-01 -2.592335e-01 6.908413e-01 -3.310000e-01 3.725000e-01 -2.538932e-01 6.896049e-01
-3.305000e-01 3.720000e-01 -2.592335e-01 6.908413e-01 -3.295000e-01 3.720000e-01 -2.680805e-01 6.926460e-01
-3.290000e-01 3.715000e-01 -2.733750e-01 6.935821e-01 -3.295000e-01 3.720000e-01 -2.680805e-01 6.926460e-01
-3.010000e-01 3.715000e-01 -5.021007e-01 6.527086e-01 -3.005000e-01 3.720000e-01 -5.065606e-01 6.500383e-01
-3.005000e-01 3.720000e-01 -5.065606e-01 6.500383e-01 -2.995000e-01 3.720000e-01 -5.119205e-01 6.466890e-01
-2.995000e-01 3.720000e-01 -5.119205e-01 6.466890e-01 -2.985000e-01 3.720000e-01 -5.170596e-01 6.433332e-01
-2.985000e-01 3.720000e-01 -5.170596e-01 6.433332e-01 -2.980000e-01 3.725000e-01 -5.211986e-01 6.405190e-01
1.170000e-01 3.715000e-01 -4.190690e-01 4.092523e-01 1.170000e-01 3.725000e-01 -4.191350e-01 4.092590e-01
-7.190000e-01 3.725000e-01 -3.366342e-01 4.062763e-01 -7.190000e-01 3.735000e-01 -3.365573e-01 4.062814e-01
-3.325000e-01 3.730000e-01 -2.397353e-01 6.859764e-01 -3.330000e-01 3.735000e-01 -2.342649e-01 6.843584e-01
-3.325000e-01 3.730000e-01 -2.397353e-01 6.859764e-01 -3.315000e-01 3.730000e-01 -2.484011e-01 6.882902e-01
-3.310000e-01 3.725000e-01 -2.538932e-01 6.896049e-01 -3.315000e-01 3.730000e-01 -2.484011e-01 6.882902e-01
-2.980000e-01 3.725000e-01 -5.211986e-01 6.405190e-01 -2.975000e-01 3.730000e-01 -5.253748e-01 6.375929e-01
-2.975000e-01 3.730000e-01 -5.253748e-01 6.375929e-01 -2.965000e-01 3.730000e-01 -5.300761e-01 6.341700e-01
-2.965000e-01 3.730000e-01 -5.300761e-01 6.341700e-01 -2.960000e-01 3.735000e-01 -5.340240e-01 6.311842e-01
1.165000e-01 3.730000e-01 -4.195301e-01 4.092943e-01 1.160000e-01 3.735000e-01 -4.199253e-01 4.093288e-01
1.170000e-01 3.725000e-01 -4.191350e-01 4.092590e-01 1.165000e-01 3.730000e-01 -4.195301e-01 4.092943e-01
-7.190000e-01 3.735000e-01 -3.365573e-01 4.062814e-01 -7.190000e-01 3.745000e-01 -3.364827e-01 4.062862e-01
-3.345000e-01 3.740000e-01 -2.202746e-01 6.798457e-01 -3.350000e-01 3.745000e-01 -2.147463e-01 6.778349e-01
-3.345000e-01 3.740000e-01 -2.202746e-01 6.798457e-01 -3.335000e-01 3.740000e-01 -2.286443e-01 6.826411e-01
-3.330000e-01 3.735000e-01 -2.342649e-01 6.843584e-01 -3.335000e-01 3.740000e-01 -2.286443e-01 6.826411e-01
-2.960000e-01 3.735000e-01 -5.340240e-01 6.311842e-01 -2.955000e-01 3.740000e-01 -5.379944e-01 6.280883e-01
-2.955000e-01 3.740000e-01 -5.379944e-01 6.280883e-01 -2.945000e-01 3.740000e-01 -5.422561e-01 6.246457e-01
-2.945000e-01 3.740000e-01 -5.422561e-01 6.246457e-01 -2.940000e-01 3.745000e-01 -5.459913e-01 6.215190e-01
1.160000e-01 3.735000e-01 -4.199253e-01 4.093288e-01 1.160000e-01 3.745000e-01 -4.199877e-01 4.093334e-01
-7.190000e-01 3.745000e-01 -3.364827e-01 4.062862e-01 -7.190000e-01 3.755000e-01 -3.364103e-01 4.062908e-01
-3.365000e-01 3.750000e-01 -2.011113e-01 6.724756e-01 -3.370000e-01 3.755000e-01 -1.956023e-01 6.700744e-01
-3.365000e-01 3.750000e-01 -2.011113e-01 6.724756e-01 -3.355000e-01 3.750000e-01 -2.090760e-01 6.757045e-01
-3.350000e-01 3.745000e-01 -2.147463e-01 6.778349e-01 -3.355000e-01 3.750000e-01 -2.090760e-01 6.757045e-01
-2.940000e-01 3.745000e-01 -5.459913e-01 6.215190e-01 -2.935000e-01 3.750000e-01 -5.497349e-01 6.182863e-01
-2.935000e-01 3.750000e-01 -5.497349e-01 6.182863e-01 -2.925000e-01 3.750000e-01 -5.535645e-01 6.148674e-01
-2.925000e-01 3.750000e-01 -5.535645e-01 6.148674e-01 -2.920000e-01 3.755000e-01 -5.570719e-01 6.116311e-01
1.160000e-01 3.745000e-01 -4.199877e-01 4.093334e-01 1.160000e-01 3.755000e-01 -4.200482e-01 4.093378e-01
-7.190000e-01 3.755000e-01 -3.364103e-01 4.062908e-01 -7.190000e-01 3.765000e-01 -3.363401e-01 4.062951e-01
-3.375000e-01 3.760000e-01 -1.899658e-01 6.675361e-01 -3.380000e-01 3.765000e-01 -1.844369e-01 6.648741e-01
-3.370000e-01 3.755000e-01 -1.956023e-01 6.700744e-01 -3.375000e-01 3.760000e-01 -1.899658e-01 6.675361e-01
-2.920000e-01 3.755000e-01 -5.570719e-01 6.116311e-01 -2.915000e-01 3.760000e-01 -5.605746e-01 6.082947e-01
-2.915000e-01 3.760000e-01 -5.605746e-01 6.082947e-01 -2.905000e-01 3.760000e-01 -5.639872e-01 6.049377e-01
-2.905000e-01 3.760000e-01 -5.639872e-01 6.049377e-01 -2.900000e-01 3.765000e-01 -5.672575e-01 6.016224e-01
1.160000e-01 3.755000e-01 -4.200482e-01 4.093378e-01 1.160000e-01 3.765000e-01 -4.201069e-01 4.093421e-01
-7.190000e-01 3.765000e-01 -3.363401e-01 4.062951e-01 -7.190000e-01 3.775000e-01 -3.362722e-01 4.062992e-01
-3.395000e-01 3.770000e-01 -1.715699e-01 6.582401e-01 -3.400000e-01 3.775000e-01 -1.661857e-01 6.552128e-01
-3.395000e-01 3.770000e-01 -1.715699e-01 6.582401e-01 -3.385000e-01 3.770000e-01 -1.787889e-01 6.620628e-01
-3.380000e-01 3.765000e-01 -1.844369e-01 6.648741e-01 -3.385000e-01 3.770000e-01 -1.787889e-01 6.620628e-01
-2.900000e-01 3.765000e-01 -5.672575e-01 6.016224e-01 -2.895000e-01 3.770000e-01 -5.705116e-01 5.982144e-01
-2.895000e-01 3.770000e-01 -5.705116e-01 5.982144e-01 -2.890000e-01 3.775000e-01 -5.736515e-01 5.948264e-01
1.160000e-01 3.765000e-01 -4.201069e-01 4.093421e-01 1.160000e-01 3.775000e-01 -4.201637e-01 4.093462e-01
-7.190000e-01 3.775000e-01 -3.362722e-01 4.062992e-01 -7.190000e-01 3.785000e-01 -3.362065e-01 4.063031e-01
-3.405000e-01 3.780000e-01 -1.607058e-01 6.520254e-01 -3.410000e-01 3.785000e-01 -1.553794e-01 6.487489e-01
-3.400000e-01 3.775000e-01 -1.661857e-01 6.552128e-01 -3.405000e-01 3.780000e-01 -1.607058e-01 6.520254e-01
-2.890000e-01 3.775000e-01 -5.736515e-01 5.948264e-01 -2.885000e-01 3.780000e-01 -5.767678e-01 5.913495e-01
-2.885000e-01 3.780000e-01 -5.767678e-01 5.913495e-01 -2.880000e-01 3.785000e-01 -5.797711e-01 5.878999e-01
1.160000e-01 3.775000e-01 -4.201637e-01 4.093462e-01 1.160000e-01 3.785000e-01 -4.202186e-01 4.093502e-01
-7.190000e-01 3.785000e-01 -3.362065e-01 4.063031e-01 -7.190000e-01 3.795000e-01 -3.361430e-01 4.063068e-01
-3.415000e-01 3.790000e-01 -1.499713e-01 6.453042e-01 -3.420000e-01 3.795000e-01 -1.447329e-01 6.417855e-01
-3.410000e-01 3.785000e-01 -1.553794e-01 6.487489e-01 -3.415000e-01 3.790000e-01 -1.499713e-01 6.453042e-01
-2.880000e-01 3.785000e-01 -5.797711e-01 5.878999e-01 -2.875000e-01 3.790000e-01 -5.827437e-01 5.843660e-01
-2.875000e-01 3.790000e-01 -5.827437e-01 5.843660e-01 -2.870000e-01 3.795000e-01 -5.856055e-01 5.808662e-01
1.160000e-01 3.785000e-01 -4.202186e-01 4.093502e-01 1.160000e-01 3.795000e-01 -4.202717e-01 4.093542e-01
-7.190000e-01 3.795000e-01 -3.361430e-01 4.063068e-01 -7.190000e-01 3.805000e-01 -3.360818e-01 4.063103e-01
-3.425000e-01 3.800000e-01 -1.394288e-01 6.380927e-01 -3.430000e-01 3.805000e-01 -1.343084e-01 6.343427e-01
-3.420000e-01 3.795000e-01 -1.447329e-01 6.417855e-01 -3.425000e-01 3.800000e-01 -1.394288e-01 6.380927e-01
-2.870000e-01 3.795000e-01 -5.856055e-01 5.808662e-01 -2.865000e-01 3.800000e-01 -5.884300e-01 5.772873e-01
-2.865000e-01 3.800000e-01 -5.884300e-01 5.772873e-01 -2.855000e-01 3.800000e-01 -5.907891e-01 5.742141e-01
-2.855000e-01 3.800000e-01 -5.907891e-01 5.742141e-01 -2.850000e-01 3.805000e-01 -5.934020e-01 5.707171e-01
1.160000e-01 3.795000e-01 -4.202717e-01 4.093542e-01 1.160000e-01 3.805000e-01 -4.203228e-01 4.093580e-01
-7.190000e-01 3.805000e-01 -3.360818e-01 4.063103e-01 -7.190000e-01 3.815000e-01 -3.360229e-01 4.063137e-01
-3.435000e-01 3.810000e-01 -1.291399e-01 6.304148e-01 -3.440000e-01 3.815000e-01 -1.241668e-01 6.264480e-01
-3.430000e-01 3.805000e-01 -1.343084e-01 6.343427e-01 -3.435000e-01 3.810000e-01 -1.291399e-01 6.304148e-01
-2.850000e-01 3.805000e-01 -5.934020e-01 5.707171e-01 -2.845000e-01 3.810000e-01 -5.959705e-01 5.671512e-01
-2.845000e-01 3.810000e-01 -5.959705e-01 5.671512e-01 -2.840000e-01 3.815000e-01 -5.984390e-01 5.636321e-01
1.160000e-01 3.805000e-01 -4.203228e-01 4.093580e-01 1.160000e-01 3.815000e-01 -4.203722e-01 4.093618e-01
-7.190000e-01 3.815000e-01 -3.360229e-01 4.063137e-01 -7.190000e-01 3.825000e-01 -3.359661e-01 4.063170e-01
-3.445000e-01 3.820000e-01 -1.191643e-01 6.223023e-01 -3.450000e-01 3.825000e-01 -1.143657e-01 6.181368e-01
-3.440000e-01 3.815000e-01 -1.241668e-01 6.264480e-01 -3.445000e-01 3.820000e-01 -1.191643e-01 6.223023e-01
-2.840000e-01 3.815000e-01 -5.984390e-01 5.636321e-01 -2.835000e-01 3.820000e-01 -6.008583e-01 5.600500e-01
-2.835000e-01 3.820000e-01 -6.008583e-01 5.600500e-01 -2.830000e-01 3.825000e-01 -6.031815e-01 5.565193e-01
1.160000e-01 3.815000e-01 -4.203722e-01 4.093618e-01 1.160000e-01 3.825000e-01 -4.204196e-01 4.093655e-01
-7.190000e-01 3.825000e-01 -3.359661e-01 4.063170e-01 -7.190000e-01 3.835000e-01 -3.359117e-01 4.063201e-01
-3.455000e-01 3.830000e-01 -1.095571e-01 6.137940e-01 -3.460000e-01 3.835000e-01 -1.049581e-01 6.094509e-01
-3.450000e-01 3.825000e-01 -1.143657e-01 6.181368e-01 -3.455000e-01 3.830000e-01 -1.095571e-01 6.137940e-01
-2.830000e-01 3.825000e-01 -6.031815e-01 5.565193e-01 -2.830000e-01 3.835000e-01 -6.059623e-01 5.521242e-01
1.160000e-01 3.825000e-01 -4.204196e-01 4.093655e-01 1.160000e-01 3.835000e-01 -4.204652e-01 4.093692e-01
-7.190000e-01 3.835000e-01 -3.359117e-01 4.063201e-01 -7.190000e-01 3.845000e-01 -3.358595e-01 4.063231e-01
-3.465000e-01 3.840000e-01 -1.003687e-01 6.049348e-01 -3.470000e-01 3.845000e-01 -9.599113e-02 6.004380e-01
-3.460000e-01 3.835000e-01 -1.049581e-01 6.094509e-01 -3.465000e-01 3.840000e-01 -1.003687e-01 6.049348e-01
-2.830000e-01 3.835000e-01 -6.059623e-01 5.521242e-01 -2.825000e-01 3.840000e-01 -6.081742e-01 5.484820e-01
-2.825000e-01 3.840000e-01 -6.081742e-01 5.484820e-01 -2.820000e-01 3.845000e-01 -6.102951e-01 5.448993e-01
1.155000e-01 3.840000e-01 -4.208513e-01 4.093928e-01 1.150000e-01 3.845000e-01 -4.212375e-01 4.094156e-01
1.160000e-01 3.835000e-01 -4.204652e-01 4.093692e-01 1.155000e-01 3.840000e-01 -4.208513e-01 4.093928e-01
-7.190000e-01 3.845000e-01 -3.358595e-01 4.063231e-01 -7.190000e-01 3.855000e-01 -3.358095e-01 4.063261e-01
-3.470000e-01 3.845000e-01 -9.599113e-02 6.004380e-01 -3.470000e-01 3.855000e-01 -9.149161e-02 5.956112e-01
-2.820000e-01 3.845000e-01 -6.102951e-01 5.448993e-01 -2.815000e-01 3.850000e-01 -6.123547e-01 5.412687e-01
-2.815000e-01 3.850000e-01 -6.123547e-01 5.412687e-01 -2.810000e-01 3.855000e-01 -6.143284e-01 5.377007e-01
1.150000e-01 3.845000e-01 -4.212375e-01 4.094156e-01 1.150000e-01 3.855000e-01 -4.212794e-01 4.094174e-01
-7.190000e-01 3.855000e-01 -3.358095e-01 4.063261e-01 -7.190000e-01 3.865000e-01 -3.357618e-01 4.063290e-01
-3.475000e-01 3.860000e-01 -8.718294e-02 5.907803e-01 -3.480000e-01 3.865000e-01 -8.309231e-02 5.859988e-01
-3.470000e-01 3.855000e-01 -9.149161e-02 5.956112e-01 -3.475000e-01 3.860000e-01 -8.718294e-02 5.907803e-01
-2.810000e-01 3.855000e-01 -6.143284e-01 5.377007e-01 -2.805000e-01 3.860000e-01 -6.162382e-01 5.340915e-01
-2.805000e-01 3.860000e-01 -6.162382e-01 5.340915e-01 -2.800000e-01 3.865000e-01 -6.180674e-01 5.305474e-01
1.150000e-01 3.855000e-01 -4.212794e-01 4.094174e-01 1.150000e-01 3.865000e-01 -4.213196e-01 4.094191e-01
-7.190000e-01 3.865000e-01 -3.357618e-01 4.063290e-01 -7.190000e-01 3.875000e-01 -3.357164e-01 4.063318e-01
-3.485000e-01 3.870000e-01 -7.906048e-02 5.810605e-01 -3.490000e-01 3.875000e-01 -7.524111e-02 5.761896e-01
-3.480000e-01 3.865000e-01 -8.309231e-02 5.859988e-01 -3.485000e-01 3.870000e-01 -7.906048e-02 5.810605e-01
-2.800000e-01 3.865000e-01 -6.180674e-01 5.305474e-01 -2.800000e-01 3.875000e-01 -6.204292e-01 5.257510e-01
1.150000e-01 3.865000e-01 -4.213196e-01 4.094191e-01 1.150000e-01 3.875000e-01 -4.213578e-01 4.094209e-01
-7.190000e-01 3.875000e-01 -3.357164e-01 4.063318e-01 -7.190000e-01 3.885000e-01 -3.356732e-01 4.063347e-01
-3.490000e-01 3.875000e-01 -7.524111e-02 5.761896e-01 -3.490000e-01 3.885000e-01 -7.095423e-02 5.704465e-01
-2.800000e-01 3.875000e-01 -6.204292e-01 5.257510e-01 -2.795000e-01 3.880000e-01 -6.221231e-01 5.221413e-01
-2.795000e-01 3.880000e-01 -6.221231e-01 5.221413e-01 -2.790000e-01 3.885000e-01 -6.237434e-01 5.186014e-01
1.150000e-01 3.875000e-01 -4.213578e-01 4.094209e-01 1.150000e-01 3.885000e-01 -4.213941e-01 4.094226e-01
-7.190000e-01 3.885000e-01 -3.356732e-01 4.063347e-01 -7.185000e-01 3.890000e-01 -3.351357e-01 4.063565e-01
-7.185000e-01 3.890000e-01 -3.351357e-01 4.063565e-01 -7.180000e-01 3.895000e-01 -3.345982e-01 4.063774e-01
-3.495000e-01 3.890000e-01 -6.729904e-02 5.652917e-01 -3.500000e-01 3.895000e-01 -6.385047e-02 5.602327e-01
-3.490000e-01 3.885000e-01 -7.095423e-02 5.704465e-01 -3.495000e-01 3.890000e-01 -6.729904e-02 5.652917e-01
-2.790000e-01 3.885000e-01 -6.237434e-01 5.186014e-01 -2.785000e-01 3.890000e-01 -6.252935e-01 5.150371e-01
-2.785000e-01 3.890000e-01 -6.252935e-01 5.150371e-01 -2.780000e-01 3.895000e-01 -6.267756e-01 5.115436e-01
1.150000e-01 3.885000e-01 -4.213941e-01 4.094226e-01 1.150000e-01 3.895000e-01 -4.214285e-01 4.094244e-01
-7.180000e-01 3.895000e-01 -3.345982e-01 4.063774e-01 -7.180000e-01 3.905000e-01 -3.345594e-01 4.063779e-01
-3.500000e-01 3.895000e-01 -6.385047e-02 5.602327e-01 -3.500000e-01 3.905000e-01 -5.978504e-02 5.539308e-01
-2.780000e-01 3.895000e-01 -6.267756e-01 5.115436e-01 -2.780000e-01 3.905000e-01 -6.287895e-01 5.065338e-01
1.150000e-01 3.895000e-01 -4.214285e-01 4.094244e-01 1.150000e-01 3.905000e-01 -4.214611e-01 4.094263e-01
-7.180000e-01 3.905000e-01 -3.345594e-01 4.063779e-01 -7.180000e-01 3.915000e-01 -3.345228e-01 4.063785e-01
-3.505000e-01 3.910000e-01 -5.655451e-02 5.486306e-01 -3.510000e-01 3.915000e-01 -5.351772e-02 5.434514e-01
-3.500000e-01 3.905000e-01 -5.978504e-02 5.539308e-01 -3.505000e-01 3.910000e-01 -5.655451e-02 5.486306e-01
-2.780000e-01 3.905000e-01 -6.287895e-01 5.065338e-01 -2.775000e-01 3.910000e-01 -6.301276e-01 5.030085e-01
-2.775000e-01 3.910000e-01 -6.301276e-01 5.030085e-01 -2.770000e-01 3.915000e-01 -6.314056e-01 4.995563e-01
1.150000e-01 3.905000e-01 -4.214611e-01 4.094263e-01 1.150000e-01 3.915000e-01 -4.214917e-01 4.094282e-01
-7.180000e-01 3.915000e-01 -3.345228e-01 4.063785e-01 -7.180000e-01 3.925000e-01 -3.344886e-01 4.063791e-01
-3.510000e-01 3.915000e-01 -5.351772e-02 5.434514e-01 -3.510000e-01 3.925000e-01 -4.976581e-02 5.366465e-01
-2.770000e-01 3.915000e-01 -6.314056e-01 4.995563e-01 -2.770000e-01 3.925000e-01 -6.331937e-01 4.944237e-01
1.145000e-01 3.920000e-01 -4.218709e-01 4.094436e-01 1.140000e-01 3.925000e-01 -4.222500e-01 4.094580e-01
1.150000e-01 3.915000e-01 -4.214917e-01 4.094282e-01 1.145000e-01 3.920000e-01 -4.218709e-01 4.094436e-01
-7.180000e-01 3.925000e-01 -3.344886e-01 4.063791e-01 -7.180000e-01 3.935000e-01 -3.344565e-01 4.063798e-01
-3.515000e-01 3.930000e-01 -4.699257e-02 5.312803e-01 -3.520000e-01 3.935000e-01 -4.439402e-02 5.260552e-01
-3.510000e-01 3.925000e-01 -4.976581e-02 5.366465e-01 -3.515000e-01 3.930000e-01 -4.699257e-02 5.312803e-01
-2.770000e-01 3.925000e-01 -6.331937e-01 4.944237e-01 -2.765000e-01 3.930000e-01 -6.343245e-01 4.909604e-01
-2.765000e-01 3.930000e-01 -6.343245e-01 4.909604e-01 -2.760000e-01 3.935000e-01 -6.354033e-01 4.875710e-01
1.140000e-01 3.925000e-01 -4.222500e-01 4.094580e-01 1.140000e-01 3.935000e-01 -4.222769e-01 4.094582e-01
-7.180000e-01 3.935000e-01 -3.344565e-01 4.063798e-01 -7.180000e-01 3.945000e-01 -3.344268e-01 4.063806e-01
-3.520000e-01 3.935000e-01 -4.439402e-02 5.260552e-01 -3.520000e-01 3.945000e-01 -4.103697e-02 5.188236e-01
-2.760000e-01 3.935000e-01 -6.354033e-01 4.875710e-01 -2.760000e-01 3.945000e-01 -6.369552e-01 4.823483e-01
1.140000e-01 3.935000e-01 -4.222769e-01 4.094582e-01 1.140000e-01 3.945000e-01 -4.223020e-01 4.094585e-01
-7.180000e-01 3.945000e-01 -3.344268e-01 4.063806e-01 -7.180000e-01 3.955000e-01 -3.343993e-01 4.063815e-01
-3.520000e-01 3.945000e-01 -4.103697e-02 5.188236e-01 -3.520000e-01 3.955000e-01 -3.782207e-02 5.113369e-01
-2.760000e-01 3.945000e-01 -6.369552e-01 4.823483e-01 -2.760000e-01 3.955000e-01 -6.384130e-01 4.770448e-01
1.140000e-01 3.945000e-01 -4.223020e-01 4.094585e-01 1.140000e-01 3.955000e-01 -4.223252e-01 4.094589e-01
-7.180000e-01 3.955000e-01 -3.343993e-01 4.063815e-01 -7.180000e-01 3.965000e-01 -3.343742e-01 4.063825e-01
-3.525000e-01 3.960000e-01 -3.568331e-02 5.059439e-01 -3.530000e-01 3.965000e-01 -3.368868e-02 5.007136e-01
-3.520000e-01 3.955000e-01 -3.782207e-02 5.113369e-01 -3.525000e-01 3.960000e-01 -3.568331e-02 5.059439e-01
-2.760000e-01 3.955000e-01 -6.384130e-01 4.770448e-01 -2.755000e-01 3.960000e-01 -6.392690e-01 4.736758e-01
-2.755000e-01 3.960000e-01 -6.392690e-01 4.736758e-01 -2.750000e-01 3.965000e-01 -6.400837e-01 4.703808e-01
1.140000e-01 3.955000e-01 -4.223252e-01 4.094589e-01 1.140000e-01 3.965000e-01 -4.223464e-01 4.094594e-01
-7.180000e-01 3.965000e-01 -3.343742e-01 4.063825e-01 -7.180000e-01 3.975000e-01 -3.343512e-01 4.063836e-01
-3.530000e-01 3.965000e-01 -3.368868e-02 5.007136e-01 -3.530000e-01 3.975000e-01 -3.096791e-02 4.929269e-01
-2.750000e-01 3.965000e-01 -6.400837e-01 4.703808e-01 -2.750000e-01 3.975000e-01 -6.412942e-01 4.650332e-01
1.140000e-01 3.965000e-01 -4.223464e-01 4.094594e-01 1.140000e-01 3.975000e-01 -4.223658e-01 4.094601e-01
-7.180000e-01 3.975000e-01 -3.343512e-01 4.063836e-01 -7.180000e-01 3.985000e-01 -3.343306e-01 4.063848e-01
-3.530000e-01 3.975000e-01 -3.096791e-02 4.929269e-01 -3.530000e-01 3.985000e-01 -2.844109e-02 4.849304e-01
-2.750000e-01 3.975000e-01 -6.412942e-01 4.650332e-01 -2.750000e-01 3.985000e-01 -6.424013e-01 4.596236e-01
1.140000e-01 3.975000e-01 -4.223658e-01 4.094601e-01 1.140000e-01 3.985000e-01 -4.223833e-01 4.094610e-01
-7.180000e-01 3.985000e-01 -3.343306e-01 4.063848e-01 -7.175000e-01 3.990000e-01 -3.338038e-01 4.063947e-01
-7.175000e-01 3.990000e-01 -3.338038e-01 4.063947e-01 -7.170000e-01 3.995000e-01 -3.332771e-01 4.064035e-01
-3.530000e-01 3.985000e-01 -2.844109e-02 4.849304e-01 -3.530000e-01 3.995000e-01 -2.612536e-02 4.767376e-01
-2.750000e-01 3.985000e-01 -6.424013e-01 4.596236e-01 -2.745000e-01 3.990000e-01 -6.429968e-01 4.563905e-01
-2.745000e-01 3.990000e-01 -6.429968e-01 4.563905e-01 -2.740000e-01 3.995000e-01 -6.435615e-01 4.532291e-01
1.140000e-01 3.985000e-01 -4.223833e-01 4.094610e-01 1.140000e-01 3.995000e-01 -4.223988e-01 4.094620e-01
-7.170000e-01 3.995000e-01 -3.332771e-01 4.064035e-01 -7.170000e-01 4.005000e-01 -3.332609e-01 4.064029e-01
-3.535000e-01 4.000000e-01 -2.481138e-02 4.715078e-01 -3.540000e-01 4.005000e-01 -2.359459e-02 4.664511e-01
-3.530000e-01 3.995000e-01 -2.612536e-02 4.767376e-01 -3.535000e-01 4.000000e-01 -2.481138e-02 4.715078e-01
-2.740000e-01 3.995000e-01 -6.435615e-01 4.532291e-01 -2.740000e-01 4.005000e-01 -6.444189e-01 4.478214e-01
1.135000e-01 4.000000e-01 -4.227707e-01 4.094694e-01 1.130000e-01 4.005000e-01 -4.231425e-01 4.094759e-01
1.140000e-01 3.995000e-01 -4.223988e-01 4.094620e-01 1.135000e-01 4.000000e-01 -4.227707e-01 4.094694e-01
-7.170000e-01 4.005000e-01 -3.332609e-01 4.064029e-01 -7.170000e-01 4.015000e-01 -3.332471e-01 4.064024e-01
-3.540000e-01 4.005000e-01 -2.359459e-02 4.664511e-01 -3.540000e-01 4.015000e-01 -2.185383e-02 4.581589e-01
-2.740000e-01 4.005000e-01 -6.444189e-01 4.478214e-01 -2.740000e-01 4.015000e-01 -6.451675e-01 4.423714e-01
1.130000e-01 4.005000e-01 -4.231425e-01 4.094759e-01 1.130000e-01 4.015000e-01 -4.231542e-01 4.094754e-01
-7.170000e-01 4.015000e-01 -3.332471e-01 4.064024e-01 -7.170000e-01 4.025000e-01 -3.332356e-01 4.064022e-01
-3.540000e-01 4.015000e-01 -2.185383e-02 4.581589e-01 -3.540000e-01 4.025000e-01 -2.035689e-02 4.497367e-01
-2.740000e-01 4.015000e-01 -6.451675e-01 4.423714e-01 -2.740000e-01 4.025000e-01 -6.458048e-01 4.368850e-01
1.130000e-01 4.015000e-01 -4.231542e-01 4.094754e-01 1.130000e-01 4.025000e-01 -4.231640e-01 4.094751e-01
-7.170000e-01 4.025000e-01 -3.332356e-01 4.064022e-01 -7.170000e-01 4.035000e-01 -3.332263e-01 4.064022e-01
-3.540000e-01 4.025000e-01 -2.035689e-02 4.497367e-01 -3.540000e-01 4.035000e-01 -1.911476e-02 4.412046e-01
-2.740000e-01 4.025000e-01 -6.458048e-01 4.368850e-01 -2.740000e-01 4.035000e-01 -6.463289e-01 4.313683e-01
1.130000e-01 4.025000e-01 -4.231640e-01 4.094751e-01 1.130000e-01 4.035000e-01 -4.231720e-01 4.094751e-01
-7.170000e-01 4.035000e-01 -3.332263e-01 4.064022e-01 -7.170000e-01 4.045000e-01 -3.332193e-01 4.064025e-01
-3.540000e-01 4.035000e-01 -1.911476e-02 4.412046e-01 -3.540000e-01 4.045000e-01 -1.813671e-02 4.325843e-01
-2.740000e-01 4.035000e-01 -6.463289e-01 4.313683e-01 -2.740000e-01 4.045000e-01 -6.467381e-01 4.258277e-01
1.130000e-01 4.035000e-01 -4.231720e-01 4.094751e-01 1.130000e-01 4.045000e-01 -4.231781e-01 4.094752e-01
-7.170000e-01 4.045000e-01 -3.332193e-01 4.064025e-01 -7.170000e-01 4.055000e-01 -3.332146e-01 4.064031e-01
-3.540000e-01 4.045000e-01 -1.813671e-02 4.325843e-01 -3.540000e-01 4.055000e-01 -1.743012e-02 4.238988e-01
-2.740000e-01 4.045000e-01 -6.467381e-01 4.258277e-01 -2.740000e-01 4.055000e-01 -6.470312e-01 4.202695e-01
1.130000e-01 4.045000e-01 -4.231781e-01 4.094752e-01 1.130000e-01 4.055000e-01 -4.231823e-01 4.094757e-01
-7.170000e-01 4.055000e-01 -3.332146e-01 4.064031e-01 -7.170000e-01 4.065000e-01 -3.332122e-01 4.064039e-01
-3.540000e-01 4.055000e-01 -1.743012e-02 4.238988e-01 -3.540000e-01 4.065000e-01 -1.700029e-02 4.151718e-01
-2.740000e-01 4.055000e-01 -6.470312e-01 4.202695e-01 -2.740000e-01 4.065000e-01 -6.472071e-01 4.147003e-01
1.130000e-01 4.055000e-01 -4.231823e-01 4.094757e-01 1.130000e-01 4.065000e-01 -4.231844e-01 4.094764e-01
-7.170000e-01 4.065000e-01 -3.332122e-01 4.064039e-01 -7.165000e-01 4.070000e-01 -3.326944e-01 4.064046e-01
-7.165000e-01 4.070000e-01 -3.326944e-01 4.064046e-01 -7.160000e-01 4.075000e-01 -3.321768e-01 4.064040e-01
-3.540000e-01 4.065000e-01 -1.700029e-02 4.151718e-01 -3.540000e-01 4.075000e-01 -1.685032e-02 4.064278e-01
-2.740000e-01 4.065000e-01 -6.472071e-01 4.147003e-01 -2.740000e-01 4.075000e-01 -6.472654e-01 4.091266e-01
1.125000e-01 4.070000e-01 -4.235496e-01 4.094770e-01 1.120000e-01 4.075000e-01 -4.239147e-01 4.094767e-01
1.130000e-01 4.065000e-01 -4.231844e-01 4.094764e-01 1.125000e-01 4.070000e-01 -4.235496e-01 4.094770e-01
-7.160000e-01 4.075000e-01 -3.321768e-01 4.064040e-01 -7.160000e-01 4.085000e-01 -3.321790e-01 4.064033e-01
-3.540000e-01 4.075000e-01 -1.685032e-02 4.064278e-01 -3.540000e-01 4.085000e-01 -1.698106e-02 3.976915e-01
-2.740000e-01 4.075000e-01 -6.472654e-01 4.091266e-01 -2.740000e-01 4.085000e-01 -6.472058e-01 4.035550e-01
1.120000e-01 4.075000e-01 -4.239147e-01 4.094767e-01 1.120000e-01 4.085000e-01 -4.239131e-01 4.094761e-01
-7.160000e-01 4.085000e-01 -3.321790e-01 4.064033e-01 -7.160000e-01 4.095000e-01 -3.321835e-01 4.064028e-01
-3.540000e-01 4.085000e-01 -1.698106e-02 3.976915e-01 -3.540000e-01 4.095000e-01 -1.739099e-02 3.889875e-01
-2.740000e-01 4.085000e-01 -6.472058e-01 4.035550e-01 -2.740000e-01 4.095000e-01 -6.470285e-01 3.979922e-01
1.120000e-01 4.085000e-01 -4.239131e-01 4.094761e-01 1.120000e-01 4.095000e-01 -4.239096e-01 4.094758e-01
-7.160000e-01 4.095000e-01 -3.321835e-01 4.064028e-01 -7.160000e-01 4.105000e-01 -3.321902e-01 4.064028e-01
-3.540000e-01 4.095000e-01 -1.739099e-02 3.889875e-01 -3.540000e-01 4.105000e-01 -1.807645e-02 3.803399e-01
-2.740000e-01 4.095000e-01 -6.470285e-01 3.979922e-01 -2.740000e-01 4.105000e-01 -6.467342e-01 3.924448e-01
1.120000e-01 4.095000e-01 -4.239096e-01 4.094758e-01 1.120000e-01 4.105000e-01 -4.239042e-01 4.094758e-01
-7.160000e-01 4.105000e-01 -3.321902e-01 4.064028e-01 -7.160000e-01 4.115000e-01 -3.321993e-01 4.064031e-01
-3.540000e-01 4.105000e-01 -1.807645e-02 3.803399e-01 -3.540000e-01 4.115000e-01 -1.903152e-02 3.717722e-01
-2.740000e-01 4.105000e-01 -6.467342e-01 3.924448e-01 -2.740000e-01 4.115000e-01 -6.463239e-01 3.869190e-01
1.120000e-01 4.105000e-01 -4.239042e-01 4.094758e-01 1.120000e-01 4.115000e-01 -4.238968e-01 4.094762e-01
-7.160000e-01 4.115000e-01 -3.321993e-01 4.064031e-01 -7.160000e-01 4.125000e-01 -3.322107e-01 4.064038e-01
-3.540000e-01 4.115000e-01 -1.903152e-02 3.717722e-01 -3.540000e-01 4.125000e-01 -2.024832e-02 3.633066e-01
-2.740000e-01 4.115000e-01 -6.463239e-01 3.869190e-01 -2.740000e-01 4.125000e-01 -6.457989e-01 3.814214e-01
1.120000e-01 4.115000e-01 -4.238968e-01 4.094762e-01 1.120000e-01 4.125000e-01 -4.238875e-01 4.094769e-01
-7.160000e-01 4.125000e-01 -3.322107e-01 4.064038e-01 -7.155000e-01 4.130000e-01 -3.317000e-01 4.063976e-01
-7.155000e-01 4.130000e-01 -3.317000e-01 4.063976e-01 -7.150000e-01 4.135000e-01 -3.311895e-01 4.063901e-01
-3.540000e-01 4.125000e-01 -2.024832e-02 3.633066e-01 -3.540000e-01 4.135000e-01 -2.171710e-02 3.549644e-01
-2.740000e-01 4.125000e-01 -6.457989e-01 3.814214e-01 -2.740000e-01 4.135000e-01 -6.451608e-01 3.759582e-01
1.115000e-01 4.130000e-01 -4.242468e-01 4.094718e-01 1.110000e-01 4.135000e-01 -4.246058e-01 4.094658e-01
1.120000e-01 4.125000e-01 -4.238875e-01 4.094769e-01 1.115000e-01 4.130000e-01 -4.242468e-01 4.094718e-01
-7.150000e-01 4.135000e-01 -3.311895e-01 4.063901e-01 -7.150000e-01 4.145000e-01 -3.312055e-01 4.063894e-01
-3.540000e-01 4.135000e-01 -2.171710e-02 3.549644e-01 -3.540000e-01 4.145000e-01 -2.342647e-02 3.467648e-01
-2.740000e-01 4.135000e-01 -6.451608e-01 3.759582e-01 -2.740000e-01 4.145000e-01 -6.444118e-01 3.705352e-01
1.110000e-01 4.135000e-01 -4.246058e-01 4.094658e-01 1.110000e-01 4.145000e-01 -4.245927e-01 4.094653e-01
-7.150000e-01 4.145000e-01 -3.312055e-01 4.063894e-01 -7.150000e-01 4.155000e-01 -3.312238e-01 4.063892e-01
-3.540000e-01 4.145000e-01 -2.342647e-02 3.467648e-01 -3.535000e-01 4.150000e-01 -2.462026e-02 3.417776e-01
-3.535000e-01 4.150000e-01 -2.462026e-02 3.417776e-01 -3.530000e-01 4.155000e-01 -2.590959e-02 3.366204e-01
-2.745000e-01 4.150000e-01 -6.439174e-01 3.674182e-01 -2.750000e-01 4.155000e-01 -6.433950e-01 3.642301e-01
-2.740000e-01 4.145000e-01 -6.444118e-01 3.705352e-01 -2.745000e-01 4.150000e-01 -6.439174e-01 3.674182e-01
1.110000e-01 4.145000e-01 -4.245927e-01 4.094653e-01 1.110000e-01 4.155000e-01 -4.245777e-01 4.094653e-01
-7.150000e-01 4.155000e-01 -3.312238e-01 4.063892e-01 -7.150000e-01 4.165000e-01 -3.312444e-01 4.063894e-01
-3.530000e-01 4.155000e-01 -2.590959e-02 3.366204e-01 -3.530000e-01 4.165000e-01 -2.818419e-02 3.285465e-01
-2.750000e-01 4.155000e-01 -6.433950e-01 3.642301e-01 -2.750000e-01 4.165000e-01 -6.423948e-01 3.587987e-01
1.110000e-01 4.155000e-01 -4.245777e-01 4.094653e-01 1.110000e-01 4.165000e-01 -4.245607e-01 4.094656e-01
-7.150000e-01 4.165000e-01 -3.312444e-01 4.063894e-01 -7.150000e-01 4.175000e-01 -3.312673e-01 4.063902e-01
-3.530000e-01 4.165000e-01 -2.818419e-02 3.285465e-01 -3.530000e-01 4.175000e-01 -3.066571e-02 3.206788e-01
-2.750000e-01 4.165000e-01 -6.423948e-01 3.587987e-01 -2.750000e-01 4.175000e-01 -6.412881e-01 3.534275e-01
1.110000e-01 4.165000e-01 -4.245607e-01 4.094656e-01 1.110000e-01 4.175000e-01 -4.245418e-01 4.094664e-01
-7.150000e-01 4.175000e-01 -3.312673e-01 4.063902e-01 -7.150000e-01 4.185000e-01 -3.312925e-01 4.063914e-01
-3.530000e-01 4.175000e-01 -3.066571e-02 3.206788e-01 -3.530000e-01 4.185000e-01 -3.333704e-02 3.130295e-01
-2.750000e-01 4.175000e-01 -6.412881e-01 3.534275e-01 -2.750000e-01 4.185000e-01 -6.400783e-01 3.481218e-01
1.110000e-01 4.175000e-01 -4.245418e-01 4.094664e-01 1.110000e-01 4.185000e-01 -4.245209e-01 4.094676e-01
-7.150000e-01 4.185000e-01 -3.312925e-01 4.063914e-01 -7.145000e-01 4.190000e-01 -3.307891e-01 4.063786e-01
-7.145000e-01 4.190000e-01 -3.307891e-01 4.063786e-01 -7.140000e-01 4.195000e-01 -3.302860e-01 4.063645e-01
-3.530000e-01 4.185000e-01 -3.333704e-02 3.130295e-01 -3.525000e-01 4.190000e-01 -3.529338e-02 3.078985e-01
-3.525000e-01 4.190000e-01 -3.529338e-02 3.078985e-01 -3.520000e-01 4.195000e-01 -3.739128e-02 3.026084e-01
-2.755000e-01 4.190000e-01 -6.392646e-01 3.448498e-01 -2.760000e-01 4.195000e-01 -6.384097e-01 3.415039e-01
-2.750000e-01 4.185000e-01 -6.400783e-01 3.481218e-01 -2.755000e-01 4.190000e-01 -6.392646e-01 3.448498e-01
1.105000e-01 4.190000e-01 -4.248740e-01 4.094571e-01 1.100000e-01 4.195000e-01 -4.252269e-01 4.094455e-01
1.110000e-01 4.185000e-01 -4.245209e-01 4.094676e-01 1.105000e-01 4.190000e-01 -4.248740e-01 4.094571e-01
-7.140000e-01 4.195000e-01 -3.302860e-01 4.063645e-01 -7.140000e-01 4.205000e-01 -3.303159e-01 4.063646e-01
-3.520000e-01 4.195000e-01 -3.739128e-02 3.026084e-01 -3.520000e-01 4.205000e-01 -4.054532e-02 2.952773e-01
-2.760000e-01 4.195000e-01 -6.384097e-01 3.415039e-01 -2.760000e-01 4.205000e-01 -6.369532e-01 3.362488e-01
1.100000e-01 4.195000e-01 -4.252269e-01 4.094455e-01 1.100000e-01 4.205000e-01 -4.252023e-01 4.094457e-01
-7.140000e-01 4.205000e-01 -3.303159e-01 4.063646e-01 -7.140000e-01 4.215000e-01 -3.303481e-01 4.063652e-01
-3.520000e-01 4.205000e-01 -4.054532e-02 2.952773e-01 -3.515000e-01 4.210000e-01 -4.295161e-02 2.900970e-01
-3.515000e-01 4.210000e-01 -4.295161e-02 2.900970e-01 -3.510000e-01 4.215000e-01 -4.552482e-02 2.847689e-01
-2.765000e-01 4.210000e-01 -6.359489e-01 3.328882e-01 -2.770000e-01 4.215000e-01 -6.348953e-01 3.294524e-01
-2.760000e-01 4.205000e-01 -6.369532e-01 3.362488e-01 -2.765000e-01 4.210000e-01 -6.359489e-01 3.328882e-01
1.100000e-01 4.205000e-01 -4.252023e-01 4.094457e-01 1.100000e-01 4.215000e-01 -4.251756e-01 4.094464e-01
-7.140000e-01 4.215000e-01 -3.303481e-01 4.063652e-01 -7.140000e-01 4.225000e-01 -3.303826e-01 4.063664e-01
-3.510000e-01 4.215000e-01 -4.552482e-02 2.847689e-01 -3.510000e-01 4.225000e-01 -4.910259e-02 2.778522e-01
-2.770000e-01 4.215000e-01 -6.348953e-01 3.294524e-01 -2.770000e-01 4.225000e-01 -6.331958e-01 3.242803e-01
1.100000e-01 4.215000e-01 -4.251756e-01 4.094464e-01 1.100000e-01 4.225000e-01 -4.251470e-01 4.094476e-01
-7.140000e-01 4.225000e-01 -3.303826e-01 4.063664e-01 -7.140000e-01 4.235000e-01 -3.304194e-01 4.063683e-01
-3.510000e-01 4.225000e-01 -4.910259e-02 2.778522e-01 -3.505000e-01 4.230000e-01 -5.195482e-02 2.726982e-01
-3.505000e-01 4.230000e-01 -5.195482e-02 2.726982e-01 -3.500000e-01 4.235000e-01 -5.499554e-02 2.674146e-01
-2.775000e-01 4.230000e-01 -6.319919e-01 3.208496e-01 -2.780000e-01 4.235000e-01 -6.307303e-01 3.173439e-01
-2.770000e-01 4.225000e-01 -6.331958e-01 3.242803e-01 -2.775000e-01 4.230000e-01 -6.319919e-01 3.208496e-01
1.100000e-01 4.225000e-01 -4.251470e-01 4.094476e-01 1.100000e-01 4.235000e-01 -4.251165e-01 4.094493e-01
-7.140000e-01 4.235000e-01 -3.304194e-01 4.063683e-01 -7.135000e-01 4.240000e-01 -3.299224e-01 4.063499e-01
-7.135000e-01 4.240000e-01 -3.299224e-01 4.063499e-01 -7.130000e-01 4.245000e-01 -3.294255e-01 4.063304e-01
-3.500000e-01 4.235000e-01 -5.499554e-02 2.674146e-01 -3.500000e-01 4.245000e-01 -5.891988e-02 2.609937e-01
-2.780000e-01 4.235000e-01 -6.307303e-01 3.173439e-01 -2.780000e-01 4.245000e-01 -6.287960e-01 3.122875e-01
1.100000e-01 4.235000e-01 -4.251165e-01 4.094493e-01 1.100000e-01 4.245000e-01 -4.250841e-01 4.094515e-01
-7.130000e-01 4.245000e-01 -3.294255e-01 4.063304e-01 -7.130000e-01 4.255000e-01 -3.294671e-01 4.063312e-01
-3.500000e-01 4.245000e-01 -5.891988e-02 2.609937e-01 -3.495000e-01 4.250000e-01 -6.219760e-02 2.559413e-01
-3.495000e-01 4.250000e-01 -6.219760e-02 2.559413e-01 -3.490000e-01 4.255000e-01 -6.567969e-02 2.507829e-01
-2.785000e-01 4.250000e-01 -6.273860e-01 3.088074e-01 -2.790000e-01 4.255000e-01 -6.259099e-01 3.052540e-01
-2.780000e-01 4.245000e-01 -6.287960e-01 3.122875e-01 -2.785000e-01 4.250000e-01 -6.273860e-01 3.088074e-01
1.095000e-01 4.250000e-01 -4.254309e-01 4.094357e-01 1.090000e-01 4.255000e-01 -4.257775e-01 4.094189e-01
1.100000e-01 4.245000e-01 -4.250841e-01 4.094515e-01 1.095000e-01 4.250000e-01 -4.254309e-01 4.094357e-01
-7.130000e-01 4.255000e-01 -3.294671e-01 4.063312e-01 -7.130000e-01 4.265000e-01 -3.295110e-01 4.063327e-01
-3.490000e-01 4.255000e-01 -6.567969e-02 2.507829e-01 -3.490000e-01 4.265000e-01 -6.986066e-02 2.449193e-01
-2.795000e-01 4.260000e-01 -6.243607e-01 3.017219e-01 -2.800000e-01 4.265000e-01 -6.227395e-01 2.981169e-01
-2.790000e-01 4.255000e-01 -6.259099e-01 3.052540e-01 -2.795000e-01 4.260000e-01 -6.243607e-01 3.017219e-01
1.090000e-01 4.255000e-01 -4.257775e-01 4.094189e-01 1.090000e-01 4.265000e-01 -4.257411e-01 4.094203e-01
-7.130000e-01 4.265000e-01 -3.295110e-01 4.063327e-01 -7.130000e-01 4.275000e-01 -3.295571e-01 4.063348e-01
-3.490000e-01 4.265000e-01 -6.986066e-02 2.449193e-01 -3.485000e-01 4.270000e-01 -7.352804e-02 2.400386e-01
-3.485000e-01 4.270000e-01 -7.352804e-02 2.400386e-01 -3.480000e-01 4.275000e-01 -7.740880e-02 2.350795e-01
-2.800000e-01 4.265000e-01 -6.227395e-01 2.981169e-01 -2.800000e-01 4.275000e-01 -6.204402e-01 2.932610e-01
1.090000e-01 4.265000e-01 -4.257411e-01 4.094203e-01 1.090000e-01 4.275000e-01 -4.257028e-01 4.094223e-01
-7.130000e-01 4.275000e-01 -3.295571e-01 4.063348e-01 -7.130000e-01 4.285000e-01 -3.296056e-01 4.063377e-01
-3.480000e-01 4.275000e-01 -7.740880e-02 2.350795e-01 -3.475000e-01 4.280000e-01 -8.135948e-02 2.302757e-01
-3.475000e-01 4.280000e-01 -8.135948e-02 2.302757e-01 -3.470000e-01 4.285000e-01 -8.553138e-02 2.254109e-01
-2.805000e-01 4.280000e-01 -6.186771e-01 2.897155e-01 -2.810000e-01 4.285000e-01 -6.168342e-01 2.861012e-01
-2.800000e-01 4.275000e-01 -6.204402e-01 2.932610e-01 -2.805000e-01 4.280000e-01 -6.186771e-01 2.897155e-01
1.090000e-01 4.275000e-01 -4.257028e-01 4.094223e-01 1.090000e-01 4.285000e-01 -4.256626e-01 4.094248e-01
-7.130000e-01 4.285000e-01 -3.296056e-01 4.063377e-01 -7.125000e-01 4.290000e-01 -3.291150e-01 4.063141e-01
-7.125000e-01 4.290000e-01 -3.291150e-01 4.063141e-01 -7.120000e-01 4.295000e-01 -3.286247e-01 4.062893e-01
-3.470000e-01 4.285000e-01 -8.553138e-02 2.254109e-01 -3.465000e-01 4.290000e-01 -8.975484e-02 2.207139e-01
-3.465000e-01 4.290000e-01 -8.975484e-02 2.207139e-01 -3.460000e-01 4.295000e-01 -9.420432e-02 2.159752e-01
-2.815000e-01 4.290000e-01 -6.149235e-01 2.825253e-01 -2.820000e-01 4.295000e-01 -6.129272e-01 2.788825e-01
-2.810000e-01 4.285000e-01 -6.168342e-01 2.861012e-01 -2.815000e-01 4.290000e-01 -6.149235e-01 2.825253e-01
1.090000e-01 4.285000e-01 -4.256626e-01 4.094248e-01 1.090000e-01 4.295000e-01 -4.256205e-01 4.094279e-01
-7.120000e-01 4.295000e-01 -3.286247e-01 4.062893e-01 -7.120000e-01 4.305000e-01 -3.286779e-01 4.062913e-01
-3.460000e-01 4.295000e-01 -9.420432e-02 2.159752e-01 -3.455000e-01 4.300000e-01 -9.868542e-02 2.114144e-01
-3.455000e-01 4.300000e-01 -9.868542e-02 2.114144e-01 -3.450000e-01 4.305000e-01 -1.033940e-01 2.068325e-01
-2.825000e-01 4.300000e-01 -6.108654e-01 2.752850e-01 -2.830000e-01 4.305000e-01 -6.087124e-01 2.716233e-01
-2.820000e-01 4.295000e-01 -6.129272e-01 2.788825e-01 -2.825000e-01 4.300000e-01 -6.108654e-01 2.752850e-01
1.085000e-01 4.300000e-01 -4.259619e-01 4.094078e-01 1.080000e-01 4.305000e-01 -4.263030e-01 4.093866e-01
1.090000e-01 4.295000e-01 -4.256205e-01 4.094279e-01 1.085000e-01 4.300000e-01 -4.259619e-01 4.094078e-01
-7.120000e-01 4.305000e-01 -3.286779e-01 4.062913e-01 -7.120000e-01 4.315000e-01 -3.287335e-01 4.062941e-01
-3.450000e-01 4.305000e-01 -1.033940e-01 2.068325e-01 -3.445000e-01 4.310000e-01 -1.081131e-01 2.024359e-01
-3.445000e-01 4.310000e-01 -1.081131e-01 2.024359e-01 -3.440000e-01 4.315000e-01 -1.130577e-01 1.980394e-01
-2.835000e-01 4.310000e-01 -6.064969e-01 2.680137e-01 -2.840000e-01 4.315000e-01 -6.041847e-01 2.643434e-01
-2.830000e-01 4.305000e-01 -6.087124e-01 2.716233e-01 -2.835000e-01 4.310000e-01 -6.064969e-01 2.680137e-01
1.080000e-01 4.305000e-01 -4.263030e-01 4.093866e-01 1.080000e-01 4.315000e-01 -4.262569e-01 4.093890e-01
-7.120000e-01 4.315000e-01 -3.287335e-01 4.062941e-01 -7.120000e-01 4.325000e-01 -3.287913e-01 4.062977e-01
-3.440000e-01 4.315000e-01 -1.130577e-01 1.980394e-01 -3.435000e-01 4.320000e-01 -1.179913e-01 1.938327e-01
-3.435000e-01 4.320000e-01 -1.179913e-01 1.938327e-01 -3.430000e-01 4.325000e-01 -1.231445e-01 1.896476e-01
-2.845000e-01 4.320000e-01 -6.018137e-01 2.607319e-01 -2.850000e-01 4.325000e-01 -5.993409e-01 2.570638e-01
-2.840000e-01 4.315000e-01 -6.041847e-01 2.643434e-01 -2.845000e-01 4.320000e-01 -6.018137e-01 2.607319e-01
1.080000e-01 4.315000e-01 -4.262569e-01 4.093890e-01 1.080000e-01 4.325000e-01 -4.262089e-01 4.093921e-01
-7.120000e-01 4.325000e-01 -3.287913e-01 4.062977e-01 -7.120000e-01 4.335000e-01 -3.288514e-01 4.063020e-01
-3.430000e-01 4.325000e-01 -1.231445e-01 1.896476e-01 -3.425000e-01 4.330000e-01 -1.282655e-01 1.856535e-01
-3.425000e-01 4.330000e-01 -1.282655e-01 1.856535e-01 -3.420000e-01 4.335000e-01 -1.335967e-01 1.817022e-01
-2.855000e-01 4.330000e-01 -5.968137e-01 2.534613e-01 -2.860000e-01 4.335000e-01 -5.941800e-01 2.498070e-01
-2.850000e-01 4.325000e-01 -5.993409e-01 2.570638e-01 -2.855000e-01 4.330000e-01 -5.968137e-01 2.534613e-01
1.080000e-01 4.325000e-01 -4.262089e-01 4.093921e-01 1.080000e-01 4.335000e-01 -4.261589e-01 4.093958e-01
-7.120000e-01 4.335000e-01 -3.288514e-01 4.063020e-01 -7.115000e-01 4.340000e-01 -3.283674e-01 4.062734e-01
-7.115000e-01 4.340000e-01 -3.283674e-01 4.062734e-01 -7.110000e-01 4.345000e-01 -3.278838e-01 4.062435e-01
-3.420000e-01 4.335000e-01 -1.335967e-01 1.817022e-01 -3.415000e-01 4.340000e-01 -1.388751e-01 1.779401e-01
-3.415000e-01 4.340000e-01 -1.388751e-01 1.779401e-01 -3.410000e-01 4.345000e-01 -1.443512e-01 1.742407e-01
-2.875000e-01 4.340000e-01 -5.890676e-01 2.430674e-01 -2.880000e-01 4.345000e-01 -5.861580e-01 2.393938e-01
-2.875000e-01 4.340000e-01 -5.890676e-01 2.430674e-01 -2.865000e-01 4.340000e-01 -5.914971e-01 2.462247e-01
-2.860000e-01 4.335000e-01 -5.941800e-01 2.498070e-01 -2.865000e-01 4.340000e-01 -5.914971e-01 2.462247e-01
1.080000e-01 4.335000e-01 -4.261589e-01 4.093958e-01 1.080000e-01 4.345000e-01 -4.261071e-01 4.094002e-01
-7.110000e-01 4.345000e-01 -3.278838e-01 4.062435e-01 -7.110000e-01 4.355000e-01 -3.279487e-01 4.062473e-01
-3.410000e-01 4.345000e-01 -1.443512e-01 1.742407e-01 -3.405000e-01 4.350000e-01 -1.497552e-01 1.707259e-01
-3.405000e-01 4.350000e-01 -1.497552e-01 1.707259e-01 -3.395000e-01 4.350000e-01 -1.566750e-01 1.664717e-01
-3.395000e-01 4.350000e-01 -1.566750e-01 1.664717e-01 -3.390000e-01 4.355000e-01 -1.624394e-01 1.631335e-01
-2.885000e-01 4.350000e-01 -5.832066e-01 2.358033e-01 -2.890000e-01 4.355000e-01 -5.801359e-01 2.321745e-01
-2.880000e-01 4.345000e-01 -5.861580e-01 2.393938e-01 -2.885000e-01 4.350000e-01 -5.832066e-01 2.358033e-01
1.075000e-01 4.350000e-01 -4.264429e-01 4.093758e-01 1.070000e-01 4.355000e-01 -4.267785e-01 4.093504e-01
1.080000e-01 4.345000e-01 -4.261071e-01 4.094002e-01 1.075000e-01 4.350000e-01 -4.264429e-01 4.093758e-01
-7.110000e-01 4.355000e-01 -3.279487e-01 4.062473e-01 -7.110000e-01 4.365000e-01 -3.280159e-01 4.062518e-01
-3.390000e-01 4.355000e-01 -1.624394e-01 1.631335e-01 -3.385000e-01 4.360000e-01 -1.681001e-01 1.599745e-01
-3.385000e-01 4.360000e-01 -1.681001e-01 1.599745e-01 -3.375000e-01 4.360000e-01 -1.757413e-01 1.559762e-01
-3.375000e-01 4.360000e-01 -1.757413e-01 1.559762e-01 -3.370000e-01 4.365000e-01 -1.817093e-01 1.530543e-01
-2.905000e-01 4.360000e-01 -5.739674e-01 2.252433e-01 -2.910000e-01 4.365000e-01 -5.706134e-01 2.216443e-01
-2.905000e-01 4.360000e-01 -5.739674e-01 2.252433e-01 -2.895000e-01 4.360000e-01 -5.770305e-01 2.286345e-01
-2.890000e-01 4.355000e-01 -5.801359e-01 2.321745e-01 -2.895000e-01 4.360000e-01 -5.770305e-01 2.286345e-01
1.070000e-01 4.355000e-01 -4.267785e-01 4.093504e-01 1.070000e-01 4.365000e-01 -4.267227e-01 4.093543e-01
-7.110000e-01 4.365000e-01 -3.280159e-01 4.062518e-01 -7.110000e-01 4.375000e-01 -3.280854e-01 4.062573e-01
-3.370000e-01 4.365000e-01 -1.817093e-01 1.530543e-01 -3.365000e-01 4.370000e-01 -1.875454e-01 1.502988e-01
-3.365000e-01 4.370000e-01 -1.875454e-01 1.502988e-01 -3.355000e-01 4.370000e-01 -1.958352e-01 1.466634e-01
-3.355000e-01 4.370000e-01 -1.958352e-01 1.466634e-01 -3.350000e-01 4.375000e-01 -2.019090e-01 1.441957e-01
-2.925000e-01 4.370000e-01 -5.637367e-01 2.146317e-01 -2.930000e-01 4.375000e-01 -5.600986e-01 2.110963e-01
-2.925000e-01 4.370000e-01 -5.637367e-01 2.146317e-01 -2.915000e-01 4.370000e-01 -5.672355e-01 2.181443e-01
-2.910000e-01 4.365000e-01 -5.706134e-01 2.216443e-01 -2.915000e-01 4.370000e-01 -5.672355e-01 2.181443e-01
1.070000e-01 4.365000e-01 -4.267227e-01 4.093543e-01 1.070000e-01 4.375000e-01 -4.266649e-01 4.093588e-01
-7.110000e-01 4.375000e-01 -3.280854e-01 4.062573e-01 -7.105000e-01 4.380000e-01 -3.276069e-01 4.062246e-01
-7.105000e-01 4.380000e-01 -3.276069e-01 4.062246e-01 -7.100000e-01 4.385000e-01 -3.271288e-01 4.061906e-01
-3.350000e-01 4.375000e-01 -2.019090e-01 1.441957e-01 -3.345000e-01 4.380000e-01 -2.078285e-01 1.418757e-01
-3.345000e-01 4.380000e-01 -2.078285e-01 1.418757e-01 -3.335000e-01 4.380000e-01 -2.166637e-01 1.386968e-01
-3.335000e-01 4.380000e-01 -2.166637e-01 1.386968e-01 -3.330000e-01 4.385000e-01 -2.227392e-01 1.367014e-01
-2.945000e-01 4.380000e-01 -5.524869e-01 2.040702e-01 -2.950000e-01 4.385000e-01 -5.485708e-01 2.006355e-01
-2.945000e-01 4.380000e-01 -5.524869e-01 2.040702e-01 -2.935000e-01 4.380000e-01 -5.564495e-01 2.076692e-01
-2.930000e-01 4.375000e-01 -5.600986e-01 2.110963e-01 -2.935000e-01 4.380000e-01 -5.564495e-01 2.076692e-01
1.070000e-01 4.375000e-01 -4.266649e-01 4.093588e-01 1.070000e-01 4.385000e-01 -4.266053e-01 4.093641e-01
-7.100000e-01 4.385000e-01 -3.271288e-01 4.061906e-01 -7.100000e-01 4.395000e-01 -3.272031e-01 4.061955e-01
-3.330000e-01 4.385000e-01 -2.227392e-01 1.367014e-01 -3.325000e-01 4.390000e-01 -2.286460e-01 1.348300e-01
-3.325000e-01 4.390000e-01 -2.286460e-01 1.348300e-01 -3.315000e-01 4.390000e-01 -2.378997e-01 1.321806e-01
-3.315000e-01 4.390000e-01 -2.378997e-01 1.321806e-01 -3.305000e-01 4.390000e-01 -2.474255e-01 1.297535e-01
-3.305000e-01 4.390000e-01 -2.474255e-01 1.297535e-01 -3.300000e-01 4.395000e-01 -2.534057e-01 1.284087e-01
-2.975000e-01 4.390000e-01 -5.355334e-01 1.899907e-01 -2.980000e-01 4.395000e-01 -5.312161e-01 1.867173e-01
-2.975000e-01 4.390000e-01 -5.355334e-01 1.899907e-01 -2.965000e-01 4.390000e-01 -5.402108e-01 1.936741e-01
-2.965000e-01 4.390000e-01 -5.402108e-01 1.936741e-01 -2.955000e-01 4.390000e-01 -5.446585e-01 1.973168e-01
-2.950000e-01 4.385000e-01 -5.485708e-01 2.006355e-01 -2.955000e-01 4.390000e-01 -5.446585e-01 1.973168e-01
1.070000e-01 4.385000e-01 -4.266053e-01 4.093641e-01 1.070000e-01 4.395000e-01 -4.265437e-01 4.093701e-01
-7.100000e-01 4.395000e-01 -3.272031e-01 4.061955e-01 -7.100000e-01 4.405000e-01 -3.272798e-01 4.062014e-01
-3.300000e-01 4.395000e-01 -2.534057e-01 1.284087e-01 -3.295000e-01 4.400000e-01 -2.592069e-01 1.271527e-01
-3.295000e-01 4.400000e-01 -2.592069e-01 1.271527e-01 -3.285000e-01 4.400000e-01 -2.689504e-01 1.253296e-01
-3.285000e-01 4.400000e-01 -2.689504e-01 1.253296e-01 -3.275000e-01 4.400000e-01 -2.788818e-01 1.237722e-01
-3.275000e-01 4.400000e-01 -2.788818e-01 1.237722e-01 -3.265000e-01 4.400000e-01 -2.889740e-01 1.224947e-01
-3.265000e-01 4.400000e-01 -2.889740e-01 1.224947e-01 -3.260000e-01 4.405000e-01 -2.945783e-01 1.219447e-01
-3.005000e-01 4.400000e-01 -5.163014e-01 1.762418e-01 -3.010000e-01 4.405000e-01 -5.116166e-01 1.732138e-01
-3.005000e-01 4.400000e-01 -5.163014e-01 1.762418e-01 -2.995000e-01 4.400000e-01 -5.217388e-01 1.799120e-01
-2.995000e-01 4.400000e-01 -5.217388e-01 1.799120e-01 -2.985000e-01 4.400000e-01 -5.269257e-01 1.835694e-01
-2.980000e-01 4.395000e-01 -5.312161e-01 1.867173e-01 -2.985000e-01 4.400000e-01 -5.269257e-01 1.835694e-01
1.065000e-01 4.400000e-01 -4.268740e-01 4.093417e-01 1.060000e-01 4.405000e-01 -4.272038e-01 4.093123e-01
1.070000e-01 4.395000e-01 -4.265437e-01 4.093701e-01 1.065000e-01 4.400000e-01 -4.268740e-01 4.093417e-01
-7.100000e-01 4.405000e-01 -3.272798e-01 4.062014e-01 -7.100000e-01 4.415000e-01 -3.273587e-01 4.062082e-01
-3.260000e-01 4.405000e-01 -2.945783e-01 1.219447e-01 -3.255000e-01 4.410000e-01 -3.000135e-01 1.214374e-01
-3.255000e-01 4.410000e-01 -3.000135e-01 1.214374e-01 -3.245000e-01 4.410000e-01 -3.100415e-01 1.207855e-01
-3.245000e-01 4.410000e-01 -3.100415e-01 1.207855e-01 -3.235000e-01 4.410000e-01 -3.201321e-01 1.204240e-01
-3.235000e-01 4.410000e-01 -3.201321e-01 1.204240e-01 -3.225000e-01 4.410000e-01 -3.302545e-01 1.203559e-01
-3.225000e-01 4.410000e-01 -3.302545e-01 1.203559e-01 -3.215000e-01 4.410000e-01 -3.403773e-01 1.205820e-01
-3.215000e-01 4.410000e-01 -3.403773e-01 1.205820e-01 -3.210000e-01 4.415000e-01 -3.451647e-01 1.208205e-01
-3.065000e-01 4.410000e-01 -4.745756e-01 1.528742e-01 -3.070000e-01 4.415000e-01 -4.692698e-01 1.504570e-01
-3.065000e-01 4.410000e-01 -4.745756e-01 1.528742e-01 -3.055000e-01 4.410000e-01 -4.815990e-01 1.562653e-01
-3.055000e-01 4.410000e-01 -4.815990e-01 1.562653e-01 -3.045000e-01 4.410000e-01 -4.883483e-01 1.597185e-01
-3.045000e-01 4.410000e-01 -4.883483e-01 1.597185e-01 -3.035000e-01 4.410000e-01 -4.948261e-01 1.632197e-01
-3.035000e-01 4.410000e-01 -4.948261e-01 1.632197e-01 -3.025000e-01 4.410000e-01 -5.010366e-01 1.667562e-01
-3.025000e-01 4.410000e-01 -5.010366e-01 1.667562e-01 -3.015000e-01 4.410000e-01 -5.069849e-01 1.703159e-01
-3.010000e-01 4.405000e-01 -5.116166e-01 1.732138e-01 -3.015000e-01 4.410000e-01 -5.069849e-01 1.703159e-01
1.060000e-01 4.405000e-01 -4.272038e-01 4.093123e-01 1.060000e-01 4.415000e-01 -4.271382e-01 4.093179e-01
-7.100000e-01 4.415000e-01 -3.273587e-01 4.062082e-01 -7.095000e-01 4.420000e-01 -3.268857e-01 4.061716e-01
-7.095000e-01 4.420000e-01 -3.268857e-01 4.061716e-01 -7.090000e-01 4.425000e-01 -3.264132e-01 4.061336e-01
-3.210000e-01 4.415000e-01 -3.451647e-01 1.208205e-01 -3.205000e-01 4.420000e-01 -3.498269e-01 1.210581e-01
-3.205000e-01 4.420000e-01 -3.498269e-01 1.210581e-01 -3.195000e-01 4.420000e-01 -3.595809e-01 1.218161e-01
-3.195000e-01 4.420000e-01 -3.595809e-01 1.218161e-01 -3.185000e-01 4.420000e-01 -3.692519e-01 1.228398e-01
-3.185000e-01 4.420000e-01 -3.692519e-01 1.228398e-01 -3.175000e-01 4.420000e-01 -3.788136e-01 1.241207e-01
-3.175000e-01 4.420000e-01 -3.788136e-01 1.241207e-01 -3.165000e-01 4.420000e-01 -3.882417e-01 1.256482e-01
-3.165000e-01 4.420000e-01 -3.882417e-01 1.256482e-01 -3.155000e-01 4.420000e-01 -3.975134e-01 1.274104e-01
-3.155000e-01 4.420000e-01 -3.975134e-01 1.274104e-01 -3.145000e-01 4.420000e-01 -4.066082e-01 1.293937e-01
-3.145000e-01 4.420000e-01 -4.066082e-01 1.293937e-01 -3.135000e-01 4.420000e-01 -4.155078e-01 1.315834e-01
-3.135000e-01 4.420000e-01 -4.155078e-01 1.315834e-01 -3.125000e-01 4.420000e-01 -4.241960e-01 1.339642e-01
-3.125000e-01 4.420000e-01 -4.241960e-01 1.339642e-01 -3.115000e-01 4.420000e-01 -4.326593e-01 1.365200e-01
-3.115000e-01 4.420000e-01 -4.326593e-01 1.365200e-01 -3.105000e-01 4.420000e-01 -4.408864e-01 1.392344e-01
-3.105000e-01 4.420000e-01 -4.408864e-01 1.392344e-01 -3.095000e-01 4.420000e-01 -4.488681e-01 1.420910e-01
-3.095000e-01 4.420000e-01 -4.488681e-01 1.420910e-01 -3.085000e-01 4.420000e-01 -4.565977e-01 1.450736e-01
-3.085000e-01 4.420000e-01 -4.565977e-01 1.450736e-01 -3.075000e-01 4.420000e-01 -4.640706e-01 1.481661e-01
-3.070000e-01 4.415000e-01 -4.692698e-01 1.504570e-01 -3.075000e-01 4.420000e-01 -4.640706e-01 1.481661e-01
1.060000e-01 4.415000e-01 -4.271382e-01 4.093179e-01 1.060000e-01 4.425000e-01 -4.270707e-01 4.093243e-01
-7.090000e-01 4.425000e-01 -3.264132e-01 4.061336e-01 -7.090000e-01 4.435000e-01 -3.264970e-01 4.061401e-01
1.060000e-01 4.425000e-01 -4.270707e-01 4.093243e-01 1.060000e-01 4.435000e-01 -4.270013e-01 4.093314e-01
-7.090000e-01 4.435000e-01 -3.264970e-01 4.061401e-01 -7.090000e-01 4.445000e-01 -3.265830e-01 4.061476e-01
1.055000e-01 4.440000e-01 -4.273268e-01 4.092998e-01 1.050000e-01 4.445000e-01 -4.276520e-01 4.092670e-01
1.060000e-01 4.435000e-01 -4.270013e-01 4.093314e-01 1.055000e-01 4.440000e-01 -4.273268e-01 4.092998e-01
-7.090000e-01 4.445000e-01 -3.265830e-01 4.061476e-01 -7.085000e-01 4.450000e-01 -3.261144e-01 4.061077e-01
-7.085000e-01 4.450000e-01 -3.261144e-01 4.061077e-01 -7.080000e-01 4.455000e-01 -3.256462e-01 4.060665e-01
1.050000e-01 4.445000e-01 -4.276520e-01 4.092670e-01 1.050000e-01 4.455000e-01 -4.275786e-01 4.092739e-01
-7.080000e-01 4.455000e-01 -3.256462e-01 4.060665e-01 -7.080000e-01 4.465000e-01 -3.257372e-01 4.060738e-01
1.050000e-01 4.455000e-01 -4.275786e-01 4.092739e-01 1.050000e-01 4.465000e-01 -4.275032e-01 4.092816e-01
-7.080000e-01 4.465000e-01 -3.257372e-01 4.060738e-01 -7.080000e-01 4.475000e-01 -3.258305e-01 4.060821e-01
1.050000e-01 4.465000e-01 -4.275032e-01 4.092816e-01 1.050000e-01 4.475000e-01 -4.274259e-01 4.092902e-01
-7.080000e-01 4.475000e-01 -3.258305e-01 4.060821e-01 -7.080000e-01 4.485000e-01 -3.259259e-01 4.060916e-01
1.050000e-01 4.475000e-01 -4.274259e-01 4.092902e-01 1.050000e-01 4.485000e-01 -4.273468e-01 4.092996e-01
-7.080000e-01 4.485000e-01 -3.259259e-01 4.060916e-01 -7.075000e-01 4.490000e-01 -3.254631e-01 4.060480e-01
-7.075000e-01 4.490000e-01 -3.254631e-01 4.060480e-01 -7.070000e-01 4.495000e-01 -3.250006e-01 4.060030e-01
1.045000e-01 4.490000e-01 -4.276665e-01 4.092643e-01 1.040000e-01 4.495000e-01 -4.279859e-01 4.092278e-01
1.050000e-01 4.485000e-01 -4.273468e-01 4.092996e-01 1.045000e-01 4.490000e-01 -4.276665e-01 4.092643e-01
-7.070000e-01 4.495000e-01 -3.250006e-01 4.060030e-01 -7.070000e-01 4.505000e-01 -3.251011e-01 4.060124e-01
1.040000e-01 4.495000e-01 -4.279859e-01 4.092278e-01 1.040000e-01 4.505000e-01 -4.279027e-01 4.092371e-01
-7.070000e-01 4.505000e-01 -3.251011e-01 4.060124e-01 -7.070000e-01 4.515000e-01 -3.252037e-01 4.060230e-01
1.040000e-01 4.505000e-01 -4.279027e-01 4.092371e-01 1.040000e-01 4.515000e-01 -4.278176e-01 4.092473e-01
-7.070000e-01 4.515000e-01 -3.252037e-01 4.060230e-01 -7.065000e-01 4.520000e-01 -3.247453e-01 4.059764e-01
-7.065000e-01 4.520000e-01 -3.247453e-01 4.059764e-01 -7.060000e-01 4.525000e-01 -3.242874e-01 4.059284e-01
1.040000e-01 4.515000e-01 -4.278176e-01 4.092473e-01 1.040000e-01 4.525000e-01 -4.277307e-01 4.092584e-01
-7.060000e-01 4.525000e-01 -3.242874e-01 4.059284e-01 -7.060000e-01 4.535000e-01 -3.243950e-01 4.059390e-01
1.035000e-01 4.530000e-01 -4.280455e-01 4.092201e-01 1.030000e-01 4.535000e-01 -4.283601e-01 4.091805e-01
1.040000e-01 4.525000e-01 -4.277307e-01 4.092584e-01 1.035000e-01 4.530000e-01 -4.280455e-01 4.092201e-01
-7.060000e-01 4.535000e-01 -3.243950e-01 4.059390e-01 -7.060000e-01 4.545000e-01 -3.245048e-01 4.059508e-01
1.030000e-01 4.535000e-01 -4.283601e-01 4.091805e-01 1.030000e-01 4.545000e-01 -4.282690e-01 4.091917e-01
-7.060000e-01 4.545000e-01 -3.245048e-01 4.059508e-01 -7.060000e-01 4.555000e-01 -3.246168e-01 4.059638e-01
1.030000e-01 4.545000e-01 -4.282690e-01 4.091917e-01 1.030000e-01 4.555000e-01 -4.281761e-01 4.092037e-01
-7.060000e-01 4.555000e-01 -3.246168e-01 4.059638e-01 -7.055000e-01 4.560000e-01 -3.241644e-01 4.059138e-01
-7.055000e-01 4.560000e-01 -3.241644e-01 4.059138e-01 -7.050000e-01 4.565000e-01 -3.237124e-01 4.058624e-01
1.030000e-01 4.555000e-01 -4.281761e-01 4.092037e-01 1.030000e-01 4.565000e-01 -4.280813e-01 4.092168e-01
-7.050000e-01 4.565000e-01 -3.237124e-01 4.058624e-01 -7.050000e-01 4.575000e-01 -3.238294e-01 4.058756e-01
1.025000e-01 4.570000e-01 -4.283913e-01 4.091755e-01 1.020000e-01 4.575000e-01 -4.287009e-01 4.091330e-01
1.030000e-01 4.565000e-01 -4.280813e-01 4.092168e-01 1.025000e-01 4.570000e-01 -4.283913e-01 4.091755e-01
-7.050000e-01 4.575000e-01 -3.238294e-01 4.058756e-01 -7.050000e-01 4.585000e-01 -3.239486e-01 4.058901e-01
1.020000e-01 4.575000e-01 -4.287009e-01 4.091330e-01 1.020000e-01 4.585000e-01 -4.286020e-01 4.091462e-01
-7.050000e-01 4.585000e-01 -3.239486e-01 4.058901e-01 -7.045000e-01 4.590000e-01 -3.235008e-01 4.058373e-01
-7.045000e-01 4.590000e-01 -3.235008e-01 4.058373e-01 -7.040000e-01 4.595000e-01 -3.230534e-01 4.057830e-01
1.020000e-01 4.585000e-01 -4.286020e-01 4.091462e-01 1.020000e-01 4.595000e-01 -4.285012e-01 4.091603e-01
-7.040000e-01 4.595000e-01 -3.230534e-01 4.057830e-01 -7.040000e-01 4.605000e-01 -3.231776e-01 4.057979e-01
1.020000e-01 4.595000e-01 -4.285012e-01 4.091603e-01 1.020000e-01 4.605000e-01 -4.283987e-01 4.091755e-01
-7.040000e-01 4.605000e-01 -3.231776e-01 4.057979e-01 -7.040000e-01 4.615000e-01 -3.233040e-01 4.058141e-01
1.015000e-01 4.610000e-01 -4.287038e-01 4.091314e-01 1.010000e-01 4.615000e-01 -4.290084e-01 4.090862e-01
1.020000e-01 4.605000e-01 -4.283987e-01 4.091755e-01 1.015000e-01 4.610000e-01 -4.287038e-01 4.091314e-01
-7.040000e-01 4.615000e-01 -3.233040e-01 4.058141e-01 -7.035000e-01 4.620000e-01 -3.228608e-01 4.057585e-01
-7.035000e-01 4.620000e-01 -3.228608e-01 4.057585e-01 -7.030000e-01 4.625000e-01 -3.224181e-01 4.057016e-01
1.010000e-01 4.615000e-01 -4.290084e-01 4.090862e-01 1.010000e-01 4.625000e-01 -4.289017e-01 4.091016e-01
-7.030000e-01 4.625000e-01 -3.224181e-01 4.057016e-01 -7.030000e-01 4.635000e-01 -3.225495e-01 4.057182e-01
1.010000e-01 4.625000e-01 -4.289017e-01 4.091016e-01 1.010000e-01 4.635000e-01 -4.287931e-01 4.091181e-01
-7.030000e-01 4.635000e-01 -3.225495e-01 4.057182e-01 -7.030000e-01 4.645000e-01 -3.226830e-01 4.057363e-01
1.010000e-01 4.635000e-01 -4.287931e-01 4.091181e-01 1.010000e-01 4.645000e-01 -4.286828e-01 4.091357e-01
-7.030000e-01 4.645000e-01 -3.226830e-01 4.057363e-01 -7.025000e-01 4.650000e-01 -3.222445e-01 4.056781e-01
-7.025000e-01 4.650000e-01 -3.222445e-01 4.056781e-01 -7.020000e-01 4.655000e-01 -3.218066e-01 4.056185e-01
1.005000e-01 4.650000e-01 -4.289828e-01 4.090889e-01 1.000000e-01 4.655000e-01 -4.292825e-01 4.090410e-01
1.010000e-01 4.645000e-01 -4.286828e-01 4.091357e-01 1.005000e-01 4.650000e-01 -4.289828e-01 4.090889e-01
-7.020000e-01 4.655000e-01 -3.218066e-01 4.056185e-01 -7.020000e-01 4.665000e-01 -3.219452e-01 4.056372e-01
1.000000e-01 4.655000e-01 -4.292825e-01 4.090410e-01 1.000000e-01 4.665000e-01 -4.291679e-01 4.090589e-01
-7.020000e-01 4.665000e-01 -3.219452e-01 4.056372e-01 -7.020000e-01 4.675000e-01 -3.220858e-01 4.056572e-01
1.000000e-01 4.665000e-01 -4.291679e-01 4.090589e-01 1.000000e-01 4.675000e-01 -4.290516e-01 4.090780e-01
-7.020000e-01 4.675000e-01 -3.220858e-01 4.056572e-01 -7.015000e-01 4.680000e-01 -3.216521e-01 4.055965e-01
-7.015000e-01 4.680000e-01 -3.216521e-01 4.055965e-01 -7.010000e-01 4.685000e-01 -3.212190e-01 4.055344e-01
1.000000e-01 4.675000e-01 -4.290516e-01 4.090780e-01 1.000000e-01 4.685000e-01 -4.289335e-01 4.090981e-01
-7.010000e-01 4.685000e-01 -3.212190e-01 4.055344e-01 -7.010000e-01 4.695000e-01 -3.213647e-01 4.055552e-01
9.950000e-02 4.690000e-01 -4.292285e-01 4.090488e-01 9.900000e-02 4.695000e-01 -4.295230e-01 4.089984e-01
1.000000e-01 4.685000e-01 -4.289335e-01 4.090981e-01 9.950000e-02 4.690000e-01 -4.292285e-01 4.090488e-01
-7.010000e-01 4.695000e-01 -3.213647e-01 4.055552e-01 -7.010000e-01 4.705000e-01 -3.215125e-01 4.055775e-01
9.900000e-02 4.695000e-01 -4.295230e-01 4.089984e-01 9.900000e-02 4.705000e-01 -4.294007e-01 4.090190e-01
-7.010000e-01 4.705000e-01 -3.215125e-01 4.055775e-01 -7.005000e-01 4.710000e-01 -3.210836e-01 4.055144e-01
-7.005000e-01 4.710000e-01 -3.210836e-01 4.055144e-01 -7.000000e-01 4.715000e-01 -3.206553e-01 4.054498e-01
9.900000e-02 4.705000e-01 -4.294007e-01 4.090190e-01 9.900000e-02 4.715000e-01 -4.292767e-01 4.090409e-01
-7.000000e-01 4.715000e-01 -3.206553e-01 4.054498e-01 -7.000000e-01 4.725000e-01 -3.208082e-01 4.054730e-01
9.900000e-02 4.715000e-01 -4.292767e-01 4.090409e-01 9.900000e-02 4.725000e-01 -4.291508e-01 4.090639e-01
-7.000000e-01 4.725000e-01 -3.208082e-01 4.054730e-01 -6.995000e-01 4.730000e-01 -3.203827e-01 4.054078e-01
-6.995000e-01 4.730000e-01 -3.203827e-01 4.054078e-01 -6.990000e-01 4.735000e-01 -3.199579e-01 4.053412e-01
9.850000e-02 4.730000e-01 -4.294406e-01 4.090122e-01 9.800000e-02 4.735000e-01 -4.297300e-01 4.089593e-01
9.900000e-02 4.725000e-01 -4.291508e-01 4.090639e-01 9.850000e-02 4.730000e-01 -4.294406e-01 4.090122e-01
-6.990000e-01 4.735000e-01 -3.199579e-01 4.053412e-01 -6.990000e-01 4.745000e-01 -3.201157e-01 4.053653e-01
9.800000e-02 4.735000e-01 -4.297300e-01 4.089593e-01 9.800000e-02 4.745000e-01 -4.296000e-01 4.089829e-01
-6.990000e-01 4.745000e-01 -3.201157e-01 4.053653e-01 -6.990000e-01 4.755000e-01 -3.202756e-01 4.053909e-01
9.800000e-02 4.745000e-01 -4.296000e-01 4.089829e-01 9.800000e-02 4.755000e-01 -4.294683e-01 4.090078e-01
-6.990000e-01 4.755000e-01 -3.202756e-01 4.053909e-01 -6.985000e-01 4.760000e-01 -3.198551e-01 4.053235e-01
-6.985000e-01 4.760000e-01 -3.198551e-01 4.053235e-01 -6.980000e-01 4.765000e-01 -3.194352e-01 4.052547e-01
9.750000e-02 4.760000e-01 -4.297541e-01 4.089540e-01 9.700000e-02 4.765000e-01 -4.300395e-01 4.088991e-01
9.800000e-02 4.755000e-01 -4.294683e-01 4.090078e-01 9.750000e-02 4.760000e-01 -4.297541e-01 4.089540e-01
-6.980000e-01 4.765000e-01 -3.194352e-01 4.052547e-01 -6.980000e-01 4.775000e-01 -3.196001e-01 4.052814e-01
9.700000e-02 4.765000e-01 -4.300395e-01 4.088991e-01 9.700000e-02 4.775000e-01 -4.299036e-01 4.089247e-01
-6.980000e-01 4.775000e-01 -3.196001e-01 4.052814e-01 -6.980000e-01 4.785000e-01 -3.197671e-01 4.053097e-01
9.700000e-02 4.775000e-01 -4.299036e-01 4.089247e-01 9.700000e-02 4.785000e-01 -4.297659e-01 4.089515e-01
-6.980000e-01 4.785000e-01 -3.197671e-01 4.053097e-01 -6.975000e-01 4.790000e-01 -3.193515e-01 4.052401e-01
-6.975000e-01 4.790000e-01 -3.193515e-01 4.052401e-01 -6.970000e-01 4.795000e-01 -3.189366e-01 4.051691e-01
9.700000e-02 4.785000e-01 -4.297659e-01 4.089515e-01 9.700000e-02 4.795000e-01 -4.296265e-01 4.089796e-01
-6.970000e-01 4.795000e-01 -3.189366e-01 4.051691e-01 -6.970000e-01 4.805000e-01 -3.191086e-01 4.051986e-01
9.650000e-02 4.800000e-01 -4.299071e-01 4.089237e-01 9.600000e-02 4.805000e-01 -4.301872e-01 4.088666e-01
9.700000e-02 4.795000e-01 -4.296265e-01 4.089796e-01 9.650000e-02 4.800000e-01 -4.299071e-01 4.089237e-01
-6.970000e-01 4.805000e-01 -3.191086e-01 4.051986e-01 -6.965000e-01 4.810000e-01 -3.186966e-01 4.051272e-01
-6.965000e-01 4.810000e-01 -3.186966e-01 4.051272e-01 -6.960000e-01 4.815000e-01 -3.182852e-01 4.050543e-01
9.600000e-02 4.805000e-01 -4.301872e-01 4.088666e-01 9.600000e-02 4.815000e-01 -4.300437e-01 4.088955e-01
-6.960000e-01 4.815000e-01 -3.182852e-01 4.050543e-01 -6.960000e-01 4.825000e-01 -3.184622e-01 4.050851e-01
9.600000e-02 4.815000e-01 -4.300437e-01 4.088955e-01 9.600000e-02 4.825000e-01 -4.298983e-01 4.089258e-01
-6.960000e-01 4.825000e-01 -3.184622e-01 4.050851e-01 -6.960000e-01 4.835000e-01 -3.186412e-01 4.051176e-01
9.600000e-02 4.825000e-01 -4.298983e-01 4.089258e-01 9.600000e-02 4.835000e-01 -4.297514e-01 4.089573e-01
-6.960000e-01 4.835000e-01 -3.186412e-01 4.051176e-01 -6.955000e-01 4.840000e-01 -3.182342e-01 4.050442e-01
-6.955000e-01 4.840000e-01 -3.182342e-01 4.050442e-01 -6.950000e-01 4.845000e-01 -3.178279e-01 4.049693e-01
9.550000e-02 4.840000e-01 -4.300267e-01 4.088994e-01 9.500000e-02 4.845000e-01 -4.303016e-01 4.088402e-01
9.600000e-02 4.835000e-01 -4.297514e-01 4.089573e-01 9.550000e-02 4.840000e-01 -4.300267e-01 4.088994e-01
-6.950000e-01 4.845000e-01 -3.178279e-01 4.049693e-01 -6.950000e-01 4.855000e-01 -3.180119e-01 4.050032e-01
9.500000e-02 4.845000e-01 -4.303016e-01 4.088402e-01 9.500000e-02 4.855000e-01 -4.301504e-01 4.088728e-01
-6.950000e-01 4.855000e-01 -3.180119e-01 4.050032e-01 -6.945000e-01 4.860000e-01 -3.176085e-01 4.049280e-01
-6.945000e-01 4.860000e-01 -3.176085e-01 4.049280e-01 -6.940000e-01 4.865000e-01 -3.172059e-01 4.048513e-01
9.500000e-02 4.855000e-01 -4.301504e-01 4.088728e-01 9.500000e-02 4.865000e-01 -4.299975e-01 4.089066e-01
-6.940000e-01 4.865000e-01 -3.172059e-01 4.048513e-01 -6.940000e-01 4.875000e-01 -3.173948e-01 4.048867e-01
9.450000e-02 4.870000e-01 -4.302688e-01 4.088470e-01 9.400000e-02 4.875000e-01 -4.305395e-01 4.087861e-01
9.500000e-02 4.865000e-01 -4.299975e-01 4.089066e-01 9.450000e-02 4.870000e-01 -4.302688e-01 4.088470e-01
-6.940000e-01 4.875000e-01 -3.173948e-01 4.048867e-01 -6.940000e-01 4.885000e-01 -3.175858e-01 4.049239e-01
9.400000e-02 4.875000e-01 -4.305395e-01 4.087861e-01 9.400000e-02 4.885000e-01 -4.303825e-01 4.088210e-01
-6.940000e-01 4.885000e-01 -3.175858e-01 4.049239e-01 -6.935000e-01 4.890000e-01 -3.171876e-01 4.048469e-01
-6.935000e-01 4.890000e-01 -3.171876e-01 4.048469e-01 -6.930000e-01 4.895000e-01 -3.167900e-01 4.047685e-01
9.400000e-02 4.885000e-01 -4.303825e-01 4.088210e-01 9.400000e-02 4.895000e-01 -4.302238e-01 4.088573e-01
-6.930000e-01 4.895000e-01 -3.167900e-01 4.047685e-01 -6.930000e-01 4.905000e-01 -3.169860e-01 4.048073e-01
9.400000e-02 4.895000e-01 -4.302238e-01 4.088573e-01 9.400000e-02 4.905000e-01 -4.300633e-01 4.088950e-01
-6.930000e-01 4.905000e-01 -3.169860e-01 4.048073e-01 -6.925000e-01 4.910000e-01 -3.165914e-01 4.047286e-01
-6.925000e-01 4.910000e-01 -3.165914e-01 4.047286e-01 -6.920000e-01 4.915000e-01 -3.161975e-01 4.046485e-01
9.350000e-02 4.910000e-01 -4.303293e-01 4.088336e-01 9.300000e-02 4.915000e-01 -4.305946e-01 4.087709e-01
9.400000e-02 4.905000e-01 -4.300633e-01 4.088950e-01 9.350000e-02 4.910000e-01 -4.303293e-01 4.088336e-01
-6.920000e-01 4.915000e-01 -3.161975e-01 4.046485e-01 -6.920000e-01 4.925000e-01 -3.163984e-01 4.046890e-01
9.300000e-02 4.915000e-01 -4.305946e-01 4.087709e-01 9.300000e-02 4.925000e-01 -4.304302e-01 4.088098e-01
-6.920000e-01 4.925000e-01 -3.163984e-01 4.046890e-01 -6.920000e-01 4.935000e-01 -3.166013e-01 4.047314e-01
9.300000e-02 4.925000e-01 -4.304302e-01 4.088098e-01 9.300000e-02 4.935000e-01 -4.302640e-01 4.088501e-01
-6.920000e-01 4.935000e-01 -3.166013e-01 4.047314e-01 -6.915000e-01 4.940000e-01 -3.162119e-01 4.046511e-01
-6.915000e-01 4.940000e-01 -3.162119e-01 4.046511e-01 -6.910000e-01 4.945000e-01 -3.158232e-01 4.045694e-01
9.250000e-02 4.940000e-01 -4.305258e-01 4.087871e-01 9.200000e-02 4.945000e-01 -4.307869e-01 4.087229e-01
9.300000e-02 4.935000e-01 -4.302640e-01 4.088501e-01 9.250000e-02 4.940000e-01 -4.305258e-01 4.087871e-01
-6.910000e-01 4.945000e-01 -3.158232e-01 4.045694e-01 -6.910000e-01 4.955000e-01 -3.160310e-01 4.046136e-01
9.200000e-02 4.945000e-01 -4.307869e-01 4.087229e-01 9.200000e-02 4.955000e-01 -4.306166e-01 4.087645e-01
-6.910000e-01 4.955000e-01 -3.160310e-01 4.046136e-01 -6.905000e-01 4.960000e-01 -3.156453e-01 4.045318e-01
-6.905000e-01 4.960000e-01 -3.156453e-01 4.045318e-01 -6.900000e-01 4.965000e-01 -3.152605e-01 4.044485e-01
9.200000e-02 4.955000e-01 -4.306166e-01 4.087645e-01 9.200000e-02 4.965000e-01 -4.304447e-01 4.088075e-01
-6.900000e-01 4.965000e-01 -3.152605e-01 4.044485e-01 -6.900000e-01 4.975000e-01 -3.154731e-01 4.044946e-01
9.150000e-02 4.970000e-01 -4.307023e-01 4.087430e-01 9.100000e-02 4.975000e-01 -4.309592e-01 4.086774e-01
9.200000e-02 4.965000e-01 -4.304447e-01 4.088075e-01 9.150000e-02 4.970000e-01 -4.307023e-01 4.087430e-01
-6.900000e-01 4.975000e-01 -3.154731e-01 4.044946e-01 -6.895000e-01 4.980000e-01 -3.150912e-01 4.044113e-01
-6.895000e-01 4.980000e-01 -3.150912e-01 4.044113e-01 -6.890000e-01 4.985000e-01 -3.147101e-01 4.043266e-01
9.100000e-02 4.975000e-01 -4.309592e-01 4.086774e-01 9.100000e-02 4.985000e-01 -4.307832e-01 4.087218e-01
-6.890000e-01 4.985000e-01 -3.147101e-01 4.043266e-01 -6.890000e-01 4.995000e-01 -3.149277e-01 4.043747e-01
9.100000e-02 4.985000e-01 -4.307832e-01 4.087218e-01 9.100000e-02 4.995000e-01 -4.306056e-01 4.087677e-01
-6.890000e-01 4.995000e-01 -3.149277e-01 4.043747e-01 -6.885000e-01 5.000000e-01 -3.145496e-01 4.042900e-01
-6.885000e-01 5.000000e-01 -3.145496e-01 4.042900e-01 -6.880000e-01 5.005000e-01 -3.141723e-01 4.042038e-01
9.100000e-02 4.995000e-01 -4.306056e-01 4.087677e-01 9.100000e-02 5.005000e-01 -4.304263e-01 4.088152e-01
-6.880000e-01 5.005000e-01 -3.141723e-01 4.042038e-01 -6.880000e-01 5.015000e-01 -3.143947e-01 4.042540e-01
9.050000e-02 5.010000e-01 -4.306784e-01 4.087493e-01 9.000000e-02 5.015000e-01 -4.309298e-01 4.086821e-01
9.100000e-02 5.005000e-01 -4.304263e-01 4.088152e-01 9.050000e-02 5.010000e-01 -4.306784e-01 4.087493e-01
-6.880000e-01 5.015000e-01 -3.143947e-01 4.042540e-01 -6.880000e-01 5.025000e-01 -3.146191e-01 4.043062e-01
9.000000e-02 5.015000e-01 -4.309298e-01 4.086821e-01 9.000000e-02 5.025000e-01 -4.307465e-01 4.087311e-01
-6.880000e-01 5.025000e-01 -3.146191e-01 4.043062e-01 -6.875000e-01 5.030000e-01 -3.142463e-01 4.042202e-01
-6.875000e-01 5.030000e-01 -3.142463e-01 4.042202e-01 -6.870000e-01 5.035000e-01 -3.138743e-01 4.041327e-01
9.000000e-02 5.025000e-01 -4.307465e-01 4.087311e-01 9.000000e-02 5.035000e-01 -4.305616e-01 4.087816e-01
-6.870000e-01 5.035000e-01 -3.138743e-01 4.041327e-01 -6.870000e-01 5.045000e-01 -3.141036e-01 4.041871e-01
8.950000e-02 5.040000e-01 -4.308094e-01 4.087144e-01 8.900000e-02 5.045000e-01 -4.310566e-01 4.086460e-01
9.000000e-02 5.035000e-01 -4.305616e-01 4.087816e-01 8.950000e-02 5.040000e-01 -4.308094e-01 4.087144e-01
-6.870000e-01 5.045000e-01 -3.141036e-01 4.041871e-01 -6.865000e-01 5.050000e-01 -3.137345e-01 4.040998e-01
-6.865000e-01 5.050000e-01 -3.137345e-01 4.040998e-01 -6.860000e-01 5.055000e-01 -3.133664e-01 4.040110e-01
8.900000e-02 5.045000e-01 -4.310566e-01 4.086460e-01 8.900000e-02 5.055000e-01 -4.308677e-01 4.086981e-01
-6.860000e-01 5.055000e-01 -3.133664e-01 4.040110e-01 -6.860000e-01 5.065000e-01 -3.136005e-01 4.040677e-01
8.900000e-02 5.055000e-01 -4.308677e-01 4.086981e-01 8.900000e-02 5.065000e-01 -4.306771e-01 4.087517e-01
-6.860000e-01 5.065000e-01 -3.136005e-01 4.040677e-01 -6.855000e-01 5.070000e-01 -3.132353e-01 4.039792e-01
-6.855000e-01 5.070000e-01 -3.132353e-01 4.039792e-01 -6.850000e-01 5.075000e-01 -3.128711e-01 4.038891e-01
8.850000e-02 5.070000e-01 -4.309206e-01 4.086833e-01 8.800000e-02 5.075000e-01 -4.311635e-01 4.086137e-01
8.900000e-02 5.065000e-01 -4.306771e-01 4.087517e-01 8.850000e-02 5.070000e-01 -4.309206e-01 4.086833e-01
-6.850000e-01 5.075000e-01 -3.128711e-01 4.038891e-01 -6.850000e-01 5.085000e-01 -3.131100e-01 4.039482e-01
8.800000e-02 5.075000e-01 -4.311635e-01 4.086137e-01 8.800000e-02 5.085000e-01 -4.309689e-01 4.086690e-01
-6.850000e-01 5.085000e-01 -3.131100e-01 4.039482e-01 -6.845000e-01 5.090000e-01 -3.127487e-01 4.038585e-01
-6.845000e-01 5.090000e-01 -3.127487e-01 4.038585e-01 -6.840000e-01 5.095000e-01 -3.123884e-01 4.037672e-01
8.800000e-02 5.085000e-01 -4.309689e-01 4.086690e-01 8.800000e-02 5.095000e-01 -4.307728e-01 4.087260e-01
-6.840000e-01 5.095000e-01 -3.123884e-01 4.037672e-01 -6.840000e-01 5.105000e-01 -3.126321e-01 4.038287e-01
8.750000e-02 5.100000e-01 -4.310121e-01 4.086565e-01 8.700000e-02 5.105000e-01 -4.312506e-01 4.085857e-01
8.800000e-02 5.095000e-01 -4.307728e-01 4.087260e-01 8.750000e-02 5.100000e-01 -4.310121e-01 4.086565e-01
-6.840000e-01 5.105000e-01 -3.126321e-01 4.038287e-01 -6.835000e-01 5.110000e-01 -3.122747e-01 4.037378e-01
-6.835000e-01 5.110000e-01 -3.122747e-01 4.037378e-01 -6.830000e-01 5.115000e-01 -3.119183e-01 4.036455e-01
8.700000e-02 5.105000e-01 -4.312506e-01 4.085857e-01 8.700000e-02 5.115000e-01 -4.310505e-01 4.086444e-01
-6.830000e-01 5.115000e-01 -3.119183e-01 4.036455e-01 -6.830000e-01 5.125000e-01 -3.121668e-01 4.037095e-01
8.700000e-02 5.115000e-01 -4.310505e-01 4.086444e-01 8.700000e-02 5.125000e-01 -4.308488e-01 4.087048e-01
-6.830000e-01 5.125000e-01 -3.121668e-01 4.037095e-01 -6.825000e-01 5.130000e-01 -3.118133e-01 4.036175e-01
-6.825000e-01 5.130000e-01 -3.118133e-01 4.036175e-01 -6.820000e-01 5.135000e-01 -3.114609e-01 4.035240e-01
8.700000e-02 5.125000e-01 -4.308488e-01 4.087048e-01 8.700000e-02 5.135000e-01 -4.306456e-01 4.087669e-01
-6.820000e-01 5.135000e-01 -3.114609e-01 4.035240e-01 -6.820000e-01 5.145000e-01 -3.117141e-01 4.035907e-01
8.650000e-02 5.140000e-01 -4.308793e-01 4.086964e-01 8.600000e-02 5.145000e-01 -4.311123e-01 4.086247e-01
8.700000e-02 5.135000e-01 -4.306456e-01 4.087669e-01 8.650000e-02 5.140000e-01 -4.308793e-01 4.086964e-01
-6.820000e-01 5.145000e-01 -3.117141e-01 4.035907e-01 -6.815000e-01 5.150000e-01 -3.113646e-01 4.034977e-01
-6.815000e-01 5.150000e-01 -3.113646e-01 4.034977e-01 -6.810000e-01 5.155000e-01 -3.110161e-01 4.034031e-01
8.600000e-02 5.145000e-01 -4.311123e-01 4.086247e-01 8.600000e-02 5.155000e-01 -4.309052e-01 4.086886e-01
-6.810000e-01 5.155000e-01 -3.110161e-01 4.034031e-01 -6.810000e-01 5.165000e-01 -3.112741e-01 4.034725e-01
8.600000e-02 5.155000e-01 -4.309052e-01 4.086886e-01 8.600000e-02 5.165000e-01 -4.306965e-01 4.087542e-01
-6.810000e-01 5.165000e-01 -3.112741e-01 4.034725e-01 -6.805000e-01 5.170000e-01 -3.109286e-01 4.033785e-01
-6.805000e-01 5.170000e-01 -3.109286e-01 4.033785e-01 -6.800000e-01 5.175000e-01 -3.105841e-01 4.032830e-01
8.550000e-02 5.170000e-01 -4.309258e-01 4.086828e-01 8.500000e-02 5.175000e-01 -4.311545e-01 4.086102e-01
8.600000e-02 5.165000e-01 -4.306965e-01 4.087542e-01 8.550000e-02 5.170000e-01 -4.309258e-01 4.086828e-01
-6.800000e-01 5.175000e-01 -3.105841e-01 4.032830e-01 -6.800000e-01 5.185000e-01 -3.108467e-01 4.033551e-01
8.500000e-02 5.175000e-01 -4.311545e-01 4.086102e-01 8.500000e-02 5.185000e-01 -4.309419e-01 4.086777e-01
-6.800000e-01 5.185000e-01 -3.108467e-01 4.033551e-01 -6.795000e-01 5.190000e-01 -3.105052e-01 4.032602e-01
-6.795000e-01 5.190000e-01 -3.105052e-01 4.032602e-01 -6.790000e-01 5.195000e-01 -3.101647e-01 4.031637e-01
8.500000e-02 5.185000e-01 -4.309419e-01 4.086777e-01 8.500000e-02 5.195000e-01 -4.307278e-01 4.087471e-01
-6.790000e-01 5.195000e-01 -3.101647e-01 4.031637e-01 -6.790000e-01 5.205000e-01 -3.104320e-01 4.032387e-01
8.450000e-02 5.200000e-01 -4.309528e-01 4.086748e-01 8.400000e-02 5.205000e-01 -4.311770e-01 4.086013e-01
8.500000e-02 5.195000e-01 -4.307278e-01 4.087471e-01 8.450000e-02 5.200000e-01 -4.309528e-01 4.086748e-01
-6.790000e-01 5.205000e-01 -3.104320e-01 4.032387e-01 -6.785000e-01 5.210000e-01 -3.100945e-01 4.031429e-01
-6.785000e-01 5.210000e-01 -3.100945e-01 4.031429e-01 -6.780000e-01 5.215000e-01 -3.097580e-01 4.030456e-01
8.400000e-02 5.205000e-01 -4.311770e-01 4.086013e-01 8.400000e-02 5.215000e-01 -4.309590e-01 4.086727e-01
-6.780000e-01 5.215000e-01 -3.097580e-01 4.030456e-01 -6.780000e-01 5.225000e-01 -3.100300e-01 4.031235e-01
8.400000e-02 5.215000e-01 -4.309590e-01 4.086727e-01 8.400000e-02 5.225000e-01 -4.307396e-01 4.087458e-01
-6.780000e-01 5.225000e-01 -3.100300e-01 4.031235e-01 -6.775000e-01 5.230000e-01 -3.096965e-01 4.030268e-01
-6.775000e-01 5.230000e-01 -3.096965e-01 4.030268e-01 -6.770000e-01 5.235000e-01 -3.093640e-01 4.029287e-01
8.350000e-02 5.230000e-01 -4.309602e-01 4.086728e-01 8.300000e-02 5.235000e-01 -4.311801e-01 4.085986e-01
8.400000e-02 5.225000e-01 -4.307396e-01 4.087458e-01 8.350000e-02 5.230000e-01 -4.309602e-01 4.086728e-01
-6.770000e-01 5.235000e-01 -3.093640e-01 4.029287e-01 -6.770000e-01 5.245000e-01 -3.096407e-01 4.030097e-01
8.300000e-02 5.235000e-01 -4.311801e-01 4.085986e-01 8.300000e-02 5.245000e-01 -4.309567e-01 4.086738e-01
-6.770000e-01 5.245000e-01 -3.096407e-01 4.030097e-01 -6.765000e-01 5.250000e-01 -3.093112e-01 4.029122e-01
-6.765000e-01 5.250000e-01 -3.093112e-01 4.029122e-01 -6.760000e-01 5.255000e-01 -3.089828e-01 4.028133e-01
8.300000e-02 5.245000e-01 -4.309567e-01 4.086738e-01 8.300000e-02 5.255000e-01 -4.307320e-01 4.087508e-01
-6.760000e-01 5.255000e-01 -3.089828e-01 4.028133e-01 -6.760000e-01 5.265000e-01 -3.092641e-01 4.028974e-01
8.250000e-02 5.260000e-01 -4.309482e-01 4.086772e-01 8.200000e-02 5.265000e-01 -4.311637e-01 4.086023e-01
8.300000e-02 5.255000e-01 -4.307320e-01 4.087508e-01 8.250000e-02 5.260000e-01 -4.309482e-01 4.086772e-01
-6.760000e-01 5.265000e-01 -3.092641e-01 4.028974e-01 -6.755000e-01 5.270000e-01 -3.089386e-01 4.027992e-01
-6.755000e-01 5.270000e-01 -3.089386e-01 4.027992e-01 -6.750000e-01 5.275000e-01 -3.086143e-01 4.026995e-01
8.200000e-02 5.265000e-01 -4.311637e-01 4.086023e-01 8.200000e-02 5.275000e-01 -4.309350e-01 4.086815e-01
-6.750000e-01 5.275000e-01 -3.086143e-01 4.026995e-01 -6.750000e-01 5.285000e-01 -3.089001e-01 4.027868e-01
8.200000e-02 5.275000e-01 -4.309350e-01 4.086815e-01 8.200000e-02 5.285000e-01 -4.307050e-01 4.087626e-01
-6.750000e-01 5.285000e-01 -3.089001e-01 4.027868e-01 -6.745000e-01 5.290000e-01 -3.085787e-01 4.026880e-01
-6.745000e-01 5.290000e-01 -3.085787e-01 4.026880e-01 -6.740000e-01 5.295000e-01 -3.082584e-01 4.025877e-01
8.150000e-02 5.290000e-01 -4.309168e-01 4.086883e-01 8.100000e-02 5.295000e-01 -4.311279e-01 4.086129e-01
8.200000e-02 5.285000e-01 -4.307050e-01 4.087626e-01 8.150000e-02 5.290000e-01 -4.309168e-01 4.086883e-01
-6.740000e-01 5.295000e-01 -3.082584e-01 4.025877e-01 -6.740000e-01 5.305000e-01 -3.085488e-01 4.026782e-01
8.100000e-02 5.295000e-01 -4.311279e-01 4.086129e-01 8.100000e-02 5.305000e-01 -4.308940e-01 4.086963e-01
-6.740000e-01 5.305000e-01 -3.085488e-01 4.026782e-01 -6.735000e-01 5.310000e-01 -3.082315e-01 4.025788e-01
-6.735000e-01 5.310000e-01 -3.082315e-01 4.025788e-01 -6.730000e-01 5.315000e-01 -3.079154e-01 4.024778e-01
8.100000e-02 5.305000e-01 -4.308940e-01 4.086963e-01 8.100000e-02 5.315000e-01 -4.306588e-01 4.087815e-01
-6.730000e-01 5.315000e-01 -3.079154e-01 4.024778e-01 -6.730000e-01 5.325000e-01 -3.082102e-01 4.025717e-01
8.050000e-02 5.320000e-01 -4.308662e-01 4.087067e-01 8.000000e-02 5.325000e-01 -4.310729e-01 4.086308e-01
8.100000e-02 5.315000e-01 -4.306588e-01 4.087815e-01 8.050000e-02 5.320000e-01 -4.308662e-01 4.087067e-01
-6.730000e-01 5.325000e-01 -3.082102e-01 4.025717e-01 -6.725000e-01 5.330000e-01 -3.078970e-01 4.024717e-01
-6.725000e-01 5.330000e-01 -3.078970e-01 4.024717e-01 -6.720000e-01 5.335000e-01 -3.075850e-01 4.023702e-01
8.000000e-02 5.325000e-01 -4.310729e-01 4.086308e-01 8.000000e-02 5.335000e-01 -4.308339e-01 4.087184e-01
-6.720000e-01 5.335000e-01 -3.075850e-01 4.023702e-01 -6.720000e-01 5.345000e-01 -3.078843e-01 4.024675e-01
8.000000e-02 5.335000e-01 -4.308339e-01 4.087184e-01 8.000000e-02 5.345000e-01 -4.305934e-01 4.088079e-01
-6.720000e-01 5.345000e-01 -3.078843e-01 4.024675e-01 -6.715000e-01 5.350000e-01 -3.075752e-01 4.023670e-01
-6.715000e-01 5.350000e-01 -3.075752e-01 4.023670e-01 -6.710000e-01 5.355000e-01 -3.072672e-01 4.022650e-01
7.950000e-02 5.350000e-01 -4.307965e-01 4.087327e-01 7.900000e-02 5.355000e-01 -4.309987e-01 4.086563e-01
8.000000e-02 5.345000e-01 -4.305934e-01 4.088079e-01 7.950000e-02 5.350000e-01 -4.307965e-01 4.087327e-01
-6.710000e-01 5.355000e-01 -3.072672e-01 4.022650e-01 -6.710000e-01 5.365000e-01 -3.075710e-01 4.023658e-01
7.900000e-02 5.355000e-01 -4.309987e-01 4.086563e-01 7.900000e-02 5.365000e-01 -4.307545e-01 4.087483e-01
-6.710000e-01 5.365000e-01 -3.075710e-01 4.023658e-01 -6.705000e-01 5.370000e-01 -3.072660e-01 4.022649e-01
-6.705000e-01 5.370000e-01 -3.072660e-01 4.022649e-01 -6.700000e-01 5.375000e-01 -3.069622e-01 4.021624e-01
7.900000e-02 5.365000e-01 -4.307545e-01 4.087483e-01 7.900000e-02 5.375000e-01 -4.305091e-01 4.088422e-01
-6.700000e-01 5.375000e-01 -3.069622e-01 4.021624e-01 -6.700000e-01 5.385000e-01 -3.072704e-01 4.022668e-01
7.850000e-02 5.380000e-01 -4.307077e-01 4.087667e-01 7.800000e-02 5.385000e-01 -4.309055e-01 4.086900e-01
7.900000e-02 5.375000e-01 -4.305091e-01 4.088422e-01 7.850000e-02 5.380000e-01 -4.307077e-01 4.087667e-01
-6.700000e-01 5.385000e-01 -3.072704e-01 4.022668e-01 -6.695000e-01 5.390000e-01 -3.069695e-01 4.021654e-01
-6.695000e-01 5.390000e-01 -3.069695e-01 4.021654e-01 -6.690000e-01 5.395000e-01 -3.066698e-01 4.020626e-01
7.800000e-02 5.385000e-01 -4.309055e-01 4.086900e-01 7.800000e-02 5.395000e-01 -4.306564e-01 4.087864e-01
-6.690000e-01 5.395000e-01 -3.066698e-01 4.020626e-01 -6.690000e-01 5.405000e-01 -3.069824e-01 4.021706e-01
7.800000e-02 5.395000e-01 -4.306564e-01 4.087864e-01 7.800000e-02 5.405000e-01 -4.304059e-01 4.088847e-01
-6.690000e-01 5.405000e-01 -3.069824e-01 4.021706e-01 -6.685000e-01 5.410000e-01 -3.066856e-01 4.020689e-01
-6.685000e-01 5.410000e-01 -3.066856e-01 4.020689e-01 -6.680000e-01 5.415000e-01 -3.063901e-01 4.019658e-01
7.750000e-02 5.410000e-01 -4.306002e-01 4.088090e-01 7.700000e-02 5.415000e-01 -4.307934e-01 4.087321e-01
7.800000e-02 5.405000e-01 -4.304059e-01 4.088847e-01 7.750000e-02 5.410000e-01 -4.306002e-01 4.088090e-01
-6.680000e-01 5.415000e-01 -3.063901e-01 4.019658e-01 -6.675000e-01 5.420000e-01 -3.060960e-01 4.018633e-01
-6.675000e-01 5.420000e-01 -3.060960e-01 4.018633e-01 -6.670000e-01 5.425000e-01 -3.058032e-01 4.017593e-01
7.700000e-02 5.415000e-01 -4.307934e-01 4.087321e-01 7.700000e-02 5.425000e-01 -4.305393e-01 4.088331e-01
-6.670000e-01 5.425000e-01 -3.058032e-01 4.017593e-01 -6.670000e-01 5.435000e-01 -3.061230e-01 4.018722e-01
7.700000e-02 5.425000e-01 -4.305393e-01 4.088331e-01 7.700000e-02 5.435000e-01 -4.302838e-01 4.089360e-01
-6.670000e-01 5.435000e-01 -3.061230e-01 4.018722e-01 -6.665000e-01 5.440000e-01 -3.058330e-01 4.017693e-01
-6.665000e-01 5.440000e-01 -3.058330e-01 4.017693e-01 -6.660000e-01 5.445000e-01 -3.055444e-01 4.016651e-01
7.650000e-02 5.440000e-01 -4.304737e-01 4.088601e-01 7.600000e-02 5.445000e-01 -4.306625e-01 4.087830e-01
7.700000e-02 5.435000e-01 -4.302838e-01 4.089360e-01 7.650000e-02 5.440000e-01 -4.304737e-01 4.088601e-01
-6.660000e-01 5.445000e-01 -3.055444e-01 4.016651e-01 -6.660000e-01 5.455000e-01 -3.058684e-01 4.017818e-01
7.600000e-02 5.445000e-01 -4.306625e-01 4.087830e-01 7.600000e-02 5.455000e-01 -4.304035e-01 4.088887e-01
-6.660000e-01 5.455000e-01 -3.058684e-01 4.017818e-01 -6.655000e-01 5.460000e-01 -3.055826e-01 4.016788e-01
-6.655000e-01 5.460000e-01 -3.055826e-01 4.016788e-01 -6.650000e-01 5.465000e-01 -3.052982e-01 4.015744e-01
7.600000e-02 5.455000e-01 -4.304035e-01 4.088887e-01 7.600000e-02 5.465000e-01 -4.301432e-01 4.089963e-01
-6.650000e-01 5.465000e-01 -3.052982e-01 4.015744e-01 -6.650000e-01 5.475000e-01 -3.056264e-01 4.016950e-01
7.550000e-02 5.470000e-01 -4.303286e-01 4.089204e-01 7.500000e-02 5.475000e-01 -4.305131e-01 4.088432e-01
7.600000e-02 5.465000e-01 -4.301432e-01 4.089963e-01 7.550000e-02 5.470000e-01 -4.303286e-01 4.089204e-01
-6.650000e-01 5.475000e-01 -3.056264e-01 4.016950e-01 -6.645000e-01 5.480000e-01 -3.053448e-01 4.015919e-01
-6.645000e-01 5.480000e-01 -3.053448e-01 4.015919e-01 -6.640000e-01 5.485000e-01 -3.050645e-01 4.014873e-01
7.500000e-02 5.475000e-01 -4.305131e-01 4.088432e-01 7.500000e-02 5.485000e-01 -4.302491e-01 4.089536e-01
-6.640000e-01 5.485000e-01 -3.050645e-01 4.014873e-01 -6.640000e-01 5.495000e-01 -3.053969e-01 4.016119e-01
7.450000e-02 5.490000e-01 -4.304313e-01 4.088773e-01 7.400000e-02 5.495000e-01 -4.306124e-01 4.087998e-01
7.500000e-02 5.485000e-01 -4.302491e-01 4.089536e-01 7.450000e-02 5.490000e-01 -4.304313e-01 4.088773e-01
-6.640000e-01 5.495000e-01 -3.053969e-01 4.016119e-01 -6.635000e-01 5.500000e-01 -3.051194e-01 4.015087e-01
-6.635000e-01 5.500000e-01 -3.051194e-01 4.015087e-01 -6.630000e-01 5.505000e-01 -3.048434e-01 4.014041e-01
7.400000e-02 5.495000e-01 -4.306124e-01 4.087998e-01 7.400000e-02 5.505000e-01 -4.303451e-01 4.089130e-01
-6.630000e-01 5.505000e-01 -3.048434e-01 4.014041e-01 -6.625000e-01 5.510000e-01 -3.045687e-01 4.013002e-01
-6.625000e-01 5.510000e-01 -3.045687e-01 4.013002e-01 -6.620000e-01 5.515000e-01 -3.042954e-01 4.011948e-01
7.400000e-02 5.505000e-01 -4.303451e-01 4.089130e-01 7.400000e-02 5.515000e-01 -4.300764e-01 4.090283e-01
-6.620000e-01 5.515000e-01 -3.042954e-01 4.011948e-01 -6.620000e-01 5.525000e-01 -3.046347e-01 4.013249e-01
7.350000e-02 5.520000e-01 -4.302541e-01 4.089520e-01 7.300000e-02 5.525000e-01 -4.304309e-01 4.088746e-01
7.400000e-02 5.515000e-01 -4.300764e-01 4.090283e-01 7.350000e-02 5.520000e-01 -4.302541e-01 4.089520e-01
-6.620000e-01 5.525000e-01 -3.046347e-01 4.013249e-01 -6.615000e-01 5.530000e-01 -3.043643e-01 4.012209e-01
-6.615000e-01 5.530000e-01 -3.043643e-01 4.012209e-01 -6.610000e-01 5.535000e-01 -3.040952e-01 4.011156e-01
7.300000e-02 5.525000e-01 -4.304309e-01 4.088746e-01 7.300000e-02 5.535000e-01 -4.301587e-01 4.089928e-01
-6.610000e-01 5.535000e-01 -3.040952e-01 4.011156e-01 -6.610000e-01 5.545000e-01 -3.044385e-01 4.012498e-01
7.300000e-02 5.535000e-01 -4.301587e-01 4.089928e-01 7.300000e-02 5.545000e-01 -4.298854e-01 4.091130e-01
-6.610000e-01 5.545000e-01 -3.044385e-01 4.012498e-01 -6.605000e-01 5.550000e-01 -3.041722e-01 4.011459e-01
-6.605000e-01 5.550000e-01 -3.041722e-01 4.011459e-01 -6.600000e-01 5.555000e-01 -3.039074e-01 4.010407e-01
7.250000e-02 5.550000e-01 -4.300587e-01 4.090369e-01 7.200000e-02 5.555000e-01 -4.302311e-01 4.089597e-01
7.300000e-02 5.545000e-01 -4.298854e-01 4.091130e-01 7.250000e-02 5.550000e-01 -4.300587e-01 4.090369e-01
-6.600000e-01 5.555000e-01 -3.039074e-01 4.010407e-01 -6.600000e-01 5.565000e-01 -3.042547e-01 4.011791e-01
7.200000e-02 5.555000e-01 -4.302311e-01 4.089597e-01 7.200000e-02 5.565000e-01 -4.299543e-01 4.090829e-01
-6.600000e-01 5.565000e-01 -3.042547e-01 4.011791e-01 -6.595000e-01 5.570000e-01 -3.039926e-01 4.010754e-01
-6.595000e-01 5.570000e-01 -3.039926e-01 4.010754e-01 -6.590000e-01 5.575000e-01 -3.037320e-01 4.009702e-01
7.200000e-02 5.565000e-01 -4.299543e-01 4.090829e-01 7.200000e-02 5.575000e-01 -4.296763e-01 4.092082e-01
-6.590000e-01 5.575000e-01 -3.037320e-01 4.009702e-01 -6.585000e-01 5.580000e-01 -3.034727e-01 4.008659e-01
-6.585000e-01 5.580000e-01 -3.034727e-01 4.008659e-01 -6.580000e-01 5.585000e-01 -3.032148e-01 4.007602e-01
7.150000e-02 5.580000e-01 -4.298452e-01 4.091323e-01 7.100000e-02 5.585000e-01 -4.300132e-01 4.090553e-01
7.200000e-02 5.575000e-01 -4.296763e-01 4.092082e-01 7.150000e-02 5.580000e-01 -4.298452e-01 4.091323e-01
-6.580000e-01 5.585000e-01 -3.032148e-01 4.007602e-01 -6.580000e-01 5.595000e-01 -3.035689e-01 4.009044e-01
7.100000e-02 5.585000e-01 -4.300132e-01 4.090553e-01 7.100000e-02 5.595000e-01 -4.297318e-01 4.091837e-01
-6.580000e-01 5.595000e-01 -3.035689e-01 4.009044e-01 -6.575000e-01 5.600000e-01 -3.033138e-01 4.008003e-01
-6.575000e-01 5.600000e-01 -3.033138e-01 4.008003e-01 -6.570000e-01 5.605000e-01 -3.030602e-01 4.006948e-01
7.100000e-02 5.595000e-01 -4.297318e-01 4.091837e-01 7.100000e-02 5.605000e-01 -4.294493e-01 4.093141e-01
-6.570000e-01 5.605000e-01 -3.030602e-01 4.006948e-01 -6.570000e-01 5.615000e-01 -3.034182e-01 4.008434e-01
7.050000e-02 5.610000e-01 -4.296138e-01 4.092386e-01 7.000000e-02 5.615000e-01 -4.297773e-01 4.091620e-01
7.100000e-02 5.605000e-01 -4.294493e-01 4.093141e-01 7.050000e-02 5.610000e-01 -4.296138e-01 4.092386e-01
-6.570000e-01 5.615000e-01 -3.034182e-01 4.008434e-01 -6.565000e-01 5.620000e-01 -3.031672e-01 4.007396e-01
-6.565000e-01 5.620000e-01 -3.031672e-01 4.007396e-01 -6.560000e-01 5.625000e-01 -3.029178e-01 4.006343e-01
7.000000e-02 5.615000e-01 -4.297773e-01 4.091620e-01 7.000000e-02 5.625000e-01 -4.294915e-01 4.092955e-01
-6.560000e-01 5.625000e-01 -3.029178e-01 4.006343e-01 -6.560000e-01 5.635000e-01 -3.032797e-01 4.007874e-01
7.000000e-02 5.625000e-01 -4.294915e-01 4.092955e-01 7.000000e-02 5.635000e-01 -4.292045e-01 4.094312e-01
-6.560000e-01 5.635000e-01 -3.032797e-01 4.007874e-01 -6.555000e-01 5.640000e-01 -3.030329e-01 4.006839e-01
-6.555000e-01 5.640000e-01 -3.030329e-01 4.006839e-01 -6.550000e-01 5.645000e-01 -3.027877e-01 4.005790e-01
6.950000e-02 5.640000e-01 -4.293647e-01 4.093561e-01 6.900000e-02 5.645000e-01 -4.295238e-01 4.092799e-01
7.000000e-02 5.635000e-01 -4.292045e-01 4.094312e-01 6.950000e-02 5.640000e-01 -4.293647e-01 4.093561e-01
-6.550000e-01 5.645000e-01 -3.027877e-01 4.005790e-01 -6.545000e-01 5.650000e-01 -3.025439e-01 4.004750e-01
-6.545000e-01 5.650000e-01 -3.025439e-01 4.004750e-01 -6.540000e-01 5.655000e-01 -3.023015e-01 4.003696e-01
6.900000e-02 5.645000e-01 -4.295238e-01 4.092799e-01 6.900000e-02 5.655000e-01 -4.292335e-01 4.094188e-01
-6.540000e-01 5.655000e-01 -3.023015e-01 4.003696e-01 -6.540000e-01 5.665000e-01 -3.026698e-01 4.005289e-01
6.850000e-02 5.660000e-01 -4.293904e-01 4.093437e-01 6.800000e-02 5.665000e-01 -4.295462e-01 4.092674e-01
6.900000e-02 5.655000e-01 -4.292335e-01 4.094188e-01 6.850000e-02 5.660000e-01 -4.293904e-01 4.093437e-01
-6.540000e-01 5.665000e-01 -3.026698e-01 4.005289e-01 -6.535000e-01 5.670000e-01 -3.024302e-01 4.004253e-01
-6.535000e-01 5.670000e-01 -3.024302e-01 4.004253e-01 -6.530000e-01 5.675000e-01 -3.021920e-01 4.003204e-01
6.800000e-02 5.665000e-01 -4.295462e-01 4.092674e-01 6.800000e-02 5.675000e-01 -4.292527e-01 4.094095e-01
-6.530000e-01 5.675000e-01 -3.021920e-01 4.003204e-01 -6.530000e-01 5.685000e-01 -3.025641e-01 4.004843e-01
6.800000e-02 5.675000e-01 -4.292527e-01 4.094095e-01 6.800000e-02 5.685000e-01 -4.289581e-01 4.095538e-01
-6.530000e-01 5.685000e-01 -3.025641e-01 4.004843e-01 -6.525000e-01 5.690000e-01 -3.023286e-01 4.003811e-01
-6.525000e-01 5.690000e-01 -3.023286e-01 4.003811e-01 -6.520000e-01 5.695000e-01 -3.020947e-01 4.002767e-01
6.750000e-02 5.690000e-01 -4.291106e-01 4.094792e-01 6.700000e-02 5.695000e-01 -4.292621e-01 4.094036e-01
6.800000e-02 5.685000e-01 -4.289581e-01 4.095538e-01 6.750000e-02 5.690000e-01 -4.291106e-01 4.094792e-01
-6.520000e-01 5.695000e-01 -3.020947e-01 4.002767e-01 -6.515000e-01 5.700000e-01 -3.018620e-01 4.001731e-01
-6.515000e-01 5.700000e-01 -3.018620e-01 4.001731e-01 -6.510000e-01 5.705000e-01 -3.016310e-01 4.000683e-01
6.700000e-02 5.695000e-01 -4.292621e-01 4.094036e-01 6.700000e-02 5.705000e-01 -4.289643e-01 4.095512e-01
-6.510000e-01 5.705000e-01 -3.016310e-01 4.000683e-01 -6.510000e-01 5.715000e-01 -3.020093e-01 4.002387e-01
6.700000e-02 5.705000e-01 -4.289643e-01 4.095512e-01 6.700000e-02 5.715000e-01 -4.286655e-01 4.097009e-01
-6.510000e-01 5.715000e-01 -3.020093e-01 4.002387e-01 -6.505000e-01 5.720000e-01 -3.017809e-01 4.001357e-01
-6.505000e-01 5.720000e-01 -3.017809e-01 4.001357e-01 -6.500000e-01 5.725000e-01 -3.015541e-01 4.000314e-01
6.650000e-02 5.720000e-01 -4.288137e-01 4.096270e-01 6.600000e-02 5.725000e-01 -4.289607e-01 4.095520e-01
6.700000e-02 5.715000e-01 -4.286655e-01 4.097009e-01 6.650000e-02 5.720000e-01 -4.288137e-01 4.096270e-01
-6.500000e-01 5.725000e-01 -3.015541e-01 4.000314e-01 -6.500000e-01 5.735000e-01 -3.019360e-01 4.002066e-01
6.600000e-02 5.725000e-01 -4.289607e-01 4.095520e-01 6.600000e-02 5.735000e-01 -4.286588e-01 4.097051e-01
-6.500000e-01 5.735000e-01 -3.019360e-01 4.002066e-01 -6.495000e-01 5.740000e-01 -3.017117e-01 4.001042e-01
-6.495000e-01 5.740000e-01 -3.017117e-01 4.001042e-01 -6.490000e-01 5.745000e-01 -3.014891e-01 4.000006e-01
6.600000e-02 5.735000e-01 -4.286588e-01 4.097051e-01 6.600000e-02 5.745000e-01 -4.283558e-01 4.098604e-01
-6.490000e-01 5.745000e-01 -3.014891e-01 4.000006e-01 -6.485000e-01 5.750000e-01 -3.012678e-01 3.998979e-01
-6.485000e-01 5.750000e-01 -3.012678e-01 3.998979e-01 -6.480000e-01 5.755000e-01 -3.010481e-01 3.997939e-01
6.550000e-02 5.750000e-01 -4.284997e-01 4.097872e-01 6.500000e-02 5.755000e-01 -4.286424e-01 4.097130e-01
6.600000e-02 5.745000e-01 -4.283558e-01 4.098604e-01 6.550000e-02 5.750000e-01 -4.284997e-01 4.097872e-01
-6.480000e-01 5.755000e-01 -3.010481e-01 3.997939e-01 -6.480000e-01 5.765000e-01 -3.014361e-01 3.999759e-01
6.500000e-02 5.755000e-01 -4.286424e-01 4.097130e-01 6.500000e-02 5.765000e-01 -4.283363e-01 4.098717e-01
-6.480000e-01 5.765000e-01 -3.014361e-01 3.999759e-01 -6.475000e-01 5.770000e-01 -3.012189e-01 3.998739e-01
-6.475000e-01 5.770000e-01 -3.012189e-01 3.998739e-01 -6.470000e-01 5.775000e-01 -3.010034e-01 3.997706e-01
6.500000e-02 5.765000e-01 -4.283363e-01 4.098717e-01 6.500000e-02 5.775000e-01 -4.280292e-01 4.100327e-01
-6.470000e-01 5.775000e-01 -3.010034e-01 3.997706e-01 -6.470000e-01 5.785000e-01 -3.013948e-01 3.999575e-01
6.450000e-02 5.780000e-01 -4.281688e-01 4.099603e-01 6.400000e-02 5.785000e-01 -4.283072e-01 4.098868e-01
6.500000e-02 5.775000e-01 -4.280292e-01 4.100327e-01 6.450000e-02 5.780000e-01 -4.281688e-01 4.099603e-01
-6.470000e-01 5.785000e-01 -3.013948e-01 3.999575e-01 -6.465000e-01 5.790000e-01 -3.011818e-01 3.998562e-01
-6.465000e-01 5.790000e-01 -3.011818e-01 3.998562e-01 -6.460000e-01 5.795000e-01 -3.009705e-01 3.997537e-01
6.400000e-02 5.785000e-01 -4.283072e-01 4.098868e-01 6.400000e-02 5.795000e-01 -4.279971e-01 4.100513e-01
-6.460000e-01 5.795000e-01 -3.009705e-01 3.997537e-01 -6.455000e-01 5.800000e-01 -3.007604e-01 3.996523e-01
-6.455000e-01 5.800000e-01 -3.007604e-01 3.996523e-01 -6.450000e-01 5.805000e-01 -3.005521e-01 3.995495e-01
6.350000e-02 5.800000e-01 -4.281335e-01 4.099792e-01 6.300000e-02 5.805000e-01 -4.282686e-01 4.099060e-01
6.400000e-02 5.795000e-01 -4.279971e-01 4.100513e-01 6.350000e-02 5.800000e-01 -4.281335e-01 4.099792e-01
-6.450000e-01 5.805000e-01 -3.005521e-01 3.995495e-01 -6.450000e-01 5.815000e-01 -3.009493e-01 3.997434e-01
6.300000e-02 5.805000e-01 -4.282686e-01 4.099060e-01 6.300000e-02 5.815000e-01 -4.279555e-01 4.100740e-01
-6.450000e-01 5.815000e-01 -3.009493e-01 3.997434e-01 -6.445000e-01 5.820000e-01 -3.007434e-01 3.996428e-01
-6.445000e-01 5.820000e-01 -3.007434e-01 3.996428e-01 -6.440000e-01 5.825000e-01 -3.005392e-01 3.995409e-01
6.300000e-02 5.815000e-01 -4.279555e-01 4.100740e-01 6.300000e-02 5.825000e-01 -4.276415e-01 4.102442e-01
-6.440000e-01 5.825000e-01 -3.005392e-01 3.995409e-01 -6.440000e-01 5.835000e-01 -3.009397e-01 3.997398e-01
6.250000e-02 5.830000e-01 -4.277735e-01 4.101730e-01 6.200000e-02 5.835000e-01 -4.279044e-01 4.101008e-01
6.300000e-02 5.825000e-01 -4.276415e-01 4.102442e-01 6.250000e-02 5.830000e-01 -4.277735e-01 4.101730e-01
-6.440000e-01 5.835000e-01 -3.009397e-01 3.997398e-01 -6.435000e-01 5.840000e-01 -3.007379e-01 3.996401e-01
-6.435000e-01 5.840000e-01 -3.007379e-01 3.996401e-01 -6.430000e-01 5.845000e-01 -3.005379e-01 3.995392e-01
6.200000e-02 5.835000e-01 -4.279044e-01 4.101008e-01 6.200000e-02 5.845000e-01 -4.275874e-01 4.102746e-01
-6.430000e-01 5.845000e-01 -3.005379e-01 3.995392e-01 -6.425000e-01 5.850000e-01 -3.003391e-01 3.994393e-01
-6.425000e-01 5.850000e-01 -3.003391e-01 3.994393e-01 -6.420000e-01 5.855000e-01 -3.001421e-01 3.993382e-01
6.200000e-02 5.845000e-01 -4.275874e-01 4.102746e-01 6.200000e-02 5.855000e-01 -4.272696e-01 4.104507e-01
-6.420000e-01 5.855000e-01 -3.001421e-01 3.993382e-01 -6.420000e-01 5.865000e-01 -3.005482e-01 3.995444e-01
6.150000e-02 5.860000e-01 -4.273974e-01 4.103805e-01 6.100000e-02 5.865000e-01 -4.275240e-01 4.103093e-01
6.200000e-02 5.855000e-01 -4.272696e-01 4.104507e-01 6.150000e-02 5.860000e-01 -4.273974e-01 4.103805e-01
-6.420000e-01 5.865000e-01 -3.005482e-01 3.995444e-01 -6.415000e-01 5.870000e-01 -3.003535e-01 3.994455e-01
-6.415000e-01 5.870000e-01 -3.003535e-01 3.994455e-01 -6.410000e-01 5.875000e-01 -3.001606e-01 3.993454e-01
6.100000e-02 5.865000e-01 -4.275240e-01 4.103093e-01 6.100000e-02 5.875000e-01 -4.272032e-01 4.104891e-01
-6.410000e-01 5.875000e-01 -3.001606e-01 3.993454e-01 -6.410000e-01 5.885000e-01 -3.005699e-01 3.995567e-01
6.050000e-02 5.880000e-01 -4.273278e-01 4.104193e-01 6.000000e-02 5.885000e-01 -4.274512e-01 4.103485e-01
6.100000e-02 5.875000e-01 -4.272032e-01 4.104891e-01 6.050000e-02 5.880000e-01 -4.273278e-01 4.104193e-01
-6.410000e-01 5.885000e-01 -3.005699e-01 3.995567e-01 -6.405000e-01 5.890000e-01 -3.003794e-01 3.994588e-01
-6.405000e-01 5.890000e-01 -3.003794e-01 3.994588e-01 -6.400000e-01 5.895000e-01 -3.001906e-01 3.993598e-01
6.000000e-02 5.885000e-01 -4.274512e-01 4.103485e-01 6.000000e-02 5.895000e-01 -4.271275e-01 4.105320e-01
-6.400000e-01 5.895000e-01 -3.001906e-01 3.993598e-01 -6.395000e-01 5.900000e-01 -3.000030e-01 3.992619e-01
-6.395000e-01 5.900000e-01 -3.000030e-01 3.992619e-01 -6.390000e-01 5.905000e-01 -2.998172e-01 3.991628e-01
6.000000e-02 5.895000e-01 -4.271275e-01 4.105320e-01 6.000000e-02 5.905000e-01 -4.268032e-01 4.107177e-01
-6.390000e-01 5.905000e-01 -2.998172e-01 3.991628e-01 -6.390000e-01 5.915000e-01 -3.002318e-01 3.993816e-01
5.950000e-02 5.910000e-01 -4.269235e-01 4.106491e-01 5.900000e-02 5.915000e-01 -4.270426e-01 4.105795e-01
6.000000e-02 5.905000e-01 -4.268032e-01 4.107177e-01 5.950000e-02 5.910000e-01 -4.269235e-01 4.106491e-01
-6.390000e-01 5.915000e-01 -3.002318e-01 3.993816e-01 -6.385000e-01 5.920000e-01 -3.000483e-01 3.992848e-01
-6.385000e-01 5.920000e-01 -3.000483e-01 3.992848e-01 -6.380000e-01 5.925000e-01 -2.998667e-01 3.991868e-01
5.900000e-02 5.915000e-01 -4.270426e-01 4.105795e-01 5.900000e-02 5.925000e-01 -4.267154e-01 4.107689e-01
-6.380000e-01 5.925000e-01 -2.998667e-01 3.991868e-01 -6.380000e-01 5.935000e-01 -3.002843e-01 3.994109e-01
5.900000e-02 5.925000e-01 -4.267154e-01 4.107689e-01 5.900000e-02 5.935000e-01 -4.263874e-01 4.109607e-01
-6.380000e-01 5.935000e-01 -3.002843e-01 3.994109e-01 -6.375000e-01 5.940000e-01 -3.001049e-01 3.993153e-01
-6.375000e-01 5.940000e-01 -3.001049e-01 3.993153e-01 -6.370000e-01 5.945000e-01 -2.999273e-01 3.992185e-01
5.850000e-02 5.940000e-01 -4.265036e-01 4.108933e-01 5.800000e-02 5.945000e-01 -4.266185e-01 4.108250e-01
5.900000e-02 5.935000e-01 -4.263874e-01 4.109607e-01 5.850000e-02 5.940000e-01 -4.265036e-01 4.108933e-01
-6.370000e-01 5.945000e-01 -2.999273e-01 3.992185e-01 -6.365000e-01 5.950000e-01 -2.997509e-01 3.991229e-01
-6.365000e-01 5.950000e-01 -2.997509e-01 3.991229e-01 -6.360000e-01 5.955000e-01 -2.995762e-01 3.990262e-01
5.800000e-02 5.945000e-01 -4.266185e-01 4.108250e-01 5.800000e-02 5.955000e-01 -4.262878e-01 4.110205e-01
-6.360000e-01 5.955000e-01 -2.995762e-01 3.990262e-01 -6.360000e-01 5.965000e-01 -2.999990e-01 3.992579e-01
5.800000e-02 5.955000e-01 -4.262878e-01 4.110205e-01 5.800000e-02 5.965000e-01 -4.259563e-01 4.112184e-01
-6.360000e-01 5.965000e-01 -2.999990e-01 3.992579e-01 -6.355000e-01 5.970000e-01 -2.998267e-01 3.991636e-01
-6.355000e-01 5.970000e-01 -2.998267e-01 3.991636e-01 -6.350000e-01 5.975000e-01 -2.996561e-01 3.990682e-01
5.750000e-02 5.970000e-01 -4.260683e-01 4.111523e-01 5.700000e-02 5.975000e-01 -4.261791e-01 4.110853e-01
5.800000e-02 5.965000e-01 -4.259563e-01 4.112184e-01 5.750000e-02 5.970000e-01 -4.260683e-01 4.111523e-01
-6.350000e-01 5.975000e-01 -2.996561e-01 3.990682e-01 -6.350000e-01 5.985000e-01 -3.000817e-01 3.993053e-01
5.700000e-02 5.975000e-01 -4.261791e-01 4.110853e-01 5.700000e-02 5.985000e-01 -4.258449e-01 4.112871e-01
-6.350000e-01 5.985000e-01 -3.000817e-01 3.993053e-01 -6.345000e-01 5.990000e-01 -2.999134e-01 3.992122e-01
-6.345000e-01 5.990000e-01 -2.999134e-01 3.992122e-01 -6.340000e-01 5.995000e-01 -2.997469e-01 3.991181e-01
5.650000e-02 5.990000e-01 -4.259538e-01 4.112216e-01 5.600000e-02 5.995000e-01 -4.260614e-01 4.111552e-01
5.700000e-02 5.985000e-01 -4.258449e-01 4.112871e-01 5.650000e-02 5.990000e-01 -4.259538e-01 4.112216e-01
-6.340000e-01 5.995000e-01 -2.997469e-01 3.991181e-01 -6.335000e-01 6.000000e-01 -2.995815e-01 3.990252e-01
-6.335000e-01 6.000000e-01 -2.995815e-01 3.990252e-01 -6.330000e-01 6.005000e-01 -2.994181e-01 3.989312e-01
5.600000e-02 5.995000e-01 -4.260614e-01 4.111552e-01 5.600000e-02 6.005000e-01 -4.257246e-01 4.113608e-01
-6.330000e-01 6.005000e-01 -2.994181e-01 3.989312e-01 -6.330000e-01 6.015000e-01 -2.998486e-01 3.991762e-01
5.600000e-02 6.005000e-01 -4.257246e-01 4.113608e-01 5.600000e-02 6.015000e-01 -4.253871e-01 4.115687e-01
-6.330000e-01 6.015000e-01 -2.998486e-01 3.991762e-01 -6.325000e-01 6.020000e-01 -2.996872e-01 3.990846e-01
-6.325000e-01 6.020000e-01 -2.996872e-01 3.990846e-01 -6.320000e-01 6.025000e-01 -2.995278e-01 3.989921e-01
5.550000e-02 6.020000e-01 -4.254919e-01 4.115047e-01 5.500000e-02 6.025000e-01 -4.255954e-01 4.114398e-01
5.600000e-02 6.015000e-01 -4.253871e-01 4.115687e-01 5.550000e-02 6.020000e-01 -4.254919e-01 4.115047e-01
-6.320000e-01 6.025000e-01 -2.995278e-01 3.989921e-01 -6.320000e-01 6.035000e-01 -2.999609e-01 3.992425e-01
5.500000e-02 6.025000e-01 -4.255954e-01 4.114398e-01 5.500000e-02 6.035000e-01 -4.252553e-01 4.116517e-01
-6.320000e-01 6.035000e-01 -2.999609e-01 3.992425e-01 -6.315000e-01 6.040000e-01 -2.998036e-01 3.991524e-01
-6.315000e-01 6.040000e-01 -2.998036e-01 3.991524e-01 -6.310000e-01 6.045000e-01 -2.996482e-01 3.990613e-01
5.500000e-02 6.035000e-01 -4.252553e-01 4.116517e-01 5.500000e-02 6.045000e-01 -4.249146e-01 4.118658e-01
-6.310000e-01 6.045000e-01 -2.996482e-01 3.990613e-01 -6.305000e-01 6.050000e-01 -2.994938e-01 3.989714e-01
-6.305000e-01 6.050000e-01 -2.994938e-01 3.989714e-01 -6.300000e-01 6.055000e-01 -2.993413e-01 3.988805e-01
5.450000e-02 6.050000e-01 -4.250153e-01 4.118034e-01 5.400000e-02 6.055000e-01 -4.251147e-01 4.117400e-01
5.500000e-02 6.045000e-01 -4.249146e-01 4.118658e-01 5.450000e-02 6.050000e-01 -4.250153e-01 4.118034e-01
-6.300000e-01 6.055000e-01 -2.993413e-01 3.988805e-01 -6.300000e-01 6.065000e-01 -2.997791e-01 3.991389e-01
5.400000e-02 6.055000e-01 -4.251147e-01 4.117400e-01 5.400000e-02 6.065000e-01 -4.247714e-01 4.119582e-01
-6.300000e-01 6.065000e-01 -2.997791e-01 3.991389e-01 -6.295000e-01 6.070000e-01 -2.996287e-01 3.990506e-01
-6.295000e-01 6.070000e-01 -2.996287e-01 3.990506e-01 -6.290000e-01 6.075000e-01 -2.994802e-01 3.989612e-01
5.350000e-02 6.070000e-01 -4.248690e-01 4.118965e-01 5.300000e-02 6.075000e-01 -4.249653e-01 4.118339e-01
5.400000e-02 6.065000e-01 -4.247714e-01 4.119582e-01 5.350000e-02 6.070000e-01 -4.248690e-01 4.118965e-01
-6.290000e-01 6.075000e-01 -2.994802e-01 3.989612e-01 -6.290000e-01 6.085000e-01 -2.999205e-01 3.992252e-01
5.300000e-02 6.075000e-01 -4.249653e-01 4.118339e-01 5.300000e-02 6.085000e-01 -4.246196e-01 4.120561e-01
-6.290000e-01 6.085000e-01 -2.999205e-01 3.992252e-01 -6.285000e-01 6.090000e-01 -2.997740e-01 3.991384e-01
-6.285000e-01 6.090000e-01 -2.997740e-01 3.991384e-01 -6.280000e-01 6.095000e-01 -2.996295e-01 3.990506e-01
5.300000e-02 6.085000e-01 -4.246196e-01 4.120561e-01 5.300000e-02 6.095000e-01 -4.242733e-01 4.122806e-01
-6.280000e-01 6.095000e-01 -2.996295e-01 3.990506e-01 -6.275000e-01 6.100000e-01 -2.994860e-01 3.989641e-01
-6.275000e-01 6.100000e-01 -2.994860e-01 3.989641e-01 -6.270000e-01 6.105000e-01 -2.993445e-01 3.988766e-01
5.250000e-02 6.100000e-01 -4.243668e-01 4.122205e-01 5.200000e-02 6.105000e-01 -4.244591e-01 4.121596e-01
5.300000e-02 6.095000e-01 -4.242733e-01 4.122806e-01 5.250000e-02 6.100000e-01 -4.243668e-01 4.122205e-01
-6.270000e-01 6.105000e-01 -2.993445e-01 3.988766e-01 -6.270000e-01 6.115000e-01 -2.997891e-01 3.991488e-01
5.200000e-02 6.105000e-01 -4.244591e-01 4.121596e-01 5.200000e-02 6.115000e-01 -4.241104e-01 4.123882e-01
-6.270000e-01 6.115000e-01 -2.997891e-01 3.991488e-01 -6.265000e-01 6.120000e-01 -2.996495e-01 3.990639e-01
-6.265000e-01 6.120000e-01 -2.996495e-01 3.990639e-01 -6.260000e-01 6.125000e-01 -2.995119e-01 3.989781e-01
5.200000e-02 6.115000e-01 -4.241104e-01 4.123882e-01 5.200000e-02 6.125000e-01 -4.237611e-01 4.126191e-01
-6.260000e-01 6.125000e-01 -2.995119e-01 3.989781e-01 -6.260000e-01 6.135000e-01 -2.999588e-01 3.992560e-01
5.150000e-02 6.130000e-01 -4.238507e-01 4.125608e-01 5.100000e-02 6.135000e-01 -4.239390e-01 4.125016e-01
5.200000e-02 6.125000e-01 -4.237611e-01 4.126191e-01 5.150000e-02 6.130000e-01 -4.238507e-01 4.125608e-01
-6.260000e-01 6.135000e-01 -2.999588e-01 3.992560e-01 -6.255000e-01 6.140000e-01 -2.998232e-01 3.991728e-01
-6.255000e-01 6.140000e-01 -2.998232e-01 3.991728e-01 -6.250000e-01 6.145000e-01 -2.996895e-01 3.990886e-01
5.100000e-02 6.135000e-01 -4.239390e-01 4.125016e-01 5.100000e-02 6.145000e-01 -4.235874e-01 4.127366e-01
-6.250000e-01 6.145000e-01 -2.996895e-01 3.990886e-01 -6.245000e-01 6.150000e-01 -2.995568e-01 3.990058e-01
-6.245000e-01 6.150000e-01 -2.995568e-01 3.990058e-01 -6.240000e-01 6.155000e-01 -2.994260e-01 3.989220e-01
5.050000e-02 6.150000e-01 -4.236739e-01 4.126792e-01 5.000000e-02 6.155000e-01 -4.237591e-01 4.126209e-01
5.100000e-02 6.145000e-01 -4.235874e-01 4.127366e-01 5.050000e-02 6.150000e-01 -4.236739e-01 4.126792e-01
-6.240000e-01 6.155000e-01 -2.994260e-01 3.989220e-01 -6.240000e-01 6.165000e-01 -2.998770e-01 3.992083e-01
5.000000e-02 6.155000e-01 -4.237591e-01 4.126209e-01 5.000000e-02 6.165000e-01 -4.234052e-01 4.128600e-01
-6.240000e-01 6.165000e-01 -2.998770e-01 3.992083e-01 -6.235000e-01 6.170000e-01 -2.997481e-01 3.991272e-01
-6.235000e-01 6.170000e-01 -2.997481e-01 3.991272e-01 -6.230000e-01 6.175000e-01 -2.996213e-01 3.990452e-01
5.000000e-02 6.165000e-01 -4.234052e-01 4.128600e-01 5.000000e-02 6.175000e-01 -4.230508e-01 4.131015e-01
-6.230000e-01 6.175000e-01 -2.996213e-01 3.990452e-01 -6.225000e-01 6.180000e-01 -2.994953e-01 3.989646e-01
-6.225000e-01 6.180000e-01 -2.994953e-01 3.989646e-01 -6.220000e-01 6.185000e-01 -2.993714e-01 3.988831e-01
4.950000e-02 6.180000e-01 -4.231334e-01 4.130460e-01 4.900000e-02 6.185000e-01 -4.232147e-01 4.129896e-01
5.000000e-02 6.175000e-01 -4.230508e-01 4.131015e-01 4.950000e-02 6.180000e-01 -4.231334e-01 4.130460e-01
-6.220000e-01 6.185000e-01 -2.993714e-01 3.988831e-01 -6.220000e-01 6.195000e-01 -2.998263e-01 3.991777e-01
4.900000e-02 6.185000e-01 -4.232147e-01 4.129896e-01 4.900000e-02 6.195000e-01 -4.228580e-01 4.132352e-01
-6.220000e-01 6.195000e-01 -2.998263e-01 3.991777e-01 -6.215000e-01 6.200000e-01 -2.997042e-01 3.990989e-01
-6.215000e-01 6.200000e-01 -2.997042e-01 3.990989e-01 -6.210000e-01 6.205000e-01 -2.995842e-01 3.990192e-01
4.850000e-02 6.200000e-01 -4.229376e-01 4.131806e-01 4.800000e-02 6.205000e-01 -4.230158e-01 4.131252e-01
4.900000e-02 6.195000e-01 -4.228580e-01 4.132352e-01 4.850000e-02 6.200000e-01 -4.229376e-01 4.131806e-01
-6.210000e-01 6.205000e-01 -2.995842e-01 3.990192e-01 -6.210000e-01 6.215000e-01 -3.000411e-01 3.993196e-01
4.800000e-02 6.205000e-01 -4.230158e-01 4.131252e-01 4.800000e-02 6.215000e-01 -4.226571e-01 4.133751e-01
-6.210000e-01 6.215000e-01 -3.000411e-01 3.993196e-01 -6.205000e-01 6.220000e-01 -2.999228e-01 3.992427e-01
-6.205000e-01 6.220000e-01 -2.999228e-01 3.992427e-01 -6.200000e-01 6.225000e-01 -2.998065e-01 3.991649e-01
4.800000e-02 6.215000e-01 -4.226571e-01 4.133751e-01 4.800000e-02 6.225000e-01 -4.222978e-01 4.136273e-01
-6.200000e-01 6.225000e-01 -2.998065e-01 3.991649e-01 -6.195000e-01 6.230000e-01 -2.996911e-01 3.990885e-01
-6.195000e-01 6.230000e-01 -2.996911e-01 3.990885e-01 -6.190000e-01 6.235000e-01 -2.995778e-01 3.990113e-01
4.750000e-02 6.230000e-01 -4.223735e-01 4.135747e-01 4.700000e-02 6.235000e-01 -4.224479e-01 4.135213e-01
4.800000e-02 6.225000e-01 -4.222978e-01 4.136273e-01 4.750000e-02 6.230000e-01 -4.223735e-01 4.135747e-01
-6.190000e-01 6.235000e-01 -2.995778e-01 3.990113e-01 -6.190000e-01 6.245000e-01 -3.000384e-01 3.993202e-01
4.700000e-02 6.235000e-01 -4.224479e-01 4.135213e-01 4.700000e-02 6.245000e-01 -4.220866e-01 4.137778e-01
-6.190000e-01 6.245000e-01 -3.000384e-01 3.993202e-01 -6.185000e-01 6.250000e-01 -2.999268e-01 3.992458e-01
-6.185000e-01 6.250000e-01 -2.999268e-01 3.992458e-01 -6.180000e-01 6.255000e-01 -2.998172e-01 3.991705e-01
4.700000e-02 6.245000e-01 -4.220866e-01 4.137778e-01 4.700000e-02 6.255000e-01 -4.217248e-01 4.140365e-01
-6.180000e-01 6.255000e-01 -2.998172e-01 3.991705e-01 -6.180000e-01 6.265000e-01 -3.002796e-01 3.994852e-01
4.650000e-02 6.260000e-01 -4.217967e-01 4.139860e-01 4.600000e-02 6.265000e-01 -4.218673e-01 4.139347e-01
4.700000e-02 6.255000e-01 -4.217248e-01 4.140365e-01 4.650000e-02 6.260000e-01 -4.217967e-01 4.139860e-01
-6.180000e-01 6.265000e-01 -3.002796e-01 3.994852e-01 -6.175000e-01 6.270000e-01 -3.001717e-01 3.994127e-01
-6.175000e-01 6.270000e-01 -3.001717e-01 3.994127e-01 -6.170000e-01 6.275000e-01 -3.000659e-01 3.993394e-01
4.600000e-02 6.265000e-01 -4.218673e-01 4.139347e-01 4.600000e-02 6.275000e-01 -4.215035e-01 4.141977e-01
-6.170000e-01 6.275000e-01 -3.000659e-01 3.993394e-01 -6.165000e-01 6.280000e-01 -2.999608e-01 3.992676e-01
-6.165000e-01 6.280000e-01 -2.999608e-01 3.992676e-01 -6.160000e-01 6.285000e-01 -2.998579e-01 3.991949e-01
4.550000e-02 6.280000e-01 -4.215725e-01 4.141483e-01 4.500000e-02 6.285000e-01 -4.216401e-01 4.140981e-01
4.600000e-02 6.275000e-01 -4.215035e-01 4.141977e-01 4.550000e-02 6.280000e-01 -4.215725e-01 4.141483e-01
-6.160000e-01 6.285000e-01 -2.998579e-01 3.991949e-01 -6.160000e-01 6.295000e-01 -3.003237e-01 3.995183e-01
4.500000e-02 6.285000e-01 -4.216401e-01 4.140981e-01 4.500000e-02 6.295000e-01 -4.212743e-01 4.143655e-01
-6.160000e-01 6.295000e-01 -3.003237e-01 3.995183e-01 -6.155000e-01 6.300000e-01 -3.002224e-01 3.994485e-01
-6.155000e-01 6.300000e-01 -3.002224e-01 3.994485e-01 -6.150000e-01 6.305000e-01 -3.001231e-01 3.993779e-01
4.500000e-02 6.295000e-01 -4.212743e-01 4.143655e-01 4.500000e-02 6.305000e-01 -4.209081e-01 4.146352e-01
-6.150000e-01 6.305000e-01 -3.001231e-01 3.993779e-01 -6.150000e-01 6.315000e-01 -3.005906e-01 3.997071e-01
4.450000e-02 6.310000e-01 -4.209733e-01 4.145879e-01 4.400000e-02 6.315000e-01 -4.210372e-01 4.145399e-01
4.500000e-02 6.305000e-01 -4.209081e-01 4.146352e-01 4.450000e-02 6.310000e-01 -4.209733e-01 4.145879e-01
-6.150000e-01 6.315000e-01 -3.005906e-01 3.997071e-01 -6.145000e-01 6.320000e-01 -3.004929e-01 3.996394e-01
-6.145000e-01 6.320000e-01 -3.004929e-01 3.996394e-01 -6.140000e-01 6.325000e-01 -3.003973e-01 3.995709e-01
4.400000e-02 6.315000e-01 -4.210372e-01 4.145399e-01 4.400000e-02 6.325000e-01 -4.206691e-01 4.148139e-01
-6.140000e-01 6.325000e-01 -3.003973e-01 3.995709e-01 -6.135000e-01 6.330000e-01 -3.003025e-01 3.995039e-01
-6.135000e-01 6.330000e-01 -3.003025e-01 3.995039e-01 -6.130000e-01 6.335000e-01 -3.002098e-01 3.994361e-01
4.350000e-02 6.330000e-01 -4.207314e-01 4.147678e-01 4.300000e-02 6.335000e-01 -4.207924e-01 4.147210e-01
4.400000e-02 6.325000e-01 -4.206691e-01 4.148139e-01 4.350000e-02 6.330000e-01 -4.207314e-01 4.147678e-01
-6.130000e-01 6.335000e-01 -3.002098e-01 3.994361e-01 -6.130000e-01 6.345000e-01 -3.006803e-01 3.997740e-01
4.300000e-02 6.335000e-01 -4.207924e-01 4.147210e-01 4.300000e-02 6.345000e-01 -4.204224e-01 4.149994e-01
-6.130000e-01 6.345000e-01 -3.006803e-01 3.997740e-01 -6.125000e-01 6.350000e-01 -3.005891e-01 3.997091e-01
-6.125000e-01 6.350000e-01 -3.005891e-01 3.997091e-01 -6.120000e-01 6.355000e-01 -3.005000e-01 3.996435e-01
4.300000e-02 6.345000e-01 -4.204224e-01 4.149994e-01 4.300000e-02 6.355000e-01 -4.200521e-01 4.152801e-01
-6.120000e-01 6.355000e-01 -3.005000e-01 3.996435e-01 -6.120000e-01 6.365000e-01 -3.009720e-01 3.999873e-01
4.250000e-02 6.360000e-01 -4.201108e-01 4.152364e-01 4.200000e-02 6.365000e-01 -4.201681e-01 4.151919e-01
4.300000e-02 6.355000e-01 -4.200521e-01 4.152801e-01 4.250000e-02 6.360000e-01 -4.201108e-01 4.152364e-01
-6.120000e-01 6.365000e-01 -3.009720e-01 3.999873e-01 -6.115000e-01 6.370000e-01 -3.008843e-01 3.999246e-01
-6.115000e-01 6.370000e-01 -3.008843e-01 3.999246e-01 -6.110000e-01 6.375000e-01 -3.007988e-01 3.998613e-01
4.200000e-02 6.365000e-01 -4.201681e-01 4.151919e-01 4.200000e-02 6.375000e-01 -4.197960e-01 4.154769e-01
-6.110000e-01 6.375000e-01 -3.007988e-01 3.998613e-01 -6.105000e-01 6.380000e-01 -3.007140e-01 3.997994e-01
-6.105000e-01 6.380000e-01 -3.007140e-01 3.997994e-01 -6.100000e-01 6.385000e-01 -3.006313e-01 3.997368e-01
4.150000e-02 6.380000e-01 -4.198518e-01 4.154345e-01 4.100000e-02 6.385000e-01 -4.199063e-01 4.153913e-01
4.200000e-02 6.375000e-01 -4.197960e-01 4.154769e-01 4.150000e-02 6.380000e-01 -4.198518e-01 4.154345e-01
-6.100000e-01 6.385000e-01 -3.006313e-01 3.997368e-01 -6.100000e-01 6.395000e-01 -3.011061e-01 4.000893e-01
4.100000e-02 6.385000e-01 -4.199063e-01 4.153913e-01 4.100000e-02 6.395000e-01 -4.195324e-01 4.156808e-01
-6.100000e-01 6.395000e-01 -3.011061e-01 4.000893e-01 -6.095000e-01 6.400000e-01 -3.010249e-01 4.000297e-01
-6.095000e-01 6.400000e-01 -3.010249e-01 4.000297e-01 -6.090000e-01 6.405000e-01 -3.009457e-01 3.999694e-01
4.100000e-02 6.395000e-01 -4.195324e-01 4.156808e-01 4.100000e-02 6.405000e-01 -4.191583e-01 4.159726e-01
-6.090000e-01 6.405000e-01 -3.009457e-01 3.999694e-01 -6.090000e-01 6.415000e-01 -3.014218e-01 4.003278e-01
4.050000e-02 6.410000e-01 -4.192106e-01 4.159325e-01 4.000000e-02 6.415000e-01 -4.192614e-01 4.158917e-01
4.100000e-02 6.405000e-01 -4.191583e-01 4.159726e-01 4.050000e-02 6.410000e-01 -4.192106e-01 4.159325e-01
-6.090000e-01 6.415000e-01 -3.014218e-01 4.003278e-01 -6.085000e-01 6.420000e-01 -3.013440e-01 4.002705e-01
-6.085000e-01 6.420000e-01 -3.013440e-01 4.002705e-01 -6.080000e-01 6.425000e-01 -3.012683e-01 4.002125e-01
4.000000e-02 6.415000e-01 -4.192614e-01 4.158917e-01 4.000000e-02 6.425000e-01 -4.188856e-01 4.161880e-01
-6.080000e-01 6.425000e-01 -3.012683e-01 4.002125e-01 -6.075000e-01 6.430000e-01 -3.011933e-01 4.001560e-01
-6.075000e-01 6.430000e-01 -3.011933e-01 4.001560e-01 -6.070000e-01 6.435000e-01 -3.011205e-01 4.000988e-01
4.000000e-02 6.425000e-01 -4.188856e-01 4.161880e-01 4.000000e-02 6.435000e-01 -4.185095e-01 4.164866e-01
-6.070000e-01 6.435000e-01 -3.011205e-01 4.000988e-01 -6.070000e-01 6.445000e-01 -3.015990e-01 4.004661e-01
3.950000e-02 6.440000e-01 -4.185583e-01 4.164489e-01 3.900000e-02 6.445000e-01 -4.186057e-01 4.164105e-01
4.000000e-02 6.435000e-01 -4.185095e-01 4.164866e-01 3.950000e-02 6.440000e-01 -4.185583e-01 4.164489e-01
-6.070000e-01 6.445000e-01 -3.015990e-01 4.004661e-01 -6.065000e-01 6.450000e-01 -3.015275e-01 4.004120e-01
-6.065000e-01 6.450000e-01 -3.015275e-01 4.004120e-01 -6.060000e-01 6.455000e-01 -3.014581e-01 4.003572e-01
3.900000e-02 6.445000e-01 -4.186057e-01 4.164105e-01 3.900000e-02 6.455000e-01 -4.182280e-01 4.167136e-01
-6.060000e-01 6.455000e-01 -3.014581e-01 4.003572e-01 -6.060000e-01 6.465000e-01 -3.019378e-01 4.007304e-01
3.850000e-02 6.460000e-01 -4.182739e-01 4.166773e-01 3.800000e-02 6.465000e-01 -4.183185e-01 4.166404e-01
3.900000e-02 6.455000e-01 -4.182280e-01 4.167136e-01 3.850000e-02 6.460000e-01 -4.182739e-01 4.166773e-01
-6.060000e-01 6.465000e-01 -3.019378e-01 4.007304e-01 -6.055000e-01 6.470000e-01 -3.018696e-01 4.006786e-01
-6.055000e-01 6.470000e-01 -3.018696e-01 4.006786e-01 -6.050000e-01 6.475000e-01 -3.018036e-01 4.006263e-01
3.800000e-02 6.465000e-01 -4.183185e-01 4.166404e-01 3.800000e-02 6.475000e-01 -4.179393e-01 4.169479e-01
-6.050000e-01 6.475000e-01 -3.018036e-01 4.006263e-01 -6.045000e-01 6.480000e-01 -3.017381e-01 4.005754e-01
-6.045000e-01 6.480000e-01 -3.017381e-01 4.005754e-01 -6.040000e-01 6.485000e-01 -3.016749e-01 4.005240e-01
3.800000e-02 6.475000e-01 -4.179393e-01 4.169479e-01 3.800000e-02 6.485000e-01 -4.175598e-01 4.172577e-01
-6.040000e-01 6.485000e-01 -3.016749e-01 4.005240e-01 -6.040000e-01 6.495000e-01 -3.021568e-01 4.009061e-01
3.750000e-02 6.490000e-01 -4.176024e-01 4.172240e-01 3.700000e-02 6.495000e-01 -4.176435e-01 4.171896e-01
3.800000e-02 6.485000e-01 -4.175598e-01 4.172577e-01 3.750000e-02 6.490000e-01 -4.176024e-01 4.172240e-01
-6.040000e-01 6.495000e-01 -3.021568e-01 4.009061e-01 -6.035000e-01 6.500000e-01 -3.020947e-01 4.008577e-01
-6.035000e-01 6.500000e-01 -3.020947e-01 4.008577e-01 -6.030000e-01 6.505000e-01 -3.020348e-01 4.008087e-01
3.700000e-02 6.495000e-01 -4.176435e-01 4.171896e-01 3.700000e-02 6.505000e-01 -4.172626e-01 4.175040e-01
-6.030000e-01 6.505000e-01 -3.020348e-01 4.008087e-01 -6.030000e-01 6.515000e-01 -3.025177e-01 4.011967e-01
3.650000e-02 6.510000e-01 -4.173024e-01 4.174718e-01 3.600000e-02 6.515000e-01 -4.173408e-01 4.174389e-01
3.700000e-02 6.505000e-01 -4.172626e-01 4.175040e-01 3.650000e-02 6.510000e-01 -4.173024e-01 4.174718e-01
-6.030000e-01 6.515000e-01 -3.025177e-01 4.011967e-01 -6.025000e-01 6.520000e-01 -3.024589e-01 4.011508e-01
-6.025000e-01 6.520000e-01 -3.024589e-01 4.011508e-01 -6.020000e-01 6.525000e-01 -3.024023e-01 4.011043e-01
3.600000e-02 6.515000e-01 -4.173408e-01 4.174389e-01 3.600000e-02 6.525000e-01 -4.169585e-01 4.177577e-01
-6.020000e-01 6.525000e-01 -3.024023e-01 4.011043e-01 -6.015000e-01 6.530000e-01 -3.023463e-01 4.010593e-01
-6.015000e-01 6.530000e-01 -3.023463e-01 4.010593e-01 -6.010000e-01 6.535000e-01 -3.022924e-01 4.010139e-01
3.600000e-02 6.525000e-01 -4.169585e-01 4.177577e-01 3.600000e-02 6.535000e-01 -4.165760e-01 4.180789e-01
-6.010000e-01 6.535000e-01 -3.022924e-01 4.010139e-01 -6.010000e-01 6.545000e-01 -3.027771e-01 4.014108e-01
3.550000e-02 6.540000e-01 -4.166124e-01 4.180493e-01 3.500000e-02 6.545000e-01 -4.166475e-01 4.180191e-01
3.600000e-02 6.535000e-01 -4.165760e-01 4.180789e-01 3.550000e-02 6.540000e-01 -4.166124e-01 4.180493e-01
-6.010000e-01 6.545000e-01 -3.027771e-01 4.014108e-01 -6.005000e-01 6.550000e-01 -3.027243e-01 4.013684e-01
-6.005000e-01 6.550000e-01 -3.027243e-01 4.013684e-01 -6.000000e-01 6.555000e-01 -3.026737e-01 4.013255e-01
3.500000e-02 6.545000e-01 -4.166475e-01 4.180191e-01 3.500000e-02 6.555000e-01 -4.162636e-01 4.183447e-01
-6.000000e-01 6.555000e-01 -3.026737e-01 4.013255e-01 -6.000000e-01 6.565000e-01 -3.031592e-01 4.017282e-01
3.450000e-02 6.560000e-01 -4.162974e-01 4.183167e-01 3.400000e-02 6.565000e-01 -4.163298e-01 4.182881e-01
3.500000e-02 6.555000e-01 -4.162636e-01 4.183447e-01 3.450000e-02 6.560000e-01 -4.162974e-01 4.183167e-01
-6.000000e-01 6.565000e-01 -3.031592e-01 4.017282e-01 -5.995000e-01 6.570000e-01 -3.031096e-01 4.016884e-01
-5.995000e-01 6.570000e-01 -3.031096e-01 4.016884e-01 -5.990000e-01 6.575000e-01 -3.030621e-01 4.016481e-01
3.400000e-02 6.565000e-01 -4.163298e-01 4.182881e-01 3.400000e-02 6.575000e-01 -4.159446e-01 4.186183e-01
-5.990000e-01 6.575000e-01 -3.030621e-01 4.016481e-01 -5.985000e-01 6.580000e-01 -3.030152e-01 4.016093e-01
-5.985000e-01 6.580000e-01 -3.030152e-01 4.016093e-01 -5.980000e-01 6.585000e-01 -3.029705e-01 4.015700e-01
3.400000e-02 6.575000e-01 -4.159446e-01 4.186183e-01 3.400000e-02 6.585000e-01 -4.155593e-01 4.189508e-01
-5.980000e-01 6.585000e-01 -3.029705e-01 4.015700e-01 -5.980000e-01 6.595000e-01 -3.034576e-01 4.019817e-01
3.350000e-02 6.590000e-01 -4.155899e-01 4.189255e-01 3.300000e-02 6.595000e-01 -4.156190e-01 4.188996e-01
3.400000e-02 6.585000e-01 -4.155593e-01 4.189508e-01 3.350000e-02 6.590000e-01 -4.155899e-01 4.189255e-01
-5.980000e-01 6.595000e-01 -3.034576e-01 4.019817e-01 -5.975000e-01 6.600000e-01 -3.034138e-01 4.019456e-01
-5.975000e-01 6.600000e-01 -3.034138e-01 4.019456e-01 -5.970000e-01 6.605000e-01 -3.033722e-01 4.019089e-01
3.300000e-02 6.595000e-01 -4.156190e-01 4.188996e-01 3.300000e-02 6.605000e-01 -4.152325e-01 4.192367e-01
-5.970000e-01 6.605000e-01 -3.033722e-01 4.019089e-01 -5.970000e-01 6.615000e-01 -3.038599e-01 4.023265e-01
3.250000e-02 6.610000e-01 -4.152605e-01 4.192130e-01 3.200000e-02 6.615000e-01 -4.152870e-01 4.191888e-01
3.300000e-02 6.605000e-01 -4.152325e-01 4.192367e-01 3.250000e-02 6.610000e-01 -4.152605e-01 4.192130e-01
-5.970000e-01 6.615000e-01 -3.038599e-01 4.023265e-01 -5.965000e-01 6.620000e-01 -3.038192e-01 4.022930e-01
-5.965000e-01 6.620000e-01 -3.038192e-01 4.022930e-01 -5.960000e-01 6.625000e-01 -3.037807e-01 4.022590e-01
3.200000e-02 6.615000e-01 -4.152870e-01 4.191888e-01 3.200000e-02 6.625000e-01 -4.148992e-01 4.195304e-01
-5.960000e-01 6.625000e-01 -3.037807e-01 4.022590e-01 -5.955000e-01 6.630000e-01 -3.037426e-01 4.022266e-01
-5.955000e-01 6.630000e-01 -3.037426e-01 4.022266e-01 -5.950000e-01 6.635000e-01 -3.037068e-01 4.021938e-01
3.200000e-02 6.625000e-01 -4.148992e-01 4.195304e-01 3.200000e-02 6.635000e-01 -4.145114e-01 4.198743e-01
-5.950000e-01 6.635000e-01 -3.037068e-01 4.021938e-01 -5.950000e-01 6.645000e-01 -3.041958e-01 4.026203e-01
3.150000e-02 6.640000e-01 -4.145362e-01 4.198535e-01 3.100000e-02 6.645000e-01 -4.145596e-01 4.198321e-01
3.200000e-02 6.635000e-01 -4.145114e-01 4.198743e-01 3.150000e-02 6.640000e-01 -4.145362e-01 4.198535e-01
-5.950000e-01 6.645000e-01 -3.041958e-01 4.026203e-01 -5.945000e-01 6.650000e-01 -3.041608e-01 4.025906e-01
-5.945000e-01 6.650000e-01 -3.041608e-01 4.025906e-01 -5.940000e-01 6.655000e-01 -3.041279e-01 4.025605e-01
3.100000e-02 6.645000e-01 -4.145596e-01 4.198321e-01 3.100000e-02 6.655000e-01 -4.141706e-01 4.201805e-01
-5.940000e-01 6.655000e-01 -3.041279e-01 4.025605e-01 -5.940000e-01 6.665000e-01 -3.046174e-01 4.029928e-01
3.050000e-02 6.660000e-01 -4.141929e-01 4.201614e-01 3.000000e-02 6.665000e-01 -4.142137e-01 4.201418e-01
3.100000e-02 6.655000e-01 -4.141706e-01 4.201805e-01 3.050000e-02 6.660000e-01 -4.141929e-01 4.201614e-01
-5.940000e-01 6.665000e-01 -3.046174e-01 4.029928e-01 -5.935000e-01 6.670000e-01 -3.045853e-01 4.029658e-01
-5.935000e-01 6.670000e-01 -3.045853e-01 4.029658e-01 -5.930000e-01 6.675000e-01 -3.045555e-01 4.029384e-01
3.000000e-02 6.665000e-01 -4.142137e-01 4.201418e-01 3.000000e-02 6.675000e-01 -4.138237e-01 4.204948e-01
-5.930000e-01 6.675000e-01 -3.045555e-01 4.029384e-01 -5.925000e-01 6.680000e-01 -3.045261e-01 4.029126e-01
-5.925000e-01 6.680000e-01 -3.045261e-01 4.029126e-01 -5.920000e-01 6.685000e-01 -3.044988e-01 4.028864e-01
2.950000e-02 6.680000e-01 -4.138435e-01 4.204774e-01 2.900000e-02 6.685000e-01 -4.138617e-01 4.204596e-01
3.000000e-02 6.675000e-01 -4.138237e-01 4.204948e-01 2.950000e-02 6.680000e-01 -4.138435e-01 4.204774e-01
-5.920000e-01 6.685000e-01 -3.044988e-01 4.028864e-01 -5.920000e-01 6.695000e-01 -3.049893e-01 4.033277e-01
2.900000e-02 6.685000e-01 -4.138617e-01 4.204596e-01 2.900000e-02 6.695000e-01 -4.134707e-01 4.208172e-01
-5.920000e-01 6.695000e-01 -3.049893e-01 4.033277e-01 -5.915000e-01 6.700000e-01 -3.049628e-01 4.033046e-01
-5.915000e-01 6.700000e-01 -3.049628e-01 4.033046e-01 -5.910000e-01 6.705000e-01 -3.049384e-01 4.032812e-01
2.900000e-02 6.695000e-01 -4.134707e-01 4.208172e-01 2.900000e-02 6.705000e-01 -4.130796e-01 4.211771e-01
-5.910000e-01 6.705000e-01 -3.049384e-01 4.032812e-01 -5.910000e-01 6.715000e-01 -3.054291e-01 4.037282e-01
2.850000e-02 6.710000e-01 -4.130964e-01 4.211626e-01 2.800000e-02 6.715000e-01 -4.131117e-01 4.211477e-01
2.900000e-02 6.705000e-01 -4.130796e-01 4.211771e-01 2.850000e-02 6.710000e-01 -4.130964e-01 4.211626e-01
-5.910000e-01 6.715000e-01 -3.054291e-01 4.037282e-01 -5.905000e-01 6.720000e-01 -3.054054e-01 4.037080e-01
-5.905000e-01 6.720000e-01 -3.054054e-01 4.037080e-01 -5.900000e-01 6.725000e-01 -3.053840e-01 4.036874e-01
2.800000e-02 6.715000e-01 -4.131117e-01 4.211477e-01 2.800000e-02 6.725000e-01 -4.127196e-01 4.215122e-01
-5.900000e-01 6.725000e-01 -3.053840e-01 4.036874e-01 -5.900000e-01 6.735000e-01 -3.058749e-01 4.041402e-01
2.750000e-02 6.730000e-01 -4.127339e-01 4.214996e-01 2.700000e-02 6.735000e-01 -4.127467e-01 4.214865e-01
2.800000e-02 6.725000e-01 -4.127196e-01 4.215122e-01 2.750000e-02 6.730000e-01 -4.127339e-01 4.214996e-01
-5.900000e-01 6.735000e-01 -3.058749e-01 4.041402e-01 -5.895000e-01 6.740000e-01 -3.058541e-01 4.041227e-01
-5.895000e-01 6.740000e-01 -3.058541e-01 4.041227e-01 -5.890000e-01 6.745000e-01 -3.058354e-01 4.041050e-01
2.700000e-02 6.735000e-01 -4.127467e-01 4.214865e-01 2.700000e-02 6.745000e-01 -4.123538e-01 4.218556e-01
-5.890000e-01 6.745000e-01 -3.058354e-01 4.041050e-01 -5.885000e-01 6.750000e-01 -3.058172e-01 4.040888e-01
-5.885000e-01 6.750000e-01 -3.058172e-01 4.040888e-01 -5.880000e-01 6.755000e-01 -3.058011e-01 4.040723e-01
2.700000e-02 6.745000e-01 -4.123538e-01 4.218556e-01 2.700000e-02 6.755000e-01 -4.119609e-01 4.222269e-01
-5.880000e-01 6.755000e-01 -3.058011e-01 4.040723e-01 -5.880000e-01 6.765000e-01 -3.062926e-01 4.045340e-01
2.650000e-02 6.760000e-01 -4.119723e-01 4.222173e-01 2.600000e-02 6.765000e-01 -4.119822e-01 4.222072e-01
2.700000e-02 6.755000e-01 -4.119609e-01 4.222269e-01 2.650000e-02 6.760000e-01 -4.119723e-01 4.222173e-01
-5.880000e-01 6.765000e-01 -3.062926e-01 4.045340e-01 -5.875000e-01 6.770000e-01 -3.062771e-01 4.045206e-01
-5.875000e-01 6.770000e-01 -3.062771e-01 4.045206e-01 -5.870000e-01 6.775000e-01 -3.062637e-01 4.045070e-01
2.600000e-02 6.765000e-01 -4.119822e-01 4.222072e-01 2.600000e-02 6.775000e-01 -4.115885e-01 4.225832e-01
-5.870000e-01 6.775000e-01 -3.062637e-01 4.045070e-01 -5.870000e-01 6.785000e-01 -3.067552e-01 4.049744e-01
2.550000e-02 6.780000e-01 -4.115975e-01 4.225754e-01 2.500000e-02 6.785000e-01 -4.116050e-01 4.225673e-01
2.600000e-02 6.775000e-01 -4.115885e-01 4.225832e-01 2.550000e-02 6.780000e-01 -4.115975e-01 4.225754e-01
-5.870000e-01 6.785000e-01 -3.067552e-01 4.049744e-01 -5.865000e-01 6.790000e-01 -3.067424e-01 4.049640e-01
-5.865000e-01 6.790000e-01 -3.067424e-01 4.049640e-01 -5.860000e-01 6.795000e-01 -3.067318e-01 4.049532e-01
2.500000e-02 6.785000e-01 -4.116050e-01 4.225673e-01 2.500000e-02 6.795000e-01 -4.112105e-01 4.229478e-01
-5.860000e-01 6.795000e-01 -3.067318e-01 4.049532e-01 -5.855000e-01 6.800000e-01 -3.067214e-01 4.049441e-01
-5.855000e-01 6.800000e-01 -3.067214e-01 4.049441e-01 -5.850000e-01 6.805000e-01 -3.067133e-01 4.049347e-01
2.450000e-02 6.800000e-01 -4.112171e-01 4.229420e-01 2.400000e-02 6.805000e-01 -4.112223e-01 4.229358e-01
2.500000e-02 6.795000e-01 -4.112105e-01 4.229478e-01 2.450000e-02 6.800000e-01 -4.112171e-01 4.229420e-01
-5.850000e-01 6.805000e-01 -3.067133e-01 4.049347e-01 -5.850000e-01 6.815000e-01 -3.072052e-01 4.054109e-01
2.400000e-02 6.805000e-01 -4.112223e-01 4.229358e-01 2.400000e-02 6.815000e-01 -4.108270e-01 4.233209e-01
-5.850000e-01 6.815000e-01 -3.072052e-01 4.054109e-01 -5.845000e-01 6.820000e-01 -3.071975e-01 4.054047e-01
-5.845000e-01 6.820000e-01 -3.071975e-01 4.054047e-01 -5.840000e-01 6.825000e-01 -3.071920e-01 4.053982e-01
2.400000e-02 6.815000e-01 -4.108270e-01 4.233209e-01 2.400000e-02 6.825000e-01 -4.104318e-01 4.237083e-01
-5.840000e-01 6.825000e-01 -3.071920e-01 4.053982e-01 -5.840000e-01 6.835000e-01 -3.076837e-01 4.058801e-01
2.350000e-02 6.830000e-01 -4.104357e-01 4.237056e-01 2.300000e-02 6.835000e-01 -4.104381e-01 4.237025e-01
2.400000e-02 6.825000e-01 -4.104318e-01 4.237083e-01 2.350000e-02 6.830000e-01 -4.104357e-01 4.237056e-01
-5.840000e-01 6.835000e-01 -3.076837e-01 4.058801e-01 -5.835000e-01 6.840000e-01 -3.076786e-01 4.058768e-01
-5.835000e-01 6.840000e-01 -3.076786e-01 4.058768e-01 -5.830000e-01 6.845000e-01 -3.076757e-01 4.058733e-01
2.300000e-02 6.835000e-01 -4.104381e-01 4.237025e-01 2.300000e-02 6.845000e-01 -4.100422e-01 4.240945e-01
-5.830000e-01 6.845000e-01 -3.076757e-01 4.058733e-01 -5.825000e-01 6.850000e-01 -3.076730e-01 4.058713e-01
-5.825000e-01 6.850000e-01 -3.076730e-01 4.058713e-01 -5.820000e-01 6.855000e-01 -3.076725e-01 4.058692e-01
2.250000e-02 6.850000e-01 -4.100438e-01 4.240938e-01 2.200000e-02 6.855000e-01 -4.100439e-01 4.240926e-01
2.300000e-02 6.845000e-01 -4.100422e-01 4.240945e-01 2.250000e-02 6.850000e-01 -4.100438e-01 4.240938e-01
-5.820000e-01 6.855000e-01 -3.076725e-01 4.058692e-01 -5.820000e-01 6.865000e-01 -3.081643e-01 4.063599e-01
2.200000e-02 6.855000e-01 -4.100439e-01 4.240926e-01 2.200000e-02 6.865000e-01 -4.096474e-01 4.244892e-01
-5.820000e-01 6.865000e-01 -3.081643e-01 4.063599e-01 -5.815000e-01 6.870000e-01 -3.081641e-01 4.063609e-01
-5.815000e-01 6.870000e-01 -3.081641e-01 4.063609e-01 -5.810000e-01 6.875000e-01 -3.081662e-01 4.063618e-01
2.150000e-02 6.870000e-01 -4.096467e-01 4.244905e-01 2.100000e-02 6.875000e-01 -4.096445e-01 4.244914e-01
2.200000e-02 6.865000e-01 -4.096474e-01 4.244892e-01 2.150000e-02 6.870000e-01 -4.096467e-01 4.244905e-01
-5.810000e-01 6.875000e-01 -3.081662e-01 4.063618e-01 -5.810000e-01 6.885000e-01 -3.086576e-01 4.068580e-01
2.100000e-02 6.875000e-01 -4.096445e-01 4.244914e-01 2.100000e-02 6.885000e-01 -4.092474e-01 4.248926e-01
-5.810000e-01 6.885000e-01 -3.086576e-01 4.068580e-01 -5.805000e-01 6.890000e-01 -3.086600e-01 4.068620e-01
-5.805000e-01 6.890000e-01 -3.086600e-01 4.068620e-01 -5.800000e-01 6.895000e-01 -3.086645e-01 4.068659e-01
2.100000e-02 6.885000e-01 -4.092474e-01 4.248926e-01 2.100000e-02 6.895000e-01 -4.088506e-01 4.252961e-01
-5.800000e-01 6.895000e-01 -3.086645e-01 4.068659e-01 -5.795000e-01 6.900000e-01 -3.086692e-01 4.068713e-01
-5.795000e-01 6.900000e-01 -3.086692e-01 4.068713e-01 -5.790000e-01 6.905000e-01 -3.086760e-01 4.068765e-01
2.050000e-02 6.900000e-01 -4.088472e-01 4.253005e-01 2.000000e-02 6.905000e-01 -4.088425e-01 4.253047e-01
2.100000e-02 6.895000e-01 -4.088506e-01 4.252961e-01 2.050000e-02 6.900000e-01 -4.088472e-01 4.253005e-01
-5.790000e-01 6.905000e-01 -3.086760e-01 4.068765e-01 -5.790000e-01 6.915000e-01 -3.091673e-01 4.073816e-01
2.000000e-02 6.905000e-01 -4.088425e-01 4.253047e-01 2.000000e-02 6.915000e-01 -4.084450e-01 4.257128e-01
-5.790000e-01 6.915000e-01 -3.091673e-01 4.073816e-01 -5.785000e-01 6.920000e-01 -3.091744e-01 4.073900e-01
-5.785000e-01 6.920000e-01 -3.091744e-01 4.073900e-01 -5.780000e-01 6.925000e-01 -3.091836e-01 4.073983e-01
1.950000e-02 6.920000e-01 -4.084395e-01 4.257193e-01 1.900000e-02 6.925000e-01 -4.084325e-01 4.257255e-01
2.000000e-02 6.915000e-01 -4.084450e-01 4.257128e-01 1.950000e-02 6.920000e-01 -4.084395e-01 4.257193e-01
-5.780000e-01 6.925000e-01 -3.091836e-01 4.073983e-01 -5.780000e-01 6.935000e-01 -3.096744e-01 4.079089e-01
1.900000e-02 6.925000e-01 -4.084325e-01 4.257255e-01 1.900000e-02 6.935000e-01 -4.080347e-01 4.261381e-01
-5.780000e-01 6.935000e-01 -3.096744e-01 4.079089e-01 -5.775000e-01 6.940000e-01 -3.096839e-01 4.079203e-01
-5.775000e-01 6.940000e-01 -3.096839e-01 4.079203e-01 -5.770000e-01 6.945000e-01 -3.096955e-01 4.079317e-01
1.850000e-02 6.940000e-01 -4.080270e-01 4.261467e-01 1.800000e-02 6.945000e-01 -4.080178e-01 4.261550e-01
1.900000e-02 6.935000e-01 -4.080347e-01 4.261381e-01 1.850000e-02 6.940000e-01 -4.080270e-01 4.261467e-01
-5.770000e-01 6.945000e-01 -3.096955e-01 4.079317e-01 -5.765000e-01 6.950000e-01 -3.097073e-01 4.079446e-01
-5.765000e-01 6.950000e-01 -3.097073e-01 4.079446e-01 -5.760000e-01 6.955000e-01 -3.097212e-01 4.079574e-01
1.800000e-02 6.945000e-01 -4.080178e-01 4.261550e-01 1.800000e-02 6.955000e-01 -4.076195e-01 4.265722e-01
-5.760000e-01 6.955000e-01 -3.097212e-01 4.079574e-01 -5.760000e-01 6.965000e-01 -3.102115e-01 4.084766e-01
1.800000e-02 6.955000e-01 -4.076195e-01 4.265722e-01 1.800000e-02 6.965000e-01 -4.072214e-01 4.269917e-01
-5.760000e-01 6.965000e-01 -3.102115e-01 4.084766e-01 -5.755000e-01 6.970000e-01 -3.102256e-01 4.084926e-01
-5.755000e-01 6.970000e-01 -3.102256e-01 4.084926e-01 -5.750000e-01 6.975000e-01 -3.102418e-01 4.085085e-01
1.750000e-02 6.970000e-01 -4.072113e-01 4.270037e-01 1.700000e-02 6.975000e-01 -4.071997e-01 4.270153e-01
1.800000e-02 6.965000e-01 -4.072214e-01 4.269917e-01 1.750000e-02 6.970000e-01 -4.072113e-01 4.270037e-01
-5.750000e-01 6.975000e-01 -3.102418e-01 4.085085e-01 -5.750000e-01 6.985000e-01 -3.107315e-01 4.090331e-01
1.700000e-02 6.975000e-01 -4.071997e-01 4.270153e-01 1.700000e-02 6.985000e-01 -4.068013e-01 4.274393e-01
-5.750000e-01 6.985000e-01 -3.107315e-01 4.090331e-01 -5.745000e-01 6.990000e-01 -3.107478e-01 4.090522e-01
-5.745000e-01 6.990000e-01 -3.107478e-01 4.090522e-01 -5.740000e-01 6.995000e-01 -3.107662e-01 4.090712e-01
1.650000e-02 6.990000e-01 -4.067891e-01 4.274533e-01 1.600000e-02 6.995000e-01 -4.067753e-01 4.274671e-01
1.700000e-02 6.985000e-01 -4.068013e-01 4.274393e-01 1.650000e-02 6.990000e-01 -4.067891e-01 4.274533e-01
-5.740000e-01 6.995000e-01 -3.107662e-01 4.090712e-01 -5.735000e-01 7.000000e-01 -3.107847e-01 4.090917e-01
-5.735000e-01 7.000000e-01 -3.107847e-01 4.090917e-01 -5.730000e-01 7.005000e-01 -3.108053e-01 4.091123e-01
1.600000e-02 6.995000e-01 -4.067753e-01 4.274671e-01 1.600000e-02 7.005000e-01 -4.063766e-01 4.278957e-01
-5.730000e-01 7.005000e-01 -3.108053e-01 4.091123e-01 -5.730000e-01 7.015000e-01 -3.112944e-01 4.096454e-01
1.550000e-02 7.010000e-01 -4.063623e-01 4.279119e-01 1.500000e-02 7.015000e-01 -4.063465e-01 4.279278e-01
1.600000e-02 7.005000e-01 -4.063766e-01 4.278957e-01 1.550000e-02 7.010000e-01 -4.063623e-01 4.279119e-01
-5.730000e-01 7.015000e-01 -3.112944e-01 4.096454e-01 -5.725000e-01 7.020000e-01 -3.113150e-01 4.096691e-01
-5.725000e-01 7.020000e-01 -3.113150e-01 4.096691e-01 -5.720000e-01 7.025000e-01 -3.113378e-01 4.096927e-01
1.500000e-02 7.015000e-01 -4.063465e-01 4.279278e-01 1.500000e-02 7.025000e-01 -4.059475e-01 4.283611e-01
-5.720000e-01 7.025000e-01 -3.113378e-01 4.096927e-01 -5.720000e-01 7.035000e-01 -3.118261e-01 4.102313e-01
1.450000e-02 7.030000e-01 -4.059312e-01 4.283795e-01 1.400000e-02 7.035000e-01 -4.059134e-01 4.283975e-01
1.500000e-02 7.025000e-01 -4.059475e-01 4.283611e-01 1.450000e-02 7.030000e-01 -4.059312e-01 4.283795e-01
-5.720000e-01 7.035000e-01 -3.118261e-01 4.102313e-01 -5.715000e-01 7.040000e-01 -3.118488e-01 4.102581e-01
-5.715000e-01 7.040000e-01 -3.118488e-01 4.102581e-01 -5.710000e-01 7.045000e-01 -3.118738e-01 4.102848e-01
1.400000e-02 7.035000e-01 -4.059134e-01 4.283975e-01 1.400000e-02 7.045000e-01 -4.055141e-01 4.288354e-01
-5.710000e-01 7.045000e-01 -3.118738e-01 4.102848e-01 -5.705000e-01 7.050000e-01 -3.118987e-01 4.103131e-01
-5.705000e-01 7.050000e-01 -3.118987e-01 4.103131e-01 -5.700000e-01 7.055000e-01 -3.119258e-01 4.103414e-01
1.400000e-02 7.045000e-01 -4.055141e-01 4.288354e-01 1.400000e-02 7.055000e-01 -4.051152e-01 4.292754e-01
-5.700000e-01 7.055000e-01 -3.119258e-01 4.103414e-01 -5.700000e-01 7.065000e-01 -3.124131e-01 4.108885e-01
1.350000e-02 7.060000e-01 -4.050966e-01 4.292972e-01 1.300000e-02 7.065000e-01 -4.050765e-01 4.293187e-01
1.400000e-02 7.055000e-01 -4.051152e-01 4.292754e-01 1.350000e-02 7.060000e-01 -4.050966e-01 4.292972e-01
-5.700000e-01 7.065000e-01 -3.124131e-01 4.108885e-01 -5.695000e-01 7.070000e-01 -3.124400e-01 4.109199e-01
-5.695000e-01 7.070000e-01 -3.124400e-01 4.109199e-01 -5.690000e-01 7.075000e-01 -3.124691e-01 4.109513e-01
1.300000e-02 7.065000e-01 -4.050765e-01 4.293187e-01 1.300000e-02 7.075000e-01 -4.046775e-01 4.297633e-01
-5.690000e-01 7.075000e-01 -3.124691e-01 4.109513e-01 -5.690000e-01 7.085000e-01 -3.129555e-01 4.115037e-01
1.250000e-02 7.080000e-01 -4.046569e-01 4.297873e-01 1.200000e-02 7.085000e-01 -4.046349e-01 4.298110e-01
1.300000e-02 7.075000e-01 -4.046775e-01 4.297633e-01 1.250000e-02 7.080000e-01 -4.046569e-01 4.297873e-01
-5.690000e-01 7.085000e-01 -3.129555e-01 4.115037e-01 -5.685000e-01 7.090000e-01 -3.129845e-01 4.115383e-01
-5.685000e-01 7.090000e-01 -3.129845e-01 4.115383e-01 -5.680000e-01 7.095000e-01 -3.130156e-01 4.115729e-01
1.200000e-02 7.085000e-01 -4.046349e-01 4.298110e-01 1.200000e-02 7.095000e-01 -4.042357e-01 4.302602e-01
-5.680000e-01 7.095000e-01 -3.130156e-01 4.115729e-01 -5.675000e-01 7.100000e-01 -3.130467e-01 4.116090e-01
-5.675000e-01 7.100000e-01 -3.130467e-01 4.116090e-01 -5.670000e-01 7.105000e-01 -3.130798e-01 4.116452e-01
1.150000e-02 7.100000e-01 -4.042132e-01 4.302864e-01 1.100000e-02 7.105000e-01 -4.041893e-01 4.303124e-01
1.200000e-02 7.095000e-01 -4.042357e-01 4.302602e-01 1.150000e-02 7.100000e-01 -4.042132e-01 4.302864e-01
-5.670000e-01 7.105000e-01 -3.130798e-01 4.116452e-01 -5.670000e-01 7.115000e-01 -3.135650e-01 4.122059e-01
1.100000e-02 7.105000e-01 -4.041893e-01 4.303124e-01 1.100000e-02 7.115000e-01 -4.037900e-01 4.307662e-01
-5.670000e-01 7.115000e-01 -3.135650e-01 4.122059e-01 -5.665000e-01 7.120000e-01 -3.135980e-01 4.122453e-01
-5.665000e-01 7.120000e-01 -3.135980e-01 4.122453e-01 -5.660000e-01 7.125000e-01 -3.136331e-01 4.122846e-01
1.050000e-02 7.120000e-01 -4.037656e-01 4.307946e-01 1.000000e-02 7.125000e-01 -4.037398e-01 4.308229e-01
1.100000e-02 7.115000e-01 -4.037900e-01 4.307662e-01 1.050000e-02 7.120000e-01 -4.037656e-01 4.307946e-01
-5.660000e-01 7.125000e-01 -3.136331e-01 4.122846e-01 -5.660000e-01 7.135000e-01 -3.141172e-01 4.128506e-01
1.000000e-02 7.125000e-01 -4.037398e-01 4.308229e-01 1.000000e-02 7.135000e-01 -4.033405e-01 4.312812e-01
-5.660000e-01 7.135000e-01 -3.141172e-01 4.128506e-01 -5.655000e-01 7.140000e-01 -3.141521e-01 4.128930e-01
-5.655000e-01 7.140000e-01 -3.141521e-01 4.128930e-01 -5.650000e-01 7.145000e-01 -3.141890e-01 4.129356e-01
1.000000e-02 7.135000e-01 -4.033405e-01 4.312812e-01 1.000000e-02 7.145000e-01 -4.029416e-01 4.317416e-01
-5.650000e-01 7.145000e-01 -3.141890e-01 4.129356e-01 -5.645000e-01 7.150000e-01 -3.142259e-01 4.129797e-01
-5.645000e-01 7.150000e-01 -3.142259e-01 4.129797e-01 -5.640000e-01 7.155000e-01 -3.142648e-01 4.130239e-01
9.500000e-03 7.150000e-01 -4.029151e-01 4.317736e-01 9.000000e-03 7.155000e-01 -4.028872e-01 4.318054e-01
1.000000e-02 7.145000e-01 -4.029416e-01 4.317416e-01 9.500000e-03 7.150000e-01 -4.029151e-01 4.317736e-01
-5.640000e-01 7.155000e-01 -3.142648e-01 4.130239e-01 -5.640000e-01 7.165000e-01 -3.147476e-01 4.135981e-01
9.000000e-03 7.155000e-01 -4.028872e-01 4.318054e-01 9.000000e-03 7.165000e-01 -4.024884e-01 4.322704e-01
-5.640000e-01 7.165000e-01 -3.147476e-01 4.135981e-01 -5.635000e-01 7.170000e-01 -3.147862e-01 4.136453e-01
-5.635000e-01 7.170000e-01 -3.147862e-01 4.136453e-01 -5.630000e-01 7.175000e-01 -3.148270e-01 4.136927e-01
8.500000e-03 7.170000e-01 -4.024601e-01 4.323047e-01 8.000000e-03 7.175000e-01 -4.024304e-01 4.323388e-01
9.000000e-03 7.165000e-01 -4.024884e-01 4.322704e-01 8.500000e-03 7.170000e-01 -4.024601e-01 4.323047e-01
-5.630000e-01 7.175000e-01 -3.148270e-01 4.136927e-01 -5.630000e-01 7.185000e-01 -3.153085e-01 4.142720e-01
8.000000e-03 7.175000e-01 -4.024304e-01 4.323388e-01 8.000000e-03 7.185000e-01 -4.020316e-01 4.328083e-01
-5.630000e-01 7.185000e-01 -3.153085e-01 4.142720e-01 -5.625000e-01 7.190000e-01 -3.153489e-01 4.143225e-01
-5.625000e-01 7.190000e-01 -3.153489e-01 4.143225e-01 -5.620000e-01 7.195000e-01 -3.153914e-01 4.143730e-01
7.500000e-03 7.190000e-01 -4.020016e-01 4.328449e-01 7.000000e-03 7.195000e-01 -4.019701e-01 4.328814e-01
8.000000e-03 7.185000e-01 -4.020316e-01 4.328083e-01 7.500000e-03 7.190000e-01 -4.020016e-01 4.328449e-01
-5.620000e-01 7.195000e-01 -3.153914e-01 4.143730e-01 -5.615000e-01 7.200000e-01 -3.154337e-01 4.144251e-01
-5.615000e-01 7.200000e-01 -3.154337e-01 4.144251e-01 -5.610000e-01 7.205000e-01 -3.154781e-01 4.144774e-01
7.000000e-03 7.195000e-01 -4.019701e-01 4.328814e-01 7.000000e-03 7.205000e-01 -4.015714e-01 4.333554e-01
-5.610000e-01 7.205000e-01 -3.154781e-01 4.144774e-01 -5.610000e-01 7.215000e-01 -3.159580e-01 4.150648e-01
6.500000e-03 7.210000e-01 -4.015396e-01 4.333944e-01 6.000000e-03 7.215000e-01 -4.015064e-01 4.334331e-01
7.000000e-03 7.205000e-01 -4.015714e-01 4.333554e-01 6.500000e-03 7.210000e-01 -4.015396e-01 4.333944e-01
-5.610000e-01 7.215000e-01 -3.159580e-01 4.150648e-01 -5.605000e-01 7.220000e-01 -3.160020e-01 4.151201e-01
-5.605000e-01 7.220000e-01 -3.160020e-01 4.151201e-01 -5.600000e-01 7.225000e-01 -3.160481e-01 4.151756e-01
6.000000e-03 7.215000e-01 -4.015064e-01 4.334331e-01 6.000000e-03 7.225000e-01 -4.011079e-01 4.339117e-01
-5.600000e-01 7.225000e-01 -3.160481e-01 4.151756e-01 -5.600000e-01 7.235000e-01 -3.165267e-01 4.157681e-01
5.500000e-03 7.230000e-01 -4.010744e-01 4.339530e-01 5.000000e-03 7.235000e-01 -4.010394e-01 4.339942e-01
6.000000e-03 7.225000e-01 -4.011079e-01 4.339117e-01 5.500000e-03 7.230000e-01 -4.010744e-01 4.339530e-01
-5.600000e-01 7.235000e-01 -3.165267e-01 4.157681e-01 -5.595000e-01 7.240000e-01 -3.165724e-01 4.158265e-01
-5.595000e-01 7.240000e-01 -3.165724e-01 4.158265e-01 -5.590000e-01 7.245000e-01 -3.166201e-01 4.158852e-01
5.000000e-03 7.235000e-01 -4.010394e-01 4.339942e-01 5.000000e-03 7.245000e-01 -4.006411e-01 4.344773e-01
-5.590000e-01 7.245000e-01 -3.166201e-01 4.158852e-01 -5.585000e-01 7.250000e-01 -3.166676e-01 4.159454e-01
-5.585000e-01 7.250000e-01 -3.166676e-01 4.159454e-01 -5.580000e-01 7.255000e-01 -3.167171e-01 4.160057e-01
4.500000e-03 7.250000e-01 -4.006059e-01 4.345209e-01 4.000000e-03 7.255000e-01 -4.005693e-01 4.345645e-01
5.000000e-03 7.245000e-01 -4.006411e-01 4.344773e-01 4.500000e-03 7.250000e-01 -4.006059e-01 4.345209e-01
-5.580000e-01 7.255000e-01 -3.167171e-01 4.160057e-01 -5.580000e-01 7.265000e-01 -3.171938e-01 4.166062e-01
4.000000e-03 7.255000e-01 -4.005693e-01 4.345645e-01 4.000000e-03 7.265000e-01 -4.001712e-01 4.350521e-01
-5.580000e-01 7.265000e-01 -3.171938e-01 4.166062e-01 -5.575000e-01 7.270000e-01 -3.172429e-01 4.166696e-01
-5.575000e-01 7.270000e-01 -3.172429e-01 4.166696e-01 -5.570000e-01 7.275000e-01 -3.172940e-01 4.167332e-01
3.500000e-03 7.270000e-01 -4.001343e-01 4.350982e-01 3.000000e-03 7.275000e-01 -4.000960e-01 4.351441e-01
4.000000e-03 7.265000e-01 -4.001712e-01 4.350521e-01 3.500000e-03 7.270000e-01 -4.001343e-01 4.350982e-01
-5.570000e-01 7.275000e-01 -3.172940e-01 4.167332e-01 -5.570000e-01 7.285000e-01 -3.177692e-01 4.173386e-01
3.000000e-03 7.275000e-01 -4.000960e-01 4.351441e-01 3.000000e-03 7.285000e-01 -3.996983e-01 4.356362e-01
-5.570000e-01 7.285000e-01 -3.177692e-01 4.173386e-01 -5.565000e-01 7.290000e-01 -3.178198e-01 4.174052e-01
-5.565000e-01 7.290000e-01 -3.178198e-01 4.174052e-01 -5.560000e-01 7.295000e-01 -3.178724e-01 4.174720e-01
2.500000e-03 7.290000e-01 -3.996598e-01 4.356846e-01 2.000000e-03 7.295000e-01 -3.996199e-01 4.357330e-01
3.000000e-03 7.285000e-01 -3.996983e-01 4.356362e-01 2.500000e-03 7.290000e-01 -3.996598e-01 4.356846e-01
-5.560000e-01 7.295000e-01 -3.178724e-01 4.174720e-01 -5.555000e-01 7.300000e-01 -3.179248e-01 4.175403e-01
-5.555000e-01 7.300000e-01 -3.179248e-01 4.175403e-01 -5.550000e-01 7.305000e-01 -3.179791e-01 4.176089e-01
2.000000e-03 7.295000e-01 -3.996199e-01 4.357330e-01 2.000000e-03 7.305000e-01 -3.992225e-01 4.362297e-01
-5.550000e-01 7.305000e-01 -3.179791e-01 4.176089e-01 -5.550000e-01 7.315000e-01 -3.184523e-01 4.182222e-01
1.500000e-03 7.310000e-01 -3.991824e-01 4.362805e-01 1.000000e-03 7.315000e-01 -3.991409e-01 4.363313e-01
2.000000e-03 7.305000e-01 -3.992225e-01 4.362297e-01 1.500000e-03 7.310000e-01 -3.991824e-01 4.362805e-01
-5.550000e-01 7.315000e-01 -3.184523e-01 4.182222e-01 -5.545000e-01 7.320000e-01 -3.185061e-01 4.182937e-01
-5.545000e-01 7.320000e-01 -3.185061e-01 4.182937e-01 -5.540000e-01 7.325000e-01 -3.185619e-01 4.183654e-01
1.000000e-03 7.315000e-01 -3.991409e-01 4.363313e-01 1.000000e-03 7.325000e-01 -3.987438e-01 4.368324e-01
-5.540000e-01 7.325000e-01 -3.185619e-01 4.183654e-01 -5.535000e-01 7.330000e-01 -3.186174e-01 4.184387e-01
-5.535000e-01 7.330000e-01 -3.186174e-01 4.184387e-01 -5.530000e-01 7.335000e-01 -3.186749e-01 4.185122e-01
1.000000e-03 7.325000e-01 -3.987438e-01 4.368324e-01 1.000000e-03 7.335000e-01 -3.983473e-01 4.373355e-01
-5.530000e-01 7.335000e-01 -3.186749e-01 4.185122e-01 -5.530000e-01 7.345000e-01 -3.191459e-01 4.191333e-01
5.000000e-04 7.340000e-01 -3.983056e-01 4.373900e-01 2.081668e-17 7.345000e-01 -3.982625e-01 4.374445e-01
1.000000e-03 7.335000e-01 -3.983473e-01 4.373355e-01 5.000000e-04 7.340000e-01 -3.983056e-01 4.373900e-01
-5.530000e-01 7.345000e-01 -3.191459e-01 4.191333e-01 -5.525000e-01 7.350000e-01 -3.192028e-01 4.192097e-01
-5.525000e-01 7.350000e-01 -3.192028e-01 4.192097e-01 -5.520000e-01 7.355000e-01 -3.192616e-01 4.192865e-01
2.081668e-17 7.345000e-01 -3.982625e-01 4.374445e-01 2.081668e-17 7.355000e-01 -3.978664e-01 4.379520e-01
-5.520000e-01 7.355000e-01 -3.192616e-01 4.192865e-01 -5.520000e-01 7.365000e-01 -3.197310e-01 4.199124e-01
-5.000000e-04 7.360000e-01 -3.978232e-01 4.380090e-01 -1.000000e-03 7.365000e-01 -3.977786e-01 4.380660e-01
2.081668e-17 7.355000e-01 -3.978664e-01 4.379520e-01 -5.000000e-04 7.360000e-01 -3.978232e-01 4.380090e-01
-5.520000e-01 7.365000e-01 -3.197310e-01 4.199124e-01 -5.515000e-01 7.370000e-01 -3.197892e-01 4.199920e-01
-5.515000e-01 7.370000e-01 -3.197892e-01 4.199920e-01 -5.510000e-01 7.375000e-01 -3.198493e-01 4.200720e-01
-1.000000e-03 7.365000e-01 -3.977786e-01 4.380660e-01 -1.000000e-03 7.375000e-01 -3.973830e-01 4.385779e-01
-5.510000e-01 7.375000e-01 -3.198493e-01 4.200720e-01 -5.505000e-01 7.380000e-01 -3.199091e-01 4.201535e-01
-5.505000e-01 7.380000e-01 -3.199091e-01 4.201535e-01 -5.500000e-01 7.385000e-01 -3.199709e-01 4.202352e-01
-1.500000e-03 7.380000e-01 -3.973383e-01 4.386374e-01 -2.000000e-03 7.385000e-01 -3.972922e-01 4.386968e-01
-1.000000e-03 7.375000e-01 -3.973830e-01 4.385779e-01 -1.500000e-03 7.380000e-01 -3.973383e-01 4.386374e-01
-5.500000e-01 7.385000e-01 -3.199709e-01 4.202352e-01 -5.500000e-01 7.395000e-01 -3.204380e-01 4.208687e-01
-2.000000e-03 7.385000e-01 -3.972922e-01 4.386968e-01 -2.000000e-03 7.395000e-01 -3.968971e-01 4.392132e-01
-5.500000e-01 7.395000e-01 -3.204380e-01 4.208687e-01 -5.495000e-01 7.400000e-01 -3.204990e-01 4.209534e-01
-5.495000e-01 7.400000e-01 -3.204990e-01 4.209534e-01 -5.490000e-01 7.405000e-01 -3.205620e-01 4.210384e-01
-2.500000e-03 7.400000e-01 -3.968509e-01 4.392751e-01 -3.000000e-03 7.405000e-01 -3.968034e-01 4.393370e-01
-2.000000e-03 7.395000e-01 -3.968971e-01 4.392132e-01 -2.500000e-03 7.400000e-01 -3.968509e-01 4.392751e-01
-5.490000e-01 7.405000e-01 -3.205620e-01 4.210384e-01 -5.485000e-01 7.410000e-01 -3.206247e-01 4.211248e-01
-5.485000e-01 7.410000e-01 -3.206247e-01 4.211248e-01 -5.480000e-01 7.415000e-01 -3.206893e-01 4.212116e-01
-3.000000e-03 7.405000e-01 -3.968034e-01 4.393370e-01 -3.000000e-03 7.415000e-01 -3.964089e-01 4.398579e-01
-5.480000e-01 7.415000e-01 -3.206893e-01 4.212116e-01 -5.480000e-01 7.425000e-01 -3.211538e-01 4.218526e-01
-3.500000e-03 7.420000e-01 -3.963613e-01 4.399223e-01 -4.000000e-03 7.425000e-01 -3.963124e-01 4.399867e-01
-3.000000e-03 7.415000e-01 -3.964089e-01 4.398579e-01 -3.500000e-03 7.420000e-01 -3.963613e-01 4.399223e-01
-5.480000e-01 7.425000e-01 -3.211538e-01 4.218526e-01 -5.475000e-01 7.430000e-01 -3.212176e-01 4.219423e-01
-5.475000e-01 7.430000e-01 -3.212176e-01 4.219423e-01 -5.470000e-01 7.435000e-01 -3.212833e-01 4.220323e-01
-4.000000e-03 7.425000e-01 -3.963124e-01 4.399867e-01 -4.000000e-03 7.435000e-01 -3.959184e-01 4.405119e-01
-5.470000e-01 7.435000e-01 -3.212833e-01 4.220323e-01 -5.470000e-01 7.445000e-01 -3.217461e-01 4.226780e-01
-4.500000e-03 7.440000e-01 -3.958695e-01 4.405788e-01 -5.000000e-03 7.445000e-01 -3.958192e-01 4.406457e-01
-4.000000e-03 7.435000e-01 -3.959184e-01 4.405119e-01 -4.500000e-03 7.440000e-01 -3.958695e-01 4.405788e-01
-5.470000e-01 7.445000e-01 -3.217461e-01 4.226780e-01 -5.465000e-01 7.450000e-01 -3.218110e-01 4.227708e-01
-5.465000e-01 7.450000e-01 -3.218110e-01 4.227708e-01 -5.460000e-01 7.455000e-01 -3.218779e-01 4.228641e-01
-5.000000e-03 7.445000e-01 -3.958192e-01 4.406457e-01 -5.000000e-03 7.455000e-01 -3.954259e-01 4.411754e-01
-5.460000e-01 7.455000e-01 -3.218779e-01 4.228641e-01 -5.455000e-01 7.460000e-01 -3.219443e-01 4.229587e-01
-5.455000e-01 7.460000e-01 -3.219443e-01 4.229587e-01 -5.450000e-01 7.465000e-01 -3.220127e-01 4.230538e-01
-5.500000e-03 7.460000e-01 -3.953756e-01 4.412448e-01 -6.000000e-03 7.465000e-01 -3.953239e-01 4.413142e-01
-5.000000e-03 7.455000e-01 -3.954259e-01 4.411754e-01 -5.500000e-03 7.460000e-01 -3.953756e-01 4.412448e-01
-5.450000e-01 7.465000e-01 -3.220127e-01 4.230538e-01 -5.450000e-01 7.475000e-01 -3.224727e-01 4.237068e-01
-6.500000e-03 7.470000e-01 -3.952723e-01 4.413849e-01 -7.000000e-03 7.475000e-01 -3.952193e-01 4.414557e-01
-6.000000e-03 7.465000e-01 -3.953239e-01 4.413142e-01 -6.500000e-03 7.470000e-01 -3.952723e-01 4.413849e-01
-5.450000e-01 7.475000e-01 -3.224727e-01 4.237068e-01 -5.445000e-01 7.480000e-01 -3.225402e-01 4.238047e-01
-5.445000e-01 7.480000e-01 -3.225402e-01 4.238047e-01 -5.440000e-01 7.485000e-01 -3.226096e-01 4.239030e-01
-7.000000e-03 7.475000e-01 -3.952193e-01 4.414557e-01 -7.000000e-03 7.485000e-01 -3.948267e-01 4.419922e-01
-5.440000e-01 7.485000e-01 -3.226096e-01 4.239030e-01 -5.435000e-01 7.490000e-01 -3.226786e-01 4.240027e-01
-5.435000e-01 7.490000e-01 -3.226786e-01 4.240027e-01 -5.430000e-01 7.495000e-01 -3.227495e-01 4.241028e-01
-7.500000e-03 7.490000e-01 -3.947738e-01 4.420654e-01 -8.000000e-03 7.495000e-01 -3.947195e-01 4.421387e-01
-7.000000e-03 7.485000e-01 -3.948267e-01 4.419922e-01 -7.500000e-03 7.490000e-01 -3.947738e-01 4.420654e-01
-5.430000e-01 7.495000e-01 -3.227495e-01 4.241028e-01 -5.430000e-01 7.505000e-01 -3.232067e-01 4.247631e-01
-8.000000e-03 7.495000e-01 -3.947195e-01 4.421387e-01 -8.000000e-03 7.505000e-01 -3.943277e-01 4.426796e-01
-5.430000e-01 7.505000e-01 -3.232067e-01 4.247631e-01 -5.425000e-01 7.510000e-01 -3.232767e-01 4.248660e-01
-5.425000e-01 7.510000e-01 -3.232767e-01 4.248660e-01 -5.420000e-01 7.515000e-01 -3.233485e-01 4.249694e-01
-8.500000e-03 7.510000e-01 -3.942735e-01 4.427553e-01 -9.000000e-03 7.515000e-01 -3.942180e-01 4.428311e-01
-8.000000e-03 7.505000e-01 -3.943277e-01 4.426796e-01 -8.500000e-03 7.510000e-01 -3.942735e-01 4.427553e-01
-5.420000e-01 7.515000e-01 -3.233485e-01 4.249694e-01 -5.415000e-01 7.520000e-01 -3.234198e-01 4.250741e-01
-5.415000e-01 7.520000e-01 -3.234198e-01 4.250741e-01 -5.410000e-01 7.525000e-01 -3.234930e-01 4.251793e-01
-9.000000e-03 7.515000e-01 -3.942180e-01 4.428311e-01 -9.000000e-03 7.525000e-01 -3.938269e-01 4.433764e-01
-5.410000e-01 7.525000e-01 -3.234930e-01 4.251793e-01 -5.410000e-01 7.535000e-01 -3.239474e-01 4.258468e-01
-9.500000e-03 7.530000e-01 -3.937715e-01 4.434547e-01 -1.000000e-02 7.535000e-01 -3.937147e-01 4.435331e-01
-9.000000e-03 7.525000e-01 -3.938269e-01 4.433764e-01 -9.500000e-03 7.530000e-01 -3.937715e-01 4.434547e-01
-5.410000e-01 7.535000e-01 -3.239474e-01 4.258468e-01 -5.405000e-01 7.540000e-01 -3.240197e-01 4.259548e-01
-5.405000e-01 7.540000e-01 -3.240197e-01 4.259548e-01 -5.400000e-01 7.545000e-01 -3.240938e-01 4.260631e-01
-1.000000e-02 7.535000e-01 -3.937147e-01 4.435331e-01 -1.000000e-02 7.545000e-01 -3.933245e-01 4.440826e-01
-5.400000e-01 7.545000e-01 -3.240938e-01 4.260631e-01 -5.400000e-01 7.555000e-01 -3.245461e-01 4.267350e-01
-1.050000e-02 7.550000e-01 -3.932679e-01 4.441635e-01 -1.100000e-02 7.555000e-01 -3.932100e-01 4.442445e-01
-1.000000e-02 7.545000e-01 -3.933245e-01 4.440826e-01 -1.050000e-02 7.550000e-01 -3.932679e-01 4.441635e-01
-5.400000e-01 7.555000e-01 -3.245461e-01 4.267350e-01 -5.395000e-01 7.560000e-01 -3.246193e-01 4.268462e-01
-5.395000e-01 7.560000e-01 -3.246193e-01 4.268462e-01 -5.390000e-01 7.565000e-01 -3.246942e-01 4.269578e-01
-1.100000e-02 7.555000e-01 -3.932100e-01 4.442445e-01 -1.100000e-02 7.565000e-01 -3.928206e-01 4.447983e-01
-5.390000e-01 7.565000e-01 -3.246942e-01 4.269578e-01 -5.385000e-01 7.570000e-01 -3.247687e-01 4.270707e-01
-5.385000e-01 7.570000e-01 -3.247687e-01 4.270707e-01 -5.380000e-01 7.575000e-01 -3.248450e-01 4.271842e-01
-1.150000e-02 7.570000e-01 -3.927628e-01 4.448818e-01 -1.200000e-02 7.575000e-01 -3.927037e-01 4.449654e-01
-1.100000e-02 7.565000e-01 -3.928206e-01 4.447983e-01 -1.150000e-02 7.570000e-01 -3.927628e-01 4.448818e-01
-5.380000e-01 7.575000e-01 -3.248450e-01 4.271842e-01 -5.380000e-01 7.585000e-01 -3.252943e-01 4.278631e-01
-1.200000e-02 7.575000e-01 -3.927037e-01 4.449654e-01 -1.200000e-02 7.585000e-01 -3.923152e-01 4.455236e-01
-5.380000e-01 7.585000e-01 -3.252943e-01 4.278631e-01 -5.375000e-01 7.590000e-01 -3.253695e-01 4.279793e-01
-5.375000e-01 7.590000e-01 -3.253695e-01 4.279793e-01 -5.370000e-01 7.595000e-01 -3.254466e-01 4.280960e-01
-1.250000e-02 7.590000e-01 -3.922563e-01 4.456096e-01 -1.300000e-02 7.595000e-01 -3.921961e-01 4.456958e-01
-1.200000e-02 7.585000e-01 -3.923152e-01 4.455236e-01 -1.250000e-02 7.590000e-01 -3.922563e-01 4.456096e-01
-5.370000e-01 7.595000e-01 -3.254466e-01 4.280960e-01 -5.365000e-01 7.600000e-01 -3.255231e-01 4.282140e-01
-5.365000e-01 7.600000e-01 -3.255231e-01 4.282140e-01 -5.360000e-01 7.605000e-01 -3.256015e-01 4.283325e-01
-1.300000e-02 7.595000e-01 -3.921961e-01 4.456958e-01 -1.300000e-02 7.605000e-01 -3.918086e-01 4.462582e-01
-5.360000e-01 7.605000e-01 -3.256015e-01 4.283325e-01 -5.360000e-01 7.615000e-01 -3.260476e-01 4.290183e-01
-1.350000e-02 7.610000e-01 -3.917486e-01 4.463468e-01 -1.400000e-02 7.615000e-01 -3.916873e-01 4.464356e-01
-1.300000e-02 7.605000e-01 -3.918086e-01 4.462582e-01 -1.350000e-02 7.610000e-01 -3.917486e-01 4.463468e-01
-5.360000e-01 7.615000e-01 -3.260476e-01 4.290183e-01 -5.355000e-01 7.620000e-01 -3.261249e-01 4.291395e-01
-5.355000e-01 7.620000e-01 -3.261249e-01 4.291395e-01 -5.350000e-01 7.625000e-01 -3.262039e-01 4.292612e-01
-1.400000e-02 7.615000e-01 -3.916873e-01 4.464356e-01 -1.400000e-02 7.625000e-01 -3.913006e-01 4.470023e-01
-5.350000e-01 7.625000e-01 -3.262039e-01 4.292612e-01 -5.345000e-01 7.630000e-01 -3.262824e-01 4.293843e-01
-5.345000e-01 7.630000e-01 -3.262824e-01 4.293843e-01 -5.340000e-01 7.635000e-01 -3.263627e-01 4.295079e-01
-1.450000e-02 7.630000e-01 -3.912396e-01 4.470935e-01 -1.500000e-02 7.635000e-01 -3.911773e-01 4.471849e-01
-1.400000e-02 7.625000e-01 -3.913006e-01 4.470023e-01 -1.450000e-02 7.630000e-01 -3.912396e-01 4.470935e-01
-5.340000e-01 7.635000e-01 -3.263627e-01 4.295079e-01 -5.340000e-01 7.645000e-01 -3.268056e-01 4.302006e-01
-1.550000e-02 7.640000e-01 -3.911151e-01 4.472775e-01 -1.600000e-02 7.645000e-01 -3.910515e-01 4.473703e-01
-1.500000e-02 7.635000e-01 -3.911773e-01 4.471849e-01 -1.550000e-02 7.640000e-01 -3.911151e-01 4.472775e-01
-5.340000e-01 7.645000e-01 -3.268056e-01 4.302006e-01 -5.335000e-01 7.650000e-01 -3.268847e-01 4.303268e-01
-5.335000e-01 7.650000e-01 -3.268847e-01 4.303268e-01 -5.330000e-01 7.655000e-01 -3.269656e-01 4.304536e-01
-1.600000e-02 7.645000e-01 -3.910515e-01 4.473703e-01 -1.600000e-02 7.655000e-01 -3.906662e-01 4.479437e-01
-5.330000e-01 7.655000e-01 -3.269656e-01 4.304536e-01 -5.325000e-01 7.660000e-01 -3.270459e-01 4.305817e-01
-5.325000e-01 7.660000e-01 -3.270459e-01 4.305817e-01 -5.320000e-01 7.665000e-01 -3.271280e-01 4.307103e-01
-1.650000e-02 7.660000e-01 -3.906030e-01 4.480390e-01 -1.700000e-02 7.665000e-01 -3.905385e-01 4.481344e-01
-1.600000e-02 7.655000e-01 -3.906662e-01 4.479437e-01 -1.650000e-02 7.660000e-01 -3.906030e-01 4.480390e-01
-5.320000e-01 7.665000e-01 -3.271280e-01 4.307103e-01 -5.320000e-01 7.675000e-01 -3.275676e-01 4.314097e-01
-1.700000e-02 7.665000e-01 -3.905385e-01 4.481344e-01 -1.700000e-02 7.675000e-01 -3.901542e-01 4.487119e-01
-5.320000e-01 7.675000e-01 -3.275676e-01 4.314097e-01 -5.315000e-01 7.680000e-01 -3.276485e-01 4.315410e-01
-5.315000e-01 7.680000e-01 -3.276485e-01 4.315410e-01 -5.310000e-01 7.685000e-01 -3.277311e-01 4.316728e-01
-1.750000e-02 7.680000e-01 -3.900901e-01 4.488098e-01 -1.800000e-02 7.685000e-01 -3.900245e-01 4.489079e-01
-1.700000e-02 7.675000e-01 -3.901542e-01 4.487119e-01 -1.750000e-02 7.680000e-01 -3.900901e-01 4.488098e-01
-5.310000e-01 7.685000e-01 -3.277311e-01 4.316728e-01 -5.305000e-01 7.690000e-01 -3.278132e-01 4.318059e-01
-5.305000e-01 7.690000e-01 -3.278132e-01 4.318059e-01 -5.300000e-01 7.695000e-01 -3.278970e-01 4.319396e-01
-1.800000e-02 7.685000e-01 -3.900245e-01 4.489079e-01 -1.800000e-02 7.695000e-01 -3.896414e-01 4.494896e-01
-5.300000e-01 7.695000e-01 -3.278970e-01 4.319396e-01 -5.300000e-01 7.705000e-01 -3.283331e-01 4.326456e-01
-1.850000e-02 7.700000e-01 -3.895763e-01 4.495902e-01 -1.900000e-02 7.705000e-01 -3.895099e-01 4.496909e-01
-1.800000e-02 7.695000e-01 -3.896414e-01 4.494896e-01 -1.850000e-02 7.700000e-01 -3.895763e-01 4.495902e-01
-5.300000e-01 7.705000e-01 -3.283331e-01 4.326456e-01 -5.295000e-01 7.710000e-01 -3.284157e-01 4.327819e-01
-5.295000e-01 7.710000e-01 -3.284157e-01 4.327819e-01 -5.290000e-01 7.715000e-01 -3.284999e-01 4.329187e-01
-1.900000e-02 7.705000e-01 -3.895099e-01 4.496909e-01 -1.900000e-02 7.715000e-01 -3.891278e-01 4.502768e-01
-5.290000e-01 7.715000e-01 -3.284999e-01 4.329187e-01 -5.285000e-01 7.720000e-01 -3.285836e-01 4.330569e-01
-5.285000e-01 7.720000e-01 -3.285836e-01 4.330569e-01 -5.280000e-01 7.725000e-01 -3.286690e-01 4.331956e-01
-1.950000e-02 7.720000e-01 -3.890618e-01 4.503800e-01 -2.000000e-02 7.725000e-01 -3.889945e-01 4.504833e-01
-1.900000e-02 7.715000e-01 -3.891278e-01 4.502768e-01 -1.950000e-02 7.720000e-01 -3.890618e-01 4.503800e-01
-5.280000e-01 7.725000e-01 -3.286690e-01 4.331956e-01 -5.275000e-01 7.730000e-01 -3.287537e-01 4.333356e-01
-5.275000e-01 7.730000e-01 -3.287537e-01 4.333356e-01 -5.270000e-01 7.735000e-01 -3.288401e-01 4.334762e-01
-2.050000e-02 7.730000e-01 -3.889273e-01 4.505879e-01 -2.100000e-02 7.735000e-01 -3.888589e-01 4.506927e-01
-2.000000e-02 7.725000e-01 -3.889945e-01 4.504833e-01 -2.050000e-02 7.730000e-01 -3.889273e-01 4.505879e-01
-5.270000e-01 7.735000e-01 -3.288401e-01 4.334762e-01 -5.270000e-01 7.745000e-01 -3.292715e-01 4.341913e-01
-2.100000e-02 7.735000e-01 -3.888589e-01 4.506927e-01 -2.100000e-02 7.745000e-01 -3.884785e-01 4.512852e-01
-5.270000e-01 7.745000e-01 -3.292715e-01 4.341913e-01 -5.265000e-01 7.750000e-01 -3.293566e-01 4.343345e-01
-5.265000e-01 7.750000e-01 -3.293566e-01 4.343345e-01 -5.260000e-01 7.755000e-01 -3.294434e-01 4.344782e-01
-2.150000e-02 7.750000e-01 -3.884105e-01 4.513924e-01 -2.200000e-02 7.755000e-01 -3.883413e-01 4.514999e-01
-2.100000e-02 7.745000e-01 -3.884785e-01 4.512852e-01 -2.150000e-02 7.750000e-01 -3.884105e-01 4.513924e-01
-5.260000e-01 7.755000e-01 -3.294434e-01 4.344782e-01 -5.255000e-01 7.760000e-01 -3.295296e-01 4.346232e-01
-5.255000e-01 7.760000e-01 -3.295296e-01 4.346232e-01 -5.250000e-01 7.765000e-01 -3.296174e-01 4.347689e-01
-2.200000e-02 7.755000e-01 -3.883413e-01 4.514999e-01 -2.200000e-02 7.765000e-01 -3.879621e-01 4.520965e-01
-5.250000e-01 7.765000e-01 -3.296174e-01 4.347689e-01 -5.250000e-01 7.775000e-01 -3.300452e-01 4.354905e-01
-2.250000e-02 7.770000e-01 -3.878933e-01 4.522064e-01 -2.300000e-02 7.775000e-01 -3.878233e-01 4.523165e-01
-2.200000e-02 7.765000e-01 -3.879621e-01 4.520965e-01 -2.250000e-02 7.770000e-01 -3.878933e-01 4.522064e-01
-5.250000e-01 7.775000e-01 -3.300452e-01 4.354905e-01 -5.245000e-01 7.780000e-01 -3.301317e-01 4.356386e-01
-5.245000e-01 7.780000e-01 -3.301317e-01 4.356386e-01 -5.240000e-01 7.785000e-01 -3.302198e-01 4.357874e-01
-2.350000e-02 7.780000e-01 -3.877535e-01 4.524279e-01 -2.400000e-02 7.785000e-01 -3.876824e-01 4.525395e-01
-2.300000e-02 7.775000e-01 -3.878233e-01 4.523165e-01 -2.350000e-02 7.780000e-01 -3.877535e-01 4.524279e-01
-5.240000e-01 7.785000e-01 -3.302198e-01 4.357874e-01 -5.235000e-01 7.790000e-01 -3.303073e-01 4.359374e-01
-5.235000e-01 7.790000e-01 -3.303073e-01 4.359374e-01 -5.230000e-01 7.795000e-01 -3.303964e-01 4.360880e-01
-2.400000e-02 7.785000e-01 -3.876824e-01 4.525395e-01 -2.400000e-02 7.795000e-01 -3.873049e-01 4.531426e-01
-5.230000e-01 7.795000e-01 -3.303964e-01 4.360880e-01 -5.230000e-01 7.805000e-01 -3.308205e-01 4.368159e-01
-2.450000e-02 7.800000e-01 -3.872343e-01 4.532567e-01 -2.500000e-02 7.805000e-01 -3.871625e-01 4.533709e-01
-2.400000e-02 7.795000e-01 -3.873049e-01 4.531426e-01 -2.450000e-02 7.800000e-01 -3.872343e-01 4.532567e-01
-5.230000e-01 7.805000e-01 -3.308205e-01 4.368159e-01 -5.225000e-01 7.810000e-01 -3.309083e-01 4.369690e-01
-5.225000e-01 7.810000e-01 -3.309083e-01 4.369690e-01 -5.220000e-01 7.815000e-01 -3.309977e-01 4.371228e-01
-2.500000e-02 7.805000e-01 -3.871625e-01 4.533709e-01 -2.500000e-02 7.815000e-01 -3.867862e-01 4.539781e-01
-5.220000e-01 7.815000e-01 -3.309977e-01 4.371228e-01 -5.215000e-01 7.820000e-01 -3.310864e-01 4.372777e-01
-5.215000e-01 7.820000e-01 -3.310864e-01 4.372777e-01 -5.210000e-01 7.825000e-01 -3.311767e-01 4.374334e-01
-2.550000e-02 7.820000e-01 -3.867150e-01 4.540949e-01 -2.600000e-02 7.825000e-01 -3.866424e-01 4.542118e-01
-2.500000e-02 7.815000e-01 -3.867862e-01 4.539781e-01 -2.550000e-02 7.820000e-01 -3.867150e-01 4.540949e-01
-5.210000e-01 7.825000e-01 -3.311767e-01 4.374334e-01 -5.205000e-01 7.830000e-01 -3.312663e-01 4.375903e-01
-5.205000e-01 7.830000e-01 -3.312663e-01 4.375903e-01 -5.200000e-01 7.835000e-01 -3.313575e-01 4.377479e-01
-2.600000e-02 7.825000e-01 -3.866424e-01 4.542118e-01 -2.600000e-02 7.835000e-01 -3.862675e-01 4.548231e-01
-5.200000e-01 7.835000e-01 -3.313575e-01 4.377479e-01 -5.200000e-01 7.845000e-01 -3.317764e-01 4.384843e-01
-2.650000e-02 7.840000e-01 -3.861956e-01 4.549425e-01 -2.700000e-02 7.845000e-01 -3.861223e-01 4.550621e-01
-2.600000e-02 7.835000e-01 -3.862675e-01 4.548231e-01 -2.650000e-02 7.840000e-01 -3.861956e-01 4.549425e-01
-5.200000e-01 7.845000e-01 -3.317764e-01 4.384843e-01 -5.195000e-01 7.850000e-01 -3.318662e-01 4.386443e-01
-5.195000e-01 7.850000e-01 -3.318662e-01 4.386443e-01 -5.190000e-01 7.855000e-01 -3.319576e-01 4.388049e-01
-2.750000e-02 7.850000e-01 -3.860494e-01 4.551830e-01 -2.800000e-02 7.855000e-01 -3.859752e-01 4.553042e-01
-2.700000e-02 7.845000e-01 -3.861223e-01 4.550621e-01 -2.750000e-02 7.850000e-01 -3.860494e-01 4.551830e-01
-5.190000e-01 7.855000e-01 -3.319576e-01 4.388049e-01 -5.185000e-01 7.860000e-01 -3.320483e-01 4.389667e-01
-5.185000e-01 7.860000e-01 -3.320483e-01 4.389667e-01 -5.180000e-01 7.865000e-01 -3.321405e-01 4.391293e-01
-2.800000e-02 7.855000e-01 -3.859752e-01 4.553042e-01 -2.800000e-02 7.865000e-01 -3.856023e-01 4.559218e-01
-5.180000e-01 7.865000e-01 -3.321405e-01 4.391293e-01 -5.180000e-01 7.875000e-01 -3.325555e-01 4.398718e-01
-2.850000e-02 7.870000e-01 -3.855287e-01 4.560454e-01 -2.900000e-02 7.875000e-01 -3.854539e-01 4.561692e-01
-2.800000e-02 7.865000e-01 -3.856023e-01 4.559218e-01 -2.850000e-02 7.870000e-01 -3.855287e-01 4.560454e-01
-5.180000e-01 7.875000e-01 -3.325555e-01 4.398718e-01 -5.175000e-01 7.880000e-01 -3.326463e-01 4.400367e-01
-5.175000e-01 7.880000e-01 -3.326463e-01 4.400367e-01 -5.170000e-01 7.885000e-01 -3.327387e-01 4.402023e-01
-2.950000e-02 7.880000e-01 -3.853794e-01 4.562943e-01 -3.000000e-02 7.885000e-01 -3.853037e-01 4.564196e-01
-2.900000e-02 7.875000e-01 -3.854539e-01 4.561692e-01 -2.950000e-02 7.880000e-01 -3.853794e-01 4.562943e-01
-5.170000e-01 7.885000e-01 -3.327387e-01 4.402023e-01 -5.165000e-01 7.890000e-01 -3.328303e-01 4.403691e-01
-5.165000e-01 7.890000e-01 -3.328303e-01 4.403691e-01 -5.160000e-01 7.895000e-01 -3.329234e-01 4.405366e-01
-3.000000e-02 7.885000e-01 -3.853037e-01 4.564196e-01 -3.000000e-02 7.895000e-01 -3.849328e-01 4.570437e-01
-5.160000e-01 7.895000e-01 -3.329234e-01 4.405366e-01 -5.155000e-01 7.900000e-01 -3.330158e-01 4.407052e-01
-5.155000e-01 7.900000e-01 -3.330158e-01 4.407052e-01 -5.150000e-01 7.905000e-01 -3.331097e-01 4.408747e-01
-3.050000e-02 7.900000e-01 -3.848577e-01 4.571714e-01 -3.100000e-02 7.905000e-01 -3.847814e-01 4.572995e-01
-3.000000e-02 7.895000e-01 -3.849328e-01 4.570437e-01 -3.050000e-02 7.900000e-01 -3.848577e-01 4.571714e-01
-5.150000e-01 7.905000e-01 -3.331097e-01 4.408747e-01 -5.150000e-01 7.915000e-01 -3.335194e-01 4.416254e-01
-3.100000e-02 7.905000e-01 -3.847814e-01 4.572995e-01 -3.100000e-02 7.915000e-01 -3.844120e-01 4.579275e-01
-5.150000e-01 7.915000e-01 -3.335194e-01 4.416254e-01 -5.145000e-01 7.920000e-01 -3.336119e-01 4.417971e-01
-5.145000e-01 7.920000e-01 -3.336119e-01 4.417971e-01 -5.140000e-01 7.925000e-01 -3.337058e-01 4.419696e-01
-3.150000e-02 7.920000e-01 -3.843363e-01 4.580579e-01 -3.200000e-02 7.925000e-01 -3.842595e-01 4.581888e-01
-3.100000e-02 7.915000e-01 -3.844120e-01 4.579275e-01 -3.150000e-02 7.920000e-01 -3.843363e-01 4.580579e-01
-5.140000e-01 7.925000e-01 -3.337058e-01 4.419696e-01 -5.135000e-01 7.930000e-01 -3.337990e-01 4.421432e-01
-5.135000e-01 7.930000e-01 -3.337990e-01 4.421432e-01 -5.130000e-01 7.935000e-01 -3.338937e-01 4.423175e-01
-3.250000e-02 7.930000e-01 -3.841830e-01 4.583207e-01 -3.300000e-02 7.935000e-01 -3.841053e-01 4.584530e-01
-3.200000e-02 7.925000e-01 -3.842595e-01 4.581888e-01 -3.250000e-02 7.930000e-01 -3.841830e-01 4.583207e-01
-5.130000e-01 7.935000e-01 -3.338937e-01 4.423175e-01 -5.130000e-01 7.945000e-01 -3.342993e-01 4.430741e-01
-3.300000e-02 7.935000e-01 -3.841053e-01 4.584530e-01 -3.300000e-02 7.945000e-01 -3.837380e-01 4.590873e-01
-5.130000e-01 7.945000e-01 -3.342993e-01 4.430741e-01 -5.125000e-01 7.950000e-01 -3.343925e-01 4.432507e-01
-5.125000e-01 7.950000e-01 -3.343925e-01 4.432507e-01 -5.120000e-01 7.955000e-01 -3.344872e-01 4.434281e-01
-3.350000e-02 7.950000e-01 -3.836610e-01 4.592220e-01 -3.400000e-02 7.955000e-01 -3.835829e-01 4.593570e-01
-3.300000e-02 7.945000e-01 -3.837380e-01 4.590873e-01 -3.350000e-02 7.950000e-01 -3.836610e-01 4.592220e-01
-5.120000e-01 7.955000e-01 -3.344872e-01 4.434281e-01 -5.115000e-01 7.960000e-01 -3.345811e-01 4.436066e-01
-5.115000e-01 7.960000e-01 -3.345811e-01 4.436066e-01 -5.110000e-01 7.965000e-01 -3.346764e-01 4.437858e-01
-3.450000e-02 7.960000e-01 -3.835050e-01 4.594932e-01 -3.500000e-02 7.965000e-01 -3.834260e-01 4.596298e-01
-3.400000e-02 7.955000e-01 -3.835829e-01 4.593570e-01 -3.450000e-02 7.960000e-01 -3.835050e-01 4.594932e-01
-5.110000e-01 7.965000e-01 -3.346764e-01 4.437858e-01 -5.105000e-01 7.970000e-01 -3.347710e-01 4.439662e-01
-5.105000e-01 7.970000e-01 -3.347710e-01 4.439662e-01 -5.100000e-01 7.975000e-01 -3.348670e-01 4.441473e-01
-3.500000e-02 7.965000e-01 -3.834260e-01 4.596298e-01 -3.500000e-02 7.975000e-01 -3.830610e-01 4.602703e-01
-5.100000e-01 7.975000e-01 -3.348670e-01 4.441473e-01 -5.100000e-01 7.985000e-01 -3.352670e-01 4.449118e-01
-3.550000e-02 7.980000e-01 -3.829827e-01 4.604092e-01 -3.600000e-02 7.985000e-01 -3.829033e-01 4.605486e-01
-3.500000e-02 7.975000e-01 -3.830610e-01 4.602703e-01 -3.550000e-02 7.980000e-01 -3.829827e-01 4.604092e-01
-5.100000e-01 7.985000e-01 -3.352670e-01 4.449118e-01 -5.095000e-01 7.990000e-01 -3.353615e-01 4.450952e-01
-5.095000e-01 7.990000e-01 -3.353615e-01 4.450952e-01 -5.090000e-01 7.995000e-01 -3.354574e-01 4.452793e-01
-3.600000e-02 7.985000e-01 -3.829033e-01 4.605486e-01 -3.600000e-02 7.995000e-01 -3.825399e-01 4.611930e-01
-5.090000e-01 7.995000e-01 -3.354574e-01 4.452793e-01 -5.085000e-01 8.000000e-01 -3.355525e-01 4.454645e-01
-5.085000e-01 8.000000e-01 -3.355525e-01 4.454645e-01 -5.080000e-01 8.005000e-01 -3.356491e-01 4.456505e-01
-3.650000e-02 8.000000e-01 -3.824612e-01 4.613346e-01 -3.700000e-02 8.005000e-01 -3.823813e-01 4.614766e-01
-3.600000e-02 7.995000e-01 -3.825399e-01 4.611930e-01 -3.650000e-02 8.000000e-01 -3.824612e-01 4.613346e-01
-5.080000e-01 8.005000e-01 -3.356491e-01 4.456505e-01 -5.075000e-01 8.010000e-01 -3.357448e-01 4.458376e-01
-5.075000e-01 8.010000e-01 -3.357448e-01 4.458376e-01 -5.070000e-01 8.015000e-01 -3.358419e-01 4.460255e-01
-3.750000e-02 8.010000e-01 -3.823019e-01 4.616198e-01 -3.800000e-02 8.015000e-01 -3.822213e-01 4.617634e-01
-3.700000e-02 8.005000e-01 -3.823813e-01 4.614766e-01 -3.750000e-02 8.010000e-01 -3.823019e-01 4.616198e-01
-5.070000e-01 8.015000e-01 -3.358419e-01 4.460255e-01 -5.065000e-01 8.020000e-01 -3.359383e-01 4.462145e-01
-5.065000e-01 8.020000e-01 -3.359383e-01 4.462145e-01 -5.060000e-01 8.025000e-01 -3.360360e-01 4.464042e-01
-3.800000e-02 8.015000e-01 -3.822213e-01 4.617634e-01 -3.800000e-02 8.025000e-01 -3.818602e-01 4.624139e-01
-5.060000e-01 8.025000e-01 -3.360360e-01 4.464042e-01 -5.060000e-01 8.035000e-01 -3.364287e-01 4.471787e-01
-3.850000e-02 8.030000e-01 -3.817804e-01 4.625598e-01 -3.900000e-02 8.035000e-01 -3.816995e-01 4.627062e-01
-3.800000e-02 8.025000e-01 -3.818602e-01 4.624139e-01 -3.850000e-02 8.030000e-01 -3.817804e-01 4.625598e-01
-5.060000e-01 8.035000e-01 -3.364287e-01 4.471787e-01 -5.055000e-01 8.040000e-01 -3.365249e-01 4.473706e-01
-5.055000e-01 8.040000e-01 -3.365249e-01 4.473706e-01 -5.050000e-01 8.045000e-01 -3.366223e-01 4.475634e-01
-3.950000e-02 8.040000e-01 -3.816189e-01 4.628536e-01 -4.000000e-02 8.045000e-01 -3.815372e-01 4.630014e-01
-3.900000e-02 8.035000e-01 -3.816995e-01 4.627062e-01 -3.950000e-02 8.040000e-01 -3.816189e-01 4.628536e-01
-5.050000e-01 8.045000e-01 -3.366223e-01 4.475634e-01 -5.045000e-01 8.050000e-01 -3.367190e-01 4.477572e-01
-5.045000e-01 8.050000e-01 -3.367190e-01 4.477572e-01 -5.040000e-01 8.055000e-01 -3.368171e-01 4.479518e-01
-4.000000e-02 8.045000e-01 -3.815372e-01 4.630014e-01 -4.000000e-02 8.055000e-01 -3.811786e-01 4.636581e-01
-5.040000e-01 8.055000e-01 -3.368171e-01 4.479518e-01 -5.035000e-01 8.060000e-01 -3.369143e-01 4.481474e-01
-5.035000e-01 8.060000e-01 -3.369143e-01 4.481474e-01 -5.030000e-01 8.065000e-01 -3.370129e-01 4.483439e-01
-4.050000e-02 8.060000e-01 -3.810977e-01 4.638083e-01 -4.100000e-02 8.065000e-01 -3.810158e-01 4.639589e-01
-4.000000e-02 8.055000e-01 -3.811786e-01 4.636581e-01 -4.050000e-02 8.060000e-01 -3.810977e-01 4.638083e-01
-5.030000e-01 8.065000e-01 -3.370129e-01 4.483439e-01 -5.030000e-01 8.075000e-01 -3.373998e-01 4.491259e-01
-4.150000e-02 8.070000e-01 -3.809342e-01 4.641107e-01 -4.200000e-02 8.075000e-01 -3.808516e-01 4.642628e-01
-4.100000e-02 8.065000e-01 -3.810158e-01 4.639589e-01 -4.150000e-02 8.070000e-01 -3.809342e-01 4.641107e-01
-5.030000e-01 8.075000e-01 -3.373998e-01 4.491259e-01 -5.025000e-01 8.080000e-01 -3.374967e-01 4.493245e-01
-5.025000e-01 8.080000e-01 -3.374967e-01 4.493245e-01 -5.020000e-01 8.085000e-01 -3.375950e-01 4.495239e-01
-4.200000e-02 8.075000e-01 -3.808516e-01 4.642628e-01 -4.200000e-02 8.085000e-01 -3.804955e-01 4.649256e-01
-5.020000e-01 8.085000e-01 -3.375950e-01 4.495239e-01 -5.015000e-01 8.090000e-01 -3.376924e-01 4.497243e-01
-5.015000e-01 8.090000e-01 -3.376924e-01 4.497243e-01 -5.010000e-01 8.095000e-01 -3.377911e-01 4.499256e-01
-4.250000e-02 8.090000e-01 -3.804137e-01 4.650801e-01 -4.300000e-02 8.095000e-01 -3.803308e-01 4.652350e-01
-4.200000e-02 8.085000e-01 -3.804955e-01 4.649256e-01 -4.250000e-02 8.090000e-01 -3.804137e-01 4.650801e-01
-5.010000e-01 8.095000e-01 -3.377911e-01 4.499256e-01 -5.005000e-01 8.100000e-01 -3.378891e-01 4.501279e-01
-5.005000e-01 8.100000e-01 -3.378891e-01 4.501279e-01 -5.000000e-01 8.105000e-01 -3.379883e-01 4.503311e-01
-4.350000e-02 8.100000e-01 -3.802483e-01 4.653910e-01 -4.400000e-02 8.105000e-01 -3.801647e-01 4.655475e-01
-4.300000e-02 8.095000e-01 -3.803308e-01 4.652350e-01 -4.350000e-02 8.100000e-01 -3.802483e-01 4.653910e-01
-5.000000e-01 8.105000e-01 -3.379883e-01 4.503311e-01 -4.995000e-01 8.110000e-01 -3.380867e-01 4.505352e-01
-4.995000e-01 8.110000e-01 -3.380867e-01 4.505352e-01 -4.990000e-01 8.115000e-01 -3.381863e-01 4.507403e-01
-4.450000e-02 8.110000e-01 -3.800816e-01 4.657052e-01 -4.500000e-02 8.115000e-01 -3.799974e-01 4.658632e-01
-4.400000e-02 8.105000e-01 -3.801647e-01 4.655475e-01 -4.450000e-02 8.110000e-01 -3.800816e-01 4.657052e-01
-4.990000e-01 8.115000e-01 -3.381863e-01 4.507403e-01 -4.990000e-01 8.125000e-01 -3.385656e-01 4.515316e-01
-4.500000e-02 8.115000e-01 -3.799974e-01 4.658632e-01 -4.500000e-02 8.125000e-01 -3.796449e-01 4.665343e-01
-4.990000e-01 8.125000e-01 -3.385656e-01 4.515316e-01 -4.985000e-01 8.130000e-01 -3.386636e-01 4.517386e-01
-4.985000e-01 8.130000e-01 -3.386636e-01 4.517386e-01 -4.980000e-01 8.135000e-01 -3.387628e-01 4.519465e-01
-4.550000e-02 8.130000e-01 -3.795616e-01 4.666946e-01 -4.600000e-02 8.135000e-01 -3.794772e-01 4.668554e-01
-4.500000e-02 8.125000e-01 -3.796449e-01 4.665343e-01 -4.550000e-02 8.130000e-01 -3.795616e-01 4.666946e-01
-4.980000e-01 8.135000e-01 -3.387628e-01 4.519465e-01 -4.975000e-01 8.140000e-01 -3.388612e-01 4.521555e-01
-4.975000e-01 8.140000e-01 -3.388612e-01 4.521555e-01 -4.970000e-01 8.145000e-01 -3.389609e-01 4.523652e-01
-4.650000e-02 8.140000e-01 -3.793933e-01 4.670174e-01 -4.700000e-02 8.145000e-01 -3.793083e-01 4.671799e-01
-4.600000e-02 8.135000e-01 -3.794772e-01 4.668554e-01 -4.650000e-02 8.140000e-01 -3.793933e-01 4.670174e-01
-4.970000e-01 8.145000e-01 -3.389609e-01 4.523652e-01 -4.965000e-01 8.150000e-01 -3.390597e-01 4.525760e-01
-4.965000e-01 8.150000e-01 -3.390597e-01 4.525760e-01 -4.960000e-01 8.155000e-01 -3.391598e-01 4.527876e-01
-4.700000e-02 8.145000e-01 -3.793083e-01 4.671799e-01 -4.700000e-02 8.155000e-01 -3.789584e-01 4.678568e-01
-4.960000e-01 8.155000e-01 -3.391598e-01 4.527876e-01 -4.955000e-01 8.160000e-01 -3.392590e-01 4.530002e-01
-4.955000e-01 8.160000e-01 -3.392590e-01 4.530002e-01 -4.950000e-01 8.165000e-01 -3.393594e-01 4.532136e-01
-4.750000e-02 8.160000e-01 -3.788744e-01 4.680215e-01 -4.800000e-02 8.165000e-01 -3.787893e-01 4.681866e-01
-4.700000e-02 8.155000e-01 -3.789584e-01 4.678568e-01 -4.750000e-02 8.160000e-01 -3.788744e-01 4.680215e-01
-4.950000e-01 8.165000e-01 -3.393594e-01 4.532136e-01 -4.950000e-01 8.175000e-01 -3.397308e-01 4.540140e-01
-4.850000e-02 8.170000e-01 -3.787047e-01 4.683529e-01 -4.900000e-02 8.175000e-01 -3.786190e-01 4.685197e-01
-4.800000e-02 8.165000e-01 -3.787893e-01 4.681866e-01 -4.850000e-02 8.170000e-01 -3.787047e-01 4.683529e-01
-4.950000e-01 8.175000e-01 -3.397308e-01 4.540140e-01 -4.945000e-01 8.180000e-01 -3.398296e-01 4.542295e-01
-4.945000e-01 8.180000e-01 -3.398296e-01 4.542295e-01 -4.940000e-01 8.185000e-01 -3.399295e-01 4.544458e-01
-4.900000e-02 8.175000e-01 -3.786190e-01 4.685197e-01 -4.900000e-02 8.185000e-01 -3.782720e-01 4.692025e-01
-4.940000e-01 8.185000e-01 -3.399295e-01 4.544458e-01 -4.935000e-01 8.190000e-01 -3.400285e-01 4.546631e-01
-4.935000e-01 8.190000e-01 -3.400285e-01 4.546631e-01 -4.930000e-01 8.195000e-01 -3.401288e-01 4.548812e-01
-4.950000e-02 8.190000e-01 -3.781873e-01 4.693715e-01 -5.000000e-02 8.195000e-01 -3.781015e-01 4.695410e-01
-4.900000e-02 8.185000e-01 -3.782720e-01 4.692025e-01 -4.950000e-02 8.190000e-01 -3.781873e-01 4.693715e-01
-4.930000e-01 8.195000e-01 -3.401288e-01 4.548812e-01 -4.925000e-01 8.200000e-01 -3.402281e-01 4.551004e-01
-4.925000e-01 8.200000e-01 -3.402281e-01 4.551004e-01 -4.920000e-01 8.205000e-01 -3.403287e-01 4.553203e-01
-5.050000e-02 8.200000e-01 -3.780163e-01 4.697116e-01 -5.100000e-02 8.205000e-01 -3.779300e-01 4.698828e-01
-5.000000e-02 8.195000e-01 -3.781015e-01 4.695410e-01 -5.050000e-02 8.200000e-01 -3.780163e-01 4.697116e-01
-4.920000e-01 8.205000e-01 -3.403287e-01 4.553203e-01 -4.915000e-01 8.210000e-01 -3.404284e-01 4.555413e-01
-4.915000e-01 8.210000e-01 -3.404284e-01 4.555413e-01 -4.910000e-01 8.215000e-01 -3.405293e-01 4.557632e-01
-5.150000e-02 8.210000e-01 -3.778442e-01 4.700550e-01 -5.200000e-02 8.215000e-01 -3.777574e-01 4.702277e-01
-5.100000e-02 8.205000e-01 -3.779300e-01 4.698828e-01 -5.150000e-02 8.210000e-01 -3.778442e-01 4.700550e-01
-4.910000e-01 8.215000e-01 -3.405293e-01 4.557632e-01 -4.905000e-01 8.220000e-01 -3.406292e-01 4.559860e-01
-4.905000e-01 8.220000e-01 -3.406292e-01 4.559860e-01 -4.900000e-01 8.225000e-01 -3.407304e-01 4.562096e-01
-5.200000e-02 8.215000e-01 -3.777574e-01 4.702277e-01 -5.200000e-02 8.225000e-01 -3.774142e-01 4.709186e-01
-4.900000e-01 8.225000e-01 -3.407304e-01 4.562096e-01 -4.900000e-01 8.235000e-01 -3.410921e-01 4.570207e-01
-5.250000e-02 8.230000e-01 -3.773284e-01 4.710935e-01 -5.300000e-02 8.235000e-01 -3.772416e-01 4.712690e-01
-5.200000e-02 8.225000e-01 -3.774142e-01 4.709186e-01 -5.250000e-02 8.230000e-01 -3.773284e-01 4.710935e-01
-4.900000e-01 8.235000e-01 -3.410921e-01 4.570207e-01 -4.895000e-01 8.240000e-01 -3.411915e-01 4.572462e-01
-4.895000e-01 8.240000e-01 -3.411915e-01 4.572462e-01 -4.890000e-01 8.245000e-01 -3.412920e-01 4.574727e-01
-5.350000e-02 8.240000e-01 -3.771553e-01 4.714456e-01 -5.400000e-02 8.245000e-01 -3.770680e-01 4.716227e-01
-5.300000e-02 8.235000e-01 -3.772416e-01 4.712690e-01 -5.350000e-02 8.240000e-01 -3.771553e-01 4.714456e-01
-4.890000e-01 8.245000e-01 -3.412920e-01 4.574727e-01 -4.885000e-01 8.250000e-01 -3.413917e-01 4.577001e-01
-4.885000e-01 8.250000e-01 -3.413917e-01 4.577001e-01 -4.880000e-01 8.255000e-01 -3.414924e-01 4.579284e-01
-5.450000e-02 8.250000e-01 -3.769813e-01 4.718009e-01 -5.500000e-02 8.255000e-01 -3.768935e-01 4.719796e-01
-5.400000e-02 8.245000e-01 -3.770680e-01 4.716227e-01 -5.450000e-02 8.250000e-01 -3.769813e-01 4.718009e-01
-4.880000e-01 8.255000e-01 -3.414924e-01 4.579284e-01 -4.875000e-01 8.260000e-01 -3.415923e-01 4.581577e-01
-4.875000e-01 8.260000e-01 -3.415923e-01 4.581577e-01 -4.870000e-01 8.265000e-01 -3.416933e-01 4.583878e-01
-5.500000e-02 8.255000e-01 -3.768935e-01 4.719796e-01 -5.500000e-02 8.265000e-01 -3.765544e-01 4.726784e-01
-4.870000e-01 8.265000e-01 -3.416933e-01 4.583878e-01 -4.865000e-01 8.270000e-01 -3.417933e-01 4.586188e-01
-4.865000e-01 8.270000e-01 -3.417933e-01 4.586188e-01 -4.860000e-01 8.275000e-01 -3.418945e-01 4.588508e-01
-5.550000e-02 8.270000e-01 -3.764677e-01 4.728593e-01 -5.600000e-02 8.275000e-01 -3.763800e-01 4.730408e-01
-5.500000e-02 8.265000e-01 -3.765544e-01 4.726784e-01 -5.550000e-02 8.270000e-01 -3.764677e-01 4.728593e-01
-4.860000e-01 8.275000e-01 -3.418945e-01 4.588508e-01 -4.855000e-01 8.280000e-01 -3.419948e-01 4.590836e-01
-4.855000e-01 8.280000e-01 -3.419948e-01 4.590836e-01 -4.850000e-01 8.285000e-01 -3.420962e-01 4.593174e-01
-5.650000e-02 8.280000e-01 -3.762929e-01 4.732233e-01 -5.700000e-02 8.285000e-01 -3.762047e-01 4.734065e-01
-5.600000e-02 8.275000e-01 -3.763800e-01 4.730408e-01 -5.650000e-02 8.280000e-01 -3.762929e-01 4.732233e-01
-4.850000e-01 8.285000e-01 -3.420962e-01 4.593174e-01 -4.845000e-01 8.290000e-01 -3.421967e-01 4.595521e-01
-4.845000e-01 8.290000e-01 -3.421967e-01 4.595521e-01 -4.840000e-01 8.295000e-01 -3.422982e-01 4.597876e-01
-5.750000e-02 8.290000e-01 -3.761171e-01 4.735906e-01 -5.800000e-02 8.295000e-01 -3.760286e-01 4.737754e-01
-5.700000e-02 8.285000e-01 -3.762047e-01 4.734065e-01 -5.750000e-02 8.290000e-01 -3.761171e-01 4.735906e-01
-4.840000e-01 8.295000e-01 -3.422982e-01 4.597876e-01 -4.840000e-01 8.305000e-01 -3.426483e-01 4.606107e-01
-5.800000e-02 8.295000e-01 -3.760286e-01 4.737754e-01 -5.800000e-02 8.305000e-01 -3.756937e-01 4.744819e-01
-4.840000e-01 8.305000e-01 -3.426483e-01 4.606107e-01 -4.835000e-01 8.310000e-01 -3.427480e-01 4.608481e-01
-4.835000e-01 8.310000e-01 -3.427480e-01 4.608481e-01 -4.830000e-01 8.315000e-01 -3.428488e-01 4.610864e-01
-5.850000e-02 8.310000e-01 -3.756062e-01 4.746689e-01 -5.900000e-02 8.315000e-01 -3.755178e-01 4.748563e-01
-5.800000e-02 8.305000e-01 -3.756937e-01 4.744819e-01 -5.850000e-02 8.310000e-01 -3.756062e-01 4.746689e-01
-4.830000e-01 8.315000e-01 -3.428488e-01 4.610864e-01 -4.825000e-01 8.320000e-01 -3.429487e-01 4.613256e-01
-4.825000e-01 8.320000e-01 -3.429487e-01 4.613256e-01 -4.820000e-01 8.325000e-01 -3.430496e-01 4.615657e-01
-5.950000e-02 8.320000e-01 -3.754299e-01 4.750449e-01 -6.000000e-02 8.325000e-01 -3.753411e-01 4.752340e-01
-5.900000e-02 8.315000e-01 -3.755178e-01 4.748563e-01 -5.950000e-02 8.320000e-01 -3.754299e-01 4.750449e-01
-4.820000e-01 8.325000e-01 -3.430496e-01 4.615657e-01 -4.815000e-01 8.330000e-01 -3.431496e-01 4.618067e-01
-4.815000e-01 8.330000e-01 -3.431496e-01 4.618067e-01 -4.810000e-01 8.335000e-01 -3.432507e-01 4.620486e-01
-6.050000e-02 8.330000e-01 -3.752529e-01 4.754242e-01 -6.100000e-02 8.335000e-01 -3.751637e-01 4.756149e-01
-6.000000e-02 8.325000e-01 -3.753411e-01 4.752340e-01 -6.050000e-02 8.330000e-01 -3.752529e-01 4.754242e-01
-4.810000e-01 8.335000e-01 -3.432507e-01 4.620486e-01 -4.805000e-01 8.340000e-01 -3.433508e-01 4.622914e-01
-4.805000e-01 8.340000e-01 -3.433508e-01 4.622914e-01 -4.800000e-01 8.345000e-01 -3.434519e-01 4.625351e-01
-6.150000e-02 8.340000e-01 -3.750751e-01 4.758067e-01 -6.200000e-02 8.345000e-01 -3.749855e-01 4.759991e-01
-6.100000e-02 8.335000e-01 -3.751637e-01 4.756149e-01 -6.150000e-02 8.340000e-01 -3.750751e-01 4.758067e-01
-4.800000e-01 8.345000e-01 -3.434519e-01 4.625351e-01 -4.795000e-01 8.350000e-01 -3.435522e-01 4.627797e-01
-4.795000e-01 8.350000e-01 -3.435522e-01 4.627797e-01 -4.790000e-01 8.355000e-01 -3.436534e-01 4.630252e-01
-6.200000e-02 8.345000e-01 -3.749855e-01 4.759991e-01 -6.200000e-02 8.355000e-01 -3.746560e-01 4.767156e-01
-4.790000e-01 8.355000e-01 -3.436534e-01 4.630252e-01 -4.785000e-01 8.360000e-01 -3.437537e-01 4.632715e-01
-4.785000e-01 8.360000e-01 -3.437537e-01 4.632715e-01 -4.780000e-01 8.365000e-01 -3.438550e-01 4.635188e-01
-6.250000e-02 8.360000e-01 -3.745677e-01 4.769101e-01 -6.300000e-02 8.365000e-01 -3.744784e-01 4.771052e-01
-6.200000e-02 8.355000e-01 -3.746560e-01 4.767156e-01 -6.250000e-02 8.360000e-01 -3.745677e-01 4.769101e-01
-4.780000e-01 8.365000e-01 -3.438550e-01 4.635188e-01 -4.775000e-01 8.370000e-01 -3.439554e-01 4.637670e-01
-4.775000e-01 8.370000e-01 -3.439554e-01 4.637670e-01 -4.770000e-01 8.375000e-01 -3.440567e-01 4.640160e-01
-6.350000e-02 8.370000e-01 -3.743897e-01 4.773014e-01 -6.400000e-02 8.375000e-01 -3.743000e-01 4.774982e-01
-6.300000e-02 8.365000e-01 -3.744784e-01 4.771052e-01 -6.350000e-02 8.370000e-01 -3.743897e-01 4.773014e-01
-4.770000e-01 8.375000e-01 -3.440567e-01 4.640160e-01 -4.765000e-01 8.380000e-01 -3.441572e-01 4.642660e-01
-4.765000e-01 8.380000e-01 -3.441572e-01 4.642660e-01 -4.760000e-01 8.385000e-01 -3.442586e-01 4.645169e-01
-6.450000e-02 8.380000e-01 -3.742110e-01 4.776960e-01 -6.500000e-02 8.385000e-01 -3.741211e-01 4.778944e-01
-6.400000e-02 8.375000e-01 -3.743000e-01 4.774982e-01 -6.450000e-02 8.380000e-01 -3.742110e-01 4.776960e-01
-4.760000e-01 8.385000e-01 -3.442586e-01 4.645169e-01 -4.760000e-01 8.395000e-01 -3.445930e-01 4.653547e-01
-6.550000e-02 8.390000e-01 -3.740317e-01 4.780939e-01 -6.600000e-02 8.395000e-01 -3.739414e-01 4.782940e-01
-6.500000e-02 8.385000e-01 -3.741211e-01 4.778944e-01 -6.550000e-02 8.390000e-01 -3.740317e-01 4.780939e-01
-4.760000e-01 8.395000e-01 -3.445930e-01 4.653547e-01 -4.755000e-01 8.400000e-01 -3.446925e-01 4.656073e-01
-4.755000e-01 8.400000e-01 -3.446925e-01 4.656073e-01 -4.750000e-01 8.405000e-01 -3.447930e-01 4.658607e-01
-6.600000e-02 8.395000e-01 -3.739414e-01 4.782940e-01 -6.600000e-02 8.405000e-01 -3.736176e-01 4.790201e-01
-4.750000e-01 8.405000e-01 -3.447930e-01 4.658607e-01 -4.745000e-01 8.410000e-01 -3.448925e-01 4.661151e-01
-4.745000e-01 8.410000e-01 -3.448925e-01 4.661151e-01 -4.740000e-01 8.415000e-01 -3.449930e-01 4.663703e-01
-6.650000e-02 8.410000e-01 -3.735286e-01 4.792223e-01 -6.700000e-02 8.415000e-01 -3.734387e-01 4.794251e-01
-6.600000e-02 8.405000e-01 -3.736176e-01 4.790201e-01 -6.650000e-02 8.410000e-01 -3.735286e-01 4.792223e-01
-4.740000e-01 8.415000e-01 -3.449930e-01 4.663703e-01 -4.735000e-01 8.420000e-01 -3.450926e-01 4.666264e-01
-4.735000e-01 8.420000e-01 -3.450926e-01 4.666264e-01 -4.730000e-01 8.425000e-01 -3.451930e-01 4.668834e-01
-6.750000e-02 8.420000e-01 -3.733494e-01 4.796289e-01 -6.800000e-02 8.425000e-01 -3.732592e-01 4.798334e-01
-6.700000e-02 8.415000e-01 -3.734387e-01 4.794251e-01 -6.750000e-02 8.420000e-01 -3.733494e-01 4.796289e-01
-4.730000e-01 8.425000e-01 -3.451930e-01 4.668834e-01 -4.725000e-01 8.430000e-01 -3.452925e-01 4.671413e-01
-4.725000e-01 8.430000e-01 -3.452925e-01 4.671413e-01 -4.720000e-01 8.435000e-01 -3.453930e-01 4.674001e-01
-6.850000e-02 8.430000e-01 -3.731696e-01 4.800389e-01 -6.900000e-02 8.435000e-01 -3.730792e-01 4.802450e-01
-6.800000e-02 8.425000e-01 -3.732592e-01 4.798334e-01 -6.850000e-02 8.430000e-01 -3.731696e-01 4.800389e-01
-4.720000e-01 8.435000e-01 -3.453930e-01 4.674001e-01 -4.715000e-01 8.440000e-01 -3.454925e-01 4.676597e-01
-4.715000e-01 8.440000e-01 -3.454925e-01 4.676597e-01 -4.710000e-01 8.445000e-01 -3.455929e-01 4.679202e-01
-6.950000e-02 8.440000e-01 -3.729894e-01 4.804521e-01 -7.000000e-02 8.445000e-01 -3.728987e-01 4.806599e-01
-6.900000e-02 8.435000e-01 -3.730792e-01 4.802450e-01 -6.950000e-02 8.440000e-01 -3.729894e-01 4.804521e-01
-4.710000e-01 8.445000e-01 -3.455929e-01 4.679202e-01 -4.705000e-01 8.450000e-01 -3.456923e-01 4.681815e-01
-4.705000e-01 8.450000e-01 -3.456923e-01 4.681815e-01 -4.700000e-01 8.455000e-01 -3.457927e-01 4.684438e-01
-7.050000e-02 8.450000e-01 -3.728087e-01 4.808687e-01 -7.100000e-02 8.455000e-01 -3.727178e-01 4.810782e-01
-7.000000e-02 8.445000e-01 -3.728987e-01 4.806599e-01 -7.050000e-02 8.450000e-01 -3.728087e-01 4.808687e-01
-4.700000e-01 8.455000e-01 -3.457927e-01 4.684438e-01 -4.695000e-01 8.460000e-01 -3.458920e-01 4.687069e-01
-4.695000e-01 8.460000e-01 -3.458920e-01 4.687069e-01 -4.690000e-01 8.465000e-01 -3.459923e-01 4.689710e-01
-7.150000e-02 8.460000e-01 -3.726275e-01 4.812887e-01 -7.200000e-02 8.465000e-01 -3.725364e-01 4.814998e-01
-7.100000e-02 8.455000e-01 -3.727178e-01 4.810782e-01 -7.150000e-02 8.460000e-01 -3.726275e-01 4.812887e-01
-4.690000e-01 8.465000e-01 -3.459923e-01 4.689710e-01 -4.685000e-01 8.470000e-01 -3.460916e-01 4.692358e-01
-4.685000e-01 8.470000e-01 -3.460916e-01 4.692358e-01 -4.680000e-01 8.475000e-01 -3.461918e-01 4.695016e-01
-7.200000e-02 8.465000e-01 -3.725364e-01 4.814998e-01 -7.200000e-02 8.475000e-01 -3.722210e-01 4.822395e-01
-4.680000e-01 8.475000e-01 -3.461918e-01 4.695016e-01 -4.675000e-01 8.480000e-01 -3.462910e-01 4.697682e-01
-4.675000e-01 8.480000e-01 -3.462910e-01 4.697682e-01 -4.670000e-01 8.485000e-01 -3.463911e-01 4.700357e-01
-7.250000e-02 8.480000e-01 -3.721312e-01 4.824526e-01 -7.300000e-02 8.485000e-01 -3.720406e-01 4.826664e-01
-7.200000e-02 8.475000e-01 -3.722210e-01 4.822395e-01 -7.250000e-02 8.480000e-01 -3.721312e-01 4.824526e-01
-4.670000e-01 8.485000e-01 -3.463911e-01 4.700357e-01 -4.665000e-01 8.490000e-01 -3.464902e-01 4.703040e-01
-4.665000e-01 8.490000e-01 -3.464902e-01 4.703040e-01 -4.660000e-01 8.495000e-01 -3.465901e-01 4.705733e-01
-7.350000e-02 8.490000e-01 -3.719505e-01 4.828813e-01 -7.400000e-02 8.495000e-01 -3.718597e-01 4.830967e-01
-7.300000e-02 8.485000e-01 -3.720406e-01 4.826664e-01 -7.350000e-02 8.490000e-01 -3.719505e-01 4.828813e-01
-4.660000e-01 8.495000e-01 -3.465901e-01 4.705733e-01 -4.655000e-01 8.500000e-01 -3.466891e-01 4.708433e-01
-4.655000e-01 8.500000e-01 -3.466891e-01 4.708433e-01 -4.650000e-01 8.505000e-01 -3.467889e-01 4.711143e-01
-7.450000e-02 8.500000e-01 -3.717696e-01 4.833132e-01 -7.500000e-02 8.505000e-01 -3.716786e-01 4.835304e-01
-7.400000e-02 8.495000e-01 -3.718597e-01 4.830967e-01 -7.450000e-02 8.500000e-01 -3.717696e-01 4.833132e-01
-4.650000e-01 8.505000e-01 -3.467889e-01 4.711143e-01 -4.645000e-01 8.510000e-01 -3.468878e-01 4.713861e-01
-4.645000e-01 8.510000e-01 -3.468878e-01 4.713861e-01 -4.640000e-01 8.515000e-01 -3.469875e-01 4.716588e-01
-7.550000e-02 8.510000e-01 -3.715882e-01 4.837485e-01 -7.600000e-02 8.515000e-01 -3.714971e-01 4.839674e-01
-7.500000e-02 8.505000e-01 -3.716786e-01 4.835304e-01 -7.550000e-02 8.510000e-01 -3.715882e-01 4.837485e-01
-4.640000e-01 8.515000e-01 -3.469875e-01 4.716588e-01 -4.635000e-01 8.520000e-01 -3.470862e-01 4.719323e-01
-4.635000e-01 8.520000e-01 -3.470862e-01 4.719323e-01 -4.630000e-01 8.525000e-01 -3.471857e-01 4.722067e-01
-7.650000e-02 8.520000e-01 -3.714066e-01 4.841872e-01 -7.700000e-02 8.525000e-01 -3.713154e-01 4.844077e-01
-7.600000e-02 8.515000e-01 -3.714971e-01 4.839674e-01 -7.650000e-02 8.520000e-01 -3.714066e-01 4.841872e-01
-4.630000e-01 8.525000e-01 -3.471857e-01 4.722067e-01 -4.625000e-01 8.530000e-01 -3.472842e-01 4.724819e-01
-4.625000e-01 8.530000e-01 -3.472842e-01 4.724819e-01 -4.620000e-01 8.535000e-01 -3.473835e-01 4.727580e-01
-7.750000e-02 8.530000e-01 -3.712248e-01 4.846292e-01 -7.800000e-02 8.535000e-01 -3.711334e-01 4.848514e-01
-7.700000e-02 8.525000e-01 -3.713154e-01 4.844077e-01 -7.750000e-02 8.530000e-01 -3.712248e-01 4.846292e-01
-4.620000e-01 8.535000e-01 -3.473835e-01 4.727580e-01 -4.615000e-01 8.540000e-01 -3.474819e-01 4.730349e-01
-4.615000e-01 8.540000e-01 -3.474819e-01 4.730349e-01 -4.610000e-01 8.545000e-01 -3.475810e-01 4.733128e-01
-7.850000e-02 8.540000e-01 -3.710427e-01 4.850745e-01 -7.900000e-02 8.545000e-01 -3.709512e-01 4.852983e-01
-7.800000e-02 8.535000e-01 -3.711334e-01 4.848514e-01 -7.850000e-02 8.540000e-01 -3.710427e-01 4.850745e-01
-4.610000e-01 8.545000e-01 -3.475810e-01 4.733128e-01 -4.605000e-01 8.550000e-01 -3.476792e-01 4.735914e-01
-4.605000e-01 8.550000e-01 -3.476792e-01 4.735914e-01 -4.600000e-01 8.555000e-01 -3.477781e-01 4.738710e-01
-7.950000e-02 8.550000e-01 -3.708604e-01 4.855232e-01 -8.000000e-02 8.555000e-01 -3.707688e-01 4.857487e-01
-7.900000e-02 8.545000e-01 -3.709512e-01 4.852983e-01 -7.950000e-02 8.550000e-01 -3.708604e-01 4.855232e-01
-4.600000e-01 8.555000e-01 -3.477781e-01 4.738710e-01 -4.595000e-01 8.560000e-01 -3.478761e-01 4.741513e-01
-4.595000e-01 8.560000e-01 -3.478761e-01 4.741513e-01 -4.590000e-01 8.565000e-01 -3.479748e-01 4.744326e-01
-8.050000e-02 8.560000e-01 -3.706779e-01 4.859752e-01 -8.100000e-02 8.565000e-01 -3.705862e-01 4.862024e-01
-8.000000e-02 8.555000e-01 -3.707688e-01 4.857487e-01 -8.050000e-02 8.560000e-01 -3.706779e-01 4.859752e-01
-4.590000e-01 8.565000e-01 -3.479748e-01 4.744326e-01 -4.585000e-01 8.570000e-01 -3.480725e-01 4.747146e-01
-4.585000e-01 8.570000e-01 -3.480725e-01 4.747146e-01 -4.580000e-01 8.575000e-01 -3.481710e-01 4.749975e-01
-8.100000e-02 8.565000e-01 -3.705862e-01 4.862024e-01 -8.100000e-02 8.575000e-01 -3.702838e-01 4.869613e-01
-4.580000e-01 8.575000e-01 -3.481710e-01 4.749975e-01 -4.575000e-01 8.580000e-01 -3.482685e-01 4.752812e-01
-4.575000e-01 8.580000e-01 -3.482685e-01 4.752812e-01 -4.570000e-01 8.585000e-01 -3.483667e-01 4.755658e-01
-8.150000e-02 8.580000e-01 -3.701935e-01 4.871904e-01 -8.200000e-02 8.585000e-01 -3.701025e-01 4.874203e-01
-8.100000e-02 8.575000e-01 -3.702838e-01 4.869613e-01 -8.150000e-02 8.580000e-01 -3.701935e-01 4.871904e-01
-4.570000e-01 8.585000e-01 -3.483667e-01 4.755658e-01 -4.565000e-01 8.590000e-01 -3.484640e-01 4.758512e-01
-4.565000e-01 8.590000e-01 -3.484640e-01 4.758512e-01 -4.560000e-01 8.595000e-01 -3.485619e-01 4.761376e-01
-8.250000e-02 8.590000e-01 -3.700122e-01 4.876511e-01 -8.300000e-02 8.595000e-01 -3.699211e-01 4.878827e-01
-8.200000e-02 8.585000e-01 -3.701025e-01 4.874203e-01 -8.250000e-02 8.590000e-01 -3.700122e-01 4.876511e-01
-4.560000e-01 8.595000e-01 -3.485619e-01 4.761376e-01 -4.555000e-01 8.600000e-01 -3.486589e-01 4.764246e-01
-4.555000e-01 8.600000e-01 -3.486589e-01 4.764246e-01 -4.550000e-01 8.605000e-01 -3.487566e-01 4.767126e-01
-8.350000e-02 8.600000e-01 -3.698307e-01 4.881152e-01 -8.400000e-02 8.605000e-01 -3.697396e-01 4.883484e-01
-8.300000e-02 8.595000e-01 -3.699211e-01 4.878827e-01 -8.350000e-02 8.600000e-01 -3.698307e-01 4.881152e-01
-4.550000e-01 8.605000e-01 -3.487566e-01 4.767126e-01 -4.545000e-01 8.610000e-01 -3.488533e-01 4.770013e-01
-4.545000e-01 8.610000e-01 -3.488533e-01 4.770013e-01 -4.540000e-01 8.615000e-01 -3.489507e-01 4.772910e-01
-8.450000e-02 8.610000e-01 -3.696492e-01 4.885826e-01 -8.500000e-02 8.615000e-01 -3.695581e-01 4.888175e-01
-8.400000e-02 8.605000e-01 -3.697396e-01 4.883484e-01 -8.450000e-02 8.610000e-01 -3.696492e-01 4.885826e-01
-4.540000e-01 8.615000e-01 -3.489507e-01 4.772910e-01 -4.535000e-01 8.620000e-01 -3.490471e-01 4.775814e-01
-4.535000e-01 8.620000e-01 -3.490471e-01 4.775814e-01 -4.530000e-01 8.625000e-01 -3.491442e-01 4.778727e-01
-8.550000e-02 8.620000e-01 -3.694677e-01 4.890533e-01 -8.600000e-02 8.625000e-01 -3.693766e-01 4.892899e-01
-8.500000e-02 8.615000e-01 -3.695581e-01 4.888175e-01 -8.550000e-02 8.620000e-01 -3.694677e-01 4.890533e-01
-4.530000e-01 8.625000e-01 -3.491442e-01 4.778727e-01 -4.525000e-01 8.630000e-01 -3.492403e-01 4.781648e-01
-4.525000e-01 8.630000e-01 -3.492403e-01 4.781648e-01 -4.520000e-01 8.635000e-01 -3.493371e-01 4.784577e-01
-8.650000e-02 8.630000e-01 -3.692862e-01 4.895274e-01 -8.700000e-02 8.635000e-01 -3.691950e-01 4.897656e-01
-8.600000e-02 8.625000e-01 -3.693766e-01 4.892899e-01 -8.650000e-02 8.630000e-01 -3.692862e-01 4.895274e-01
-4.520000e-01 8.635000e-01 -3.493371e-01 4.784577e-01 -4.515000e-01 8.640000e-01 -3.494329e-01 4.787515e-01
-4.515000e-01 8.640000e-01 -3.494329e-01 4.787515e-01 -4.510000e-01 8.645000e-01 -3.495294e-01 4.790461e-01
-8.750000e-02 8.640000e-01 -3.691046e-01 4.900049e-01 -8.800000e-02 8.645000e-01 -3.690136e-01 4.902448e-01
-8.700000e-02 8.635000e-01 -3.691950e-01 4.897656e-01 -8.750000e-02 8.640000e-01 -3.691046e-01 4.900049e-01
-4.510000e-01 8.645000e-01 -3.495294e-01 4.790461e-01 -4.505000e-01 8.650000e-01 -3.496248e-01 4.793414e-01
-4.505000e-01 8.650000e-01 -3.496248e-01 4.793414e-01 -4.495000e-01 8.650000e-01 -3.495327e-01 4.790571e-01
-4.495000e-01 8.650000e-01 -3.495327e-01 4.790571e-01 -4.490000e-01 8.655000e-01 -3.496294e-01 4.793544e-01
-8.850000e-02 8.650000e-01 -3.689232e-01 4.904857e-01 -8.900000e-02 8.655000e-01 -3.688322e-01 4.907273e-01
-8.800000e-02 8.645000e-01 -3.690136e-01 4.902448e-01 -8.850000e-02 8.650000e-01 -3.689232e-01 4.904857e-01
-4.490000e-01 8.655000e-01 -3.496294e-01 4.793544e-01 -4.485000e-01 8.660000e-01 -3.497252e-01 4.796524e-01
-4.485000e-01 8.660000e-01 -3.497252e-01 4.796524e-01 -4.480000e-01 8.665000e-01 -3.498216e-01 4.799513e-01
-8.950000e-02 8.660000e-01 -3.687418e-01 4.909698e-01 -9.000000e-02 8.665000e-01 -3.686508e-01 4.912131e-01
-8.900000e-02 8.655000e-01 -3.688322e-01 4.907273e-01 -8.950000e-02 8.660000e-01 -3.687418e-01 4.909698e-01
-4.480000e-01 8.665000e-01 -3.498216e-01 4.799513e-01 -4.475000e-01 8.670000e-01 -3.499170e-01 4.802509e-01
-4.475000e-01 8.670000e-01 -3.499170e-01 4.802509e-01 -4.470000e-01 8.675000e-01 -3.500129e-01 4.805515e-01
-9.050000e-02 8.670000e-01 -3.685606e-01 4.914573e-01 -9.100000e-02 8.675000e-01 -3.684696e-01 4.917023e-01
-9.000000e-02 8.665000e-01 -3.686508e-01 4.912131e-01 -9.050000e-02 8.670000e-01 -3.685606e-01 4.914573e-01
-4.470000e-01 8.675000e-01 -3.500129e-01 4.805515e-01 -4.465000e-01 8.680000e-01 -3.501080e-01 4.808527e-01
-4.465000e-01 8.680000e-01 -3.501080e-01 4.808527e-01 -4.460000e-01 8.685000e-01 -3.502036e-01 4.811549e-01
-9.150000e-02 8.680000e-01 -3.683794e-01 4.919482e-01 -9.200000e-02 8.685000e-01 -3.682886e-01 4.921948e-01
-9.100000e-02 8.675000e-01 -3.684696e-01 4.917023e-01 -9.150000e-02 8.680000e-01 -3.683794e-01 4.919482e-01
-4.460000e-01 8.685000e-01 -3.502036e-01 4.811549e-01 -4.455000e-01 8.690000e-01 -3.502982e-01 4.814578e-01
-4.455000e-01 8.690000e-01 -3.502982e-01 4.814578e-01 -4.450000e-01 8.695000e-01 -3.503934e-01 4.817616e-01
-9.250000e-02 8.690000e-01 -3.681985e-01 4.924424e-01 -9.300000e-02 8.695000e-01 -3.681077e-01 4.926907e-01
-9.200000e-02 8.685000e-01 -3.682886e-01 4.921948e-01 -9.250000e-02 8.690000e-01 -3.681985e-01 4.924424e-01
-4.450000e-01 8.695000e-01 -3.503934e-01 4.817616e-01 -4.445000e-01 8.700000e-01 -3.504876e-01 4.820661e-01
-4.445000e-01 8.700000e-01 -3.504876e-01 4.820661e-01 -4.440000e-01 8.705000e-01 -3.505824e-01 4.823715e-01
-9.350000e-02 8.700000e-01 -3.680177e-01 4.929399e-01 -9.400000e-02 8.705000e-01 -3.679270e-01 4.931900e-01
-9.300000e-02 8.695000e-01 -3.681077e-01 4.926907e-01 -9.350000e-02 8.700000e-01 -3.680177e-01 4.929399e-01
-4.440000e-01 8.705000e-01 -3.505824e-01 4.823715e-01 -4.435000e-01 8.710000e-01 -3.506762e-01 4.826776e-01
-4.435000e-01 8.710000e-01 -3.506762e-01 4.826776e-01 -4.430000e-01 8.715000e-01 -3.507705e-01 4.829847e-01
-9.450000e-02 8.710000e-01 -3.678371e-01 4.934409e-01 -9.500000e-02 8.715000e-01 -3.677466e-01 4.936926e-01
-9.400000e-02 8.705000e-01 -3.679270e-01 4.931900e-01 -9.450000e-02 8.710000e-01 -3.678371e-01 4.934409e-01
-4.430000e-01 8.715000e-01 -3.507705e-01 4.829847e-01 -4.425000e-01 8.720000e-01 -3.508639e-01 4.832924e-01
-4.425000e-01 8.720000e-01 -3.508639e-01 4.832924e-01 -4.420000e-01 8.725000e-01 -3.509578e-01 4.836010e-01
-9.550000e-02 8.720000e-01 -3.676568e-01 4.939451e-01 -9.600000e-02 8.725000e-01 -3.675664e-01 4.941985e-01
-9.500000e-02 8.715000e-01 -3.677466e-01 4.936926e-01 -9.550000e-02 8.720000e-01 -3.676568e-01 4.939451e-01
-4.420000e-01 8.725000e-01 -3.509578e-01 4.836010e-01 -4.415000e-01 8.730000e-01 -3.510507e-01 4.839103e-01
-4.415000e-01 8.730000e-01 -3.510507e-01 4.839103e-01 -4.405000e-01 8.730000e-01 -3.509703e-01 4.836430e-01
-4.405000e-01 8.730000e-01 -3.509703e-01 4.836430e-01 -4.400000e-01 8.735000e-01 -3.510643e-01 4.839542e-01
-9.650000e-02 8.730000e-01 -3.674768e-01 4.944527e-01 -9.700000e-02 8.735000e-01 -3.673865e-01 4.947078e-01
-9.600000e-02 8.725000e-01 -3.675664e-01 4.941985e-01 -9.650000e-02 8.730000e-01 -3.674768e-01 4.944527e-01
-4.400000e-01 8.735000e-01 -3.510643e-01 4.839542e-01 -4.395000e-01 8.740000e-01 -3.511573e-01 4.842661e-01
-4.395000e-01 8.740000e-01 -3.511573e-01 4.842661e-01 -4.390000e-01 8.745000e-01 -3.512508e-01 4.845789e-01
-9.850000e-02 8.740000e-01 -3.673944e-01 4.946861e-01 -9.900000e-02 8.745000e-01 -3.673037e-01 4.949436e-01
-9.850000e-02 8.740000e-01 -3.673944e-01 4.946861e-01 -9.750000e-02 8.740000e-01 -3.672970e-01 4.949637e-01
-9.700000e-02 8.735000e-01 -3.673865e-01 4.947078e-01 -9.750000e-02 8.740000e-01 -3.672970e-01 4.949637e-01
-4.390000e-01 8.745000e-01 -3.512508e-01 4.845789e-01 -4.385000e-01 8.750000e-01 -3.513433e-01 4.848924e-01
-4.385000e-01 8.750000e-01 -3.513433e-01 4.848924e-01 -4.380000e-01 8.755000e-01 -3.514363e-01 4.852068e-01
-9.950000e-02 8.750000e-01 -3.672137e-01 4.952020e-01 -1.000000e-01 8.755000e-01 -3.671232e-01 4.954611e-01
-9.900000e-02 8.745000e-01 -3.673037e-01 4.949436e-01 -9.950000e-02 8.750000e-01 -3.672137e-01 4.952020e-01
-4.380000e-01 8.755000e-01 -3.514363e-01 4.852068e-01 -4.375000e-01 8.760000e-01 -3.515283e-01 4.855219e-01
-4.375000e-01 8.760000e-01 -3.515283e-01 4.855219e-01 -4.370000e-01 8.765000e-01 -3.516209e-01 4.858379e-01
-1.005000e-01 8.760000e-01 -3.670335e-01 4.957212e-01 -1.010000e-01 8.765000e-01 -3.669431e-01 4.959820e-01
-1.000000e-01 8.755000e-01 -3.671232e-01 4.954611e-01 -1.005000e-01 8.760000e-01 -3.670335e-01 4.957212e-01
-4.370000e-01 8.765000e-01 -3.516209e-01 4.858379e-01 -4.365000e-01 8.770000e-01 -3.517124e-01 4.861545e-01
-4.365000e-01 8.770000e-01 -3.517124e-01 4.861545e-01 -4.360000e-01 8.775000e-01 -3.518044e-01 4.864720e-01
-1.015000e-01 8.770000e-01 -3.668536e-01 4.962437e-01 -1.020000e-01 8.775000e-01 -3.667635e-01 4.965062e-01
-1.010000e-01 8.765000e-01 -3.669431e-01 4.959820e-01 -1.015000e-01 8.770000e-01 -3.668536e-01 4.962437e-01
-4.360000e-01 8.775000e-01 -3.518044e-01 4.864720e-01 -4.355000e-01 8.780000e-01 -3.518954e-01 4.867902e-01
-4.355000e-01 8.780000e-01 -3.518954e-01 4.867902e-01 -4.350000e-01 8.785000e-01 -3.519869e-01 4.871093e-01
-1.025000e-01 8.780000e-01 -3.666741e-01 4.967696e-01 -1.030000e-01 8.785000e-01 -3.665842e-01 4.970338e-01
-1.020000e-01 8.775000e-01 -3.667635e-01 4.965062e-01 -1.025000e-01 8.780000e-01 -3.666741e-01 4.967696e-01
-4.350000e-01 8.785000e-01 -3.519869e-01 4.871093e-01 -4.345000e-01 8.790000e-01 -3.520774e-01 4.874291e-01
-4.345000e-01 8.790000e-01 -3.520774e-01 4.874291e-01 -4.335000e-01 8.790000e-01 -3.520052e-01 4.871749e-01
-4.335000e-01 8.790000e-01 -3.520052e-01 4.871749e-01 -4.330000e-01 8.795000e-01 -3.520966e-01 4.874966e-01
-1.035000e-01 8.790000e-01 -3.664951e-01 4.972989e-01 -1.040000e-01 8.795000e-01 -3.664055e-01 4.975648e-01
-1.030000e-01 8.785000e-01 -3.665842e-01 4.970338e-01 -1.035000e-01 8.790000e-01 -3.664951e-01 4.972989e-01
-4.330000e-01 8.795000e-01 -3.520966e-01 4.874966e-01 -4.325000e-01 8.800000e-01 -3.521870e-01 4.878189e-01
-4.325000e-01 8.800000e-01 -3.521870e-01 4.878189e-01 -4.320000e-01 8.805000e-01 -3.522778e-01 4.881421e-01
-1.045000e-01 8.800000e-01 -3.663166e-01 4.978315e-01 -1.050000e-01 8.805000e-01 -3.662271e-01 4.980990e-01
-1.040000e-01 8.795000e-01 -3.664055e-01 4.975648e-01 -1.045000e-01 8.800000e-01 -3.663166e-01 4.978315e-01
-4.320000e-01 8.805000e-01 -3.522778e-01 4.881421e-01 -4.315000e-01 8.810000e-01 -3.523677e-01 4.884659e-01
-4.315000e-01 8.810000e-01 -3.523677e-01 4.884659e-01 -4.310000e-01 8.815000e-01 -3.524580e-01 4.887907e-01
-1.055000e-01 8.810000e-01 -3.661385e-01 4.983674e-01 -1.060000e-01 8.815000e-01 -3.660493e-01 4.986367e-01
-1.050000e-01 8.805000e-01 -3.662271e-01 4.980990e-01 -1.055000e-01 8.810000e-01 -3.661385e-01 4.983674e-01
-4.310000e-01 8.815000e-01 -3.524580e-01 4.887907e-01 -4.305000e-01 8.820000e-01 -3.525472e-01 4.891160e-01
-4.305000e-01 8.820000e-01 -3.525472e-01 4.891160e-01 -4.300000e-01 8.825000e-01 -3.526369e-01 4.894424e-01
-1.065000e-01 8.820000e-01 -3.659610e-01 4.989067e-01 -1.070000e-01 8.825000e-01 -3.658721e-01 4.991776e-01
-1.060000e-01 8.815000e-01 -3.660493e-01 4.986367e-01 -1.065000e-01 8.820000e-01 -3.659610e-01 4.989067e-01
-4.300000e-01 8.825000e-01 -3.526369e-01 4.894424e-01 -4.295000e-01 8.830000e-01 -3.527257e-01 4.897692e-01
-4.295000e-01 8.830000e-01 -3.527257e-01 4.897692e-01 -4.285000e-01 8.830000e-01 -3.526590e-01 4.895243e-01
-4.285000e-01 8.830000e-01 -3.526590e-01 4.895243e-01 -4.280000e-01 8.835000e-01 -3.527485e-01 4.898532e-01
-1.085000e-01 8.830000e-01 -3.658695e-01 4.991866e-01 -1.090000e-01 8.835000e-01 -3.657804e-01 4.994599e-01
-1.085000e-01 8.830000e-01 -3.658695e-01 4.991866e-01 -1.075000e-01 8.830000e-01 -3.657840e-01 4.994493e-01
-1.070000e-01 8.825000e-01 -3.658721e-01 4.991776e-01 -1.075000e-01 8.830000e-01 -3.657840e-01 4.994493e-01
-4.280000e-01 8.835000e-01 -3.527485e-01 4.898532e-01 -4.275000e-01 8.840000e-01 -3.528370e-01 4.901826e-01
-4.275000e-01 8.840000e-01 -3.528370e-01 4.901826e-01 -4.270000e-01 8.845000e-01 -3.529259e-01 4.905129e-01
-1.095000e-01 8.840000e-01 -3.656921e-01 4.997341e-01 -1.100000e-01 8.845000e-01 -3.656033e-01 5.000092e-01
-1.090000e-01 8.835000e-01 -3.657804e-01 4.994599e-01 -1.095000e-01 8.840000e-01 -3.656921e-01 4.997341e-01
-4.270000e-01 8.845000e-01 -3.529259e-01 4.905129e-01 -4.265000e-01 8.850000e-01 -3.530138e-01 4.908438e-01
-4.265000e-01 8.850000e-01 -3.530138e-01 4.908438e-01 -4.260000e-01 8.855000e-01 -3.531021e-01 4.911757e-01
-1.105000e-01 8.850000e-01 -3.655153e-01 5.002850e-01 -1.110000e-01 8.855000e-01 -3.654268e-01 5.005617e-01
-1.100000e-01 8.845000e-01 -3.656033e-01 5.000092e-01 -1.105000e-01 8.850000e-01 -3.655153e-01 5.002850e-01
-4.260000e-01 8.855000e-01 -3.531021e-01 4.911757e-01 -4.255000e-01 8.860000e-01 -3.531894e-01 4.915081e-01
-4.255000e-01 8.860000e-01 -3.531894e-01 4.915081e-01 -4.245000e-01 8.860000e-01 -3.531271e-01 4.912705e-01
-4.245000e-01 8.860000e-01 -3.531271e-01 4.912705e-01 -4.240000e-01 8.865000e-01 -3.532151e-01 4.916049e-01
-1.115000e-01 8.860000e-01 -3.653391e-01 5.008393e-01 -1.120000e-01 8.865000e-01 -3.652510e-01 5.011176e-01
-1.110000e-01 8.855000e-01 -3.654268e-01 5.005617e-01 -1.115000e-01 8.860000e-01 -3.653391e-01 5.008393e-01
-4.240000e-01 8.865000e-01 -3.532151e-01 4.916049e-01 -4.235000e-01 8.870000e-01 -3.533021e-01 4.919398e-01
-4.235000e-01 8.870000e-01 -3.533021e-01 4.919398e-01 -4.230000e-01 8.875000e-01 -3.533895e-01 4.922757e-01
-1.125000e-01 8.870000e-01 -3.651637e-01 5.013968e-01 -1.130000e-01 8.875000e-01 -3.650759e-01 5.016768e-01
-1.120000e-01 8.865000e-01 -3.652510e-01 5.011176e-01 -1.125000e-01 8.870000e-01 -3.651637e-01 5.013968e-01
-4.230000e-01 8.875000e-01 -3.533895e-01 4.922757e-01 -4.225000e-01 8.880000e-01 -3.534758e-01 4.926121e-01
-4.225000e-01 8.880000e-01 -3.534758e-01 4.926121e-01 -4.220000e-01 8.885000e-01 -3.535625e-01 4.929494e-01
-1.145000e-01 8.880000e-01 -3.650678e-01 5.017038e-01 -1.150000e-01 8.885000e-01 -3.649799e-01 5.019863e-01
-1.145000e-01 8.880000e-01 -3.650678e-01 5.017038e-01 -1.135000e-01 8.880000e-01 -3.649889e-01 5.019577e-01
-1.130000e-01 8.875000e-01 -3.650759e-01 5.016768e-01 -1.135000e-01 8.880000e-01 -3.649889e-01 5.019577e-01
-4.220000e-01 8.885000e-01 -3.535625e-01 4.929494e-01 -4.215000e-01 8.890000e-01 -3.536482e-01 4.932873e-01
-4.215000e-01 8.890000e-01 -3.536482e-01 4.932873e-01 -4.205000e-01 8.890000e-01 -3.535900e-01 4.930570e-01
-4.205000e-01 8.890000e-01 -3.535900e-01 4.930570e-01 -4.200000e-01 8.895000e-01 -3.536763e-01 4.933968e-01
-1.155000e-01 8.890000e-01 -3.648928e-01 5.022697e-01 -1.160000e-01 8.895000e-01 -3.648053e-01 5.025539e-01
-1.150000e-01 8.885000e-01 -3.649799e-01 5.019863e-01 -1.155000e-01 8.890000e-01 -3.648928e-01 5.022697e-01
-4.200000e-01 8.895000e-01 -3.536763e-01 4.933968e-01 -4.195000e-01 8.900000e-01 -3.537617e-01 4.937371e-01
-4.195000e-01 8.900000e-01 -3.537617e-01 4.937371e-01 -4.190000e-01 8.905000e-01 -3.538473e-01 4.940784e-01
-1.165000e-01 8.900000e-01 -3.647186e-01 5.028389e-01 -1.170000e-01 8.905000e-01 -3.646314e-01 5.031247e-01
-1.160000e-01 8.895000e-01 -3.648053e-01 5.025539e-01 -1.165000e-01 8.900000e-01 -3.647186e-01 5.028389e-01
-4.190000e-01 8.905000e-01 -3.538473e-01 4.940784e-01 -4.185000e-01 8.910000e-01 -3.539320e-01 4.944203e-01
-4.185000e-01 8.910000e-01 -3.539320e-01 4.944203e-01 -4.180000e-01 8.915000e-01 -3.540169e-01 4.947630e-01
-1.175000e-01 8.910000e-01 -3.645451e-01 5.034113e-01 -1.180000e-01 8.915000e-01 -3.644584e-01 5.036988e-01
-1.170000e-01 8.905000e-01 -3.646314e-01 5.031247e-01 -1.175000e-01 8.910000e-01 -3.645451e-01 5.034113e-01
-4.180000e-01 8.915000e-01 -3.540169e-01 4.947630e-01 -4.175000e-01 8.920000e-01 -3.541009e-01 4.951063e-01
-4.175000e-01 8.920000e-01 -3.541009e-01 4.951063e-01 -4.165000e-01 8.920000e-01 -3.540464e-01 4.948833e-01
-4.165000e-01 8.920000e-01 -3.540464e-01 4.948833e-01 -4.160000e-01 8.925000e-01 -3.541309e-01 4.952285e-01
-1.195000e-01 8.920000e-01 -3.644462e-01 5.037408e-01 -1.200000e-01 8.925000e-01 -3.643595e-01 5.040307e-01
-1.195000e-01 8.920000e-01 -3.644462e-01 5.037408e-01 -1.185000e-01 8.920000e-01 -3.643725e-01 5.039871e-01
-1.180000e-01 8.915000e-01 -3.644584e-01 5.036988e-01 -1.185000e-01 8.920000e-01 -3.643725e-01 5.039871e-01
-4.160000e-01 8.925000e-01 -3.541309e-01 4.952285e-01 -4.155000e-01 8.930000e-01 -3.542144e-01 4.955742e-01
-4.155000e-01 8.930000e-01 -3.542144e-01 4.955742e-01 -4.150000e-01 8.935000e-01 -3.542982e-01 4.959209e-01
-1.205000e-01 8.930000e-01 -3.642736e-01 5.043215e-01 -1.210000e-01 8.935000e-01 -3.641873e-01 5.046132e-01
-1.200000e-01 8.925000e-01 -3.643595e-01 5.040307e-01 -1.205000e-01 8.930000e-01 -3.642736e-01 5.043215e-01
-4.150000e-01 8.935000e-01 -3.542982e-01 4.959209e-01 -4.145000e-01 8.940000e-01 -3.543810e-01 4.962680e-01
-4.145000e-01 8.940000e-01 -3.543810e-01 4.962680e-01 -4.140000e-01 8.945000e-01 -3.544640e-01 4.966161e-01
-1.215000e-01 8.940000e-01 -3.641018e-01 5.049056e-01 -1.220000e-01 8.945000e-01 -3.640160e-01 5.051989e-01
-1.210000e-01 8.935000e-01 -3.641873e-01 5.046132e-01 -1.215000e-01 8.940000e-01 -3.641018e-01 5.049056e-01
-4.140000e-01 8.945000e-01 -3.544640e-01 4.966161e-01 -4.135000e-01 8.950000e-01 -3.545461e-01 4.969647e-01
-4.135000e-01 8.950000e-01 -3.545461e-01 4.969647e-01 -4.125000e-01 8.950000e-01 -3.544950e-01 4.967491e-01
-4.125000e-01 8.950000e-01 -3.544950e-01 4.967491e-01 -4.120000e-01 8.955000e-01 -3.545775e-01 4.970996e-01
-1.235000e-01 8.950000e-01 -3.640007e-01 5.052526e-01 -1.240000e-01 8.955000e-01 -3.639149e-01 5.055484e-01
-1.235000e-01 8.950000e-01 -3.640007e-01 5.052526e-01 -1.225000e-01 8.950000e-01 -3.639310e-01 5.054930e-01
-1.220000e-01 8.945000e-01 -3.640160e-01 5.051989e-01 -1.225000e-01 8.950000e-01 -3.639310e-01 5.054930e-01
-4.120000e-01 8.955000e-01 -3.545775e-01 4.970996e-01 -4.115000e-01 8.960000e-01 -3.546591e-01 4.974506e-01
-4.115000e-01 8.960000e-01 -3.546591e-01 4.974506e-01 -4.110000e-01 8.965000e-01 -3.547408e-01 4.978025e-01
-1.245000e-01 8.960000e-01 -3.638300e-01 5.058449e-01 -1.250000e-01 8.965000e-01 -3.637447e-01 5.061424e-01
-1.240000e-01 8.955000e-01 -3.639149e-01 5.055484e-01 -1.245000e-01 8.960000e-01 -3.638300e-01 5.058449e-01
-4.110000e-01 8.965000e-01 -3.547408e-01 4.978025e-01 -4.105000e-01 8.970000e-01 -3.548216e-01 4.981549e-01
-4.105000e-01 8.970000e-01 -3.548216e-01 4.981549e-01 -4.095000e-01 8.970000e-01 -3.547733e-01 4.979446e-01
-4.095000e-01 8.970000e-01 -3.547733e-01 4.979446e-01 -4.090000e-01 8.975000e-01 -3.548545e-01 4.982990e-01
-1.255000e-01 8.970000e-01 -3.636603e-01 5.064406e-01 -1.260000e-01 8.975000e-01 -3.635755e-01 5.067397e-01
-1.250000e-01 8.965000e-01 -3.637447e-01 5.061424e-01 -1.255000e-01 8.970000e-01 -3.636603e-01 5.064406e-01
-4.090000e-01 8.975000e-01 -3.548545e-01 4.982990e-01 -4.085000e-01 8.980000e-01 -3.549347e-01 4.986538e-01
-4.085000e-01 8.980000e-01 -3.549347e-01 4.986538e-01 -4.080000e-01 8.985000e-01 -3.550151e-01 4.990095e-01
-1.275000e-01 8.980000e-01 -3.635575e-01 5.068051e-01 -1.280000e-01 8.985000e-01 -3.634729e-01 5.071067e-01
-1.275000e-01 8.980000e-01 -3.635575e-01 5.068051e-01 -1.265000e-01 8.980000e-01 -3.634916e-01 5.070396e-01
-1.260000e-01 8.975000e-01 -3.635755e-01 5.067397e-01 -1.265000e-01 8.980000e-01 -3.634916e-01 5.070396e-01
-4.080000e-01 8.985000e-01 -3.550151e-01 4.990095e-01 -4.075000e-01 8.990000e-01 -3.550945e-01 4.993657e-01
-4.075000e-01 8.990000e-01 -3.550945e-01 4.993657e-01 -4.065000e-01 8.990000e-01 -3.550488e-01 4.991608e-01
-4.065000e-01 8.990000e-01 -3.550488e-01 4.991608e-01 -4.060000e-01 8.995000e-01 -3.551286e-01 4.995189e-01
-1.285000e-01 8.990000e-01 -3.633891e-01 5.074091e-01 -1.290000e-01 8.995000e-01 -3.633051e-01 5.077123e-01
-1.280000e-01 8.985000e-01 -3.634729e-01 5.071067e-01 -1.285000e-01 8.990000e-01 -3.633891e-01 5.074091e-01
-4.060000e-01 8.995000e-01 -3.551286e-01 4.995189e-01 -4.055000e-01 9.000000e-01 -3.552074e-01 4.998774e-01
-4.055000e-01 9.000000e-01 -3.552074e-01 4.998774e-01 -4.050000e-01 9.005000e-01 -3.552863e-01 5.002369e-01
-1.305000e-01 9.000000e-01 -3.632848e-01 5.077862e-01 -1.310000e-01 9.005000e-01 -3.632010e-01 5.080920e-01
-1.305000e-01 9.000000e-01 -3.632848e-01 5.077862e-01 -1.295000e-01 9.000000e-01 -3.632218e-01 5.080163e-01
-1.290000e-01 8.995000e-01 -3.633051e-01 5.077123e-01 -1.295000e-01 9.000000e-01 -3.632218e-01 5.080163e-01
-4.050000e-01 9.005000e-01 -3.552863e-01 5.002369e-01 -4.045000e-01 9.010000e-01 -3.553643e-01 5.005969e-01
-4.045000e-01 9.010000e-01 -3.553643e-01 5.005969e-01 -4.035000e-01 9.010000e-01 -3.553210e-01 5.003973e-01
-4.035000e-01 9.010000e-01 -3.553210e-01 5.003973e-01 -4.030000e-01 9.015000e-01 -3.553992e-01 5.007592e-01
-1.315000e-01 9.010000e-01 -3.631180e-01 5.083985e-01 -1.320000e-01 9.015000e-01 -3.630346e-01 5.087059e-01
-1.310000e-01 9.005000e-01 -3.632010e-01 5.080920e-01 -1.315000e-01 9.010000e-01 -3.631180e-01 5.083985e-01
-4.030000e-01 9.015000e-01 -3.553992e-01 5.007592e-01 -4.025000e-01 9.020000e-01 -3.554765e-01 5.011215e-01
-4.025000e-01 9.020000e-01 -3.554765e-01 5.011215e-01 -4.020000e-01 9.025000e-01 -3.555540e-01 5.014847e-01
-1.335000e-01 9.020000e-01 -3.630124e-01 5.087883e-01 -1.340000e-01 9.025000e-01 -3.629294e-01 5.090982e-01
-1.335000e-01 9.020000e-01 -3.630124e-01 5.087883e-01 -1.325000e-01 9.020000e-01 -3.629522e-01 5.090140e-01
-1.320000e-01 9.015000e-01 -3.630346e-01 5.087059e-01 -1.325000e-01 9.020000e-01 -3.629522e-01 5.090140e-01
-4.020000e-01 9.025000e-01 -3.555540e-01 5.014847e-01 -4.015000e-01 9.030000e-01 -3.556304e-01 5.018483e-01
-4.015000e-01 9.030000e-01 -3.556304e-01 5.018483e-01 -4.005000e-01 9.030000e-01 -3.555894e-01 5.016542e-01
-4.005000e-01 9.030000e-01 -3.555894e-01 5.016542e-01 -4.000000e-01 9.035000e-01 -3.556661e-01 5.020197e-01
-1.345000e-01 9.030000e-01 -3.628472e-01 5.094088e-01 -1.350000e-01 9.035000e-01 -3.627648e-01 5.097204e-01
-1.340000e-01 9.025000e-01 -3.629294e-01 5.090982e-01 -1.345000e-01 9.030000e-01 -3.628472e-01 5.094088e-01
-4.000000e-01 9.035000e-01 -3.556661e-01 5.020197e-01 -3.995000e-01 9.040000e-01 -3.557418e-01 5.023857e-01
-3.995000e-01 9.040000e-01 -3.557418e-01 5.023857e-01 -3.985000e-01 9.040000e-01 -3.557027e-01 5.021949e-01
-3.985000e-01 9.040000e-01 -3.557027e-01 5.021949e-01 -3.980000e-01 9.045000e-01 -3.557786e-01 5.025628e-01
-1.365000e-01 9.040000e-01 -3.627408e-01 5.098114e-01 -1.370000e-01 9.045000e-01 -3.626587e-01 5.101254e-01
-1.365000e-01 9.040000e-01 -3.627408e-01 5.098114e-01 -1.355000e-01 9.040000e-01 -3.626832e-01 5.100326e-01
-1.350000e-01 9.035000e-01 -3.627648e-01 5.097204e-01 -1.355000e-01 9.040000e-01 -3.626832e-01 5.100326e-01
-3.980000e-01 9.045000e-01 -3.557786e-01 5.025628e-01 -3.975000e-01 9.050000e-01 -3.558535e-01 5.029311e-01
-3.975000e-01 9.050000e-01 -3.558535e-01 5.029311e-01 -3.970000e-01 9.055000e-01 -3.559286e-01 5.033003e-01
-1.375000e-01 9.050000e-01 -3.625775e-01 5.104402e-01 -1.380000e-01 9.055000e-01 -3.624960e-01 5.107559e-01
-1.370000e-01 9.045000e-01 -3.626587e-01 5.101254e-01 -1.375000e-01 9.050000e-01 -3.625775e-01 5.104402e-01
-3.970000e-01 9.055000e-01 -3.559286e-01 5.033003e-01 -3.965000e-01 9.060000e-01 -3.560026e-01 5.036699e-01
-3.965000e-01 9.060000e-01 -3.560026e-01 5.036699e-01 -3.955000e-01 9.060000e-01 -3.559655e-01 5.034845e-01
-3.955000e-01 9.060000e-01 -3.559655e-01 5.034845e-01 -3.950000e-01 9.065000e-01 -3.560397e-01 5.038560e-01
-1.395000e-01 9.060000e-01 -3.624705e-01 5.108555e-01 -1.400000e-01 9.065000e-01 -3.623894e-01 5.111737e-01
-1.395000e-01 9.060000e-01 -3.624705e-01 5.108555e-01 -1.385000e-01 9.060000e-01 -3.624154e-01 5.110723e-01
-1.380000e-01 9.055000e-01 -3.624960e-01 5.107559e-01 -1.385000e-01 9.060000e-01 -3.624154e-01 5.110723e-01
-3.950000e-01 9.065000e-01 -3.560397e-01 5.038560e-01 -3.945000e-01 9.070000e-01 -3.561130e-01 5.042279e-01
-3.945000e-01 9.070000e-01 -3.561130e-01 5.042279e-01 -3.935000e-01 9.070000e-01 -3.560776e-01 5.040459e-01
-3.935000e-01 9.070000e-01 -3.560776e-01 5.040459e-01 -3.930000e-01 9.075000e-01 -3.561510e-01 5.044197e-01
-1.405000e-01 9.070000e-01 -3.623092e-01 5.114926e-01 -1.410000e-01 9.075000e-01 -3.622288e-01 5.118124e-01
-1.400000e-01 9.065000e-01 -3.623894e-01 5.111737e-01 -1.405000e-01 9.070000e-01 -3.623092e-01 5.114926e-01
-3.930000e-01 9.075000e-01 -3.561510e-01 5.044197e-01 -3.925000e-01 9.080000e-01 -3.562234e-01 5.047939e-01
-3.925000e-01 9.080000e-01 -3.562234e-01 5.047939e-01 -3.920000e-01 9.085000e-01 -3.562958e-01 5.051690e-01
-1.425000e-01 9.080000e-01 -3.622019e-01 5.119207e-01 -1.430000e-01 9.085000e-01 -3.621219e-01 5.122430e-01
-1.425000e-01 9.080000e-01 -3.622019e-01 5.119207e-01 -1.415000e-01 9.080000e-01 -3.621492e-01 5.121329e-01
-1.410000e-01 9.075000e-01 -3.622288e-01 5.118124e-01 -1.415000e-01 9.080000e-01 -3.621492e-01 5.121329e-01
-3.920000e-01 9.085000e-01 -3.562958e-01 5.051690e-01 -3.915000e-01 9.090000e-01 -3.563673e-01 5.055445e-01
-3.915000e-01 9.090000e-01 -3.563673e-01 5.055445e-01 -3.905000e-01 9.090000e-01 -3.563337e-01 5.053678e-01
-3.905000e-01 9.090000e-01 -3.563337e-01 5.053678e-01 -3.900000e-01 9.095000e-01 -3.564052e-01 5.057452e-01
-1.435000e-01 9.090000e-01 -3.620429e-01 5.125660e-01 -1.440000e-01 9.095000e-01 -3.619636e-01 5.128899e-01
-1.430000e-01 9.085000e-01 -3.621219e-01 5.122430e-01 -1.435000e-01 9.090000e-01 -3.620429e-01 5.125660e-01
-3.900000e-01 9.095000e-01 -3.564052e-01 5.057452e-01 -3.895000e-01 9.100000e-01 -3.564758e-01 5.061229e-01
-3.895000e-01 9.100000e-01 -3.564758e-01 5.061229e-01 -3.885000e-01 9.100000e-01 -3.564437e-01 5.059497e-01
-3.885000e-01 9.100000e-01 -3.564437e-01 5.059497e-01 -3.880000e-01 9.105000e-01 -3.565143e-01 5.063293e-01
-1.455000e-01 9.100000e-01 -3.619356e-01 5.130070e-01 -1.460000e-01 9.105000e-01 -3.618568e-01 5.133334e-01
-1.455000e-01 9.100000e-01 -3.619356e-01 5.130070e-01 -1.445000e-01 9.100000e-01 -3.618852e-01 5.132146e-01
-1.440000e-01 9.095000e-01 -3.619636e-01 5.128899e-01 -1.445000e-01 9.100000e-01 -3.618852e-01 5.132146e-01
-3.880000e-01 9.105000e-01 -3.565143e-01 5.063293e-01 -3.875000e-01 9.110000e-01 -3.565840e-01 5.067093e-01
-3.875000e-01 9.110000e-01 -3.565840e-01 5.067093e-01 -3.870000e-01 9.115000e-01 -3.566536e-01 5.070902e-01
-1.475000e-01 9.110000e-01 -3.618276e-01 5.134557e-01 -1.480000e-01 9.115000e-01 -3.617493e-01 5.137846e-01
-1.475000e-01 9.110000e-01 -3.618276e-01 5.134557e-01 -1.465000e-01 9.110000e-01 -3.617789e-01 5.136605e-01
-1.460000e-01 9.105000e-01 -3.618568e-01 5.133334e-01 -1.465000e-01 9.110000e-01 -3.617789e-01 5.136605e-01
-3.870000e-01 9.115000e-01 -3.566536e-01 5.070902e-01 -3.865000e-01 9.120000e-01 -3.567223e-01 5.074714e-01
-3.865000e-01 9.120000e-01 -3.567223e-01 5.074714e-01 -3.855000e-01 9.120000e-01 -3.566917e-01 5.073035e-01
-3.855000e-01 9.120000e-01 -3.566917e-01 5.073035e-01 -3.850000e-01 9.125000e-01 -3.567604e-01 5.076867e-01
-1.485000e-01 9.120000e-01 -3.616720e-01 5.141143e-01 -1.490000e-01 9.125000e-01 -3.615945e-01 5.144448e-01
-1.480000e-01 9.115000e-01 -3.617493e-01 5.137846e-01 -1.485000e-01 9.120000e-01 -3.616720e-01 5.141143e-01
-3.850000e-01 9.125000e-01 -3.567604e-01 5.076867e-01 -3.845000e-01 9.130000e-01 -3.568281e-01 5.080701e-01
-3.845000e-01 9.130000e-01 -3.568281e-01 5.080701e-01 -3.835000e-01 9.130000e-01 -3.567990e-01 5.079056e-01
-3.835000e-01 9.130000e-01 -3.567990e-01 5.079056e-01 -3.830000e-01 9.135000e-01 -3.568666e-01 5.082909e-01
-1.505000e-01 9.130000e-01 -3.615645e-01 5.145759e-01 -1.510000e-01 9.135000e-01 -3.614876e-01 5.149089e-01
-1.505000e-01 9.130000e-01 -3.615645e-01 5.145759e-01 -1.495000e-01 9.130000e-01 -3.615179e-01 5.147760e-01
-1.490000e-01 9.125000e-01 -3.615945e-01 5.144448e-01 -1.495000e-01 9.130000e-01 -3.615179e-01 5.147760e-01
-3.830000e-01 9.135000e-01 -3.568666e-01 5.082909e-01 -3.825000e-01 9.140000e-01 -3.569333e-01 5.086766e-01
-3.825000e-01 9.140000e-01 -3.569333e-01 5.086766e-01 -3.815000e-01 9.140000e-01 -3.569056e-01 5.085155e-01
-3.815000e-01 9.140000e-01 -3.569056e-01 5.085155e-01 -3.810000e-01 9.145000e-01 -3.569721e-01 5.089030e-01
-1.525000e-01 9.140000e-01 -3.614566e-01 5.150454e-01 -1.530000e-01 9.145000e-01 -3.613803e-01 5.153809e-01
-1.525000e-01 9.140000e-01 -3.614566e-01 5.150454e-01 -1.515000e-01 9.140000e-01 -3.614116e-01 5.152426e-01
-1.510000e-01 9.135000e-01 -3.614876e-01 5.149089e-01 -1.515000e-01 9.140000e-01 -3.614116e-01 5.152426e-01
-3.810000e-01 9.145000e-01 -3.569721e-01 5.089030e-01 -3.805000e-01 9.150000e-01 -3.570378e-01 5.092909e-01
-3.805000e-01 9.150000e-01 -3.570378e-01 5.092909e-01 -3.795000e-01 9.150000e-01 -3.570113e-01 5.091332e-01
-3.795000e-01 9.150000e-01 -3.570113e-01 5.091332e-01 -3.790000e-01 9.155000e-01 -3.570769e-01 5.095229e-01
-1.545000e-01 9.150000e-01 -3.613484e-01 5.155227e-01 -1.550000e-01 9.155000e-01 -3.612728e-01 5.158608e-01
-1.545000e-01 9.150000e-01 -3.613484e-01 5.155227e-01 -1.535000e-01 9.150000e-01 -3.613050e-01 5.157171e-01
-1.530000e-01 9.145000e-01 -3.613803e-01 5.153809e-01 -1.535000e-01 9.150000e-01 -3.613050e-01 5.157171e-01
-3.790000e-01 9.155000e-01 -3.570769e-01 5.095229e-01 -3.785000e-01 9.160000e-01 -3.571414e-01 5.099129e-01
-3.785000e-01 9.160000e-01 -3.571414e-01 5.099129e-01 -3.775000e-01 9.160000e-01 -3.571162e-01 5.097587e-01
-3.775000e-01 9.160000e-01 -3.571162e-01 5.097587e-01 -3.770000e-01 9.165000e-01 -3.571806e-01 5.101505e-01
-1.565000e-01 9.160000e-01 -3.612400e-01 5.160080e-01 -1.570000e-01 9.165000e-01 -3.611651e-01 5.163486e-01
-1.565000e-01 9.160000e-01 -3.612400e-01 5.160080e-01 -1.555000e-01 9.160000e-01 -3.611981e-01 5.161995e-01
-1.550000e-01 9.155000e-01 -3.612728e-01 5.158608e-01 -1.555000e-01 9.160000e-01 -3.611981e-01 5.161995e-01
-3.770000e-01 9.165000e-01 -3.571806e-01 5.101505e-01 -3.765000e-01 9.170000e-01 -3.572441e-01 5.105427e-01
-3.765000e-01 9.170000e-01 -3.572441e-01 5.105427e-01 -3.755000e-01 9.170000e-01 -3.572200e-01 5.103919e-01
-3.755000e-01 9.170000e-01 -3.572200e-01 5.103919e-01 -3.750000e-01 9.175000e-01 -3.572833e-01 5.107859e-01
-1.575000e-01 9.170000e-01 -3.610911e-01 5.166898e-01 -1.580000e-01 9.175000e-01 -3.610170e-01 5.170319e-01
-1.570000e-01 9.165000e-01 -3.611651e-01 5.163486e-01 -1.575000e-01 9.170000e-01 -3.610911e-01 5.166898e-01
-3.750000e-01 9.175000e-01 -3.572833e-01 5.107859e-01 -3.745000e-01 9.180000e-01 -3.573456e-01 5.111801e-01
-3.745000e-01 9.180000e-01 -3.573456e-01 5.111801e-01 -3.735000e-01 9.180000e-01 -3.573227e-01 5.110328e-01
-3.735000e-01 9.180000e-01 -3.573227e-01 5.110328e-01 -3.730000e-01 9.185000e-01 -3.573848e-01 5.114289e-01
-1.595000e-01 9.180000e-01 -3.609841e-01 5.171880e-01 -1.600000e-01 9.185000e-01 -3.609108e-01 5.175326e-01
-1.595000e-01 9.180000e-01 -3.609841e-01 5.171880e-01 -1.585000e-01 9.180000e-01 -3.609439e-01 5.173747e-01
-1.580000e-01 9.175000e-01 -3.610170e-01 5.170319e-01 -1.585000e-01 9.180000e-01 -3.609439e-01 5.173747e-01
-3.730000e-01 9.185000e-01 -3.573848e-01 5.114289e-01 -3.725000e-01 9.190000e-01 -3.574460e-01 5.118253e-01
-3.725000e-01 9.190000e-01 -3.574460e-01 5.118253e-01 -3.715000e-01 9.190000e-01 -3.574241e-01 5.116813e-01
-3.715000e-01 9.190000e-01 -3.574241e-01 5.116813e-01 -3.710000e-01 9.195000e-01 -3.574850e-01 5.120795e-01
-1.615000e-01 9.190000e-01 -3.608772e-01 5.176941e-01 -1.620000e-01 9.195000e-01 -3.608047e-01 5.180412e-01
-1.615000e-01 9.190000e-01 -3.608772e-01 5.176941e-01 -1.605000e-01 9.190000e-01 -3.608384e-01 5.178778e-01
-1.600000e-01 9.185000e-01 -3.609108e-01 5.175326e-01 -1.605000e-01 9.190000e-01 -3.608384e-01 5.178778e-01
-3.710000e-01 9.195000e-01 -3.574850e-01 5.120795e-01 -3.705000e-01 9.200000e-01 -3.575450e-01 5.124780e-01
-3.705000e-01 9.200000e-01 -3.575450e-01 5.124780e-01 -3.695000e-01 9.200000e-01 -3.575241e-01 5.123375e-01
-3.695000e-01 9.200000e-01 -3.575241e-01 5.123375e-01 -3.690000e-01 9.205000e-01 -3.575838e-01 5.127378e-01
-1.635000e-01 9.200000e-01 -3.607706e-01 5.182082e-01 -1.640000e-01 9.205000e-01 -3.606989e-01 5.185577e-01
-1.635000e-01 9.200000e-01 -3.607706e-01 5.182082e-01 -1.625000e-01 9.200000e-01 -3.607331e-01 5.183889e-01
-1.620000e-01 9.195000e-01 -3.608047e-01 5.180412e-01 -1.625000e-01 9.200000e-01 -3.607331e-01 5.183889e-01
-3.690000e-01 9.205000e-01 -3.575838e-01 5.127378e-01 -3.685000e-01 9.210000e-01 -3.576425e-01 5.131384e-01
-3.685000e-01 9.210000e-01 -3.576425e-01 5.131384e-01 -3.675000e-01 9.210000e-01 -3.576226e-01 5.130012e-01
-3.675000e-01 9.210000e-01 -3.576226e-01 5.130012e-01 -3.670000e-01 9.215000e-01 -3.576810e-01 5.134036e-01
-1.655000e-01 9.210000e-01 -3.606643e-01 5.187302e-01 -1.660000e-01 9.215000e-01 -3.605935e-01 5.190823e-01
-1.655000e-01 9.210000e-01 -3.606643e-01 5.187302e-01 -1.645000e-01 9.210000e-01 -3.606281e-01 5.189080e-01
-1.640000e-01 9.205000e-01 -3.606989e-01 5.185577e-01 -1.645000e-01 9.210000e-01 -3.606281e-01 5.189080e-01
-3.670000e-01 9.215000e-01 -3.576810e-01 5.134036e-01 -3.665000e-01 9.220000e-01 -3.577385e-01 5.138062e-01
-3.665000e-01 9.220000e-01 -3.577385e-01 5.138062e-01 -3.655000e-01 9.220000e-01 -3.577194e-01 5.136725e-01
-3.655000e-01 9.220000e-01 -3.577194e-01 5.136725e-01 -3.650000e-01 9.225000e-01 -3.577766e-01 5.140770e-01
-1.685000e-01 9.220000e-01 -3.605923e-01 5.190866e-01 -1.690000e-01 9.225000e-01 -3.605224e-01 5.194421e-01
-1.685000e-01 9.220000e-01 -3.605923e-01 5.190866e-01 -1.675000e-01 9.220000e-01 -3.605585e-01 5.192602e-01
-1.675000e-01 9.220000e-01 -3.605585e-01 5.192602e-01 -1.665000e-01 9.220000e-01 -3.605236e-01 5.194350e-01
-1.660000e-01 9.215000e-01 -3.605935e-01 5.190823e-01 -1.665000e-01 9.220000e-01 -3.605236e-01 5.194350e-01
-3.650000e-01 9.225000e-01 -3.577766e-01 5.140770e-01 -3.645000e-01 9.230000e-01 -3.578328e-01 5.144817e-01
-3.645000e-01 9.230000e-01 -3.578328e-01 5.144817e-01 -3.635000e-01 9.230000e-01 -3.578145e-01 5.143513e-01
-3.635000e-01 9.230000e-01 -3.578145e-01 5.143513e-01 -3.630000e-01 9.235000e-01 -3.578704e-01 5.147578e-01
-1.705000e-01 9.230000e-01 -3.604860e-01 5.196276e-01 -1.710000e-01 9.235000e-01 -3.604170e-01 5.199856e-01
-1.705000e-01 9.230000e-01 -3.604860e-01 5.196276e-01 -1.695000e-01 9.230000e-01 -3.604534e-01 5.197982e-01
-1.690000e-01 9.225000e-01 -3.605224e-01 5.194421e-01 -1.695000e-01 9.230000e-01 -3.604534e-01 5.197982e-01
-3.630000e-01 9.235000e-01 -3.578704e-01 5.147578e-01 -3.625000e-01 9.240000e-01 -3.579253e-01 5.151645e-01
-3.625000e-01 9.240000e-01 -3.579253e-01 5.151645e-01 -3.615000e-01 9.240000e-01 -3.579078e-01 5.150376e-01
-3.615000e-01 9.240000e-01 -3.579078e-01 5.150376e-01 -3.605000e-01 9.240000e-01 -3.578914e-01 5.149122e-01
-3.605000e-01 9.240000e-01 -3.578914e-01 5.149122e-01 -3.600000e-01 9.245000e-01 -3.579457e-01 5.153216e-01
-1.725000e-01 9.240000e-01 -3.603805e-01 5.201766e-01 -1.730000e-01 9.245000e-01 -3.603125e-01 5.205370e-01
-1.725000e-01 9.240000e-01 -3.603805e-01 5.201766e-01 -1.715000e-01 9.240000e-01 -3.603489e-01 5.203441e-01
-1.710000e-01 9.235000e-01 -3.604170e-01 5.199856e-01 -1.715000e-01 9.240000e-01 -3.603489e-01 5.203441e-01
-3.600000e-01 9.245000e-01 -3.579457e-01 5.153216e-01 -3.595000e-01 9.250000e-01 -3.579991e-01 5.157312e-01
-3.595000e-01 9.250000e-01 -3.579991e-01 5.157312e-01 -3.585000e-01 9.250000e-01 -3.579834e-01 5.156092e-01
-3.585000e-01 9.250000e-01 -3.579834e-01 5.156092e-01 -3.580000e-01 9.255000e-01 -3.580363e-01 5.160207e-01
-1.745000e-01 9.250000e-01 -3.602758e-01 5.207336e-01 -1.750000e-01 9.255000e-01 -3.602089e-01 5.210965e-01
-1.745000e-01 9.250000e-01 -3.602758e-01 5.207336e-01 -1.735000e-01 9.250000e-01 -3.602454e-01 5.208981e-01
-1.730000e-01 9.245000e-01 -3.603125e-01 5.205370e-01 -1.735000e-01 9.250000e-01 -3.602454e-01 5.208981e-01
-3.580000e-01 9.255000e-01 -3.580363e-01 5.160207e-01 -3.575000e-01 9.260000e-01 -3.580883e-01 5.164323e-01
-3.575000e-01 9.260000e-01 -3.580883e-01 5.164323e-01 -3.565000e-01 9.260000e-01 -3.580732e-01 5.163136e-01
-3.565000e-01 9.260000e-01 -3.580732e-01 5.163136e-01 -3.555000e-01 9.260000e-01 -3.580592e-01 5.161966e-01
-3.555000e-01 9.260000e-01 -3.580592e-01 5.161966e-01 -3.550000e-01 9.265000e-01 -3.581104e-01 5.166109e-01
-1.765000e-01 9.260000e-01 -3.601722e-01 5.212986e-01 -1.770000e-01 9.265000e-01 -3.601063e-01 5.216639e-01
-1.765000e-01 9.260000e-01 -3.601722e-01 5.212986e-01 -1.755000e-01 9.260000e-01 -3.601428e-01 5.214600e-01
-1.750000e-01 9.255000e-01 -3.602089e-01 5.210965e-01 -1.755000e-01 9.260000e-01 -3.601428e-01 5.214600e-01
-3.550000e-01 9.265000e-01 -3.581104e-01 5.166109e-01 -3.545000e-01 9.270000e-01 -3.581608e-01 5.170254e-01
-3.545000e-01 9.270000e-01 -3.581608e-01 5.170254e-01 -3.535000e-01 9.270000e-01 -3.581473e-01 5.169117e-01
-3.535000e-01 9.270000e-01 -3.581473e-01 5.169117e-01 -3.530000e-01 9.275000e-01 -3.581971e-01 5.173280e-01
-1.795000e-01 9.270000e-01 -3.600972e-01 5.217145e-01 -1.800000e-01 9.275000e-01 -3.600325e-01 5.220832e-01
-1.795000e-01 9.270000e-01 -3.600972e-01 5.217145e-01 -1.785000e-01 9.270000e-01 -3.600698e-01 5.218716e-01
-1.785000e-01 9.270000e-01 -3.600698e-01 5.218716e-01 -1.775000e-01 9.270000e-01 -3.600413e-01 5.220299e-01
-1.770000e-01 9.265000e-01 -3.601063e-01 5.216639e-01 -1.775000e-01 9.270000e-01 -3.600413e-01 5.220299e-01
-3.530000e-01 9.275000e-01 -3.581971e-01 5.173280e-01 -3.525000e-01 9.280000e-01 -3.582460e-01 5.177444e-01
-3.525000e-01 9.280000e-01 -3.582460e-01 5.177444e-01 -3.515000e-01 9.280000e-01 -3.582329e-01 5.176341e-01
-3.515000e-01 9.280000e-01 -3.582329e-01 5.176341e-01 -3.505000e-01 9.280000e-01 -3.582209e-01 5.175253e-01
-3.505000e-01 9.280000e-01 -3.582209e-01 5.175253e-01 -3.500000e-01 9.285000e-01 -3.582690e-01 5.179445e-01
-1.815000e-01 9.280000e-01 -3.599952e-01 5.222986e-01 -1.820000e-01 9.285000e-01 -3.599316e-01 5.226698e-01
-1.815000e-01 9.280000e-01 -3.599952e-01 5.222986e-01 -1.805000e-01 9.280000e-01 -3.599687e-01 5.224526e-01
-1.800000e-01 9.275000e-01 -3.600325e-01 5.220832e-01 -1.805000e-01 9.280000e-01 -3.599687e-01 5.224526e-01
-3.500000e-01 9.285000e-01 -3.582690e-01 5.179445e-01 -3.495000e-01 9.290000e-01 -3.583161e-01 5.183637e-01
-3.495000e-01 9.290000e-01 -3.583161e-01 5.183637e-01 -3.485000e-01 9.290000e-01 -3.583045e-01 5.182583e-01
-3.485000e-01 9.290000e-01 -3.583045e-01 5.182583e-01 -3.480000e-01 9.295000e-01 -3.583510e-01 5.186793e-01
-1.845000e-01 9.290000e-01 -3.599194e-01 5.227410e-01 -1.850000e-01 9.295000e-01 -3.598570e-01 5.231157e-01
-1.845000e-01 9.290000e-01 -3.599194e-01 5.227410e-01 -1.835000e-01 9.290000e-01 -3.598946e-01 5.228907e-01
-1.835000e-01 9.290000e-01 -3.598946e-01 5.228907e-01 -1.825000e-01 9.290000e-01 -3.598689e-01 5.230416e-01
-1.820000e-01 9.285000e-01 -3.599316e-01 5.226698e-01 -1.825000e-01 9.290000e-01 -3.598689e-01 5.230416e-01
-3.480000e-01 9.295000e-01 -3.583510e-01 5.186793e-01 -3.475000e-01 9.300000e-01 -3.583967e-01 5.191005e-01
-3.475000e-01 9.300000e-01 -3.583967e-01 5.191005e-01 -3.465000e-01 9.300000e-01 -3.583853e-01 5.189984e-01
-3.465000e-01 9.300000e-01 -3.583853e-01 5.189984e-01 -3.455000e-01 9.300000e-01 -3.583749e-01 5.188979e-01
-3.455000e-01 9.300000e-01 -3.583749e-01 5.188979e-01 -3.450000e-01 9.305000e-01 -3.584196e-01 5.193217e-01
-1.875000e-01 9.300000e-01 -3.598427e-01 5.231990e-01 -1.880000e-01 9.305000e-01 -3.597817e-01 5.235771e-01
-1.875000e-01 9.300000e-01 -3.598427e-01 5.231990e-01 -1.865000e-01 9.300000e-01 -3.598196e-01 5.233443e-01
-1.865000e-01 9.300000e-01 -3.598196e-01 5.233443e-01 -1.855000e-01 9.300000e-01 -3.597956e-01 5.234908e-01
-1.850000e-01 9.295000e-01 -3.598570e-01 5.231157e-01 -1.855000e-01 9.300000e-01 -3.597956e-01 5.234908e-01
-3.450000e-01 9.305000e-01 -3.584196e-01 5.193217e-01 -3.445000e-01 9.310000e-01 -3.584635e-01 5.197457e-01
-3.445000e-01 9.310000e-01 -3.584635e-01 5.197457e-01 -3.435000e-01 9.310000e-01 -3.584533e-01 5.196485e-01
-3.435000e-01 9.310000e-01 -3.584533e-01 5.196485e-01 -3.425000e-01 9.310000e-01 -3.584440e-01 5.195530e-01
-3.425000e-01 9.310000e-01 -3.584440e-01 5.195530e-01 -3.420000e-01 9.315000e-01 -3.584868e-01 5.199795e-01
-1.895000e-01 9.310000e-01 -3.597440e-01 5.238135e-01 -1.900000e-01 9.315000e-01 -3.596843e-01 5.241939e-01
-1.895000e-01 9.310000e-01 -3.597440e-01 5.238135e-01 -1.885000e-01 9.310000e-01 -3.597216e-01 5.239556e-01
-1.880000e-01 9.305000e-01 -3.597817e-01 5.235771e-01 -1.885000e-01 9.310000e-01 -3.597216e-01 5.239556e-01
-3.420000e-01 9.315000e-01 -3.584868e-01 5.199795e-01 -3.415000e-01 9.320000e-01 -3.585287e-01 5.204061e-01
-3.415000e-01 9.320000e-01 -3.585287e-01 5.204061e-01 -3.405000e-01 9.320000e-01 -3.585196e-01 5.203139e-01
-3.405000e-01 9.320000e-01 -3.585196e-01 5.203139e-01 -3.395000e-01 9.320000e-01 -3.585113e-01 5.202233e-01
-3.395000e-01 9.320000e-01 -3.585113e-01 5.202233e-01 -3.390000e-01 9.325000e-01 -3.585521e-01 5.206525e-01
-1.925000e-01 9.320000e-01 -3.596681e-01 5.242983e-01 -1.930000e-01 9.325000e-01 -3.596098e-01 5.246821e-01
-1.925000e-01 9.320000e-01 -3.596681e-01 5.242983e-01 -1.915000e-01 9.320000e-01 -3.596472e-01 5.244360e-01
-1.915000e-01 9.320000e-01 -3.596472e-01 5.244360e-01 -1.905000e-01 9.320000e-01 -3.596255e-01 5.245749e-01
-1.900000e-01 9.315000e-01 -3.596843e-01 5.241939e-01 -1.905000e-01 9.320000e-01 -3.596255e-01 5.245749e-01
-3.390000e-01 9.325000e-01 -3.585521e-01 5.206525e-01 -3.385000e-01 9.330000e-01 -3.585921e-01 5.210818e-01
-3.385000e-01 9.330000e-01 -3.585921e-01 5.210818e-01 -3.375000e-01 9.330000e-01 -3.585839e-01 5.209945e-01
-3.375000e-01 9.330000e-01 -3.585839e-01 5.209945e-01 -3.365000e-01 9.330000e-01 -3.585765e-01 5.209087e-01
-3.365000e-01 9.330000e-01 -3.585765e-01 5.209087e-01 -3.360000e-01 9.335000e-01 -3.586153e-01 5.213406e-01
-1.955000e-01 9.330000e-01 -3.595922e-01 5.247988e-01 -1.960000e-01 9.335000e-01 -3.595355e-01 5.251860e-01
-1.955000e-01 9.330000e-01 -3.595922e-01 5.247988e-01 -1.945000e-01 9.330000e-01 -3.595728e-01 5.249320e-01
-1.945000e-01 9.330000e-01 -3.595728e-01 5.249320e-01 -1.935000e-01 9.330000e-01 -3.595525e-01 5.250665e-01
-1.930000e-01 9.325000e-01 -3.596098e-01 5.246821e-01 -1.935000e-01 9.330000e-01 -3.595525e-01 5.250665e-01
-3.360000e-01 9.335000e-01 -3.586153e-01 5.213406e-01 -3.355000e-01 9.340000e-01 -3.586532e-01 5.217726e-01
-3.355000e-01 9.340000e-01 -3.586532e-01 5.217726e-01 -3.345000e-01 9.340000e-01 -3.586458e-01 5.216902e-01
-3.345000e-01 9.340000e-01 -3.586458e-01 5.216902e-01 -3.335000e-01 9.340000e-01 -3.586392e-01 5.216093e-01
-3.335000e-01 9.340000e-01 -3.586392e-01 5.216093e-01 -3.330000e-01 9.345000e-01 -3.586759e-01 5.220438e-01
-1.985000e-01 9.340000e-01 -3.595169e-01 5.253149e-01 -1.990000e-01 9.345000e-01 -3.594618e-01 5.257055e-01
-1.985000e-01 9.340000e-01 -3.595169e-01 5.253149e-01 -1.975000e-01 9.340000e-01 -3.594987e-01 5.254437e-01
-1.975000e-01 9.340000e-01 -3.594987e-01 5.254437e-01 -1.965000e-01 9.340000e-01 -3.594798e-01 5.255737e-01
-1.960000e-01 9.335000e-01 -3.595355e-01 5.251860e-01 -1.965000e-01 9.340000e-01 -3.594798e-01 5.255737e-01
-3.330000e-01 9.345000e-01 -3.586759e-01 5.220438e-01 -3.325000e-01 9.350000e-01 -3.587118e-01 5.224785e-01
-3.325000e-01 9.350000e-01 -3.587118e-01 5.224785e-01 -3.315000e-01 9.350000e-01 -3.587051e-01 5.224009e-01
-3.315000e-01 9.350000e-01 -3.587051e-01 5.224009e-01 -3.305000e-01 9.350000e-01 -3.586991e-01 5.223249e-01
-3.305000e-01 9.350000e-01 -3.586991e-01 5.223249e-01 -3.300000e-01 9.355000e-01 -3.587337e-01 5.227620e-01
-2.025000e-01 9.350000e-01 -3.594584e-01 5.257240e-01 -2.030000e-01 9.355000e-01 -3.594052e-01 5.261189e-01
-2.025000e-01 9.350000e-01 -3.594584e-01 5.257240e-01 -2.015000e-01 9.350000e-01 -3.594423e-01 5.258469e-01
-2.015000e-01 9.350000e-01 -3.594423e-01 5.258469e-01 -2.005000e-01 9.350000e-01 -3.594254e-01 5.259711e-01
-2.005000e-01 9.350000e-01 -3.594254e-01 5.259711e-01 -1.995000e-01 9.350000e-01 -3.594077e-01 5.260965e-01
-1.990000e-01 9.345000e-01 -3.594618e-01 5.257055e-01 -1.995000e-01 9.350000e-01 -3.594077e-01 5.260965e-01
-3.300000e-01 9.355000e-01 -3.587337e-01 5.227620e-01 -3.295000e-01 9.360000e-01 -3.587675e-01 5.231992e-01
-3.295000e-01 9.360000e-01 -3.587675e-01 5.231992e-01 -3.285000e-01 9.360000e-01 -3.587613e-01 5.231264e-01
-3.285000e-01 9.360000e-01 -3.587613e-01 5.231264e-01 -3.275000e-01 9.360000e-01 -3.587559e-01 5.230553e-01
-3.275000e-01 9.360000e-01 -3.587559e-01 5.230553e-01 -3.265000e-01 9.360000e-01 -3.587511e-01 5.229857e-01
-3.265000e-01 9.360000e-01 -3.587511e-01 5.229857e-01 -3.260000e-01 9.365000e-01 -3.587831e-01 5.234263e-01
-2.055000e-01 9.360000e-01 -3.593839e-01 5.262763e-01 -2.060000e-01 9.365000e-01 -3.593326e-01 5.266745e-01
-2.055000e-01 9.360000e-01 -3.593839e-01 5.262763e-01 -2.045000e-01 9.360000e-01 -3.593689e-01 5.263946e-01
-2.045000e-01 9.360000e-01 -3.593689e-01 5.263946e-01 -2.035000e-01 9.360000e-01 -3.593531e-01 5.265142e-01
-2.030000e-01 9.355000e-01 -3.594052e-01 5.261189e-01 -2.035000e-01 9.360000e-01 -3.593531e-01 5.265142e-01
-3.260000e-01 9.365000e-01 -3.587831e-01 5.234263e-01 -3.255000e-01 9.370000e-01 -3.588142e-01 5.238669e-01
-3.255000e-01 9.370000e-01 -3.588142e-01 5.238669e-01 -3.245000e-01 9.370000e-01 -3.588092e-01 5.238005e-01
-3.245000e-01 9.370000e-01 -3.588092e-01 5.238005e-01 -3.235000e-01 9.370000e-01 -3.588048e-01 5.237358e-01
-3.235000e-01 9.370000e-01 -3.588048e-01 5.237358e-01 -3.225000e-01 9.370000e-01 -3.588010e-01 5.236727e-01
-3.225000e-01 9.370000e-01 -3.588010e-01 5.236727e-01 -3.220000e-01 9.375000e-01 -3.588302e-01 5.241165e-01
-2.095000e-01 9.370000e-01 -3.593245e-01 5.267321e-01 -2.100000e-01 9.375000e-01 -3.592753e-01 5.271346e-01
-2.095000e-01 9.370000e-01 -3.593245e-01 5.267321e-01 -2.085000e-01 9.370000e-01 -3.593111e-01 5.268445e-01
-2.085000e-01 9.370000e-01 -3.593111e-01 5.268445e-01 -2.075000e-01 9.370000e-01 -3.592970e-01 5.269581e-01
-2.075000e-01 9.370000e-01 -3.592970e-01 5.269581e-01 -2.065000e-01 9.370000e-01 -3.592822e-01 5.270732e-01
-2.060000e-01 9.365000e-01 -3.593326e-01 5.266745e-01 -2.065000e-01 9.370000e-01 -3.592822e-01 5.270732e-01
-3.220000e-01 9.375000e-01 -3.588302e-01 5.241165e-01 -3.215000e-01 9.380000e-01 -3.588586e-01 5.245604e-01
-3.215000e-01 9.380000e-01 -3.588586e-01 5.245604e-01 -3.205000e-01 9.380000e-01 -3.588545e-01 5.245005e-01
-3.205000e-01 9.380000e-01 -3.588545e-01 5.245005e-01 -3.195000e-01 9.380000e-01 -3.588509e-01 5.244421e-01
-3.195000e-01 9.380000e-01 -3.588509e-01 5.244421e-01 -3.185000e-01 9.380000e-01 -3.588480e-01 5.243854e-01
-3.185000e-01 9.380000e-01 -3.588480e-01 5.243854e-01 -3.180000e-01 9.385000e-01 -3.588743e-01 5.248325e-01
-2.135000e-01 9.380000e-01 -3.592648e-01 5.272144e-01 -2.140000e-01 9.385000e-01 -3.592179e-01 5.276211e-01
-2.135000e-01 9.380000e-01 -3.592648e-01 5.272144e-01 -2.125000e-01 9.380000e-01 -3.592529e-01 5.273207e-01
-2.125000e-01 9.380000e-01 -3.592529e-01 5.273207e-01 -2.115000e-01 9.380000e-01 -3.592403e-01 5.274284e-01
-2.115000e-01 9.380000e-01 -3.592403e-01 5.274284e-01 -2.105000e-01 9.380000e-01 -3.592271e-01 5.275375e-01
-2.100000e-01 9.375000e-01 -3.592753e-01 5.271346e-01 -2.105000e-01 9.380000e-01 -3.592271e-01 5.275375e-01
-3.180000e-01 9.385000e-01 -3.588743e-01 5.248325e-01 -3.175000e-01 9.390000e-01 -3.588999e-01 5.252797e-01
-3.175000e-01 9.390000e-01 -3.588999e-01 5.252797e-01 -3.165000e-01 9.390000e-01 -3.588964e-01 5.252262e-01
-3.165000e-01 9.390000e-01 -3.588964e-01 5.252262e-01 -3.155000e-01 9.390000e-01 -3.588935e-01 5.251742e-01
-3.155000e-01 9.390000e-01 -3.588935e-01 5.251742e-01 -3.145000e-01 9.390000e-01 -3.588912e-01 5.251239e-01
-3.145000e-01 9.390000e-01 -3.588912e-01 5.251239e-01 -3.140000e-01 9.395000e-01 -3.589146e-01 5.255742e-01
-2.175000e-01 9.390000e-01 -3.592056e-01 5.277232e-01 -2.180000e-01 9.395000e-01 -3.591611e-01 5.281342e-01
-2.175000e-01 9.390000e-01 -3.592056e-01 5.277232e-01 -2.165000e-01 9.390000e-01 -3.591950e-01 5.278235e-01
-2.165000e-01 9.390000e-01 -3.591950e-01 5.278235e-01 -2.155000e-01 9.390000e-01 -3.591838e-01 5.279252e-01
-2.155000e-01 9.390000e-01 -3.591838e-01 5.279252e-01 -2.145000e-01 9.390000e-01 -3.591719e-01 5.280282e-01
-2.140000e-01 9.385000e-01 -3.592179e-01 5.276211e-01 -2.145000e-01 9.390000e-01 -3.591719e-01 5.280282e-01
-3.140000e-01 9.395000e-01 -3.589146e-01 5.255742e-01 -3.135000e-01 9.400000e-01 -3.589373e-01 5.260245e-01
-3.135000e-01 9.400000e-01 -3.589373e-01 5.260245e-01 -3.125000e-01 9.400000e-01 -3.589343e-01 5.259773e-01
-3.125000e-01 9.400000e-01 -3.589343e-01 5.259773e-01 -3.115000e-01 9.400000e-01 -3.589319e-01 5.259317e-01
-3.115000e-01 9.400000e-01 -3.589319e-01 5.259317e-01 -3.105000e-01 9.400000e-01 -3.589299e-01 5.258877e-01
-3.105000e-01 9.400000e-01 -3.589299e-01 5.258877e-01 -3.095000e-01 9.400000e-01 -3.589284e-01 5.258454e-01
-3.095000e-01 9.400000e-01 -3.589284e-01 5.258454e-01 -3.090000e-01 9.405000e-01 -3.589482e-01 5.262995e-01
-2.225000e-01 9.400000e-01 -3.591567e-01 5.281659e-01 -2.230000e-01 9.405000e-01 -3.591152e-01 5.285821e-01
-2.225000e-01 9.400000e-01 -3.591567e-01 5.281659e-01 -2.215000e-01 9.400000e-01 -3.591478e-01 5.282587e-01
-2.215000e-01 9.400000e-01 -3.591478e-01 5.282587e-01 -2.205000e-01 9.400000e-01 -3.591384e-01 5.283529e-01
-2.205000e-01 9.400000e-01 -3.591384e-01 5.283529e-01 -2.195000e-01 9.400000e-01 -3.591283e-01 5.284486e-01
-2.195000e-01 9.400000e-01 -3.591283e-01 5.284486e-01 -2.185000e-01 9.400000e-01 -3.591176e-01 5.285456e-01
-2.180000e-01 9.395000e-01 -3.591611e-01 5.281342e-01 -2.185000e-01 9.400000e-01 -3.591176e-01 5.285456e-01
-3.090000e-01 9.405000e-01 -3.589482e-01 5.262995e-01 -3.085000e-01 9.410000e-01 -3.589673e-01 5.267538e-01
-3.085000e-01 9.410000e-01 -3.589673e-01 5.267538e-01 -3.075000e-01 9.410000e-01 -3.589651e-01 5.267145e-01
-3.075000e-01 9.410000e-01 -3.589651e-01 5.267145e-01 -3.065000e-01 9.410000e-01 -3.589633e-01 5.266768e-01
-3.065000e-01 9.410000e-01 -3.589633e-01 5.266768e-01 -3.055000e-01 9.410000e-01 -3.589619e-01 5.266407e-01
-3.055000e-01 9.410000e-01 -3.589619e-01 5.266407e-01 -3.045000e-01 9.410000e-01 -3.589609e-01 5.266062e-01
-3.045000e-01 9.410000e-01 -3.589609e-01 5.266062e-01 -3.035000e-01 9.410000e-01 -3.589603e-01 5.265733e-01
-3.035000e-01 9.410000e-01 -3.589603e-01 5.265733e-01 -3.030000e-01 9.415000e-01 -3.589759e-01 5.270321e-01
-2.275000e-01 9.410000e-01 -3.591078e-01 5.286490e-01 -2.280000e-01 9.415000e-01 -3.590693e-01 5.290703e-01
-2.275000e-01 9.410000e-01 -3.591078e-01 5.286490e-01 -2.265000e-01 9.410000e-01 -3.591003e-01 5.287343e-01
-2.265000e-01 9.410000e-01 -3.591003e-01 5.287343e-01 -2.255000e-01 9.410000e-01 -3.590922e-01 5.288210e-01
-2.255000e-01 9.410000e-01 -3.590922e-01 5.288210e-01 -2.245000e-01 9.410000e-01 -3.590837e-01 5.289091e-01
-2.245000e-01 9.410000e-01 -3.590837e-01 5.289091e-01 -2.235000e-01 9.410000e-01 -3.590745e-01 5.289986e-01
-2.230000e-01 9.405000e-01 -3.591152e-01 5.285821e-01 -2.235000e-01 9.410000e-01 -3.590745e-01 5.289986e-01
-3.030000e-01 9.415000e-01 -3.589759e-01 5.270321e-01 -3.025000e-01 9.420000e-01 -3.589907e-01 5.274909e-01
-3.025000e-01 9.420000e-01 -3.589907e-01 5.274909e-01 -3.015000e-01 9.420000e-01 -3.589892e-01 5.274611e-01
-3.015000e-01 9.420000e-01 -3.589892e-01 5.274611e-01 -3.005000e-01 9.420000e-01 -3.589881e-01 5.274328e-01
-3.005000e-01 9.420000e-01 -3.589881e-01 5.274328e-01 -2.995000e-01 9.420000e-01 -3.589874e-01 5.274061e-01
-2.995000e-01 9.420000e-01 -3.589874e-01 5.274061e-01 -2.985000e-01 9.420000e-01 -3.589869e-01 5.273811e-01
-2.985000e-01 9.420000e-01 -3.589869e-01 5.273811e-01 -2.975000e-01 9.420000e-01 -3.589868e-01 5.273576e-01
-2.975000e-01 9.420000e-01 -3.589868e-01 5.273576e-01 -2.970000e-01 9.425000e-01 -3.589978e-01 5.278208e-01
-2.345000e-01 9.420000e-01 -3.590717e-01 5.290218e-01 -2.350000e-01 9.425000e-01 -3.590376e-01 5.294501e-01
-2.345000e-01 9.420000e-01 -3.590717e-01 5.290218e-01 -2.335000e-01 9.420000e-01 -3.590662e-01 5.290966e-01
-2.335000e-01 9.420000e-01 -3.590662e-01 5.290966e-01 -2.325000e-01 9.420000e-01 -3.590603e-01 5.291728e-01
-2.325000e-01 9.420000e-01 -3.590603e-01 5.291728e-01 -2.315000e-01 9.420000e-01 -3.590539e-01 5.292505e-01
-2.315000e-01 9.420000e-01 -3.590539e-01 5.292505e-01 -2.305000e-01 9.420000e-01 -3.590471e-01 5.293296e-01
-2.305000e-01 9.420000e-01 -3.590471e-01 5.293296e-01 -2.295000e-01 9.420000e-01 -3.590397e-01 5.294101e-01
-2.295000e-01 9.420000e-01 -3.590397e-01 5.294101e-01 -2.285000e-01 9.420000e-01 -3.590318e-01 5.294920e-01
-2.280000e-01 9.415000e-01 -3.590693e-01 5.290703e-01 -2.285000e-01 9.420000e-01 -3.590318e-01 5.294920e-01
-2.970000e-01 9.425000e-01 -3.589978e-01 5.278208e-01 -2.965000e-01 9.430000e-01 -3.590082e-01 5.282840e-01
-2.965000e-01 9.430000e-01 -3.590082e-01 5.282840e-01 -2.955000e-01 9.430000e-01 -3.590070e-01 5.282636e-01
-2.955000e-01 9.430000e-01 -3.590070e-01 5.282636e-01 -2.945000e-01 9.430000e-01 -3.590062e-01 5.282447e-01
-2.945000e-01 9.430000e-01 -3.590062e-01 5.282447e-01 -2.935000e-01 9.430000e-01 -3.590056e-01 5.282274e-01
-2.935000e-01 9.430000e-01 -3.590056e-01 5.282274e-01 -2.925000e-01 9.430000e-01 -3.590053e-01 5.282117e-01
-2.925000e-01 9.430000e-01 -3.590053e-01 5.282117e-01 -2.915000e-01 9.430000e-01 -3.590052e-01 5.281975e-01
-2.915000e-01 9.430000e-01 -3.590052e-01 5.281975e-01 -2.905000e-01 9.430000e-01 -3.590053e-01 5.281850e-01
-2.905000e-01 9.430000e-01 -3.590053e-01 5.281850e-01 -2.895000e-01 9.430000e-01 -3.590057e-01 5.281740e-01
-2.895000e-01 9.430000e-01 -3.590057e-01 5.281740e-01 -2.885000e-01 9.430000e-01 -3.590062e-01 5.281646e-01
-2.885000e-01 9.430000e-01 -3.590062e-01 5.281646e-01 -2.880000e-01 9.435000e-01 -3.590105e-01 5.286342e-01
-2.425000e-01 9.430000e-01 -3.590380e-01 5.294093e-01 -2.430000e-01 9.435000e-01 -3.590090e-01 5.298456e-01
-2.425000e-01 9.430000e-01 -3.590380e-01 5.294093e-01 -2.415000e-01 9.430000e-01 -3.590344e-01 5.294720e-01
-2.415000e-01 9.430000e-01 -3.590344e-01 5.294720e-01 -2.405000e-01 9.430000e-01 -3.590303e-01 5.295362e-01
-2.405000e-01 9.430000e-01 -3.590303e-01 5.295362e-01 -2.395000e-01 9.430000e-01 -3.590259e-01 5.296018e-01
-2.395000e-01 9.430000e-01 -3.590259e-01 5.296018e-01 -2.385000e-01 9.430000e-01 -3.590212e-01 5.296688e-01
-2.385000e-01 9.430000e-01 -3.590212e-01 5.296688e-01 -2.375000e-01 9.430000e-01 -3.590160e-01 5.297374e-01
-2.375000e-01 9.430000e-01 -3.590160e-01 5.297374e-01 -2.365000e-01 9.430000e-01 -3.590104e-01 5.298074e-01
-2.365000e-01 9.430000e-01 -3.590104e-01 5.298074e-01 -2.355000e-01 9.430000e-01 -3.590043e-01 5.298788e-01
-2.350000e-01 9.425000e-01 -3.590376e-01 5.294501e-01 -2.355000e-01 9.430000e-01 -3.590043e-01 5.298788e-01
-2.880000e-01 9.435000e-01 -3.590105e-01 5.286342e-01 -2.875000e-01 9.440000e-01 -3.590141e-01 5.291038e-01
-2.875000e-01 9.440000e-01 -3.590141e-01 5.291038e-01 -2.865000e-01 9.440000e-01 -3.590134e-01 5.290974e-01
-2.865000e-01 9.440000e-01 -3.590134e-01 5.290974e-01 -2.855000e-01 9.440000e-01 -3.590129e-01 5.290925e-01
-2.855000e-01 9.440000e-01 -3.590129e-01 5.290925e-01 -2.845000e-01 9.440000e-01 -3.590126e-01 5.290892e-01
-2.845000e-01 9.440000e-01 -3.590126e-01 5.290892e-01 -2.835000e-01 9.440000e-01 -3.590124e-01 5.290875e-01
-2.835000e-01 9.440000e-01 -3.590124e-01 5.290875e-01 -2.825000e-01 9.440000e-01 -3.590123e-01 5.290873e-01
-2.825000e-01 9.440000e-01 -3.590123e-01 5.290873e-01 -2.815000e-01 9.440000e-01 -3.590124e-01 5.290887e-01
-2.815000e-01 9.440000e-01 -3.590124e-01 5.290887e-01 -2.805000e-01 9.440000e-01 -3.590125e-01 5.290917e-01
-2.805000e-01 9.440000e-01 -3.590125e-01 5.290917e-01 -2.795000e-01 9.440000e-01 -3.590128e-01 5.290961e-01
-2.795000e-01 9.440000e-01 -3.590128e-01 5.290961e-01 -2.785000e-01 9.440000e-01 -3.590131e-01 5.291022e-01
-2.785000e-01 9.440000e-01 -3.590131e-01 5.291022e-01 -2.775000e-01 9.440000e-01 -3.590135e-01 5.291098e-01
-2.775000e-01 9.440000e-01 -3.590135e-01 5.291098e-01 -2.765000e-01 9.440000e-01 -3.590139e-01 5.291190e-01
-2.765000e-01 9.440000e-01 -3.590139e-01 5.291190e-01 -2.755000e-01 9.440000e-01 -3.590144e-01 5.291298e-01
-2.755000e-01 9.440000e-01 -3.590144e-01 5.291298e-01 -2.745000e-01 9.440000e-01 -3.590149e-01 5.291421e-01
-2.745000e-01 9.440000e-01 -3.590149e-01 5.291421e-01 -2.735000e-01 9.440000e-01 -3.590155e-01 5.291559e-01
-2.735000e-01 9.440000e-01 -3.590155e-01 5.291559e-01 -2.730000e-01 9.445000e-01 -3.590080e-01 5.296356e-01
-2.575000e-01 9.440000e-01 -3.590167e-01 5.295869e-01 -2.580000e-01 9.445000e-01 -3.589979e-01 5.300374e-01
-2.575000e-01 9.440000e-01 -3.590167e-01 5.295869e-01 -2.565000e-01 9.440000e-01 -3.590158e-01 5.296268e-01
-2.565000e-01 9.440000e-01 -3.590158e-01 5.296268e-01 -2.555000e-01 9.440000e-01 -3.590146e-01 5.296682e-01
-2.555000e-01 9.440000e-01 -3.590146e-01 5.296682e-01 -2.545000e-01 9.440000e-01 -3.590132e-01 5.297112e-01
-2.545000e-01 9.440000e-01 -3.590132e-01 5.297112e-01 -2.535000e-01 9.440000e-01 -3.590116e-01 5.297556e-01
-2.535000e-01 9.440000e-01 -3.590116e-01 5.297556e-01 -2.525000e-01 9.440000e-01 -3.590098e-01 5.298015e-01
-2.525000e-01 9.440000e-01 -3.590098e-01 5.298015e-01 -2.515000e-01 9.440000e-01 -3.590077e-01 5.298490e-01
-2.515000e-01 9.440000e-01 -3.590077e-01 5.298490e-01 -2.505000e-01 9.440000e-01 -3.590054e-01 5.298979e-01
-2.505000e-01 9.440000e-01 -3.590054e-01 5.298979e-01 -2.495000e-01 9.440000e-01 -3.590028e-01 5.299483e-01
-2.495000e-01 9.440000e-01 -3.590028e-01 5.299483e-01 -2.485000e-01 9.440000e-01 -3.589999e-01 5.300002e-01
-2.485000e-01 9.440000e-01 -3.589999e-01 5.300002e-01 -2.475000e-01 9.440000e-01 -3.589967e-01 5.300537e-01
-2.475000e-01 9.440000e-01 -3.589967e-01 5.300537e-01 -2.465000e-01 9.440000e-01 -3.589933e-01 5.301085e-01
-2.465000e-01 9.440000e-01 -3.589933e-01 5.301085e-01 -2.455000e-01 9.440000e-01 -3.589895e-01 5.301649e-01
-2.455000e-01 9.440000e-01 -3.589895e-01 5.301649e-01 -2.445000e-01 9.440000e-01 -3.589854e-01 5.302228e-01
-2.445000e-01 9.440000e-01 -3.589854e-01 5.302228e-01 -2.435000e-01 9.440000e-01 -3.589810e-01 5.302821e-01
-2.430000e-01 9.435000e-01 -3.590090e-01 5.298456e-01 -2.435000e-01 9.440000e-01 -3.589810e-01 5.302821e-01
-2.730000e-01 9.445000e-01 -3.590080e-01 5.296356e-01 -2.725000e-01 9.450000e-01 -3.590000e-01 5.301152e-01
-2.725000e-01 9.450000e-01 -3.590000e-01 5.301152e-01 -2.715000e-01 9.450000e-01 -3.589990e-01 5.301319e-01
-2.715000e-01 9.450000e-01 -3.589990e-01 5.301319e-01 -2.705000e-01 9.450000e-01 -3.589979e-01 5.301501e-01
-2.705000e-01 9.450000e-01 -3.589979e-01 5.301501e-01 -2.695000e-01 9.450000e-01 -3.589969e-01 5.301699e-01
-2.695000e-01 9.450000e-01 -3.589969e-01 5.301699e-01 -2.685000e-01 9.450000e-01 -3.589958e-01 5.301911e-01
-2.685000e-01 9.450000e-01 -3.589958e-01 5.301911e-01 -2.675000e-01 9.450000e-01 -3.589946e-01 5.302140e-01
-2.675000e-01 9.450000e-01 -3.589946e-01 5.302140e-01 -2.665000e-01 9.450000e-01 -3.589934e-01 5.302383e-01
-2.665000e-01 9.450000e-01 -3.589934e-01 5.302383e-01 -2.655000e-01 9.450000e-01 -3.589922e-01 5.302642e-01
-2.655000e-01 9.450000e-01 -3.589922e-01 5.302642e-01 -2.645000e-01 9.450000e-01 -3.589908e-01 5.302917e-01
-2.645000e-01 9.450000e-01 -3.589908e-01 5.302917e-01 -2.635000e-01 9.450000e-01 -3.589893e-01 5.303206e-01
-2.635000e-01 9.450000e-01 -3.589893e-01 5.303206e-01 -2.625000e-01 9.450000e-01 -3.589877e-01 5.303511e-01
-2.625000e-01 9.450000e-01 -3.589877e-01 5.303511e-01 -2.615000e-01 9.450000e-01 -3.589860e-01 5.303831e-01
-2.615000e-01 9.450000e-01 -3.589860e-01 5.303831e-01 -2.605000e-01 9.450000e-01 -3.589842e-01 5.304166e-01
-2.605000e-01 9.450000e-01 -3.589842e-01 5.304166e-01 -2.595000e-01 9.450000e-01 -3.589822e-01 5.304517e-01
-2.595000e-01 9.450000e-01 -3.589822e-01 5.304517e-01 -2.585000e-01 9.450000e-01 -3.589801e-01 5.304882e-01
-2.580000e-01 9.445000e-01 -3.589979e-01 5.300374e-01 -2.585000e-01 9.450000e-01 -3.589801e-01 5.304882e-01
