-2.815000e-01 -9.900000e-02 -2.687897e-01 3.526943e-01 -2.820000e-01 -9.850000e-02 -2.687838e-01 3.530639e-01
-2.815000e-01 -9.900000e-02 -2.687897e-01 3.526943e-01 -2.805000e-01 -9.900000e-02 -2.687889e-01 3.527055e-01
-2.805000e-01 -9.900000e-02 -2.687889e-01 3.527055e-01 -2.795000e-01 -9.900000e-02 -2.687883e-01 3.527154e-01
-2.795000e-01 -9.900000e-02 -2.687883e-01 3.527154e-01 -2.785000e-01 -9.900000e-02 -2.687877e-01 3.527238e-01
-2.785000e-01 -9.900000e-02 -2.687877e-01 3.527238e-01 -2.775000e-01 -9.900000e-02 -2.687873e-01 3.527308e-01
-2.775000e-01 -9.900000e-02 -2.687873e-01 3.527308e-01 -2.765000e-01 -9.900000e-02 -2.687869e-01 3.527364e-01
-2.765000e-01 -9.900000e-02 -2.687869e-01 3.527364e-01 -2.755000e-01 -9.900000e-02 -2.687866e-01 3.527406e-01
-2.755000e-01 -9.900000e-02 -2.687866e-01 3.527406e-01 -2.745000e-01 -9.900000e-02 -2.687864e-01 3.527434e-01
-2.745000e-01 -9.900000e-02 -2.687864e-01 3.527434e-01 -2.735000e-01 -9.900000e-02 -2.687862e-01 3.527449e-01
-2.735000e-01 -9.900000e-02 -2.687862e-01 3.527449e-01 -2.725000e-01 -9.900000e-02 -2.687861e-01 3.527449e-01
-2.725000e-01 -9.900000e-02 -2.687861e-01 3.527449e-01 -2.715000e-01 -9.900000e-02 -2.687860e-01 3.527435e-01
-2.715000e-01 -9.900000e-02 -2.687860e-01 3.527435e-01 -2.705000e-01 -9.900000e-02 -2.687860e-01 3.527407e-01
-2.705000e-01 -9.900000e-02 -2.687860e-01 3.527407e-01 -2.695000e-01 -9.900000e-02 -2.687859e-01 3.527365e-01
-2.695000e-01 -9.900000e-02 -2.687859e-01 3.527365e-01 -2.685000e-01 -9.900000e-02 -2.687859e-01 3.527309e-01
-2.685000e-01 -9.900000e-02 -2.687859e-01 3.527309e-01 -2.675000e-01 -9.900000e-02 -2.687859e-01 3.527239e-01
-2.675000e-01 -9.900000e-02 -2.687859e-01 3.527239e-01 -2.665000e-01 -9.900000e-02 -2.687858e-01 3.527155e-01
-2.665000e-01 -9.900000e-02 -2.687858e-01 3.527155e-01 -2.655000e-01 -9.900000e-02 -2.687858e-01 3.527058e-01
-2.655000e-01 -9.900000e-02 -2.687858e-01 3.527058e-01 -2.645000e-01 -9.900000e-02 -2.687857e-01 3.526945e-01
-2.645000e-01 -9.900000e-02 -2.687857e-01 3.526945e-01 -2.635000e-01 -9.900000e-02 -2.687856e-01 3.526820e-01
-2.635000e-01 -9.900000e-02 -2.687856e-01 3.526820e-01 -2.625000e-01 -9.900000e-02 -2.687854e-01 3.526680e-01
-2.625000e-01 -9.900000e-02 -2.687854e-01 3.526680e-01 -2.615000e-01 -9.900000e-02 -2.687851e-01 3.526526e-01
-2.615000e-01 -9.900000e-02 -2.687851e-01 3.526526e-01 -2.605000e-01 -9.900000e-02 -2.687848e-01 3.526358e-01
-2.605000e-01 -9.900000e-02 -2.687848e-01 3.526358e-01 -2.595000e-01 -9.900000e-02 -2.687845e-01 3.526176e-01
-2.595000e-01 -9.900000e-02 -2.687845e-01 3.526176e-01 -2.585000e-01 -9.900000e-02 -2.687840e-01 3.525980e-01
-2.585000e-01 -9.900000e-02 -2.687840e-01 3.525980e-01 -2.575000e-01 -9.900000e-02 -2.687834e-01 3.525770e-01
-2.575000e-01 -9.900000e-02 -2.687834e-01 3.525770e-01 -2.565000e-01 -9.900000e-02 -2.687828e-01 3.525546e-01
-2.565000e-01 -9.900000e-02 -2.687828e-01 3.525546e-01 -2.555000e-01 -9.900000e-02 -2.687820e-01 3.525308e-01
-2.555000e-01 -9.900000e-02 -2.687820e-01 3.525308e-01 -2.545000e-01 -9.900000e-02 -2.687811e-01 3.525057e-01
-2.545000e-01 -9.900000e-02 -2.687811e-01 3.525057e-01 -2.535000e-01 -9.900000e-02 -2.687801e-01 3.524791e-01
-2.535000e-01 -9.900000e-02 -2.687801e-01 3.524791e-01 -2.525000e-01 -9.900000e-02 -2.687789e-01 3.524511e-01
-2.525000e-01 -9.900000e-02 -2.687789e-01 3.524511e-01 -2.515000e-01 -9.900000e-02 -2.687776e-01 3.524217e-01
-2.515000e-01 -9.900000e-02 -2.687776e-01 3.524217e-01 -2.505000e-01 -9.900000e-02 -2.687761e-01 3.523910e-01
-2.505000e-01 -9.900000e-02 -2.687761e-01 3.523910e-01 -2.495000e-01 -9.900000e-02 -2.687745e-01 3.523588e-01
-2.495000e-01 -9.900000e-02 -2.687745e-01 3.523588e-01 -2.485000e-01 -9.900000e-02 -2.687727e-01 3.523253e-01
-2.485000e-01 -9.900000e-02 -2.687727e-01 3.523253e-01 -2.475000e-01 -9.900000e-02 -2.687706e-01 3.522903e-01
-2.475000e-01 -9.900000e-02 -2.687706e-01 3.522903e-01 -2.465000e-01 -9.900000e-02 -2.687684e-01 3.522540e-01
-2.465000e-01 -9.900000e-02 -2.687684e-01 3.522540e-01 -2.455000e-01 -9.900000e-02 -2.687660e-01 3.522163e-01
-2.455000e-01 -9.900000e-02 -2.687660e-01 3.522163e-01 -2.445000e-01 -9.900000e-02 -2.687634e-01 3.521772e-01
-2.445000e-01 -9.900000e-02 -2.687634e-01 3.521772e-01 -2.440000e-01 -9.850000e-02 -2.687822e-01 3.525320e-01
-2.945000e-01 -9.800000e-02 -2.687838e-01 3.531722e-01 -2.950000e-01 -9.750000e-02 -2.687694e-01 3.535320e-01
-2.945000e-01 -9.800000e-02 -2.687838e-01 3.531722e-01 -2.935000e-01 -9.800000e-02 -2.687822e-01 3.532017e-01
-2.935000e-01 -9.800000e-02 -2.687822e-01 3.532017e-01 -2.925000e-01 -9.800000e-02 -2.687807e-01 3.532297e-01
-2.925000e-01 -9.800000e-02 -2.687807e-01 3.532297e-01 -2.915000e-01 -9.800000e-02 -2.687795e-01 3.532563e-01
-2.915000e-01 -9.800000e-02 -2.687795e-01 3.532563e-01 -2.905000e-01 -9.800000e-02 -2.687785e-01 3.532816e-01
-2.905000e-01 -9.800000e-02 -2.687785e-01 3.532816e-01 -2.895000e-01 -9.800000e-02 -2.687777e-01 3.533054e-01
-2.895000e-01 -9.800000e-02 -2.687777e-01 3.533054e-01 -2.885000e-01 -9.800000e-02 -2.687772e-01 3.533279e-01
-2.885000e-01 -9.800000e-02 -2.687772e-01 3.533279e-01 -2.875000e-01 -9.800000e-02 -2.687768e-01 3.533490e-01
-2.875000e-01 -9.800000e-02 -2.687768e-01 3.533490e-01 -2.865000e-01 -9.800000e-02 -2.687765e-01 3.533686e-01
-2.865000e-01 -9.800000e-02 -2.687765e-01 3.533686e-01 -2.855000e-01 -9.800000e-02 -2.687765e-01 3.533869e-01
-2.855000e-01 -9.800000e-02 -2.687765e-01 3.533869e-01 -2.845000e-01 -9.800000e-02 -2.687766e-01 3.534037e-01
-2.845000e-01 -9.800000e-02 -2.687766e-01 3.534037e-01 -2.835000e-01 -9.800000e-02 -2.687768e-01 3.534192e-01
-2.835000e-01 -9.800000e-02 -2.687768e-01 3.534192e-01 -2.825000e-01 -9.800000e-02 -2.687772e-01 3.534333e-01
-2.820000e-01 -9.850000e-02 -2.687838e-01 3.530639e-01 -2.825000e-01 -9.800000e-02 -2.687772e-01 3.534333e-01
-2.440000e-01 -9.850000e-02 -2.687822e-01 3.525320e-01 -2.435000e-01 -9.800000e-02 -2.688018e-01 3.528866e-01
-2.435000e-01 -9.800000e-02 -2.688018e-01 3.528866e-01 -2.425000e-01 -9.800000e-02 -2.688000e-01 3.528446e-01
-2.425000e-01 -9.800000e-02 -2.688000e-01 3.528446e-01 -2.415000e-01 -9.800000e-02 -2.687981e-01 3.528012e-01
-2.415000e-01 -9.800000e-02 -2.687981e-01 3.528012e-01 -2.405000e-01 -9.800000e-02 -2.687959e-01 3.527564e-01
-2.405000e-01 -9.800000e-02 -2.687959e-01 3.527564e-01 -2.395000e-01 -9.800000e-02 -2.687934e-01 3.527103e-01
-2.395000e-01 -9.800000e-02 -2.687934e-01 3.527103e-01 -2.385000e-01 -9.800000e-02 -2.687907e-01 3.526627e-01
-2.385000e-01 -9.800000e-02 -2.687907e-01 3.526627e-01 -2.375000e-01 -9.800000e-02 -2.687877e-01 3.526138e-01
-2.375000e-01 -9.800000e-02 -2.687877e-01 3.526138e-01 -2.365000e-01 -9.800000e-02 -2.687843e-01 3.525635e-01
-2.365000e-01 -9.800000e-02 -2.687843e-01 3.525635e-01 -2.355000e-01 -9.800000e-02 -2.687807e-01 3.525118e-01
-2.355000e-01 -9.800000e-02 -2.687807e-01 3.525118e-01 -2.345000e-01 -9.800000e-02 -2.687768e-01 3.524588e-01
-2.345000e-01 -9.800000e-02 -2.687768e-01 3.524588e-01 -2.335000e-01 -9.800000e-02 -2.687726e-01 3.524043e-01
-2.335000e-01 -9.800000e-02 -2.687726e-01 3.524043e-01 -2.325000e-01 -9.800000e-02 -2.687680e-01 3.523485e-01
-2.325000e-01 -9.800000e-02 -2.687680e-01 3.523485e-01 -2.315000e-01 -9.800000e-02 -2.687631e-01 3.522913e-01
-2.315000e-01 -9.800000e-02 -2.687631e-01 3.522913e-01 -2.310000e-01 -9.750000e-02 -2.687897e-01 3.526359e-01
-3.035000e-01 -9.700000e-02 -2.687682e-01 3.535942e-01 -3.040000e-01 -9.650000e-02 -2.687481e-01 3.539469e-01
-3.035000e-01 -9.700000e-02 -2.687682e-01 3.535942e-01 -3.025000e-01 -9.700000e-02 -2.687654e-01 3.536362e-01
-3.025000e-01 -9.700000e-02 -2.687654e-01 3.536362e-01 -3.015000e-01 -9.700000e-02 -2.687629e-01 3.536769e-01
-3.015000e-01 -9.700000e-02 -2.687629e-01 3.536769e-01 -3.005000e-01 -9.700000e-02 -2.687608e-01 3.537161e-01
-3.005000e-01 -9.700000e-02 -2.687608e-01 3.537161e-01 -2.995000e-01 -9.700000e-02 -2.687589e-01 3.537540e-01
-2.995000e-01 -9.700000e-02 -2.687589e-01 3.537540e-01 -2.985000e-01 -9.700000e-02 -2.687573e-01 3.537905e-01
-2.985000e-01 -9.700000e-02 -2.687573e-01 3.537905e-01 -2.975000e-01 -9.700000e-02 -2.687560e-01 3.538256e-01
-2.975000e-01 -9.700000e-02 -2.687560e-01 3.538256e-01 -2.965000e-01 -9.700000e-02 -2.687550e-01 3.538593e-01
-2.965000e-01 -9.700000e-02 -2.687550e-01 3.538593e-01 -2.955000e-01 -9.700000e-02 -2.687542e-01 3.538916e-01
-2.950000e-01 -9.750000e-02 -2.687694e-01 3.535320e-01 -2.955000e-01 -9.700000e-02 -2.687542e-01 3.538916e-01
-2.310000e-01 -9.750000e-02 -2.687897e-01 3.526359e-01 -2.305000e-01 -9.700000e-02 -2.688172e-01 3.529801e-01
-2.305000e-01 -9.700000e-02 -2.688172e-01 3.529801e-01 -2.295000e-01 -9.700000e-02 -2.688129e-01 3.529200e-01
-2.295000e-01 -9.700000e-02 -2.688129e-01 3.529200e-01 -2.285000e-01 -9.700000e-02 -2.688083e-01 3.528585e-01
-2.285000e-01 -9.700000e-02 -2.688083e-01 3.528585e-01 -2.275000e-01 -9.700000e-02 -2.688034e-01 3.527957e-01
-2.275000e-01 -9.700000e-02 -2.688034e-01 3.527957e-01 -2.265000e-01 -9.700000e-02 -2.687980e-01 3.527315e-01
-2.265000e-01 -9.700000e-02 -2.687980e-01 3.527315e-01 -2.255000e-01 -9.700000e-02 -2.687923e-01 3.526659e-01
-2.255000e-01 -9.700000e-02 -2.687923e-01 3.526659e-01 -2.245000e-01 -9.700000e-02 -2.687861e-01 3.525989e-01
-2.245000e-01 -9.700000e-02 -2.687861e-01 3.525989e-01 -2.235000e-01 -9.700000e-02 -2.687795e-01 3.525306e-01
-2.235000e-01 -9.700000e-02 -2.687795e-01 3.525306e-01 -2.225000e-01 -9.700000e-02 -2.687726e-01 3.524610e-01
-2.225000e-01 -9.700000e-02 -2.687726e-01 3.524610e-01 -2.220000e-01 -9.650000e-02 -2.688044e-01 3.527981e-01
-3.115000e-01 -9.600000e-02 -2.687494e-01 3.539557e-01 -3.120000e-01 -9.550000e-02 -2.687245e-01 3.543020e-01
-3.115000e-01 -9.600000e-02 -2.687494e-01 3.539557e-01 -3.105000e-01 -9.600000e-02 -2.687451e-01 3.540089e-01
-3.105000e-01 -9.600000e-02 -2.687451e-01 3.540089e-01 -3.095000e-01 -9.600000e-02 -2.687412e-01 3.540608e-01
-3.095000e-01 -9.600000e-02 -2.687412e-01 3.540608e-01 -3.085000e-01 -9.600000e-02 -2.687376e-01 3.541113e-01
-3.085000e-01 -9.600000e-02 -2.687376e-01 3.541113e-01 -3.075000e-01 -9.600000e-02 -2.687345e-01 3.541604e-01
-3.075000e-01 -9.600000e-02 -2.687345e-01 3.541604e-01 -3.065000e-01 -9.600000e-02 -2.687317e-01 3.542081e-01
-3.065000e-01 -9.600000e-02 -2.687317e-01 3.542081e-01 -3.055000e-01 -9.600000e-02 -2.687293e-01 3.542544e-01
-3.055000e-01 -9.600000e-02 -2.687293e-01 3.542544e-01 -3.045000e-01 -9.600000e-02 -2.687272e-01 3.542994e-01
-3.040000e-01 -9.650000e-02 -2.687481e-01 3.539469e-01 -3.045000e-01 -9.600000e-02 -2.687272e-01 3.542994e-01
-2.220000e-01 -9.650000e-02 -2.688044e-01 3.527981e-01 -2.215000e-01 -9.600000e-02 -2.688370e-01 3.531350e-01
-2.215000e-01 -9.600000e-02 -2.688370e-01 3.531350e-01 -2.205000e-01 -9.600000e-02 -2.688305e-01 3.530624e-01
-2.205000e-01 -9.600000e-02 -2.688305e-01 3.530624e-01 -2.195000e-01 -9.600000e-02 -2.688235e-01 3.529884e-01
-2.195000e-01 -9.600000e-02 -2.688235e-01 3.529884e-01 -2.185000e-01 -9.600000e-02 -2.688161e-01 3.529131e-01
-2.185000e-01 -9.600000e-02 -2.688161e-01 3.529131e-01 -2.175000e-01 -9.600000e-02 -2.688082e-01 3.528364e-01
-2.175000e-01 -9.600000e-02 -2.688082e-01 3.528364e-01 -2.165000e-01 -9.600000e-02 -2.687999e-01 3.527584e-01
-2.165000e-01 -9.600000e-02 -2.687999e-01 3.527584e-01 -2.155000e-01 -9.600000e-02 -2.687911e-01 3.526791e-01
-2.155000e-01 -9.600000e-02 -2.687911e-01 3.526791e-01 -2.145000e-01 -9.600000e-02 -2.687817e-01 3.525984e-01
-2.145000e-01 -9.600000e-02 -2.687817e-01 3.525984e-01 -2.140000e-01 -9.550000e-02 -2.688179e-01 3.529288e-01
-3.175000e-01 -9.500000e-02 -2.687218e-01 3.543536e-01 -3.180000e-01 -9.450000e-02 -2.686933e-01 3.546949e-01
-3.175000e-01 -9.500000e-02 -2.687218e-01 3.543536e-01 -3.165000e-01 -9.500000e-02 -2.687163e-01 3.544152e-01
-3.165000e-01 -9.500000e-02 -2.687163e-01 3.544152e-01 -3.155000e-01 -9.500000e-02 -2.687113e-01 3.544755e-01
-3.155000e-01 -9.500000e-02 -2.687113e-01 3.544755e-01 -3.145000e-01 -9.500000e-02 -2.687067e-01 3.545344e-01
-3.145000e-01 -9.500000e-02 -2.687067e-01 3.545344e-01 -3.135000e-01 -9.500000e-02 -2.687025e-01 3.545919e-01
-3.135000e-01 -9.500000e-02 -2.687025e-01 3.545919e-01 -3.125000e-01 -9.500000e-02 -2.686987e-01 3.546481e-01
-3.120000e-01 -9.550000e-02 -2.687245e-01 3.543020e-01 -3.125000e-01 -9.500000e-02 -2.686987e-01 3.546481e-01
-2.140000e-01 -9.550000e-02 -2.688179e-01 3.529288e-01 -2.135000e-01 -9.500000e-02 -2.688548e-01 3.532590e-01
-2.135000e-01 -9.500000e-02 -2.688548e-01 3.532590e-01 -2.125000e-01 -9.500000e-02 -2.688458e-01 3.531753e-01
-2.125000e-01 -9.500000e-02 -2.688458e-01 3.531753e-01 -2.115000e-01 -9.500000e-02 -2.688363e-01 3.530903e-01
-2.115000e-01 -9.500000e-02 -2.688363e-01 3.530903e-01 -2.105000e-01 -9.500000e-02 -2.688262e-01 3.530040e-01
-2.105000e-01 -9.500000e-02 -2.688262e-01 3.530040e-01 -2.095000e-01 -9.500000e-02 -2.688156e-01 3.529164e-01
-2.095000e-01 -9.500000e-02 -2.688156e-01 3.529164e-01 -2.085000e-01 -9.500000e-02 -2.688045e-01 3.528274e-01
-2.085000e-01 -9.500000e-02 -2.688045e-01 3.528274e-01 -2.080000e-01 -9.450000e-02 -2.688438e-01 3.531527e-01
-3.235000e-01 -9.400000e-02 -2.686941e-01 3.546995e-01 -3.240000e-01 -9.350000e-02 -2.686622e-01 3.550357e-01
-3.235000e-01 -9.400000e-02 -2.686941e-01 3.546995e-01 -3.225000e-01 -9.400000e-02 -2.686871e-01 3.547695e-01
-3.225000e-01 -9.400000e-02 -2.686871e-01 3.547695e-01 -3.215000e-01 -9.400000e-02 -2.686806e-01 3.548381e-01
-3.215000e-01 -9.400000e-02 -2.686806e-01 3.548381e-01 -3.205000e-01 -9.400000e-02 -2.686745e-01 3.549054e-01
-3.205000e-01 -9.400000e-02 -2.686745e-01 3.549054e-01 -3.195000e-01 -9.400000e-02 -2.686690e-01 3.549714e-01
-3.195000e-01 -9.400000e-02 -2.686690e-01 3.549714e-01 -3.185000e-01 -9.400000e-02 -2.686640e-01 3.550359e-01
-3.180000e-01 -9.450000e-02 -2.686933e-01 3.546949e-01 -3.185000e-01 -9.400000e-02 -2.686640e-01 3.550359e-01
-2.080000e-01 -9.450000e-02 -2.688438e-01 3.531527e-01 -2.075000e-01 -9.400000e-02 -2.688839e-01 3.534776e-01
-2.075000e-01 -9.400000e-02 -2.688839e-01 3.534776e-01 -2.065000e-01 -9.400000e-02 -2.688730e-01 3.533857e-01
-2.065000e-01 -9.400000e-02 -2.688730e-01 3.533857e-01 -2.055000e-01 -9.400000e-02 -2.688615e-01 3.532924e-01
-2.055000e-01 -9.400000e-02 -2.688615e-01 3.532924e-01 -2.045000e-01 -9.400000e-02 -2.688494e-01 3.531978e-01
-2.045000e-01 -9.400000e-02 -2.688494e-01 3.531978e-01 -2.035000e-01 -9.400000e-02 -2.688367e-01 3.531019e-01
-2.035000e-01 -9.400000e-02 -2.688367e-01 3.531019e-01 -2.025000e-01 -9.400000e-02 -2.688234e-01 3.530047e-01
-2.025000e-01 -9.400000e-02 -2.688234e-01 3.530047e-01 -2.020000e-01 -9.350000e-02 -2.688657e-01 3.533248e-01
-3.285000e-01 -9.300000e-02 -2.686595e-01 3.550717e-01 -3.290000e-01 -9.250000e-02 -2.686248e-01 3.554037e-01
-3.285000e-01 -9.300000e-02 -2.686595e-01 3.550717e-01 -3.275000e-01 -9.300000e-02 -2.686512e-01 3.551487e-01
-3.275000e-01 -9.300000e-02 -2.686512e-01 3.551487e-01 -3.265000e-01 -9.300000e-02 -2.686434e-01 3.552244e-01
-3.265000e-01 -9.300000e-02 -2.686434e-01 3.552244e-01 -3.255000e-01 -9.300000e-02 -2.686362e-01 3.552987e-01
-3.255000e-01 -9.300000e-02 -2.686362e-01 3.552987e-01 -3.245000e-01 -9.300000e-02 -2.686295e-01 3.553717e-01
-3.240000e-01 -9.350000e-02 -2.686622e-01 3.550357e-01 -3.245000e-01 -9.300000e-02 -2.686295e-01 3.553717e-01
-2.020000e-01 -9.350000e-02 -2.688657e-01 3.533248e-01 -2.015000e-01 -9.300000e-02 -2.689089e-01 3.536444e-01
-2.015000e-01 -9.300000e-02 -2.689089e-01 3.536444e-01 -2.005000e-01 -9.300000e-02 -2.688957e-01 3.535443e-01
-2.005000e-01 -9.300000e-02 -2.688957e-01 3.535443e-01 -1.995000e-01 -9.300000e-02 -2.688818e-01 3.534428e-01
-1.995000e-01 -9.300000e-02 -2.688818e-01 3.534428e-01 -1.985000e-01 -9.300000e-02 -2.688674e-01 3.533400e-01
-1.985000e-01 -9.300000e-02 -2.688674e-01 3.533400e-01 -1.975000e-01 -9.300000e-02 -2.688522e-01 3.532360e-01
-1.975000e-01 -9.300000e-02 -2.688522e-01 3.532360e-01 -1.970000e-01 -9.250000e-02 -2.688970e-01 3.535515e-01
-3.335000e-01 -9.200000e-02 -2.686253e-01 3.554075e-01 -3.340000e-01 -9.150000e-02 -2.685879e-01 3.557350e-01
-3.335000e-01 -9.200000e-02 -2.686253e-01 3.554075e-01 -3.325000e-01 -9.200000e-02 -2.686154e-01 3.554915e-01
-3.325000e-01 -9.200000e-02 -2.686154e-01 3.554915e-01 -3.315000e-01 -9.200000e-02 -2.686061e-01 3.555741e-01
-3.315000e-01 -9.200000e-02 -2.686061e-01 3.555741e-01 -3.305000e-01 -9.200000e-02 -2.685974e-01 3.556554e-01
-3.305000e-01 -9.200000e-02 -2.685974e-01 3.556554e-01 -3.295000e-01 -9.200000e-02 -2.685893e-01 3.557353e-01
-3.290000e-01 -9.250000e-02 -2.686248e-01 3.554037e-01 -3.295000e-01 -9.200000e-02 -2.685893e-01 3.557353e-01
-1.970000e-01 -9.250000e-02 -2.688970e-01 3.535515e-01 -1.965000e-01 -9.200000e-02 -2.689427e-01 3.538668e-01
-1.965000e-01 -9.200000e-02 -2.689427e-01 3.538668e-01 -1.955000e-01 -9.200000e-02 -2.689275e-01 3.537597e-01
-1.955000e-01 -9.200000e-02 -2.689275e-01 3.537597e-01 -1.945000e-01 -9.200000e-02 -2.689117e-01 3.536514e-01
-1.945000e-01 -9.200000e-02 -2.689117e-01 3.536514e-01 -1.935000e-01 -9.200000e-02 -2.688952e-01 3.535418e-01
-1.935000e-01 -9.200000e-02 -2.688952e-01 3.535418e-01 -1.925000e-01 -9.200000e-02 -2.688780e-01 3.534309e-01
-1.925000e-01 -9.200000e-02 -2.688780e-01 3.534309e-01 -1.920000e-01 -9.150000e-02 -2.689251e-01 3.537420e-01
-3.385000e-01 -9.100000e-02 -2.685926e-01 3.557067e-01 -3.390000e-01 -9.050000e-02 -2.685526e-01 3.560299e-01
-3.385000e-01 -9.100000e-02 -2.685926e-01 3.557067e-01 -3.375000e-01 -9.100000e-02 -2.685809e-01 3.557975e-01
-3.375000e-01 -9.100000e-02 -2.685809e-01 3.557975e-01 -3.365000e-01 -9.100000e-02 -2.685698e-01 3.558871e-01
-3.365000e-01 -9.100000e-02 -2.685698e-01 3.558871e-01 -3.355000e-01 -9.100000e-02 -2.685594e-01 3.559754e-01
-3.355000e-01 -9.100000e-02 -2.685594e-01 3.559754e-01 -3.345000e-01 -9.100000e-02 -2.685497e-01 3.560623e-01
-3.340000e-01 -9.150000e-02 -2.685879e-01 3.557350e-01 -3.345000e-01 -9.100000e-02 -2.685497e-01 3.560623e-01
-1.920000e-01 -9.150000e-02 -2.689251e-01 3.537420e-01 -1.915000e-01 -9.100000e-02 -2.689731e-01 3.540527e-01
-1.915000e-01 -9.100000e-02 -2.689731e-01 3.540527e-01 -1.905000e-01 -9.100000e-02 -2.689558e-01 3.539388e-01
-1.905000e-01 -9.100000e-02 -2.689558e-01 3.539388e-01 -1.895000e-01 -9.100000e-02 -2.689377e-01 3.538237e-01
-1.895000e-01 -9.100000e-02 -2.689377e-01 3.538237e-01 -1.885000e-01 -9.100000e-02 -2.689190e-01 3.537073e-01
-1.885000e-01 -9.100000e-02 -2.689190e-01 3.537073e-01 -1.880000e-01 -9.050000e-02 -2.689680e-01 3.540147e-01
-3.425000e-01 -9.000000e-02 -2.685489e-01 3.560672e-01 -3.430000e-01 -8.950000e-02 -2.685069e-01 3.563867e-01
-3.425000e-01 -9.000000e-02 -2.685489e-01 3.560672e-01 -3.415000e-01 -9.000000e-02 -2.685359e-01 3.561637e-01
-3.415000e-01 -9.000000e-02 -2.685359e-01 3.561637e-01 -3.405000e-01 -9.000000e-02 -2.685235e-01 3.562588e-01
-3.405000e-01 -9.000000e-02 -2.685235e-01 3.562588e-01 -3.395000e-01 -9.000000e-02 -2.685119e-01 3.563527e-01
-3.390000e-01 -9.050000e-02 -2.685526e-01 3.560299e-01 -3.395000e-01 -9.000000e-02 -2.685119e-01 3.563527e-01
-1.880000e-01 -9.050000e-02 -2.689680e-01 3.540147e-01 -1.875000e-01 -9.000000e-02 -2.690179e-01 3.543217e-01
-1.875000e-01 -9.000000e-02 -2.690179e-01 3.543217e-01 -1.865000e-01 -9.000000e-02 -2.689990e-01 3.542024e-01
-1.865000e-01 -9.000000e-02 -2.689990e-01 3.542024e-01 -1.855000e-01 -9.000000e-02 -2.689792e-01 3.540818e-01
-1.855000e-01 -9.000000e-02 -2.689792e-01 3.540818e-01 -1.845000e-01 -9.000000e-02 -2.689587e-01 3.539599e-01
-1.845000e-01 -9.000000e-02 -2.689587e-01 3.539599e-01 -1.835000e-01 -9.000000e-02 -2.689374e-01 3.538367e-01
-1.835000e-01 -9.000000e-02 -2.689374e-01 3.538367e-01 -1.830000e-01 -8.950000e-02 -2.689886e-01 3.541396e-01
-3.465000e-01 -8.900000e-02 -2.685055e-01 3.564037e-01 -3.470000e-01 -8.850000e-02 -2.684614e-01 3.567196e-01
-3.465000e-01 -8.900000e-02 -2.685055e-01 3.564037e-01 -3.455000e-01 -8.900000e-02 -2.684909e-01 3.565058e-01
-3.455000e-01 -8.900000e-02 -2.684909e-01 3.565058e-01 -3.445000e-01 -8.900000e-02 -2.684771e-01 3.566065e-01
-3.445000e-01 -8.900000e-02 -2.684771e-01 3.566065e-01 -3.435000e-01 -8.900000e-02 -2.684640e-01 3.567060e-01
-3.430000e-01 -8.950000e-02 -2.685069e-01 3.563867e-01 -3.435000e-01 -8.900000e-02 -2.684640e-01 3.567060e-01
-1.830000e-01 -8.950000e-02 -2.689886e-01 3.541396e-01 -1.825000e-01 -8.900000e-02 -2.690406e-01 3.544420e-01
-1.825000e-01 -8.900000e-02 -2.690406e-01 3.544420e-01 -1.815000e-01 -8.900000e-02 -2.690190e-01 3.543160e-01
-1.815000e-01 -8.900000e-02 -2.690190e-01 3.543160e-01 -1.805000e-01 -8.900000e-02 -2.689966e-01 3.541887e-01
-1.805000e-01 -8.900000e-02 -2.689966e-01 3.541887e-01 -1.795000e-01 -8.900000e-02 -2.689734e-01 3.540601e-01
-1.795000e-01 -8.900000e-02 -2.689734e-01 3.540601e-01 -1.790000e-01 -8.850000e-02 -2.690263e-01 3.543592e-01
-3.505000e-01 -8.800000e-02 -2.684629e-01 3.567163e-01 -3.510000e-01 -8.750000e-02 -2.684169e-01 3.570286e-01
-3.505000e-01 -8.800000e-02 -2.684629e-01 3.567163e-01 -3.495000e-01 -8.800000e-02 -2.684467e-01 3.568239e-01
-3.495000e-01 -8.800000e-02 -2.684467e-01 3.568239e-01 -3.485000e-01 -8.800000e-02 -2.684313e-01 3.569302e-01
-3.485000e-01 -8.800000e-02 -2.684313e-01 3.569302e-01 -3.475000e-01 -8.800000e-02 -2.684166e-01 3.570352e-01
-3.470000e-01 -8.850000e-02 -2.684614e-01 3.567196e-01 -3.475000e-01 -8.800000e-02 -2.684166e-01 3.570352e-01
-1.790000e-01 -8.850000e-02 -2.690263e-01 3.543592e-01 -1.785000e-01 -8.800000e-02 -2.690800e-01 3.546579e-01
-1.785000e-01 -8.800000e-02 -2.690800e-01 3.546579e-01 -1.775000e-01 -8.800000e-02 -2.690564e-01 3.545264e-01
-1.775000e-01 -8.800000e-02 -2.690564e-01 3.545264e-01 -1.765000e-01 -8.800000e-02 -2.690320e-01 3.543937e-01
-1.765000e-01 -8.800000e-02 -2.690320e-01 3.543937e-01 -1.760000e-01 -8.750000e-02 -2.690863e-01 3.546898e-01
-3.535000e-01 -8.700000e-02 -2.684038e-01 3.571181e-01 -3.540000e-01 -8.650000e-02 -2.683563e-01 3.574275e-01
-3.535000e-01 -8.700000e-02 -2.684038e-01 3.571181e-01 -3.525000e-01 -8.700000e-02 -2.683866e-01 3.572299e-01
-3.525000e-01 -8.700000e-02 -2.683866e-01 3.572299e-01 -3.515000e-01 -8.700000e-02 -2.683701e-01 3.573404e-01
-3.510000e-01 -8.750000e-02 -2.684169e-01 3.570286e-01 -3.515000e-01 -8.700000e-02 -2.683701e-01 3.573404e-01
-1.760000e-01 -8.750000e-02 -2.690863e-01 3.546898e-01 -1.755000e-01 -8.700000e-02 -2.691415e-01 3.549855e-01
-1.755000e-01 -8.700000e-02 -2.691415e-01 3.549855e-01 -1.745000e-01 -8.700000e-02 -2.691166e-01 3.548499e-01
-1.745000e-01 -8.700000e-02 -2.691166e-01 3.548499e-01 -1.735000e-01 -8.700000e-02 -2.690909e-01 3.547131e-01
-1.735000e-01 -8.700000e-02 -2.690909e-01 3.547131e-01 -1.725000e-01 -8.700000e-02 -2.690642e-01 3.545751e-01
-1.725000e-01 -8.700000e-02 -2.690642e-01 3.545751e-01 -1.720000e-01 -8.650000e-02 -2.691201e-01 3.548674e-01
-3.575000e-01 -8.600000e-02 -2.683629e-01 3.573883e-01 -3.580000e-01 -8.550000e-02 -2.683136e-01 3.576940e-01
-3.575000e-01 -8.600000e-02 -2.683629e-01 3.573883e-01 -3.565000e-01 -8.600000e-02 -2.683438e-01 3.575056e-01
-3.565000e-01 -8.600000e-02 -2.683438e-01 3.575056e-01 -3.555000e-01 -8.600000e-02 -2.683254e-01 3.576217e-01
-3.555000e-01 -8.600000e-02 -2.683254e-01 3.576217e-01 -3.545000e-01 -8.600000e-02 -2.683079e-01 3.577364e-01
-3.540000e-01 -8.650000e-02 -2.683563e-01 3.574275e-01 -3.545000e-01 -8.600000e-02 -2.683079e-01 3.577364e-01
-1.720000e-01 -8.650000e-02 -2.691201e-01 3.548674e-01 -1.715000e-01 -8.600000e-02 -2.691769e-01 3.551593e-01
-1.715000e-01 -8.600000e-02 -2.691769e-01 3.551593e-01 -1.705000e-01 -8.600000e-02 -2.691497e-01 3.550184e-01
-1.705000e-01 -8.600000e-02 -2.691497e-01 3.550184e-01 -1.695000e-01 -8.600000e-02 -2.691216e-01 3.548762e-01
-1.695000e-01 -8.600000e-02 -2.691216e-01 3.548762e-01 -1.690000e-01 -8.550000e-02 -2.691788e-01 3.551657e-01
-3.605000e-01 -8.500000e-02 -2.683035e-01 3.577575e-01 -3.610000e-01 -8.450000e-02 -2.682527e-01 3.580603e-01
-3.605000e-01 -8.500000e-02 -2.683035e-01 3.577575e-01 -3.595000e-01 -8.500000e-02 -2.682831e-01 3.578790e-01
-3.595000e-01 -8.500000e-02 -2.682831e-01 3.578790e-01 -3.585000e-01 -8.500000e-02 -2.682635e-01 3.579992e-01
-3.580000e-01 -8.550000e-02 -2.683136e-01 3.576940e-01 -3.585000e-01 -8.500000e-02 -2.682635e-01 3.579992e-01
-1.690000e-01 -8.550000e-02 -2.691788e-01 3.551657e-01 -1.685000e-01 -8.500000e-02 -2.692369e-01 3.554546e-01
-1.685000e-01 -8.500000e-02 -2.692369e-01 3.554546e-01 -1.675000e-01 -8.500000e-02 -2.692082e-01 3.553095e-01
-1.675000e-01 -8.500000e-02 -2.692082e-01 3.553095e-01 -1.665000e-01 -8.500000e-02 -2.691786e-01 3.551633e-01
-1.665000e-01 -8.500000e-02 -2.691786e-01 3.551633e-01 -1.655000e-01 -8.500000e-02 -2.691481e-01 3.550159e-01
-1.655000e-01 -8.500000e-02 -2.691481e-01 3.550159e-01 -1.650000e-01 -8.450000e-02 -2.692067e-01 3.553015e-01
-3.645000e-01 -8.400000e-02 -2.682663e-01 3.579856e-01 -3.650000e-01 -8.350000e-02 -2.682140e-01 3.582846e-01
-3.645000e-01 -8.400000e-02 -2.682663e-01 3.579856e-01 -3.635000e-01 -8.400000e-02 -2.682437e-01 3.581125e-01
-3.635000e-01 -8.400000e-02 -2.682437e-01 3.581125e-01 -3.625000e-01 -8.400000e-02 -2.682220e-01 3.582382e-01
-3.625000e-01 -8.400000e-02 -2.682220e-01 3.582382e-01 -3.615000e-01 -8.400000e-02 -2.682011e-01 3.583625e-01
-3.610000e-01 -8.450000e-02 -2.682527e-01 3.580603e-01 -3.615000e-01 -8.400000e-02 -2.682011e-01 3.583625e-01
-1.650000e-01 -8.450000e-02 -2.692067e-01 3.553015e-01 -1.645000e-01 -8.400000e-02 -2.692661e-01 3.555866e-01
-1.645000e-01 -8.400000e-02 -2.692661e-01 3.555866e-01 -1.635000e-01 -8.400000e-02 -2.692349e-01 3.554363e-01
-1.635000e-01 -8.400000e-02 -2.692349e-01 3.554363e-01 -1.625000e-01 -8.400000e-02 -2.692027e-01 3.552847e-01
-1.625000e-01 -8.400000e-02 -2.692027e-01 3.552847e-01 -1.620000e-01 -8.350000e-02 -2.692625e-01 3.555674e-01
-3.675000e-01 -8.300000e-02 -2.682080e-01 3.583223e-01 -3.680000e-01 -8.250000e-02 -2.681543e-01 3.586183e-01
-3.675000e-01 -8.300000e-02 -2.682080e-01 3.583223e-01 -3.665000e-01 -8.300000e-02 -2.681840e-01 3.584533e-01
-3.665000e-01 -8.300000e-02 -2.681840e-01 3.584533e-01 -3.655000e-01 -8.300000e-02 -2.681608e-01 3.585831e-01
-3.650000e-01 -8.350000e-02 -2.682140e-01 3.582846e-01 -3.655000e-01 -8.300000e-02 -2.681608e-01 3.585831e-01
-1.620000e-01 -8.350000e-02 -2.692625e-01 3.555674e-01 -1.615000e-01 -8.300000e-02 -2.693231e-01 3.558495e-01
-1.615000e-01 -8.300000e-02 -2.693231e-01 3.558495e-01 -1.605000e-01 -8.300000e-02 -2.692902e-01 3.556951e-01
-1.605000e-01 -8.300000e-02 -2.692902e-01 3.556951e-01 -1.595000e-01 -8.300000e-02 -2.692563e-01 3.555396e-01
-1.595000e-01 -8.300000e-02 -2.692563e-01 3.555396e-01 -1.590000e-01 -8.250000e-02 -2.693172e-01 3.558192e-01
-3.705000e-01 -8.200000e-02 -2.681501e-01 3.586447e-01 -3.710000e-01 -8.150000e-02 -2.680952e-01 3.589378e-01
-3.705000e-01 -8.200000e-02 -2.681501e-01 3.586447e-01 -3.695000e-01 -8.200000e-02 -2.681245e-01 3.587799e-01
-3.695000e-01 -8.200000e-02 -2.681245e-01 3.587799e-01 -3.685000e-01 -8.200000e-02 -2.680999e-01 3.589139e-01
-3.680000e-01 -8.250000e-02 -2.681543e-01 3.586183e-01 -3.685000e-01 -8.200000e-02 -2.680999e-01 3.589139e-01
-1.590000e-01 -8.250000e-02 -2.693172e-01 3.558192e-01 -1.585000e-01 -8.200000e-02 -2.693789e-01 3.560983e-01
-1.585000e-01 -8.200000e-02 -2.693789e-01 3.560983e-01 -1.575000e-01 -8.200000e-02 -2.693442e-01 3.559400e-01
-1.575000e-01 -8.200000e-02 -2.693442e-01 3.559400e-01 -1.565000e-01 -8.200000e-02 -2.693085e-01 3.557804e-01
-1.565000e-01 -8.200000e-02 -2.693085e-01 3.557804e-01 -1.560000e-01 -8.150000e-02 -2.693704e-01 3.560570e-01
-3.735000e-01 -8.100000e-02 -2.680929e-01 3.589531e-01 -3.740000e-01 -8.050000e-02 -2.680367e-01 3.592432e-01
-3.735000e-01 -8.100000e-02 -2.680929e-01 3.589531e-01 -3.725000e-01 -8.100000e-02 -2.680656e-01 3.590923e-01
-3.725000e-01 -8.100000e-02 -2.680656e-01 3.590923e-01 -3.715000e-01 -8.100000e-02 -2.680394e-01 3.592304e-01
-3.710000e-01 -8.150000e-02 -2.680952e-01 3.589378e-01 -3.715000e-01 -8.100000e-02 -2.680394e-01 3.592304e-01
-1.560000e-01 -8.150000e-02 -2.693704e-01 3.560570e-01 -1.555000e-01 -8.100000e-02 -2.694332e-01 3.563331e-01
-1.555000e-01 -8.100000e-02 -2.694332e-01 3.563331e-01 -1.545000e-01 -8.100000e-02 -2.693966e-01 3.561708e-01
-1.545000e-01 -8.100000e-02 -2.693966e-01 3.561708e-01 -1.535000e-01 -8.100000e-02 -2.693590e-01 3.560073e-01
-1.535000e-01 -8.100000e-02 -2.693590e-01 3.560073e-01 -1.530000e-01 -8.050000e-02 -2.694220e-01 3.562809e-01
-3.765000e-01 -8.000000e-02 -2.680366e-01 3.592473e-01 -3.770000e-01 -7.950000e-02 -2.679793e-01 3.595343e-01
-3.765000e-01 -8.000000e-02 -2.680366e-01 3.592473e-01 -3.755000e-01 -8.000000e-02 -2.680077e-01 3.593906e-01
-3.755000e-01 -8.000000e-02 -2.680077e-01 3.593906e-01 -3.745000e-01 -8.000000e-02 -2.679797e-01 3.595328e-01
-3.740000e-01 -8.050000e-02 -2.680367e-01 3.592432e-01 -3.745000e-01 -8.000000e-02 -2.679797e-01 3.595328e-01
-1.530000e-01 -8.050000e-02 -2.694220e-01 3.562809e-01 -1.525000e-01 -8.000000e-02 -2.694858e-01 3.565540e-01
-1.525000e-01 -8.000000e-02 -2.694858e-01 3.565540e-01 -1.515000e-01 -8.000000e-02 -2.694472e-01 3.563876e-01
-1.515000e-01 -8.000000e-02 -2.694472e-01 3.563876e-01 -1.505000e-01 -8.000000e-02 -2.694075e-01 3.562202e-01
-1.505000e-01 -8.000000e-02 -2.694075e-01 3.562202e-01 -1.500000e-01 -7.950000e-02 -2.694715e-01 3.564908e-01
-3.795000e-01 -7.900000e-02 -2.679816e-01 3.595273e-01 -3.800000e-01 -7.850000e-02 -2.679232e-01 3.598115e-01
-3.795000e-01 -7.900000e-02 -2.679816e-01 3.595273e-01 -3.785000e-01 -7.900000e-02 -2.679508e-01 3.596747e-01
-3.785000e-01 -7.900000e-02 -2.679508e-01 3.596747e-01 -3.775000e-01 -7.900000e-02 -2.679211e-01 3.598210e-01
-3.770000e-01 -7.950000e-02 -2.679793e-01 3.595343e-01 -3.775000e-01 -7.900000e-02 -2.679211e-01 3.598210e-01
-1.500000e-01 -7.950000e-02 -2.694715e-01 3.564908e-01 -1.495000e-01 -7.900000e-02 -2.695362e-01 3.567608e-01
-1.495000e-01 -7.900000e-02 -2.695362e-01 3.567608e-01 -1.485000e-01 -7.900000e-02 -2.694956e-01 3.565905e-01
-1.485000e-01 -7.900000e-02 -2.694956e-01 3.565905e-01 -1.475000e-01 -7.900000e-02 -2.694538e-01 3.564191e-01
-1.475000e-01 -7.900000e-02 -2.694538e-01 3.564191e-01 -1.470000e-01 -7.850000e-02 -2.695187e-01 3.566867e-01
-3.815000e-01 -7.800000e-02 -2.678955e-01 3.599448e-01 -3.820000e-01 -7.750000e-02 -2.678361e-01 3.602267e-01
-3.815000e-01 -7.800000e-02 -2.678955e-01 3.599448e-01 -3.805000e-01 -7.800000e-02 -2.678639e-01 3.600951e-01
-3.800000e-01 -7.850000e-02 -2.679232e-01 3.598115e-01 -3.805000e-01 -7.800000e-02 -2.678639e-01 3.600951e-01
-1.470000e-01 -7.850000e-02 -2.695187e-01 3.566867e-01 -1.465000e-01 -7.800000e-02 -2.695843e-01 3.569537e-01
-1.465000e-01 -7.800000e-02 -2.695843e-01 3.569537e-01 -1.455000e-01 -7.800000e-02 -2.695415e-01 3.567795e-01
-1.455000e-01 -7.800000e-02 -2.695415e-01 3.567795e-01 -1.445000e-01 -7.800000e-02 -2.694976e-01 3.566043e-01
-1.445000e-01 -7.800000e-02 -2.694976e-01 3.566043e-01 -1.440000e-01 -7.750000e-02 -2.695633e-01 3.568688e-01
-3.845000e-01 -7.700000e-02 -2.678419e-01 3.602008e-01 -3.850000e-01 -7.650000e-02 -2.677815e-01 3.604797e-01
-3.845000e-01 -7.700000e-02 -2.678419e-01 3.602008e-01 -3.835000e-01 -7.700000e-02 -2.678084e-01 3.603551e-01
-3.835000e-01 -7.700000e-02 -2.678084e-01 3.603551e-01 -3.825000e-01 -7.700000e-02 -2.677758e-01 3.605082e-01
-3.820000e-01 -7.750000e-02 -2.678361e-01 3.602267e-01 -3.825000e-01 -7.700000e-02 -2.677758e-01 3.605082e-01
-1.440000e-01 -7.750000e-02 -2.695633e-01 3.568688e-01 -1.435000e-01 -7.700000e-02 -2.696298e-01 3.571328e-01
-1.435000e-01 -7.700000e-02 -2.696298e-01 3.571328e-01 -1.425000e-01 -7.700000e-02 -2.695847e-01 3.569547e-01
-1.425000e-01 -7.700000e-02 -2.695847e-01 3.569547e-01 -1.420000e-01 -7.650000e-02 -2.696512e-01 3.572170e-01
-3.875000e-01 -7.600000e-02 -2.677904e-01 3.604427e-01 -3.880000e-01 -7.550000e-02 -2.677290e-01 3.607186e-01
-3.875000e-01 -7.600000e-02 -2.677904e-01 3.604427e-01 -3.865000e-01 -7.600000e-02 -2.677548e-01 3.606010e-01
-3.865000e-01 -7.600000e-02 -2.677548e-01 3.606010e-01 -3.855000e-01 -7.600000e-02 -2.677202e-01 3.607582e-01
-3.850000e-01 -7.650000e-02 -2.677815e-01 3.604797e-01 -3.855000e-01 -7.600000e-02 -2.677202e-01 3.607582e-01
-1.420000e-01 -7.650000e-02 -2.696512e-01 3.572170e-01 -1.415000e-01 -7.600000e-02 -2.697185e-01 3.574787e-01
-1.415000e-01 -7.600000e-02 -2.697185e-01 3.574787e-01 -1.405000e-01 -7.600000e-02 -2.696723e-01 3.572980e-01
-1.405000e-01 -7.600000e-02 -2.696723e-01 3.572980e-01 -1.395000e-01 -7.600000e-02 -2.696249e-01 3.571161e-01
-1.395000e-01 -7.600000e-02 -2.696249e-01 3.571161e-01 -1.390000e-01 -7.550000e-02 -2.696921e-01 3.573754e-01
-3.895000e-01 -7.500000e-02 -2.677035e-01 3.608329e-01 -3.900000e-01 -7.450000e-02 -2.676412e-01 3.611067e-01
-3.895000e-01 -7.500000e-02 -2.677035e-01 3.608329e-01 -3.885000e-01 -7.500000e-02 -2.676668e-01 3.609940e-01
-3.880000e-01 -7.550000e-02 -2.677290e-01 3.607186e-01 -3.885000e-01 -7.500000e-02 -2.676668e-01 3.609940e-01
-1.390000e-01 -7.550000e-02 -2.696921e-01 3.573754e-01 -1.385000e-01 -7.500000e-02 -2.697601e-01 3.576341e-01
-1.385000e-01 -7.500000e-02 -2.697601e-01 3.576341e-01 -1.375000e-01 -7.500000e-02 -2.697115e-01 3.574495e-01
-1.375000e-01 -7.500000e-02 -2.697115e-01 3.574495e-01 -1.370000e-01 -7.450000e-02 -2.697795e-01 3.577065e-01
-3.925000e-01 -7.400000e-02 -2.676547e-01 3.610508e-01 -3.930000e-01 -7.350000e-02 -2.675916e-01 3.613215e-01
-3.925000e-01 -7.400000e-02 -2.676547e-01 3.610508e-01 -3.915000e-01 -7.400000e-02 -2.676158e-01 3.612159e-01
-3.915000e-01 -7.400000e-02 -2.676158e-01 3.612159e-01 -3.905000e-01 -7.400000e-02 -2.675781e-01 3.613799e-01
-3.900000e-01 -7.450000e-02 -2.676412e-01 3.611067e-01 -3.905000e-01 -7.400000e-02 -2.675781e-01 3.613799e-01
-1.370000e-01 -7.450000e-02 -2.697795e-01 3.577065e-01 -1.365000e-01 -7.400000e-02 -2.698482e-01 3.579630e-01
-1.365000e-01 -7.400000e-02 -2.698482e-01 3.579630e-01 -1.355000e-01 -7.400000e-02 -2.697983e-01 3.577756e-01
-1.355000e-01 -7.400000e-02 -2.697983e-01 3.577756e-01 -1.345000e-01 -7.400000e-02 -2.697472e-01 3.575873e-01
-1.345000e-01 -7.400000e-02 -2.697472e-01 3.575873e-01 -1.340000e-01 -7.350000e-02 -2.698158e-01 3.578413e-01
-3.945000e-01 -7.300000e-02 -2.675676e-01 3.614239e-01 -3.950000e-01 -7.250000e-02 -2.675037e-01 3.616924e-01
-3.945000e-01 -7.300000e-02 -2.675676e-01 3.614239e-01 -3.935000e-01 -7.300000e-02 -2.675276e-01 3.615917e-01
-3.930000e-01 -7.350000e-02 -2.675916e-01 3.613215e-01 -3.935000e-01 -7.300000e-02 -2.675276e-01 3.615917e-01
-1.340000e-01 -7.350000e-02 -2.698158e-01 3.578413e-01 -1.335000e-01 -7.300000e-02 -2.698852e-01 3.580946e-01
-1.335000e-01 -7.300000e-02 -2.698852e-01 3.580946e-01 -1.325000e-01 -7.300000e-02 -2.698328e-01 3.579036e-01
-1.325000e-01 -7.300000e-02 -2.698328e-01 3.579036e-01 -1.320000e-01 -7.250000e-02 -2.699020e-01 3.581554e-01
-3.965000e-01 -7.200000e-02 -2.674801e-01 3.617896e-01 -3.970000e-01 -7.150000e-02 -2.674154e-01 3.620560e-01
-3.965000e-01 -7.200000e-02 -2.674801e-01 3.617896e-01 -3.955000e-01 -7.200000e-02 -2.674390e-01 3.619603e-01
-3.950000e-01 -7.250000e-02 -2.675037e-01 3.616924e-01 -3.955000e-01 -7.200000e-02 -2.674390e-01 3.619603e-01
-1.320000e-01 -7.250000e-02 -2.699020e-01 3.581554e-01 -1.315000e-01 -7.200000e-02 -2.699721e-01 3.584065e-01
-1.315000e-01 -7.200000e-02 -2.699721e-01 3.584065e-01 -1.305000e-01 -7.200000e-02 -2.699183e-01 3.582127e-01
-1.305000e-01 -7.200000e-02 -2.699183e-01 3.582127e-01 -1.295000e-01 -7.200000e-02 -2.698632e-01 3.580179e-01
-1.295000e-01 -7.200000e-02 -2.698632e-01 3.580179e-01 -1.290000e-01 -7.150000e-02 -2.699330e-01 3.582667e-01
-3.995000e-01 -7.100000e-02 -2.674359e-01 3.619737e-01 -4.000000e-01 -7.050000e-02 -2.673705e-01 3.622369e-01
-3.995000e-01 -7.100000e-02 -2.674359e-01 3.619737e-01 -3.985000e-01 -7.100000e-02 -2.673923e-01 3.621482e-01
-3.985000e-01 -7.100000e-02 -2.673923e-01 3.621482e-01 -3.975000e-01 -7.100000e-02 -2.673499e-01 3.623217e-01
-3.970000e-01 -7.150000e-02 -2.674154e-01 3.620560e-01 -3.975000e-01 -7.100000e-02 -2.673499e-01 3.623217e-01
-1.290000e-01 -7.150000e-02 -2.699330e-01 3.582667e-01 -1.285000e-01 -7.100000e-02 -2.700036e-01 3.585148e-01
-1.285000e-01 -7.100000e-02 -2.700036e-01 3.585148e-01 -1.275000e-01 -7.100000e-02 -2.699471e-01 3.583173e-01
-1.275000e-01 -7.100000e-02 -2.699471e-01 3.583173e-01 -1.270000e-01 -7.050000e-02 -2.700174e-01 3.585638e-01
-4.015000e-01 -7.000000e-02 -2.673491e-01 3.623223e-01 -4.020000e-01 -6.950000e-02 -2.672830e-01 3.625834e-01
-4.015000e-01 -7.000000e-02 -2.673491e-01 3.623223e-01 -4.005000e-01 -7.000000e-02 -2.673042e-01 3.624996e-01
-4.000000e-01 -7.050000e-02 -2.673705e-01 3.622369e-01 -4.005000e-01 -7.000000e-02 -2.673042e-01 3.624996e-01
-1.270000e-01 -7.050000e-02 -2.700174e-01 3.585638e-01 -1.265000e-01 -7.000000e-02 -2.700886e-01 3.588096e-01
-1.265000e-01 -7.000000e-02 -2.700886e-01 3.588096e-01 -1.255000e-01 -7.000000e-02 -2.700306e-01 3.586095e-01
-1.255000e-01 -7.000000e-02 -2.700306e-01 3.586095e-01 -1.250000e-01 -6.950000e-02 -2.701016e-01 3.588538e-01
-4.035000e-01 -6.900000e-02 -2.672622e-01 3.626638e-01 -4.040000e-01 -6.850000e-02 -2.671954e-01 3.629225e-01
-4.035000e-01 -6.900000e-02 -2.672622e-01 3.626638e-01 -4.025000e-01 -6.900000e-02 -2.672160e-01 3.628438e-01
-4.020000e-01 -6.950000e-02 -2.672830e-01 3.625834e-01 -4.025000e-01 -6.900000e-02 -2.672160e-01 3.628438e-01
-1.250000e-01 -6.950000e-02 -2.701016e-01 3.588538e-01 -1.245000e-01 -6.900000e-02 -2.701733e-01 3.590974e-01
-1.245000e-01 -6.900000e-02 -2.701733e-01 3.590974e-01 -1.235000e-01 -6.900000e-02 -2.701138e-01 3.588946e-01
-1.235000e-01 -6.900000e-02 -2.701138e-01 3.588946e-01 -1.230000e-01 -6.850000e-02 -2.701852e-01 3.591366e-01
-4.065000e-01 -6.800000e-02 -2.672242e-01 3.628141e-01 -4.070000e-01 -6.750000e-02 -2.671568e-01 3.630699e-01
-4.065000e-01 -6.800000e-02 -2.672242e-01 3.628141e-01 -4.055000e-01 -6.800000e-02 -2.671753e-01 3.629980e-01
-4.055000e-01 -6.800000e-02 -2.671753e-01 3.629980e-01 -4.045000e-01 -6.800000e-02 -2.671277e-01 3.631808e-01
-4.040000e-01 -6.850000e-02 -2.671954e-01 3.629225e-01 -4.045000e-01 -6.800000e-02 -2.671277e-01 3.631808e-01
-1.230000e-01 -6.850000e-02 -2.701852e-01 3.591366e-01 -1.225000e-01 -6.800000e-02 -2.702575e-01 3.593780e-01
-1.225000e-01 -6.800000e-02 -2.702575e-01 3.593780e-01 -1.215000e-01 -6.800000e-02 -2.701964e-01 3.591726e-01
-1.215000e-01 -6.800000e-02 -2.701964e-01 3.591726e-01 -1.205000e-01 -6.800000e-02 -2.701340e-01 3.589663e-01
-1.205000e-01 -6.800000e-02 -2.701340e-01 3.589663e-01 -1.200000e-01 -6.750000e-02 -2.702058e-01 3.592052e-01
-4.085000e-01 -6.700000e-02 -2.671389e-01 3.631385e-01 -4.090000e-01 -6.650000e-02 -2.670708e-01 3.633920e-01
-4.085000e-01 -6.700000e-02 -2.671389e-01 3.631385e-01 -4.075000e-01 -6.700000e-02 -2.670886e-01 3.633250e-01
-4.070000e-01 -6.750000e-02 -2.671568e-01 3.630699e-01 -4.075000e-01 -6.700000e-02 -2.670886e-01 3.633250e-01
-1.200000e-01 -6.750000e-02 -2.702058e-01 3.592052e-01 -1.195000e-01 -6.700000e-02 -2.702784e-01 3.594435e-01
-1.195000e-01 -6.700000e-02 -2.702784e-01 3.594435e-01 -1.185000e-01 -6.700000e-02 -2.702144e-01 3.592346e-01
-1.185000e-01 -6.700000e-02 -2.702144e-01 3.592346e-01 -1.180000e-01 -6.650000e-02 -2.702867e-01 3.594713e-01
-4.105000e-01 -6.600000e-02 -2.670538e-01 3.634556e-01 -4.110000e-01 -6.550000e-02 -2.669851e-01 3.637069e-01
-4.105000e-01 -6.600000e-02 -2.670538e-01 3.634556e-01 -4.095000e-01 -6.600000e-02 -2.670020e-01 3.636449e-01
-4.090000e-01 -6.650000e-02 -2.670708e-01 3.633920e-01 -4.095000e-01 -6.600000e-02 -2.670020e-01 3.636449e-01
-1.180000e-01 -6.650000e-02 -2.702867e-01 3.594713e-01 -1.175000e-01 -6.600000e-02 -2.703597e-01 3.597073e-01
-1.175000e-01 -6.600000e-02 -2.703597e-01 3.597073e-01 -1.165000e-01 -6.600000e-02 -2.702940e-01 3.594958e-01
-1.165000e-01 -6.600000e-02 -2.702940e-01 3.594958e-01 -1.160000e-01 -6.550000e-02 -2.703667e-01 3.597302e-01
-4.125000e-01 -6.500000e-02 -2.669690e-01 3.637656e-01 -4.130000e-01 -6.450000e-02 -2.668999e-01 3.640147e-01
-4.125000e-01 -6.500000e-02 -2.669690e-01 3.637656e-01 -4.115000e-01 -6.500000e-02 -2.669157e-01 3.639576e-01
-4.110000e-01 -6.550000e-02 -2.669851e-01 3.637069e-01 -4.115000e-01 -6.500000e-02 -2.669157e-01 3.639576e-01
-1.160000e-01 -6.550000e-02 -2.703667e-01 3.597302e-01 -1.155000e-01 -6.500000e-02 -2.704402e-01 3.599640e-01
-1.155000e-01 -6.500000e-02 -2.704402e-01 3.599640e-01 -1.145000e-01 -6.500000e-02 -2.703728e-01 3.597500e-01
-1.145000e-01 -6.500000e-02 -2.703728e-01 3.597500e-01 -1.140000e-01 -6.450000e-02 -2.704459e-01 3.599822e-01
-4.145000e-01 -6.400000e-02 -2.668847e-01 3.640684e-01 -4.150000e-01 -6.350000e-02 -2.668150e-01 3.643152e-01
-4.145000e-01 -6.400000e-02 -2.668847e-01 3.640684e-01 -4.135000e-01 -6.400000e-02 -2.668299e-01 3.642630e-01
-4.130000e-01 -6.450000e-02 -2.668999e-01 3.640147e-01 -4.135000e-01 -6.400000e-02 -2.668299e-01 3.642630e-01
-1.140000e-01 -6.450000e-02 -2.704459e-01 3.599822e-01 -1.135000e-01 -6.400000e-02 -2.705198e-01 3.602137e-01
-1.135000e-01 -6.400000e-02 -2.705198e-01 3.602137e-01 -1.125000e-01 -6.400000e-02 -2.704506e-01 3.599971e-01
-1.125000e-01 -6.400000e-02 -2.704506e-01 3.599971e-01 -1.120000e-01 -6.350000e-02 -2.705241e-01 3.602270e-01
-4.165000e-01 -6.300000e-02 -2.668010e-01 3.643641e-01 -4.170000e-01 -6.250000e-02 -2.667308e-01 3.646086e-01
-4.165000e-01 -6.300000e-02 -2.668010e-01 3.643641e-01 -4.155000e-01 -6.300000e-02 -2.667445e-01 3.645613e-01
-4.150000e-01 -6.350000e-02 -2.668150e-01 3.643152e-01 -4.155000e-01 -6.300000e-02 -2.667445e-01 3.645613e-01
-1.120000e-01 -6.350000e-02 -2.705241e-01 3.602270e-01 -1.115000e-01 -6.300000e-02 -2.705984e-01 3.604563e-01
-1.115000e-01 -6.300000e-02 -2.705984e-01 3.604563e-01 -1.105000e-01 -6.300000e-02 -2.705274e-01 3.602371e-01
-1.105000e-01 -6.300000e-02 -2.705274e-01 3.602371e-01 -1.100000e-01 -6.250000e-02 -2.706012e-01 3.604649e-01
-4.185000e-01 -6.200000e-02 -2.667179e-01 3.646526e-01 -4.190000e-01 -6.150000e-02 -2.666472e-01 3.648949e-01
-4.185000e-01 -6.200000e-02 -2.667179e-01 3.646526e-01 -4.175000e-01 -6.200000e-02 -2.666598e-01 3.648525e-01
-4.170000e-01 -6.250000e-02 -2.667308e-01 3.646086e-01 -4.175000e-01 -6.200000e-02 -2.666598e-01 3.648525e-01
-1.100000e-01 -6.250000e-02 -2.706012e-01 3.604649e-01 -1.095000e-01 -6.200000e-02 -2.706758e-01 3.606919e-01
-1.095000e-01 -6.200000e-02 -2.706758e-01 3.606919e-01 -1.085000e-01 -6.200000e-02 -2.706029e-01 3.604702e-01
-1.085000e-01 -6.200000e-02 -2.706029e-01 3.604702e-01 -1.080000e-01 -6.150000e-02 -2.706771e-01 3.606957e-01
-4.205000e-01 -6.100000e-02 -2.666356e-01 3.649340e-01 -4.210000e-01 -6.050000e-02 -2.665645e-01 3.651740e-01
-4.205000e-01 -6.100000e-02 -2.666356e-01 3.649340e-01 -4.195000e-01 -6.100000e-02 -2.665758e-01 3.651365e-01
-4.190000e-01 -6.150000e-02 -2.666472e-01 3.648949e-01 -4.195000e-01 -6.100000e-02 -2.665758e-01 3.651365e-01
-1.080000e-01 -6.150000e-02 -2.706771e-01 3.606957e-01 -1.075000e-01 -6.100000e-02 -2.707520e-01 3.609204e-01
-1.075000e-01 -6.100000e-02 -2.707520e-01 3.609204e-01 -1.065000e-01 -6.100000e-02 -2.706773e-01 3.606963e-01
-1.065000e-01 -6.100000e-02 -2.706773e-01 3.606963e-01 -1.060000e-01 -6.050000e-02 -2.707517e-01 3.609195e-01
-4.225000e-01 -6.000000e-02 -2.665542e-01 3.652082e-01 -4.230000e-01 -5.950000e-02 -2.664826e-01 3.654460e-01
-4.225000e-01 -6.000000e-02 -2.665542e-01 3.652082e-01 -4.215000e-01 -6.000000e-02 -2.664925e-01 3.654134e-01
-4.210000e-01 -6.050000e-02 -2.665645e-01 3.651740e-01 -4.215000e-01 -6.000000e-02 -2.664925e-01 3.654134e-01
-1.060000e-01 -6.050000e-02 -2.707517e-01 3.609195e-01 -1.055000e-01 -6.000000e-02 -2.708269e-01 3.611420e-01
-1.055000e-01 -6.000000e-02 -2.708269e-01 3.611420e-01 -1.045000e-01 -6.000000e-02 -2.707502e-01 3.609154e-01
-1.045000e-01 -6.000000e-02 -2.707502e-01 3.609154e-01 -1.040000e-01 -5.950000e-02 -2.708249e-01 3.611363e-01
-4.245000e-01 -5.900000e-02 -2.664737e-01 3.654754e-01 -4.250000e-01 -5.850000e-02 -2.664017e-01 3.657108e-01
-4.245000e-01 -5.900000e-02 -2.664737e-01 3.654754e-01 -4.235000e-01 -5.900000e-02 -2.664103e-01 3.656831e-01
-4.230000e-01 -5.950000e-02 -2.664826e-01 3.654460e-01 -4.235000e-01 -5.900000e-02 -2.664103e-01 3.656831e-01
-1.040000e-01 -5.950000e-02 -2.708249e-01 3.611363e-01 -1.035000e-01 -5.900000e-02 -2.709004e-01 3.613566e-01
-1.035000e-01 -5.900000e-02 -2.709004e-01 3.613566e-01 -1.025000e-01 -5.900000e-02 -2.708217e-01 3.611275e-01
-1.025000e-01 -5.900000e-02 -2.708217e-01 3.611275e-01 -1.020000e-01 -5.850000e-02 -2.708966e-01 3.613462e-01
-4.265000e-01 -5.800000e-02 -2.663943e-01 3.657354e-01 -4.270000e-01 -5.750000e-02 -2.663220e-01 3.659686e-01
-4.265000e-01 -5.800000e-02 -2.663943e-01 3.657354e-01 -4.255000e-01 -5.800000e-02 -2.663290e-01 3.659457e-01
-4.250000e-01 -5.850000e-02 -2.664017e-01 3.657108e-01 -4.255000e-01 -5.800000e-02 -2.663290e-01 3.659457e-01
-1.020000e-01 -5.850000e-02 -2.708966e-01 3.613462e-01 -1.015000e-01 -5.800000e-02 -2.709723e-01 3.615642e-01
-1.015000e-01 -5.800000e-02 -2.709723e-01 3.615642e-01 -1.005000e-01 -5.800000e-02 -2.708916e-01 3.613327e-01
-1.005000e-01 -5.800000e-02 -2.708916e-01 3.613327e-01 -1.000000e-01 -5.750000e-02 -2.709667e-01 3.615491e-01
-4.285000e-01 -5.700000e-02 -2.663160e-01 3.659884e-01 -4.290000e-01 -5.650000e-02 -2.662434e-01 3.662194e-01
-4.285000e-01 -5.700000e-02 -2.663160e-01 3.659884e-01 -4.275000e-01 -5.700000e-02 -2.662489e-01 3.662012e-01
-4.270000e-01 -5.750000e-02 -2.663220e-01 3.659686e-01 -4.275000e-01 -5.700000e-02 -2.662489e-01 3.662012e-01
-1.000000e-01 -5.750000e-02 -2.709667e-01 3.615491e-01 -9.950000e-02 -5.700000e-02 -2.710426e-01 3.617649e-01
-9.950000e-02 -5.700000e-02 -2.710426e-01 3.617649e-01 -9.900000e-02 -5.650000e-02 -2.711182e-01 3.619799e-01
-4.305000e-01 -5.600000e-02 -2.662390e-01 3.662343e-01 -4.310000e-01 -5.550000e-02 -2.661661e-01 3.664630e-01
-4.305000e-01 -5.600000e-02 -2.662390e-01 3.662343e-01 -4.295000e-01 -5.600000e-02 -2.661700e-01 3.664496e-01
-4.290000e-01 -5.650000e-02 -2.662434e-01 3.662194e-01 -4.295000e-01 -5.600000e-02 -2.661700e-01 3.664496e-01
-9.900000e-02 -5.650000e-02 -2.711182e-01 3.619799e-01 -9.850000e-02 -5.600000e-02 -2.711945e-01 3.621941e-01
-9.850000e-02 -5.600000e-02 -2.711945e-01 3.621941e-01 -9.750000e-02 -5.600000e-02 -2.711111e-01 3.619587e-01
-9.750000e-02 -5.600000e-02 -2.711111e-01 3.619587e-01 -9.700000e-02 -5.550000e-02 -2.711869e-01 3.621714e-01
-4.315000e-01 -5.500000e-02 -2.660924e-01 3.666910e-01 -4.320000e-01 -5.450000e-02 -2.660190e-01 3.669182e-01
-4.310000e-01 -5.550000e-02 -2.661661e-01 3.664630e-01 -4.315000e-01 -5.500000e-02 -2.660924e-01 3.666910e-01
-9.700000e-02 -5.550000e-02 -2.711869e-01 3.621714e-01 -9.650000e-02 -5.500000e-02 -2.712633e-01 3.623834e-01
-9.650000e-02 -5.500000e-02 -2.712633e-01 3.623834e-01 -9.550000e-02 -5.500000e-02 -2.711779e-01 3.621456e-01
-9.550000e-02 -5.500000e-02 -2.711779e-01 3.621456e-01 -9.500000e-02 -5.450000e-02 -2.712537e-01 3.623561e-01
-4.335000e-01 -5.400000e-02 -2.660163e-01 3.669253e-01 -4.340000e-01 -5.350000e-02 -2.659426e-01 3.671503e-01
-4.335000e-01 -5.400000e-02 -2.660163e-01 3.669253e-01 -4.325000e-01 -5.400000e-02 -2.659447e-01 3.671448e-01
-4.320000e-01 -5.450000e-02 -2.660190e-01 3.669182e-01 -4.325000e-01 -5.400000e-02 -2.659447e-01 3.671448e-01
-9.500000e-02 -5.450000e-02 -2.712537e-01 3.623561e-01 -9.450000e-02 -5.400000e-02 -2.713303e-01 3.625658e-01
-9.450000e-02 -5.400000e-02 -2.713303e-01 3.625658e-01 -9.350000e-02 -5.400000e-02 -2.712427e-01 3.623256e-01
-9.350000e-02 -5.400000e-02 -2.712427e-01 3.623256e-01 -9.300000e-02 -5.350000e-02 -2.713186e-01 3.625339e-01
-4.355000e-01 -5.300000e-02 -2.659417e-01 3.671526e-01 -4.360000e-01 -5.250000e-02 -2.658678e-01 3.673753e-01
-4.355000e-01 -5.300000e-02 -2.659417e-01 3.671526e-01 -4.345000e-01 -5.300000e-02 -2.658681e-01 3.673746e-01
-4.340000e-01 -5.350000e-02 -2.659426e-01 3.671503e-01 -4.345000e-01 -5.300000e-02 -2.658681e-01 3.673746e-01
-9.300000e-02 -5.350000e-02 -2.713186e-01 3.625339e-01 -9.250000e-02 -5.300000e-02 -2.713952e-01 3.627413e-01
-9.250000e-02 -5.300000e-02 -2.713952e-01 3.627413e-01 -9.150000e-02 -5.300000e-02 -2.713054e-01 3.624989e-01
-9.150000e-02 -5.300000e-02 -2.713054e-01 3.624989e-01 -9.100000e-02 -5.250000e-02 -2.713814e-01 3.627048e-01
-4.375000e-01 -5.200000e-02 -2.658687e-01 3.673729e-01 -4.380000e-01 -5.150000e-02 -2.657946e-01 3.675933e-01
-4.375000e-01 -5.200000e-02 -2.658687e-01 3.673729e-01 -4.365000e-01 -5.200000e-02 -2.657931e-01 3.675973e-01
-4.360000e-01 -5.250000e-02 -2.658678e-01 3.673753e-01 -4.365000e-01 -5.200000e-02 -2.657931e-01 3.675973e-01
-9.100000e-02 -5.250000e-02 -2.713814e-01 3.627048e-01 -9.050000e-02 -5.200000e-02 -2.714581e-01 3.629101e-01
-9.050000e-02 -5.200000e-02 -2.714581e-01 3.629101e-01 -9.000000e-02 -5.150000e-02 -2.715344e-01 3.631146e-01
-4.385000e-01 -5.100000e-02 -2.657198e-01 3.678130e-01 -4.390000e-01 -5.050000e-02 -2.656452e-01 3.680320e-01
-4.380000e-01 -5.150000e-02 -2.657946e-01 3.675933e-01 -4.385000e-01 -5.100000e-02 -2.657198e-01 3.678130e-01
-9.000000e-02 -5.150000e-02 -2.715344e-01 3.631146e-01 -8.950000e-02 -5.100000e-02 -2.716115e-01 3.633183e-01
-8.950000e-02 -5.100000e-02 -2.716115e-01 3.633183e-01 -8.850000e-02 -5.100000e-02 -2.715187e-01 3.630720e-01
-8.850000e-02 -5.100000e-02 -2.715187e-01 3.630720e-01 -8.800000e-02 -5.050000e-02 -2.715951e-01 3.632742e-01
-4.405000e-01 -5.000000e-02 -2.656483e-01 3.680219e-01 -4.410000e-01 -4.950000e-02 -2.655736e-01 3.682386e-01
-4.405000e-01 -5.000000e-02 -2.656483e-01 3.680219e-01 -4.395000e-01 -5.000000e-02 -2.655699e-01 3.682503e-01
-4.390000e-01 -5.050000e-02 -2.656452e-01 3.680320e-01 -4.395000e-01 -5.000000e-02 -2.655699e-01 3.682503e-01
-8.800000e-02 -5.050000e-02 -2.715951e-01 3.632742e-01 -8.750000e-02 -5.000000e-02 -2.716722e-01 3.634757e-01
-8.750000e-02 -5.000000e-02 -2.716722e-01 3.634757e-01 -8.650000e-02 -5.000000e-02 -2.715771e-01 3.632272e-01
-8.650000e-02 -5.000000e-02 -2.715771e-01 3.632272e-01 -8.600000e-02 -4.950000e-02 -2.716534e-01 3.634272e-01
-4.425000e-01 -4.900000e-02 -2.655787e-01 3.682237e-01 -4.430000e-01 -4.850000e-02 -2.655039e-01 3.684381e-01
-4.425000e-01 -4.900000e-02 -2.655787e-01 3.682237e-01 -4.415000e-01 -4.900000e-02 -2.654981e-01 3.684545e-01
-4.410000e-01 -4.950000e-02 -2.655736e-01 3.682386e-01 -4.415000e-01 -4.900000e-02 -2.654981e-01 3.684545e-01
-8.600000e-02 -4.950000e-02 -2.716534e-01 3.634272e-01 -8.550000e-02 -4.900000e-02 -2.717305e-01 3.636264e-01
-8.550000e-02 -4.900000e-02 -2.717305e-01 3.636264e-01 -8.500000e-02 -4.850000e-02 -2.718071e-01 3.638249e-01
-4.445000e-01 -4.800000e-02 -2.655111e-01 3.684186e-01 -4.450000e-01 -4.750000e-02 -2.654362e-01 3.686307e-01
-4.445000e-01 -4.800000e-02 -2.655111e-01 3.684186e-01 -4.435000e-01 -4.800000e-02 -2.654283e-01 3.686518e-01
-4.430000e-01 -4.850000e-02 -2.655039e-01 3.684381e-01 -4.435000e-01 -4.800000e-02 -2.654283e-01 3.686518e-01
-8.500000e-02 -4.850000e-02 -2.718071e-01 3.638249e-01 -8.450000e-02 -4.800000e-02 -2.718845e-01 3.640227e-01
-8.450000e-02 -4.800000e-02 -2.718845e-01 3.640227e-01 -8.350000e-02 -4.800000e-02 -2.717863e-01 3.637704e-01
-8.350000e-02 -4.800000e-02 -2.717863e-01 3.637704e-01 -8.300000e-02 -4.750000e-02 -2.718629e-01 3.639667e-01
-4.455000e-01 -4.700000e-02 -2.653605e-01 3.688421e-01 -4.460000e-01 -4.650000e-02 -2.652853e-01 3.690528e-01
-4.450000e-01 -4.750000e-02 -2.654362e-01 3.686307e-01 -4.455000e-01 -4.700000e-02 -2.653605e-01 3.688421e-01
-8.300000e-02 -4.750000e-02 -2.718629e-01 3.639667e-01 -8.250000e-02 -4.700000e-02 -2.719402e-01 3.641622e-01
-8.250000e-02 -4.700000e-02 -2.719402e-01 3.641622e-01 -8.150000e-02 -4.700000e-02 -2.718395e-01 3.639077e-01
-8.150000e-02 -4.700000e-02 -2.718395e-01 3.639077e-01 -8.100000e-02 -4.650000e-02 -2.719160e-01 3.641017e-01
-4.475000e-01 -4.600000e-02 -2.652950e-01 3.690257e-01 -4.480000e-01 -4.550000e-02 -2.652197e-01 3.692340e-01
-4.475000e-01 -4.600000e-02 -2.652950e-01 3.690257e-01 -4.465000e-01 -4.600000e-02 -2.652092e-01 3.692627e-01
-4.460000e-01 -4.650000e-02 -2.652853e-01 3.690528e-01 -4.465000e-01 -4.600000e-02 -2.652092e-01 3.692627e-01
-8.100000e-02 -4.650000e-02 -2.719160e-01 3.641017e-01 -8.050000e-02 -4.600000e-02 -2.719932e-01 3.642950e-01
-8.050000e-02 -4.600000e-02 -2.719932e-01 3.642950e-01 -8.000000e-02 -4.550000e-02 -2.720700e-01 3.644876e-01
-4.485000e-01 -4.500000e-02 -2.651436e-01 3.694417e-01 -4.490000e-01 -4.450000e-02 -2.650679e-01 3.696486e-01
-4.480000e-01 -4.550000e-02 -2.652197e-01 3.692340e-01 -4.485000e-01 -4.500000e-02 -2.651436e-01 3.694417e-01
-8.000000e-02 -4.550000e-02 -2.720700e-01 3.644876e-01 -7.950000e-02 -4.500000e-02 -2.721475e-01 3.646793e-01
-7.950000e-02 -4.500000e-02 -2.721475e-01 3.646793e-01 -7.850000e-02 -4.500000e-02 -2.720435e-01 3.644212e-01
-7.850000e-02 -4.500000e-02 -2.720435e-01 3.644212e-01 -7.800000e-02 -4.450000e-02 -2.721202e-01 3.646115e-01
-4.505000e-01 -4.400000e-02 -2.650804e-01 3.696138e-01 -4.510000e-01 -4.350000e-02 -2.650047e-01 3.698184e-01
-4.505000e-01 -4.400000e-02 -2.650804e-01 3.696138e-01 -4.495000e-01 -4.400000e-02 -2.649915e-01 3.698547e-01
-4.490000e-01 -4.450000e-02 -2.650679e-01 3.696486e-01 -4.495000e-01 -4.400000e-02 -2.649915e-01 3.698547e-01
-7.800000e-02 -4.450000e-02 -2.721202e-01 3.646115e-01 -7.750000e-02 -4.400000e-02 -2.721975e-01 3.648011e-01
-7.750000e-02 -4.400000e-02 -2.721975e-01 3.648011e-01 -7.700000e-02 -4.350000e-02 -2.722744e-01 3.649899e-01
-4.525000e-01 -4.300000e-02 -2.650196e-01 3.697790e-01 -4.530000e-01 -4.250000e-02 -2.649439e-01 3.699814e-01
-4.525000e-01 -4.300000e-02 -2.650196e-01 3.697790e-01 -4.515000e-01 -4.300000e-02 -2.649283e-01 3.700223e-01
-4.510000e-01 -4.350000e-02 -2.650047e-01 3.698184e-01 -4.515000e-01 -4.300000e-02 -2.649283e-01 3.700223e-01
-7.700000e-02 -4.350000e-02 -2.722744e-01 3.649899e-01 -7.650000e-02 -4.300000e-02 -2.723520e-01 3.651779e-01
-7.650000e-02 -4.300000e-02 -2.723520e-01 3.651779e-01 -7.550000e-02 -4.300000e-02 -2.722446e-01 3.649162e-01
-7.550000e-02 -4.300000e-02 -2.722446e-01 3.649162e-01 -7.500000e-02 -4.250000e-02 -2.723213e-01 3.651028e-01
-4.535000e-01 -4.200000e-02 -2.648676e-01 3.701830e-01 -4.540000e-01 -4.150000e-02 -2.647917e-01 3.703840e-01
-4.530000e-01 -4.250000e-02 -2.649439e-01 3.699814e-01 -4.535000e-01 -4.200000e-02 -2.648676e-01 3.701830e-01
-7.500000e-02 -4.250000e-02 -2.723213e-01 3.651028e-01 -7.450000e-02 -4.200000e-02 -2.723987e-01 3.652886e-01
-7.450000e-02 -4.200000e-02 -2.723987e-01 3.652886e-01 -7.350000e-02 -4.200000e-02 -2.722887e-01 3.650249e-01
-7.350000e-02 -4.200000e-02 -2.722887e-01 3.650249e-01 -7.300000e-02 -4.150000e-02 -2.723651e-01 3.652093e-01
-4.555000e-01 -4.100000e-02 -2.648095e-01 3.703370e-01 -4.560000e-01 -4.050000e-02 -2.647337e-01 3.705357e-01
-4.555000e-01 -4.100000e-02 -2.648095e-01 3.703370e-01 -4.545000e-01 -4.100000e-02 -2.647150e-01 3.705841e-01
-4.540000e-01 -4.150000e-02 -2.647917e-01 3.703840e-01 -4.545000e-01 -4.100000e-02 -2.647150e-01 3.705841e-01
-7.300000e-02 -4.150000e-02 -2.723651e-01 3.652093e-01 -7.250000e-02 -4.100000e-02 -2.724423e-01 3.653928e-01
-7.250000e-02 -4.100000e-02 -2.724423e-01 3.653928e-01 -7.200000e-02 -4.050000e-02 -2.725189e-01 3.655757e-01
-4.565000e-01 -4.000000e-02 -2.646571e-01 3.707335e-01 -4.570000e-01 -3.950000e-02 -2.645810e-01 3.709307e-01
-4.560000e-01 -4.050000e-02 -2.647337e-01 3.705357e-01 -4.565000e-01 -4.000000e-02 -2.646571e-01 3.707335e-01
-7.200000e-02 -4.050000e-02 -2.725189e-01 3.655757e-01 -7.150000e-02 -4.000000e-02 -2.725963e-01 3.657578e-01
-7.150000e-02 -4.000000e-02 -2.725963e-01 3.657578e-01 -7.050000e-02 -4.000000e-02 -2.724827e-01 3.654905e-01
-7.050000e-02 -4.000000e-02 -2.724827e-01 3.654905e-01 -7.000000e-02 -3.950000e-02 -2.725591e-01 3.656712e-01
-4.585000e-01 -3.900000e-02 -2.646020e-01 3.708763e-01 -4.590000e-01 -3.850000e-02 -2.645260e-01 3.710711e-01
-4.585000e-01 -3.900000e-02 -2.646020e-01 3.708763e-01 -4.575000e-01 -3.900000e-02 -2.645041e-01 3.711270e-01
-4.570000e-01 -3.950000e-02 -2.645810e-01 3.709307e-01 -4.575000e-01 -3.900000e-02 -2.645041e-01 3.711270e-01
-7.000000e-02 -3.950000e-02 -2.725591e-01 3.656712e-01 -6.950000e-02 -3.900000e-02 -2.726362e-01 3.658511e-01
-6.950000e-02 -3.900000e-02 -2.726362e-01 3.658511e-01 -6.900000e-02 -3.850000e-02 -2.727127e-01 3.660303e-01
-4.595000e-01 -3.800000e-02 -2.644493e-01 3.712652e-01 -4.600000e-01 -3.750000e-02 -2.643731e-01 3.714586e-01
-4.590000e-01 -3.850000e-02 -2.645260e-01 3.710711e-01 -4.595000e-01 -3.800000e-02 -2.644493e-01 3.712652e-01
-6.900000e-02 -3.850000e-02 -2.727127e-01 3.660303e-01 -6.850000e-02 -3.800000e-02 -2.727900e-01 3.662087e-01
-6.850000e-02 -3.800000e-02 -2.727900e-01 3.662087e-01 -6.750000e-02 -3.800000e-02 -2.726727e-01 3.659380e-01
-6.750000e-02 -3.800000e-02 -2.726727e-01 3.659380e-01 -6.700000e-02 -3.750000e-02 -2.727489e-01 3.661150e-01
-4.615000e-01 -3.700000e-02 -2.643975e-01 3.713968e-01 -4.620000e-01 -3.650000e-02 -2.643214e-01 3.715879e-01
-4.615000e-01 -3.700000e-02 -2.643975e-01 3.713968e-01 -4.605000e-01 -3.700000e-02 -2.642961e-01 3.716512e-01
-4.600000e-01 -3.750000e-02 -2.643731e-01 3.714586e-01 -4.605000e-01 -3.700000e-02 -2.642961e-01 3.716512e-01
-6.700000e-02 -3.750000e-02 -2.727489e-01 3.661150e-01 -6.650000e-02 -3.700000e-02 -2.728259e-01 3.662912e-01
-6.650000e-02 -3.700000e-02 -2.728259e-01 3.662912e-01 -6.600000e-02 -3.650000e-02 -2.729022e-01 3.664666e-01
-4.625000e-01 -3.600000e-02 -2.642447e-01 3.717782e-01 -4.630000e-01 -3.550000e-02 -2.641684e-01 3.719678e-01
-4.620000e-01 -3.650000e-02 -2.643214e-01 3.715879e-01 -4.625000e-01 -3.600000e-02 -2.642447e-01 3.717782e-01
-6.600000e-02 -3.650000e-02 -2.729022e-01 3.664666e-01 -6.550000e-02 -3.600000e-02 -2.729793e-01 3.666413e-01
-6.550000e-02 -3.600000e-02 -2.729793e-01 3.666413e-01 -6.500000e-02 -3.550000e-02 -2.730558e-01 3.668153e-01
-4.645000e-01 -3.500000e-02 -2.641964e-01 3.718987e-01 -4.650000e-01 -3.450000e-02 -2.641203e-01 3.720861e-01
-4.645000e-01 -3.500000e-02 -2.641964e-01 3.718987e-01 -4.635000e-01 -3.500000e-02 -2.640914e-01 3.721566e-01
-4.630000e-01 -3.550000e-02 -2.641684e-01 3.719678e-01 -4.635000e-01 -3.500000e-02 -2.640914e-01 3.721566e-01
-6.500000e-02 -3.550000e-02 -2.730558e-01 3.668153e-01 -6.450000e-02 -3.500000e-02 -2.731330e-01 3.669884e-01
-6.450000e-02 -3.500000e-02 -2.731330e-01 3.669884e-01 -6.350000e-02 -3.500000e-02 -2.730109e-01 3.667131e-01
-6.350000e-02 -3.500000e-02 -2.730109e-01 3.667131e-01 -6.300000e-02 -3.450000e-02 -2.730870e-01 3.668849e-01
-4.655000e-01 -3.400000e-02 -2.640436e-01 3.722726e-01 -4.660000e-01 -3.350000e-02 -2.639673e-01 3.724585e-01
-4.650000e-01 -3.450000e-02 -2.641203e-01 3.720861e-01 -4.655000e-01 -3.400000e-02 -2.640436e-01 3.722726e-01
-6.300000e-02 -3.450000e-02 -2.730870e-01 3.668849e-01 -6.250000e-02 -3.400000e-02 -2.731638e-01 3.670558e-01
-6.250000e-02 -3.400000e-02 -2.731638e-01 3.670558e-01 -6.200000e-02 -3.350000e-02 -2.732400e-01 3.672261e-01
-4.675000e-01 -3.300000e-02 -2.639990e-01 3.723820e-01 -4.680000e-01 -3.250000e-02 -2.639231e-01 3.725657e-01
-4.675000e-01 -3.300000e-02 -2.639990e-01 3.723820e-01 -4.665000e-01 -3.300000e-02 -2.638904e-01 3.726435e-01
-4.660000e-01 -3.350000e-02 -2.639673e-01 3.724585e-01 -4.665000e-01 -3.300000e-02 -2.638904e-01 3.726435e-01
-6.200000e-02 -3.350000e-02 -2.732400e-01 3.672261e-01 -6.150000e-02 -3.300000e-02 -2.733169e-01 3.673956e-01
-6.150000e-02 -3.300000e-02 -2.733169e-01 3.673956e-01 -6.050000e-02 -3.300000e-02 -2.731909e-01 3.671169e-01
-6.050000e-02 -3.300000e-02 -2.731909e-01 3.671169e-01 -6.000000e-02 -3.250000e-02 -2.732667e-01 3.672851e-01
-4.685000e-01 -3.200000e-02 -2.638465e-01 3.727484e-01 -4.690000e-01 -3.150000e-02 -2.637704e-01 3.729306e-01
-4.680000e-01 -3.250000e-02 -2.639231e-01 3.725657e-01 -4.685000e-01 -3.200000e-02 -2.638465e-01 3.727484e-01
-6.000000e-02 -3.250000e-02 -2.732667e-01 3.672851e-01 -5.950000e-02 -3.200000e-02 -2.733431e-01 3.674524e-01
-5.950000e-02 -3.200000e-02 -2.733431e-01 3.674524e-01 -5.900000e-02 -3.150000e-02 -2.734189e-01 3.676190e-01
-4.695000e-01 -3.100000e-02 -2.636936e-01 3.731119e-01 -4.700000e-01 -3.050000e-02 -2.636173e-01 3.732925e-01
-4.690000e-01 -3.150000e-02 -2.637704e-01 3.729306e-01 -4.695000e-01 -3.100000e-02 -2.636936e-01 3.731119e-01
-5.900000e-02 -3.150000e-02 -2.734189e-01 3.676190e-01 -5.850000e-02 -3.100000e-02 -2.734955e-01 3.677848e-01
-5.850000e-02 -3.100000e-02 -2.734955e-01 3.677848e-01 -5.800000e-02 -3.050000e-02 -2.735714e-01 3.679499e-01
-4.715000e-01 -3.000000e-02 -2.636538e-01 3.732059e-01 -4.720000e-01 -2.950000e-02 -2.635779e-01 3.733842e-01
-4.715000e-01 -3.000000e-02 -2.636538e-01 3.732059e-01 -4.705000e-01 -3.000000e-02 -2.635403e-01 3.734722e-01
-4.700000e-01 -3.050000e-02 -2.636173e-01 3.732925e-01 -4.705000e-01 -3.000000e-02 -2.635403e-01 3.734722e-01
-5.800000e-02 -3.050000e-02 -2.735714e-01 3.679499e-01 -5.750000e-02 -3.000000e-02 -2.736480e-01 3.681142e-01
-5.750000e-02 -3.000000e-02 -2.736480e-01 3.681142e-01 -5.650000e-02 -3.000000e-02 -2.735168e-01 3.678310e-01
-5.650000e-02 -3.000000e-02 -2.735168e-01 3.678310e-01 -5.600000e-02 -2.950000e-02 -2.735922e-01 3.679940e-01
-4.725000e-01 -2.900000e-02 -2.635013e-01 3.735618e-01 -4.730000e-01 -2.850000e-02 -2.634252e-01 3.737387e-01
-4.720000e-01 -2.950000e-02 -2.635779e-01 3.733842e-01 -4.725000e-01 -2.900000e-02 -2.635013e-01 3.735618e-01
-5.600000e-02 -2.950000e-02 -2.735922e-01 3.679940e-01 -5.550000e-02 -2.900000e-02 -2.736682e-01 3.681561e-01
-5.550000e-02 -2.900000e-02 -2.736682e-01 3.681561e-01 -5.500000e-02 -2.850000e-02 -2.737437e-01 3.683176e-01
-4.745000e-01 -2.800000e-02 -2.634659e-01 3.736449e-01 -4.750000e-01 -2.750000e-02 -2.633903e-01 3.738196e-01
-4.745000e-01 -2.800000e-02 -2.634659e-01 3.736449e-01 -4.735000e-01 -2.800000e-02 -2.633485e-01 3.739147e-01
-4.730000e-01 -2.850000e-02 -2.634252e-01 3.737387e-01 -4.735000e-01 -2.800000e-02 -2.633485e-01 3.739147e-01
-5.500000e-02 -2.850000e-02 -2.737437e-01 3.683176e-01 -5.450000e-02 -2.800000e-02 -2.738197e-01 3.684782e-01
-5.450000e-02 -2.800000e-02 -2.738197e-01 3.684782e-01 -5.350000e-02 -2.800000e-02 -2.736844e-01 3.681919e-01
-5.350000e-02 -2.800000e-02 -2.736844e-01 3.681919e-01 -5.300000e-02 -2.750000e-02 -2.737592e-01 3.683513e-01
-4.755000e-01 -2.700000e-02 -2.633140e-01 3.739934e-01 -4.760000e-01 -2.650000e-02 -2.632383e-01 3.741665e-01
-4.750000e-01 -2.750000e-02 -2.633903e-01 3.738196e-01 -4.755000e-01 -2.700000e-02 -2.633140e-01 3.739934e-01
-5.300000e-02 -2.750000e-02 -2.737592e-01 3.683513e-01 -5.250000e-02 -2.700000e-02 -2.738347e-01 3.685097e-01
-5.250000e-02 -2.700000e-02 -2.738347e-01 3.685097e-01 -5.200000e-02 -2.650000e-02 -2.739096e-01 3.686676e-01
-4.765000e-01 -2.600000e-02 -2.631619e-01 3.743388e-01 -4.770000e-01 -2.550000e-02 -2.630861e-01 3.745105e-01
-4.760000e-01 -2.650000e-02 -2.632383e-01 3.741665e-01 -4.765000e-01 -2.600000e-02 -2.631619e-01 3.743388e-01
-5.200000e-02 -2.650000e-02 -2.739096e-01 3.686676e-01 -5.150000e-02 -2.600000e-02 -2.739851e-01 3.688246e-01
-5.150000e-02 -2.600000e-02 -2.739851e-01 3.688246e-01 -5.100000e-02 -2.550000e-02 -2.740600e-01 3.689809e-01
-4.785000e-01 -2.500000e-02 -2.631322e-01 3.744068e-01 -4.790000e-01 -2.450000e-02 -2.630568e-01 3.745762e-01
-4.785000e-01 -2.500000e-02 -2.631322e-01 3.744068e-01 -4.775000e-01 -2.500000e-02 -2.630096e-01 3.746812e-01
-4.770000e-01 -2.550000e-02 -2.630861e-01 3.745105e-01 -4.775000e-01 -2.500000e-02 -2.630096e-01 3.746812e-01
-5.100000e-02 -2.550000e-02 -2.740600e-01 3.689809e-01 -5.050000e-02 -2.500000e-02 -2.741355e-01 3.691364e-01
-5.050000e-02 -2.500000e-02 -2.741355e-01 3.691364e-01 -5.000000e-02 -2.450000e-02 -2.742104e-01 3.692913e-01
-4.795000e-01 -2.400000e-02 -2.629809e-01 3.747448e-01 -4.800000e-01 -2.350000e-02 -2.629055e-01 3.749127e-01
-4.790000e-01 -2.450000e-02 -2.630568e-01 3.745762e-01 -4.795000e-01 -2.400000e-02 -2.629809e-01 3.747448e-01
-5.000000e-02 -2.450000e-02 -2.742104e-01 3.692913e-01 -4.950000e-02 -2.400000e-02 -2.742858e-01 3.694453e-01
-4.950000e-02 -2.400000e-02 -2.742858e-01 3.694453e-01 -4.850000e-02 -2.400000e-02 -2.741437e-01 3.691534e-01
-4.850000e-02 -2.400000e-02 -2.741437e-01 3.691534e-01 -4.800000e-02 -2.350000e-02 -2.742179e-01 3.693062e-01
-4.805000e-01 -2.300000e-02 -2.628294e-01 3.750798e-01 -4.810000e-01 -2.250000e-02 -2.627539e-01 3.752461e-01
-4.800000e-01 -2.350000e-02 -2.629055e-01 3.749127e-01 -4.805000e-01 -2.300000e-02 -2.628294e-01 3.750798e-01
-4.800000e-02 -2.350000e-02 -2.742179e-01 3.693062e-01 -4.750000e-02 -2.300000e-02 -2.742927e-01 3.694580e-01
-4.750000e-02 -2.300000e-02 -2.742927e-01 3.694580e-01 -4.700000e-02 -2.250000e-02 -2.743669e-01 3.696093e-01
-4.825000e-01 -2.200000e-02 -2.628058e-01 3.751327e-01 -4.830000e-01 -2.150000e-02 -2.627310e-01 3.752969e-01
-4.825000e-01 -2.200000e-02 -2.628058e-01 3.751327e-01 -4.815000e-01 -2.200000e-02 -2.626778e-01 3.754117e-01
-4.810000e-01 -2.250000e-02 -2.627539e-01 3.752461e-01 -4.815000e-01 -2.200000e-02 -2.626778e-01 3.754117e-01
-4.700000e-02 -2.250000e-02 -2.743669e-01 3.696093e-01 -4.650000e-02 -2.200000e-02 -2.744416e-01 3.697596e-01
-4.650000e-02 -2.200000e-02 -2.744416e-01 3.697596e-01 -4.600000e-02 -2.150000e-02 -2.745157e-01 3.699094e-01
-4.835000e-01 -2.100000e-02 -2.626554e-01 3.754603e-01 -4.840000e-01 -2.050000e-02 -2.625805e-01 3.756230e-01
-4.830000e-01 -2.150000e-02 -2.627310e-01 3.752969e-01 -4.835000e-01 -2.100000e-02 -2.626554e-01 3.754603e-01
-4.600000e-02 -2.150000e-02 -2.745157e-01 3.699094e-01 -4.550000e-02 -2.100000e-02 -2.745904e-01 3.700582e-01
-4.550000e-02 -2.100000e-02 -2.745904e-01 3.700582e-01 -4.450000e-02 -2.100000e-02 -2.744425e-01 3.697623e-01
-4.450000e-02 -2.100000e-02 -2.744425e-01 3.697623e-01 -4.400000e-02 -2.050000e-02 -2.745159e-01 3.699099e-01
-4.845000e-01 -2.000000e-02 -2.625050e-01 3.757848e-01 -4.850000e-01 -1.950000e-02 -2.624301e-01 3.759460e-01
-4.840000e-01 -2.050000e-02 -2.625805e-01 3.756230e-01 -4.845000e-01 -2.000000e-02 -2.625050e-01 3.757848e-01
-4.400000e-02 -2.050000e-02 -2.745159e-01 3.699099e-01 -4.350000e-02 -2.000000e-02 -2.745899e-01 3.700567e-01
-4.350000e-02 -2.000000e-02 -2.745899e-01 3.700567e-01 -4.300000e-02 -1.950000e-02 -2.746631e-01 3.702029e-01
-4.855000e-01 -1.900000e-02 -2.623545e-01 3.761063e-01 -4.860000e-01 -1.850000e-02 -2.622796e-01 3.762660e-01
-4.850000e-01 -1.950000e-02 -2.624301e-01 3.759460e-01 -4.855000e-01 -1.900000e-02 -2.623545e-01 3.761063e-01
-4.300000e-02 -1.950000e-02 -2.746631e-01 3.702029e-01 -4.250000e-02 -1.900000e-02 -2.747370e-01 3.703481e-01
-4.250000e-02 -1.900000e-02 -2.747370e-01 3.703481e-01 -4.200000e-02 -1.850000e-02 -2.748102e-01 3.704928e-01
-4.875000e-01 -1.800000e-02 -2.623389e-01 3.761401e-01 -4.880000e-01 -1.750000e-02 -2.622646e-01 3.762976e-01
-4.875000e-01 -1.800000e-02 -2.623389e-01 3.761401e-01 -4.865000e-01 -1.800000e-02 -2.622040e-01 3.764248e-01
-4.860000e-01 -1.850000e-02 -2.622796e-01 3.762660e-01 -4.865000e-01 -1.800000e-02 -2.622040e-01 3.764248e-01
-4.200000e-02 -1.850000e-02 -2.748102e-01 3.704928e-01 -4.150000e-02 -1.800000e-02 -2.748840e-01 3.706366e-01
-4.150000e-02 -1.800000e-02 -2.748840e-01 3.706366e-01 -4.100000e-02 -1.750000e-02 -2.749570e-01 3.707799e-01
-4.885000e-01 -1.700000e-02 -2.621897e-01 3.764543e-01 -4.890000e-01 -1.650000e-02 -2.621155e-01 3.766103e-01
-4.880000e-01 -1.750000e-02 -2.622646e-01 3.762976e-01 -4.885000e-01 -1.700000e-02 -2.621897e-01 3.764543e-01
-4.100000e-02 -1.750000e-02 -2.749570e-01 3.707799e-01 -4.050000e-02 -1.700000e-02 -2.750307e-01 3.709221e-01
-4.050000e-02 -1.700000e-02 -2.750307e-01 3.709221e-01 -3.950000e-02 -1.700000e-02 -2.748755e-01 3.706210e-01
-3.950000e-02 -1.700000e-02 -2.748755e-01 3.706210e-01 -3.900000e-02 -1.650000e-02 -2.749477e-01 3.707622e-01
-4.895000e-01 -1.600000e-02 -2.620406e-01 3.767654e-01 -4.900000e-01 -1.550000e-02 -2.619665e-01 3.769199e-01
-4.890000e-01 -1.650000e-02 -2.621155e-01 3.766103e-01 -4.895000e-01 -1.600000e-02 -2.620406e-01 3.767654e-01
-3.900000e-02 -1.650000e-02 -2.749477e-01 3.707622e-01 -3.850000e-02 -1.600000e-02 -2.750205e-01 3.709024e-01
-3.850000e-02 -1.600000e-02 -2.750205e-01 3.709024e-01 -3.800000e-02 -1.550000e-02 -2.750926e-01 3.710421e-01
-4.905000e-01 -1.500000e-02 -2.618917e-01 3.770735e-01 -4.910000e-01 -1.450000e-02 -2.618175e-01 3.772265e-01
-4.900000e-01 -1.550000e-02 -2.619665e-01 3.769199e-01 -4.905000e-01 -1.500000e-02 -2.618917e-01 3.770735e-01
-3.800000e-02 -1.550000e-02 -2.750926e-01 3.710421e-01 -3.750000e-02 -1.500000e-02 -2.751653e-01 3.711808e-01
-3.750000e-02 -1.500000e-02 -2.751653e-01 3.711808e-01 -3.700000e-02 -1.450000e-02 -2.752372e-01 3.713190e-01
-4.925000e-01 -1.400000e-02 -2.618848e-01 3.770884e-01 -4.930000e-01 -1.350000e-02 -2.618114e-01 3.772393e-01
-4.925000e-01 -1.400000e-02 -2.618848e-01 3.770884e-01 -4.915000e-01 -1.400000e-02 -2.617428e-01 3.773786e-01
-4.910000e-01 -1.450000e-02 -2.618175e-01 3.772265e-01 -4.915000e-01 -1.400000e-02 -2.617428e-01 3.773786e-01
-3.700000e-02 -1.450000e-02 -2.752372e-01 3.713190e-01 -3.650000e-02 -1.400000e-02 -2.753098e-01 3.714563e-01
-3.650000e-02 -1.400000e-02 -2.753098e-01 3.714563e-01 -3.600000e-02 -1.350000e-02 -2.753816e-01 3.715930e-01
-4.935000e-01 -1.300000e-02 -2.617374e-01 3.773892e-01 -4.940000e-01 -1.250000e-02 -2.616641e-01 3.775386e-01
-4.930000e-01 -1.350000e-02 -2.618114e-01 3.772393e-01 -4.935000e-01 -1.300000e-02 -2.617374e-01 3.773892e-01
-3.600000e-02 -1.350000e-02 -2.753816e-01 3.715930e-01 -3.550000e-02 -1.300000e-02 -2.754539e-01 3.717288e-01
-3.550000e-02 -1.300000e-02 -2.754539e-01 3.717288e-01 -3.500000e-02 -1.250000e-02 -2.755255e-01 3.718640e-01
-4.945000e-01 -1.200000e-02 -2.615902e-01 3.776870e-01 -4.950000e-01 -1.150000e-02 -2.615170e-01 3.778349e-01
-4.940000e-01 -1.250000e-02 -2.616641e-01 3.775386e-01 -4.945000e-01 -1.200000e-02 -2.615902e-01 3.776870e-01
-3.500000e-02 -1.250000e-02 -2.755255e-01 3.718640e-01 -3.450000e-02 -1.200000e-02 -2.755977e-01 3.719983e-01
-3.450000e-02 -1.200000e-02 -2.755977e-01 3.719983e-01 -3.400000e-02 -1.150000e-02 -2.756691e-01 3.721321e-01
-4.955000e-01 -1.100000e-02 -2.614432e-01 3.779818e-01 -4.960000e-01 -1.050000e-02 -2.613702e-01 3.781282e-01
-4.950000e-01 -1.150000e-02 -2.615170e-01 3.778349e-01 -4.955000e-01 -1.100000e-02 -2.614432e-01 3.779818e-01
-3.400000e-02 -1.150000e-02 -2.756691e-01 3.721321e-01 -3.350000e-02 -1.100000e-02 -2.757410e-01 3.722649e-01
-3.350000e-02 -1.100000e-02 -2.757410e-01 3.722649e-01 -3.250000e-02 -1.100000e-02 -2.755753e-01 3.719567e-01
-3.250000e-02 -1.100000e-02 -2.755753e-01 3.719567e-01 -3.200000e-02 -1.050000e-02 -2.756457e-01 3.720884e-01
-4.965000e-01 -1.000000e-02 -2.612965e-01 3.782736e-01 -4.970000e-01 -9.500000e-03 -2.612235e-01 3.784184e-01
-4.960000e-01 -1.050000e-02 -2.613702e-01 3.781282e-01 -4.965000e-01 -1.000000e-02 -2.612965e-01 3.782736e-01
-3.200000e-02 -1.050000e-02 -2.756457e-01 3.720884e-01 -3.150000e-02 -1.000000e-02 -2.757167e-01 3.722193e-01
-3.150000e-02 -1.000000e-02 -2.757167e-01 3.722193e-01 -3.100000e-02 -9.500000e-03 -2.757870e-01 3.723495e-01
-4.975000e-01 -9.000000e-03 -2.611499e-01 3.785623e-01 -4.980000e-01 -8.500000e-03 -2.610771e-01 3.787057e-01
-4.970000e-01 -9.500000e-03 -2.612235e-01 3.784184e-01 -4.975000e-01 -9.000000e-03 -2.611499e-01 3.785623e-01
-3.100000e-02 -9.500000e-03 -2.757870e-01 3.723495e-01 -3.050000e-02 -9.000000e-03 -2.758577e-01 3.724789e-01
-3.050000e-02 -9.000000e-03 -2.758577e-01 3.724789e-01 -3.000000e-02 -8.500000e-03 -2.759278e-01 3.726077e-01
-4.995000e-01 -8.000000e-03 -2.611561e-01 3.785503e-01 -5.000000e-01 -7.500000e-03 -2.610842e-01 3.786915e-01
-4.995000e-01 -8.000000e-03 -2.611561e-01 3.785503e-01 -4.985000e-01 -8.000000e-03 -2.610037e-01 3.788481e-01
-4.980000e-01 -8.500000e-03 -2.610771e-01 3.787057e-01 -4.985000e-01 -8.000000e-03 -2.610037e-01 3.788481e-01
-3.000000e-02 -8.500000e-03 -2.759278e-01 3.726077e-01 -2.950000e-02 -8.000000e-03 -2.759983e-01 3.727356e-01
-2.950000e-02 -8.000000e-03 -2.759983e-01 3.727356e-01 -2.900000e-02 -7.500000e-03 -2.760680e-01 3.728629e-01
-5.005000e-01 -7.000000e-03 -2.610116e-01 3.788318e-01 -5.010000e-01 -6.500000e-03 -2.609398e-01 3.789716e-01
-5.000000e-01 -7.500000e-03 -2.610842e-01 3.786915e-01 -5.005000e-01 -7.000000e-03 -2.610116e-01 3.788318e-01
-2.900000e-02 -7.500000e-03 -2.760680e-01 3.728629e-01 -2.850000e-02 -7.000000e-03 -2.761383e-01 3.729893e-01
-2.850000e-02 -7.000000e-03 -2.761383e-01 3.729893e-01 -2.800000e-02 -6.500000e-03 -2.762079e-01 3.731152e-01
-5.015000e-01 -6.000000e-03 -2.608675e-01 3.791104e-01 -5.020000e-01 -5.500000e-03 -2.607959e-01 3.792487e-01
-5.010000e-01 -6.500000e-03 -2.609398e-01 3.789716e-01 -5.015000e-01 -6.000000e-03 -2.608675e-01 3.791104e-01
-2.800000e-02 -6.500000e-03 -2.762079e-01 3.731152e-01 -2.750000e-02 -6.000000e-03 -2.762779e-01 3.732402e-01
-2.750000e-02 -6.000000e-03 -2.762779e-01 3.732402e-01 -2.700000e-02 -5.500000e-03 -2.763471e-01 3.733646e-01
-5.025000e-01 -5.000000e-03 -2.607237e-01 3.793860e-01 -5.030000e-01 -4.500000e-03 -2.606523e-01 3.795228e-01
-5.020000e-01 -5.500000e-03 -2.607959e-01 3.792487e-01 -5.025000e-01 -5.000000e-03 -2.607237e-01 3.793860e-01
-2.700000e-02 -5.500000e-03 -2.763471e-01 3.733646e-01 -2.650000e-02 -5.000000e-03 -2.764169e-01 3.734881e-01
-2.650000e-02 -5.000000e-03 -2.764169e-01 3.734881e-01 -2.600000e-02 -4.500000e-03 -2.764858e-01 3.736111e-01
-5.035000e-01 -4.000000e-03 -2.605803e-01 3.796586e-01 -5.040000e-01 -3.500000e-03 -2.605091e-01 3.797938e-01
-5.030000e-01 -4.500000e-03 -2.606523e-01 3.795228e-01 -5.035000e-01 -4.000000e-03 -2.605803e-01 3.796586e-01
-2.600000e-02 -4.500000e-03 -2.764858e-01 3.736111e-01 -2.550000e-02 -4.000000e-03 -2.765553e-01 3.737331e-01
-2.550000e-02 -4.000000e-03 -2.765553e-01 3.737331e-01 -2.450000e-02 -4.000000e-03 -2.763767e-01 3.734172e-01
-2.450000e-02 -4.000000e-03 -2.763767e-01 3.734172e-01 -2.400000e-02 -3.500000e-03 -2.764446e-01 3.735382e-01
-5.045000e-01 -3.000000e-03 -2.604374e-01 3.799282e-01 -5.050000e-01 -2.500000e-03 -2.603664e-01 3.800619e-01
-5.040000e-01 -3.500000e-03 -2.605091e-01 3.797938e-01 -5.045000e-01 -3.000000e-03 -2.604374e-01 3.799282e-01
-2.400000e-02 -3.500000e-03 -2.764446e-01 3.735382e-01 -2.350000e-02 -3.000000e-03 -2.765130e-01 3.736583e-01
-2.350000e-02 -3.000000e-03 -2.765130e-01 3.736583e-01 -2.300000e-02 -2.500000e-03 -2.765805e-01 3.737779e-01
-5.055000e-01 -2.000000e-03 -2.602948e-01 3.801948e-01 -5.060000e-01 -1.500000e-03 -2.602241e-01 3.803271e-01
-5.050000e-01 -2.500000e-03 -2.603664e-01 3.800619e-01 -5.055000e-01 -2.000000e-03 -2.602948e-01 3.801948e-01
-2.300000e-02 -2.500000e-03 -2.765805e-01 3.737779e-01 -2.250000e-02 -2.000000e-03 -2.766485e-01 3.738965e-01
-2.250000e-02 -2.000000e-03 -2.766485e-01 3.738965e-01 -2.200000e-02 -1.500000e-03 -2.767157e-01 3.740147e-01
-5.075000e-01 -1.000000e-03 -2.603177e-01 3.801523e-01 -5.080000e-01 -5.000000e-04 -2.602480e-01 3.802826e-01
-5.075000e-01 -1.000000e-03 -2.603177e-01 3.801523e-01 -5.065000e-01 -1.000000e-03 -2.601528e-01 3.804584e-01
-5.060000e-01 -1.500000e-03 -2.602241e-01 3.803271e-01 -5.065000e-01 -1.000000e-03 -2.601528e-01 3.804584e-01
-2.200000e-02 -1.500000e-03 -2.767157e-01 3.740147e-01 -2.150000e-02 -1.000000e-03 -2.767834e-01 3.741318e-01
-2.150000e-02 -1.000000e-03 -2.767834e-01 3.741318e-01 -2.100000e-02 -5.000000e-04 -2.768503e-01 3.742486e-01
-5.085000e-01 -1.387779e-17 -2.601777e-01 3.804119e-01 -5.090000e-01 5.000000e-04 -2.601083e-01 3.805406e-01
-5.080000e-01 -5.000000e-04 -2.602480e-01 3.802826e-01 -5.085000e-01 -1.387779e-17 -2.601777e-01 3.804119e-01
-2.100000e-02 -5.000000e-04 -2.768503e-01 3.742486e-01 -2.050000e-02 -1.387779e-17 -2.769177e-01 3.743643e-01
-2.050000e-02 -1.387779e-17 -2.769177e-01 3.743643e-01 -2.000000e-02 5.000000e-04 -2.769842e-01 3.744796e-01
-5.095000e-01 1.000000e-03 -2.600383e-01 3.806685e-01 -5.100000e-01 1.500000e-03 -2.599691e-01 3.807958e-01
-5.090000e-01 5.000000e-04 -2.601083e-01 3.805406e-01 -5.095000e-01 1.000000e-03 -2.600383e-01 3.806685e-01
-2.000000e-02 5.000000e-04 -2.769842e-01 3.744796e-01 -1.950000e-02 1.000000e-03 -2.770512e-01 3.745939e-01
-1.950000e-02 1.000000e-03 -2.770512e-01 3.745939e-01 -1.900000e-02 1.500000e-03 -2.771174e-01 3.747077e-01
-5.105000e-01 2.000000e-03 -2.598993e-01 3.809221e-01 -5.110000e-01 2.500000e-03 -2.598304e-01 3.810479e-01
-5.100000e-01 1.500000e-03 -2.599691e-01 3.807958e-01 -5.105000e-01 2.000000e-03 -2.598993e-01 3.809221e-01
-1.900000e-02 1.500000e-03 -2.771174e-01 3.747077e-01 -1.850000e-02 2.000000e-03 -2.771840e-01 3.748206e-01
-1.850000e-02 2.000000e-03 -2.771840e-01 3.748206e-01 -1.800000e-02 2.500000e-03 -2.772498e-01 3.749329e-01
-5.115000e-01 3.000000e-03 -2.597610e-01 3.811728e-01 -5.120000e-01 3.500000e-03 -2.596923e-01 3.812971e-01
-5.110000e-01 2.500000e-03 -2.598304e-01 3.810479e-01 -5.115000e-01 3.000000e-03 -2.597610e-01 3.811728e-01
-1.800000e-02 2.500000e-03 -2.772498e-01 3.749329e-01 -1.750000e-02 3.000000e-03 -2.773160e-01 3.750444e-01
-1.750000e-02 3.000000e-03 -2.773160e-01 3.750444e-01 -1.700000e-02 3.500000e-03 -2.773814e-01 3.751554e-01
-5.125000e-01 4.000000e-03 -2.596232e-01 3.814205e-01 -5.130000e-01 4.500000e-03 -2.595549e-01 3.815434e-01
-5.120000e-01 3.500000e-03 -2.596923e-01 3.812971e-01 -5.125000e-01 4.000000e-03 -2.596232e-01 3.814205e-01
-1.700000e-02 3.500000e-03 -2.773814e-01 3.751554e-01 -1.650000e-02 4.000000e-03 -2.774473e-01 3.752654e-01
-1.650000e-02 4.000000e-03 -2.774473e-01 3.752654e-01 -1.600000e-02 4.500000e-03 -2.775123e-01 3.753749e-01
-5.135000e-01 5.000000e-03 -2.594861e-01 3.816652e-01 -5.140000e-01 5.500000e-03 -2.594181e-01 3.817867e-01
-5.130000e-01 4.500000e-03 -2.595549e-01 3.815434e-01 -5.135000e-01 5.000000e-03 -2.594861e-01 3.816652e-01
-1.600000e-02 4.500000e-03 -2.775123e-01 3.753749e-01 -1.550000e-02 5.000000e-03 -2.775777e-01 3.754835e-01
-1.550000e-02 5.000000e-03 -2.775777e-01 3.754835e-01 -1.500000e-02 5.500000e-03 -2.776423e-01 3.755916e-01
-5.145000e-01 6.000000e-03 -2.593496e-01 3.819071e-01 -5.150000e-01 6.500000e-03 -2.592819e-01 3.820270e-01
-5.140000e-01 5.500000e-03 -2.594181e-01 3.817867e-01 -5.145000e-01 6.000000e-03 -2.593496e-01 3.819071e-01
-1.500000e-02 5.500000e-03 -2.776423e-01 3.755916e-01 -1.450000e-02 6.000000e-03 -2.777074e-01 3.756988e-01
-1.450000e-02 6.000000e-03 -2.777074e-01 3.756988e-01 -1.400000e-02 6.500000e-03 -2.777715e-01 3.758055e-01
-5.155000e-01 7.000000e-03 -2.592138e-01 3.821460e-01 -5.160000e-01 7.500000e-03 -2.591465e-01 3.822644e-01
-5.150000e-01 6.500000e-03 -2.592819e-01 3.820270e-01 -5.155000e-01 7.000000e-03 -2.592138e-01 3.821460e-01
-1.400000e-02 6.500000e-03 -2.777715e-01 3.758055e-01 -1.350000e-02 7.000000e-03 -2.778361e-01 3.759113e-01
-1.350000e-02 7.000000e-03 -2.778361e-01 3.759113e-01 -1.300000e-02 7.500000e-03 -2.778998e-01 3.760166e-01
-5.165000e-01 8.000000e-03 -2.590787e-01 3.823819e-01 -5.170000e-01 8.500000e-03 -2.590118e-01 3.824989e-01
-5.160000e-01 7.500000e-03 -2.591465e-01 3.822644e-01 -5.165000e-01 8.000000e-03 -2.590787e-01 3.823819e-01
-1.300000e-02 7.500000e-03 -2.778998e-01 3.760166e-01 -1.250000e-02 8.000000e-03 -2.779640e-01 3.761209e-01
-1.250000e-02 8.000000e-03 -2.779640e-01 3.761209e-01 -1.200000e-02 8.500000e-03 -2.780273e-01 3.762248e-01
-5.175000e-01 9.000000e-03 -2.589443e-01 3.826150e-01 -5.180000e-01 9.500000e-03 -2.588778e-01 3.827305e-01
-5.170000e-01 8.500000e-03 -2.590118e-01 3.824989e-01 -5.175000e-01 9.000000e-03 -2.589443e-01 3.826150e-01
-1.200000e-02 8.500000e-03 -2.780273e-01 3.762248e-01 -1.150000e-02 9.000000e-03 -2.780910e-01 3.763277e-01
-1.150000e-02 9.000000e-03 -2.780910e-01 3.763277e-01 -1.100000e-02 9.500000e-03 -2.781538e-01 3.764302e-01
-5.185000e-01 1.000000e-02 -2.588107e-01 3.828451e-01 -5.190000e-01 1.050000e-02 -2.587446e-01 3.829592e-01
-5.180000e-01 9.500000e-03 -2.588778e-01 3.827305e-01 -5.185000e-01 1.000000e-02 -2.588107e-01 3.828451e-01
-1.100000e-02 9.500000e-03 -2.781538e-01 3.764302e-01 -1.050000e-02 1.000000e-02 -2.782170e-01 3.765317e-01
-1.050000e-02 1.000000e-02 -2.782170e-01 3.765317e-01 -1.000000e-02 1.050000e-02 -2.782794e-01 3.766328e-01
-5.195000e-01 1.100000e-02 -2.586779e-01 3.830723e-01 -5.200000e-01 1.150000e-02 -2.586121e-01 3.831849e-01
-5.190000e-01 1.050000e-02 -2.587446e-01 3.829592e-01 -5.195000e-01 1.100000e-02 -2.586779e-01 3.830723e-01
-1.000000e-02 1.050000e-02 -2.782794e-01 3.766328e-01 -9.500000e-03 1.100000e-02 -2.783421e-01 3.767328e-01
-9.500000e-03 1.100000e-02 -2.783421e-01 3.767328e-01 -9.000000e-03 1.150000e-02 -2.784040e-01 3.768325e-01
-5.205000e-01 1.200000e-02 -2.585459e-01 3.832965e-01 -5.210000e-01 1.250000e-02 -2.584805e-01 3.834077e-01
-5.200000e-01 1.150000e-02 -2.586121e-01 3.831849e-01 -5.205000e-01 1.200000e-02 -2.585459e-01 3.832965e-01
-9.000000e-03 1.150000e-02 -2.784040e-01 3.768325e-01 -8.500000e-03 1.200000e-02 -2.784662e-01 3.769313e-01
-8.500000e-03 1.200000e-02 -2.784662e-01 3.769313e-01 -8.000000e-03 1.250000e-02 -2.785276e-01 3.770296e-01
-5.215000e-01 1.300000e-02 -2.584147e-01 3.835179e-01 -5.220000e-01 1.350000e-02 -2.583498e-01 3.836277e-01
-5.210000e-01 1.250000e-02 -2.584805e-01 3.834077e-01 -5.215000e-01 1.300000e-02 -2.584147e-01 3.835179e-01
-8.000000e-03 1.250000e-02 -2.785276e-01 3.770296e-01 -7.500000e-03 1.300000e-02 -2.785893e-01 3.771269e-01
-7.500000e-03 1.300000e-02 -2.785893e-01 3.771269e-01 -7.000000e-03 1.350000e-02 -2.786502e-01 3.772238e-01
-5.225000e-01 1.400000e-02 -2.582844e-01 3.837364e-01 -5.230000e-01 1.450000e-02 -2.582198e-01 3.838447e-01
-5.220000e-01 1.350000e-02 -2.583498e-01 3.836277e-01 -5.225000e-01 1.400000e-02 -2.582844e-01 3.837364e-01
-7.000000e-03 1.350000e-02 -2.786502e-01 3.772238e-01 -6.500000e-03 1.400000e-02 -2.787114e-01 3.773197e-01
-6.500000e-03 1.400000e-02 -2.787114e-01 3.773197e-01 -6.000000e-03 1.450000e-02 -2.787717e-01 3.774152e-01
-5.235000e-01 1.500000e-02 -2.581549e-01 3.839520e-01 -5.240000e-01 1.550000e-02 -2.580908e-01 3.840589e-01
-5.230000e-01 1.450000e-02 -2.582198e-01 3.838447e-01 -5.235000e-01 1.500000e-02 -2.581549e-01 3.839520e-01
-6.000000e-03 1.450000e-02 -2.787717e-01 3.774152e-01 -5.500000e-03 1.500000e-02 -2.788324e-01 3.775098e-01
-5.500000e-03 1.500000e-02 -2.788324e-01 3.775098e-01 -5.000000e-03 1.550000e-02 -2.788922e-01 3.776039e-01
-5.245000e-01 1.600000e-02 -2.580263e-01 3.841647e-01 -5.250000e-01 1.650000e-02 -2.579627e-01 3.842702e-01
-5.240000e-01 1.550000e-02 -2.580908e-01 3.840589e-01 -5.245000e-01 1.600000e-02 -2.580263e-01 3.841647e-01
-5.000000e-03 1.550000e-02 -2.788922e-01 3.776039e-01 -4.500000e-03 1.600000e-02 -2.789524e-01 3.776970e-01
-4.500000e-03 1.600000e-02 -2.789524e-01 3.776970e-01 -4.000000e-03 1.650000e-02 -2.790116e-01 3.777898e-01
-5.255000e-01 1.700000e-02 -2.578987e-01 3.843746e-01 -5.260000e-01 1.750000e-02 -2.578355e-01 3.844786e-01
-5.250000e-01 1.650000e-02 -2.579627e-01 3.842702e-01 -5.255000e-01 1.700000e-02 -2.578987e-01 3.843746e-01
-4.000000e-03 1.650000e-02 -2.790116e-01 3.777898e-01 -3.500000e-03 1.700000e-02 -2.790712e-01 3.778816e-01
-3.500000e-03 1.700000e-02 -2.790712e-01 3.778816e-01 -3.000000e-03 1.750000e-02 -2.791299e-01 3.779730e-01
-5.265000e-01 1.800000e-02 -2.577720e-01 3.845816e-01 -5.270000e-01 1.850000e-02 -2.577094e-01 3.846842e-01
-5.260000e-01 1.750000e-02 -2.578355e-01 3.844786e-01 -5.265000e-01 1.800000e-02 -2.577720e-01 3.845816e-01
-3.000000e-03 1.750000e-02 -2.791299e-01 3.779730e-01 -2.500000e-03 1.800000e-02 -2.791889e-01 3.780634e-01
-2.500000e-03 1.800000e-02 -2.791889e-01 3.780634e-01 -2.000000e-03 1.850000e-02 -2.792470e-01 3.781534e-01
-5.275000e-01 1.900000e-02 -2.576463e-01 3.847857e-01 -5.280000e-01 1.950000e-02 -2.575842e-01 3.848869e-01
-5.270000e-01 1.850000e-02 -2.577094e-01 3.846842e-01 -5.275000e-01 1.900000e-02 -2.576463e-01 3.847857e-01
-2.000000e-03 1.850000e-02 -2.792470e-01 3.781534e-01 -1.500000e-03 1.900000e-02 -2.793055e-01 3.782425e-01
-1.500000e-03 1.900000e-02 -2.793055e-01 3.782425e-01 -1.000000e-03 1.950000e-02 -2.793630e-01 3.783312e-01
-5.285000e-01 2.000000e-02 -2.575216e-01 3.849870e-01 -5.290000e-01 2.050000e-02 -2.574600e-01 3.850867e-01
-5.280000e-01 1.950000e-02 -2.575842e-01 3.848869e-01 -5.285000e-01 2.000000e-02 -2.575216e-01 3.849870e-01
-1.000000e-03 1.950000e-02 -2.793630e-01 3.783312e-01 -5.000000e-04 2.000000e-02 -2.794209e-01 3.784188e-01
-5.000000e-04 2.000000e-02 -2.794209e-01 3.784188e-01 2.081668e-17 2.050000e-02 -2.794778e-01 3.785062e-01
-5.295000e-01 2.100000e-02 -2.573980e-01 3.851855e-01 -5.300000e-01 2.150000e-02 -2.573369e-01 3.852838e-01
-5.290000e-01 2.050000e-02 -2.574600e-01 3.850867e-01 -5.295000e-01 2.100000e-02 -2.573980e-01 3.851855e-01
2.081668e-17 2.050000e-02 -2.794778e-01 3.785062e-01 5.000000e-04 2.100000e-02 -2.795350e-01 3.785925e-01
5.000000e-04 2.100000e-02 -2.795350e-01 3.785925e-01 1.000000e-03 2.150000e-02 -2.795914e-01 3.786784e-01
-5.305000e-01 2.200000e-02 -2.572753e-01 3.853811e-01 -5.310000e-01 2.250000e-02 -2.572148e-01 3.854780e-01
-5.300000e-01 2.150000e-02 -2.573369e-01 3.852838e-01 -5.305000e-01 2.200000e-02 -2.572753e-01 3.853811e-01
1.000000e-03 2.150000e-02 -2.795914e-01 3.786784e-01 1.500000e-03 2.200000e-02 -2.796480e-01 3.787634e-01
1.500000e-03 2.200000e-02 -2.796480e-01 3.787634e-01 2.000000e-03 2.250000e-02 -2.797037e-01 3.788480e-01
-5.315000e-01 2.300000e-02 -2.571539e-01 3.855739e-01 -5.320000e-01 2.350000e-02 -2.570938e-01 3.856694e-01
-5.310000e-01 2.250000e-02 -2.572148e-01 3.854780e-01 -5.315000e-01 2.300000e-02 -2.571539e-01 3.855739e-01
2.000000e-03 2.250000e-02 -2.797037e-01 3.788480e-01 2.000000e-03 2.350000e-02 -2.800424e-01 3.793541e-01
-5.325000e-01 2.400000e-02 -2.570334e-01 3.857639e-01 -5.330000e-01 2.450000e-02 -2.569740e-01 3.858580e-01
-5.320000e-01 2.350000e-02 -2.570938e-01 3.856694e-01 -5.325000e-01 2.400000e-02 -2.570334e-01 3.857639e-01
2.000000e-03 2.350000e-02 -2.800424e-01 3.793541e-01 2.500000e-03 2.400000e-02 -2.800988e-01 3.794367e-01
2.500000e-03 2.400000e-02 -2.800988e-01 3.794367e-01 3.000000e-03 2.450000e-02 -2.801542e-01 3.795190e-01
-5.335000e-01 2.500000e-02 -2.569142e-01 3.859511e-01 -5.340000e-01 2.550000e-02 -2.568553e-01 3.860438e-01
-5.330000e-01 2.450000e-02 -2.569740e-01 3.858580e-01 -5.335000e-01 2.500000e-02 -2.569142e-01 3.859511e-01
3.000000e-03 2.450000e-02 -2.801542e-01 3.795190e-01 3.500000e-03 2.500000e-02 -2.802099e-01 3.796003e-01
3.500000e-03 2.500000e-02 -2.802099e-01 3.796003e-01 4.000000e-03 2.550000e-02 -2.802646e-01 3.796812e-01
-5.345000e-01 2.600000e-02 -2.567960e-01 3.861354e-01 -5.350000e-01 2.650000e-02 -2.567377e-01 3.862268e-01
-5.340000e-01 2.550000e-02 -2.568553e-01 3.860438e-01 -5.345000e-01 2.600000e-02 -2.567960e-01 3.861354e-01
4.000000e-03 2.550000e-02 -2.802646e-01 3.796812e-01 4.500000e-03 2.600000e-02 -2.803197e-01 3.797612e-01
4.500000e-03 2.600000e-02 -2.803197e-01 3.797612e-01 5.000000e-03 2.650000e-02 -2.803737e-01 3.798408e-01
-5.355000e-01 2.700000e-02 -2.566791e-01 3.863171e-01 -5.360000e-01 2.750000e-02 -2.566214e-01 3.864070e-01
-5.350000e-01 2.650000e-02 -2.567377e-01 3.862268e-01 -5.355000e-01 2.700000e-02 -2.566791e-01 3.863171e-01
5.000000e-03 2.650000e-02 -2.803737e-01 3.798408e-01 5.500000e-03 2.700000e-02 -2.804281e-01 3.799194e-01
5.500000e-03 2.700000e-02 -2.804281e-01 3.799194e-01 6.000000e-03 2.750000e-02 -2.804815e-01 3.799977e-01
-5.365000e-01 2.800000e-02 -2.565634e-01 3.864959e-01 -5.370000e-01 2.850000e-02 -2.565063e-01 3.865844e-01
-5.360000e-01 2.750000e-02 -2.566214e-01 3.864070e-01 -5.365000e-01 2.800000e-02 -2.565634e-01 3.864959e-01
6.000000e-03 2.750000e-02 -2.804815e-01 3.799977e-01 6.500000e-03 2.800000e-02 -2.805352e-01 3.800750e-01
6.500000e-03 2.800000e-02 -2.805352e-01 3.800750e-01 7.000000e-03 2.850000e-02 -2.805879e-01 3.801520e-01
-5.375000e-01 2.900000e-02 -2.564489e-01 3.866720e-01 -5.380000e-01 2.950000e-02 -2.563924e-01 3.867591e-01
-5.370000e-01 2.850000e-02 -2.565063e-01 3.865844e-01 -5.375000e-01 2.900000e-02 -2.564489e-01 3.866720e-01
7.000000e-03 2.850000e-02 -2.805879e-01 3.801520e-01 7.500000e-03 2.900000e-02 -2.806408e-01 3.802279e-01
7.500000e-03 2.900000e-02 -2.806408e-01 3.802279e-01 8.000000e-03 2.950000e-02 -2.806928e-01 3.803036e-01
-5.380000e-01 2.950000e-02 -2.563924e-01 3.867591e-01 -5.380000e-01 3.050000e-02 -2.560584e-01 3.872655e-01
8.000000e-03 2.950000e-02 -2.806928e-01 3.803036e-01 8.500000e-03 3.000000e-02 -2.807451e-01 3.803783e-01
8.500000e-03 3.000000e-02 -2.807451e-01 3.803783e-01 9.000000e-03 3.050000e-02 -2.807964e-01 3.804526e-01
-5.385000e-01 3.100000e-02 -2.560012e-01 3.873506e-01 -5.390000e-01 3.150000e-02 -2.559451e-01 3.874354e-01
-5.380000e-01 3.050000e-02 -2.560584e-01 3.872655e-01 -5.385000e-01 3.100000e-02 -2.560012e-01 3.873506e-01
9.000000e-03 3.050000e-02 -2.807964e-01 3.804526e-01 9.500000e-03 3.100000e-02 -2.808480e-01 3.805260e-01
9.500000e-03 3.100000e-02 -2.808480e-01 3.805260e-01 1.000000e-02 3.150000e-02 -2.808985e-01 3.805991e-01
-5.395000e-01 3.200000e-02 -2.558886e-01 3.875191e-01 -5.400000e-01 3.250000e-02 -2.558331e-01 3.876025e-01
-5.390000e-01 3.150000e-02 -2.559451e-01 3.874354e-01 -5.395000e-01 3.200000e-02 -2.558886e-01 3.875191e-01
1.000000e-02 3.150000e-02 -2.808985e-01 3.805991e-01 1.000000e-02 3.250000e-02 -2.812429e-01 3.810876e-01
-5.405000e-01 3.300000e-02 -2.557773e-01 3.876849e-01 -5.410000e-01 3.350000e-02 -2.557225e-01 3.877670e-01
-5.400000e-01 3.250000e-02 -2.558331e-01 3.876025e-01 -5.405000e-01 3.300000e-02 -2.557773e-01 3.876849e-01
1.000000e-02 3.250000e-02 -2.812429e-01 3.810876e-01 1.050000e-02 3.300000e-02 -2.812940e-01 3.811586e-01
1.050000e-02 3.300000e-02 -2.812940e-01 3.811586e-01 1.100000e-02 3.350000e-02 -2.813441e-01 3.812294e-01
-5.415000e-01 3.400000e-02 -2.556673e-01 3.878480e-01 -5.420000e-01 3.450000e-02 -2.556132e-01 3.879287e-01
-5.410000e-01 3.350000e-02 -2.557225e-01 3.877670e-01 -5.415000e-01 3.400000e-02 -2.556673e-01 3.878480e-01
1.100000e-02 3.350000e-02 -2.813441e-01 3.812294e-01 1.150000e-02 3.400000e-02 -2.813945e-01 3.812991e-01
1.150000e-02 3.400000e-02 -2.813945e-01 3.812991e-01 1.200000e-02 3.450000e-02 -2.814438e-01 3.813686e-01
-5.425000e-01 3.500000e-02 -2.555587e-01 3.880084e-01 -5.430000e-01 3.550000e-02 -2.555052e-01 3.880878e-01
-5.420000e-01 3.450000e-02 -2.556132e-01 3.879287e-01 -5.425000e-01 3.500000e-02 -2.555587e-01 3.880084e-01
1.200000e-02 3.450000e-02 -2.814438e-01 3.813686e-01 1.250000e-02 3.500000e-02 -2.814934e-01 3.814370e-01
1.250000e-02 3.500000e-02 -2.814934e-01 3.814370e-01 1.300000e-02 3.550000e-02 -2.815419e-01 3.815053e-01
-5.435000e-01 3.600000e-02 -2.554515e-01 3.881661e-01 -5.440000e-01 3.650000e-02 -2.553988e-01 3.882441e-01
-5.430000e-01 3.550000e-02 -2.555052e-01 3.880878e-01 -5.435000e-01 3.600000e-02 -2.554515e-01 3.881661e-01
1.300000e-02 3.550000e-02 -2.815419e-01 3.815053e-01 1.350000e-02 3.600000e-02 -2.815907e-01 3.815724e-01
1.350000e-02 3.600000e-02 -2.815907e-01 3.815724e-01 1.400000e-02 3.650000e-02 -2.816385e-01 3.816394e-01
-5.445000e-01 3.700000e-02 -2.553457e-01 3.883210e-01 -5.450000e-01 3.750000e-02 -2.552937e-01 3.883977e-01
-5.440000e-01 3.650000e-02 -2.553988e-01 3.882441e-01 -5.445000e-01 3.700000e-02 -2.553457e-01 3.883210e-01
1.400000e-02 3.650000e-02 -2.816385e-01 3.816394e-01 1.450000e-02 3.700000e-02 -2.816865e-01 3.817053e-01
1.450000e-02 3.700000e-02 -2.816865e-01 3.817053e-01 1.500000e-02 3.750000e-02 -2.817335e-01 3.817709e-01
-5.450000e-01 3.750000e-02 -2.552937e-01 3.883977e-01 -5.450000e-01 3.850000e-02 -2.549544e-01 3.888883e-01
1.500000e-02 3.750000e-02 -2.817335e-01 3.817709e-01 1.550000e-02 3.800000e-02 -2.817807e-01 3.818356e-01
1.550000e-02 3.800000e-02 -2.817807e-01 3.818356e-01 1.600000e-02 3.850000e-02 -2.818269e-01 3.818999e-01
-5.455000e-01 3.900000e-02 -2.549018e-01 3.889629e-01 -5.460000e-01 3.950000e-02 -2.548502e-01 3.890372e-01
-5.450000e-01 3.850000e-02 -2.549544e-01 3.888883e-01 -5.455000e-01 3.900000e-02 -2.549018e-01 3.889629e-01
1.600000e-02 3.850000e-02 -2.818269e-01 3.818999e-01 1.600000e-02 3.950000e-02 -2.821750e-01 3.823748e-01
-5.465000e-01 4.000000e-02 -2.547983e-01 3.891105e-01 -5.470000e-01 4.050000e-02 -2.547475e-01 3.891835e-01
-5.460000e-01 3.950000e-02 -2.548502e-01 3.890372e-01 -5.465000e-01 4.000000e-02 -2.547983e-01 3.891105e-01
1.600000e-02 3.950000e-02 -2.821750e-01 3.823748e-01 1.650000e-02 4.000000e-02 -2.822217e-01 3.824372e-01
1.650000e-02 4.000000e-02 -2.822217e-01 3.824372e-01 1.700000e-02 4.050000e-02 -2.822672e-01 3.824993e-01
-5.475000e-01 4.100000e-02 -2.546964e-01 3.892554e-01 -5.480000e-01 4.150000e-02 -2.546463e-01 3.893271e-01
-5.470000e-01 4.050000e-02 -2.547475e-01 3.891835e-01 -5.475000e-01 4.100000e-02 -2.546964e-01 3.892554e-01
1.700000e-02 4.050000e-02 -2.822672e-01 3.824993e-01 1.750000e-02 4.100000e-02 -2.823131e-01 3.825604e-01
1.750000e-02 4.100000e-02 -2.823131e-01 3.825604e-01 1.800000e-02 4.150000e-02 -2.823578e-01 3.826213e-01
-5.485000e-01 4.200000e-02 -2.545959e-01 3.893977e-01 -5.490000e-01 4.250000e-02 -2.545466e-01 3.894681e-01
-5.480000e-01 4.150000e-02 -2.546463e-01 3.893271e-01 -5.485000e-01 4.200000e-02 -2.545959e-01 3.893977e-01
1.800000e-02 4.150000e-02 -2.823578e-01 3.826213e-01 1.850000e-02 4.200000e-02 -2.824028e-01 3.826812e-01
1.850000e-02 4.200000e-02 -2.824028e-01 3.826812e-01 1.900000e-02 4.250000e-02 -2.824467e-01 3.827408e-01
-5.495000e-01 4.300000e-02 -2.544971e-01 3.895374e-01 -5.500000e-01 4.350000e-02 -2.544486e-01 3.896064e-01
-5.490000e-01 4.250000e-02 -2.545466e-01 3.894681e-01 -5.495000e-01 4.300000e-02 -2.544971e-01 3.895374e-01
1.900000e-02 4.250000e-02 -2.824467e-01 3.827408e-01 1.950000e-02 4.300000e-02 -2.824908e-01 3.827994e-01
1.950000e-02 4.300000e-02 -2.824908e-01 3.827994e-01 2.000000e-02 4.350000e-02 -2.825338e-01 3.828578e-01
-5.500000e-01 4.350000e-02 -2.544486e-01 3.896064e-01 -5.500000e-01 4.450000e-02 -2.541058e-01 3.900852e-01
2.000000e-02 4.350000e-02 -2.825338e-01 3.828578e-01 2.000000e-02 4.450000e-02 -2.828843e-01 3.833231e-01
-5.505000e-01 4.500000e-02 -2.540568e-01 3.901521e-01 -5.510000e-01 4.550000e-02 -2.540088e-01 3.902189e-01
-5.500000e-01 4.450000e-02 -2.541058e-01 3.900852e-01 -5.505000e-01 4.500000e-02 -2.540568e-01 3.901521e-01
2.000000e-02 4.450000e-02 -2.828843e-01 3.833231e-01 2.050000e-02 4.500000e-02 -2.829278e-01 3.833794e-01
2.050000e-02 4.500000e-02 -2.829278e-01 3.833794e-01 2.100000e-02 4.550000e-02 -2.829701e-01 3.834356e-01
-5.515000e-01 4.600000e-02 -2.539606e-01 3.902845e-01 -5.520000e-01 4.650000e-02 -2.539135e-01 3.903500e-01
-5.510000e-01 4.550000e-02 -2.540088e-01 3.902189e-01 -5.515000e-01 4.600000e-02 -2.539606e-01 3.902845e-01
2.100000e-02 4.550000e-02 -2.829701e-01 3.834356e-01 2.150000e-02 4.600000e-02 -2.830127e-01 3.834907e-01
2.150000e-02 4.600000e-02 -2.830127e-01 3.834907e-01 2.200000e-02 4.650000e-02 -2.830542e-01 3.835457e-01
-5.525000e-01 4.700000e-02 -2.538661e-01 3.904144e-01 -5.530000e-01 4.750000e-02 -2.538198e-01 3.904785e-01
-5.520000e-01 4.650000e-02 -2.539135e-01 3.903500e-01 -5.525000e-01 4.700000e-02 -2.538661e-01 3.904144e-01
2.200000e-02 4.650000e-02 -2.830542e-01 3.835457e-01 2.250000e-02 4.700000e-02 -2.830958e-01 3.835996e-01
2.250000e-02 4.700000e-02 -2.830958e-01 3.835996e-01 2.300000e-02 4.750000e-02 -2.831364e-01 3.836534e-01
-5.535000e-01 4.800000e-02 -2.537732e-01 3.905416e-01 -5.540000e-01 4.850000e-02 -2.537278e-01 3.906044e-01
-5.530000e-01 4.750000e-02 -2.538198e-01 3.904785e-01 -5.535000e-01 4.800000e-02 -2.537732e-01 3.905416e-01
2.300000e-02 4.750000e-02 -2.831364e-01 3.836534e-01 2.350000e-02 4.800000e-02 -2.831772e-01 3.837061e-01
2.350000e-02 4.800000e-02 -2.831772e-01 3.837061e-01 2.400000e-02 4.850000e-02 -2.832168e-01 3.837587e-01
-5.545000e-01 4.900000e-02 -2.536821e-01 3.906663e-01 -5.550000e-01 4.950000e-02 -2.536375e-01 3.907278e-01
-5.540000e-01 4.850000e-02 -2.537278e-01 3.906044e-01 -5.545000e-01 4.900000e-02 -2.536821e-01 3.906663e-01
2.400000e-02 4.850000e-02 -2.832168e-01 3.837587e-01 2.400000e-02 4.950000e-02 -2.835694e-01 3.842142e-01
-5.550000e-01 4.950000e-02 -2.536375e-01 3.907278e-01 -5.550000e-01 5.050000e-02 -2.532917e-01 3.911947e-01
2.400000e-02 4.950000e-02 -2.835694e-01 3.842142e-01 2.450000e-02 5.000000e-02 -2.836093e-01 3.842647e-01
2.450000e-02 5.000000e-02 -2.836093e-01 3.842647e-01 2.500000e-02 5.050000e-02 -2.836483e-01 3.843150e-01
-5.555000e-01 5.100000e-02 -2.532467e-01 3.912542e-01 -5.560000e-01 5.150000e-02 -2.532027e-01 3.913135e-01
-5.550000e-01 5.050000e-02 -2.532917e-01 3.911947e-01 -5.555000e-01 5.100000e-02 -2.532467e-01 3.912542e-01
2.500000e-02 5.050000e-02 -2.836483e-01 3.843150e-01 2.550000e-02 5.100000e-02 -2.836874e-01 3.843644e-01
2.550000e-02 5.100000e-02 -2.836874e-01 3.843644e-01 2.600000e-02 5.150000e-02 -2.837253e-01 3.844135e-01
-5.565000e-01 5.200000e-02 -2.531586e-01 3.913717e-01 -5.570000e-01 5.250000e-02 -2.531155e-01 3.914298e-01
-5.560000e-01 5.150000e-02 -2.532027e-01 3.913135e-01 -5.565000e-01 5.200000e-02 -2.531586e-01 3.913717e-01
2.600000e-02 5.150000e-02 -2.837253e-01 3.844135e-01 2.650000e-02 5.200000e-02 -2.837634e-01 3.844616e-01
2.650000e-02 5.200000e-02 -2.837634e-01 3.844616e-01 2.700000e-02 5.250000e-02 -2.838004e-01 3.845096e-01
-5.575000e-01 5.300000e-02 -2.530722e-01 3.914867e-01 -5.580000e-01 5.350000e-02 -2.530300e-01 3.915435e-01
-5.570000e-01 5.250000e-02 -2.531155e-01 3.914298e-01 -5.575000e-01 5.300000e-02 -2.530722e-01 3.914867e-01
2.700000e-02 5.250000e-02 -2.838004e-01 3.845096e-01 2.700000e-02 5.350000e-02 -2.841544e-01 3.849575e-01
-5.585000e-01 5.400000e-02 -2.529877e-01 3.915993e-01 -5.590000e-01 5.450000e-02 -2.529464e-01 3.916548e-01
-5.580000e-01 5.350000e-02 -2.530300e-01 3.915435e-01 -5.585000e-01 5.400000e-02 -2.529877e-01 3.915993e-01
2.700000e-02 5.350000e-02 -2.841544e-01 3.849575e-01 2.750000e-02 5.400000e-02 -2.841917e-01 3.850034e-01
2.750000e-02 5.400000e-02 -2.841917e-01 3.850034e-01 2.800000e-02 5.450000e-02 -2.842279e-01 3.850492e-01
-5.590000e-01 5.450000e-02 -2.529464e-01 3.916548e-01 -5.590000e-01 5.550000e-02 -2.525984e-01 3.921118e-01
2.800000e-02 5.450000e-02 -2.842279e-01 3.850492e-01 2.850000e-02 5.500000e-02 -2.842642e-01 3.850940e-01
2.850000e-02 5.500000e-02 -2.842642e-01 3.850940e-01 2.900000e-02 5.550000e-02 -2.842994e-01 3.851386e-01
-5.595000e-01 5.600000e-02 -2.525568e-01 3.921652e-01 -5.600000e-01 5.650000e-02 -2.525162e-01 3.922185e-01
-5.590000e-01 5.550000e-02 -2.525984e-01 3.921118e-01 -5.595000e-01 5.600000e-02 -2.525568e-01 3.921652e-01
2.900000e-02 5.550000e-02 -2.842994e-01 3.851386e-01 2.950000e-02 5.600000e-02 -2.843348e-01 3.851822e-01
2.950000e-02 5.600000e-02 -2.843348e-01 3.851822e-01 3.000000e-02 5.650000e-02 -2.843690e-01 3.852257e-01
-5.605000e-01 5.700000e-02 -2.524755e-01 3.922707e-01 -5.610000e-01 5.750000e-02 -2.524360e-01 3.923228e-01
-5.600000e-01 5.650000e-02 -2.525162e-01 3.922185e-01 -5.605000e-01 5.700000e-02 -2.524755e-01 3.922707e-01
3.000000e-02 5.650000e-02 -2.843690e-01 3.852257e-01 3.000000e-02 5.750000e-02 -2.847243e-01 3.856659e-01
-5.615000e-01 5.800000e-02 -2.523962e-01 3.923738e-01 -5.620000e-01 5.850000e-02 -2.523576e-01 3.924246e-01
-5.610000e-01 5.750000e-02 -2.524360e-01 3.923228e-01 -5.615000e-01 5.800000e-02 -2.523962e-01 3.923738e-01
3.000000e-02 5.750000e-02 -2.847243e-01 3.856659e-01 3.050000e-02 5.800000e-02 -2.847587e-01 3.857073e-01
3.050000e-02 5.800000e-02 -2.847587e-01 3.857073e-01 3.100000e-02 5.850000e-02 -2.847920e-01 3.857486e-01
-5.620000e-01 5.850000e-02 -2.523576e-01 3.924246e-01 -5.620000e-01 5.950000e-02 -2.520080e-01 3.928738e-01
3.100000e-02 5.850000e-02 -2.847920e-01 3.857486e-01 3.150000e-02 5.900000e-02 -2.848254e-01 3.857889e-01
3.150000e-02 5.900000e-02 -2.848254e-01 3.857889e-01 3.200000e-02 5.950000e-02 -2.848577e-01 3.858291e-01
-5.625000e-01 6.000000e-02 -2.519690e-01 3.929225e-01 -5.630000e-01 6.050000e-02 -2.519312e-01 3.929711e-01
-5.620000e-01 5.950000e-02 -2.520080e-01 3.928738e-01 -5.625000e-01 6.000000e-02 -2.519690e-01 3.929225e-01
3.200000e-02 5.950000e-02 -2.848577e-01 3.858291e-01 3.250000e-02 6.000000e-02 -2.848901e-01 3.858683e-01
3.250000e-02 6.000000e-02 -2.848901e-01 3.858683e-01 3.300000e-02 6.050000e-02 -2.849213e-01 3.859074e-01
-5.635000e-01 6.100000e-02 -2.518932e-01 3.930186e-01 -5.640000e-01 6.150000e-02 -2.518564e-01 3.930660e-01
-5.630000e-01 6.050000e-02 -2.519312e-01 3.929711e-01 -5.635000e-01 6.100000e-02 -2.518932e-01 3.930186e-01
3.300000e-02 6.050000e-02 -2.849213e-01 3.859074e-01 3.300000e-02 6.150000e-02 -2.852778e-01 3.863399e-01
-5.645000e-01 6.200000e-02 -2.518195e-01 3.931123e-01 -5.650000e-01 6.250000e-02 -2.517836e-01 3.931585e-01
-5.640000e-01 6.150000e-02 -2.518564e-01 3.930660e-01 -5.645000e-01 6.200000e-02 -2.518195e-01 3.931123e-01
3.300000e-02 6.150000e-02 -2.852778e-01 3.863399e-01 3.350000e-02 6.200000e-02 -2.853092e-01 3.863769e-01
3.350000e-02 6.200000e-02 -2.853092e-01 3.863769e-01 3.400000e-02 6.250000e-02 -2.853395e-01 3.864138e-01
-5.650000e-01 6.250000e-02 -2.517836e-01 3.931585e-01 -5.650000e-01 6.350000e-02 -2.514325e-01 3.935998e-01
3.400000e-02 6.250000e-02 -2.853395e-01 3.864138e-01 3.450000e-02 6.300000e-02 -2.853699e-01 3.864497e-01
3.450000e-02 6.300000e-02 -2.853699e-01 3.864497e-01 3.500000e-02 6.350000e-02 -2.853991e-01 3.864856e-01
-5.655000e-01 6.400000e-02 -2.513965e-01 3.936439e-01 -5.660000e-01 6.450000e-02 -2.513615e-01 3.936879e-01
-5.650000e-01 6.350000e-02 -2.514325e-01 3.935998e-01 -5.655000e-01 6.400000e-02 -2.513965e-01 3.936439e-01
3.500000e-02 6.350000e-02 -2.853991e-01 3.864856e-01 3.550000e-02 6.400000e-02 -2.854284e-01 3.865204e-01
3.550000e-02 6.400000e-02 -2.854284e-01 3.865204e-01 3.600000e-02 6.450000e-02 -2.854565e-01 3.865551e-01
-5.665000e-01 6.500000e-02 -2.513264e-01 3.937308e-01 -5.670000e-01 6.550000e-02 -2.512925e-01 3.937736e-01
-5.660000e-01 6.450000e-02 -2.513615e-01 3.936879e-01 -5.665000e-01 6.500000e-02 -2.513264e-01 3.937308e-01
3.600000e-02 6.450000e-02 -2.854565e-01 3.865551e-01 3.600000e-02 6.550000e-02 -2.858139e-01 3.869799e-01
-5.675000e-01 6.600000e-02 -2.512585e-01 3.938153e-01 -5.680000e-01 6.650000e-02 -2.512256e-01 3.938569e-01
-5.670000e-01 6.550000e-02 -2.512925e-01 3.937736e-01 -5.675000e-01 6.600000e-02 -2.512585e-01 3.938153e-01
3.600000e-02 6.550000e-02 -2.858139e-01 3.869799e-01 3.650000e-02 6.600000e-02 -2.858422e-01 3.870126e-01
3.650000e-02 6.600000e-02 -2.858422e-01 3.870126e-01 3.700000e-02 6.650000e-02 -2.858693e-01 3.870453e-01
-5.680000e-01 6.650000e-02 -2.512256e-01 3.938569e-01 -5.680000e-01 6.750000e-02 -2.508732e-01 3.942904e-01
3.700000e-02 6.650000e-02 -2.858693e-01 3.870453e-01 3.750000e-02 6.700000e-02 -2.858964e-01 3.870769e-01
3.750000e-02 6.700000e-02 -2.858964e-01 3.870769e-01 3.800000e-02 6.750000e-02 -2.859225e-01 3.871084e-01
-5.685000e-01 6.800000e-02 -2.508401e-01 3.943299e-01 -5.690000e-01 6.850000e-02 -2.508082e-01 3.943694e-01
-5.680000e-01 6.750000e-02 -2.508732e-01 3.942904e-01 -5.685000e-01 6.800000e-02 -2.508401e-01 3.943299e-01
3.800000e-02 6.750000e-02 -2.859225e-01 3.871084e-01 3.800000e-02 6.850000e-02 -2.862805e-01 3.875276e-01
-5.695000e-01 6.900000e-02 -2.507762e-01 3.944077e-01 -5.700000e-01 6.950000e-02 -2.507453e-01 3.944460e-01
-5.690000e-01 6.850000e-02 -2.508082e-01 3.943694e-01 -5.695000e-01 6.900000e-02 -2.507762e-01 3.944077e-01
3.800000e-02 6.850000e-02 -2.862805e-01 3.875276e-01 3.850000e-02 6.900000e-02 -2.863066e-01 3.875571e-01
3.850000e-02 6.900000e-02 -2.863066e-01 3.875571e-01 3.900000e-02 6.950000e-02 -2.863316e-01 3.875866e-01
-5.705000e-01 7.000000e-02 -2.507143e-01 3.944832e-01 -5.710000e-01 7.050000e-02 -2.506845e-01 3.945204e-01
-5.700000e-01 6.950000e-02 -2.507453e-01 3.944460e-01 -5.705000e-01 7.000000e-02 -2.507143e-01 3.944832e-01
3.900000e-02 6.950000e-02 -2.863316e-01 3.875866e-01 3.950000e-02 7.000000e-02 -2.863565e-01 3.876151e-01
3.950000e-02 7.000000e-02 -2.863565e-01 3.876151e-01 4.000000e-02 7.050000e-02 -2.863803e-01 3.876435e-01
-5.710000e-01 7.050000e-02 -2.506845e-01 3.945204e-01 -5.710000e-01 7.150000e-02 -2.503312e-01 3.949460e-01
4.000000e-02 7.050000e-02 -2.863803e-01 3.876435e-01 4.000000e-02 7.150000e-02 -2.867390e-01 3.880570e-01
-5.715000e-01 7.200000e-02 -2.503012e-01 3.949810e-01 -5.720000e-01 7.250000e-02 -2.502724e-01 3.950160e-01
-5.710000e-01 7.150000e-02 -2.503312e-01 3.949460e-01 -5.715000e-01 7.200000e-02 -2.503012e-01 3.949810e-01
4.000000e-02 7.150000e-02 -2.867390e-01 3.880570e-01 4.050000e-02 7.200000e-02 -2.867628e-01 3.880834e-01
4.050000e-02 7.200000e-02 -2.867628e-01 3.880834e-01 4.100000e-02 7.250000e-02 -2.867855e-01 3.881098e-01
-5.725000e-01 7.300000e-02 -2.502436e-01 3.950499e-01 -5.730000e-01 7.350000e-02 -2.502159e-01 3.950838e-01
-5.720000e-01 7.250000e-02 -2.502724e-01 3.950160e-01 -5.725000e-01 7.300000e-02 -2.502436e-01 3.950499e-01
4.100000e-02 7.250000e-02 -2.867855e-01 3.881098e-01 4.150000e-02 7.300000e-02 -2.868082e-01 3.881351e-01
4.150000e-02 7.300000e-02 -2.868082e-01 3.881351e-01 4.200000e-02 7.350000e-02 -2.868297e-01 3.881605e-01
-5.730000e-01 7.350000e-02 -2.502159e-01 3.950838e-01 -5.730000e-01 7.450000e-02 -2.498618e-01 3.955036e-01
4.200000e-02 7.350000e-02 -2.868297e-01 3.881605e-01 4.200000e-02 7.450000e-02 -2.871889e-01 3.885683e-01
-5.735000e-01 7.500000e-02 -2.498340e-01 3.955354e-01 -5.740000e-01 7.550000e-02 -2.498074e-01 3.955670e-01
-5.730000e-01 7.450000e-02 -2.498618e-01 3.955036e-01 -5.735000e-01 7.500000e-02 -2.498340e-01 3.955354e-01
4.200000e-02 7.450000e-02 -2.871889e-01 3.885683e-01 4.250000e-02 7.500000e-02 -2.872104e-01 3.885916e-01
4.250000e-02 7.500000e-02 -2.872104e-01 3.885916e-01 4.300000e-02 7.550000e-02 -2.872307e-01 3.886149e-01
-5.745000e-01 7.600000e-02 -2.497807e-01 3.955977e-01 -5.750000e-01 7.650000e-02 -2.497553e-01 3.956284e-01
-5.740000e-01 7.550000e-02 -2.498074e-01 3.955670e-01 -5.745000e-01 7.600000e-02 -2.497807e-01 3.955977e-01
4.300000e-02 7.550000e-02 -2.872307e-01 3.886149e-01 4.350000e-02 7.600000e-02 -2.872511e-01 3.886372e-01
4.350000e-02 7.600000e-02 -2.872511e-01 3.886372e-01 4.400000e-02 7.650000e-02 -2.872702e-01 3.886595e-01
-5.750000e-01 7.650000e-02 -2.497553e-01 3.956284e-01 -5.750000e-01 7.750000e-02 -2.494004e-01 3.960424e-01
4.400000e-02 7.650000e-02 -2.872702e-01 3.886595e-01 4.400000e-02 7.750000e-02 -2.876298e-01 3.890616e-01
-5.755000e-01 7.800000e-02 -2.493749e-01 3.960709e-01 -5.760000e-01 7.850000e-02 -2.493506e-01 3.960994e-01
-5.750000e-01 7.750000e-02 -2.494004e-01 3.960424e-01 -5.755000e-01 7.800000e-02 -2.493749e-01 3.960709e-01
4.400000e-02 7.750000e-02 -2.876298e-01 3.890616e-01 4.450000e-02 7.800000e-02 -2.876488e-01 3.890819e-01
4.450000e-02 7.800000e-02 -2.876488e-01 3.890819e-01 4.500000e-02 7.850000e-02 -2.876668e-01 3.891022e-01
-5.765000e-01 7.900000e-02 -2.493262e-01 3.961268e-01 -5.770000e-01 7.950000e-02 -2.493030e-01 3.961543e-01
-5.760000e-01 7.850000e-02 -2.493506e-01 3.960994e-01 -5.765000e-01 7.900000e-02 -2.493262e-01 3.961268e-01
4.500000e-02 7.850000e-02 -2.876668e-01 3.891022e-01 4.550000e-02 7.900000e-02 -2.876847e-01 3.891215e-01
4.550000e-02 7.900000e-02 -2.876847e-01 3.891215e-01 4.600000e-02 7.950000e-02 -2.877014e-01 3.891408e-01
-5.775000e-01 8.000000e-02 -2.492798e-01 3.961806e-01 -5.780000e-01 8.050000e-02 -2.492578e-01 3.962070e-01
-5.770000e-01 7.950000e-02 -2.493030e-01 3.961543e-01 -5.775000e-01 8.000000e-02 -2.492798e-01 3.961806e-01
4.600000e-02 7.950000e-02 -2.877014e-01 3.891408e-01 4.600000e-02 8.050000e-02 -2.880612e-01 3.895373e-01
-5.780000e-01 8.050000e-02 -2.492578e-01 3.962070e-01 -5.780000e-01 8.150000e-02 -2.489024e-01 3.966131e-01
4.600000e-02 8.050000e-02 -2.880612e-01 3.895373e-01 4.650000e-02 8.100000e-02 -2.880779e-01 3.895546e-01
4.650000e-02 8.100000e-02 -2.880779e-01 3.895546e-01 4.700000e-02 8.150000e-02 -2.880933e-01 3.895719e-01
-5.785000e-01 8.200000e-02 -2.488804e-01 3.966374e-01 -5.790000e-01 8.250000e-02 -2.488595e-01 3.966617e-01
-5.780000e-01 8.150000e-02 -2.489024e-01 3.966131e-01 -5.785000e-01 8.200000e-02 -2.488804e-01 3.966374e-01
4.700000e-02 8.150000e-02 -2.880933e-01 3.895719e-01 4.750000e-02 8.200000e-02 -2.881088e-01 3.895882e-01
4.750000e-02 8.200000e-02 -2.881088e-01 3.895882e-01 4.800000e-02 8.250000e-02 -2.881230e-01 3.896046e-01
-5.795000e-01 8.300000e-02 -2.488387e-01 3.966849e-01 -5.800000e-01 8.350000e-02 -2.488191e-01 3.967081e-01
-5.790000e-01 8.250000e-02 -2.488595e-01 3.966617e-01 -5.795000e-01 8.300000e-02 -2.488387e-01 3.966849e-01
4.800000e-02 8.250000e-02 -2.881230e-01 3.896046e-01 4.800000e-02 8.350000e-02 -2.884829e-01 3.899954e-01
-5.800000e-01 8.350000e-02 -2.488191e-01 3.967081e-01 -5.800000e-01 8.450000e-02 -2.484632e-01 3.971084e-01
4.800000e-02 8.350000e-02 -2.884829e-01 3.899954e-01 4.850000e-02 8.400000e-02 -2.884971e-01 3.900097e-01
4.850000e-02 8.400000e-02 -2.884971e-01 3.900097e-01 4.900000e-02 8.450000e-02 -2.885100e-01 3.900242e-01
-5.805000e-01 8.500000e-02 -2.484437e-01 3.971296e-01 -5.810000e-01 8.550000e-02 -2.484253e-01 3.971507e-01
-5.800000e-01 8.450000e-02 -2.484632e-01 3.971084e-01 -5.805000e-01 8.500000e-02 -2.484437e-01 3.971296e-01
4.900000e-02 8.450000e-02 -2.885100e-01 3.900242e-01 4.950000e-02 8.500000e-02 -2.885228e-01 3.900376e-01
4.950000e-02 8.500000e-02 -2.885228e-01 3.900376e-01 5.000000e-02 8.550000e-02 -2.885344e-01 3.900511e-01
-5.815000e-01 8.600000e-02 -2.484069e-01 3.971709e-01 -5.820000e-01 8.650000e-02 -2.483898e-01 3.971910e-01
-5.810000e-01 8.550000e-02 -2.484253e-01 3.971507e-01 -5.815000e-01 8.600000e-02 -2.484069e-01 3.971709e-01
5.000000e-02 8.550000e-02 -2.885344e-01 3.900511e-01 5.000000e-02 8.650000e-02 -2.888945e-01 3.904362e-01
-5.820000e-01 8.650000e-02 -2.483898e-01 3.971910e-01 -5.820000e-01 8.750000e-02 -2.480336e-01 3.975854e-01
5.000000e-02 8.650000e-02 -2.888945e-01 3.904362e-01 5.050000e-02 8.700000e-02 -2.889060e-01 3.904477e-01
5.050000e-02 8.700000e-02 -2.889060e-01 3.904477e-01 5.100000e-02 8.750000e-02 -2.889162e-01 3.904592e-01
-5.825000e-01 8.800000e-02 -2.480165e-01 3.976035e-01 -5.830000e-01 8.850000e-02 -2.480006e-01 3.976217e-01
-5.820000e-01 8.750000e-02 -2.480336e-01 3.975854e-01 -5.825000e-01 8.800000e-02 -2.480165e-01 3.976035e-01
5.100000e-02 8.750000e-02 -2.889162e-01 3.904592e-01 5.100000e-02 8.850000e-02 -2.892765e-01 3.908406e-01
-5.835000e-01 8.900000e-02 -2.479848e-01 3.976388e-01 -5.840000e-01 8.950000e-02 -2.479702e-01 3.976559e-01
-5.830000e-01 8.850000e-02 -2.480006e-01 3.976217e-01 -5.835000e-01 8.900000e-02 -2.479848e-01 3.976388e-01
5.100000e-02 8.850000e-02 -2.892765e-01 3.908406e-01 5.150000e-02 8.900000e-02 -2.892866e-01 3.908502e-01
5.150000e-02 8.900000e-02 -2.892866e-01 3.908502e-01 5.200000e-02 8.950000e-02 -2.892955e-01 3.908599e-01
-5.840000e-01 8.950000e-02 -2.479702e-01 3.976559e-01 -5.840000e-01 9.050000e-02 -2.476138e-01 3.980445e-01
5.200000e-02 8.950000e-02 -2.892955e-01 3.908599e-01 5.250000e-02 9.000000e-02 -2.893043e-01 3.908686e-01
5.250000e-02 9.000000e-02 -2.893043e-01 3.908686e-01 5.300000e-02 9.050000e-02 -2.893118e-01 3.908773e-01
-5.845000e-01 9.100000e-02 -2.475993e-01 3.980596e-01 -5.850000e-01 9.150000e-02 -2.475860e-01 3.980747e-01
-5.840000e-01 9.050000e-02 -2.476138e-01 3.980445e-01 -5.845000e-01 9.100000e-02 -2.475993e-01 3.980596e-01
5.300000e-02 9.050000e-02 -2.893118e-01 3.908773e-01 5.300000e-02 9.150000e-02 -2.896720e-01 3.912531e-01
-5.850000e-01 9.150000e-02 -2.475860e-01 3.980747e-01 -5.850000e-01 9.250000e-02 -2.472294e-01 3.984595e-01
5.300000e-02 9.150000e-02 -2.896720e-01 3.912531e-01 5.350000e-02 9.200000e-02 -2.896794e-01 3.912598e-01
5.350000e-02 9.200000e-02 -2.896794e-01 3.912598e-01 5.400000e-02 9.250000e-02 -2.896855e-01 3.912667e-01
-5.855000e-01 9.300000e-02 -2.472162e-01 3.984726e-01 -5.860000e-01 9.350000e-02 -2.472043e-01 3.984857e-01
-5.850000e-01 9.250000e-02 -2.472294e-01 3.984595e-01 -5.855000e-01 9.300000e-02 -2.472162e-01 3.984726e-01
5.400000e-02 9.250000e-02 -2.896855e-01 3.912667e-01 5.450000e-02 9.300000e-02 -2.896915e-01 3.912727e-01
5.450000e-02 9.300000e-02 -2.896915e-01 3.912727e-01 5.500000e-02 9.350000e-02 -2.896963e-01 3.912787e-01
-5.865000e-01 9.400000e-02 -2.471925e-01 3.984978e-01 -5.870000e-01 9.450000e-02 -2.471819e-01 3.985100e-01
-5.860000e-01 9.350000e-02 -2.472043e-01 3.984857e-01 -5.865000e-01 9.400000e-02 -2.471925e-01 3.984978e-01
5.500000e-02 9.350000e-02 -2.896963e-01 3.912787e-01 5.500000e-02 9.450000e-02 -2.900563e-01 3.916488e-01
-5.870000e-01 9.450000e-02 -2.471819e-01 3.985100e-01 -5.870000e-01 9.550000e-02 -2.468251e-01 3.988890e-01
5.500000e-02 9.450000e-02 -2.900563e-01 3.916488e-01 5.550000e-02 9.500000e-02 -2.900608e-01 3.916528e-01
5.550000e-02 9.500000e-02 -2.900608e-01 3.916528e-01 5.600000e-02 9.550000e-02 -2.900642e-01 3.916570e-01
-5.875000e-01 9.600000e-02 -2.468147e-01 3.988992e-01 -5.880000e-01 9.650000e-02 -2.468055e-01 3.989094e-01
-5.870000e-01 9.550000e-02 -2.468251e-01 3.988890e-01 -5.875000e-01 9.600000e-02 -2.468147e-01 3.988992e-01
5.600000e-02 9.550000e-02 -2.900642e-01 3.916570e-01 5.600000e-02 9.650000e-02 -2.904242e-01 3.920234e-01
-5.885000e-01 9.700000e-02 -2.467964e-01 3.989186e-01 -5.890000e-01 9.750000e-02 -2.467885e-01 3.989279e-01
-5.880000e-01 9.650000e-02 -2.468055e-01 3.989094e-01 -5.885000e-01 9.700000e-02 -2.467964e-01 3.989186e-01
5.600000e-02 9.650000e-02 -2.904242e-01 3.920234e-01 5.650000e-02 9.700000e-02 -2.904272e-01 3.920256e-01
5.650000e-02 9.700000e-02 -2.904272e-01 3.920256e-01 5.700000e-02 9.750000e-02 -2.904290e-01 3.920280e-01
-5.890000e-01 9.750000e-02 -2.467885e-01 3.989279e-01 -5.890000e-01 9.850000e-02 -2.464319e-01 3.993011e-01
5.700000e-02 9.750000e-02 -2.904290e-01 3.920280e-01 5.750000e-02 9.800000e-02 -2.904307e-01 3.920294e-01
5.750000e-02 9.800000e-02 -2.904307e-01 3.920294e-01 5.800000e-02 9.850000e-02 -2.904311e-01 3.920309e-01
-5.895000e-01 9.900000e-02 -2.464242e-01 3.993083e-01 -5.900000e-01 9.950000e-02 -2.464178e-01 3.993157e-01
-5.890000e-01 9.850000e-02 -2.464319e-01 3.993011e-01 -5.895000e-01 9.900000e-02 -2.464242e-01 3.993083e-01
5.800000e-02 9.850000e-02 -2.904311e-01 3.920309e-01 5.800000e-02 9.950000e-02 -2.907908e-01 3.923917e-01
-5.900000e-01 9.950000e-02 -2.464178e-01 3.993157e-01 -5.900000e-01 1.005000e-01 -2.460611e-01 3.996852e-01
5.800000e-02 9.950000e-02 -2.907908e-01 3.923917e-01 5.850000e-02 1.000000e-01 -2.907909e-01 3.923913e-01
5.850000e-02 1.000000e-01 -2.907909e-01 3.923913e-01 5.900000e-02 1.005000e-01 -2.907897e-01 3.923910e-01
-5.905000e-01 1.010000e-01 -2.460549e-01 3.996905e-01 -5.910000e-01 1.015000e-01 -2.460499e-01 3.996959e-01
-5.900000e-01 1.005000e-01 -2.460611e-01 3.996852e-01 -5.905000e-01 1.010000e-01 -2.460549e-01 3.996905e-01
5.900000e-02 1.005000e-01 -2.907897e-01 3.923910e-01 5.900000e-02 1.015000e-01 -2.911494e-01 3.927481e-01
-5.915000e-01 1.020000e-01 -2.460451e-01 3.997003e-01 -5.920000e-01 1.025000e-01 -2.460416e-01 3.997049e-01
-5.910000e-01 1.015000e-01 -2.460499e-01 3.996959e-01 -5.915000e-01 1.020000e-01 -2.460451e-01 3.997003e-01
5.900000e-02 1.015000e-01 -2.911494e-01 3.927481e-01 5.950000e-02 1.020000e-01 -2.911479e-01 3.927459e-01
5.950000e-02 1.020000e-01 -2.911479e-01 3.927459e-01 6.000000e-02 1.025000e-01 -2.911451e-01 3.927439e-01
-5.920000e-01 1.025000e-01 -2.460416e-01 3.997049e-01 -5.920000e-01 1.035000e-01 -2.456850e-01 4.000685e-01
6.000000e-02 1.025000e-01 -2.911451e-01 3.927439e-01 6.000000e-02 1.035000e-01 -2.915047e-01 3.930974e-01
-5.925000e-01 1.040000e-01 -2.456817e-01 4.000711e-01 -5.930000e-01 1.045000e-01 -2.456797e-01 4.000738e-01
-5.920000e-01 1.035000e-01 -2.456850e-01 4.000685e-01 -5.925000e-01 1.040000e-01 -2.456817e-01 4.000711e-01
6.000000e-02 1.035000e-01 -2.915047e-01 3.930974e-01 6.050000e-02 1.040000e-01 -2.915016e-01 3.930934e-01
6.050000e-02 1.040000e-01 -2.915016e-01 3.930934e-01 6.100000e-02 1.045000e-01 -2.914972e-01 3.930896e-01
-5.930000e-01 1.045000e-01 -2.456797e-01 4.000738e-01 -5.930000e-01 1.055000e-01 -2.453232e-01 4.004336e-01
6.100000e-02 1.045000e-01 -2.914972e-01 3.930896e-01 6.150000e-02 1.050000e-01 -2.914927e-01 3.930848e-01
6.150000e-02 1.050000e-01 -2.914927e-01 3.930848e-01 6.200000e-02 1.055000e-01 -2.914870e-01 3.930803e-01
-5.935000e-01 1.060000e-01 -2.453215e-01 4.004343e-01 -5.940000e-01 1.065000e-01 -2.453210e-01 4.004351e-01
-5.930000e-01 1.055000e-01 -2.453232e-01 4.004336e-01 -5.935000e-01 1.060000e-01 -2.453215e-01 4.004343e-01
6.200000e-02 1.055000e-01 -2.914870e-01 3.930803e-01 6.200000e-02 1.065000e-01 -2.918459e-01 3.934282e-01
-5.945000e-01 1.070000e-01 -2.453207e-01 4.004349e-01 -5.950000e-01 1.075000e-01 -2.453217e-01 4.004349e-01
-5.940000e-01 1.065000e-01 -2.453210e-01 4.004351e-01 -5.945000e-01 1.070000e-01 -2.453207e-01 4.004349e-01
6.200000e-02 1.065000e-01 -2.918459e-01 3.934282e-01 6.250000e-02 1.070000e-01 -2.918397e-01 3.934217e-01
6.250000e-02 1.070000e-01 -2.918397e-01 3.934217e-01 6.300000e-02 1.075000e-01 -2.918323e-01 3.934154e-01
-5.950000e-01 1.075000e-01 -2.453217e-01 4.004349e-01 -5.950000e-01 1.085000e-01 -2.449655e-01 4.007890e-01
6.300000e-02 1.075000e-01 -2.918323e-01 3.934154e-01 6.300000e-02 1.085000e-01 -2.921910e-01 3.937596e-01
-5.955000e-01 1.090000e-01 -2.449668e-01 4.007870e-01 -5.960000e-01 1.095000e-01 -2.449694e-01 4.007851e-01
-5.950000e-01 1.085000e-01 -2.449655e-01 4.007890e-01 -5.955000e-01 1.090000e-01 -2.449668e-01 4.007870e-01
6.300000e-02 1.085000e-01 -2.921910e-01 3.937596e-01 6.350000e-02 1.090000e-01 -2.921831e-01 3.937514e-01
6.350000e-02 1.090000e-01 -2.921831e-01 3.937514e-01 6.400000e-02 1.095000e-01 -2.921740e-01 3.937435e-01
-5.960000e-01 1.095000e-01 -2.449694e-01 4.007851e-01 -5.960000e-01 1.105000e-01 -2.446133e-01 4.011354e-01
6.400000e-02 1.095000e-01 -2.921740e-01 3.937435e-01 6.400000e-02 1.105000e-01 -2.925325e-01 3.940841e-01
-5.965000e-01 1.110000e-01 -2.446163e-01 4.011316e-01 -5.970000e-01 1.115000e-01 -2.446205e-01 4.011279e-01
-5.960000e-01 1.105000e-01 -2.446133e-01 4.011354e-01 -5.965000e-01 1.110000e-01 -2.446163e-01 4.011316e-01
6.400000e-02 1.105000e-01 -2.925325e-01 3.940841e-01 6.450000e-02 1.110000e-01 -2.925229e-01 3.940742e-01
6.450000e-02 1.110000e-01 -2.925229e-01 3.940742e-01 6.500000e-02 1.115000e-01 -2.925121e-01 3.940645e-01
-5.975000e-01 1.120000e-01 -2.446248e-01 4.011233e-01 -5.980000e-01 1.125000e-01 -2.446305e-01 4.011188e-01
-5.970000e-01 1.115000e-01 -2.446205e-01 4.011279e-01 -5.975000e-01 1.120000e-01 -2.446248e-01 4.011233e-01
6.500000e-02 1.115000e-01 -2.925121e-01 3.940645e-01 6.500000e-02 1.125000e-01 -2.928702e-01 3.944014e-01
-5.980000e-01 1.125000e-01 -2.446305e-01 4.011188e-01 -5.980000e-01 1.135000e-01 -2.442750e-01 4.014634e-01
6.500000e-02 1.125000e-01 -2.928702e-01 3.944014e-01 6.550000e-02 1.130000e-01 -2.928589e-01 3.943899e-01
6.550000e-02 1.130000e-01 -2.928589e-01 3.943899e-01 6.600000e-02 1.135000e-01 -2.928464e-01 3.943786e-01
-5.985000e-01 1.140000e-01 -2.442811e-01 4.014569e-01 -5.990000e-01 1.145000e-01 -2.442884e-01 4.014507e-01
-5.980000e-01 1.135000e-01 -2.442750e-01 4.014634e-01 -5.985000e-01 1.140000e-01 -2.442811e-01 4.014569e-01
6.600000e-02 1.135000e-01 -2.928464e-01 3.943786e-01 6.600000e-02 1.145000e-01 -2.932041e-01 3.947119e-01
-5.990000e-01 1.145000e-01 -2.442884e-01 4.014507e-01 -5.990000e-01 1.155000e-01 -2.439332e-01 4.017915e-01
6.600000e-02 1.145000e-01 -2.932041e-01 3.947119e-01 6.650000e-02 1.150000e-01 -2.931911e-01 3.946987e-01
6.650000e-02 1.150000e-01 -2.931911e-01 3.946987e-01 6.700000e-02 1.155000e-01 -2.931768e-01 3.946858e-01
-5.995000e-01 1.160000e-01 -2.439409e-01 4.017833e-01 -6.000000e-01 1.165000e-01 -2.439500e-01 4.017753e-01
-5.990000e-01 1.155000e-01 -2.439332e-01 4.017915e-01 -5.995000e-01 1.160000e-01 -2.439409e-01 4.017833e-01
6.700000e-02 1.155000e-01 -2.931768e-01 3.946858e-01 6.750000e-02 1.160000e-01 -2.931622e-01 3.946719e-01
6.750000e-02 1.160000e-01 -2.931622e-01 3.946719e-01 6.800000e-02 1.165000e-01 -2.931464e-01 3.946583e-01
-6.000000e-01 1.165000e-01 -2.439500e-01 4.017753e-01 -6.000000e-01 1.175000e-01 -2.435950e-01 4.021124e-01
6.800000e-02 1.165000e-01 -2.931464e-01 3.946583e-01 6.800000e-02 1.175000e-01 -2.935032e-01 3.949861e-01
-6.005000e-01 1.180000e-01 -2.436045e-01 4.021024e-01 -6.010000e-01 1.185000e-01 -2.436153e-01 4.020927e-01
-6.000000e-01 1.175000e-01 -2.435950e-01 4.021124e-01 -6.005000e-01 1.180000e-01 -2.436045e-01 4.021024e-01
6.800000e-02 1.175000e-01 -2.935032e-01 3.949861e-01 6.850000e-02 1.180000e-01 -2.934868e-01 3.949706e-01
6.850000e-02 1.180000e-01 -2.934868e-01 3.949706e-01 6.900000e-02 1.185000e-01 -2.934692e-01 3.949554e-01
-6.015000e-01 1.190000e-01 -2.436263e-01 4.020821e-01 -6.020000e-01 1.195000e-01 -2.436386e-01 4.020716e-01
-6.010000e-01 1.185000e-01 -2.436153e-01 4.020927e-01 -6.015000e-01 1.190000e-01 -2.436263e-01 4.020821e-01
6.900000e-02 1.185000e-01 -2.934692e-01 3.949554e-01 6.900000e-02 1.195000e-01 -2.938256e-01 3.952795e-01
-6.020000e-01 1.195000e-01 -2.436386e-01 4.020716e-01 -6.020000e-01 1.205000e-01 -2.432844e-01 4.024030e-01
6.900000e-02 1.195000e-01 -2.938256e-01 3.952795e-01 6.950000e-02 1.200000e-01 -2.938074e-01 3.952625e-01
6.950000e-02 1.200000e-01 -2.938074e-01 3.952625e-01 7.000000e-02 1.205000e-01 -2.937879e-01 3.952457e-01
-6.025000e-01 1.210000e-01 -2.432972e-01 4.023905e-01 -6.030000e-01 1.215000e-01 -2.433113e-01 4.023784e-01
-6.020000e-01 1.205000e-01 -2.432844e-01 4.024030e-01 -6.025000e-01 1.210000e-01 -2.432972e-01 4.023905e-01
7.000000e-02 1.205000e-01 -2.937879e-01 3.952457e-01 7.000000e-02 1.215000e-01 -2.941438e-01 3.955663e-01
-6.030000e-01 1.215000e-01 -2.433113e-01 4.023784e-01 -6.030000e-01 1.225000e-01 -2.429575e-01 4.027060e-01
7.000000e-02 1.215000e-01 -2.941438e-01 3.955663e-01 7.050000e-02 1.220000e-01 -2.941238e-01 3.955476e-01
7.050000e-02 1.220000e-01 -2.941238e-01 3.955476e-01 7.100000e-02 1.225000e-01 -2.941025e-01 3.955293e-01
-6.035000e-01 1.230000e-01 -2.429721e-01 4.026920e-01 -6.040000e-01 1.235000e-01 -2.429880e-01 4.026782e-01
-6.030000e-01 1.225000e-01 -2.429575e-01 4.027060e-01 -6.035000e-01 1.230000e-01 -2.429721e-01 4.026920e-01
7.100000e-02 1.225000e-01 -2.941025e-01 3.955293e-01 7.100000e-02 1.235000e-01 -2.944578e-01 3.958463e-01
-6.040000e-01 1.235000e-01 -2.429880e-01 4.026782e-01 -6.040000e-01 1.245000e-01 -2.426346e-01 4.030020e-01
7.100000e-02 1.235000e-01 -2.944578e-01 3.958463e-01 7.150000e-02 1.240000e-01 -2.944359e-01 3.958261e-01
7.150000e-02 1.240000e-01 -2.944359e-01 3.958261e-01 7.200000e-02 1.245000e-01 -2.944126e-01 3.958063e-01
-6.045000e-01 1.250000e-01 -2.426510e-01 4.029863e-01 -6.050000e-01 1.255000e-01 -2.426687e-01 4.029709e-01
-6.040000e-01 1.245000e-01 -2.426346e-01 4.030020e-01 -6.045000e-01 1.250000e-01 -2.426510e-01 4.029863e-01
7.200000e-02 1.245000e-01 -2.944126e-01 3.958063e-01 7.200000e-02 1.255000e-01 -2.947675e-01 3.961196e-01
-6.050000e-01 1.255000e-01 -2.426687e-01 4.029709e-01 -6.050000e-01 1.265000e-01 -2.423158e-01 4.032910e-01
7.200000e-02 1.255000e-01 -2.947675e-01 3.961196e-01 7.250000e-02 1.260000e-01 -2.947436e-01 3.960980e-01
7.250000e-02 1.260000e-01 -2.947436e-01 3.960980e-01 7.300000e-02 1.265000e-01 -2.947185e-01 3.960766e-01
-6.055000e-01 1.270000e-01 -2.423340e-01 4.032737e-01 -6.060000e-01 1.275000e-01 -2.423536e-01 4.032566e-01
-6.050000e-01 1.265000e-01 -2.423158e-01 4.032910e-01 -6.055000e-01 1.270000e-01 -2.423340e-01 4.032737e-01
7.300000e-02 1.265000e-01 -2.947185e-01 3.960766e-01 7.300000e-02 1.275000e-01 -2.950727e-01 3.963864e-01
-6.060000e-01 1.275000e-01 -2.423536e-01 4.032566e-01 -6.060000e-01 1.285000e-01 -2.420012e-01 4.035730e-01
7.300000e-02 1.275000e-01 -2.950727e-01 3.963864e-01 7.350000e-02 1.280000e-01 -2.950469e-01 3.963632e-01
7.350000e-02 1.280000e-01 -2.950469e-01 3.963632e-01 7.400000e-02 1.285000e-01 -2.950198e-01 3.963404e-01
-6.065000e-01 1.290000e-01 -2.420213e-01 4.035540e-01 -6.070000e-01 1.295000e-01 -2.420428e-01 4.035354e-01
-6.060000e-01 1.285000e-01 -2.420012e-01 4.035730e-01 -6.065000e-01 1.290000e-01 -2.420213e-01 4.035540e-01
7.400000e-02 1.285000e-01 -2.950198e-01 3.963404e-01 7.400000e-02 1.295000e-01 -2.953734e-01 3.966466e-01
-6.070000e-01 1.295000e-01 -2.420428e-01 4.035354e-01 -6.070000e-01 1.305000e-01 -2.416909e-01 4.038481e-01
7.400000e-02 1.295000e-01 -2.953734e-01 3.966466e-01 7.450000e-02 1.300000e-01 -2.953456e-01 3.966220e-01
7.450000e-02 1.300000e-01 -2.953456e-01 3.966220e-01 7.500000e-02 1.305000e-01 -2.953166e-01 3.965977e-01
-6.075000e-01 1.310000e-01 -2.417130e-01 4.038275e-01 -6.080000e-01 1.315000e-01 -2.417363e-01 4.038073e-01
-6.070000e-01 1.305000e-01 -2.416909e-01 4.038481e-01 -6.075000e-01 1.310000e-01 -2.417130e-01 4.038275e-01
7.500000e-02 1.305000e-01 -2.953166e-01 3.965977e-01 7.500000e-02 1.315000e-01 -2.956695e-01 3.969003e-01
-6.080000e-01 1.315000e-01 -2.417363e-01 4.038073e-01 -6.080000e-01 1.325000e-01 -2.413850e-01 4.041163e-01
7.500000e-02 1.315000e-01 -2.956695e-01 3.969003e-01 7.550000e-02 1.320000e-01 -2.956397e-01 3.968743e-01
7.550000e-02 1.320000e-01 -2.956397e-01 3.968743e-01 7.600000e-02 1.325000e-01 -2.956087e-01 3.968486e-01
-6.085000e-01 1.330000e-01 -2.414091e-01 4.040941e-01 -6.090000e-01 1.335000e-01 -2.414344e-01 4.040724e-01
-6.080000e-01 1.325000e-01 -2.413850e-01 4.041163e-01 -6.085000e-01 1.330000e-01 -2.414091e-01 4.040941e-01
7.600000e-02 1.325000e-01 -2.956087e-01 3.968486e-01 7.600000e-02 1.335000e-01 -2.959608e-01 3.971476e-01
-6.095000e-01 1.340000e-01 -2.414600e-01 4.040496e-01 -6.100000e-01 1.345000e-01 -2.414870e-01 4.040273e-01
-6.090000e-01 1.335000e-01 -2.414344e-01 4.040724e-01 -6.095000e-01 1.340000e-01 -2.414600e-01 4.040496e-01
7.600000e-02 1.335000e-01 -2.959608e-01 3.971476e-01 7.650000e-02 1.340000e-01 -2.959291e-01 3.971202e-01
7.650000e-02 1.340000e-01 -2.959291e-01 3.971202e-01 7.700000e-02 1.345000e-01 -2.958960e-01 3.970931e-01
-6.100000e-01 1.345000e-01 -2.414870e-01 4.040273e-01 -6.100000e-01 1.355000e-01 -2.411370e-01 4.043307e-01
7.700000e-02 1.345000e-01 -2.958960e-01 3.970931e-01 7.700000e-02 1.355000e-01 -2.962474e-01 3.973886e-01
-6.105000e-01 1.360000e-01 -2.411646e-01 4.043064e-01 -6.110000e-01 1.365000e-01 -2.411935e-01 4.042826e-01
-6.100000e-01 1.355000e-01 -2.411370e-01 4.043307e-01 -6.105000e-01 1.360000e-01 -2.411646e-01 4.043064e-01
7.700000e-02 1.355000e-01 -2.962474e-01 3.973886e-01 7.750000e-02 1.360000e-01 -2.962136e-01 3.973598e-01
7.750000e-02 1.360000e-01 -2.962136e-01 3.973598e-01 7.800000e-02 1.365000e-01 -2.961786e-01 3.973313e-01
-6.110000e-01 1.365000e-01 -2.411935e-01 4.042826e-01 -6.110000e-01 1.375000e-01 -2.408442e-01 4.045823e-01
7.800000e-02 1.365000e-01 -2.961786e-01 3.973313e-01 7.800000e-02 1.375000e-01 -2.965291e-01 3.976233e-01
-6.115000e-01 1.380000e-01 -2.408738e-01 4.045566e-01 -6.120000e-01 1.385000e-01 -2.409048e-01 4.045312e-01
-6.110000e-01 1.375000e-01 -2.408442e-01 4.045823e-01 -6.115000e-01 1.380000e-01 -2.408738e-01 4.045566e-01
7.800000e-02 1.375000e-01 -2.965291e-01 3.976233e-01 7.850000e-02 1.380000e-01 -2.964932e-01 3.975931e-01
7.850000e-02 1.380000e-01 -2.964932e-01 3.975931e-01 7.900000e-02 1.385000e-01 -2.964561e-01 3.975633e-01
-6.120000e-01 1.385000e-01 -2.409048e-01 4.045312e-01 -6.120000e-01 1.395000e-01 -2.405561e-01 4.048273e-01
7.900000e-02 1.385000e-01 -2.964561e-01 3.975633e-01 7.900000e-02 1.395000e-01 -2.968058e-01 3.978517e-01
-6.125000e-01 1.400000e-01 -2.405878e-01 4.048001e-01 -6.130000e-01 1.405000e-01 -2.406208e-01 4.047733e-01
-6.120000e-01 1.395000e-01 -2.405561e-01 4.048273e-01 -6.125000e-01 1.400000e-01 -2.405878e-01 4.048001e-01
7.900000e-02 1.395000e-01 -2.968058e-01 3.978517e-01 7.900000e-02 1.405000e-01 -2.971554e-01 3.981383e-01
-6.130000e-01 1.405000e-01 -2.406208e-01 4.047733e-01 -6.130000e-01 1.415000e-01 -2.402730e-01 4.050657e-01
7.900000e-02 1.405000e-01 -2.971554e-01 3.981383e-01 7.950000e-02 1.410000e-01 -2.971171e-01 3.981059e-01
7.950000e-02 1.410000e-01 -2.971171e-01 3.981059e-01 8.000000e-02 1.415000e-01 -2.970775e-01 3.980740e-01
-6.135000e-01 1.420000e-01 -2.403067e-01 4.050371e-01 -6.140000e-01 1.425000e-01 -2.403418e-01 4.050088e-01
-6.130000e-01 1.415000e-01 -2.402730e-01 4.050657e-01 -6.135000e-01 1.420000e-01 -2.403067e-01 4.050371e-01
8.000000e-02 1.415000e-01 -2.970775e-01 3.980740e-01 8.000000e-02 1.425000e-01 -2.974261e-01 3.983571e-01
-6.140000e-01 1.425000e-01 -2.403418e-01 4.050088e-01 -6.140000e-01 1.435000e-01 -2.399947e-01 4.052976e-01
8.000000e-02 1.425000e-01 -2.974261e-01 3.983571e-01 8.050000e-02 1.430000e-01 -2.973857e-01 3.983234e-01
8.050000e-02 1.430000e-01 -2.973857e-01 3.983234e-01 8.100000e-02 1.435000e-01 -2.973439e-01 3.982902e-01
-6.145000e-01 1.440000e-01 -2.400305e-01 4.052675e-01 -6.150000e-01 1.445000e-01 -2.400677e-01 4.052379e-01
-6.140000e-01 1.435000e-01 -2.399947e-01 4.052976e-01 -6.145000e-01 1.440000e-01 -2.400305e-01 4.052675e-01
8.100000e-02 1.435000e-01 -2.973439e-01 3.982902e-01 8.100000e-02 1.445000e-01 -2.976917e-01 3.985697e-01
-6.150000e-01 1.445000e-01 -2.400677e-01 4.052379e-01 -6.150000e-01 1.455000e-01 -2.397215e-01 4.055230e-01
8.100000e-02 1.445000e-01 -2.976917e-01 3.985697e-01 8.150000e-02 1.450000e-01 -2.976491e-01 3.985349e-01
8.150000e-02 1.450000e-01 -2.976491e-01 3.985349e-01 8.200000e-02 1.455000e-01 -2.976052e-01 3.985003e-01
-6.150000e-01 1.455000e-01 -2.397215e-01 4.055230e-01 -6.150000e-01 1.465000e-01 -2.393753e-01 4.058063e-01
8.200000e-02 1.455000e-01 -2.976052e-01 3.985003e-01 8.200000e-02 1.465000e-01 -2.979520e-01 3.987765e-01
-6.155000e-01 1.470000e-01 -2.394137e-01 4.057740e-01 -6.160000e-01 1.475000e-01 -2.394534e-01 4.057421e-01
-6.150000e-01 1.465000e-01 -2.393753e-01 4.058063e-01 -6.155000e-01 1.470000e-01 -2.394137e-01 4.057740e-01
8.200000e-02 1.465000e-01 -2.979520e-01 3.987765e-01 8.250000e-02 1.470000e-01 -2.979072e-01 3.987403e-01
8.250000e-02 1.470000e-01 -2.979072e-01 3.987403e-01 8.300000e-02 1.475000e-01 -2.978611e-01 3.987046e-01
-6.160000e-01 1.475000e-01 -2.394534e-01 4.057421e-01 -6.160000e-01 1.485000e-01 -2.391081e-01 4.060217e-01
8.300000e-02 1.475000e-01 -2.978611e-01 3.987046e-01 8.300000e-02 1.485000e-01 -2.982068e-01 3.989772e-01
-6.165000e-01 1.490000e-01 -2.391487e-01 4.059881e-01 -6.170000e-01 1.495000e-01 -2.391905e-01 4.059548e-01
-6.160000e-01 1.485000e-01 -2.391081e-01 4.060217e-01 -6.165000e-01 1.490000e-01 -2.391487e-01 4.059881e-01
8.300000e-02 1.485000e-01 -2.982068e-01 3.989772e-01 8.350000e-02 1.490000e-01 -2.981599e-01 3.989399e-01
8.350000e-02 1.490000e-01 -2.981599e-01 3.989399e-01 8.400000e-02 1.495000e-01 -2.981116e-01 3.989029e-01
-6.170000e-01 1.495000e-01 -2.391905e-01 4.059548e-01 -6.170000e-01 1.505000e-01 -2.388462e-01 4.062309e-01
8.400000e-02 1.495000e-01 -2.981116e-01 3.989029e-01 8.400000e-02 1.505000e-01 -2.984562e-01 3.991721e-01
-6.175000e-01 1.510000e-01 -2.388889e-01 4.061959e-01 -6.180000e-01 1.515000e-01 -2.389329e-01 4.061614e-01
-6.170000e-01 1.505000e-01 -2.388462e-01 4.062309e-01 -6.175000e-01 1.510000e-01 -2.388889e-01 4.061959e-01
8.400000e-02 1.505000e-01 -2.984562e-01 3.991721e-01 8.400000e-02 1.515000e-01 -2.988008e-01 3.994395e-01
-6.180000e-01 1.515000e-01 -2.389329e-01 4.061614e-01 -6.180000e-01 1.525000e-01 -2.385896e-01 4.064338e-01
8.400000e-02 1.515000e-01 -2.988008e-01 3.994395e-01 8.450000e-02 1.520000e-01 -2.987511e-01 3.994001e-01
8.450000e-02 1.520000e-01 -2.987511e-01 3.994001e-01 8.500000e-02 1.525000e-01 -2.987001e-01 3.993612e-01
-6.185000e-01 1.530000e-01 -2.386345e-01 4.063975e-01 -6.190000e-01 1.535000e-01 -2.386806e-01 4.063617e-01
-6.180000e-01 1.525000e-01 -2.385896e-01 4.064338e-01 -6.185000e-01 1.530000e-01 -2.386345e-01 4.063975e-01
8.500000e-02 1.525000e-01 -2.987001e-01 3.993612e-01 8.500000e-02 1.535000e-01 -2.990435e-01 3.996252e-01
-6.190000e-01 1.535000e-01 -2.386806e-01 4.063617e-01 -6.190000e-01 1.545000e-01 -2.383385e-01 4.066306e-01
8.500000e-02 1.535000e-01 -2.990435e-01 3.996252e-01 8.550000e-02 1.540000e-01 -2.989916e-01 3.995847e-01
8.550000e-02 1.540000e-01 -2.989916e-01 3.995847e-01 8.600000e-02 1.545000e-01 -2.989384e-01 3.995447e-01
-6.195000e-01 1.550000e-01 -2.383856e-01 4.065931e-01 -6.200000e-01 1.555000e-01 -2.384340e-01 4.065560e-01
-6.190000e-01 1.545000e-01 -2.383385e-01 4.066306e-01 -6.195000e-01 1.550000e-01 -2.383856e-01 4.065931e-01
8.600000e-02 1.545000e-01 -2.989384e-01 3.995447e-01 8.600000e-02 1.555000e-01 -2.992806e-01 3.998052e-01
-6.200000e-01 1.555000e-01 -2.384340e-01 4.065560e-01 -6.200000e-01 1.565000e-01 -2.380928e-01 4.068213e-01
8.600000e-02 1.555000e-01 -2.992806e-01 3.998052e-01 8.650000e-02 1.560000e-01 -2.992264e-01 3.997636e-01
8.650000e-02 1.560000e-01 -2.992264e-01 3.997636e-01 8.700000e-02 1.565000e-01 -2.991710e-01 3.997225e-01
-6.205000e-01 1.570000e-01 -2.381422e-01 4.067825e-01 -6.210000e-01 1.575000e-01 -2.381928e-01 4.067442e-01
-6.200000e-01 1.565000e-01 -2.380928e-01 4.068213e-01 -6.205000e-01 1.570000e-01 -2.381422e-01 4.067825e-01
8.700000e-02 1.565000e-01 -2.991710e-01 3.997225e-01 8.700000e-02 1.575000e-01 -2.995119e-01 3.999796e-01
-6.210000e-01 1.575000e-01 -2.381928e-01 4.067442e-01 -6.210000e-01 1.585000e-01 -2.378528e-01 4.070059e-01
8.700000e-02 1.575000e-01 -2.995119e-01 3.999796e-01 8.700000e-02 1.585000e-01 -2.998527e-01 4.002350e-01
-6.215000e-01 1.590000e-01 -2.379044e-01 4.069660e-01 -6.220000e-01 1.595000e-01 -2.379573e-01 4.069265e-01
-6.210000e-01 1.585000e-01 -2.378528e-01 4.070059e-01 -6.215000e-01 1.590000e-01 -2.379044e-01 4.069660e-01
8.700000e-02 1.585000e-01 -2.998527e-01 4.002350e-01 8.750000e-02 1.590000e-01 -2.997957e-01 4.001915e-01
8.750000e-02 1.590000e-01 -2.997957e-01 4.001915e-01 8.800000e-02 1.595000e-01 -2.997375e-01 4.001485e-01
-6.220000e-01 1.595000e-01 -2.379573e-01 4.069265e-01 -6.220000e-01 1.605000e-01 -2.376184e-01 4.071847e-01
8.800000e-02 1.595000e-01 -2.997375e-01 4.001485e-01 8.800000e-02 1.605000e-01 -3.000770e-01 4.004005e-01
-6.220000e-01 1.605000e-01 -2.376184e-01 4.071847e-01 -6.220000e-01 1.615000e-01 -2.372798e-01 4.074411e-01
8.800000e-02 1.605000e-01 -3.000770e-01 4.004005e-01 8.850000e-02 1.610000e-01 -3.000176e-01 4.003559e-01
8.850000e-02 1.610000e-01 -3.000176e-01 4.003559e-01 8.900000e-02 1.615000e-01 -2.999570e-01 4.003119e-01
-6.225000e-01 1.620000e-01 -2.373342e-01 4.073991e-01 -6.230000e-01 1.625000e-01 -2.373899e-01 4.073577e-01
-6.220000e-01 1.615000e-01 -2.372798e-01 4.074411e-01 -6.225000e-01 1.620000e-01 -2.373342e-01 4.073991e-01
8.900000e-02 1.615000e-01 -2.999570e-01 4.003119e-01 8.900000e-02 1.625000e-01 -3.002952e-01 4.005605e-01
-6.230000e-01 1.625000e-01 -2.373899e-01 4.073577e-01 -6.230000e-01 1.635000e-01 -2.370525e-01 4.076105e-01
8.900000e-02 1.625000e-01 -3.002952e-01 4.005605e-01 8.950000e-02 1.630000e-01 -3.002336e-01 4.005150e-01
8.950000e-02 1.630000e-01 -3.002336e-01 4.005150e-01 9.000000e-02 1.635000e-01 -3.001706e-01 4.004700e-01
-6.235000e-01 1.640000e-01 -2.371092e-01 4.075674e-01 -6.240000e-01 1.645000e-01 -2.371672e-01 4.075248e-01
-6.230000e-01 1.635000e-01 -2.370525e-01 4.076105e-01 -6.235000e-01 1.640000e-01 -2.371092e-01 4.075674e-01
9.000000e-02 1.635000e-01 -3.001706e-01 4.004700e-01 9.000000e-02 1.645000e-01 -3.005075e-01 4.007153e-01
-6.240000e-01 1.645000e-01 -2.371672e-01 4.075248e-01 -6.240000e-01 1.655000e-01 -2.368311e-01 4.077742e-01
9.000000e-02 1.645000e-01 -3.005075e-01 4.007153e-01 9.000000e-02 1.655000e-01 -3.008440e-01 4.009588e-01
-6.245000e-01 1.660000e-01 -2.368901e-01 4.077300e-01 -6.250000e-01 1.665000e-01 -2.369505e-01 4.076863e-01
-6.240000e-01 1.655000e-01 -2.368311e-01 4.077742e-01 -6.245000e-01 1.660000e-01 -2.368901e-01 4.077300e-01
9.000000e-02 1.655000e-01 -3.008440e-01 4.009588e-01 9.050000e-02 1.660000e-01 -3.007794e-01 4.009115e-01
9.050000e-02 1.660000e-01 -3.007794e-01 4.009115e-01 9.100000e-02 1.665000e-01 -3.007136e-01 4.008647e-01
-6.250000e-01 1.665000e-01 -2.369505e-01 4.076863e-01 -6.250000e-01 1.675000e-01 -2.366157e-01 4.079322e-01
9.100000e-02 1.665000e-01 -3.007136e-01 4.008647e-01 9.100000e-02 1.675000e-01 -3.010487e-01 4.011049e-01
-6.250000e-01 1.675000e-01 -2.366157e-01 4.079322e-01 -6.250000e-01 1.685000e-01 -2.362810e-01 4.081762e-01
9.100000e-02 1.675000e-01 -3.010487e-01 4.011049e-01 9.150000e-02 1.680000e-01 -3.009817e-01 4.010567e-01
9.150000e-02 1.680000e-01 -3.009817e-01 4.010567e-01 9.200000e-02 1.685000e-01 -3.009135e-01 4.010090e-01
-6.255000e-01 1.690000e-01 -2.363430e-01 4.081301e-01 -6.260000e-01 1.695000e-01 -2.364063e-01 4.080846e-01
-6.250000e-01 1.685000e-01 -2.362810e-01 4.081762e-01 -6.255000e-01 1.690000e-01 -2.363430e-01 4.081301e-01
9.200000e-02 1.685000e-01 -3.009135e-01 4.010090e-01 9.200000e-02 1.695000e-01 -3.012472e-01 4.012459e-01
-6.260000e-01 1.695000e-01 -2.364063e-01 4.080846e-01 -6.260000e-01 1.705000e-01 -2.360731e-01 4.083252e-01
9.200000e-02 1.695000e-01 -3.012472e-01 4.012459e-01 9.200000e-02 1.705000e-01 -3.015806e-01 4.014811e-01
-6.265000e-01 1.710000e-01 -2.361375e-01 4.082781e-01 -6.270000e-01 1.715000e-01 -2.362032e-01 4.082316e-01
-6.260000e-01 1.705000e-01 -2.360731e-01 4.083252e-01 -6.265000e-01 1.710000e-01 -2.361375e-01 4.082781e-01
9.200000e-02 1.705000e-01 -3.015806e-01 4.014811e-01 9.250000e-02 1.710000e-01 -3.015106e-01 4.014312e-01
9.250000e-02 1.710000e-01 -3.015106e-01 4.014312e-01 9.300000e-02 1.715000e-01 -3.014393e-01 4.013819e-01
-6.270000e-01 1.715000e-01 -2.362032e-01 4.082316e-01 -6.270000e-01 1.725000e-01 -2.358713e-01 4.084687e-01
9.300000e-02 1.715000e-01 -3.014393e-01 4.013819e-01 9.300000e-02 1.725000e-01 -3.017712e-01 4.016138e-01
-6.275000e-01 1.730000e-01 -2.359382e-01 4.084206e-01 -6.280000e-01 1.735000e-01 -2.360062e-01 4.083731e-01
-6.270000e-01 1.725000e-01 -2.358713e-01 4.084687e-01 -6.275000e-01 1.730000e-01 -2.359382e-01 4.084206e-01
9.300000e-02 1.725000e-01 -3.017712e-01 4.016138e-01 9.300000e-02 1.735000e-01 -3.021028e-01 4.018438e-01
-6.280000e-01 1.735000e-01 -2.360062e-01 4.083731e-01 -6.280000e-01 1.745000e-01 -2.356759e-01 4.086069e-01
9.300000e-02 1.735000e-01 -3.021028e-01 4.018438e-01 9.350000e-02 1.740000e-01 -3.020297e-01 4.017924e-01
9.350000e-02 1.740000e-01 -3.020297e-01 4.017924e-01 9.400000e-02 1.745000e-01 -3.019554e-01 4.017415e-01
-6.280000e-01 1.745000e-01 -2.356759e-01 4.086069e-01 -6.280000e-01 1.755000e-01 -2.353458e-01 4.088388e-01
9.400000e-02 1.745000e-01 -3.019554e-01 4.017415e-01 9.400000e-02 1.755000e-01 -3.022854e-01 4.019684e-01
-6.285000e-01 1.760000e-01 -2.354157e-01 4.087889e-01 -6.290000e-01 1.765000e-01 -2.354868e-01 4.087397e-01
-6.280000e-01 1.755000e-01 -2.353458e-01 4.088388e-01 -6.285000e-01 1.760000e-01 -2.354157e-01 4.087889e-01
9.400000e-02 1.755000e-01 -3.022854e-01 4.019684e-01 9.450000e-02 1.760000e-01 -3.022099e-01 4.019161e-01
9.450000e-02 1.760000e-01 -3.022099e-01 4.019161e-01 9.500000e-02 1.765000e-01 -3.021331e-01 4.018644e-01
-6.290000e-01 1.765000e-01 -2.354868e-01 4.087397e-01 -6.290000e-01 1.775000e-01 -2.351583e-01 4.089682e-01
9.500000e-02 1.765000e-01 -3.021331e-01 4.018644e-01 9.500000e-02 1.775000e-01 -3.024615e-01 4.020880e-01
-6.295000e-01 1.780000e-01 -2.352306e-01 4.089175e-01 -6.300000e-01 1.785000e-01 -2.353042e-01 4.088673e-01
-6.290000e-01 1.775000e-01 -2.351583e-01 4.089682e-01 -6.295000e-01 1.780000e-01 -2.352306e-01 4.089175e-01
9.500000e-02 1.775000e-01 -3.024615e-01 4.020880e-01 9.500000e-02 1.785000e-01 -3.027895e-01 4.023099e-01
-6.300000e-01 1.785000e-01 -2.353042e-01 4.088673e-01 -6.300000e-01 1.795000e-01 -2.349772e-01 4.090925e-01
9.500000e-02 1.785000e-01 -3.027895e-01 4.023099e-01 9.550000e-02 1.790000e-01 -3.027108e-01 4.022561e-01
9.550000e-02 1.790000e-01 -3.027108e-01 4.022561e-01 9.600000e-02 1.795000e-01 -3.026309e-01 4.022030e-01
-6.300000e-01 1.795000e-01 -2.349772e-01 4.090925e-01 -6.300000e-01 1.805000e-01 -2.346505e-01 4.093159e-01
9.600000e-02 1.795000e-01 -3.026309e-01 4.022030e-01 9.600000e-02 1.805000e-01 -3.029573e-01 4.024217e-01
-6.305000e-01 1.810000e-01 -2.347260e-01 4.092635e-01 -6.310000e-01 1.815000e-01 -2.348027e-01 4.092117e-01
-6.300000e-01 1.805000e-01 -2.346505e-01 4.093159e-01 -6.305000e-01 1.810000e-01 -2.347260e-01 4.092635e-01
9.600000e-02 1.805000e-01 -3.029573e-01 4.024217e-01 9.600000e-02 1.815000e-01 -3.032832e-01 4.026386e-01
-6.310000e-01 1.815000e-01 -2.348027e-01 4.092117e-01 -6.310000e-01 1.825000e-01 -2.344776e-01 4.094317e-01
9.600000e-02 1.815000e-01 -3.032832e-01 4.026386e-01 9.650000e-02 1.820000e-01 -3.032014e-01 4.025834e-01
9.650000e-02 1.820000e-01 -3.032014e-01 4.025834e-01 9.700000e-02 1.825000e-01 -3.031184e-01 4.025288e-01
-6.315000e-01 1.830000e-01 -2.345556e-01 4.093785e-01 -6.320000e-01 1.835000e-01 -2.346348e-01 4.093259e-01
-6.310000e-01 1.825000e-01 -2.344776e-01 4.094317e-01 -6.315000e-01 1.830000e-01 -2.345556e-01 4.093785e-01
9.700000e-02 1.825000e-01 -3.031184e-01 4.025288e-01 9.700000e-02 1.835000e-01 -3.034426e-01 4.027426e-01
-6.320000e-01 1.835000e-01 -2.346348e-01 4.093259e-01 -6.320000e-01 1.845000e-01 -2.343114e-01 4.095426e-01
9.700000e-02 1.835000e-01 -3.034426e-01 4.027426e-01 9.750000e-02 1.840000e-01 -3.033582e-01 4.026867e-01
9.750000e-02 1.840000e-01 -3.033582e-01 4.026867e-01 9.800000e-02 1.845000e-01 -3.032726e-01 4.026315e-01
-6.320000e-01 1.845000e-01 -2.343114e-01 4.095426e-01 -6.320000e-01 1.855000e-01 -2.339884e-01 4.097575e-01
9.800000e-02 1.845000e-01 -3.032726e-01 4.026315e-01 9.800000e-02 1.855000e-01 -3.035951e-01 4.028422e-01
-6.325000e-01 1.860000e-01 -2.340696e-01 4.097028e-01 -6.330000e-01 1.865000e-01 -2.341520e-01 4.096487e-01
-6.320000e-01 1.855000e-01 -2.339884e-01 4.097575e-01 -6.325000e-01 1.860000e-01 -2.340696e-01 4.097028e-01
9.800000e-02 1.855000e-01 -3.035951e-01 4.028422e-01 9.800000e-02 1.865000e-01 -3.039171e-01 4.030511e-01
-6.330000e-01 1.865000e-01 -2.341520e-01 4.096487e-01 -6.330000e-01 1.875000e-01 -2.338307e-01 4.098603e-01
9.800000e-02 1.865000e-01 -3.039171e-01 4.030511e-01 9.850000e-02 1.870000e-01 -3.038295e-01 4.029939e-01
9.850000e-02 1.870000e-01 -3.038295e-01 4.029939e-01 9.900000e-02 1.875000e-01 -3.037407e-01 4.029373e-01
-6.335000e-01 1.880000e-01 -2.339145e-01 4.098048e-01 -6.340000e-01 1.885000e-01 -2.339994e-01 4.097499e-01
-6.330000e-01 1.875000e-01 -2.338307e-01 4.098603e-01 -6.335000e-01 1.880000e-01 -2.339145e-01 4.098048e-01
9.900000e-02 1.875000e-01 -3.037407e-01 4.029373e-01 9.900000e-02 1.885000e-01 -3.040609e-01 4.031431e-01
-6.340000e-01 1.885000e-01 -2.339994e-01 4.097499e-01 -6.340000e-01 1.895000e-01 -2.336799e-01 4.099583e-01
9.900000e-02 1.885000e-01 -3.040609e-01 4.031431e-01 9.900000e-02 1.895000e-01 -3.043806e-01 4.033472e-01
-6.340000e-01 1.895000e-01 -2.336799e-01 4.099583e-01 -6.340000e-01 1.905000e-01 -2.333608e-01 4.101649e-01
9.900000e-02 1.895000e-01 -3.043806e-01 4.033472e-01 9.950000e-02 1.900000e-01 -3.042897e-01 4.032887e-01
9.950000e-02 1.900000e-01 -3.042897e-01 4.032887e-01 1.000000e-01 1.905000e-01 -3.041976e-01 4.032309e-01
-6.345000e-01 1.910000e-01 -2.334478e-01 4.101080e-01 -6.350000e-01 1.915000e-01 -2.335360e-01 4.100517e-01
-6.340000e-01 1.905000e-01 -2.333608e-01 4.101649e-01 -6.345000e-01 1.910000e-01 -2.334478e-01 4.101080e-01
1.000000e-01 1.905000e-01 -3.041976e-01 4.032309e-01 1.000000e-01 1.915000e-01 -3.045155e-01 4.034320e-01
-6.350000e-01 1.915000e-01 -2.335360e-01 4.100517e-01 -6.350000e-01 1.925000e-01 -2.332187e-01 4.102551e-01
1.000000e-01 1.915000e-01 -3.045155e-01 4.034320e-01 1.000000e-01 1.925000e-01 -3.048328e-01 4.036312e-01
-6.355000e-01 1.930000e-01 -2.333083e-01 4.101974e-01 -6.360000e-01 1.935000e-01 -2.333991e-01 4.101405e-01
-6.350000e-01 1.925000e-01 -2.332187e-01 4.102551e-01 -6.355000e-01 1.930000e-01 -2.333083e-01 4.101974e-01
1.000000e-01 1.925000e-01 -3.048328e-01 4.036312e-01 1.005000e-01 1.930000e-01 -3.047386e-01 4.035716e-01
1.005000e-01 1.930000e-01 -3.047386e-01 4.035716e-01 1.010000e-01 1.935000e-01 -3.046432e-01 4.035126e-01
-6.360000e-01 1.935000e-01 -2.333991e-01 4.101405e-01 -6.360000e-01 1.945000e-01 -2.330837e-01 4.103407e-01
1.010000e-01 1.935000e-01 -3.046432e-01 4.035126e-01 1.010000e-01 1.945000e-01 -3.049587e-01 4.037088e-01
-6.360000e-01 1.945000e-01 -2.330837e-01 4.103407e-01 -6.360000e-01 1.955000e-01 -2.327689e-01 4.105391e-01
1.010000e-01 1.945000e-01 -3.049587e-01 4.037088e-01 1.010000e-01 1.955000e-01 -3.052736e-01 4.039034e-01
-6.365000e-01 1.960000e-01 -2.328618e-01 4.104802e-01 -6.370000e-01 1.965000e-01 -2.329559e-01 4.104219e-01
-6.360000e-01 1.955000e-01 -2.327689e-01 4.105391e-01 -6.365000e-01 1.960000e-01 -2.328618e-01 4.104802e-01
1.010000e-01 1.955000e-01 -3.052736e-01 4.039034e-01 1.015000e-01 1.960000e-01 -3.051761e-01 4.038426e-01
1.015000e-01 1.960000e-01 -3.051761e-01 4.038426e-01 1.020000e-01 1.965000e-01 -3.050773e-01 4.037825e-01
-6.370000e-01 1.965000e-01 -2.329559e-01 4.104219e-01 -6.370000e-01 1.975000e-01 -2.326429e-01 4.106172e-01
1.020000e-01 1.965000e-01 -3.050773e-01 4.037825e-01 1.020000e-01 1.975000e-01 -3.053902e-01 4.039740e-01
-6.370000e-01 1.975000e-01 -2.326429e-01 4.106172e-01 -6.370000e-01 1.985000e-01 -2.323304e-01 4.108106e-01
1.020000e-01 1.975000e-01 -3.053902e-01 4.039740e-01 1.020000e-01 1.985000e-01 -3.057026e-01 4.041639e-01
-6.375000e-01 1.990000e-01 -2.324267e-01 4.107504e-01 -6.380000e-01 1.995000e-01 -2.325241e-01 4.106910e-01
-6.370000e-01 1.985000e-01 -2.323304e-01 4.108106e-01 -6.375000e-01 1.990000e-01 -2.324267e-01 4.107504e-01
1.020000e-01 1.985000e-01 -3.057026e-01 4.041639e-01 1.025000e-01 1.990000e-01 -3.056016e-01 4.041020e-01
1.025000e-01 1.990000e-01 -3.056016e-01 4.041020e-01 1.030000e-01 1.995000e-01 -3.054995e-01 4.040408e-01
-6.380000e-01 1.995000e-01 -2.325241e-01 4.106910e-01 -6.380000e-01 2.005000e-01 -2.322136e-01 4.108813e-01
1.030000e-01 1.995000e-01 -3.054995e-01 4.040408e-01 1.030000e-01 2.005000e-01 -3.058098e-01 4.042277e-01
-6.380000e-01 2.005000e-01 -2.322136e-01 4.108813e-01 -6.380000e-01 2.015000e-01 -2.319037e-01 4.110699e-01
1.030000e-01 2.005000e-01 -3.058098e-01 4.042277e-01 1.030000e-01 2.015000e-01 -3.061196e-01 4.044129e-01
-6.385000e-01 2.020000e-01 -2.320034e-01 4.110085e-01 -6.390000e-01 2.025000e-01 -2.321042e-01 4.109479e-01
-6.380000e-01 2.015000e-01 -2.319037e-01 4.110699e-01 -6.385000e-01 2.020000e-01 -2.320034e-01 4.110085e-01
1.030000e-01 2.015000e-01 -3.061196e-01 4.044129e-01 1.035000e-01 2.020000e-01 -3.060152e-01 4.043500e-01
1.035000e-01 2.020000e-01 -3.060152e-01 4.043500e-01 1.040000e-01 2.025000e-01 -3.059097e-01 4.042879e-01
-6.390000e-01 2.025000e-01 -2.321042e-01 4.109479e-01 -6.390000e-01 2.035000e-01 -2.317963e-01 4.111334e-01
1.040000e-01 2.025000e-01 -3.059097e-01 4.042879e-01 1.040000e-01 2.035000e-01 -3.062173e-01 4.044702e-01
-6.395000e-01 2.040000e-01 -2.318986e-01 4.110715e-01 -6.400000e-01 2.045000e-01 -2.320022e-01 4.110104e-01
-6.390000e-01 2.035000e-01 -2.317963e-01 4.111334e-01 -6.395000e-01 2.040000e-01 -2.318986e-01 4.110715e-01
1.040000e-01 2.035000e-01 -3.062173e-01 4.044702e-01 1.040000e-01 2.045000e-01 -3.065244e-01 4.046507e-01
-6.400000e-01 2.045000e-01 -2.320022e-01 4.110104e-01 -6.400000e-01 2.055000e-01 -2.316964e-01 4.111929e-01
1.040000e-01 2.045000e-01 -3.065244e-01 4.046507e-01 1.045000e-01 2.050000e-01 -3.064166e-01 4.045869e-01
1.045000e-01 2.050000e-01 -3.064166e-01 4.045869e-01 1.050000e-01 2.055000e-01 -3.063075e-01 4.045239e-01
-6.400000e-01 2.055000e-01 -2.316964e-01 4.111929e-01 -6.400000e-01 2.065000e-01 -2.313911e-01 4.113736e-01
1.050000e-01 2.055000e-01 -3.063075e-01 4.045239e-01 1.050000e-01 2.065000e-01 -3.066125e-01 4.047016e-01
-6.405000e-01 2.070000e-01 -2.314969e-01 4.113107e-01 -6.410000e-01 2.075000e-01 -2.316039e-01 4.112485e-01
-6.400000e-01 2.065000e-01 -2.313911e-01 4.113736e-01 -6.405000e-01 2.070000e-01 -2.314969e-01 4.113107e-01
1.050000e-01 2.065000e-01 -3.066125e-01 4.047016e-01 1.050000e-01 2.075000e-01 -3.069168e-01 4.048776e-01
-6.410000e-01 2.075000e-01 -2.316039e-01 4.112485e-01 -6.410000e-01 2.085000e-01 -2.313008e-01 4.114262e-01
1.050000e-01 2.075000e-01 -3.069168e-01 4.048776e-01 1.055000e-01 2.080000e-01 -3.068054e-01 4.048129e-01
1.055000e-01 2.080000e-01 -3.068054e-01 4.048129e-01 1.060000e-01 2.085000e-01 -3.066929e-01 4.047490e-01
-6.410000e-01 2.085000e-01 -2.313008e-01 4.114262e-01 -6.410000e-01 2.095000e-01 -2.309982e-01 4.116021e-01
1.060000e-01 2.085000e-01 -3.066929e-01 4.047490e-01 1.060000e-01 2.095000e-01 -3.069950e-01 4.049222e-01
-6.415000e-01 2.100000e-01 -2.311076e-01 4.115382e-01 -6.420000e-01 2.105000e-01 -2.312181e-01 4.114750e-01
-6.410000e-01 2.095000e-01 -2.309982e-01 4.116021e-01 -6.415000e-01 2.100000e-01 -2.311076e-01 4.115382e-01
1.060000e-01 2.095000e-01 -3.069950e-01 4.049222e-01 1.060000e-01 2.105000e-01 -3.072965e-01 4.050937e-01
-6.420000e-01 2.105000e-01 -2.312181e-01 4.114750e-01 -6.420000e-01 2.115000e-01 -2.309177e-01 4.116480e-01
1.060000e-01 2.105000e-01 -3.072965e-01 4.050937e-01 1.060000e-01 2.115000e-01 -3.075973e-01 4.052636e-01
-6.420000e-01 2.115000e-01 -2.309177e-01 4.116480e-01 -6.420000e-01 2.125000e-01 -2.306180e-01 4.118192e-01
1.060000e-01 2.115000e-01 -3.075973e-01 4.052636e-01 1.065000e-01 2.120000e-01 -3.074816e-01 4.051975e-01
1.065000e-01 2.120000e-01 -3.074816e-01 4.051975e-01 1.070000e-01 2.125000e-01 -3.073648e-01 4.051323e-01
-6.425000e-01 2.130000e-01 -2.307308e-01 4.117544e-01 -6.430000e-01 2.135000e-01 -2.308449e-01 4.116903e-01
-6.420000e-01 2.125000e-01 -2.306180e-01 4.118192e-01 -6.425000e-01 2.130000e-01 -2.307308e-01 4.117544e-01
1.070000e-01 2.125000e-01 -3.073648e-01 4.051323e-01 1.070000e-01 2.135000e-01 -3.076633e-01 4.052994e-01
-6.430000e-01 2.135000e-01 -2.308449e-01 4.116903e-01 -6.430000e-01 2.145000e-01 -2.305474e-01 4.118586e-01
1.070000e-01 2.135000e-01 -3.076633e-01 4.052994e-01 1.070000e-01 2.145000e-01 -3.079611e-01 4.054648e-01
-6.430000e-01 2.145000e-01 -2.305474e-01 4.118586e-01 -6.430000e-01 2.155000e-01 -2.302505e-01 4.120252e-01
1.070000e-01 2.145000e-01 -3.079611e-01 4.054648e-01 1.075000e-01 2.150000e-01 -3.078419e-01 4.053981e-01
1.075000e-01 2.150000e-01 -3.078419e-01 4.053981e-01 1.080000e-01 2.155000e-01 -3.077215e-01 4.053322e-01
-6.435000e-01 2.160000e-01 -2.303670e-01 4.119595e-01 -6.440000e-01 2.165000e-01 -2.304846e-01 4.118946e-01
-6.430000e-01 2.155000e-01 -2.302505e-01 4.120252e-01 -6.435000e-01 2.160000e-01 -2.303670e-01 4.119595e-01
1.080000e-01 2.155000e-01 -3.077215e-01 4.053322e-01 1.080000e-01 2.165000e-01 -3.080170e-01 4.054949e-01
-6.440000e-01 2.165000e-01 -2.304846e-01 4.118946e-01 -6.440000e-01 2.175000e-01 -2.301901e-01 4.120583e-01
1.080000e-01 2.165000e-01 -3.080170e-01 4.054949e-01 1.080000e-01 2.175000e-01 -3.083118e-01 4.056559e-01
-6.440000e-01 2.175000e-01 -2.301901e-01 4.120583e-01 -6.440000e-01 2.185000e-01 -2.298962e-01 4.122203e-01
1.080000e-01 2.175000e-01 -3.083118e-01 4.056559e-01 1.085000e-01 2.180000e-01 -3.081889e-01 4.055885e-01
1.085000e-01 2.180000e-01 -3.081889e-01 4.055885e-01 1.090000e-01 2.185000e-01 -3.080650e-01 4.055220e-01
-6.445000e-01 2.190000e-01 -2.300163e-01 4.121538e-01 -6.450000e-01 2.195000e-01 -2.301375e-01 4.120881e-01
-6.440000e-01 2.185000e-01 -2.298962e-01 4.122203e-01 -6.445000e-01 2.190000e-01 -2.300163e-01 4.121538e-01
1.090000e-01 2.185000e-01 -3.080650e-01 4.055220e-01 1.090000e-01 2.195000e-01 -3.083574e-01 4.056803e-01
-6.450000e-01 2.195000e-01 -2.301375e-01 4.120881e-01 -6.450000e-01 2.205000e-01 -2.298460e-01 4.122473e-01
1.090000e-01 2.195000e-01 -3.083574e-01 4.056803e-01 1.090000e-01 2.205000e-01 -3.086490e-01 4.058371e-01
-6.450000e-01 2.205000e-01 -2.298460e-01 4.122473e-01 -6.450000e-01 2.215000e-01 -2.295551e-01 4.124047e-01
1.090000e-01 2.205000e-01 -3.086490e-01 4.058371e-01 1.090000e-01 2.215000e-01 -3.089400e-01 4.059921e-01
-6.455000e-01 2.220000e-01 -2.296789e-01 4.123375e-01 -6.460000e-01 2.225000e-01 -2.298037e-01 4.122711e-01
-6.450000e-01 2.215000e-01 -2.295551e-01 4.124047e-01 -6.455000e-01 2.220000e-01 -2.296789e-01 4.123375e-01
1.090000e-01 2.215000e-01 -3.089400e-01 4.059921e-01 1.095000e-01 2.220000e-01 -3.088127e-01 4.059237e-01
1.095000e-01 2.220000e-01 -3.088127e-01 4.059237e-01 1.100000e-01 2.225000e-01 -3.086842e-01 4.058561e-01
-6.460000e-01 2.225000e-01 -2.298037e-01 4.122711e-01 -6.460000e-01 2.235000e-01 -2.295153e-01 4.124258e-01
1.100000e-01 2.225000e-01 -3.086842e-01 4.058561e-01 1.100000e-01 2.235000e-01 -3.089727e-01 4.060086e-01
-6.460000e-01 2.235000e-01 -2.295153e-01 4.124258e-01 -6.460000e-01 2.245000e-01 -2.292276e-01 4.125787e-01
1.100000e-01 2.235000e-01 -3.089727e-01 4.060086e-01 1.100000e-01 2.245000e-01 -3.092604e-01 4.061594e-01
-6.465000e-01 2.250000e-01 -2.293550e-01 4.125109e-01 -6.470000e-01 2.255000e-01 -2.294835e-01 4.124439e-01
-6.460000e-01 2.245000e-01 -2.292276e-01 4.125787e-01 -6.465000e-01 2.250000e-01 -2.293550e-01 4.125109e-01
1.100000e-01 2.245000e-01 -3.092604e-01 4.061594e-01 1.105000e-01 2.250000e-01 -3.091295e-01 4.060905e-01
1.105000e-01 2.250000e-01 -3.091295e-01 4.060905e-01 1.110000e-01 2.255000e-01 -3.089973e-01 4.060225e-01
-6.470000e-01 2.255000e-01 -2.294835e-01 4.124439e-01 -6.470000e-01 2.265000e-01 -2.291983e-01 4.125941e-01
1.110000e-01 2.255000e-01 -3.089973e-01 4.060225e-01 1.110000e-01 2.265000e-01 -3.092826e-01 4.061708e-01
-6.470000e-01 2.265000e-01 -2.291983e-01 4.125941e-01 -6.470000e-01 2.275000e-01 -2.289138e-01 4.127427e-01
1.110000e-01 2.265000e-01 -3.092826e-01 4.061708e-01 1.110000e-01 2.275000e-01 -3.095670e-01 4.063175e-01
-6.470000e-01 2.275000e-01 -2.289138e-01 4.127427e-01 -6.470000e-01 2.285000e-01 -2.286301e-01 4.128895e-01
1.110000e-01 2.275000e-01 -3.095670e-01 4.063175e-01 1.110000e-01 2.285000e-01 -3.098506e-01 4.064625e-01
-6.475000e-01 2.290000e-01 -2.287621e-01 4.128206e-01 -6.480000e-01 2.295000e-01 -2.288951e-01 4.127526e-01
-6.470000e-01 2.285000e-01 -2.286301e-01 4.128895e-01 -6.475000e-01 2.290000e-01 -2.287621e-01 4.128206e-01
1.110000e-01 2.285000e-01 -3.098506e-01 4.064625e-01 1.115000e-01 2.290000e-01 -3.097151e-01 4.063928e-01
1.115000e-01 2.290000e-01 -3.097151e-01 4.063928e-01 1.120000e-01 2.295000e-01 -3.095784e-01 4.063239e-01
-6.480000e-01 2.295000e-01 -2.288951e-01 4.127526e-01 -6.480000e-01 2.305000e-01 -2.286139e-01 4.128968e-01
1.120000e-01 2.295000e-01 -3.095784e-01 4.063239e-01 1.120000e-01 2.305000e-01 -3.098595e-01 4.064665e-01
-6.480000e-01 2.305000e-01 -2.286139e-01 4.128968e-01 -6.480000e-01 2.315000e-01 -2.283336e-01 4.130393e-01
1.120000e-01 2.305000e-01 -3.098595e-01 4.064665e-01 1.120000e-01 2.315000e-01 -3.101398e-01 4.066074e-01
-6.485000e-01 2.320000e-01 -2.284693e-01 4.129699e-01 -6.490000e-01 2.325000e-01 -2.286060e-01 4.129014e-01
-6.480000e-01 2.315000e-01 -2.283336e-01 4.130393e-01 -6.485000e-01 2.320000e-01 -2.284693e-01 4.129699e-01
1.120000e-01 2.315000e-01 -3.101398e-01 4.066074e-01 1.120000e-01 2.325000e-01 -3.104192e-01 4.067467e-01
-6.490000e-01 2.325000e-01 -2.286060e-01 4.129014e-01 -6.490000e-01 2.335000e-01 -2.283282e-01 4.130413e-01
1.120000e-01 2.325000e-01 -3.104192e-01 4.067467e-01 1.125000e-01 2.330000e-01 -3.102790e-01 4.066763e-01
1.125000e-01 2.330000e-01 -3.102790e-01 4.066763e-01 1.130000e-01 2.335000e-01 -3.101377e-01 4.066067e-01
-6.490000e-01 2.335000e-01 -2.283282e-01 4.130413e-01 -6.490000e-01 2.345000e-01 -2.280513e-01 4.131796e-01
1.130000e-01 2.335000e-01 -3.101377e-01 4.066067e-01 1.130000e-01 2.345000e-01 -3.104145e-01 4.067437e-01
-6.495000e-01 2.350000e-01 -2.281907e-01 4.131098e-01 -6.500000e-01 2.355000e-01 -2.283312e-01 4.130409e-01
-6.490000e-01 2.345000e-01 -2.280513e-01 4.131796e-01 -6.495000e-01 2.350000e-01 -2.281907e-01 4.131098e-01
1.130000e-01 2.345000e-01 -3.104145e-01 4.067437e-01 1.130000e-01 2.355000e-01 -3.106904e-01 4.068790e-01
-6.500000e-01 2.355000e-01 -2.283312e-01 4.130409e-01 -6.500000e-01 2.365000e-01 -2.280569e-01 4.131766e-01
1.130000e-01 2.355000e-01 -3.106904e-01 4.068790e-01 1.130000e-01 2.365000e-01 -3.109655e-01 4.070127e-01
-6.500000e-01 2.365000e-01 -2.280569e-01 4.131766e-01 -6.500000e-01 2.375000e-01 -2.277834e-01 4.133107e-01
1.130000e-01 2.365000e-01 -3.109655e-01 4.070127e-01 1.135000e-01 2.370000e-01 -3.108206e-01 4.069417e-01
1.135000e-01 2.370000e-01 -3.108206e-01 4.069417e-01 1.140000e-01 2.375000e-01 -3.106747e-01 4.068716e-01
-6.500000e-01 2.375000e-01 -2.277834e-01 4.133107e-01 -6.500000e-01 2.385000e-01 -2.275108e-01 4.134430e-01
1.140000e-01 2.375000e-01 -3.106747e-01 4.068716e-01 1.140000e-01 2.385000e-01 -3.109471e-01 4.070030e-01
-6.505000e-01 2.390000e-01 -2.276549e-01 4.133725e-01 -6.510000e-01 2.395000e-01 -2.278000e-01 4.133029e-01
-6.500000e-01 2.385000e-01 -2.275108e-01 4.134430e-01 -6.505000e-01 2.390000e-01 -2.276549e-01 4.133725e-01
1.140000e-01 2.385000e-01 -3.109471e-01 4.070030e-01 1.140000e-01 2.395000e-01 -3.112185e-01 4.071328e-01
-6.510000e-01 2.395000e-01 -2.278000e-01 4.133029e-01 -6.510000e-01 2.405000e-01 -2.275302e-01 4.134329e-01
1.140000e-01 2.395000e-01 -3.112185e-01 4.071328e-01 1.140000e-01 2.405000e-01 -3.114891e-01 4.072611e-01
-6.510000e-01 2.405000e-01 -2.275302e-01 4.134329e-01 -6.510000e-01 2.415000e-01 -2.272611e-01 4.135611e-01
1.140000e-01 2.405000e-01 -3.114891e-01 4.072611e-01 1.145000e-01 2.410000e-01 -3.113395e-01 4.071896e-01
1.145000e-01 2.410000e-01 -3.113395e-01 4.071896e-01 1.150000e-01 2.415000e-01 -3.111889e-01 4.071190e-01
-6.515000e-01 2.420000e-01 -2.274090e-01 4.134904e-01 -6.520000e-01 2.425000e-01 -2.275580e-01 4.134206e-01
-6.510000e-01 2.415000e-01 -2.272611e-01 4.135611e-01 -6.515000e-01 2.420000e-01 -2.274090e-01 4.134904e-01
1.150000e-01 2.415000e-01 -3.111889e-01 4.071190e-01 1.150000e-01 2.425000e-01 -3.114567e-01 4.072450e-01
-6.520000e-01 2.425000e-01 -2.275580e-01 4.134206e-01 -6.520000e-01 2.435000e-01 -2.272917e-01 4.135464e-01
1.150000e-01 2.425000e-01 -3.114567e-01 4.072450e-01 1.150000e-01 2.435000e-01 -3.117236e-01 4.073694e-01
-6.520000e-01 2.435000e-01 -2.272917e-01 4.135464e-01 -6.520000e-01 2.445000e-01 -2.270263e-01 4.136707e-01
1.150000e-01 2.435000e-01 -3.117236e-01 4.073694e-01 1.150000e-01 2.445000e-01 -3.119896e-01 4.074923e-01
-6.520000e-01 2.445000e-01 -2.270263e-01 4.136707e-01 -6.520000e-01 2.455000e-01 -2.267619e-01 4.137933e-01
1.150000e-01 2.445000e-01 -3.119896e-01 4.074923e-01 1.155000e-01 2.450000e-01 -3.118353e-01 4.074205e-01
1.155000e-01 2.450000e-01 -3.118353e-01 4.074205e-01 1.160000e-01 2.455000e-01 -3.116800e-01 4.073496e-01
-6.525000e-01 2.460000e-01 -2.269146e-01 4.137221e-01 -6.530000e-01 2.465000e-01 -2.270682e-01 4.136517e-01
-6.520000e-01 2.455000e-01 -2.267619e-01 4.137933e-01 -6.525000e-01 2.460000e-01 -2.269146e-01 4.137221e-01
1.160000e-01 2.455000e-01 -3.116800e-01 4.073496e-01 1.160000e-01 2.465000e-01 -3.119431e-01 4.074703e-01
-6.530000e-01 2.465000e-01 -2.270682e-01 4.136517e-01 -6.530000e-01 2.475000e-01 -2.268066e-01 4.137720e-01
1.160000e-01 2.465000e-01 -3.119431e-01 4.074703e-01 1.160000e-01 2.475000e-01 -3.122053e-01 4.075894e-01
-6.530000e-01 2.475000e-01 -2.268066e-01 4.137720e-01 -6.530000e-01 2.485000e-01 -2.265459e-01 4.138907e-01
1.160000e-01 2.475000e-01 -3.122053e-01 4.075894e-01 1.160000e-01 2.485000e-01 -3.124664e-01 4.077071e-01
-6.530000e-01 2.485000e-01 -2.265459e-01 4.138907e-01 -6.530000e-01 2.495000e-01 -2.262862e-01 4.140078e-01
1.160000e-01 2.485000e-01 -3.124664e-01 4.077071e-01 1.165000e-01 2.490000e-01 -3.123073e-01 4.076350e-01
1.165000e-01 2.490000e-01 -3.123073e-01 4.076350e-01 1.170000e-01 2.495000e-01 -3.121472e-01 4.075639e-01
-6.535000e-01 2.500000e-01 -2.264436e-01 4.139362e-01 -6.540000e-01 2.505000e-01 -2.266021e-01 4.138655e-01
-6.530000e-01 2.495000e-01 -2.262862e-01 4.140078e-01 -6.535000e-01 2.500000e-01 -2.264436e-01 4.139362e-01
1.170000e-01 2.495000e-01 -3.121472e-01 4.075639e-01 1.170000e-01 2.505000e-01 -3.124056e-01 4.076794e-01
-6.540000e-01 2.505000e-01 -2.266021e-01 4.138655e-01 -6.540000e-01 2.515000e-01 -2.263453e-01 4.139803e-01
1.170000e-01 2.505000e-01 -3.124056e-01 4.076794e-01 1.170000e-01 2.515000e-01 -3.126629e-01 4.077934e-01
-6.540000e-01 2.515000e-01 -2.263453e-01 4.139803e-01 -6.540000e-01 2.525000e-01 -2.260893e-01 4.140936e-01
1.170000e-01 2.515000e-01 -3.126629e-01 4.077934e-01 1.170000e-01 2.525000e-01 -3.129192e-01 4.079059e-01
-6.545000e-01 2.530000e-01 -2.262507e-01 4.140219e-01 -6.550000e-01 2.535000e-01 -2.264130e-01 4.139513e-01
-6.540000e-01 2.525000e-01 -2.260893e-01 4.140936e-01 -6.545000e-01 2.530000e-01 -2.262507e-01 4.140219e-01
1.170000e-01 2.525000e-01 -3.129192e-01 4.079059e-01 1.175000e-01 2.530000e-01 -3.127554e-01 4.078338e-01
1.175000e-01 2.530000e-01 -3.127554e-01 4.078338e-01 1.180000e-01 2.535000e-01 -3.125905e-01 4.077625e-01
-6.550000e-01 2.535000e-01 -2.264130e-01 4.139513e-01 -6.550000e-01 2.545000e-01 -2.261601e-01 4.140623e-01
1.180000e-01 2.535000e-01 -3.125905e-01 4.077625e-01 1.180000e-01 2.545000e-01 -3.128439e-01 4.078730e-01
-6.550000e-01 2.545000e-01 -2.261601e-01 4.140623e-01 -6.550000e-01 2.555000e-01 -2.259081e-01 4.141719e-01
1.180000e-01 2.545000e-01 -3.128439e-01 4.078730e-01 1.180000e-01 2.555000e-01 -3.130962e-01 4.079820e-01
-6.550000e-01 2.555000e-01 -2.259081e-01 4.141719e-01 -6.550000e-01 2.565000e-01 -2.256571e-01 4.142798e-01
1.180000e-01 2.555000e-01 -3.130962e-01 4.079820e-01 1.180000e-01 2.565000e-01 -3.133475e-01 4.080895e-01
-6.555000e-01 2.570000e-01 -2.258233e-01 4.142080e-01 -6.560000e-01 2.575000e-01 -2.259905e-01 4.141372e-01
-6.550000e-01 2.565000e-01 -2.256571e-01 4.142798e-01 -6.555000e-01 2.570000e-01 -2.258233e-01 4.142080e-01
1.180000e-01 2.565000e-01 -3.133475e-01 4.080895e-01 1.180000e-01 2.575000e-01 -3.135978e-01 4.081955e-01
-6.560000e-01 2.575000e-01 -2.259905e-01 4.141372e-01 -6.560000e-01 2.585000e-01 -2.257426e-01 4.142430e-01
1.180000e-01 2.575000e-01 -3.135978e-01 4.081955e-01 1.185000e-01 2.580000e-01 -3.134282e-01 4.081232e-01
1.185000e-01 2.580000e-01 -3.134282e-01 4.081232e-01 1.190000e-01 2.585000e-01 -3.132574e-01 4.080518e-01
-6.560000e-01 2.585000e-01 -2.257426e-01 4.142430e-01 -6.560000e-01 2.595000e-01 -2.254956e-01 4.143473e-01
1.190000e-01 2.585000e-01 -3.132574e-01 4.080518e-01 1.190000e-01 2.595000e-01 -3.135048e-01 4.081559e-01
-6.560000e-01 2.595000e-01 -2.254956e-01 4.143473e-01 -6.560000e-01 2.605000e-01 -2.252497e-01 4.144501e-01
1.190000e-01 2.595000e-01 -3.135048e-01 4.081559e-01 1.190000e-01 2.605000e-01 -3.137510e-01 4.082585e-01
-6.565000e-01 2.610000e-01 -2.254208e-01 4.143782e-01 -6.570000e-01 2.615000e-01 -2.255928e-01 4.143074e-01
-6.560000e-01 2.605000e-01 -2.252497e-01 4.144501e-01 -6.565000e-01 2.610000e-01 -2.254208e-01 4.143782e-01
1.190000e-01 2.605000e-01 -3.137510e-01 4.082585e-01 1.190000e-01 2.615000e-01 -3.139961e-01 4.083597e-01
-6.570000e-01 2.615000e-01 -2.255928e-01 4.143074e-01 -6.570000e-01 2.625000e-01 -2.253500e-01 4.144082e-01
1.190000e-01 2.615000e-01 -3.139961e-01 4.083597e-01 1.190000e-01 2.625000e-01 -3.142402e-01 4.084594e-01
-6.570000e-01 2.625000e-01 -2.253500e-01 4.144082e-01 -6.570000e-01 2.635000e-01 -2.251082e-01 4.145074e-01
1.190000e-01 2.625000e-01 -3.142402e-01 4.084594e-01 1.195000e-01 2.630000e-01 -3.140646e-01 4.083870e-01
1.195000e-01 2.630000e-01 -3.140646e-01 4.083870e-01 1.200000e-01 2.635000e-01 -3.138881e-01 4.083157e-01
-6.570000e-01 2.635000e-01 -2.251082e-01 4.145074e-01 -6.570000e-01 2.645000e-01 -2.248675e-01 4.146051e-01
1.200000e-01 2.635000e-01 -3.138881e-01 4.083157e-01 1.200000e-01 2.645000e-01 -3.141291e-01 4.084136e-01
-6.575000e-01 2.650000e-01 -2.250434e-01 4.145333e-01 -6.580000e-01 2.655000e-01 -2.252204e-01 4.144626e-01
-6.570000e-01 2.645000e-01 -2.248675e-01 4.146051e-01 -6.575000e-01 2.650000e-01 -2.250434e-01 4.145333e-01
1.200000e-01 2.645000e-01 -3.141291e-01 4.084136e-01 1.200000e-01 2.655000e-01 -3.143690e-01 4.085100e-01
-6.580000e-01 2.655000e-01 -2.252204e-01 4.144626e-01 -6.580000e-01 2.665000e-01 -2.249828e-01 4.145584e-01
1.200000e-01 2.655000e-01 -3.143690e-01 4.085100e-01 1.200000e-01 2.665000e-01 -3.146077e-01 4.086051e-01
-6.580000e-01 2.665000e-01 -2.249828e-01 4.145584e-01 -6.580000e-01 2.675000e-01 -2.247463e-01 4.146526e-01
1.200000e-01 2.665000e-01 -3.146077e-01 4.086051e-01 1.200000e-01 2.675000e-01 -3.148454e-01 4.086987e-01
-6.580000e-01 2.675000e-01 -2.247463e-01 4.146526e-01 -6.580000e-01 2.685000e-01 -2.245109e-01 4.147454e-01
1.200000e-01 2.675000e-01 -3.148454e-01 4.086987e-01 1.205000e-01 2.680000e-01 -3.146639e-01 4.086265e-01
1.205000e-01 2.680000e-01 -3.146639e-01 4.086265e-01 1.210000e-01 2.685000e-01 -3.144815e-01 4.085553e-01
-6.585000e-01 2.690000e-01 -2.246918e-01 4.146739e-01 -6.590000e-01 2.695000e-01 -2.248737e-01 4.146034e-01
-6.580000e-01 2.685000e-01 -2.245109e-01 4.147454e-01 -6.585000e-01 2.690000e-01 -2.246918e-01 4.146739e-01
1.210000e-01 2.685000e-01 -3.144815e-01 4.085553e-01 1.210000e-01 2.695000e-01 -3.147160e-01 4.086472e-01
-6.590000e-01 2.695000e-01 -2.248737e-01 4.146034e-01 -6.590000e-01 2.705000e-01 -2.246414e-01 4.146943e-01
1.210000e-01 2.695000e-01 -3.147160e-01 4.086472e-01 1.210000e-01 2.705000e-01 -3.149494e-01 4.087377e-01
-6.590000e-01 2.705000e-01 -2.246414e-01 4.146943e-01 -6.590000e-01 2.715000e-01 -2.244103e-01 4.147838e-01
1.210000e-01 2.705000e-01 -3.149494e-01 4.087377e-01 1.210000e-01 2.715000e-01 -3.151817e-01 4.088268e-01
-6.590000e-01 2.715000e-01 -2.244103e-01 4.147838e-01 -6.590000e-01 2.725000e-01 -2.241803e-01 4.148718e-01
1.210000e-01 2.715000e-01 -3.151817e-01 4.088268e-01 1.210000e-01 2.725000e-01 -3.154128e-01 4.089145e-01
-6.590000e-01 2.725000e-01 -2.241803e-01 4.148718e-01 -6.590000e-01 2.735000e-01 -2.239515e-01 4.149583e-01
1.210000e-01 2.725000e-01 -3.154128e-01 4.089145e-01 1.215000e-01 2.730000e-01 -3.152253e-01 4.088427e-01
1.215000e-01 2.730000e-01 -3.152253e-01 4.088427e-01 1.220000e-01 2.735000e-01 -3.150369e-01 4.087719e-01
-6.595000e-01 2.740000e-01 -2.241384e-01 4.148871e-01 -6.600000e-01 2.745000e-01 -2.243262e-01 4.148168e-01
-6.590000e-01 2.735000e-01 -2.239515e-01 4.149583e-01 -6.595000e-01 2.740000e-01 -2.241384e-01 4.148871e-01
1.220000e-01 2.735000e-01 -3.150369e-01 4.087719e-01 1.220000e-01 2.745000e-01 -3.152648e-01 4.088581e-01
-6.600000e-01 2.745000e-01 -2.243262e-01 4.148168e-01 -6.600000e-01 2.755000e-01 -2.241006e-01 4.149016e-01
1.220000e-01 2.745000e-01 -3.152648e-01 4.088581e-01 1.220000e-01 2.755000e-01 -3.154915e-01 4.089428e-01
-6.600000e-01 2.755000e-01 -2.241006e-01 4.149016e-01 -6.600000e-01 2.765000e-01 -2.238762e-01 4.149850e-01
1.220000e-01 2.755000e-01 -3.154915e-01 4.089428e-01 1.220000e-01 2.765000e-01 -3.157170e-01 4.090262e-01
-6.600000e-01 2.765000e-01 -2.238762e-01 4.149850e-01 -6.600000e-01 2.775000e-01 -2.236529e-01 4.150669e-01
1.220000e-01 2.765000e-01 -3.157170e-01 4.090262e-01 1.220000e-01 2.775000e-01 -3.159413e-01 4.091082e-01
-6.605000e-01 2.780000e-01 -2.238448e-01 4.149961e-01 -6.610000e-01 2.785000e-01 -2.240376e-01 4.149264e-01
-6.600000e-01 2.775000e-01 -2.236529e-01 4.150669e-01 -6.605000e-01 2.780000e-01 -2.238448e-01 4.149961e-01
1.220000e-01 2.775000e-01 -3.159413e-01 4.091082e-01 1.225000e-01 2.780000e-01 -3.157479e-01 4.090370e-01
1.225000e-01 2.780000e-01 -3.157479e-01 4.090370e-01 1.230000e-01 2.785000e-01 -3.155535e-01 4.089668e-01
-6.610000e-01 2.785000e-01 -2.240376e-01 4.149264e-01 -6.610000e-01 2.795000e-01 -2.238176e-01 4.150067e-01
1.230000e-01 2.785000e-01 -3.155535e-01 4.089668e-01 1.230000e-01 2.795000e-01 -3.157746e-01 4.090473e-01
-6.610000e-01 2.795000e-01 -2.238176e-01 4.150067e-01 -6.610000e-01 2.805000e-01 -2.235988e-01 4.150856e-01
1.230000e-01 2.795000e-01 -3.157746e-01 4.090473e-01 1.230000e-01 2.805000e-01 -3.159945e-01 4.091266e-01
-6.610000e-01 2.805000e-01 -2.235988e-01 4.150856e-01 -6.610000e-01 2.815000e-01 -2.233812e-01 4.151631e-01
1.230000e-01 2.805000e-01 -3.159945e-01 4.091266e-01 1.230000e-01 2.815000e-01 -3.162131e-01 4.092044e-01
-6.610000e-01 2.815000e-01 -2.233812e-01 4.151631e-01 -6.610000e-01 2.825000e-01 -2.231648e-01 4.152391e-01
1.230000e-01 2.815000e-01 -3.162131e-01 4.092044e-01 1.230000e-01 2.825000e-01 -3.164304e-01 4.092810e-01
-6.615000e-01 2.830000e-01 -2.233628e-01 4.151689e-01 -6.620000e-01 2.835000e-01 -2.235616e-01 4.150998e-01
-6.610000e-01 2.825000e-01 -2.231648e-01 4.152391e-01 -6.615000e-01 2.830000e-01 -2.233628e-01 4.151689e-01
1.230000e-01 2.825000e-01 -3.164304e-01 4.092810e-01 1.230000e-01 2.835000e-01 -3.166466e-01 4.093563e-01
-6.620000e-01 2.835000e-01 -2.235616e-01 4.150998e-01 -6.620000e-01 2.845000e-01 -2.233485e-01 4.151743e-01
1.230000e-01 2.835000e-01 -3.166466e-01 4.093563e-01 1.235000e-01 2.840000e-01 -3.164461e-01 4.092858e-01
1.235000e-01 2.840000e-01 -3.164461e-01 4.092858e-01 1.240000e-01 2.845000e-01 -3.162447e-01 4.092163e-01
-6.620000e-01 2.845000e-01 -2.233485e-01 4.151743e-01 -6.620000e-01 2.855000e-01 -2.231367e-01 4.152475e-01
1.240000e-01 2.845000e-01 -3.162447e-01 4.092163e-01 1.240000e-01 2.855000e-01 -3.164576e-01 4.092902e-01
-6.620000e-01 2.855000e-01 -2.231367e-01 4.152475e-01 -6.620000e-01 2.865000e-01 -2.229261e-01 4.153194e-01
1.240000e-01 2.855000e-01 -3.164576e-01 4.092902e-01 1.240000e-01 2.865000e-01 -3.166691e-01 4.093628e-01
-6.620000e-01 2.865000e-01 -2.229261e-01 4.153194e-01 -6.620000e-01 2.875000e-01 -2.227169e-01 4.153898e-01
1.240000e-01 2.865000e-01 -3.166691e-01 4.093628e-01 1.240000e-01 2.875000e-01 -3.168794e-01 4.094342e-01
-6.625000e-01 2.880000e-01 -2.229208e-01 4.153204e-01 -6.630000e-01 2.885000e-01 -2.231257e-01 4.152520e-01
-6.620000e-01 2.875000e-01 -2.227169e-01 4.153898e-01 -6.625000e-01 2.880000e-01 -2.229208e-01 4.153204e-01
1.240000e-01 2.875000e-01 -3.168794e-01 4.094342e-01 1.240000e-01 2.885000e-01 -3.170884e-01 4.095042e-01
-6.630000e-01 2.885000e-01 -2.231257e-01 4.152520e-01 -6.630000e-01 2.895000e-01 -2.229198e-01 4.153211e-01
1.240000e-01 2.885000e-01 -3.170884e-01 4.095042e-01 1.240000e-01 2.895000e-01 -3.172961e-01 4.095730e-01
-6.630000e-01 2.895000e-01 -2.229198e-01 4.153211e-01 -6.630000e-01 2.905000e-01 -2.227151e-01 4.153888e-01
1.240000e-01 2.895000e-01 -3.172961e-01 4.095730e-01 1.245000e-01 2.900000e-01 -3.170886e-01 4.095035e-01
1.245000e-01 2.900000e-01 -3.170886e-01 4.095035e-01 1.250000e-01 2.905000e-01 -3.168802e-01 4.094351e-01
-6.630000e-01 2.905000e-01 -2.227151e-01 4.153888e-01 -6.630000e-01 2.915000e-01 -2.225118e-01 4.154552e-01
1.250000e-01 2.905000e-01 -3.168802e-01 4.094351e-01 1.250000e-01 2.915000e-01 -3.170845e-01 4.095027e-01
-6.630000e-01 2.915000e-01 -2.225118e-01 4.154552e-01 -6.630000e-01 2.925000e-01 -2.223097e-01 4.155203e-01
1.250000e-01 2.915000e-01 -3.170845e-01 4.095027e-01 1.250000e-01 2.925000e-01 -3.172875e-01 4.095690e-01
-6.635000e-01 2.930000e-01 -2.225197e-01 4.154518e-01 -6.640000e-01 2.935000e-01 -2.227307e-01 4.153844e-01
-6.630000e-01 2.925000e-01 -2.223097e-01 4.155203e-01 -6.635000e-01 2.930000e-01 -2.225197e-01 4.154518e-01
1.250000e-01 2.925000e-01 -3.172875e-01 4.095690e-01 1.250000e-01 2.935000e-01 -3.174893e-01 4.096341e-01
-6.640000e-01 2.935000e-01 -2.227307e-01 4.153844e-01 -6.640000e-01 2.945000e-01 -2.225320e-01 4.154482e-01
1.250000e-01 2.935000e-01 -3.174893e-01 4.096341e-01 1.250000e-01 2.945000e-01 -3.176897e-01 4.096980e-01
-6.640000e-01 2.945000e-01 -2.225320e-01 4.154482e-01 -6.640000e-01 2.955000e-01 -2.223347e-01 4.155107e-01
1.250000e-01 2.945000e-01 -3.176897e-01 4.096980e-01 1.250000e-01 2.955000e-01 -3.178887e-01 4.097606e-01
-6.640000e-01 2.955000e-01 -2.223347e-01 4.155107e-01 -6.640000e-01 2.965000e-01 -2.221387e-01 4.155720e-01
1.250000e-01 2.955000e-01 -3.178887e-01 4.097606e-01 1.255000e-01 2.960000e-01 -3.176741e-01 4.096925e-01
1.255000e-01 2.960000e-01 -3.176741e-01 4.096925e-01 1.260000e-01 2.965000e-01 -3.174586e-01 4.096254e-01
-6.640000e-01 2.965000e-01 -2.221387e-01 4.155720e-01 -6.640000e-01 2.975000e-01 -2.219441e-01 4.156319e-01
1.260000e-01 2.965000e-01 -3.174586e-01 4.096254e-01 1.260000e-01 2.975000e-01 -3.176542e-01 4.096869e-01
-6.645000e-01 2.980000e-01 -2.221602e-01 4.155646e-01 -6.650000e-01 2.985000e-01 -2.223772e-01 4.154983e-01
-6.640000e-01 2.975000e-01 -2.219441e-01 4.156319e-01 -6.645000e-01 2.980000e-01 -2.221602e-01 4.155646e-01
1.260000e-01 2.975000e-01 -3.176542e-01 4.096869e-01 1.260000e-01 2.985000e-01 -3.178485e-01 4.097473e-01
-6.650000e-01 2.985000e-01 -2.223772e-01 4.154983e-01 -6.650000e-01 2.995000e-01 -2.221860e-01 4.155571e-01
1.260000e-01 2.985000e-01 -3.178485e-01 4.097473e-01 1.260000e-01 2.995000e-01 -3.180414e-01 4.098065e-01
-6.650000e-01 2.995000e-01 -2.221860e-01 4.155571e-01 -6.650000e-01 3.005000e-01 -2.219961e-01 4.156146e-01
1.260000e-01 2.995000e-01 -3.180414e-01 4.098065e-01 1.260000e-01 3.005000e-01 -3.182330e-01 4.098645e-01
-6.650000e-01 3.005000e-01 -2.219961e-01 4.156146e-01 -6.650000e-01 3.015000e-01 -2.218076e-01 4.156709e-01
1.260000e-01 3.005000e-01 -3.182330e-01 4.098645e-01 1.260000e-01 3.015000e-01 -3.184232e-01 4.099214e-01
-6.650000e-01 3.015000e-01 -2.218076e-01 4.156709e-01 -6.650000e-01 3.025000e-01 -2.216205e-01 4.157260e-01
1.260000e-01 3.015000e-01 -3.184232e-01 4.099214e-01 1.260000e-01 3.025000e-01 -3.186121e-01 4.099771e-01
-6.655000e-01 3.030000e-01 -2.218428e-01 4.156601e-01 -6.660000e-01 3.035000e-01 -2.220658e-01 4.155952e-01
-6.650000e-01 3.025000e-01 -2.216205e-01 4.157260e-01 -6.655000e-01 3.030000e-01 -2.218428e-01 4.156601e-01
1.260000e-01 3.025000e-01 -3.186121e-01 4.099771e-01 1.265000e-01 3.030000e-01 -3.183892e-01 4.099106e-01
1.265000e-01 3.030000e-01 -3.183892e-01 4.099106e-01 1.270000e-01 3.035000e-01 -3.181656e-01 4.098452e-01
-6.660000e-01 3.035000e-01 -2.220658e-01 4.155952e-01 -6.660000e-01 3.045000e-01 -2.218822e-01 4.156492e-01
1.270000e-01 3.035000e-01 -3.181656e-01 4.098452e-01 1.270000e-01 3.045000e-01 -3.183509e-01 4.099000e-01
-6.660000e-01 3.045000e-01 -2.218822e-01 4.156492e-01 -6.660000e-01 3.055000e-01 -2.217000e-01 4.157020e-01
1.270000e-01 3.045000e-01 -3.183509e-01 4.099000e-01 1.270000e-01 3.055000e-01 -3.185348e-01 4.099536e-01
-6.660000e-01 3.055000e-01 -2.217000e-01 4.157020e-01 -6.660000e-01 3.065000e-01 -2.215192e-01 4.157536e-01
1.270000e-01 3.055000e-01 -3.185348e-01 4.099536e-01 1.270000e-01 3.065000e-01 -3.187174e-01 4.100062e-01
-6.660000e-01 3.065000e-01 -2.215192e-01 4.157536e-01 -6.660000e-01 3.075000e-01 -2.213398e-01 4.158040e-01
1.270000e-01 3.065000e-01 -3.187174e-01 4.100062e-01 1.270000e-01 3.075000e-01 -3.188985e-01 4.100576e-01
-6.660000e-01 3.075000e-01 -2.213398e-01 4.158040e-01 -6.660000e-01 3.085000e-01 -2.211618e-01 4.158533e-01
1.270000e-01 3.075000e-01 -3.188985e-01 4.100576e-01 1.270000e-01 3.085000e-01 -3.190782e-01 4.101079e-01
-6.665000e-01 3.090000e-01 -2.213912e-01 4.157890e-01 -6.670000e-01 3.095000e-01 -2.216213e-01 4.157258e-01
-6.660000e-01 3.085000e-01 -2.211618e-01 4.158533e-01 -6.665000e-01 3.090000e-01 -2.213912e-01 4.157890e-01
1.270000e-01 3.085000e-01 -3.190782e-01 4.101079e-01 1.270000e-01 3.095000e-01 -3.192565e-01 4.101571e-01
-6.670000e-01 3.095000e-01 -2.216213e-01 4.157258e-01 -6.670000e-01 3.105000e-01 -2.214468e-01 4.157741e-01
1.270000e-01 3.095000e-01 -3.192565e-01 4.101571e-01 1.275000e-01 3.100000e-01 -3.190255e-01 4.100927e-01
1.275000e-01 3.100000e-01 -3.190255e-01 4.100927e-01 1.280000e-01 3.105000e-01 -3.187937e-01 4.100294e-01
-6.670000e-01 3.105000e-01 -2.214468e-01 4.157741e-01 -6.670000e-01 3.115000e-01 -2.212738e-01 4.158213e-01
1.280000e-01 3.105000e-01 -3.187937e-01 4.100294e-01 1.280000e-01 3.115000e-01 -3.189684e-01 4.100778e-01
-6.670000e-01 3.115000e-01 -2.212738e-01 4.158213e-01 -6.670000e-01 3.125000e-01 -2.211022e-01 4.158674e-01
1.280000e-01 3.115000e-01 -3.189684e-01 4.100778e-01 1.280000e-01 3.125000e-01 -3.191418e-01 4.101252e-01
-6.670000e-01 3.125000e-01 -2.211022e-01 4.158674e-01 -6.670000e-01 3.135000e-01 -2.209321e-01 4.159123e-01
1.280000e-01 3.125000e-01 -3.191418e-01 4.101252e-01 1.280000e-01 3.135000e-01 -3.193136e-01 4.101715e-01
-6.670000e-01 3.135000e-01 -2.209321e-01 4.159123e-01 -6.670000e-01 3.145000e-01 -2.207634e-01 4.159561e-01
1.280000e-01 3.135000e-01 -3.193136e-01 4.101715e-01 1.280000e-01 3.145000e-01 -3.194840e-01 4.102168e-01
-6.675000e-01 3.150000e-01 -2.209999e-01 4.158938e-01 -6.680000e-01 3.155000e-01 -2.212372e-01 4.158326e-01
-6.670000e-01 3.145000e-01 -2.207634e-01 4.159561e-01 -6.675000e-01 3.150000e-01 -2.209999e-01 4.158938e-01
1.280000e-01 3.145000e-01 -3.194840e-01 4.102168e-01 1.280000e-01 3.155000e-01 -3.196530e-01 4.102610e-01
-6.680000e-01 3.155000e-01 -2.212372e-01 4.158326e-01 -6.680000e-01 3.165000e-01 -2.210721e-01 4.158756e-01
1.280000e-01 3.155000e-01 -3.196530e-01 4.102610e-01 1.280000e-01 3.165000e-01 -3.198205e-01 4.103042e-01
-6.680000e-01 3.165000e-01 -2.210721e-01 4.158756e-01 -6.680000e-01 3.175000e-01 -2.209085e-01 4.159175e-01
1.280000e-01 3.165000e-01 -3.198205e-01 4.103042e-01 1.280000e-01 3.175000e-01 -3.199865e-01 4.103463e-01
-6.680000e-01 3.175000e-01 -2.209085e-01 4.159175e-01 -6.680000e-01 3.185000e-01 -2.207463e-01 4.159584e-01
1.280000e-01 3.175000e-01 -3.199865e-01 4.103463e-01 1.285000e-01 3.180000e-01 -3.197462e-01 4.102846e-01
1.285000e-01 3.180000e-01 -3.197462e-01 4.102846e-01 1.290000e-01 3.185000e-01 -3.195052e-01 4.102240e-01
-6.680000e-01 3.185000e-01 -2.207463e-01 4.159584e-01 -6.680000e-01 3.195000e-01 -2.205857e-01 4.159981e-01
1.290000e-01 3.185000e-01 -3.195052e-01 4.102240e-01 1.290000e-01 3.195000e-01 -3.196676e-01 4.102656e-01
-6.680000e-01 3.195000e-01 -2.205857e-01 4.159981e-01 -6.680000e-01 3.205000e-01 -2.204265e-01 4.160368e-01
1.290000e-01 3.195000e-01 -3.196676e-01 4.102656e-01 1.290000e-01 3.205000e-01 -3.198286e-01 4.103062e-01
-6.685000e-01 3.210000e-01 -2.206701e-01 4.159768e-01 -6.690000e-01 3.215000e-01 -2.209145e-01 4.159178e-01
-6.680000e-01 3.205000e-01 -2.204265e-01 4.160368e-01 -6.685000e-01 3.210000e-01 -2.206701e-01 4.159768e-01
1.290000e-01 3.205000e-01 -3.198286e-01 4.103062e-01 1.290000e-01 3.215000e-01 -3.199881e-01 4.103458e-01
-6.690000e-01 3.215000e-01 -2.209145e-01 4.159178e-01 -6.690000e-01 3.225000e-01 -2.207589e-01 4.159559e-01
1.290000e-01 3.215000e-01 -3.199881e-01 4.103458e-01 1.290000e-01 3.225000e-01 -3.201460e-01 4.103845e-01
-6.690000e-01 3.225000e-01 -2.207589e-01 4.159559e-01 -6.690000e-01 3.235000e-01 -2.206049e-01 4.159930e-01
1.290000e-01 3.225000e-01 -3.201460e-01 4.103845e-01 1.290000e-01 3.235000e-01 -3.203024e-01 4.104222e-01
-6.690000e-01 3.235000e-01 -2.206049e-01 4.159930e-01 -6.690000e-01 3.245000e-01 -2.204523e-01 4.160290e-01
1.290000e-01 3.235000e-01 -3.203024e-01 4.104222e-01 1.290000e-01 3.245000e-01 -3.204574e-01 4.104589e-01
-6.690000e-01 3.245000e-01 -2.204523e-01 4.160290e-01 -6.690000e-01 3.255000e-01 -2.203013e-01 4.160640e-01
1.290000e-01 3.245000e-01 -3.204574e-01 4.104589e-01 1.290000e-01 3.255000e-01 -3.206108e-01 4.104946e-01
-6.690000e-01 3.255000e-01 -2.203013e-01 4.160640e-01 -6.690000e-01 3.265000e-01 -2.201518e-01 4.160980e-01
1.290000e-01 3.255000e-01 -3.206108e-01 4.104946e-01 1.290000e-01 3.265000e-01 -3.207627e-01 4.105294e-01
-6.690000e-01 3.265000e-01 -2.201518e-01 4.160980e-01 -6.690000e-01 3.275000e-01 -2.200038e-01 4.161310e-01
1.290000e-01 3.265000e-01 -3.207627e-01 4.105294e-01 1.290000e-01 3.275000e-01 -3.209131e-01 4.105633e-01
-6.695000e-01 3.280000e-01 -2.202556e-01 4.160738e-01 -6.700000e-01 3.285000e-01 -2.205081e-01 4.160176e-01
-6.690000e-01 3.275000e-01 -2.200038e-01 4.161310e-01 -6.695000e-01 3.280000e-01 -2.202556e-01 4.160738e-01
1.290000e-01 3.275000e-01 -3.209131e-01 4.105633e-01 1.295000e-01 3.280000e-01 -3.206614e-01 4.105054e-01
1.295000e-01 3.280000e-01 -3.206614e-01 4.105054e-01 1.300000e-01 3.285000e-01 -3.204091e-01 4.104485e-01
-6.700000e-01 3.285000e-01 -2.205081e-01 4.160176e-01 -6.700000e-01 3.295000e-01 -2.203638e-01 4.160502e-01
1.300000e-01 3.285000e-01 -3.204091e-01 4.104485e-01 1.300000e-01 3.295000e-01 -3.205558e-01 4.104821e-01
-6.700000e-01 3.295000e-01 -2.203638e-01 4.160502e-01 -6.700000e-01 3.305000e-01 -2.202210e-01 4.160818e-01
1.300000e-01 3.295000e-01 -3.205558e-01 4.104821e-01 1.300000e-01 3.305000e-01 -3.207010e-01 4.105148e-01
-6.700000e-01 3.305000e-01 -2.202210e-01 4.160818e-01 -6.700000e-01 3.315000e-01 -2.200798e-01 4.161124e-01
1.300000e-01 3.305000e-01 -3.207010e-01 4.105148e-01 1.300000e-01 3.315000e-01 -3.208446e-01 4.105466e-01
-6.700000e-01 3.315000e-01 -2.200798e-01 4.161124e-01 -6.700000e-01 3.325000e-01 -2.199401e-01 4.161421e-01
1.300000e-01 3.315000e-01 -3.208446e-01 4.105466e-01 1.300000e-01 3.325000e-01 -3.209867e-01 4.105775e-01
-6.700000e-01 3.325000e-01 -2.199401e-01 4.161421e-01 -6.700000e-01 3.335000e-01 -2.198020e-01 4.161709e-01
1.300000e-01 3.325000e-01 -3.209867e-01 4.105775e-01 1.300000e-01 3.335000e-01 -3.211272e-01 4.106075e-01
-6.700000e-01 3.335000e-01 -2.198020e-01 4.161709e-01 -6.700000e-01 3.345000e-01 -2.196655e-01 4.161987e-01
1.300000e-01 3.335000e-01 -3.211272e-01 4.106075e-01 1.300000e-01 3.345000e-01 -3.212662e-01 4.106367e-01
-6.705000e-01 3.350000e-01 -2.199254e-01 4.161446e-01 -6.710000e-01 3.355000e-01 -2.201861e-01 4.160917e-01
-6.700000e-01 3.345000e-01 -2.196655e-01 4.161987e-01 -6.705000e-01 3.350000e-01 -2.199254e-01 4.161446e-01
1.300000e-01 3.345000e-01 -3.212662e-01 4.106367e-01 1.300000e-01 3.355000e-01 -3.214035e-01 4.106650e-01
-6.710000e-01 3.355000e-01 -2.201861e-01 4.160917e-01 -6.710000e-01 3.365000e-01 -2.200532e-01 4.161192e-01
1.300000e-01 3.355000e-01 -3.214035e-01 4.106650e-01 1.300000e-01 3.365000e-01 -3.215393e-01 4.106925e-01
-6.710000e-01 3.365000e-01 -2.200532e-01 4.161192e-01 -6.710000e-01 3.375000e-01 -2.199219e-01 4.161459e-01
1.300000e-01 3.365000e-01 -3.215393e-01 4.106925e-01 1.300000e-01 3.375000e-01 -3.216736e-01 4.107191e-01
-6.710000e-01 3.375000e-01 -2.199219e-01 4.161459e-01 -6.710000e-01 3.385000e-01 -2.197922e-01 4.161717e-01
1.300000e-01 3.375000e-01 -3.216736e-01 4.107191e-01 1.305000e-01 3.380000e-01 -3.214106e-01 4.106657e-01
1.305000e-01 3.380000e-01 -3.214106e-01 4.106657e-01 1.310000e-01 3.385000e-01 -3.211471e-01 4.106133e-01
-6.710000e-01 3.385000e-01 -2.197922e-01 4.161717e-01 -6.710000e-01 3.395000e-01 -2.196641e-01 4.161966e-01
1.310000e-01 3.385000e-01 -3.211471e-01 4.106133e-01 1.310000e-01 3.395000e-01 -3.212776e-01 4.106399e-01
-6.710000e-01 3.395000e-01 -2.196641e-01 4.161966e-01 -6.710000e-01 3.405000e-01 -2.195376e-01 4.162206e-01
-2.815000e-01 3.400000e-01 -2.410104e-01 5.999424e-01 -2.820000e-01 3.405000e-01 -2.393562e-01 5.997296e-01
-2.815000e-01 3.400000e-01 -2.410104e-01 5.999424e-01 -2.805000e-01 3.400000e-01 -2.439555e-01 6.002873e-01
-2.805000e-01 3.400000e-01 -2.439555e-01 6.002873e-01 -2.795000e-01 3.400000e-01 -2.469168e-01 6.005956e-01
-2.795000e-01 3.400000e-01 -2.469168e-01 6.005956e-01 -2.785000e-01 3.400000e-01 -2.498925e-01 6.008668e-01
-2.785000e-01 3.400000e-01 -2.498925e-01 6.008668e-01 -2.775000e-01 3.400000e-01 -2.528810e-01 6.011003e-01
-2.775000e-01 3.400000e-01 -2.528810e-01 6.011003e-01 -2.765000e-01 3.400000e-01 -2.558806e-01 6.012957e-01
-2.765000e-01 3.400000e-01 -2.558806e-01 6.012957e-01 -2.755000e-01 3.400000e-01 -2.588894e-01 6.014527e-01
-2.755000e-01 3.400000e-01 -2.588894e-01 6.014527e-01 -2.745000e-01 3.400000e-01 -2.619059e-01 6.015709e-01
-2.745000e-01 3.400000e-01 -2.619059e-01 6.015709e-01 -2.735000e-01 3.400000e-01 -2.649281e-01 6.016502e-01
-2.735000e-01 3.400000e-01 -2.649281e-01 6.016502e-01 -2.725000e-01 3.400000e-01 -2.679542e-01 6.016904e-01
-2.725000e-01 3.400000e-01 -2.679542e-01 6.016904e-01 -2.715000e-01 3.400000e-01 -2.709824e-01 6.016914e-01
-2.715000e-01 3.400000e-01 -2.709824e-01 6.016914e-01 -2.705000e-01 3.400000e-01 -2.740110e-01 6.016530e-01
-2.705000e-01 3.400000e-01 -2.740110e-01 6.016530e-01 -2.695000e-01 3.400000e-01 -2.770379e-01 6.015755e-01
-2.695000e-01 3.400000e-01 -2.770379e-01 6.015755e-01 -2.685000e-01 3.400000e-01 -2.800616e-01 6.014588e-01
-2.685000e-01 3.400000e-01 -2.800616e-01 6.014588e-01 -2.675000e-01 3.400000e-01 -2.830800e-01 6.013032e-01
-2.675000e-01 3.400000e-01 -2.830800e-01 6.013032e-01 -2.665000e-01 3.400000e-01 -2.860915e-01 6.011089e-01
-2.665000e-01 3.400000e-01 -2.860915e-01 6.011089e-01 -2.655000e-01 3.400000e-01 -2.890942e-01 6.008761e-01
-2.655000e-01 3.400000e-01 -2.890942e-01 6.008761e-01 -2.645000e-01 3.400000e-01 -2.920864e-01 6.006053e-01
-2.645000e-01 3.400000e-01 -2.920864e-01 6.006053e-01 -2.640000e-01 3.405000e-01 -2.937305e-01 6.004375e-01
1.310000e-01 3.395000e-01 -3.212776e-01 4.106399e-01 1.310000e-01 3.405000e-01 -3.214066e-01 4.106657e-01
-6.710000e-01 3.405000e-01 -2.195376e-01 4.162206e-01 -6.710000e-01 3.415000e-01 -2.194127e-01 4.162438e-01
-2.885000e-01 3.410000e-01 -2.203686e-01 5.964364e-01 -2.890000e-01 3.415000e-01 -2.186589e-01 5.960556e-01
-2.885000e-01 3.410000e-01 -2.203686e-01 5.964364e-01 -2.875000e-01 3.410000e-01 -2.231906e-01 5.970311e-01
-2.875000e-01 3.410000e-01 -2.231906e-01 5.970311e-01 -2.865000e-01 3.410000e-01 -2.260397e-01 5.975938e-01
-2.865000e-01 3.410000e-01 -2.260397e-01 5.975938e-01 -2.855000e-01 3.410000e-01 -2.289145e-01 5.981236e-01
-2.855000e-01 3.410000e-01 -2.289145e-01 5.981236e-01 -2.845000e-01 3.410000e-01 -2.318138e-01 5.986195e-01
-2.845000e-01 3.410000e-01 -2.318138e-01 5.986195e-01 -2.835000e-01 3.410000e-01 -2.347359e-01 5.990808e-01
-2.835000e-01 3.410000e-01 -2.347359e-01 5.990808e-01 -2.825000e-01 3.410000e-01 -2.376796e-01 5.995067e-01
-2.820000e-01 3.405000e-01 -2.393562e-01 5.997296e-01 -2.825000e-01 3.410000e-01 -2.376796e-01 5.995067e-01
-2.640000e-01 3.405000e-01 -2.937305e-01 6.004375e-01 -2.635000e-01 3.410000e-01 -2.953971e-01 6.002606e-01
-2.635000e-01 3.410000e-01 -2.953971e-01 6.002606e-01 -2.625000e-01 3.410000e-01 -2.984004e-01 5.999071e-01
-2.625000e-01 3.410000e-01 -2.984004e-01 5.999071e-01 -2.615000e-01 3.410000e-01 -3.013875e-01 5.995162e-01
-2.615000e-01 3.410000e-01 -3.013875e-01 5.995162e-01 -2.605000e-01 3.410000e-01 -3.043568e-01 5.990885e-01
-2.605000e-01 3.410000e-01 -3.043568e-01 5.990885e-01 -2.595000e-01 3.410000e-01 -3.073066e-01 5.986247e-01
-2.595000e-01 3.410000e-01 -3.073066e-01 5.986247e-01 -2.585000e-01 3.410000e-01 -3.102354e-01 5.981256e-01
-2.585000e-01 3.410000e-01 -3.102354e-01 5.981256e-01 -2.575000e-01 3.410000e-01 -3.131416e-01 5.975919e-01
-2.575000e-01 3.410000e-01 -3.131416e-01 5.975919e-01 -2.565000e-01 3.410000e-01 -3.160239e-01 5.970244e-01
-2.565000e-01 3.410000e-01 -3.160239e-01 5.970244e-01 -2.560000e-01 3.415000e-01 -3.177524e-01 5.966640e-01
1.310000e-01 3.405000e-01 -3.214066e-01 4.106657e-01 1.310000e-01 3.415000e-01 -3.215339e-01 4.106907e-01
-6.710000e-01 3.415000e-01 -2.194127e-01 4.162438e-01 -6.710000e-01 3.425000e-01 -2.192894e-01 4.162661e-01
-2.935000e-01 3.420000e-01 -2.059434e-01 5.928065e-01 -2.940000e-01 3.425000e-01 -2.042213e-01 5.923029e-01
-2.935000e-01 3.420000e-01 -2.059434e-01 5.928065e-01 -2.925000e-01 3.420000e-01 -2.086399e-01 5.935624e-01
-2.925000e-01 3.420000e-01 -2.086399e-01 5.935624e-01 -2.915000e-01 3.420000e-01 -2.113699e-01 5.942908e-01
-2.915000e-01 3.420000e-01 -2.113699e-01 5.942908e-01 -2.905000e-01 3.420000e-01 -2.141326e-01 5.949906e-01
-2.905000e-01 3.420000e-01 -2.141326e-01 5.949906e-01 -2.895000e-01 3.420000e-01 -2.169268e-01 5.956608e-01
-2.890000e-01 3.415000e-01 -2.186589e-01 5.960556e-01 -2.895000e-01 3.420000e-01 -2.169268e-01 5.956608e-01
-2.560000e-01 3.415000e-01 -3.177524e-01 5.966640e-01 -2.555000e-01 3.420000e-01 -3.195040e-01 5.962899e-01
-2.555000e-01 3.420000e-01 -3.195040e-01 5.962899e-01 -2.545000e-01 3.420000e-01 -3.223660e-01 5.956438e-01
-2.545000e-01 3.420000e-01 -3.223660e-01 5.956438e-01 -2.535000e-01 3.420000e-01 -3.251991e-01 5.949662e-01
-2.535000e-01 3.420000e-01 -3.251991e-01 5.949662e-01 -2.525000e-01 3.420000e-01 -3.280020e-01 5.942579e-01
-2.525000e-01 3.420000e-01 -3.280020e-01 5.942579e-01 -2.520000e-01 3.425000e-01 -3.297566e-01 5.937929e-01
1.310000e-01 3.415000e-01 -3.215339e-01 4.106907e-01 1.310000e-01 3.425000e-01 -3.216596e-01 4.107149e-01
-6.715000e-01 3.430000e-01 -2.195585e-01 4.162160e-01 -6.720000e-01 3.435000e-01 -2.198281e-01 4.161670e-01
-6.710000e-01 3.425000e-01 -2.192894e-01 4.162661e-01 -6.715000e-01 3.430000e-01 -2.195585e-01 4.162160e-01
-2.975000e-01 3.430000e-01 -1.946353e-01 5.892382e-01 -2.980000e-01 3.435000e-01 -1.929193e-01 5.886365e-01
-2.975000e-01 3.430000e-01 -1.946353e-01 5.892382e-01 -2.965000e-01 3.430000e-01 -1.972120e-01 5.901100e-01
-2.965000e-01 3.430000e-01 -1.972120e-01 5.901100e-01 -2.955000e-01 3.430000e-01 -1.998264e-01 5.909585e-01
-2.955000e-01 3.430000e-01 -1.998264e-01 5.909585e-01 -2.945000e-01 3.430000e-01 -2.024781e-01 5.917825e-01
-2.940000e-01 3.425000e-01 -2.042213e-01 5.923029e-01 -2.945000e-01 3.430000e-01 -2.024781e-01 5.917825e-01
-2.520000e-01 3.425000e-01 -3.297566e-01 5.937929e-01 -2.515000e-01 3.430000e-01 -3.315337e-01 5.933117e-01
-2.515000e-01 3.430000e-01 -3.315337e-01 5.933117e-01 -2.505000e-01 3.430000e-01 -3.343011e-01 5.925295e-01
-2.505000e-01 3.430000e-01 -3.343011e-01 5.925295e-01 -2.495000e-01 3.430000e-01 -3.370341e-01 5.917195e-01
-2.495000e-01 3.430000e-01 -3.370341e-01 5.917195e-01 -2.485000e-01 3.430000e-01 -3.397317e-01 5.908830e-01
-2.485000e-01 3.430000e-01 -3.397317e-01 5.908830e-01 -2.480000e-01 3.435000e-01 -3.414933e-01 5.903145e-01
1.310000e-01 3.425000e-01 -3.216596e-01 4.107149e-01 1.310000e-01 3.435000e-01 -3.217838e-01 4.107383e-01
-6.720000e-01 3.435000e-01 -2.198281e-01 4.161670e-01 -6.720000e-01 3.445000e-01 -2.197086e-01 4.161892e-01
-3.005000e-01 3.440000e-01 -1.861851e-01 5.861315e-01 -3.010000e-01 3.445000e-01 -1.844805e-01 5.854549e-01
-3.005000e-01 3.440000e-01 -1.861851e-01 5.861315e-01 -2.995000e-01 3.440000e-01 -1.886641e-01 5.870838e-01
-2.995000e-01 3.440000e-01 -1.886641e-01 5.870838e-01 -2.985000e-01 3.440000e-01 -1.911838e-01 5.880162e-01
-2.980000e-01 3.435000e-01 -1.929193e-01 5.886365e-01 -2.985000e-01 3.440000e-01 -1.911838e-01 5.880162e-01
-2.480000e-01 3.435000e-01 -3.414933e-01 5.903145e-01 -2.475000e-01 3.440000e-01 -3.432761e-01 5.897277e-01
-2.475000e-01 3.440000e-01 -3.432761e-01 5.897277e-01 -2.465000e-01 3.440000e-01 -3.459242e-01 5.888239e-01
-2.465000e-01 3.440000e-01 -3.459242e-01 5.888239e-01 -2.455000e-01 3.440000e-01 -3.485335e-01 5.878968e-01
-2.455000e-01 3.440000e-01 -3.485335e-01 5.878968e-01 -2.445000e-01 3.440000e-01 -3.511032e-01 5.869476e-01
-2.445000e-01 3.440000e-01 -3.511032e-01 5.869476e-01 -2.440000e-01 3.445000e-01 -3.528530e-01 5.862797e-01
1.310000e-01 3.435000e-01 -3.217838e-01 4.107383e-01 1.310000e-01 3.445000e-01 -3.219063e-01 4.107610e-01
-6.720000e-01 3.445000e-01 -2.197086e-01 4.161892e-01 -6.720000e-01 3.455000e-01 -2.195906e-01 4.162107e-01
-3.035000e-01 3.450000e-01 -1.779730e-01 5.827290e-01 -3.040000e-01 3.455000e-01 -1.762898e-01 5.819809e-01
-3.035000e-01 3.450000e-01 -1.779730e-01 5.827290e-01 -3.025000e-01 3.450000e-01 -1.803441e-01 5.837518e-01
-3.025000e-01 3.450000e-01 -1.803441e-01 5.837518e-01 -3.015000e-01 3.450000e-01 -1.827580e-01 5.847583e-01
-3.010000e-01 3.445000e-01 -1.844805e-01 5.854549e-01 -3.015000e-01 3.450000e-01 -1.827580e-01 5.847583e-01
-2.440000e-01 3.445000e-01 -3.528530e-01 5.862797e-01 -2.435000e-01 3.450000e-01 -3.546221e-01 5.855918e-01
-2.435000e-01 3.450000e-01 -3.546221e-01 5.855918e-01 -2.425000e-01 3.450000e-01 -3.571303e-01 5.845837e-01
-2.425000e-01 3.450000e-01 -3.571303e-01 5.845837e-01 -2.415000e-01 3.450000e-01 -3.595964e-01 5.835571e-01
-2.415000e-01 3.450000e-01 -3.595964e-01 5.835571e-01 -2.410000e-01 3.455000e-01 -3.613302e-01 5.828137e-01
1.310000e-01 3.445000e-01 -3.219063e-01 4.107610e-01 1.310000e-01 3.455000e-01 -3.220272e-01 4.107829e-01
-6.720000e-01 3.455000e-01 -2.195906e-01 4.162107e-01 -6.720000e-01 3.465000e-01 -2.194743e-01 4.162314e-01
-3.065000e-01 3.460000e-01 -1.700367e-01 5.790590e-01 -3.070000e-01 3.465000e-01 -1.683842e-01 5.782441e-01
-3.065000e-01 3.460000e-01 -1.700367e-01 5.790590e-01 -3.055000e-01 3.460000e-01 -1.722915e-01 5.801419e-01
-3.055000e-01 3.460000e-01 -1.722915e-01 5.801419e-01 -3.045000e-01 3.460000e-01 -1.745904e-01 5.812119e-01
-3.040000e-01 3.455000e-01 -1.762898e-01 5.819809e-01 -3.045000e-01 3.460000e-01 -1.745904e-01 5.812119e-01
-2.410000e-01 3.455000e-01 -3.613302e-01 5.828137e-01 -2.405000e-01 3.460000e-01 -3.630815e-01 5.820491e-01
-2.405000e-01 3.460000e-01 -3.630815e-01 5.820491e-01 -2.395000e-01 3.460000e-01 -3.654779e-01 5.809706e-01
-2.395000e-01 3.460000e-01 -3.654779e-01 5.809706e-01 -2.390000e-01 3.465000e-01 -3.672007e-01 5.801720e-01
1.310000e-01 3.455000e-01 -3.220272e-01 4.107829e-01 1.310000e-01 3.465000e-01 -3.221465e-01 4.108041e-01
-6.720000e-01 3.465000e-01 -2.194743e-01 4.162314e-01 -6.720000e-01 3.475000e-01 -2.193596e-01 4.162512e-01
-3.085000e-01 3.470000e-01 -1.645405e-01 5.762850e-01 -3.090000e-01 3.475000e-01 -1.629086e-01 5.754212e-01
-3.085000e-01 3.470000e-01 -1.645405e-01 5.762850e-01 -3.075000e-01 3.470000e-01 -1.667172e-01 5.774076e-01
-3.070000e-01 3.465000e-01 -1.683842e-01 5.782441e-01 -3.075000e-01 3.470000e-01 -1.667172e-01 5.774076e-01
-2.390000e-01 3.465000e-01 -3.672007e-01 5.801720e-01 -2.385000e-01 3.470000e-01 -3.689399e-01 5.793514e-01
-2.385000e-01 3.470000e-01 -3.689399e-01 5.793514e-01 -2.375000e-01 3.470000e-01 -3.712611e-01 5.782261e-01
-2.375000e-01 3.470000e-01 -3.712611e-01 5.782261e-01 -2.365000e-01 3.470000e-01 -3.735371e-01 5.770885e-01
-2.365000e-01 3.470000e-01 -3.735371e-01 5.770885e-01 -2.360000e-01 3.475000e-01 -3.752268e-01 5.762218e-01
1.310000e-01 3.465000e-01 -3.221465e-01 4.108041e-01 1.310000e-01 3.475000e-01 -3.222642e-01 4.108246e-01
-6.720000e-01 3.475000e-01 -2.193596e-01 4.162512e-01 -6.720000e-01 3.485000e-01 -2.192465e-01 4.162703e-01
-3.105000e-01 3.480000e-01 -1.591689e-01 5.733782e-01 -3.110000e-01 3.485000e-01 -1.575622e-01 5.724678e-01
-3.105000e-01 3.480000e-01 -1.591689e-01 5.733782e-01 -3.095000e-01 3.480000e-01 -1.612639e-01 5.745352e-01
-3.090000e-01 3.475000e-01 -1.629086e-01 5.754212e-01 -3.095000e-01 3.480000e-01 -1.612639e-01 5.745352e-01
-2.360000e-01 3.475000e-01 -3.752268e-01 5.762218e-01 -2.355000e-01 3.480000e-01 -3.769307e-01 5.753324e-01
-2.355000e-01 3.480000e-01 -3.769307e-01 5.753324e-01 -2.345000e-01 3.480000e-01 -3.791256e-01 5.741559e-01
-2.345000e-01 3.480000e-01 -3.791256e-01 5.741559e-01 -2.340000e-01 3.485000e-01 -3.807926e-01 5.732395e-01
1.310000e-01 3.475000e-01 -3.222642e-01 4.108246e-01 1.310000e-01 3.485000e-01 -3.223802e-01 4.108443e-01
-6.720000e-01 3.485000e-01 -2.192465e-01 4.162703e-01 -6.720000e-01 3.495000e-01 -2.191350e-01 4.162886e-01
-3.125000e-01 3.490000e-01 -1.539341e-01 5.703489e-01 -3.130000e-01 3.495000e-01 -1.523566e-01 5.693946e-01
-3.125000e-01 3.490000e-01 -1.539341e-01 5.703489e-01 -3.115000e-01 3.490000e-01 -1.559441e-01 5.715349e-01
-3.110000e-01 3.485000e-01 -1.575622e-01 5.724678e-01 -3.115000e-01 3.490000e-01 -1.559441e-01 5.715349e-01
-2.340000e-01 3.485000e-01 -3.807926e-01 5.732395e-01 -2.335000e-01 3.490000e-01 -3.824724e-01 5.722999e-01
-2.335000e-01 3.490000e-01 -3.824724e-01 5.722999e-01 -2.325000e-01 3.490000e-01 -3.845824e-01 5.710900e-01
-2.325000e-01 3.490000e-01 -3.845824e-01 5.710900e-01 -2.320000e-01 3.495000e-01 -3.862222e-01 5.701265e-01
1.310000e-01 3.485000e-01 -3.223802e-01 4.108443e-01 1.310000e-01 3.495000e-01 -3.224946e-01 4.108633e-01
-6.720000e-01 3.495000e-01 -2.191350e-01 4.162886e-01 -6.720000e-01 3.505000e-01 -2.190252e-01 4.163062e-01
-3.145000e-01 3.500000e-01 -1.488468e-01 5.672080e-01 -3.150000e-01 3.505000e-01 -1.473023e-01 5.662128e-01
-3.145000e-01 3.500000e-01 -1.488468e-01 5.672080e-01 -3.135000e-01 3.500000e-01 -1.507692e-01 5.684177e-01
-3.130000e-01 3.495000e-01 -1.523566e-01 5.693946e-01 -3.135000e-01 3.500000e-01 -1.507692e-01 5.684177e-01
-2.320000e-01 3.495000e-01 -3.862222e-01 5.701265e-01 -2.315000e-01 3.500000e-01 -3.878731e-01 5.691395e-01
-2.315000e-01 3.500000e-01 -3.878731e-01 5.691395e-01 -2.305000e-01 3.500000e-01 -3.898950e-01 5.679019e-01
-2.305000e-01 3.500000e-01 -3.898950e-01 5.679019e-01 -2.300000e-01 3.505000e-01 -3.915033e-01 5.668942e-01
1.310000e-01 3.495000e-01 -3.224946e-01 4.108633e-01 1.310000e-01 3.505000e-01 -3.226074e-01 4.108817e-01
-6.725000e-01 3.510000e-01 -2.193033e-01 4.162605e-01 -6.730000e-01 3.515000e-01 -2.195820e-01 4.162159e-01
-6.720000e-01 3.505000e-01 -2.190252e-01 4.163062e-01 -6.725000e-01 3.510000e-01 -2.193033e-01 4.162605e-01
-3.165000e-01 3.510000e-01 -1.439164e-01 5.639670e-01 -3.170000e-01 3.515000e-01 -1.424084e-01 5.629341e-01
-3.165000e-01 3.510000e-01 -1.439164e-01 5.639670e-01 -3.155000e-01 3.510000e-01 -1.457495e-01 5.651949e-01
-3.150000e-01 3.505000e-01 -1.473023e-01 5.662128e-01 -3.155000e-01 3.510000e-01 -1.457495e-01 5.651949e-01
-2.300000e-01 3.505000e-01 -3.915033e-01 5.668942e-01 -2.295000e-01 3.510000e-01 -3.931211e-01 5.658630e-01
-2.295000e-01 3.510000e-01 -3.931211e-01 5.658630e-01 -2.285000e-01 3.510000e-01 -3.950525e-01 5.646035e-01
-2.285000e-01 3.510000e-01 -3.950525e-01 5.646035e-01 -2.280000e-01 3.515000e-01 -3.966254e-01 5.635549e-01
1.310000e-01 3.505000e-01 -3.226074e-01 4.108817e-01 1.315000e-01 3.510000e-01 -3.223301e-01 4.108349e-01
1.315000e-01 3.510000e-01 -3.223301e-01 4.108349e-01 1.320000e-01 3.515000e-01 -3.220523e-01 4.107892e-01
-6.730000e-01 3.515000e-01 -2.195820e-01 4.162159e-01 -6.730000e-01 3.525000e-01 -2.194759e-01 4.162336e-01
-3.185000e-01 3.520000e-01 -1.391511e-01 5.606377e-01 -3.190000e-01 3.525000e-01 -1.376826e-01 5.595703e-01
-3.185000e-01 3.520000e-01 -1.391511e-01 5.606377e-01 -3.175000e-01 3.520000e-01 -1.408936e-01 5.618785e-01
-3.170000e-01 3.515000e-01 -1.424084e-01 5.629341e-01 -3.175000e-01 3.520000e-01 -1.408936e-01 5.618785e-01
-2.280000e-01 3.515000e-01 -3.966254e-01 5.635549e-01 -2.275000e-01 3.520000e-01 -3.982062e-01 5.624828e-01
-2.275000e-01 3.520000e-01 -3.982062e-01 5.624828e-01 -2.265000e-01 3.520000e-01 -4.000452e-01 5.612069e-01
-2.265000e-01 3.520000e-01 -4.000452e-01 5.612069e-01 -2.260000e-01 3.525000e-01 -4.015793e-01 5.601209e-01
1.320000e-01 3.515000e-01 -3.220523e-01 4.107892e-01 1.320000e-01 3.525000e-01 -3.221613e-01 4.108078e-01
-6.730000e-01 3.525000e-01 -2.194759e-01 4.162336e-01 -6.730000e-01 3.535000e-01 -2.193715e-01 4.162505e-01
-3.195000e-01 3.530000e-01 -1.362090e-01 5.584805e-01 -3.200000e-01 3.535000e-01 -1.347590e-01 5.573861e-01
-3.190000e-01 3.525000e-01 -1.376826e-01 5.595703e-01 -3.195000e-01 3.530000e-01 -1.362090e-01 5.584805e-01
-2.260000e-01 3.525000e-01 -4.015793e-01 5.601209e-01 -2.255000e-01 3.530000e-01 -4.031194e-01 5.590114e-01
-2.255000e-01 3.530000e-01 -4.031194e-01 5.590114e-01 -2.250000e-01 3.535000e-01 -4.046355e-01 5.578963e-01
1.320000e-01 3.525000e-01 -3.221613e-01 4.108078e-01 1.320000e-01 3.535000e-01 -3.222687e-01 4.108257e-01
-6.730000e-01 3.535000e-01 -2.193715e-01 4.162505e-01 -6.730000e-01 3.545000e-01 -2.192687e-01 4.162668e-01
-3.215000e-01 3.540000e-01 -1.317014e-01 5.550131e-01 -3.220000e-01 3.545000e-01 -1.302957e-01 5.538896e-01
-3.215000e-01 3.540000e-01 -1.317014e-01 5.550131e-01 -3.205000e-01 3.540000e-01 -1.333050e-01 5.562692e-01
-3.200000e-01 3.535000e-01 -1.347590e-01 5.573861e-01 -3.205000e-01 3.540000e-01 -1.333050e-01 5.562692e-01
-2.250000e-01 3.535000e-01 -4.046355e-01 5.578963e-01 -2.245000e-01 3.540000e-01 -4.061567e-01 5.567579e-01
-2.245000e-01 3.540000e-01 -4.061567e-01 5.567579e-01 -2.235000e-01 3.540000e-01 -4.078536e-01 5.554618e-01
-2.235000e-01 3.540000e-01 -4.078536e-01 5.554618e-01 -2.230000e-01 3.545000e-01 -4.093255e-01 5.543148e-01
1.320000e-01 3.535000e-01 -3.222687e-01 4.108257e-01 1.320000e-01 3.545000e-01 -3.223744e-01 4.108430e-01
-6.730000e-01 3.545000e-01 -2.192687e-01 4.162668e-01 -6.730000e-01 3.555000e-01 -2.191676e-01 4.162824e-01
-3.225000e-01 3.550000e-01 -1.288874e-01 5.527442e-01 -3.230000e-01 3.555000e-01 -1.275037e-01 5.515966e-01
-3.220000e-01 3.545000e-01 -1.302957e-01 5.538896e-01 -3.225000e-01 3.550000e-01 -1.288874e-01 5.527442e-01
-2.230000e-01 3.545000e-01 -4.093255e-01 5.543148e-01 -2.225000e-01 3.550000e-01 -4.108007e-01 5.531449e-01
-2.225000e-01 3.550000e-01 -4.108007e-01 5.531449e-01 -2.220000e-01 3.555000e-01 -4.122509e-01 5.519721e-01
1.320000e-01 3.545000e-01 -3.223744e-01 4.108430e-01 1.320000e-01 3.555000e-01 -3.224785e-01 4.108597e-01
-6.730000e-01 3.555000e-01 -2.191676e-01 4.162824e-01 -6.730000e-01 3.565000e-01 -2.190682e-01 4.162972e-01
-3.245000e-01 3.560000e-01 -1.246556e-01 5.491691e-01 -3.250000e-01 3.565000e-01 -1.233198e-01 5.479982e-01
-3.245000e-01 3.560000e-01 -1.246556e-01 5.491691e-01 -3.235000e-01 3.560000e-01 -1.261184e-01 5.504273e-01
-3.230000e-01 3.555000e-01 -1.275037e-01 5.515966e-01 -3.235000e-01 3.560000e-01 -1.261184e-01 5.504273e-01
-2.220000e-01 3.555000e-01 -4.122509e-01 5.519721e-01 -2.215000e-01 3.560000e-01 -4.137034e-01 5.507764e-01
-2.215000e-01 3.560000e-01 -4.137034e-01 5.507764e-01 -2.205000e-01 3.560000e-01 -4.152551e-01 5.494742e-01
-2.205000e-01 3.560000e-01 -4.152551e-01 5.494742e-01 -2.200000e-01 3.565000e-01 -4.166566e-01 5.482754e-01
1.320000e-01 3.555000e-01 -3.224785e-01 4.108597e-01 1.320000e-01 3.565000e-01 -3.225810e-01 4.108757e-01
-6.730000e-01 3.565000e-01 -2.190682e-01 4.162972e-01 -6.730000e-01 3.575000e-01 -2.189704e-01 4.163114e-01
-3.255000e-01 3.570000e-01 -1.219839e-01 5.468060e-01 -3.260000e-01 3.575000e-01 -1.206729e-01 5.456144e-01
-3.250000e-01 3.565000e-01 -1.233198e-01 5.479982e-01 -3.255000e-01 3.570000e-01 -1.219839e-01 5.468060e-01
-2.200000e-01 3.565000e-01 -4.166566e-01 5.482754e-01 -2.195000e-01 3.570000e-01 -4.180589e-01 5.470545e-01
-2.195000e-01 3.570000e-01 -4.180589e-01 5.470545e-01 -2.190000e-01 3.575000e-01 -4.194356e-01 5.458334e-01
1.320000e-01 3.565000e-01 -3.225810e-01 4.108757e-01 1.320000e-01 3.575000e-01 -3.226817e-01 4.108910e-01
-6.730000e-01 3.575000e-01 -2.189704e-01 4.163114e-01 -6.730000e-01 3.585000e-01 -2.188743e-01 4.163249e-01
-3.265000e-01 3.580000e-01 -1.193628e-01 5.444019e-01 -3.270000e-01 3.585000e-01 -1.180777e-01 5.431907e-01
-3.260000e-01 3.575000e-01 -1.206729e-01 5.456144e-01 -3.265000e-01 3.580000e-01 -1.193628e-01 5.444019e-01
-2.190000e-01 3.575000e-01 -4.194356e-01 5.458334e-01 -2.185000e-01 3.580000e-01 -4.208119e-01 5.445903e-01
-2.185000e-01 3.580000e-01 -4.208119e-01 5.445903e-01 -2.180000e-01 3.585000e-01 -4.221623e-01 5.433481e-01
1.320000e-01 3.575000e-01 -3.226817e-01 4.108910e-01 1.320000e-01 3.585000e-01 -3.227808e-01 4.109058e-01
-6.730000e-01 3.585000e-01 -2.188743e-01 4.163249e-01 -6.730000e-01 3.595000e-01 -2.187798e-01 4.163377e-01
-3.285000e-01 3.590000e-01 -1.155221e-01 5.407154e-01 -3.290000e-01 3.595000e-01 -1.142888e-01 5.394889e-01
-3.285000e-01 3.590000e-01 -1.155221e-01 5.407154e-01 -3.275000e-01 3.590000e-01 -1.167945e-01 5.419591e-01
-3.270000e-01 3.585000e-01 -1.180777e-01 5.431907e-01 -3.275000e-01 3.590000e-01 -1.167945e-01 5.419591e-01
-2.180000e-01 3.585000e-01 -4.221623e-01 5.433481e-01 -2.175000e-01 3.590000e-01 -4.235114e-01 5.420843e-01
-2.175000e-01 3.590000e-01 -4.235114e-01 5.420843e-01 -2.165000e-01 3.590000e-01 -4.248656e-01 5.407925e-01
-2.165000e-01 3.590000e-01 -4.248656e-01 5.407925e-01 -2.160000e-01 3.595000e-01 -4.261628e-01 5.395329e-01
1.320000e-01 3.585000e-01 -3.227808e-01 4.109058e-01 1.320000e-01 3.595000e-01 -3.228782e-01 4.109200e-01
-6.730000e-01 3.595000e-01 -2.187798e-01 4.163377e-01 -6.730000e-01 3.605000e-01 -2.186871e-01 4.163499e-01
-3.295000e-01 3.600000e-01 -1.130588e-01 5.382427e-01 -3.300000e-01 3.605000e-01 -1.118535e-01 5.370002e-01
-3.290000e-01 3.595000e-01 -1.142888e-01 5.394889e-01 -3.295000e-01 3.600000e-01 -1.130588e-01 5.382427e-01
-2.160000e-01 3.595000e-01 -4.261628e-01 5.395329e-01 -2.155000e-01 3.600000e-01 -4.274572e-01 5.382526e-01
-2.155000e-01 3.600000e-01 -4.274572e-01 5.382526e-01 -2.150000e-01 3.605000e-01 -4.287258e-01 5.369756e-01
1.320000e-01 3.595000e-01 -3.228782e-01 4.109200e-01 1.320000e-01 3.605000e-01 -3.229740e-01 4.109335e-01
-6.735000e-01 3.610000e-01 -2.189762e-01 4.163101e-01 -6.740000e-01 3.615000e-01 -2.192658e-01 4.162714e-01
-6.730000e-01 3.605000e-01 -2.186871e-01 4.163499e-01 -6.735000e-01 3.610000e-01 -2.189762e-01 4.163101e-01
-3.305000e-01 3.610000e-01 -1.106524e-01 5.357386e-01 -3.310000e-01 3.615000e-01 -1.094760e-01 5.344815e-01
-3.300000e-01 3.605000e-01 -1.118535e-01 5.370002e-01 -3.305000e-01 3.610000e-01 -1.106524e-01 5.357386e-01
-2.150000e-01 3.605000e-01 -4.287258e-01 5.369756e-01 -2.145000e-01 3.610000e-01 -4.299907e-01 5.356784e-01
-2.145000e-01 3.610000e-01 -4.299907e-01 5.356784e-01 -2.140000e-01 3.615000e-01 -4.312297e-01 5.343855e-01
1.320000e-01 3.605000e-01 -3.229740e-01 4.109335e-01 1.320000e-01 3.615000e-01 -3.230680e-01 4.109465e-01
-6.740000e-01 3.615000e-01 -2.192658e-01 4.162714e-01 -6.740000e-01 3.625000e-01 -2.191767e-01 4.162840e-01
-3.315000e-01 3.620000e-01 -1.083046e-01 5.332057e-01 -3.320000e-01 3.625000e-01 -1.071579e-01 5.319354e-01
-3.310000e-01 3.615000e-01 -1.094760e-01 5.344815e-01 -3.315000e-01 3.620000e-01 -1.083046e-01 5.332057e-01
-2.140000e-01 3.615000e-01 -4.312297e-01 5.343855e-01 -2.135000e-01 3.620000e-01 -4.324640e-01 5.330730e-01
-2.135000e-01 3.620000e-01 -4.324640e-01 5.330730e-01 -2.130000e-01 3.625000e-01 -4.336726e-01 5.317656e-01
1.320000e-01 3.615000e-01 -3.230680e-01 4.109465e-01 1.320000e-01 3.625000e-01 -3.231604e-01 4.109590e-01
-6.740000e-01 3.625000e-01 -2.191767e-01 4.162840e-01 -6.740000e-01 3.635000e-01 -2.190895e-01 4.162959e-01
-3.325000e-01 3.630000e-01 -1.060170e-01 5.306470e-01 -3.330000e-01 3.635000e-01 -1.049006e-01 5.293648e-01
-3.320000e-01 3.625000e-01 -1.071579e-01 5.319354e-01 -3.325000e-01 3.630000e-01 -1.060170e-01 5.306470e-01
-2.130000e-01 3.625000e-01 -4.336726e-01 5.317656e-01 -2.125000e-01 3.630000e-01 -4.348755e-01 5.304391e-01
-2.125000e-01 3.630000e-01 -4.348755e-01 5.304391e-01 -2.120000e-01 3.635000e-01 -4.360528e-01 5.291188e-01
1.320000e-01 3.625000e-01 -3.231604e-01 4.109590e-01 1.320000e-01 3.635000e-01 -3.232511e-01 4.109708e-01
-6.740000e-01 3.635000e-01 -2.190895e-01 4.162959e-01 -6.740000e-01 3.645000e-01 -2.190038e-01 4.163073e-01
-3.335000e-01 3.640000e-01 -1.037909e-01 5.280651e-01 -3.340000e-01 3.645000e-01 -1.027054e-01 5.267725e-01
-3.330000e-01 3.635000e-01 -1.049006e-01 5.293648e-01 -3.335000e-01 3.640000e-01 -1.037909e-01 5.280651e-01
-2.120000e-01 3.635000e-01 -4.360528e-01 5.291188e-01 -2.115000e-01 3.640000e-01 -4.372236e-01 5.277800e-01
-2.115000e-01 3.640000e-01 -4.372236e-01 5.277800e-01 -2.110000e-01 3.645000e-01 -4.383689e-01 5.264481e-01
1.320000e-01 3.635000e-01 -3.232511e-01 4.109708e-01 1.320000e-01 3.645000e-01 -3.233401e-01 4.109821e-01
-6.740000e-01 3.645000e-01 -2.190038e-01 4.163073e-01 -6.740000e-01 3.655000e-01 -2.189199e-01 4.163181e-01
-3.345000e-01 3.650000e-01 -1.016274e-01 5.254629e-01 -3.350000e-01 3.655000e-01 -1.005734e-01 5.241612e-01
-3.340000e-01 3.645000e-01 -1.027054e-01 5.267725e-01 -3.345000e-01 3.650000e-01 -1.016274e-01 5.254629e-01
-2.110000e-01 3.645000e-01 -4.383689e-01 5.264481e-01 -2.105000e-01 3.650000e-01 -4.395068e-01 5.250985e-01
-2.105000e-01 3.650000e-01 -4.395068e-01 5.250985e-01 -2.100000e-01 3.655000e-01 -4.406195e-01 5.237566e-01
1.320000e-01 3.645000e-01 -3.233401e-01 4.109821e-01 1.320000e-01 3.655000e-01 -3.234274e-01 4.109929e-01
-6.740000e-01 3.655000e-01 -2.189199e-01 4.163181e-01 -6.740000e-01 3.665000e-01 -2.188377e-01 4.163282e-01
-3.355000e-01 3.660000e-01 -9.952763e-02 5.228433e-01 -3.360000e-01 3.665000e-01 -9.850553e-02 5.215339e-01
-3.350000e-01 3.655000e-01 -1.005734e-01 5.241612e-01 -3.355000e-01 3.660000e-01 -9.952763e-02 5.228433e-01
-2.100000e-01 3.655000e-01 -4.406195e-01 5.237566e-01 -2.095000e-01 3.660000e-01 -4.417241e-01 5.223977e-01
-2.095000e-01 3.660000e-01 -4.417241e-01 5.223977e-01 -2.090000e-01 3.665000e-01 -4.428037e-01 5.210473e-01
1.320000e-01 3.655000e-01 -3.234274e-01 4.109929e-01 1.320000e-01 3.665000e-01 -3.235130e-01 4.110031e-01
-6.740000e-01 3.665000e-01 -2.188377e-01 4.163282e-01 -6.740000e-01 3.675000e-01 -2.187571e-01 4.163378e-01
-3.365000e-01 3.670000e-01 -9.749236e-02 5.202090e-01 -3.370000e-01 3.675000e-01 -9.650254e-02 5.188933e-01
-3.360000e-01 3.665000e-01 -9.850553e-02 5.215339e-01 -3.365000e-01 3.670000e-01 -9.749236e-02 5.202090e-01
-2.090000e-01 3.665000e-01 -4.428037e-01 5.210473e-01 -2.085000e-01 3.670000e-01 -4.438743e-01 5.196806e-01
-2.085000e-01 3.670000e-01 -4.438743e-01 5.196806e-01 -2.080000e-01 3.675000e-01 -4.449204e-01 5.183232e-01
1.320000e-01 3.665000e-01 -3.235130e-01 4.110031e-01 1.320000e-01 3.675000e-01 -3.235969e-01 4.110129e-01
-6.740000e-01 3.675000e-01 -2.187571e-01 4.163378e-01 -6.740000e-01 3.685000e-01 -2.186783e-01 4.163469e-01
-3.375000e-01 3.680000e-01 -9.552231e-02 5.175628e-01 -3.380000e-01 3.685000e-01 -9.456503e-02 5.162422e-01
-3.370000e-01 3.675000e-01 -9.650254e-02 5.188933e-01 -3.375000e-01 3.680000e-01 -9.552231e-02 5.175628e-01
-2.080000e-01 3.675000e-01 -4.449204e-01 5.183232e-01 -2.075000e-01 3.680000e-01 -4.459568e-01 5.169502e-01
-2.075000e-01 3.680000e-01 -4.459568e-01 5.169502e-01 -2.070000e-01 3.685000e-01 -4.469689e-01 5.155873e-01
1.320000e-01 3.675000e-01 -3.235969e-01 4.110129e-01 1.320000e-01 3.685000e-01 -3.236791e-01 4.110221e-01
-6.740000e-01 3.685000e-01 -2.186783e-01 4.163469e-01 -6.740000e-01 3.695000e-01 -2.186011e-01 4.163554e-01
-3.380000e-01 3.685000e-01 -9.456503e-02 5.162422e-01 -3.380000e-01 3.695000e-01 -9.345712e-02 5.146808e-01
-2.070000e-01 3.685000e-01 -4.469689e-01 5.155873e-01 -2.065000e-01 3.690000e-01 -4.479707e-01 5.142096e-01
-2.065000e-01 3.690000e-01 -4.479707e-01 5.142096e-01 -2.060000e-01 3.695000e-01 -4.489488e-01 5.128426e-01
1.320000e-01 3.685000e-01 -3.236791e-01 4.110221e-01 1.325000e-01 3.690000e-01 -3.233827e-01 4.109862e-01
1.325000e-01 3.690000e-01 -3.233827e-01 4.109862e-01 1.330000e-01 3.695000e-01 -3.230857e-01 4.109514e-01
-6.740000e-01 3.695000e-01 -2.186011e-01 4.163554e-01 -6.740000e-01 3.705000e-01 -2.185257e-01 4.163633e-01
-3.385000e-01 3.700000e-01 -9.252080e-02 5.133323e-01 -3.390000e-01 3.705000e-01 -9.160706e-02 5.119948e-01
-3.380000e-01 3.695000e-01 -9.345712e-02 5.146808e-01 -3.385000e-01 3.700000e-01 -9.252080e-02 5.133323e-01
-2.060000e-01 3.695000e-01 -4.489488e-01 5.128426e-01 -2.055000e-01 3.700000e-01 -4.499158e-01 5.114616e-01
-2.055000e-01 3.700000e-01 -4.499158e-01 5.114616e-01 -2.050000e-01 3.705000e-01 -4.508595e-01 5.100919e-01
1.330000e-01 3.695000e-01 -3.230857e-01 4.109514e-01 1.330000e-01 3.705000e-01 -3.231642e-01 4.109613e-01
-6.740000e-01 3.705000e-01 -2.185257e-01 4.163633e-01 -6.740000e-01 3.715000e-01 -2.184521e-01 4.163707e-01
-3.395000e-01 3.710000e-01 -9.070465e-02 5.106443e-01 -3.400000e-01 3.715000e-01 -8.982435e-02 5.093054e-01
-3.390000e-01 3.705000e-01 -9.160706e-02 5.119948e-01 -3.395000e-01 3.710000e-01 -9.070465e-02 5.106443e-01
-2.050000e-01 3.705000e-01 -4.508595e-01 5.100919e-01 -2.050000e-01 3.715000e-01 -4.519731e-01 5.084398e-01
1.330000e-01 3.705000e-01 -3.231642e-01 4.109613e-01 1.330000e-01 3.715000e-01 -3.232410e-01 4.109708e-01
-6.740000e-01 3.715000e-01 -2.184521e-01 4.163707e-01 -6.740000e-01 3.725000e-01 -2.183801e-01 4.163776e-01
-3.405000e-01 3.720000e-01 -8.895588e-02 5.079542e-01 -3.410000e-01 3.725000e-01 -8.810894e-02 5.066152e-01
-3.400000e-01 3.715000e-01 -8.982435e-02 5.093054e-01 -3.405000e-01 3.720000e-01 -8.895588e-02 5.079542e-01
-2.050000e-01 3.715000e-01 -4.519731e-01 5.084398e-01 -2.045000e-01 3.720000e-01 -4.528930e-01 5.070441e-01
-2.045000e-01 3.720000e-01 -4.528930e-01 5.070441e-01 -2.040000e-01 3.725000e-01 -4.537901e-01 5.056608e-01
1.330000e-01 3.715000e-01 -3.232410e-01 4.109708e-01 1.330000e-01 3.725000e-01 -3.233161e-01 4.109798e-01
-6.745000e-01 3.730000e-01 -2.186819e-01 4.163457e-01 -6.750000e-01 3.735000e-01 -2.189843e-01 4.163148e-01
-6.740000e-01 3.725000e-01 -2.183801e-01 4.163776e-01 -6.745000e-01 3.730000e-01 -2.186819e-01 4.163457e-01
-3.410000e-01 3.725000e-01 -8.810894e-02 5.066152e-01 -3.410000e-01 3.735000e-01 -8.707772e-02 5.049454e-01
-2.040000e-01 3.725000e-01 -4.537901e-01 5.056608e-01 -2.035000e-01 3.730000e-01 -4.546746e-01 5.042656e-01
-2.035000e-01 3.730000e-01 -4.546746e-01 5.042656e-01 -2.030000e-01 3.735000e-01 -4.555368e-01 5.028833e-01
1.330000e-01 3.725000e-01 -3.233161e-01 4.109798e-01 1.330000e-01 3.735000e-01 -3.233894e-01 4.109884e-01
-6.750000e-01 3.735000e-01 -2.189843e-01 4.163148e-01 -6.750000e-01 3.745000e-01 -2.189160e-01 4.163224e-01
-3.415000e-01 3.740000e-01 -8.625598e-02 5.035838e-01 -3.420000e-01 3.745000e-01 -8.545517e-02 5.022353e-01
-3.410000e-01 3.735000e-01 -8.707772e-02 5.049454e-01 -3.415000e-01 3.740000e-01 -8.625598e-02 5.035838e-01
-2.030000e-01 3.735000e-01 -4.555368e-01 5.028833e-01 -2.025000e-01 3.740000e-01 -4.563858e-01 5.014900e-01
-2.025000e-01 3.740000e-01 -4.563858e-01 5.014900e-01 -2.020000e-01 3.745000e-01 -4.572133e-01 5.001100e-01
1.330000e-01 3.735000e-01 -3.233894e-01 4.109884e-01 1.330000e-01 3.745000e-01 -3.234610e-01 4.109966e-01
-6.750000e-01 3.745000e-01 -2.189160e-01 4.163224e-01 -6.750000e-01 3.755000e-01 -2.188495e-01 4.163295e-01
-3.425000e-01 3.750000e-01 -8.466765e-02 5.008765e-01 -3.430000e-01 3.755000e-01 -8.390046e-02 4.995312e-01
-3.420000e-01 3.745000e-01 -8.545517e-02 5.022353e-01 -3.425000e-01 3.750000e-01 -8.466765e-02 5.008765e-01
-2.020000e-01 3.745000e-01 -4.572133e-01 5.001100e-01 -2.020000e-01 3.755000e-01 -4.582400e-01 4.983563e-01
1.330000e-01 3.745000e-01 -3.234610e-01 4.109966e-01 1.330000e-01 3.755000e-01 -3.235309e-01 4.110043e-01
-6.750000e-01 3.755000e-01 -2.188495e-01 4.163295e-01 -6.750000e-01 3.765000e-01 -2.187847e-01 4.163361e-01
-3.430000e-01 3.755000e-01 -8.390046e-02 4.995312e-01 -3.430000e-01 3.765000e-01 -8.293260e-02 4.977895e-01
-2.020000e-01 3.755000e-01 -4.582400e-01 4.983563e-01 -2.015000e-01 3.760000e-01 -4.590397e-01 4.969562e-01
-2.015000e-01 3.760000e-01 -4.590397e-01 4.969562e-01 -2.010000e-01 3.765000e-01 -4.598185e-01 4.955705e-01
1.330000e-01 3.755000e-01 -3.235309e-01 4.110043e-01 1.330000e-01 3.765000e-01 -3.235990e-01 4.110116e-01
-6.750000e-01 3.765000e-01 -2.187847e-01 4.163361e-01 -6.750000e-01 3.775000e-01 -2.187217e-01 4.163423e-01
-3.435000e-01 3.770000e-01 -8.219309e-02 4.964258e-01 -3.440000e-01 3.775000e-01 -8.147319e-02 4.950763e-01
-3.430000e-01 3.765000e-01 -8.293260e-02 4.977895e-01 -3.435000e-01 3.770000e-01 -8.219309e-02 4.964258e-01
-2.010000e-01 3.765000e-01 -4.598185e-01 4.955705e-01 -2.005000e-01 3.770000e-01 -4.605829e-01 4.941759e-01
-2.005000e-01 3.770000e-01 -4.605829e-01 4.941759e-01 -2.000000e-01 3.775000e-01 -4.613270e-01 4.927959e-01
1.330000e-01 3.765000e-01 -3.235990e-01 4.110116e-01 1.330000e-01 3.775000e-01 -3.236655e-01 4.110185e-01
-6.750000e-01 3.775000e-01 -2.187217e-01 4.163423e-01 -6.750000e-01 3.785000e-01 -2.186603e-01 4.163481e-01
-3.445000e-01 3.780000e-01 -8.076769e-02 4.937187e-01 -3.450000e-01 3.785000e-01 -8.008111e-02 4.923756e-01
-3.440000e-01 3.775000e-01 -8.147319e-02 4.950763e-01 -3.445000e-01 3.780000e-01 -8.076769e-02 4.937187e-01
-2.000000e-01 3.775000e-01 -4.613270e-01 4.927959e-01 -2.000000e-01 3.785000e-01 -4.622835e-01 4.909762e-01
1.330000e-01 3.775000e-01 -3.236655e-01 4.110185e-01 1.330000e-01 3.785000e-01 -3.237302e-01 4.110250e-01
-6.750000e-01 3.785000e-01 -2.186603e-01 4.163481e-01 -6.750000e-01 3.795000e-01 -2.186007e-01 4.163534e-01
-3.450000e-01 3.785000e-01 -8.008111e-02 4.923756e-01 -3.450000e-01 3.795000e-01 -7.918361e-02 4.905723e-01
-2.000000e-01 3.785000e-01 -4.622835e-01 4.909762e-01 -1.995000e-01 3.790000e-01 -4.629977e-01 4.895806e-01
-1.995000e-01 3.790000e-01 -4.629977e-01 4.895806e-01 -1.990000e-01 3.795000e-01 -4.636925e-01 4.882003e-01
1.330000e-01 3.785000e-01 -3.237302e-01 4.110250e-01 1.330000e-01 3.795000e-01 -3.237932e-01 4.110312e-01
-6.750000e-01 3.795000e-01 -2.186007e-01 4.163534e-01 -6.750000e-01 3.805000e-01 -2.185429e-01 4.163583e-01
-3.455000e-01 3.800000e-01 -7.852668e-02 4.892151e-01 -3.460000e-01 3.805000e-01 -7.788788e-02 4.878731e-01
-3.450000e-01 3.795000e-01 -7.918361e-02 4.905723e-01 -3.455000e-01 3.800000e-01 -7.852668e-02 4.892151e-01
-1.990000e-01 3.795000e-01 -4.636925e-01 4.882003e-01 -1.990000e-01 3.805000e-01 -4.646038e-01 4.863377e-01
1.330000e-01 3.795000e-01 -3.237932e-01 4.110312e-01 1.330000e-01 3.805000e-01 -3.238544e-01 4.110370e-01
-6.750000e-01 3.805000e-01 -2.185429e-01 4.163583e-01 -6.750000e-01 3.815000e-01 -2.184868e-01 4.163627e-01
-3.460000e-01 3.805000e-01 -7.788788e-02 4.878731e-01 -3.460000e-01 3.815000e-01 -7.703550e-02 4.860293e-01
-1.990000e-01 3.805000e-01 -4.646038e-01 4.863377e-01 -1.985000e-01 3.810000e-01 -4.652673e-01 4.849447e-01
-1.985000e-01 3.810000e-01 -4.652673e-01 4.849447e-01 -1.980000e-01 3.815000e-01 -4.659124e-01 4.835675e-01
1.330000e-01 3.805000e-01 -3.238544e-01 4.110370e-01 1.330000e-01 3.815000e-01 -3.239139e-01 4.110424e-01
-6.750000e-01 3.815000e-01 -2.184868e-01 4.163627e-01 -6.750000e-01 3.825000e-01 -2.184324e-01 4.163668e-01
-3.465000e-01 3.820000e-01 -7.642742e-02 4.846758e-01 -3.470000e-01 3.825000e-01 -7.583660e-02 4.833380e-01
-3.460000e-01 3.815000e-01 -7.703550e-02 4.860293e-01 -3.465000e-01 3.820000e-01 -7.642742e-02 4.846758e-01
-1.980000e-01 3.815000e-01 -4.659124e-01 4.835675e-01 -1.975000e-01 3.820000e-01 -4.665415e-01 4.821851e-01
-1.975000e-01 3.820000e-01 -4.665415e-01 4.821851e-01 -1.970000e-01 3.825000e-01 -4.671529e-01 4.808188e-01
1.330000e-01 3.815000e-01 -3.239139e-01 4.110424e-01 1.330000e-01 3.825000e-01 -3.239717e-01 4.110474e-01
-6.750000e-01 3.825000e-01 -2.184324e-01 4.163668e-01 -6.750000e-01 3.835000e-01 -2.183798e-01 4.163704e-01
-3.470000e-01 3.825000e-01 -7.583660e-02 4.833380e-01 -3.470000e-01 3.835000e-01 -7.503175e-02 4.814578e-01
-1.970000e-01 3.825000e-01 -4.671529e-01 4.808188e-01 -1.970000e-01 3.835000e-01 -4.679839e-01 4.789083e-01
1.330000e-01 3.825000e-01 -3.239717e-01 4.110474e-01 1.330000e-01 3.835000e-01 -3.240278e-01 4.110522e-01
-6.750000e-01 3.835000e-01 -2.183798e-01 4.163704e-01 -6.750000e-01 3.845000e-01 -2.183289e-01 4.163737e-01
-3.475000e-01 3.840000e-01 -7.447252e-02 4.801113e-01 -3.480000e-01 3.845000e-01 -7.392959e-02 4.787808e-01
-3.470000e-01 3.835000e-01 -7.503175e-02 4.814578e-01 -3.475000e-01 3.840000e-01 -7.447252e-02 4.801113e-01
-1.970000e-01 3.835000e-01 -4.679839e-01 4.789083e-01 -1.965000e-01 3.840000e-01 -4.685627e-01 4.775337e-01
-1.965000e-01 3.840000e-01 -4.685627e-01 4.775337e-01 -1.960000e-01 3.845000e-01 -4.691249e-01 4.761757e-01
1.330000e-01 3.835000e-01 -3.240278e-01 4.110522e-01 1.330000e-01 3.845000e-01 -3.240821e-01 4.110566e-01
-6.750000e-01 3.845000e-01 -2.183289e-01 4.163737e-01 -6.750000e-01 3.855000e-01 -2.182798e-01 4.163766e-01
-3.480000e-01 3.845000e-01 -7.392959e-02 4.787808e-01 -3.480000e-01 3.855000e-01 -7.317446e-02 4.768683e-01
-1.960000e-01 3.845000e-01 -4.691249e-01 4.761757e-01 -1.960000e-01 3.855000e-01 -4.699049e-01 4.742334e-01
1.330000e-01 3.845000e-01 -3.240821e-01 4.110566e-01 1.330000e-01 3.855000e-01 -3.241346e-01 4.110607e-01
-6.750000e-01 3.855000e-01 -2.182798e-01 4.163766e-01 -6.750000e-01 3.865000e-01 -2.182324e-01 4.163792e-01
-3.485000e-01 3.860000e-01 -7.266383e-02 4.755318e-01 -3.490000e-01 3.865000e-01 -7.216852e-02 4.742116e-01
-3.480000e-01 3.855000e-01 -7.317446e-02 4.768683e-01 -3.485000e-01 3.860000e-01 -7.266383e-02 4.755318e-01
-1.960000e-01 3.855000e-01 -4.699049e-01 4.742334e-01 -1.960000e-01 3.865000e-01 -4.706658e-01 4.722673e-01
1.330000e-01 3.855000e-01 -3.241346e-01 4.110607e-01 1.330000e-01 3.865000e-01 -3.241854e-01 4.110645e-01
-6.755000e-01 3.870000e-01 -2.185486e-01 4.163575e-01 -6.760000e-01 3.875000e-01 -2.188652e-01 4.163367e-01
-6.750000e-01 3.865000e-01 -2.182324e-01 4.163792e-01 -6.755000e-01 3.870000e-01 -2.185486e-01 4.163575e-01
-3.490000e-01 3.865000e-01 -7.216852e-02 4.742116e-01 -3.490000e-01 3.875000e-01 -7.146489e-02 4.722710e-01
-1.960000e-01 3.865000e-01 -4.706658e-01 4.722673e-01 -1.955000e-01 3.870000e-01 -4.711777e-01 4.709020e-01
-1.955000e-01 3.870000e-01 -4.711777e-01 4.709020e-01 -1.950000e-01 3.875000e-01 -4.716741e-01 4.695537e-01
1.330000e-01 3.865000e-01 -3.241854e-01 4.110645e-01 1.330000e-01 3.875000e-01 -3.242345e-01 4.110680e-01
-6.760000e-01 3.875000e-01 -2.188652e-01 4.163367e-01 -6.760000e-01 3.885000e-01 -2.188215e-01 4.163404e-01
-3.495000e-01 3.880000e-01 -7.100236e-02 4.709476e-01 -3.500000e-01 3.885000e-01 -7.055411e-02 4.696406e-01
-3.490000e-01 3.875000e-01 -7.146489e-02 4.722710e-01 -3.495000e-01 3.880000e-01 -7.100236e-02 4.709476e-01
-1.950000e-01 3.875000e-01 -4.716741e-01 4.695537e-01 -1.950000e-01 3.885000e-01 -4.723810e-01 4.675618e-01
1.330000e-01 3.875000e-01 -3.242345e-01 4.110680e-01 1.330000e-01 3.885000e-01 -3.242818e-01 4.110712e-01
-6.760000e-01 3.885000e-01 -2.188215e-01 4.163404e-01 -6.760000e-01 3.895000e-01 -2.187796e-01 4.163437e-01
-3.500000e-01 3.885000e-01 -7.055411e-02 4.696406e-01 -3.500000e-01 3.895000e-01 -6.990347e-02 4.676762e-01
-1.950000e-01 3.885000e-01 -4.723810e-01 4.675618e-01 -1.945000e-01 3.890000e-01 -4.728434e-01 4.662121e-01
-1.945000e-01 3.890000e-01 -4.728434e-01 4.662121e-01 -1.940000e-01 3.895000e-01 -4.732914e-01 4.648795e-01
1.330000e-01 3.885000e-01 -3.242818e-01 4.110712e-01 1.330000e-01 3.895000e-01 -3.243274e-01 4.110742e-01
-6.760000e-01 3.895000e-01 -2.187796e-01 4.163437e-01 -6.760000e-01 3.905000e-01 -2.187394e-01 4.163466e-01
-3.500000e-01 3.895000e-01 -6.990347e-02 4.676762e-01 -3.500000e-01 3.905000e-01 -6.927369e-02 4.656909e-01
-1.940000e-01 3.895000e-01 -4.732914e-01 4.648795e-01 -1.940000e-01 3.905000e-01 -4.739429e-01 4.628665e-01
1.330000e-01 3.895000e-01 -3.243274e-01 4.110742e-01 1.330000e-01 3.905000e-01 -3.243711e-01 4.110769e-01
-6.760000e-01 3.905000e-01 -2.187394e-01 4.163466e-01 -6.760000e-01 3.915000e-01 -2.187010e-01 4.163493e-01
-3.505000e-01 3.910000e-01 -6.887527e-02 4.643840e-01 -3.510000e-01 3.915000e-01 -6.848978e-02 4.630937e-01
-3.500000e-01 3.905000e-01 -6.927369e-02 4.656909e-01 -3.505000e-01 3.910000e-01 -6.887527e-02 4.643840e-01
-1.940000e-01 3.905000e-01 -4.739429e-01 4.628665e-01 -1.940000e-01 3.915000e-01 -4.745725e-01 4.608335e-01
1.330000e-01 3.905000e-01 -3.243711e-01 4.110769e-01 1.330000e-01 3.915000e-01 -3.244132e-01 4.110794e-01
-6.760000e-01 3.915000e-01 -2.187010e-01 4.163493e-01 -6.760000e-01 3.925000e-01 -2.186643e-01 4.163517e-01
-3.510000e-01 3.915000e-01 -6.848978e-02 4.630937e-01 -3.510000e-01 3.925000e-01 -6.791507e-02 4.610906e-01
-1.940000e-01 3.915000e-01 -4.745725e-01 4.608335e-01 -1.935000e-01 3.920000e-01 -4.749689e-01 4.595039e-01
-1.935000e-01 3.920000e-01 -4.749689e-01 4.595039e-01 -1.930000e-01 3.925000e-01 -4.753524e-01 4.581915e-01
1.330000e-01 3.915000e-01 -3.244132e-01 4.110794e-01 1.330000e-01 3.925000e-01 -3.244535e-01 4.110816e-01
-6.760000e-01 3.925000e-01 -2.186643e-01 4.163517e-01 -6.760000e-01 3.935000e-01 -2.186294e-01 4.163539e-01
-3.510000e-01 3.925000e-01 -6.791507e-02 4.610906e-01 -3.510000e-01 3.935000e-01 -6.736266e-02 4.590690e-01
-1.930000e-01 3.925000e-01 -4.753524e-01 4.581915e-01 -1.930000e-01 3.935000e-01 -4.759248e-01 4.561437e-01
1.330000e-01 3.925000e-01 -3.244535e-01 4.110816e-01 1.330000e-01 3.935000e-01 -3.244920e-01 4.110837e-01
-6.760000e-01 3.935000e-01 -2.186294e-01 4.163539e-01 -6.760000e-01 3.945000e-01 -2.185963e-01 4.163557e-01
-3.515000e-01 3.940000e-01 -6.702739e-02 4.577845e-01 -3.520000e-01 3.945000e-01 -6.670374e-02 4.565168e-01
-3.510000e-01 3.935000e-01 -6.736266e-02 4.590690e-01 -3.515000e-01 3.940000e-01 -6.702739e-02 4.577845e-01
-1.930000e-01 3.935000e-01 -4.759248e-01 4.561437e-01 -1.930000e-01 3.945000e-01 -4.764738e-01 4.540784e-01
1.330000e-01 3.935000e-01 -3.244920e-01 4.110837e-01 1.330000e-01 3.945000e-01 -3.245288e-01 4.110855e-01
-6.760000e-01 3.945000e-01 -2.185963e-01 4.163557e-01 -6.760000e-01 3.955000e-01 -2.185649e-01 4.163573e-01
-3.520000e-01 3.945000e-01 -6.670374e-02 4.565168e-01 -3.520000e-01 3.955000e-01 -6.620777e-02 4.544835e-01
-1.930000e-01 3.945000e-01 -4.764738e-01 4.540784e-01 -1.925000e-01 3.950000e-01 -4.768055e-01 4.527749e-01
-1.925000e-01 3.950000e-01 -4.768055e-01 4.527749e-01 -1.920000e-01 3.955000e-01 -4.771257e-01 4.514885e-01
1.330000e-01 3.945000e-01 -3.245288e-01 4.110855e-01 1.330000e-01 3.955000e-01 -3.245638e-01 4.110871e-01
-6.760000e-01 3.955000e-01 -2.185649e-01 4.163573e-01 -6.760000e-01 3.965000e-01 -2.185352e-01 4.163587e-01
-3.520000e-01 3.955000e-01 -6.620777e-02 4.544835e-01 -3.520000e-01 3.965000e-01 -6.573540e-02 4.524341e-01
-1.920000e-01 3.955000e-01 -4.771257e-01 4.514885e-01 -1.920000e-01 3.965000e-01 -4.776163e-01 4.494148e-01
1.330000e-01 3.955000e-01 -3.245638e-01 4.110871e-01 1.330000e-01 3.965000e-01 -3.245970e-01 4.110885e-01
-6.760000e-01 3.965000e-01 -2.185352e-01 4.163587e-01 -6.760000e-01 3.975000e-01 -2.185074e-01 4.163598e-01
-3.520000e-01 3.965000e-01 -6.573540e-02 4.524341e-01 -3.520000e-01 3.975000e-01 -6.528712e-02 4.503694e-01
-1.920000e-01 3.965000e-01 -4.776163e-01 4.494148e-01 -1.920000e-01 3.975000e-01 -4.780825e-01 4.473263e-01
1.330000e-01 3.965000e-01 -3.245970e-01 4.110885e-01 1.330000e-01 3.975000e-01 -3.246284e-01 4.110898e-01
-6.760000e-01 3.975000e-01 -2.185074e-01 4.163598e-01 -6.760000e-01 3.985000e-01 -2.184813e-01 4.163607e-01
-3.525000e-01 3.980000e-01 -6.503011e-02 4.491179e-01 -3.530000e-01 3.985000e-01 -6.478299e-02 4.478829e-01
-3.520000e-01 3.975000e-01 -6.528712e-02 4.503694e-01 -3.525000e-01 3.980000e-01 -6.503011e-02 4.491179e-01
-1.920000e-01 3.975000e-01 -4.780825e-01 4.473263e-01 -1.915000e-01 3.980000e-01 -4.783515e-01 4.460544e-01
-1.915000e-01 3.980000e-01 -4.783515e-01 4.460544e-01 -1.910000e-01 3.985000e-01 -4.786104e-01 4.447995e-01
1.330000e-01 3.975000e-01 -3.246284e-01 4.110898e-01 1.330000e-01 3.985000e-01 -3.246582e-01 4.110909e-01
-6.760000e-01 3.985000e-01 -2.184813e-01 4.163607e-01 -6.760000e-01 3.995000e-01 -2.184570e-01 4.163614e-01
-3.530000e-01 3.985000e-01 -6.478299e-02 4.478829e-01 -3.530000e-01 3.995000e-01 -6.439240e-02 4.458146e-01
-1.910000e-01 3.985000e-01 -4.786104e-01 4.447995e-01 -1.910000e-01 3.995000e-01 -4.790177e-01 4.427089e-01
1.330000e-01 3.985000e-01 -3.246582e-01 4.110909e-01 1.330000e-01 3.995000e-01 -3.246861e-01 4.110918e-01
-6.760000e-01 3.995000e-01 -2.184570e-01 4.163614e-01 -6.760000e-01 4.005000e-01 -2.184345e-01 4.163619e-01
-3.530000e-01 3.995000e-01 -6.439240e-02 4.458146e-01 -3.530000e-01 4.005000e-01 -6.402673e-02 4.437335e-01
-1.910000e-01 3.995000e-01 -4.790177e-01 4.427089e-01 -1.910000e-01 4.005000e-01 -4.793996e-01 4.406062e-01
1.330000e-01 3.995000e-01 -3.246861e-01 4.110918e-01 1.330000e-01 4.005000e-01 -3.247123e-01 4.110926e-01
-6.760000e-01 4.005000e-01 -2.184345e-01 4.163619e-01 -6.760000e-01 4.015000e-01 -2.184137e-01 4.163623e-01
-3.530000e-01 4.005000e-01 -6.402673e-02 4.437335e-01 -3.530000e-01 4.015000e-01 -6.368645e-02 4.416405e-01
-1.910000e-01 4.005000e-01 -4.793996e-01 4.406062e-01 -1.910000e-01 4.015000e-01 -4.797558e-01 4.384922e-01
1.330000e-01 4.005000e-01 -3.247123e-01 4.110926e-01 1.330000e-01 4.015000e-01 -3.247367e-01 4.110933e-01
-6.760000e-01 4.015000e-01 -2.184137e-01 4.163623e-01 -6.760000e-01 4.025000e-01 -2.183947e-01 4.163624e-01
-3.530000e-01 4.015000e-01 -6.368645e-02 4.416405e-01 -3.530000e-01 4.025000e-01 -6.337191e-02 4.395362e-01
-1.910000e-01 4.015000e-01 -4.797558e-01 4.384922e-01 -1.910000e-01 4.025000e-01 -4.800858e-01 4.363676e-01
1.330000e-01 4.015000e-01 -3.247367e-01 4.110933e-01 1.330000e-01 4.025000e-01 -3.247593e-01 4.110939e-01
-6.760000e-01 4.025000e-01 -2.183947e-01 4.163624e-01 -6.760000e-01 4.035000e-01 -2.183774e-01 4.163624e-01
-3.530000e-01 4.025000e-01 -6.337191e-02 4.395362e-01 -3.530000e-01 4.035000e-01 -6.308343e-02 4.374216e-01
-1.910000e-01 4.025000e-01 -4.800858e-01 4.363676e-01 -1.905000e-01 4.030000e-01 -4.802616e-01 4.351487e-01
-1.905000e-01 4.030000e-01 -4.802616e-01 4.351487e-01 -1.900000e-01 4.035000e-01 -4.804293e-01 4.339460e-01
1.330000e-01 4.025000e-01 -3.247593e-01 4.110939e-01 1.330000e-01 4.035000e-01 -3.247801e-01 4.110944e-01
-6.760000e-01 4.035000e-01 -2.183774e-01 4.163624e-01 -6.760000e-01 4.045000e-01 -2.183620e-01 4.163622e-01
-3.535000e-01 4.040000e-01 -6.293385e-02 4.362285e-01 -3.540000e-01 4.045000e-01 -6.279185e-02 4.350512e-01
-3.530000e-01 4.035000e-01 -6.308343e-02 4.374216e-01 -3.535000e-01 4.040000e-01 -6.293385e-02 4.362285e-01
-1.900000e-01 4.035000e-01 -4.804293e-01 4.339460e-01 -1.900000e-01 4.045000e-01 -4.807004e-01 4.318295e-01
1.330000e-01 4.035000e-01 -3.247801e-01 4.110944e-01 1.330000e-01 4.045000e-01 -3.247992e-01 4.110947e-01
-6.760000e-01 4.045000e-01 -2.183620e-01 4.163622e-01 -6.760000e-01 4.055000e-01 -2.183483e-01 4.163620e-01
-3.540000e-01 4.045000e-01 -6.279185e-02 4.350512e-01 -3.540000e-01 4.055000e-01 -6.256136e-02 4.329448e-01
-1.900000e-01 4.045000e-01 -4.807004e-01 4.318295e-01 -1.900000e-01 4.055000e-01 -4.809450e-01 4.297053e-01
1.330000e-01 4.045000e-01 -3.247992e-01 4.110947e-01 1.330000e-01 4.055000e-01 -3.248165e-01 4.110950e-01
-6.760000e-01 4.055000e-01 -2.183483e-01 4.163620e-01 -6.760000e-01 4.065000e-01 -2.183364e-01 4.163615e-01
-3.540000e-01 4.055000e-01 -6.256136e-02 4.329448e-01 -3.540000e-01 4.065000e-01 -6.235727e-02 4.308308e-01
-1.900000e-01 4.055000e-01 -4.809450e-01 4.297053e-01 -1.900000e-01 4.065000e-01 -4.811628e-01 4.275742e-01
1.330000e-01 4.055000e-01 -3.248165e-01 4.110950e-01 1.330000e-01 4.065000e-01 -3.248321e-01 4.110953e-01
-6.760000e-01 4.065000e-01 -2.183364e-01 4.163615e-01 -6.760000e-01 4.075000e-01 -2.183262e-01 4.163610e-01
-3.540000e-01 4.065000e-01 -6.235727e-02 4.308308e-01 -3.540000e-01 4.075000e-01 -6.217989e-02 4.287100e-01
-1.900000e-01 4.065000e-01 -4.811628e-01 4.275742e-01 -1.900000e-01 4.075000e-01 -4.813537e-01 4.254370e-01
1.330000e-01 4.065000e-01 -3.248321e-01 4.110953e-01 1.330000e-01 4.075000e-01 -3.248458e-01 4.110954e-01
-6.760000e-01 4.075000e-01 -2.183262e-01 4.163610e-01 -6.760000e-01 4.085000e-01 -2.183179e-01 4.163604e-01
-3.540000e-01 4.075000e-01 -6.217989e-02 4.287100e-01 -3.540000e-01 4.085000e-01 -6.202933e-02 4.265833e-01
-1.900000e-01 4.075000e-01 -4.813537e-01 4.254370e-01 -1.900000e-01 4.085000e-01 -4.815173e-01 4.232948e-01
1.330000e-01 4.075000e-01 -3.248458e-01 4.110954e-01 1.330000e-01 4.085000e-01 -3.248578e-01 4.110956e-01
-6.760000e-01 4.085000e-01 -2.183179e-01 4.163604e-01 -6.760000e-01 4.095000e-01 -2.183113e-01 4.163596e-01
-3.540000e-01 4.085000e-01 -6.202933e-02 4.265833e-01 -3.540000e-01 4.095000e-01 -6.190580e-02 4.244515e-01
-1.900000e-01 4.085000e-01 -4.815173e-01 4.232948e-01 -1.900000e-01 4.095000e-01 -4.816536e-01 4.211482e-01
1.330000e-01 4.085000e-01 -3.248578e-01 4.110956e-01 1.330000e-01 4.095000e-01 -3.248680e-01 4.110956e-01
-6.760000e-01 4.095000e-01 -2.183113e-01 4.163596e-01 -6.760000e-01 4.105000e-01 -2.183065e-01 4.163588e-01
-3.540000e-01 4.095000e-01 -6.190580e-02 4.244515e-01 -3.540000e-01 4.105000e-01 -6.180945e-02 4.223155e-01
-1.900000e-01 4.095000e-01 -4.816536e-01 4.211482e-01 -1.900000e-01 4.105000e-01 -4.817625e-01 4.189983e-01
1.330000e-01 4.095000e-01 -3.248680e-01 4.110956e-01 1.330000e-01 4.105000e-01 -3.248765e-01 4.110957e-01
-6.765000e-01 4.110000e-01 -2.186456e-01 4.163569e-01 -6.770000e-01 4.115000e-01 -2.189850e-01 4.163559e-01
-6.760000e-01 4.105000e-01 -2.183065e-01 4.163588e-01 -6.765000e-01 4.110000e-01 -2.186456e-01 4.163569e-01
-3.540000e-01 4.105000e-01 -6.180945e-02 4.223155e-01 -3.540000e-01 4.115000e-01 -6.174043e-02 4.201762e-01
-1.900000e-01 4.105000e-01 -4.817625e-01 4.189983e-01 -1.900000e-01 4.115000e-01 -4.818437e-01 4.168459e-01
1.330000e-01 4.105000e-01 -3.248765e-01 4.110957e-01 1.330000e-01 4.115000e-01 -3.248832e-01 4.110958e-01
-6.770000e-01 4.115000e-01 -2.189850e-01 4.163559e-01 -6.770000e-01 4.125000e-01 -2.189838e-01 4.163567e-01
-3.540000e-01 4.115000e-01 -6.174043e-02 4.201762e-01 -3.540000e-01 4.125000e-01 -6.169876e-02 4.180345e-01
-1.900000e-01 4.115000e-01 -4.818437e-01 4.168459e-01 -1.900000e-01 4.125000e-01 -4.818973e-01 4.146920e-01
1.330000e-01 4.115000e-01 -3.248832e-01 4.110958e-01 1.330000e-01 4.125000e-01 -3.248881e-01 4.110958e-01
-6.770000e-01 4.125000e-01 -2.189838e-01 4.163567e-01 -6.770000e-01 4.135000e-01 -2.189843e-01 4.163575e-01
-3.540000e-01 4.125000e-01 -6.169876e-02 4.180345e-01 -3.540000e-01 4.135000e-01 -6.168455e-02 4.158913e-01
-1.900000e-01 4.125000e-01 -4.818973e-01 4.146920e-01 -1.895000e-01 4.130000e-01 -4.819127e-01 4.136017e-01
-1.895000e-01 4.130000e-01 -4.819127e-01 4.136017e-01 -1.890000e-01 4.135000e-01 -4.819234e-01 4.125254e-01
1.330000e-01 4.125000e-01 -3.248881e-01 4.110958e-01 1.330000e-01 4.135000e-01 -3.248912e-01 4.110959e-01
-6.770000e-01 4.135000e-01 -2.189843e-01 4.163575e-01 -6.770000e-01 4.145000e-01 -2.189866e-01 4.163583e-01
-3.540000e-01 4.135000e-01 -6.168455e-02 4.158913e-01 -3.540000e-01 4.145000e-01 -6.169781e-02 4.137474e-01
-1.890000e-01 4.135000e-01 -4.819234e-01 4.125254e-01 -1.890000e-01 4.145000e-01 -4.819217e-01 4.103984e-01
1.330000e-01 4.135000e-01 -3.248912e-01 4.110959e-01 1.330000e-01 4.145000e-01 -3.248925e-01 4.110960e-01
-6.770000e-01 4.145000e-01 -2.189866e-01 4.163583e-01 -6.770000e-01 4.155000e-01 -2.189907e-01 4.163591e-01
-3.540000e-01 4.145000e-01 -6.169781e-02 4.137474e-01 -3.540000e-01 4.155000e-01 -6.173858e-02 4.116037e-01
-1.890000e-01 4.145000e-01 -4.819217e-01 4.103984e-01 -1.890000e-01 4.155000e-01 -4.818929e-01 4.082726e-01
1.330000e-01 4.145000e-01 -3.248925e-01 4.110960e-01 1.330000e-01 4.155000e-01 -3.248921e-01 4.110962e-01
-6.770000e-01 4.155000e-01 -2.189907e-01 4.163591e-01 -6.770000e-01 4.165000e-01 -2.189966e-01 4.163598e-01
-3.540000e-01 4.155000e-01 -6.173858e-02 4.116037e-01 -3.540000e-01 4.165000e-01 -6.180677e-02 4.094612e-01
-1.895000e-01 4.160000e-01 -4.818664e-01 4.071827e-01 -1.900000e-01 4.165000e-01 -4.818348e-01 4.060785e-01
-1.890000e-01 4.155000e-01 -4.818929e-01 4.082726e-01 -1.895000e-01 4.160000e-01 -4.818664e-01 4.071827e-01
1.330000e-01 4.155000e-01 -3.248921e-01 4.110962e-01 1.330000e-01 4.165000e-01 -3.248899e-01 4.110964e-01
-6.770000e-01 4.165000e-01 -2.189966e-01 4.163598e-01 -6.770000e-01 4.175000e-01 -2.190042e-01 4.163606e-01
-3.540000e-01 4.165000e-01 -6.180677e-02 4.094612e-01 -3.540000e-01 4.175000e-01 -6.190237e-02 4.073207e-01
-1.900000e-01 4.165000e-01 -4.818348e-01 4.060785e-01 -1.900000e-01 4.175000e-01 -4.817501e-01 4.039303e-01
1.330000e-01 4.165000e-01 -3.248899e-01 4.110964e-01 1.330000e-01 4.175000e-01 -3.248859e-01 4.110966e-01
-6.770000e-01 4.175000e-01 -2.190042e-01 4.163606e-01 -6.770000e-01 4.185000e-01 -2.190136e-01 4.163613e-01
-3.540000e-01 4.175000e-01 -6.190237e-02 4.073207e-01 -3.540000e-01 4.185000e-01 -6.202528e-02 4.051832e-01
-1.900000e-01 4.175000e-01 -4.817501e-01 4.039303e-01 -1.900000e-01 4.185000e-01 -4.816379e-01 4.017859e-01
1.330000e-01 4.175000e-01 -3.248859e-01 4.110966e-01 1.330000e-01 4.185000e-01 -3.248801e-01 4.110969e-01
-6.770000e-01 4.185000e-01 -2.190136e-01 4.163613e-01 -6.770000e-01 4.195000e-01 -2.190248e-01 4.163621e-01
-3.540000e-01 4.185000e-01 -6.202528e-02 4.051832e-01 -3.540000e-01 4.195000e-01 -6.217536e-02 4.030494e-01
-1.900000e-01 4.185000e-01 -4.816379e-01 4.017859e-01 -1.900000e-01 4.195000e-01 -4.814984e-01 3.996462e-01
1.330000e-01 4.185000e-01 -3.248801e-01 4.110969e-01 1.330000e-01 4.195000e-01 -3.248726e-01 4.110973e-01
-6.770000e-01 4.195000e-01 -2.190248e-01 4.163621e-01 -6.770000e-01 4.205000e-01 -2.190377e-01 4.163630e-01
-3.540000e-01 4.195000e-01 -6.217536e-02 4.030494e-01 -3.540000e-01 4.205000e-01 -6.235248e-02 4.009204e-01
-1.900000e-01 4.195000e-01 -4.814984e-01 3.996462e-01 -1.900000e-01 4.205000e-01 -4.813318e-01 3.975122e-01
1.330000e-01 4.195000e-01 -3.248726e-01 4.110973e-01 1.330000e-01 4.205000e-01 -3.248633e-01 4.110979e-01
-6.770000e-01 4.205000e-01 -2.190377e-01 4.163630e-01 -6.770000e-01 4.215000e-01 -2.190524e-01 4.163639e-01
-3.540000e-01 4.205000e-01 -6.235248e-02 4.009204e-01 -3.540000e-01 4.215000e-01 -6.255647e-02 3.987969e-01
-1.900000e-01 4.205000e-01 -4.813318e-01 3.975122e-01 -1.900000e-01 4.215000e-01 -4.811382e-01 3.953846e-01
1.330000e-01 4.205000e-01 -3.248633e-01 4.110979e-01 1.330000e-01 4.215000e-01 -3.248522e-01 4.110985e-01
-6.770000e-01 4.215000e-01 -2.190524e-01 4.163639e-01 -6.770000e-01 4.225000e-01 -2.190689e-01 4.163648e-01
-3.540000e-01 4.215000e-01 -6.255647e-02 3.987969e-01 -3.535000e-01 4.220000e-01 -6.268232e-02 3.976230e-01
-3.535000e-01 4.220000e-01 -6.268232e-02 3.976230e-01 -3.530000e-01 4.225000e-01 -6.281532e-02 3.964333e-01
-1.900000e-01 4.215000e-01 -4.811382e-01 3.953846e-01 -1.900000e-01 4.225000e-01 -4.809179e-01 3.932644e-01
1.330000e-01 4.215000e-01 -3.248522e-01 4.110985e-01 1.330000e-01 4.225000e-01 -3.248394e-01 4.110992e-01
-6.770000e-01 4.225000e-01 -2.190689e-01 4.163648e-01 -6.770000e-01 4.235000e-01 -2.190872e-01 4.163658e-01
-3.530000e-01 4.225000e-01 -6.281532e-02 3.964333e-01 -3.530000e-01 4.235000e-01 -6.307776e-02 3.942969e-01
-1.900000e-01 4.225000e-01 -4.809179e-01 3.932644e-01 -1.900000e-01 4.235000e-01 -4.806710e-01 3.911523e-01
1.330000e-01 4.225000e-01 -3.248394e-01 4.110992e-01 1.330000e-01 4.235000e-01 -3.248248e-01 4.111001e-01
-6.770000e-01 4.235000e-01 -2.190872e-01 4.163658e-01 -6.770000e-01 4.245000e-01 -2.191072e-01 4.163669e-01
-3.530000e-01 4.235000e-01 -6.307776e-02 3.942969e-01 -3.530000e-01 4.245000e-01 -6.336690e-02 3.921688e-01
-1.900000e-01 4.235000e-01 -4.806710e-01 3.911523e-01 -1.900000e-01 4.245000e-01 -4.803980e-01 3.890493e-01
1.330000e-01 4.235000e-01 -3.248248e-01 4.111001e-01 1.330000e-01 4.245000e-01 -3.248084e-01 4.111011e-01
-6.770000e-01 4.245000e-01 -2.191072e-01 4.163669e-01 -6.770000e-01 4.255000e-01 -2.191290e-01 4.163681e-01
-3.530000e-01 4.245000e-01 -6.336690e-02 3.921688e-01 -3.530000e-01 4.255000e-01 -6.368245e-02 3.900500e-01
-1.900000e-01 4.245000e-01 -4.803980e-01 3.890493e-01 -1.900000e-01 4.255000e-01 -4.800990e-01 3.869561e-01
1.330000e-01 4.245000e-01 -3.248084e-01 4.111011e-01 1.330000e-01 4.255000e-01 -3.247903e-01 4.111022e-01
-6.770000e-01 4.255000e-01 -2.191290e-01 4.163681e-01 -6.770000e-01 4.265000e-01 -2.191525e-01 4.163695e-01
-3.530000e-01 4.255000e-01 -6.368245e-02 3.900500e-01 -3.530000e-01 4.265000e-01 -6.402411e-02 3.879412e-01
-1.905000e-01 4.260000e-01 -4.799135e-01 3.857525e-01 -1.910000e-01 4.265000e-01 -4.797194e-01 3.845327e-01
-1.900000e-01 4.255000e-01 -4.800990e-01 3.869561e-01 -1.905000e-01 4.260000e-01 -4.799135e-01 3.857525e-01
1.330000e-01 4.255000e-01 -3.247903e-01 4.111022e-01 1.330000e-01 4.265000e-01 -3.247703e-01 4.111036e-01
-6.770000e-01 4.265000e-01 -2.191525e-01 4.163695e-01 -6.770000e-01 4.275000e-01 -2.191779e-01 4.163709e-01
-3.530000e-01 4.265000e-01 -6.402411e-02 3.879412e-01 -3.530000e-01 4.275000e-01 -6.439151e-02 3.858432e-01
-1.910000e-01 4.265000e-01 -4.797194e-01 3.845327e-01 -1.910000e-01 4.275000e-01 -4.793624e-01 3.824363e-01
1.330000e-01 4.265000e-01 -3.247703e-01 4.111036e-01 1.330000e-01 4.275000e-01 -3.247487e-01 4.111051e-01
-6.770000e-01 4.275000e-01 -2.191779e-01 4.163709e-01 -6.770000e-01 4.285000e-01 -2.192050e-01 4.163725e-01
-3.530000e-01 4.275000e-01 -6.439151e-02 3.858432e-01 -3.525000e-01 4.280000e-01 -6.462244e-02 3.846037e-01
-3.525000e-01 4.280000e-01 -6.462244e-02 3.846037e-01 -3.520000e-01 4.285000e-01 -6.486285e-02 3.833474e-01
-1.910000e-01 4.275000e-01 -4.793624e-01 3.824363e-01 -1.910000e-01 4.285000e-01 -4.789800e-01 3.803524e-01
1.325000e-01 4.280000e-01 -3.250773e-01 4.110942e-01 1.320000e-01 4.285000e-01 -3.254057e-01 4.110824e-01
1.330000e-01 4.275000e-01 -3.247487e-01 4.111051e-01 1.325000e-01 4.280000e-01 -3.250773e-01 4.110942e-01
-6.770000e-01 4.285000e-01 -2.192050e-01 4.163725e-01 -6.770000e-01 4.295000e-01 -2.192338e-01 4.163742e-01
-3.520000e-01 4.285000e-01 -6.486285e-02 3.833474e-01 -3.520000e-01 4.295000e-01 -6.528914e-02 3.812485e-01
-1.910000e-01 4.285000e-01 -4.789800e-01 3.803524e-01 -1.910000e-01 4.295000e-01 -4.785727e-01 3.782818e-01
1.320000e-01 4.285000e-01 -3.254057e-01 4.110824e-01 1.320000e-01 4.295000e-01 -3.253804e-01 4.110825e-01
-6.770000e-01 4.295000e-01 -2.192338e-01 4.163742e-01 -6.770000e-01 4.305000e-01 -2.192645e-01 4.163761e-01
-3.520000e-01 4.295000e-01 -6.528914e-02 3.812485e-01 -3.520000e-01 4.305000e-01 -6.574047e-02 3.791631e-01
-1.910000e-01 4.295000e-01 -4.785727e-01 3.782818e-01 -1.910000e-01 4.305000e-01 -4.781408e-01 3.762252e-01
1.320000e-01 4.295000e-01 -3.253804e-01 4.110825e-01 1.320000e-01 4.305000e-01 -3.253533e-01 4.110829e-01
-6.770000e-01 4.305000e-01 -2.192645e-01 4.163761e-01 -6.770000e-01 4.315000e-01 -2.192968e-01 4.163781e-01
-3.520000e-01 4.305000e-01 -6.574047e-02 3.791631e-01 -3.520000e-01 4.315000e-01 -6.621638e-02 3.770921e-01
-1.915000e-01 4.310000e-01 -4.778644e-01 3.749764e-01 -1.920000e-01 4.315000e-01 -4.775774e-01 3.737110e-01
-1.910000e-01 4.305000e-01 -4.781408e-01 3.762252e-01 -1.915000e-01 4.310000e-01 -4.778644e-01 3.749764e-01
1.320000e-01 4.305000e-01 -3.253533e-01 4.110829e-01 1.320000e-01 4.315000e-01 -3.253244e-01 4.110834e-01
-6.770000e-01 4.315000e-01 -2.192968e-01 4.163781e-01 -6.770000e-01 4.325000e-01 -2.193310e-01 4.163803e-01
-3.520000e-01 4.315000e-01 -6.621638e-02 3.770921e-01 -3.515000e-01 4.320000e-01 -6.652453e-02 3.758142e-01
-3.515000e-01 4.320000e-01 -6.652453e-02 3.758142e-01 -3.510000e-01 4.325000e-01 -6.684392e-02 3.745192e-01
-1.920000e-01 4.315000e-01 -4.775774e-01 3.737110e-01 -1.920000e-01 4.325000e-01 -4.770882e-01 3.716612e-01
1.320000e-01 4.315000e-01 -3.253244e-01 4.110834e-01 1.320000e-01 4.325000e-01 -3.252938e-01 4.110842e-01
-6.770000e-01 4.325000e-01 -2.193310e-01 4.163803e-01 -6.770000e-01 4.335000e-01 -2.193669e-01 4.163827e-01
-3.510000e-01 4.325000e-01 -6.684392e-02 3.745192e-01 -3.510000e-01 4.335000e-01 -6.737803e-02 3.724554e-01
-1.920000e-01 4.325000e-01 -4.770882e-01 3.716612e-01 -1.920000e-01 4.335000e-01 -4.765756e-01 3.696280e-01
1.320000e-01 4.325000e-01 -3.252938e-01 4.110842e-01 1.320000e-01 4.335000e-01 -3.252614e-01 4.110853e-01
-6.770000e-01 4.335000e-01 -2.193669e-01 4.163827e-01 -6.770000e-01 4.345000e-01 -2.194045e-01 4.163853e-01
-3.510000e-01 4.335000e-01 -6.737803e-02 3.724554e-01 -3.510000e-01 4.345000e-01 -6.793558e-02 3.704087e-01
-1.925000e-01 4.340000e-01 -4.762384e-01 3.683523e-01 -1.930000e-01 4.345000e-01 -4.758892e-01 3.670598e-01
-1.920000e-01 4.335000e-01 -4.765756e-01 3.696280e-01 -1.925000e-01 4.340000e-01 -4.762384e-01 3.683523e-01
1.320000e-01 4.335000e-01 -3.252614e-01 4.110853e-01 1.320000e-01 4.345000e-01 -3.252272e-01 4.110866e-01
-6.770000e-01 4.345000e-01 -2.194045e-01 4.163853e-01 -6.770000e-01 4.355000e-01 -2.194440e-01 4.163882e-01
-3.510000e-01 4.345000e-01 -6.793558e-02 3.704087e-01 -3.505000e-01 4.350000e-01 -6.830640e-02 3.691039e-01
-3.505000e-01 4.350000e-01 -6.830640e-02 3.691039e-01 -3.500000e-01 4.355000e-01 -6.868989e-02 3.677820e-01
-1.930000e-01 4.345000e-01 -4.758892e-01 3.670598e-01 -1.930000e-01 4.355000e-01 -4.753202e-01 3.650395e-01
1.320000e-01 4.345000e-01 -3.252272e-01 4.110866e-01 1.320000e-01 4.355000e-01 -3.251913e-01 4.110882e-01
-6.770000e-01 4.355000e-01 -2.194440e-01 4.163882e-01 -6.770000e-01 4.365000e-01 -2.194851e-01 4.163912e-01
-3.500000e-01 4.355000e-01 -6.868989e-02 3.677820e-01 -3.500000e-01 4.365000e-01 -6.930462e-02 3.657489e-01
-1.930000e-01 4.355000e-01 -4.753202e-01 3.650395e-01 -1.930000e-01 4.365000e-01 -4.747290e-01 3.630384e-01
1.320000e-01 4.355000e-01 -3.251913e-01 4.110882e-01 1.320000e-01 4.365000e-01 -3.251536e-01 4.110901e-01
-6.770000e-01 4.365000e-01 -2.194851e-01 4.163912e-01 -6.770000e-01 4.375000e-01 -2.195281e-01 4.163945e-01
-3.500000e-01 4.365000e-01 -6.930462e-02 3.657489e-01 -3.500000e-01 4.375000e-01 -6.994150e-02 3.637353e-01
-1.935000e-01 4.370000e-01 -4.743294e-01 3.617413e-01 -1.940000e-01 4.375000e-01 -4.739166e-01 3.604274e-01
-1.930000e-01 4.365000e-01 -4.747290e-01 3.630384e-01 -1.935000e-01 4.370000e-01 -4.743294e-01 3.617413e-01
1.320000e-01 4.365000e-01 -3.251536e-01 4.110901e-01 1.320000e-01 4.375000e-01 -3.251142e-01 4.110922e-01
-6.770000e-01 4.375000e-01 -2.195281e-01 4.163945e-01 -6.770000e-01 4.385000e-01 -2.195728e-01 4.163980e-01
-3.500000e-01 4.375000e-01 -6.994150e-02 3.637353e-01 -3.495000e-01 4.380000e-01 -7.037640e-02 3.624093e-01
-3.495000e-01 4.380000e-01 -7.037640e-02 3.624093e-01 -3.490000e-01 4.385000e-01 -7.082533e-02 3.610663e-01
-1.940000e-01 4.375000e-01 -4.739166e-01 3.604274e-01 -1.940000e-01 4.385000e-01 -4.732705e-01 3.584453e-01
1.320000e-01 4.375000e-01 -3.251142e-01 4.110922e-01 1.320000e-01 4.385000e-01 -3.250730e-01 4.110947e-01
-6.770000e-01 4.385000e-01 -2.195728e-01 4.163980e-01 -6.770000e-01 4.395000e-01 -2.196192e-01 4.164018e-01
-3.490000e-01 4.385000e-01 -7.082533e-02 3.610663e-01 -3.490000e-01 4.395000e-01 -7.151767e-02 3.590727e-01
-1.940000e-01 4.385000e-01 -4.732705e-01 3.584453e-01 -1.940000e-01 4.395000e-01 -4.726037e-01 3.564846e-01
1.320000e-01 4.385000e-01 -3.250730e-01 4.110947e-01 1.320000e-01 4.395000e-01 -3.250300e-01 4.110975e-01
-6.770000e-01 4.395000e-01 -2.196192e-01 4.164018e-01 -6.770000e-01 4.405000e-01 -2.196674e-01 4.164059e-01
-3.490000e-01 4.395000e-01 -7.151767e-02 3.590727e-01 -3.485000e-01 4.400000e-01 -7.200067e-02 3.577304e-01
-3.485000e-01 4.400000e-01 -7.200067e-02 3.577304e-01 -3.480000e-01 4.405000e-01 -7.249878e-02 3.563712e-01
-1.945000e-01 4.400000e-01 -4.721411e-01 3.551719e-01 -1.950000e-01 4.405000e-01 -4.716637e-01 3.538427e-01
-1.940000e-01 4.395000e-01 -4.726037e-01 3.564846e-01 -1.945000e-01 4.400000e-01 -4.721411e-01 3.551719e-01
1.320000e-01 4.395000e-01 -3.250300e-01 4.110975e-01 1.320000e-01 4.405000e-01 -3.249853e-01 4.111006e-01
-6.770000e-01 4.405000e-01 -2.196674e-01 4.164059e-01 -6.770000e-01 4.415000e-01 -2.197173e-01 4.164102e-01
-3.480000e-01 4.405000e-01 -7.249878e-02 3.563712e-01 -3.480000e-01 4.415000e-01 -7.324530e-02 3.544020e-01
-1.950000e-01 4.405000e-01 -4.716637e-01 3.538427e-01 -1.950000e-01 4.415000e-01 -4.709443e-01 3.519072e-01
1.320000e-01 4.405000e-01 -3.249853e-01 4.111006e-01 1.320000e-01 4.415000e-01 -3.249388e-01 4.111041e-01
-6.770000e-01 4.415000e-01 -2.197173e-01 4.164102e-01 -6.770000e-01 4.425000e-01 -2.197690e-01 4.164149e-01
-3.480000e-01 4.415000e-01 -7.324530e-02 3.544020e-01 -3.475000e-01 4.420000e-01 -7.377717e-02 3.530462e-01
-3.475000e-01 4.420000e-01 -7.377717e-02 3.530462e-01 -3.470000e-01 4.425000e-01 -7.432520e-02 3.516737e-01
-1.955000e-01 4.420000e-01 -4.704342e-01 3.505820e-01 -1.960000e-01 4.425000e-01 -4.699086e-01 3.492406e-01
-1.950000e-01 4.415000e-01 -4.709443e-01 3.519072e-01 -1.955000e-01 4.420000e-01 -4.704342e-01 3.505820e-01
1.320000e-01 4.415000e-01 -3.249388e-01 4.111041e-01 1.320000e-01 4.425000e-01 -3.248906e-01 4.111079e-01
-6.770000e-01 4.425000e-01 -2.197690e-01 4.164149e-01 -6.770000e-01 4.435000e-01 -2.198224e-01 4.164198e-01
-3.470000e-01 4.425000e-01 -7.432520e-02 3.516737e-01 -3.470000e-01 4.435000e-01 -7.512432e-02 3.497335e-01
-1.960000e-01 4.425000e-01 -4.699086e-01 3.492406e-01 -1.960000e-01 4.435000e-01 -4.691380e-01 3.473344e-01
1.320000e-01 4.425000e-01 -3.248906e-01 4.111079e-01 1.320000e-01 4.435000e-01 -3.248406e-01 4.111121e-01
-6.770000e-01 4.435000e-01 -2.198224e-01 4.164198e-01 -6.770000e-01 4.445000e-01 -2.198776e-01 4.164251e-01
-3.470000e-01 4.435000e-01 -7.512432e-02 3.497335e-01 -3.465000e-01 4.440000e-01 -7.570561e-02 3.483674e-01
-3.465000e-01 4.440000e-01 -7.570561e-02 3.483674e-01 -3.460000e-01 4.445000e-01 -7.630400e-02 3.469848e-01
-1.965000e-01 4.440000e-01 -4.685801e-01 3.459998e-01 -1.970000e-01 4.445000e-01 -4.680056e-01 3.446492e-01
-1.960000e-01 4.435000e-01 -4.691380e-01 3.473344e-01 -1.965000e-01 4.440000e-01 -4.685801e-01 3.459998e-01
1.320000e-01 4.435000e-01 -3.248406e-01 4.111121e-01 1.320000e-01 4.445000e-01 -3.247890e-01 4.111166e-01
-6.770000e-01 4.445000e-01 -2.198776e-01 4.164251e-01 -6.770000e-01 4.455000e-01 -2.199345e-01 4.164307e-01
-3.460000e-01 4.445000e-01 -7.630400e-02 3.469848e-01 -3.460000e-01 4.455000e-01 -7.715379e-02 3.450779e-01
-1.970000e-01 4.445000e-01 -4.680056e-01 3.446492e-01 -1.970000e-01 4.455000e-01 -4.671858e-01 3.427767e-01
1.320000e-01 4.445000e-01 -3.247890e-01 4.111166e-01 1.320000e-01 4.455000e-01 -3.247355e-01 4.111216e-01
-6.770000e-01 4.455000e-01 -2.199345e-01 4.164307e-01 -6.770000e-01 4.465000e-01 -2.199931e-01 4.164366e-01
-3.460000e-01 4.455000e-01 -7.715379e-02 3.450779e-01 -3.455000e-01 4.460000e-01 -7.778469e-02 3.437045e-01
-3.455000e-01 4.460000e-01 -7.778469e-02 3.437045e-01 -3.450000e-01 4.465000e-01 -7.843372e-02 3.423151e-01
-1.975000e-01 4.460000e-01 -4.665799e-01 3.414356e-01 -1.980000e-01 4.465000e-01 -4.659564e-01 3.400790e-01
-1.970000e-01 4.455000e-01 -4.671858e-01 3.427767e-01 -1.975000e-01 4.460000e-01 -4.665799e-01 3.414356e-01
1.315000e-01 4.460000e-01 -3.250465e-01 4.110966e-01 1.310000e-01 4.465000e-01 -3.253571e-01 4.110707e-01
1.320000e-01 4.455000e-01 -3.247355e-01 4.111216e-01 1.315000e-01 4.460000e-01 -3.250465e-01 4.110966e-01
-6.770000e-01 4.465000e-01 -2.199931e-01 4.164366e-01 -6.765000e-01 4.470000e-01 -2.196845e-01 4.164096e-01
-6.765000e-01 4.470000e-01 -2.196845e-01 4.164096e-01 -6.760000e-01 4.475000e-01 -2.193763e-01 4.163815e-01
-3.450000e-01 4.465000e-01 -7.843372e-02 3.423151e-01 -3.450000e-01 4.475000e-01 -7.933185e-02 3.404459e-01
-1.980000e-01 4.465000e-01 -4.659564e-01 3.400790e-01 -1.980000e-01 4.475000e-01 -4.650896e-01 3.382442e-01
1.310000e-01 4.465000e-01 -3.253571e-01 4.110707e-01 1.310000e-01 4.475000e-01 -3.253000e-01 4.110747e-01
-6.760000e-01 4.475000e-01 -2.193763e-01 4.163815e-01 -6.760000e-01 4.485000e-01 -2.194387e-01 4.163864e-01
-3.450000e-01 4.475000e-01 -7.933185e-02 3.404459e-01 -3.445000e-01 4.480000e-01 -8.001238e-02 3.390685e-01
-3.445000e-01 4.480000e-01 -8.001238e-02 3.390685e-01 -3.440000e-01 4.485000e-01 -8.071195e-02 3.376757e-01
-1.985000e-01 4.480000e-01 -4.644357e-01 3.368998e-01 -1.990000e-01 4.485000e-01 -4.637632e-01 3.355405e-01
-1.980000e-01 4.475000e-01 -4.650896e-01 3.382442e-01 -1.985000e-01 4.480000e-01 -4.644357e-01 3.368998e-01
1.310000e-01 4.475000e-01 -3.253000e-01 4.110747e-01 1.310000e-01 4.485000e-01 -3.252410e-01 4.110792e-01
-6.760000e-01 4.485000e-01 -2.194387e-01 4.163864e-01 -6.760000e-01 4.495000e-01 -2.195028e-01 4.163917e-01
-3.440000e-01 4.485000e-01 -8.071195e-02 3.376757e-01 -3.440000e-01 4.495000e-01 -8.165582e-02 3.358483e-01
-1.990000e-01 4.485000e-01 -4.637632e-01 3.355405e-01 -1.990000e-01 4.495000e-01 -4.628521e-01 3.337472e-01
1.310000e-01 4.485000e-01 -3.252410e-01 4.110792e-01 1.310000e-01 4.495000e-01 -3.251804e-01 4.110841e-01
-6.760000e-01 4.495000e-01 -2.195028e-01 4.163917e-01 -6.760000e-01 4.505000e-01 -2.195686e-01 4.163974e-01
-3.440000e-01 4.495000e-01 -8.165582e-02 3.358483e-01 -3.435000e-01 4.500000e-01 -8.238567e-02 3.344703e-01
-3.435000e-01 4.500000e-01 -8.238567e-02 3.344703e-01 -3.430000e-01 4.505000e-01 -8.313543e-02 3.330775e-01
-1.995000e-01 4.500000e-01 -4.621503e-01 3.324028e-01 -2.000000e-01 4.505000e-01 -4.614294e-01 3.310440e-01
-1.990000e-01 4.495000e-01 -4.628521e-01 3.337472e-01 -1.995000e-01 4.500000e-01 -4.621503e-01 3.324028e-01
1.310000e-01 4.495000e-01 -3.251804e-01 4.110841e-01 1.310000e-01 4.505000e-01 -3.251180e-01 4.110894e-01
-6.760000e-01 4.505000e-01 -2.195686e-01 4.163974e-01 -6.760000e-01 4.515000e-01 -2.196362e-01 4.164035e-01
-3.430000e-01 4.505000e-01 -8.313543e-02 3.330775e-01 -3.425000e-01 4.510000e-01 -8.389982e-02 3.316933e-01
-3.425000e-01 4.510000e-01 -8.389982e-02 3.316933e-01 -3.420000e-01 4.515000e-01 -8.468478e-02 3.302946e-01
-2.000000e-01 4.505000e-01 -4.614294e-01 3.310440e-01 -2.000000e-01 4.515000e-01 -4.604766e-01 3.292961e-01
1.310000e-01 4.505000e-01 -3.251180e-01 4.110894e-01 1.310000e-01 4.515000e-01 -3.250539e-01 4.110951e-01
-6.760000e-01 4.515000e-01 -2.196362e-01 4.164035e-01 -6.760000e-01 4.525000e-01 -2.197055e-01 4.164100e-01
-3.420000e-01 4.515000e-01 -8.468478e-02 3.302946e-01 -3.420000e-01 4.525000e-01 -8.569994e-02 3.285312e-01
-2.005000e-01 4.520000e-01 -4.597277e-01 3.279547e-01 -2.010000e-01 4.525000e-01 -4.589588e-01 3.265998e-01
-2.000000e-01 4.515000e-01 -4.604766e-01 3.292961e-01 -2.005000e-01 4.520000e-01 -4.597277e-01 3.279547e-01
1.310000e-01 4.515000e-01 -3.250539e-01 4.110951e-01 1.310000e-01 4.525000e-01 -3.249880e-01 4.111014e-01
-6.760000e-01 4.525000e-01 -2.197055e-01 4.164100e-01 -6.760000e-01 4.535000e-01 -2.197765e-01 4.164169e-01
-3.420000e-01 4.525000e-01 -8.569994e-02 3.285312e-01 -3.415000e-01 4.530000e-01 -8.651306e-02 3.271519e-01
-3.415000e-01 4.530000e-01 -8.651306e-02 3.271519e-01 -3.410000e-01 4.535000e-01 -8.734749e-02 3.257589e-01
-2.015000e-01 4.530000e-01 -4.581765e-01 3.252547e-01 -2.020000e-01 4.535000e-01 -4.573736e-01 3.238963e-01
-2.010000e-01 4.525000e-01 -4.589588e-01 3.265998e-01 -2.015000e-01 4.530000e-01 -4.581765e-01 3.252547e-01
1.310000e-01 4.525000e-01 -3.249880e-01 4.111014e-01 1.310000e-01 4.535000e-01 -3.249205e-01 4.111081e-01
-6.760000e-01 4.535000e-01 -2.197765e-01 4.164169e-01 -6.760000e-01 4.545000e-01 -2.198492e-01 4.164242e-01
-3.410000e-01 4.535000e-01 -8.734749e-02 3.257589e-01 -3.405000e-01 4.540000e-01 -8.819536e-02 3.243767e-01
-3.405000e-01 4.540000e-01 -8.819536e-02 3.243767e-01 -3.400000e-01 4.545000e-01 -8.906516e-02 3.229813e-01
-2.025000e-01 4.540000e-01 -4.565577e-01 3.225486e-01 -2.030000e-01 4.545000e-01 -4.557205e-01 3.211881e-01
-2.020000e-01 4.535000e-01 -4.573736e-01 3.238963e-01 -2.025000e-01 4.540000e-01 -4.565577e-01 3.225486e-01
1.310000e-01 4.535000e-01 -3.249205e-01 4.111081e-01 1.310000e-01 4.545000e-01 -3.248512e-01 4.111153e-01
-6.760000e-01 4.545000e-01 -2.198492e-01 4.164242e-01 -6.760000e-01 4.555000e-01 -2.199237e-01 4.164320e-01
-3.400000e-01 4.545000e-01 -8.906516e-02 3.229813e-01 -3.395000e-01 4.550000e-01 -8.994791e-02 3.215975e-01
-3.395000e-01 4.550000e-01 -8.994791e-02 3.215975e-01 -3.390000e-01 4.555000e-01 -9.085320e-02 3.202010e-01
-2.030000e-01 4.545000e-01 -4.557205e-01 3.211881e-01 -2.030000e-01 4.555000e-01 -4.546782e-01 3.195322e-01
1.310000e-01 4.545000e-01 -3.248512e-01 4.111153e-01 1.310000e-01 4.555000e-01 -3.247802e-01 4.111230e-01
-6.760000e-01 4.555000e-01 -2.199237e-01 4.164320e-01 -6.760000e-01 4.565000e-01 -2.199999e-01 4.164402e-01
-3.390000e-01 4.555000e-01 -9.085320e-02 3.202010e-01 -3.390000e-01 4.565000e-01 -9.195697e-02 3.185367e-01
-2.035000e-01 4.560000e-01 -4.538165e-01 3.181949e-01 -2.040000e-01 4.565000e-01 -4.529329e-01 3.168458e-01
-2.030000e-01 4.555000e-01 -4.546782e-01 3.195322e-01 -2.035000e-01 4.560000e-01 -4.538165e-01 3.181949e-01
1.310000e-01 4.555000e-01 -3.247802e-01 4.111230e-01 1.310000e-01 4.565000e-01 -3.247075e-01 4.111313e-01
-6.760000e-01 4.565000e-01 -2.199999e-01 4.164402e-01 -6.760000e-01 4.575000e-01 -2.200778e-01 4.164489e-01
-3.390000e-01 4.565000e-01 -9.195697e-02 3.185367e-01 -3.385000e-01 4.570000e-01 -9.288660e-02 3.171656e-01
-3.385000e-01 4.570000e-01 -9.288660e-02 3.171656e-01 -3.380000e-01 4.575000e-01 -9.383929e-02 3.157828e-01
-2.045000e-01 4.570000e-01 -4.520378e-01 3.155094e-01 -2.050000e-01 4.575000e-01 -4.511204e-01 3.141616e-01
-2.040000e-01 4.565000e-01 -4.529329e-01 3.168458e-01 -2.045000e-01 4.570000e-01 -4.520378e-01 3.155094e-01
1.310000e-01 4.565000e-01 -3.247075e-01 4.111313e-01 1.310000e-01 4.575000e-01 -3.246330e-01 4.111400e-01
-6.760000e-01 4.575000e-01 -2.200778e-01 4.164489e-01 -6.760000e-01 4.585000e-01 -2.201573e-01 4.164581e-01
-3.380000e-01 4.575000e-01 -9.383929e-02 3.157828e-01 -3.375000e-01 4.580000e-01 -9.480331e-02 3.144138e-01
-3.375000e-01 4.580000e-01 -9.480331e-02 3.144138e-01 -3.370000e-01 4.585000e-01 -9.579090e-02 3.130336e-01
-2.055000e-01 4.580000e-01 -4.501920e-01 3.128272e-01 -2.060000e-01 4.585000e-01 -4.492409e-01 3.114821e-01
-2.050000e-01 4.575000e-01 -4.511204e-01 3.141616e-01 -2.055000e-01 4.580000e-01 -4.501920e-01 3.128272e-01
1.310000e-01 4.575000e-01 -3.246330e-01 4.111400e-01 1.310000e-01 4.585000e-01 -3.245569e-01 4.111493e-01
-6.760000e-01 4.585000e-01 -2.201573e-01 4.164581e-01 -6.760000e-01 4.595000e-01 -2.202386e-01 4.164678e-01
-3.370000e-01 4.585000e-01 -9.579090e-02 3.130336e-01 -3.365000e-01 4.590000e-01 -9.678916e-02 3.116680e-01
-3.365000e-01 4.590000e-01 -9.678916e-02 3.116680e-01 -3.360000e-01 4.595000e-01 -9.781147e-02 3.102921e-01
-2.060000e-01 4.585000e-01 -4.492409e-01 3.114821e-01 -2.060000e-01 4.595000e-01 -4.481241e-01 3.099368e-01
1.305000e-01 4.590000e-01 -3.248544e-01 4.111153e-01 1.300000e-01 4.595000e-01 -3.251515e-01 4.110802e-01
1.310000e-01 4.585000e-01 -3.245569e-01 4.111493e-01 1.305000e-01 4.590000e-01 -3.248544e-01 4.111153e-01
-6.760000e-01 4.595000e-01 -2.202386e-01 4.164678e-01 -6.760000e-01 4.605000e-01 -2.203217e-01 4.164779e-01
-3.360000e-01 4.595000e-01 -9.781147e-02 3.102921e-01 -3.355000e-01 4.600000e-01 -9.884378e-02 3.089313e-01
-3.355000e-01 4.600000e-01 -9.884378e-02 3.089313e-01 -3.350000e-01 4.605000e-01 -9.990054e-02 3.075610e-01
-2.065000e-01 4.600000e-01 -4.471527e-01 3.086203e-01 -2.070000e-01 4.605000e-01 -4.461581e-01 3.072942e-01
-2.060000e-01 4.595000e-01 -4.481241e-01 3.099368e-01 -2.065000e-01 4.600000e-01 -4.471527e-01 3.086203e-01
1.300000e-01 4.595000e-01 -3.251515e-01 4.110802e-01 1.300000e-01 4.605000e-01 -3.250716e-01 4.110889e-01
-6.760000e-01 4.605000e-01 -2.203217e-01 4.164779e-01 -6.760000e-01 4.615000e-01 -2.204064e-01 4.164886e-01
-3.350000e-01 4.605000e-01 -9.990054e-02 3.075610e-01 -3.345000e-01 4.610000e-01 -1.009666e-01 3.062067e-01
-3.345000e-01 4.610000e-01 -1.009666e-01 3.062067e-01 -3.340000e-01 4.615000e-01 -1.020574e-01 3.048435e-01
-2.075000e-01 4.610000e-01 -4.451542e-01 3.059832e-01 -2.080000e-01 4.615000e-01 -4.441270e-01 3.046633e-01
-2.070000e-01 4.605000e-01 -4.461581e-01 3.072942e-01 -2.075000e-01 4.610000e-01 -4.451542e-01 3.059832e-01
1.300000e-01 4.605000e-01 -3.250716e-01 4.110889e-01 1.300000e-01 4.615000e-01 -3.249900e-01 4.110982e-01
-6.760000e-01 4.615000e-01 -2.204064e-01 4.164886e-01 -6.760000e-01 4.625000e-01 -2.204928e-01 4.164998e-01
-3.340000e-01 4.615000e-01 -1.020574e-01 3.048435e-01 -3.335000e-01 4.620000e-01 -1.031568e-01 3.034970e-01
-3.335000e-01 4.620000e-01 -1.031568e-01 3.034970e-01 -3.330000e-01 4.625000e-01 -1.042813e-01 3.021425e-01
-2.085000e-01 4.620000e-01 -4.430911e-01 3.033593e-01 -2.090000e-01 4.625000e-01 -4.420315e-01 3.020471e-01
-2.080000e-01 4.615000e-01 -4.441270e-01 3.046633e-01 -2.085000e-01 4.620000e-01 -4.430911e-01 3.033593e-01
1.300000e-01 4.615000e-01 -3.249900e-01 4.110982e-01 1.300000e-01 4.625000e-01 -3.249067e-01 4.111080e-01
-6.760000e-01 4.625000e-01 -2.204928e-01 4.164998e-01 -6.760000e-01 4.635000e-01 -2.205808e-01 4.165115e-01
-3.330000e-01 4.625000e-01 -1.042813e-01 3.021425e-01 -3.325000e-01 4.630000e-01 -1.054135e-01 3.008054e-01
-3.325000e-01 4.630000e-01 -1.054135e-01 3.008054e-01 -3.320000e-01 4.635000e-01 -1.065712e-01 2.994610e-01
-2.095000e-01 4.630000e-01 -4.409640e-01 3.007514e-01 -2.100000e-01 4.635000e-01 -4.398724e-01 2.994482e-01
-2.090000e-01 4.625000e-01 -4.420315e-01 3.020471e-01 -2.095000e-01 4.630000e-01 -4.409640e-01 3.007514e-01
1.300000e-01 4.625000e-01 -3.249067e-01 4.111080e-01 1.300000e-01 4.635000e-01 -3.248216e-01 4.111185e-01
-6.760000e-01 4.635000e-01 -2.205808e-01 4.165115e-01 -6.760000e-01 4.645000e-01 -2.206706e-01 4.165238e-01
-3.320000e-01 4.635000e-01 -1.065712e-01 2.994610e-01 -3.315000e-01 4.640000e-01 -1.077357e-01 2.981349e-01
-3.315000e-01 4.640000e-01 -1.077357e-01 2.981349e-01 -3.310000e-01 4.645000e-01 -1.089258e-01 2.968022e-01
-2.105000e-01 4.640000e-01 -4.387738e-01 2.981622e-01 -2.110000e-01 4.645000e-01 -4.376508e-01 2.968695e-01
-2.100000e-01 4.635000e-01 -4.398724e-01 2.994482e-01 -2.105000e-01 4.640000e-01 -4.387738e-01 2.981622e-01
1.300000e-01 4.635000e-01 -3.248216e-01 4.111185e-01 1.300000e-01 4.645000e-01 -3.247350e-01 4.111295e-01
-6.760000e-01 4.645000e-01 -2.206706e-01 4.165238e-01 -6.760000e-01 4.655000e-01 -2.207621e-01 4.165366e-01
-3.310000e-01 4.645000e-01 -1.089258e-01 2.968022e-01 -3.305000e-01 4.650000e-01 -1.101219e-01 2.954884e-01
-3.305000e-01 4.650000e-01 -1.101219e-01 2.954884e-01 -3.300000e-01 4.655000e-01 -1.113438e-01 2.941691e-01
-2.115000e-01 4.650000e-01 -4.365216e-01 2.955946e-01 -2.120000e-01 4.655000e-01 -4.353679e-01 2.943138e-01
-2.110000e-01 4.645000e-01 -4.376508e-01 2.968695e-01 -2.115000e-01 4.650000e-01 -4.365216e-01 2.955946e-01
1.300000e-01 4.645000e-01 -3.247350e-01 4.111295e-01 1.300000e-01 4.655000e-01 -3.246466e-01 4.111411e-01
-6.760000e-01 4.655000e-01 -2.207621e-01 4.165366e-01 -6.760000e-01 4.665000e-01 -2.208553e-01 4.165500e-01
-3.300000e-01 4.655000e-01 -1.113438e-01 2.941691e-01 -3.295000e-01 4.660000e-01 -1.125708e-01 2.928691e-01
-3.295000e-01 4.660000e-01 -1.125708e-01 2.928691e-01 -3.290000e-01 4.665000e-01 -1.138236e-01 2.915645e-01
-2.125000e-01 4.660000e-01 -4.342087e-01 2.930514e-01 -2.130000e-01 4.665000e-01 -4.330249e-01 2.917839e-01
-2.120000e-01 4.655000e-01 -4.353679e-01 2.943138e-01 -2.125000e-01 4.660000e-01 -4.342087e-01 2.930514e-01
1.300000e-01 4.655000e-01 -3.246466e-01 4.111411e-01 1.300000e-01 4.665000e-01 -3.245565e-01 4.111534e-01
-6.760000e-01 4.665000e-01 -2.208553e-01 4.165500e-01 -6.760000e-01 4.675000e-01 -2.209501e-01 4.165639e-01
-3.290000e-01 4.665000e-01 -1.138236e-01 2.915645e-01 -3.285000e-01 4.670000e-01 -1.150806e-01 2.902799e-01
-3.285000e-01 4.670000e-01 -1.150806e-01 2.902799e-01 -3.280000e-01 4.675000e-01 -1.163634e-01 2.889915e-01
-2.145000e-01 4.670000e-01 -4.306428e-01 2.893029e-01 -2.150000e-01 4.675000e-01 -4.294046e-01 2.880464e-01
-2.145000e-01 4.670000e-01 -4.306428e-01 2.893029e-01 -2.135000e-01 4.670000e-01 -4.318366e-01 2.905353e-01
-2.130000e-01 4.665000e-01 -4.330249e-01 2.917839e-01 -2.135000e-01 4.670000e-01 -4.318366e-01 2.905353e-01
1.300000e-01 4.665000e-01 -3.245565e-01 4.111534e-01 1.300000e-01 4.675000e-01 -3.244648e-01 4.111663e-01
-6.760000e-01 4.675000e-01 -2.209501e-01 4.165639e-01 -6.760000e-01 4.685000e-01 -2.210466e-01 4.165785e-01
-3.280000e-01 4.675000e-01 -1.163634e-01 2.889915e-01 -3.275000e-01 4.680000e-01 -1.176495e-01 2.877236e-01
-3.275000e-01 4.680000e-01 -1.176495e-01 2.877236e-01 -3.270000e-01 4.685000e-01 -1.189613e-01 2.864531e-01
-2.155000e-01 4.680000e-01 -4.281630e-01 2.868098e-01 -2.160000e-01 4.685000e-01 -4.268964e-01 2.855703e-01
-2.150000e-01 4.675000e-01 -4.294046e-01 2.880464e-01 -2.155000e-01 4.680000e-01 -4.281630e-01 2.868098e-01
1.300000e-01 4.675000e-01 -3.244648e-01 4.111663e-01 1.300000e-01 4.685000e-01 -3.243713e-01 4.111799e-01
-6.760000e-01 4.685000e-01 -2.210466e-01 4.165785e-01 -6.760000e-01 4.695000e-01 -2.211448e-01 4.165936e-01
-3.270000e-01 4.685000e-01 -1.189613e-01 2.864531e-01 -3.265000e-01 4.690000e-01 -1.202754e-01 2.852033e-01
-3.265000e-01 4.690000e-01 -1.202754e-01 2.852033e-01 -3.255000e-01 4.690000e-01 -1.216606e-01 2.839089e-01
-3.255000e-01 4.690000e-01 -1.216606e-01 2.839089e-01 -3.250000e-01 4.695000e-01 -1.230264e-01 2.826563e-01
-2.165000e-01 4.690000e-01 -4.256274e-01 2.843511e-01 -2.170000e-01 4.695000e-01 -4.243333e-01 2.831300e-01
-2.160000e-01 4.685000e-01 -4.268964e-01 2.855703e-01 -2.165000e-01 4.690000e-01 -4.256274e-01 2.843511e-01
1.300000e-01 4.685000e-01 -3.243713e-01 4.111799e-01 1.300000e-01 4.695000e-01 -3.242762e-01 4.111941e-01
-6.760000e-01 4.695000e-01 -2.211448e-01 4.165936e-01 -6.755000e-01 4.700000e-01 -2.208600e-01 4.165516e-01
-6.755000e-01 4.700000e-01 -2.208600e-01 4.165516e-01 -6.750000e-01 4.705000e-01 -2.205758e-01 4.165085e-01
-3.250000e-01 4.695000e-01 -1.230264e-01 2.826563e-01 -3.245000e-01 4.700000e-01 -1.243930e-01 2.814254e-01
-3.245000e-01 4.700000e-01 -1.243930e-01 2.814254e-01 -3.240000e-01 4.705000e-01 -1.257854e-01 2.801943e-01
-2.175000e-01 4.700000e-01 -4.230378e-01 2.819296e-01 -2.180000e-01 4.705000e-01 -4.217175e-01 2.807282e-01
-2.170000e-01 4.695000e-01 -4.243333e-01 2.831300e-01 -2.175000e-01 4.700000e-01 -4.230378e-01 2.819296e-01
1.295000e-01 4.700000e-01 -3.245620e-01 4.111532e-01 1.290000e-01 4.705000e-01 -3.248472e-01 4.111112e-01
1.300000e-01 4.695000e-01 -3.242762e-01 4.111941e-01 1.295000e-01 4.700000e-01 -3.245620e-01 4.111532e-01
-6.750000e-01 4.705000e-01 -2.205758e-01 4.165085e-01 -6.750000e-01 4.715000e-01 -2.206777e-01 4.165232e-01
-3.240000e-01 4.705000e-01 -1.257854e-01 2.801943e-01 -3.235000e-01 4.710000e-01 -1.271775e-01 2.789852e-01
-3.235000e-01 4.710000e-01 -1.271775e-01 2.789852e-01 -3.230000e-01 4.715000e-01 -1.285951e-01 2.777771e-01
-2.195000e-01 4.710000e-01 -4.189630e-01 2.782903e-01 -2.200000e-01 4.715000e-01 -4.175925e-01 2.771104e-01
-2.195000e-01 4.710000e-01 -4.189630e-01 2.782903e-01 -2.185000e-01 4.710000e-01 -4.203966e-01 2.795477e-01
-2.180000e-01 4.705000e-01 -4.217175e-01 2.807282e-01 -2.185000e-01 4.710000e-01 -4.203966e-01 2.795477e-01
1.290000e-01 4.705000e-01 -3.248472e-01 4.111112e-01 1.290000e-01 4.715000e-01 -3.247483e-01 4.111251e-01
-6.750000e-01 4.715000e-01 -2.206777e-01 4.165232e-01 -6.750000e-01 4.725000e-01 -2.207813e-01 4.165385e-01
-3.230000e-01 4.715000e-01 -1.285951e-01 2.777771e-01 -3.225000e-01 4.720000e-01 -1.300113e-01 2.765912e-01
-3.225000e-01 4.720000e-01 -1.300113e-01 2.765912e-01 -3.215000e-01 4.720000e-01 -1.315936e-01 2.752905e-01
-3.215000e-01 4.720000e-01 -1.315936e-01 2.752905e-01 -3.210000e-01 4.725000e-01 -1.330604e-01 2.741090e-01
-2.205000e-01 4.720000e-01 -4.162230e-01 2.759521e-01 -2.210000e-01 4.725000e-01 -4.148289e-01 2.747954e-01
-2.200000e-01 4.715000e-01 -4.175925e-01 2.771104e-01 -2.205000e-01 4.720000e-01 -4.162230e-01 2.759521e-01
1.290000e-01 4.715000e-01 -3.247483e-01 4.111251e-01 1.290000e-01 4.725000e-01 -3.246478e-01 4.111396e-01
-6.750000e-01 4.725000e-01 -2.207813e-01 4.165385e-01 -6.750000e-01 4.735000e-01 -2.208865e-01 4.165545e-01
-3.210000e-01 4.725000e-01 -1.330604e-01 2.741090e-01 -3.205000e-01 4.730000e-01 -1.345242e-01 2.729504e-01
-3.205000e-01 4.730000e-01 -1.345242e-01 2.729504e-01 -3.200000e-01 4.735000e-01 -1.360129e-01 2.717953e-01
-2.225000e-01 4.730000e-01 -4.118620e-01 2.724025e-01 -2.230000e-01 4.735000e-01 -4.104213e-01 2.712732e-01
-2.225000e-01 4.730000e-01 -4.118620e-01 2.724025e-01 -2.215000e-01 4.730000e-01 -4.134368e-01 2.736605e-01
-2.210000e-01 4.725000e-01 -4.148289e-01 2.747954e-01 -2.215000e-01 4.730000e-01 -4.134368e-01 2.736605e-01
1.290000e-01 4.725000e-01 -3.246478e-01 4.111396e-01 1.290000e-01 4.735000e-01 -3.245456e-01 4.111549e-01
-6.750000e-01 4.735000e-01 -2.208865e-01 4.165545e-01 -6.750000e-01 4.745000e-01 -2.209934e-01 4.165711e-01
-3.200000e-01 4.735000e-01 -1.360129e-01 2.717953e-01 -3.195000e-01 4.740000e-01 -1.374975e-01 2.706632e-01
-3.195000e-01 4.740000e-01 -1.374975e-01 2.706632e-01 -3.185000e-01 4.740000e-01 -1.392242e-01 2.693719e-01
-3.185000e-01 4.740000e-01 -1.392242e-01 2.693719e-01 -3.180000e-01 4.745000e-01 -1.407576e-01 2.682495e-01
-2.235000e-01 4.740000e-01 -4.089841e-01 2.701662e-01 -2.240000e-01 4.745000e-01 -4.075229e-01 2.690633e-01
-2.230000e-01 4.735000e-01 -4.104213e-01 2.712732e-01 -2.235000e-01 4.740000e-01 -4.089841e-01 2.701662e-01
1.290000e-01 4.735000e-01 -3.245456e-01 4.111549e-01 1.290000e-01 4.745000e-01 -3.244417e-01 4.111710e-01
-6.750000e-01 4.745000e-01 -2.209934e-01 4.165711e-01 -6.750000e-01 4.755000e-01 -2.211020e-01 4.165884e-01
-3.180000e-01 4.745000e-01 -1.407576e-01 2.682495e-01 -3.175000e-01 4.750000e-01 -1.422852e-01 2.671506e-01
-3.175000e-01 4.750000e-01 -1.422852e-01 2.671506e-01 -3.165000e-01 4.750000e-01 -1.441059e-01 2.658685e-01
-3.165000e-01 4.750000e-01 -1.441059e-01 2.658685e-01 -3.160000e-01 4.755000e-01 -1.456809e-01 2.647827e-01
-2.255000e-01 4.750000e-01 -4.043520e-01 2.667372e-01 -2.260000e-01 4.755000e-01 -4.028486e-01 2.656674e-01
-2.255000e-01 4.750000e-01 -4.043520e-01 2.667372e-01 -2.245000e-01 4.750000e-01 -4.060664e-01 2.679828e-01
-2.240000e-01 4.745000e-01 -4.075229e-01 2.690633e-01 -2.245000e-01 4.750000e-01 -4.060664e-01 2.679828e-01
1.290000e-01 4.745000e-01 -3.244417e-01 4.111710e-01 1.290000e-01 4.755000e-01 -3.243362e-01 4.111877e-01
-6.750000e-01 4.755000e-01 -2.211020e-01 4.165884e-01 -6.750000e-01 4.765000e-01 -2.212122e-01 4.166064e-01
-3.160000e-01 4.755000e-01 -1.456809e-01 2.647827e-01 -3.155000e-01 4.760000e-01 -1.472485e-01 2.637206e-01
-3.155000e-01 4.760000e-01 -1.472485e-01 2.637206e-01 -3.145000e-01 4.760000e-01 -1.491624e-01 2.624534e-01
-3.145000e-01 4.760000e-01 -1.491624e-01 2.624534e-01 -3.140000e-01 4.765000e-01 -1.507757e-01 2.614078e-01
-2.275000e-01 4.760000e-01 -3.995459e-01 2.633858e-01 -2.280000e-01 4.765000e-01 -3.980033e-01 2.623526e-01
-2.275000e-01 4.760000e-01 -3.995459e-01 2.633858e-01 -2.265000e-01 4.760000e-01 -4.013514e-01 2.646203e-01
-2.260000e-01 4.755000e-01 -4.028486e-01 2.656674e-01 -2.265000e-01 4.760000e-01 -4.013514e-01 2.646203e-01
1.290000e-01 4.755000e-01 -3.243362e-01 4.111877e-01 1.290000e-01 4.765000e-01 -3.242291e-01 4.112052e-01
-6.750000e-01 4.765000e-01 -2.212122e-01 4.166064e-01 -6.750000e-01 4.775000e-01 -2.213241e-01 4.166250e-01
-3.140000e-01 4.765000e-01 -1.507757e-01 2.614078e-01 -3.135000e-01 4.770000e-01 -1.523798e-01 2.603859e-01
-3.135000e-01 4.770000e-01 -1.523798e-01 2.603859e-01 -3.130000e-01 4.775000e-01 -1.540057e-01 2.593736e-01
-2.285000e-01 4.770000e-01 -3.964684e-01 2.613423e-01 -2.290000e-01 4.775000e-01 -3.949116e-01 2.603401e-01
-2.280000e-01 4.765000e-01 -3.980033e-01 2.623526e-01 -2.285000e-01 4.770000e-01 -3.964684e-01 2.613423e-01
1.290000e-01 4.765000e-01 -3.242291e-01 4.112052e-01 1.290000e-01 4.775000e-01 -3.241203e-01 4.112234e-01
-6.750000e-01 4.775000e-01 -2.213241e-01 4.166250e-01 -6.750000e-01 4.785000e-01 -2.214376e-01 4.166444e-01
-3.130000e-01 4.775000e-01 -1.540057e-01 2.593736e-01 -3.125000e-01 4.780000e-01 -1.556216e-01 2.583847e-01
-3.125000e-01 4.780000e-01 -1.556216e-01 2.583847e-01 -3.115000e-01 4.780000e-01 -1.576696e-01 2.571590e-01
-3.115000e-01 4.780000e-01 -1.576696e-01 2.571590e-01 -3.110000e-01 4.785000e-01 -1.593270e-01 2.561919e-01
-2.305000e-01 4.780000e-01 -3.914251e-01 2.581606e-01 -2.310000e-01 4.785000e-01 -3.898350e-01 2.572001e-01
-2.305000e-01 4.780000e-01 -3.914251e-01 2.581606e-01 -2.295000e-01 4.780000e-01 -3.933635e-01 2.593606e-01
-2.290000e-01 4.775000e-01 -3.949116e-01 2.603401e-01 -2.295000e-01 4.780000e-01 -3.933635e-01 2.593606e-01
1.290000e-01 4.775000e-01 -3.241203e-01 4.112234e-01 1.290000e-01 4.785000e-01 -3.240099e-01 4.112423e-01
-6.750000e-01 4.785000e-01 -2.214376e-01 4.166444e-01 -6.750000e-01 4.795000e-01 -2.215527e-01 4.166644e-01
-3.110000e-01 4.785000e-01 -1.593270e-01 2.561919e-01 -3.105000e-01 4.790000e-01 -1.609727e-01 2.552480e-01
-3.105000e-01 4.790000e-01 -1.609727e-01 2.552480e-01 -3.095000e-01 4.790000e-01 -1.631073e-01 2.540520e-01
-3.095000e-01 4.790000e-01 -1.631073e-01 2.540520e-01 -3.085000e-01 4.790000e-01 -1.652882e-01 2.528639e-01
-3.085000e-01 4.790000e-01 -1.652882e-01 2.528639e-01 -3.080000e-01 4.795000e-01 -1.669915e-01 2.519586e-01
-2.325000e-01 4.790000e-01 -3.862304e-01 2.550870e-01 -2.330000e-01 4.795000e-01 -3.846109e-01 2.541710e-01
-2.325000e-01 4.790000e-01 -3.862304e-01 2.550870e-01 -2.315000e-01 4.790000e-01 -3.882551e-01 2.562620e-01
-2.310000e-01 4.785000e-01 -3.898350e-01 2.572001e-01 -2.315000e-01 4.790000e-01 -3.882551e-01 2.562620e-01
1.285000e-01 4.790000e-01 -3.242857e-01 4.111962e-01 1.280000e-01 4.795000e-01 -3.245609e-01 4.111489e-01
1.290000e-01 4.785000e-01 -3.240099e-01 4.112423e-01 1.285000e-01 4.790000e-01 -3.242857e-01 4.111962e-01
-6.750000e-01 4.795000e-01 -2.215527e-01 4.166644e-01 -6.750000e-01 4.805000e-01 -2.216694e-01 4.166852e-01
-3.080000e-01 4.795000e-01 -1.669915e-01 2.519586e-01 -3.075000e-01 4.800000e-01 -1.686807e-01 2.510762e-01
-3.075000e-01 4.800000e-01 -1.686807e-01 2.510762e-01 -3.065000e-01 4.800000e-01 -1.709442e-01 2.499259e-01
-3.065000e-01 4.800000e-01 -1.709442e-01 2.499259e-01 -3.060000e-01 4.805000e-01 -1.726680e-01 2.490729e-01
-2.355000e-01 4.800000e-01 -3.787414e-01 2.509963e-01 -2.360000e-01 4.805000e-01 -3.770787e-01 2.501411e-01
-2.355000e-01 4.800000e-01 -3.787414e-01 2.509963e-01 -2.345000e-01 4.800000e-01 -3.808948e-01 2.521325e-01
-2.345000e-01 4.800000e-01 -3.808948e-01 2.521325e-01 -2.335000e-01 4.800000e-01 -3.830031e-01 2.532772e-01
-2.330000e-01 4.795000e-01 -3.846109e-01 2.541710e-01 -2.335000e-01 4.800000e-01 -3.830031e-01 2.532772e-01
1.280000e-01 4.795000e-01 -3.245609e-01 4.111489e-01 1.280000e-01 4.805000e-01 -3.244467e-01 4.111678e-01
-6.750000e-01 4.805000e-01 -2.216694e-01 4.166852e-01 -6.750000e-01 4.815000e-01 -2.217878e-01 4.167067e-01
-3.060000e-01 4.805000e-01 -1.726680e-01 2.490729e-01 -3.055000e-01 4.810000e-01 -1.743765e-01 2.482424e-01
-3.055000e-01 4.810000e-01 -1.743765e-01 2.482424e-01 -3.045000e-01 4.810000e-01 -1.767180e-01 2.471353e-01
-3.045000e-01 4.810000e-01 -1.767180e-01 2.471353e-01 -3.035000e-01 4.810000e-01 -1.791041e-01 2.460424e-01
-3.035000e-01 4.810000e-01 -1.791041e-01 2.460424e-01 -3.030000e-01 4.815000e-01 -1.808580e-01 2.452612e-01
-2.375000e-01 4.810000e-01 -3.731969e-01 2.482097e-01 -2.380000e-01 4.815000e-01 -3.715151e-01 2.474056e-01
-2.375000e-01 4.810000e-01 -3.731969e-01 2.482097e-01 -2.365000e-01 4.810000e-01 -3.754299e-01 2.493078e-01
-2.360000e-01 4.805000e-01 -3.770787e-01 2.501411e-01 -2.365000e-01 4.810000e-01 -3.754299e-01 2.493078e-01
1.280000e-01 4.805000e-01 -3.244467e-01 4.111678e-01 1.280000e-01 4.815000e-01 -3.243309e-01 4.111875e-01
-6.750000e-01 4.815000e-01 -2.217878e-01 4.167067e-01 -6.750000e-01 4.825000e-01 -2.219078e-01 4.167289e-01
-3.030000e-01 4.815000e-01 -1.808580e-01 2.452612e-01 -3.025000e-01 4.820000e-01 -1.825945e-01 2.445015e-01
-3.025000e-01 4.820000e-01 -1.825945e-01 2.445015e-01 -3.015000e-01 4.820000e-01 -1.850520e-01 2.434596e-01
-3.015000e-01 4.820000e-01 -1.850520e-01 2.434596e-01 -3.010000e-01 4.825000e-01 -1.868140e-01 2.427360e-01
-2.405000e-01 4.820000e-01 -3.651883e-01 2.445274e-01 -2.410000e-01 4.825000e-01 -3.634784e-01 2.437931e-01
-2.405000e-01 4.820000e-01 -3.651883e-01 2.445274e-01 -2.395000e-01 4.820000e-01 -3.675401e-01 2.455678e-01
-2.395000e-01 4.820000e-01 -3.675401e-01 2.455678e-01 -2.385000e-01 4.820000e-01 -3.698485e-01 2.466228e-01
-2.380000e-01 4.815000e-01 -3.715151e-01 2.474056e-01 -2.385000e-01 4.820000e-01 -3.698485e-01 2.466228e-01
1.280000e-01 4.815000e-01 -3.243309e-01 4.111875e-01 1.280000e-01 4.825000e-01 -3.242135e-01 4.112080e-01
-6.750000e-01 4.825000e-01 -2.219078e-01 4.167289e-01 -6.750000e-01 4.835000e-01 -2.220294e-01 4.167518e-01
-3.010000e-01 4.825000e-01 -1.868140e-01 2.427360e-01 -3.005000e-01 4.830000e-01 -1.885575e-01 2.420329e-01
-3.005000e-01 4.830000e-01 -1.885575e-01 2.420329e-01 -2.995000e-01 4.830000e-01 -1.910805e-01 2.410468e-01
-2.995000e-01 4.830000e-01 -1.910805e-01 2.410468e-01 -2.985000e-01 4.830000e-01 -1.936442e-01 2.400811e-01
-2.985000e-01 4.830000e-01 -1.936442e-01 2.400811e-01 -2.980000e-01 4.835000e-01 -1.954182e-01 2.394360e-01
-2.435000e-01 4.830000e-01 -3.569022e-01 2.411173e-01 -2.440000e-01 4.835000e-01 -3.551740e-01 2.404573e-01
-2.435000e-01 4.830000e-01 -3.569022e-01 2.411173e-01 -2.425000e-01 4.830000e-01 -3.593648e-01 2.420893e-01
-2.425000e-01 4.830000e-01 -3.593648e-01 2.420893e-01 -2.415000e-01 4.830000e-01 -3.617856e-01 2.430793e-01
-2.410000e-01 4.825000e-01 -3.634784e-01 2.437931e-01 -2.415000e-01 4.830000e-01 -3.617856e-01 2.430793e-01
1.280000e-01 4.825000e-01 -3.242135e-01 4.112080e-01 1.280000e-01 4.835000e-01 -3.240945e-01 4.112292e-01
-6.750000e-01 4.835000e-01 -2.220294e-01 4.167518e-01 -6.750000e-01 4.845000e-01 -2.221526e-01 4.167755e-01
-2.980000e-01 4.835000e-01 -1.954182e-01 2.394360e-01 -2.975000e-01 4.840000e-01 -1.971720e-01 2.388102e-01
-2.975000e-01 4.840000e-01 -1.971720e-01 2.388102e-01 -2.965000e-01 4.840000e-01 -1.997924e-01 2.379069e-01
-2.965000e-01 4.840000e-01 -1.997924e-01 2.379069e-01 -2.955000e-01 4.840000e-01 -2.024505e-01 2.370275e-01
-2.955000e-01 4.840000e-01 -2.024505e-01 2.370275e-01 -2.945000e-01 4.840000e-01 -2.051457e-01 2.361732e-01
-2.945000e-01 4.840000e-01 -2.051457e-01 2.361732e-01 -2.940000e-01 4.845000e-01 -2.069254e-01 2.356312e-01
-2.475000e-01 4.840000e-01 -3.457755e-01 2.371381e-01 -2.480000e-01 4.845000e-01 -3.440322e-01 2.365760e-01
-2.475000e-01 4.840000e-01 -3.457755e-01 2.371381e-01 -2.465000e-01 4.840000e-01 -3.483774e-01 2.380086e-01
-2.465000e-01 4.840000e-01 -3.483774e-01 2.380086e-01 -2.455000e-01 4.840000e-01 -3.509406e-01 2.389019e-01
-2.455000e-01 4.840000e-01 -3.509406e-01 2.389019e-01 -2.445000e-01 4.840000e-01 -3.534645e-01 2.398166e-01
-2.440000e-01 4.835000e-01 -3.551740e-01 2.404573e-01 -2.445000e-01 4.840000e-01 -3.534645e-01 2.398166e-01
1.280000e-01 4.835000e-01 -3.240945e-01 4.112292e-01 1.280000e-01 4.845000e-01 -3.239738e-01 4.112513e-01
-6.750000e-01 4.845000e-01 -2.221526e-01 4.167755e-01 -6.745000e-01 4.850000e-01 -2.218841e-01 4.167254e-01
-6.745000e-01 4.850000e-01 -2.218841e-01 4.167254e-01 -6.740000e-01 4.855000e-01 -2.216162e-01 4.166742e-01
-2.940000e-01 4.845000e-01 -2.069254e-01 2.356312e-01 -2.935000e-01 4.850000e-01 -2.086834e-01 2.351065e-01
-2.935000e-01 4.850000e-01 -2.086834e-01 2.351065e-01 -2.925000e-01 4.850000e-01 -2.114224e-01 2.343222e-01
-2.925000e-01 4.850000e-01 -2.114224e-01 2.343222e-01 -2.915000e-01 4.850000e-01 -2.141946e-01 2.335662e-01
-2.915000e-01 4.850000e-01 -2.141946e-01 2.335662e-01 -2.905000e-01 4.850000e-01 -2.169990e-01 2.328395e-01
-2.905000e-01 4.850000e-01 -2.169990e-01 2.328395e-01 -2.900000e-01 4.855000e-01 -2.187648e-01 2.324037e-01
-2.515000e-01 4.850000e-01 -3.342478e-01 2.336945e-01 -2.520000e-01 4.855000e-01 -3.325078e-01 2.332347e-01
-2.515000e-01 4.850000e-01 -3.342478e-01 2.336945e-01 -2.505000e-01 4.850000e-01 -3.369699e-01 2.344468e-01
-2.505000e-01 4.850000e-01 -3.369699e-01 2.344468e-01 -2.495000e-01 4.850000e-01 -3.396574e-01 2.352262e-01
-2.495000e-01 4.850000e-01 -3.396574e-01 2.352262e-01 -2.485000e-01 4.850000e-01 -3.423093e-01 2.360315e-01
-2.480000e-01 4.845000e-01 -3.440322e-01 2.365760e-01 -2.485000e-01 4.850000e-01 -3.423093e-01 2.360315e-01
1.280000e-01 4.845000e-01 -3.239738e-01 4.112513e-01 1.280000e-01 4.855000e-01 -3.238515e-01 4.112743e-01
-6.740000e-01 4.855000e-01 -2.216162e-01 4.166742e-01 -6.740000e-01 4.865000e-01 -2.217431e-01 4.166978e-01
-2.900000e-01 4.855000e-01 -2.187648e-01 2.324037e-01 -2.895000e-01 4.860000e-01 -2.205080e-01 2.319830e-01
-2.895000e-01 4.860000e-01 -2.205080e-01 2.319830e-01 -2.885000e-01 4.860000e-01 -2.233417e-01 2.313322e-01
-2.885000e-01 4.860000e-01 -2.233417e-01 2.313322e-01 -2.875000e-01 4.860000e-01 -2.262029e-01 2.307132e-01
-2.875000e-01 4.860000e-01 -2.262029e-01 2.307132e-01 -2.865000e-01 4.860000e-01 -2.290905e-01 2.301271e-01
-2.865000e-01 4.860000e-01 -2.290905e-01 2.301271e-01 -2.855000e-01 4.860000e-01 -2.320030e-01 2.295747e-01
-2.855000e-01 4.860000e-01 -2.320030e-01 2.295747e-01 -2.845000e-01 4.860000e-01 -2.349390e-01 2.290568e-01
-2.845000e-01 4.860000e-01 -2.349390e-01 2.290568e-01 -2.840000e-01 4.865000e-01 -2.366591e-01 2.287740e-01
-2.575000e-01 4.860000e-01 -3.167007e-01 2.296955e-01 -2.580000e-01 4.865000e-01 -3.149899e-01 2.293850e-01
-2.575000e-01 4.860000e-01 -3.167007e-01 2.296955e-01 -2.565000e-01 4.860000e-01 -3.195749e-01 2.302511e-01
-2.565000e-01 4.860000e-01 -3.195749e-01 2.302511e-01 -2.555000e-01 4.860000e-01 -3.224221e-01 2.308393e-01
-2.555000e-01 4.860000e-01 -3.224221e-01 2.308393e-01 -2.545000e-01 4.860000e-01 -3.252411e-01 2.314592e-01
-2.545000e-01 4.860000e-01 -3.252411e-01 2.314592e-01 -2.535000e-01 4.860000e-01 -3.280306e-01 2.321099e-01
-2.535000e-01 4.860000e-01 -3.280306e-01 2.321099e-01 -2.525000e-01 4.860000e-01 -3.307896e-01 2.327904e-01
-2.520000e-01 4.855000e-01 -3.325078e-01 2.332347e-01 -2.525000e-01 4.860000e-01 -3.307896e-01 2.327904e-01
1.280000e-01 4.855000e-01 -3.238515e-01 4.112743e-01 1.280000e-01 4.865000e-01 -3.237277e-01 4.112980e-01
-6.740000e-01 4.865000e-01 -2.217431e-01 4.166978e-01 -6.740000e-01 4.875000e-01 -2.218717e-01 4.167223e-01
-2.840000e-01 4.865000e-01 -2.366591e-01 2.287740e-01 -2.835000e-01 4.870000e-01 -2.383563e-01 2.285026e-01
-2.835000e-01 4.870000e-01 -2.383563e-01 2.285026e-01 -2.825000e-01 4.870000e-01 -2.412985e-01 2.280662e-01
-2.825000e-01 4.870000e-01 -2.412985e-01 2.280662e-01 -2.815000e-01 4.870000e-01 -2.442588e-01 2.276659e-01
-2.815000e-01 4.870000e-01 -2.442588e-01 2.276659e-01 -2.805000e-01 4.870000e-01 -2.472356e-01 2.273023e-01
-2.805000e-01 4.870000e-01 -2.472356e-01 2.273023e-01 -2.795000e-01 4.870000e-01 -2.502273e-01 2.269761e-01
-2.795000e-01 4.870000e-01 -2.502273e-01 2.269761e-01 -2.785000e-01 4.870000e-01 -2.532321e-01 2.266876e-01
-2.785000e-01 4.870000e-01 -2.532321e-01 2.266876e-01 -2.775000e-01 4.870000e-01 -2.562482e-01 2.264375e-01
-2.775000e-01 4.870000e-01 -2.562482e-01 2.264375e-01 -2.765000e-01 4.870000e-01 -2.592740e-01 2.262260e-01
-2.765000e-01 4.870000e-01 -2.592740e-01 2.262260e-01 -2.755000e-01 4.870000e-01 -2.623076e-01 2.260535e-01
-2.755000e-01 4.870000e-01 -2.623076e-01 2.260535e-01 -2.745000e-01 4.870000e-01 -2.653472e-01 2.259204e-01
-2.745000e-01 4.870000e-01 -2.653472e-01 2.259204e-01 -2.735000e-01 4.870000e-01 -2.683909e-01 2.258266e-01
-2.735000e-01 4.870000e-01 -2.683909e-01 2.258266e-01 -2.725000e-01 4.870000e-01 -2.714369e-01 2.257726e-01
-2.725000e-01 4.870000e-01 -2.714369e-01 2.257726e-01 -2.715000e-01 4.870000e-01 -2.744834e-01 2.257581e-01
-2.715000e-01 4.870000e-01 -2.744834e-01 2.257581e-01 -2.705000e-01 4.870000e-01 -2.775284e-01 2.257834e-01
-2.705000e-01 4.870000e-01 -2.775284e-01 2.257834e-01 -2.695000e-01 4.870000e-01 -2.805701e-01 2.258482e-01
-2.695000e-01 4.870000e-01 -2.805701e-01 2.258482e-01 -2.685000e-01 4.870000e-01 -2.836067e-01 2.259525e-01
-2.685000e-01 4.870000e-01 -2.836067e-01 2.259525e-01 -2.675000e-01 4.870000e-01 -2.866364e-01 2.260960e-01
-2.675000e-01 4.870000e-01 -2.866364e-01 2.260960e-01 -2.665000e-01 4.870000e-01 -2.896573e-01 2.262785e-01
-2.665000e-01 4.870000e-01 -2.896573e-01 2.262785e-01 -2.655000e-01 4.870000e-01 -2.926676e-01 2.264996e-01
-2.655000e-01 4.870000e-01 -2.926676e-01 2.264996e-01 -2.645000e-01 4.870000e-01 -2.956656e-01 2.267589e-01
-2.645000e-01 4.870000e-01 -2.956656e-01 2.267589e-01 -2.635000e-01 4.870000e-01 -2.986495e-01 2.270559e-01
-2.635000e-01 4.870000e-01 -2.986495e-01 2.270559e-01 -2.625000e-01 4.870000e-01 -3.016178e-01 2.273902e-01
-2.625000e-01 4.870000e-01 -3.016178e-01 2.273902e-01 -2.615000e-01 4.870000e-01 -3.045687e-01 2.277610e-01
-2.615000e-01 4.870000e-01 -3.045687e-01 2.277610e-01 -2.605000e-01 4.870000e-01 -3.075006e-01 2.281678e-01
-2.605000e-01 4.870000e-01 -3.075006e-01 2.281678e-01 -2.595000e-01 4.870000e-01 -3.104121e-01 2.286100e-01
-2.595000e-01 4.870000e-01 -3.104121e-01 2.286100e-01 -2.585000e-01 4.870000e-01 -3.133016e-01 2.290867e-01
-2.580000e-01 4.865000e-01 -3.149899e-01 2.293850e-01 -2.585000e-01 4.870000e-01 -3.133016e-01 2.290867e-01
1.280000e-01 4.865000e-01 -3.237277e-01 4.112980e-01 1.280000e-01 4.875000e-01 -3.236022e-01 4.113227e-01
-6.740000e-01 4.875000e-01 -2.218717e-01 4.167223e-01 -6.740000e-01 4.885000e-01 -2.220018e-01 4.167475e-01
1.275000e-01 4.880000e-01 -3.238679e-01 4.112719e-01 1.270000e-01 4.885000e-01 -3.241330e-01 4.112200e-01
1.280000e-01 4.875000e-01 -3.236022e-01 4.113227e-01 1.275000e-01 4.880000e-01 -3.238679e-01 4.112719e-01
-6.740000e-01 4.885000e-01 -2.220018e-01 4.167475e-01 -6.740000e-01 4.895000e-01 -2.221335e-01 4.167736e-01
1.270000e-01 4.885000e-01 -3.241330e-01 4.112200e-01 1.270000e-01 4.895000e-01 -3.240038e-01 4.112448e-01
-6.740000e-01 4.895000e-01 -2.221335e-01 4.167736e-01 -6.740000e-01 4.905000e-01 -2.222668e-01 4.168004e-01
1.270000e-01 4.895000e-01 -3.240038e-01 4.112448e-01 1.270000e-01 4.905000e-01 -3.238730e-01 4.112704e-01
-6.740000e-01 4.905000e-01 -2.222668e-01 4.168004e-01 -6.740000e-01 4.915000e-01 -2.224017e-01 4.168282e-01
1.270000e-01 4.905000e-01 -3.238730e-01 4.112704e-01 1.270000e-01 4.915000e-01 -3.237407e-01 4.112970e-01
-6.740000e-01 4.915000e-01 -2.224017e-01 4.168282e-01 -6.740000e-01 4.925000e-01 -2.225381e-01 4.168567e-01
1.270000e-01 4.915000e-01 -3.237407e-01 4.112970e-01 1.270000e-01 4.925000e-01 -3.236068e-01 4.113244e-01
-6.740000e-01 4.925000e-01 -2.225381e-01 4.168567e-01 -6.740000e-01 4.935000e-01 -2.226762e-01 4.168861e-01
1.270000e-01 4.925000e-01 -3.236068e-01 4.113244e-01 1.270000e-01 4.935000e-01 -3.234713e-01 4.113528e-01
-6.740000e-01 4.935000e-01 -2.226762e-01 4.168861e-01 -6.740000e-01 4.945000e-01 -2.228158e-01 4.169163e-01
1.270000e-01 4.935000e-01 -3.234713e-01 4.113528e-01 1.270000e-01 4.945000e-01 -3.233342e-01 4.113821e-01
-6.740000e-01 4.945000e-01 -2.228158e-01 4.169163e-01 -6.740000e-01 4.955000e-01 -2.229569e-01 4.169474e-01
1.265000e-01 4.950000e-01 -3.235918e-01 4.113279e-01 1.260000e-01 4.955000e-01 -3.238488e-01 4.112726e-01
1.270000e-01 4.945000e-01 -3.233342e-01 4.113821e-01 1.265000e-01 4.950000e-01 -3.235918e-01 4.113279e-01
-6.740000e-01 4.955000e-01 -2.229569e-01 4.169474e-01 -6.735000e-01 4.960000e-01 -2.227007e-01 4.168921e-01
-6.735000e-01 4.960000e-01 -2.227007e-01 4.168921e-01 -6.730000e-01 4.965000e-01 -2.224451e-01 4.168357e-01
1.260000e-01 4.955000e-01 -3.238488e-01 4.112726e-01 1.260000e-01 4.965000e-01 -3.237081e-01 4.113022e-01
-6.730000e-01 4.965000e-01 -2.224451e-01 4.168357e-01 -6.730000e-01 4.975000e-01 -2.225899e-01 4.168670e-01
1.260000e-01 4.965000e-01 -3.237081e-01 4.113022e-01 1.260000e-01 4.975000e-01 -3.235658e-01 4.113328e-01
-6.730000e-01 4.975000e-01 -2.225899e-01 4.168670e-01 -6.730000e-01 4.985000e-01 -2.227363e-01 4.168992e-01
1.260000e-01 4.975000e-01 -3.235658e-01 4.113328e-01 1.260000e-01 4.985000e-01 -3.234219e-01 4.113643e-01
-6.730000e-01 4.985000e-01 -2.227363e-01 4.168992e-01 -6.730000e-01 4.995000e-01 -2.228842e-01 4.169324e-01
1.260000e-01 4.985000e-01 -3.234219e-01 4.113643e-01 1.260000e-01 4.995000e-01 -3.232766e-01 4.113968e-01
-6.730000e-01 4.995000e-01 -2.228842e-01 4.169324e-01 -6.730000e-01 5.005000e-01 -2.230337e-01 4.169664e-01
1.260000e-01 4.995000e-01 -3.232766e-01 4.113968e-01 1.260000e-01 5.005000e-01 -3.231296e-01 4.114303e-01
-6.730000e-01 5.005000e-01 -2.230337e-01 4.169664e-01 -6.730000e-01 5.015000e-01 -2.231846e-01 4.170014e-01
1.260000e-01 5.005000e-01 -3.231296e-01 4.114303e-01 1.260000e-01 5.015000e-01 -3.229812e-01 4.114648e-01
-6.730000e-01 5.015000e-01 -2.231846e-01 4.170014e-01 -6.730000e-01 5.025000e-01 -2.233371e-01 4.170373e-01
1.255000e-01 5.020000e-01 -3.232307e-01 4.114075e-01 1.250000e-01 5.025000e-01 -3.234796e-01 4.113492e-01
1.260000e-01 5.015000e-01 -3.229812e-01 4.114648e-01 1.255000e-01 5.020000e-01 -3.232307e-01 4.114075e-01
-6.730000e-01 5.025000e-01 -2.233371e-01 4.170373e-01 -6.730000e-01 5.035000e-01 -2.234912e-01 4.170742e-01
1.250000e-01 5.025000e-01 -3.234796e-01 4.113492e-01 1.250000e-01 5.035000e-01 -3.233275e-01 4.113842e-01
-6.730000e-01 5.035000e-01 -2.234912e-01 4.170742e-01 -6.730000e-01 5.045000e-01 -2.236467e-01 4.171120e-01
1.250000e-01 5.035000e-01 -3.233275e-01 4.113842e-01 1.250000e-01 5.045000e-01 -3.231738e-01 4.114202e-01
-6.730000e-01 5.045000e-01 -2.236467e-01 4.171120e-01 -6.730000e-01 5.055000e-01 -2.238037e-01 4.171508e-01
1.250000e-01 5.045000e-01 -3.231738e-01 4.114202e-01 1.250000e-01 5.055000e-01 -3.230187e-01 4.114572e-01
-6.730000e-01 5.055000e-01 -2.238037e-01 4.171508e-01 -6.725000e-01 5.060000e-01 -2.235588e-01 4.170914e-01
-6.725000e-01 5.060000e-01 -2.235588e-01 4.170914e-01 -6.720000e-01 5.065000e-01 -2.233145e-01 4.170310e-01
1.250000e-01 5.055000e-01 -3.230187e-01 4.114572e-01 1.250000e-01 5.065000e-01 -3.228621e-01 4.114953e-01
-6.720000e-01 5.065000e-01 -2.233145e-01 4.170310e-01 -6.720000e-01 5.075000e-01 -2.234752e-01 4.170702e-01
1.250000e-01 5.065000e-01 -3.228621e-01 4.114953e-01 1.250000e-01 5.075000e-01 -3.227040e-01 4.115344e-01
-6.720000e-01 5.075000e-01 -2.234752e-01 4.170702e-01 -6.720000e-01 5.085000e-01 -2.236373e-01 4.171105e-01
1.250000e-01 5.075000e-01 -3.227040e-01 4.115344e-01 1.250000e-01 5.085000e-01 -3.225443e-01 4.115746e-01
-6.720000e-01 5.085000e-01 -2.236373e-01 4.171105e-01 -6.720000e-01 5.095000e-01 -2.238009e-01 4.171517e-01
1.245000e-01 5.090000e-01 -3.227857e-01 4.115147e-01 1.240000e-01 5.095000e-01 -3.230264e-01 4.114537e-01
1.250000e-01 5.085000e-01 -3.225443e-01 4.115746e-01 1.245000e-01 5.090000e-01 -3.227857e-01 4.115147e-01
-6.720000e-01 5.095000e-01 -2.238009e-01 4.171517e-01 -6.720000e-01 5.105000e-01 -2.239660e-01 4.171940e-01
1.240000e-01 5.095000e-01 -3.230264e-01 4.114537e-01 1.240000e-01 5.105000e-01 -3.228632e-01 4.114946e-01
-6.720000e-01 5.105000e-01 -2.239660e-01 4.171940e-01 -6.720000e-01 5.115000e-01 -2.241326e-01 4.172373e-01
1.240000e-01 5.105000e-01 -3.228632e-01 4.114946e-01 1.240000e-01 5.115000e-01 -3.226985e-01 4.115365e-01
-6.720000e-01 5.115000e-01 -2.241326e-01 4.172373e-01 -6.720000e-01 5.125000e-01 -2.243007e-01 4.172816e-01
1.240000e-01 5.115000e-01 -3.226985e-01 4.115365e-01 1.240000e-01 5.125000e-01 -3.225323e-01 4.115796e-01
-6.720000e-01 5.125000e-01 -2.243007e-01 4.172816e-01 -6.720000e-01 5.135000e-01 -2.244701e-01 4.173270e-01
1.240000e-01 5.125000e-01 -3.225323e-01 4.115796e-01 1.240000e-01 5.135000e-01 -3.223647e-01 4.116238e-01
-6.720000e-01 5.135000e-01 -2.244701e-01 4.173270e-01 -6.715000e-01 5.140000e-01 -2.242344e-01 4.172647e-01
-6.715000e-01 5.140000e-01 -2.242344e-01 4.172647e-01 -6.710000e-01 5.145000e-01 -2.239994e-01 4.172014e-01
1.240000e-01 5.135000e-01 -3.223647e-01 4.116238e-01 1.240000e-01 5.145000e-01 -3.221956e-01 4.116690e-01
-6.710000e-01 5.145000e-01 -2.239994e-01 4.172014e-01 -6.710000e-01 5.155000e-01 -2.241725e-01 4.172474e-01
1.235000e-01 5.150000e-01 -3.224299e-01 4.116070e-01 1.230000e-01 5.155000e-01 -3.226635e-01 4.115439e-01
1.240000e-01 5.145000e-01 -3.221956e-01 4.116690e-01 1.235000e-01 5.150000e-01 -3.224299e-01 4.116070e-01
-6.710000e-01 5.155000e-01 -2.241725e-01 4.172474e-01 -6.710000e-01 5.165000e-01 -2.243470e-01 4.172945e-01
1.230000e-01 5.155000e-01 -3.226635e-01 4.115439e-01 1.230000e-01 5.165000e-01 -3.224908e-01 4.115900e-01
-6.710000e-01 5.165000e-01 -2.243470e-01 4.172945e-01 -6.710000e-01 5.175000e-01 -2.245229e-01 4.173426e-01
1.230000e-01 5.165000e-01 -3.224908e-01 4.115900e-01 1.230000e-01 5.175000e-01 -3.223167e-01 4.116372e-01
-6.710000e-01 5.175000e-01 -2.245229e-01 4.173426e-01 -6.710000e-01 5.185000e-01 -2.247003e-01 4.173919e-01
1.230000e-01 5.175000e-01 -3.223167e-01 4.116372e-01 1.230000e-01 5.185000e-01 -3.221412e-01 4.116856e-01
-6.710000e-01 5.185000e-01 -2.247003e-01 4.173919e-01 -6.710000e-01 5.195000e-01 -2.248791e-01 4.174422e-01
1.230000e-01 5.185000e-01 -3.221412e-01 4.116856e-01 1.230000e-01 5.195000e-01 -3.219643e-01 4.117352e-01
-6.710000e-01 5.195000e-01 -2.248791e-01 4.174422e-01 -6.710000e-01 5.205000e-01 -2.250594e-01 4.174937e-01
1.230000e-01 5.195000e-01 -3.219643e-01 4.117352e-01 1.230000e-01 5.205000e-01 -3.217860e-01 4.117860e-01
-6.710000e-01 5.205000e-01 -2.250594e-01 4.174937e-01 -6.710000e-01 5.215000e-01 -2.252410e-01 4.175463e-01
1.225000e-01 5.210000e-01 -3.220131e-01 4.117221e-01 1.220000e-01 5.215000e-01 -3.222395e-01 4.116571e-01
1.230000e-01 5.205000e-01 -3.217860e-01 4.117860e-01 1.225000e-01 5.210000e-01 -3.220131e-01 4.117221e-01
-6.710000e-01 5.215000e-01 -2.252410e-01 4.175463e-01 -6.705000e-01 5.220000e-01 -2.250145e-01 4.174816e-01
-6.705000e-01 5.220000e-01 -2.250145e-01 4.174816e-01 -6.700000e-01 5.225000e-01 -2.247887e-01 4.174158e-01
1.220000e-01 5.215000e-01 -3.222395e-01 4.116571e-01 1.220000e-01 5.225000e-01 -3.220576e-01 4.117088e-01
-6.700000e-01 5.225000e-01 -2.247887e-01 4.174158e-01 -6.700000e-01 5.235000e-01 -2.249739e-01 4.174693e-01
1.220000e-01 5.225000e-01 -3.220576e-01 4.117088e-01 1.220000e-01 5.235000e-01 -3.218744e-01 4.117617e-01
-6.700000e-01 5.235000e-01 -2.249739e-01 4.174693e-01 -6.700000e-01 5.245000e-01 -2.251604e-01 4.175238e-01
1.220000e-01 5.235000e-01 -3.218744e-01 4.117617e-01 1.220000e-01 5.245000e-01 -3.216897e-01 4.118159e-01
-6.700000e-01 5.245000e-01 -2.251604e-01 4.175238e-01 -6.700000e-01 5.255000e-01 -2.253483e-01 4.175795e-01
1.220000e-01 5.245000e-01 -3.216897e-01 4.118159e-01 1.220000e-01 5.255000e-01 -3.215037e-01 4.118712e-01
-6.700000e-01 5.255000e-01 -2.253483e-01 4.175795e-01 -6.700000e-01 5.265000e-01 -2.255376e-01 4.176364e-01
1.215000e-01 5.260000e-01 -3.217248e-01 4.118058e-01 1.210000e-01 5.265000e-01 -3.219451e-01 4.117393e-01
1.220000e-01 5.255000e-01 -3.215037e-01 4.118712e-01 1.215000e-01 5.260000e-01 -3.217248e-01 4.118058e-01
-6.700000e-01 5.265000e-01 -2.255376e-01 4.176364e-01 -6.700000e-01 5.275000e-01 -2.257283e-01 4.176944e-01
1.210000e-01 5.265000e-01 -3.219451e-01 4.117393e-01 1.210000e-01 5.275000e-01 -3.217556e-01 4.117958e-01
-6.700000e-01 5.275000e-01 -2.257283e-01 4.176944e-01 -6.700000e-01 5.285000e-01 -2.259203e-01 4.177536e-01
1.210000e-01 5.275000e-01 -3.217556e-01 4.117958e-01 1.210000e-01 5.285000e-01 -3.215647e-01 4.118534e-01
-6.700000e-01 5.285000e-01 -2.259203e-01 4.177536e-01 -6.695000e-01 5.290000e-01 -2.257019e-01 4.176871e-01
-6.695000e-01 5.290000e-01 -2.257019e-01 4.176871e-01 -6.690000e-01 5.295000e-01 -2.254844e-01 4.176195e-01
1.210000e-01 5.285000e-01 -3.215647e-01 4.118534e-01 1.210000e-01 5.295000e-01 -3.213724e-01 4.119124e-01
-6.690000e-01 5.295000e-01 -2.254844e-01 4.176195e-01 -6.690000e-01 5.305000e-01 -2.256799e-01 4.176797e-01
1.210000e-01 5.295000e-01 -3.213724e-01 4.119124e-01 1.210000e-01 5.305000e-01 -3.211789e-01 4.119726e-01
-6.690000e-01 5.305000e-01 -2.256799e-01 4.176797e-01 -6.690000e-01 5.315000e-01 -2.258767e-01 4.177411e-01
1.210000e-01 5.305000e-01 -3.211789e-01 4.119726e-01 1.210000e-01 5.315000e-01 -3.209839e-01 4.120341e-01
-6.690000e-01 5.315000e-01 -2.258767e-01 4.177411e-01 -6.690000e-01 5.325000e-01 -2.260749e-01 4.178037e-01
1.205000e-01 5.320000e-01 -3.211979e-01 4.119673e-01 1.200000e-01 5.325000e-01 -3.214111e-01 4.118995e-01
1.210000e-01 5.315000e-01 -3.209839e-01 4.120341e-01 1.205000e-01 5.320000e-01 -3.211979e-01 4.119673e-01
-6.690000e-01 5.325000e-01 -2.260749e-01 4.178037e-01 -6.690000e-01 5.335000e-01 -2.262744e-01 4.178676e-01
1.200000e-01 5.325000e-01 -3.214111e-01 4.118995e-01 1.200000e-01 5.335000e-01 -3.212127e-01 4.119622e-01
-6.690000e-01 5.335000e-01 -2.262744e-01 4.178676e-01 -6.690000e-01 5.345000e-01 -2.264752e-01 4.179326e-01
1.200000e-01 5.335000e-01 -3.212127e-01 4.119622e-01 1.200000e-01 5.345000e-01 -3.210131e-01 4.120262e-01
-6.690000e-01 5.345000e-01 -2.264752e-01 4.179326e-01 -6.685000e-01 5.350000e-01 -2.262639e-01 4.178647e-01
-6.685000e-01 5.350000e-01 -2.262639e-01 4.178647e-01 -6.680000e-01 5.355000e-01 -2.260535e-01 4.177957e-01
1.200000e-01 5.345000e-01 -3.210131e-01 4.120262e-01 1.200000e-01 5.355000e-01 -3.208121e-01 4.120915e-01
-6.680000e-01 5.355000e-01 -2.260535e-01 4.177957e-01 -6.680000e-01 5.365000e-01 -2.262577e-01 4.178619e-01
1.200000e-01 5.355000e-01 -3.208121e-01 4.120915e-01 1.200000e-01 5.365000e-01 -3.206098e-01 4.121581e-01
-6.680000e-01 5.365000e-01 -2.262577e-01 4.178619e-01 -6.680000e-01 5.375000e-01 -2.264632e-01 4.179294e-01
1.195000e-01 5.370000e-01 -3.208177e-01 4.120903e-01 1.190000e-01 5.375000e-01 -3.210248e-01 4.120214e-01
1.200000e-01 5.365000e-01 -3.206098e-01 4.121581e-01 1.195000e-01 5.370000e-01 -3.208177e-01 4.120903e-01
-6.680000e-01 5.375000e-01 -2.264632e-01 4.179294e-01 -6.680000e-01 5.385000e-01 -2.266701e-01 4.179981e-01
1.190000e-01 5.375000e-01 -3.210248e-01 4.120214e-01 1.190000e-01 5.385000e-01 -3.208191e-01 4.120894e-01
-6.680000e-01 5.385000e-01 -2.266701e-01 4.179981e-01 -6.680000e-01 5.395000e-01 -2.268782e-01 4.180681e-01
1.190000e-01 5.385000e-01 -3.208191e-01 4.120894e-01 1.190000e-01 5.395000e-01 -3.206122e-01 4.121587e-01
-6.680000e-01 5.395000e-01 -2.268782e-01 4.180681e-01 -6.680000e-01 5.405000e-01 -2.270876e-01 4.181393e-01
1.190000e-01 5.395000e-01 -3.206122e-01 4.121587e-01 1.190000e-01 5.405000e-01 -3.204040e-01 4.122293e-01
-6.680000e-01 5.405000e-01 -2.270876e-01 4.181393e-01 -6.675000e-01 5.410000e-01 -2.268834e-01 4.180702e-01
-6.675000e-01 5.410000e-01 -2.268834e-01 4.180702e-01 -6.670000e-01 5.415000e-01 -2.266800e-01 4.180001e-01
1.190000e-01 5.405000e-01 -3.204040e-01 4.122293e-01 1.190000e-01 5.415000e-01 -3.201945e-01 4.123013e-01
-6.670000e-01 5.415000e-01 -2.266800e-01 4.180001e-01 -6.670000e-01 5.425000e-01 -2.268927e-01 4.180727e-01
1.185000e-01 5.420000e-01 -3.203964e-01 4.122326e-01 1.180000e-01 5.425000e-01 -3.205974e-01 4.121629e-01
1.190000e-01 5.415000e-01 -3.201945e-01 4.123013e-01 1.185000e-01 5.420000e-01 -3.203964e-01 4.122326e-01
-6.670000e-01 5.425000e-01 -2.268927e-01 4.180727e-01 -6.670000e-01 5.435000e-01 -2.271068e-01 4.181465e-01
1.180000e-01 5.425000e-01 -3.205974e-01 4.121629e-01 1.180000e-01 5.435000e-01 -3.203845e-01 4.122364e-01
-6.670000e-01 5.435000e-01 -2.271068e-01 4.181465e-01 -6.670000e-01 5.445000e-01 -2.273220e-01 4.182216e-01
1.180000e-01 5.435000e-01 -3.203845e-01 4.122364e-01 1.180000e-01 5.445000e-01 -3.201705e-01 4.123112e-01
-6.670000e-01 5.445000e-01 -2.273220e-01 4.182216e-01 -6.670000e-01 5.455000e-01 -2.275385e-01 4.182981e-01
1.180000e-01 5.445000e-01 -3.201705e-01 4.123112e-01 1.180000e-01 5.455000e-01 -3.199552e-01 4.123874e-01
-6.670000e-01 5.455000e-01 -2.275385e-01 4.182981e-01 -6.670000e-01 5.465000e-01 -2.277562e-01 4.183758e-01
1.175000e-01 5.460000e-01 -3.201521e-01 4.123180e-01 1.170000e-01 5.465000e-01 -3.203481e-01 4.122475e-01
1.180000e-01 5.455000e-01 -3.199552e-01 4.123874e-01 1.175000e-01 5.460000e-01 -3.201521e-01 4.123180e-01
-6.670000e-01 5.465000e-01 -2.277562e-01 4.183758e-01 -6.665000e-01 5.470000e-01 -2.275591e-01 4.183059e-01
-6.665000e-01 5.470000e-01 -2.275591e-01 4.183059e-01 -6.660000e-01 5.475000e-01 -2.273628e-01 4.182349e-01
1.170000e-01 5.465000e-01 -3.203481e-01 4.122475e-01 1.170000e-01 5.475000e-01 -3.201295e-01 4.123253e-01
-6.660000e-01 5.475000e-01 -2.273628e-01 4.182349e-01 -6.660000e-01 5.485000e-01 -2.275838e-01 4.183141e-01
1.170000e-01 5.475000e-01 -3.201295e-01 4.123253e-01 1.170000e-01 5.485000e-01 -3.199097e-01 4.124044e-01
-6.660000e-01 5.485000e-01 -2.275838e-01 4.183141e-01 -6.660000e-01 5.495000e-01 -2.278060e-01 4.183946e-01
1.170000e-01 5.485000e-01 -3.199097e-01 4.124044e-01 1.170000e-01 5.495000e-01 -3.196887e-01 4.124851e-01
-6.660000e-01 5.495000e-01 -2.278060e-01 4.183946e-01 -6.660000e-01 5.505000e-01 -2.280295e-01 4.184765e-01
1.170000e-01 5.495000e-01 -3.196887e-01 4.124851e-01 1.170000e-01 5.505000e-01 -3.194665e-01 4.125671e-01
-6.660000e-01 5.505000e-01 -2.280295e-01 4.184765e-01 -6.660000e-01 5.515000e-01 -2.282541e-01 4.185598e-01
1.165000e-01 5.510000e-01 -3.196573e-01 4.124971e-01 1.160000e-01 5.515000e-01 -3.198473e-01 4.124261e-01
1.170000e-01 5.505000e-01 -3.194665e-01 4.125671e-01 1.165000e-01 5.510000e-01 -3.196573e-01 4.124971e-01
-6.660000e-01 5.515000e-01 -2.282541e-01 4.185598e-01 -6.660000e-01 5.525000e-01 -2.284799e-01 4.186443e-01
1.160000e-01 5.515000e-01 -3.198473e-01 4.124261e-01 1.160000e-01 5.525000e-01 -3.196219e-01 4.125098e-01
-6.660000e-01 5.525000e-01 -2.284799e-01 4.186443e-01 -6.655000e-01 5.530000e-01 -2.282897e-01 4.185738e-01
-6.655000e-01 5.530000e-01 -2.282897e-01 4.185738e-01 -6.650000e-01 5.535000e-01 -2.281005e-01 4.185023e-01
1.160000e-01 5.525000e-01 -3.196219e-01 4.125098e-01 1.160000e-01 5.535000e-01 -3.193953e-01 4.125949e-01
-6.650000e-01 5.535000e-01 -2.281005e-01 4.185023e-01 -6.650000e-01 5.545000e-01 -2.283295e-01 4.185884e-01
1.160000e-01 5.535000e-01 -3.193953e-01 4.125949e-01 1.160000e-01 5.545000e-01 -3.191675e-01 4.126815e-01
-6.650000e-01 5.545000e-01 -2.283295e-01 4.185884e-01 -6.650000e-01 5.555000e-01 -2.285597e-01 4.186760e-01
1.155000e-01 5.550000e-01 -3.193534e-01 4.126111e-01 1.150000e-01 5.555000e-01 -3.195384e-01 4.125396e-01
1.160000e-01 5.545000e-01 -3.191675e-01 4.126815e-01 1.155000e-01 5.550000e-01 -3.193534e-01 4.126111e-01
-6.650000e-01 5.555000e-01 -2.285597e-01 4.186760e-01 -6.650000e-01 5.565000e-01 -2.287911e-01 4.187649e-01
1.150000e-01 5.555000e-01 -3.195384e-01 4.125396e-01 1.150000e-01 5.565000e-01 -3.193075e-01 4.126280e-01
-6.650000e-01 5.565000e-01 -2.287911e-01 4.187649e-01 -6.650000e-01 5.575000e-01 -2.290237e-01 4.188552e-01
1.150000e-01 5.565000e-01 -3.193075e-01 4.126280e-01 1.150000e-01 5.575000e-01 -3.190754e-01 4.127178e-01
-6.650000e-01 5.575000e-01 -2.290237e-01 4.188552e-01 -6.645000e-01 5.580000e-01 -2.288394e-01 4.187842e-01
-6.645000e-01 5.580000e-01 -2.288394e-01 4.187842e-01 -6.640000e-01 5.585000e-01 -2.286561e-01 4.187122e-01
1.150000e-01 5.575000e-01 -3.190754e-01 4.127178e-01 1.150000e-01 5.585000e-01 -3.188421e-01 4.128091e-01
-6.640000e-01 5.585000e-01 -2.286561e-01 4.187122e-01 -6.640000e-01 5.595000e-01 -2.288918e-01 4.188042e-01
1.150000e-01 5.585000e-01 -3.188421e-01 4.128091e-01 1.150000e-01 5.595000e-01 -3.186078e-01 4.129019e-01
-6.640000e-01 5.595000e-01 -2.288918e-01 4.188042e-01 -6.640000e-01 5.605000e-01 -2.291286e-01 4.188976e-01
1.145000e-01 5.600000e-01 -3.187878e-01 4.128313e-01 1.140000e-01 5.605000e-01 -3.189668e-01 4.127597e-01
1.150000e-01 5.595000e-01 -3.186078e-01 4.129019e-01 1.145000e-01 5.600000e-01 -3.187878e-01 4.128313e-01
-6.640000e-01 5.605000e-01 -2.291286e-01 4.188976e-01 -6.640000e-01 5.615000e-01 -2.293665e-01 4.189924e-01
1.140000e-01 5.605000e-01 -3.189668e-01 4.127597e-01 1.140000e-01 5.615000e-01 -3.187293e-01 4.128544e-01
-6.640000e-01 5.615000e-01 -2.293665e-01 4.189924e-01 -6.640000e-01 5.625000e-01 -2.296056e-01 4.190887e-01
1.140000e-01 5.615000e-01 -3.187293e-01 4.128544e-01 1.140000e-01 5.625000e-01 -3.184907e-01 4.129505e-01
-6.640000e-01 5.625000e-01 -2.296056e-01 4.190887e-01 -6.635000e-01 5.630000e-01 -2.294272e-01 4.190174e-01
-6.635000e-01 5.630000e-01 -2.294272e-01 4.190174e-01 -6.630000e-01 5.635000e-01 -2.292498e-01 4.189452e-01
1.140000e-01 5.625000e-01 -3.184907e-01 4.129505e-01 1.140000e-01 5.635000e-01 -3.182511e-01 4.130482e-01
-6.630000e-01 5.635000e-01 -2.292498e-01 4.189452e-01 -6.630000e-01 5.645000e-01 -2.294920e-01 4.190432e-01
1.135000e-01 5.640000e-01 -3.184261e-01 4.129774e-01 1.130000e-01 5.645000e-01 -3.186002e-01 4.129056e-01
1.140000e-01 5.635000e-01 -3.182511e-01 4.130482e-01 1.135000e-01 5.640000e-01 -3.184261e-01 4.129774e-01
-6.630000e-01 5.645000e-01 -2.294920e-01 4.190432e-01 -6.630000e-01 5.655000e-01 -2.297352e-01 4.191427e-01
1.130000e-01 5.645000e-01 -3.186002e-01 4.129056e-01 1.130000e-01 5.655000e-01 -3.183575e-01 4.130052e-01
-6.630000e-01 5.655000e-01 -2.297352e-01 4.191427e-01 -6.630000e-01 5.665000e-01 -2.299796e-01 4.192436e-01
1.130000e-01 5.655000e-01 -3.183575e-01 4.130052e-01 1.130000e-01 5.665000e-01 -3.181137e-01 4.131064e-01
-6.630000e-01 5.665000e-01 -2.299796e-01 4.192436e-01 -6.630000e-01 5.675000e-01 -2.302250e-01 4.193460e-01
1.130000e-01 5.665000e-01 -3.181137e-01 4.131064e-01 1.130000e-01 5.675000e-01 -3.178688e-01 4.132091e-01
-6.630000e-01 5.675000e-01 -2.302250e-01 4.193460e-01 -6.625000e-01 5.680000e-01 -2.300524e-01 4.192747e-01
-6.625000e-01 5.680000e-01 -2.300524e-01 4.192747e-01 -6.620000e-01 5.685000e-01 -2.298810e-01 4.192024e-01
1.125000e-01 5.680000e-01 -3.180390e-01 4.131383e-01 1.120000e-01 5.685000e-01 -3.182082e-01 4.130664e-01
1.130000e-01 5.675000e-01 -3.178688e-01 4.132091e-01 1.125000e-01 5.680000e-01 -3.180390e-01 4.131383e-01
-6.620000e-01 5.685000e-01 -2.298810e-01 4.192024e-01 -6.620000e-01 5.695000e-01 -2.301294e-01 4.193067e-01
1.120000e-01 5.685000e-01 -3.182082e-01 4.130664e-01 1.120000e-01 5.695000e-01 -3.179603e-01 4.131712e-01
-6.620000e-01 5.695000e-01 -2.301294e-01 4.193067e-01 -6.620000e-01 5.705000e-01 -2.303789e-01 4.194124e-01
1.120000e-01 5.695000e-01 -3.179603e-01 4.131712e-01 1.120000e-01 5.705000e-01 -3.177114e-01 4.132775e-01
-6.620000e-01 5.705000e-01 -2.303789e-01 4.194124e-01 -6.620000e-01 5.715000e-01 -2.306294e-01 4.195196e-01
1.120000e-01 5.705000e-01 -3.177114e-01 4.132775e-01 1.120000e-01 5.715000e-01 -3.174615e-01 4.133853e-01
-6.620000e-01 5.715000e-01 -2.306294e-01 4.195196e-01 -6.615000e-01 5.720000e-01 -2.304617e-01 4.194482e-01
-6.615000e-01 5.720000e-01 -2.304617e-01 4.194482e-01 -6.610000e-01 5.725000e-01 -2.302951e-01 4.193758e-01
1.115000e-01 5.720000e-01 -3.176268e-01 4.133145e-01 1.110000e-01 5.725000e-01 -3.177911e-01 4.132428e-01
1.120000e-01 5.715000e-01 -3.174615e-01 4.133853e-01 1.115000e-01 5.720000e-01 -3.176268e-01 4.133145e-01
-6.610000e-01 5.725000e-01 -2.302951e-01 4.193758e-01 -6.610000e-01 5.735000e-01 -2.305486e-01 4.194850e-01
1.110000e-01 5.725000e-01 -3.177911e-01 4.132428e-01 1.110000e-01 5.735000e-01 -3.175382e-01 4.133528e-01
-6.610000e-01 5.735000e-01 -2.305486e-01 4.194850e-01 -6.610000e-01 5.745000e-01 -2.308031e-01 4.195957e-01
1.110000e-01 5.735000e-01 -3.175382e-01 4.133528e-01 1.110000e-01 5.745000e-01 -3.172843e-01 4.134643e-01
-6.610000e-01 5.745000e-01 -2.308031e-01 4.195957e-01 -6.610000e-01 5.755000e-01 -2.310586e-01 4.197079e-01
1.110000e-01 5.745000e-01 -3.172843e-01 4.134643e-01 1.110000e-01 5.755000e-01 -3.170295e-01 4.135775e-01
-6.610000e-01 5.755000e-01 -2.310586e-01 4.197079e-01 -6.610000e-01 5.765000e-01 -2.313151e-01 4.198216e-01
1.105000e-01 5.760000e-01 -3.171900e-01 4.135069e-01 1.100000e-01 5.765000e-01 -3.173494e-01 4.134354e-01
1.110000e-01 5.755000e-01 -3.170295e-01 4.135775e-01 1.105000e-01 5.760000e-01 -3.171900e-01 4.135069e-01
-6.610000e-01 5.765000e-01 -2.313151e-01 4.198216e-01 -6.605000e-01 5.770000e-01 -2.311533e-01 4.197505e-01
-6.605000e-01 5.770000e-01 -2.311533e-01 4.197505e-01 -6.600000e-01 5.775000e-01 -2.309924e-01 4.196784e-01
1.100000e-01 5.765000e-01 -3.173494e-01 4.134354e-01 1.100000e-01 5.775000e-01 -3.170917e-01 4.135507e-01
-6.600000e-01 5.775000e-01 -2.309924e-01 4.196784e-01 -6.600000e-01 5.785000e-01 -2.312518e-01 4.197941e-01
1.100000e-01 5.775000e-01 -3.170917e-01 4.135507e-01 1.100000e-01 5.785000e-01 -3.168329e-01 4.136676e-01
-6.600000e-01 5.785000e-01 -2.312518e-01 4.197941e-01 -6.600000e-01 5.795000e-01 -2.315123e-01 4.199115e-01
1.095000e-01 5.790000e-01 -3.169895e-01 4.135971e-01 1.090000e-01 5.795000e-01 -3.171451e-01 4.135256e-01
1.100000e-01 5.785000e-01 -3.168329e-01 4.136676e-01 1.095000e-01 5.790000e-01 -3.169895e-01 4.135971e-01
-6.600000e-01 5.795000e-01 -2.315123e-01 4.199115e-01 -6.600000e-01 5.805000e-01 -2.317736e-01 4.200303e-01
1.090000e-01 5.795000e-01 -3.171451e-01 4.135256e-01 1.090000e-01 5.805000e-01 -3.168836e-01 4.136448e-01
-6.600000e-01 5.805000e-01 -2.317736e-01 4.200303e-01 -6.595000e-01 5.810000e-01 -2.316166e-01 4.199593e-01
-6.595000e-01 5.810000e-01 -2.316166e-01 4.199593e-01 -6.590000e-01 5.815000e-01 -2.314605e-01 4.198874e-01
1.090000e-01 5.805000e-01 -3.168836e-01 4.136448e-01 1.090000e-01 5.815000e-01 -3.166210e-01 4.137656e-01
-6.590000e-01 5.815000e-01 -2.314605e-01 4.198874e-01 -6.590000e-01 5.825000e-01 -2.317247e-01 4.200084e-01
1.090000e-01 5.815000e-01 -3.166210e-01 4.137656e-01 1.090000e-01 5.825000e-01 -3.163576e-01 4.138880e-01
-6.590000e-01 5.825000e-01 -2.317247e-01 4.200084e-01 -6.590000e-01 5.835000e-01 -2.319899e-01 4.201309e-01
1.085000e-01 5.830000e-01 -3.165095e-01 4.138179e-01 1.080000e-01 5.835000e-01 -3.166603e-01 4.137468e-01
1.090000e-01 5.825000e-01 -3.163576e-01 4.138880e-01 1.085000e-01 5.830000e-01 -3.165095e-01 4.138179e-01
-6.590000e-01 5.835000e-01 -2.319899e-01 4.201309e-01 -6.590000e-01 5.845000e-01 -2.322560e-01 4.202550e-01
1.080000e-01 5.835000e-01 -3.166603e-01 4.137468e-01 1.080000e-01 5.845000e-01 -3.163940e-01 4.138716e-01
-6.590000e-01 5.845000e-01 -2.322560e-01 4.202550e-01 -6.585000e-01 5.850000e-01 -2.321036e-01 4.201843e-01
-6.585000e-01 5.850000e-01 -2.321036e-01 4.201843e-01 -6.580000e-01 5.855000e-01 -2.319523e-01 4.201127e-01
1.080000e-01 5.845000e-01 -3.163940e-01 4.138716e-01 1.080000e-01 5.855000e-01 -3.161269e-01 4.139980e-01
-6.580000e-01 5.855000e-01 -2.319523e-01 4.201127e-01 -6.580000e-01 5.865000e-01 -2.322212e-01 4.202390e-01
1.080000e-01 5.855000e-01 -3.161269e-01 4.139980e-01 1.080000e-01 5.865000e-01 -3.158588e-01 4.141261e-01
-6.580000e-01 5.865000e-01 -2.322212e-01 4.202390e-01 -6.580000e-01 5.875000e-01 -2.324910e-01 4.203669e-01
1.075000e-01 5.870000e-01 -3.160060e-01 4.140565e-01 1.070000e-01 5.875000e-01 -3.161520e-01 4.139860e-01
1.080000e-01 5.865000e-01 -3.158588e-01 4.141261e-01 1.075000e-01 5.870000e-01 -3.160060e-01 4.140565e-01
-6.580000e-01 5.875000e-01 -2.324910e-01 4.203669e-01 -6.580000e-01 5.885000e-01 -2.327617e-01 4.204963e-01
1.070000e-01 5.875000e-01 -3.161520e-01 4.139860e-01 1.070000e-01 5.885000e-01 -3.158813e-01 4.141165e-01
-6.580000e-01 5.885000e-01 -2.327617e-01 4.204963e-01 -6.575000e-01 5.890000e-01 -2.326140e-01 4.204261e-01
-6.575000e-01 5.890000e-01 -2.326140e-01 4.204261e-01 -6.570000e-01 5.895000e-01 -2.324675e-01 4.203549e-01
1.070000e-01 5.885000e-01 -3.158813e-01 4.141165e-01 1.070000e-01 5.895000e-01 -3.156096e-01 4.142486e-01
-6.570000e-01 5.895000e-01 -2.324675e-01 4.203549e-01 -6.570000e-01 5.905000e-01 -2.327409e-01 4.204866e-01
1.065000e-01 5.900000e-01 -3.157530e-01 4.141793e-01 1.060000e-01 5.905000e-01 -3.158953e-01 4.141091e-01
1.070000e-01 5.895000e-01 -3.156096e-01 4.142486e-01 1.065000e-01 5.900000e-01 -3.157530e-01 4.141793e-01
-6.570000e-01 5.905000e-01 -2.327409e-01 4.204866e-01 -6.570000e-01 5.915000e-01 -2.330152e-01 4.206200e-01
1.060000e-01 5.905000e-01 -3.158953e-01 4.141091e-01 1.060000e-01 5.915000e-01 -3.156210e-01 4.142437e-01
-6.570000e-01 5.915000e-01 -2.330152e-01 4.206200e-01 -6.570000e-01 5.925000e-01 -2.332903e-01 4.207549e-01
1.060000e-01 5.915000e-01 -3.156210e-01 4.142437e-01 1.060000e-01 5.925000e-01 -3.153458e-01 4.143800e-01
-6.570000e-01 5.925000e-01 -2.332903e-01 4.207549e-01 -6.565000e-01 5.930000e-01 -2.331474e-01 4.206851e-01
-6.565000e-01 5.930000e-01 -2.331474e-01 4.206851e-01 -6.560000e-01 5.935000e-01 -2.330055e-01 4.206145e-01
1.055000e-01 5.930000e-01 -3.154854e-01 4.143110e-01 1.050000e-01 5.935000e-01 -3.156239e-01 4.142411e-01
1.060000e-01 5.925000e-01 -3.153458e-01 4.143800e-01 1.055000e-01 5.930000e-01 -3.154854e-01 4.143110e-01
-6.560000e-01 5.935000e-01 -2.330055e-01 4.206145e-01 -6.560000e-01 5.945000e-01 -2.332833e-01 4.207518e-01
1.050000e-01 5.935000e-01 -3.156239e-01 4.142411e-01 1.050000e-01 5.945000e-01 -3.153461e-01 4.143799e-01
-6.560000e-01 5.945000e-01 -2.332833e-01 4.207518e-01 -6.560000e-01 5.955000e-01 -2.335619e-01 4.208907e-01
1.050000e-01 5.945000e-01 -3.153461e-01 4.143799e-01 1.050000e-01 5.955000e-01 -3.150675e-01 4.145205e-01
-6.560000e-01 5.955000e-01 -2.335619e-01 4.208907e-01 -6.560000e-01 5.965000e-01 -2.338415e-01 4.210313e-01
1.050000e-01 5.955000e-01 -3.150675e-01 4.145205e-01 1.050000e-01 5.965000e-01 -3.147881e-01 4.146627e-01
-6.560000e-01 5.965000e-01 -2.338415e-01 4.210313e-01 -6.555000e-01 5.970000e-01 -2.337031e-01 4.209622e-01
-6.555000e-01 5.970000e-01 -2.337031e-01 4.209622e-01 -6.550000e-01 5.975000e-01 -2.335658e-01 4.208922e-01
1.045000e-01 5.970000e-01 -3.149231e-01 4.145945e-01 1.040000e-01 5.975000e-01 -3.150570e-01 4.145255e-01
1.050000e-01 5.965000e-01 -3.147881e-01 4.146627e-01 1.045000e-01 5.970000e-01 -3.149231e-01 4.145945e-01
-6.550000e-01 5.975000e-01 -2.335658e-01 4.208922e-01 -6.550000e-01 5.985000e-01 -2.338479e-01 4.210351e-01
1.040000e-01 5.975000e-01 -3.150570e-01 4.145255e-01 1.040000e-01 5.985000e-01 -3.147750e-01 4.146703e-01
-6.550000e-01 5.985000e-01 -2.338479e-01 4.210351e-01 -6.550000e-01 5.995000e-01 -2.341308e-01 4.211797e-01
1.040000e-01 5.985000e-01 -3.147750e-01 4.146703e-01 1.040000e-01 5.995000e-01 -3.144923e-01 4.148169e-01
-6.550000e-01 5.995000e-01 -2.341308e-01 4.211797e-01 -6.550000e-01 6.005000e-01 -2.344145e-01 4.213260e-01
1.035000e-01 6.000000e-01 -3.146236e-01 4.147492e-01 1.030000e-01 6.005000e-01 -3.147537e-01 4.146807e-01
1.040000e-01 5.995000e-01 -3.144923e-01 4.148169e-01 1.035000e-01 6.000000e-01 -3.146236e-01 4.147492e-01
-6.550000e-01 6.005000e-01 -2.344145e-01 4.213260e-01 -6.545000e-01 6.010000e-01 -2.342808e-01 4.212576e-01
-6.545000e-01 6.010000e-01 -2.342808e-01 4.212576e-01 -6.540000e-01 6.015000e-01 -2.341481e-01 4.211885e-01
1.030000e-01 6.005000e-01 -3.147537e-01 4.146807e-01 1.030000e-01 6.015000e-01 -3.144685e-01 4.148299e-01
-6.540000e-01 6.015000e-01 -2.341481e-01 4.211885e-01 -6.540000e-01 6.025000e-01 -2.344343e-01 4.213372e-01
1.030000e-01 6.015000e-01 -3.144685e-01 4.148299e-01 1.030000e-01 6.025000e-01 -3.141825e-01 4.149808e-01
-6.540000e-01 6.025000e-01 -2.344343e-01 4.213372e-01 -6.540000e-01 6.035000e-01 -2.347213e-01 4.214875e-01
1.025000e-01 6.030000e-01 -3.143101e-01 4.149137e-01 1.020000e-01 6.035000e-01 -3.144366e-01 4.148458e-01
1.030000e-01 6.025000e-01 -3.141825e-01 4.149808e-01 1.025000e-01 6.030000e-01 -3.143101e-01 4.149137e-01
-6.540000e-01 6.035000e-01 -2.347213e-01 4.214875e-01 -6.535000e-01 6.040000e-01 -2.345912e-01 4.214196e-01
-6.535000e-01 6.040000e-01 -2.345912e-01 4.214196e-01 -6.530000e-01 6.045000e-01 -2.344622e-01 4.213509e-01
1.020000e-01 6.035000e-01 -3.144366e-01 4.148458e-01 1.020000e-01 6.045000e-01 -3.141481e-01 4.149994e-01
-6.530000e-01 6.045000e-01 -2.344622e-01 4.213509e-01 -6.530000e-01 6.055000e-01 -2.347517e-01 4.215038e-01
1.020000e-01 6.045000e-01 -3.141481e-01 4.149994e-01 1.020000e-01 6.055000e-01 -3.138589e-01 4.151547e-01
-6.530000e-01 6.055000e-01 -2.347517e-01 4.215038e-01 -6.530000e-01 6.065000e-01 -2.350420e-01 4.216584e-01
1.015000e-01 6.060000e-01 -3.139829e-01 4.150883e-01 1.010000e-01 6.065000e-01 -3.141057e-01 4.150211e-01
1.020000e-01 6.055000e-01 -3.138589e-01 4.151547e-01 1.015000e-01 6.060000e-01 -3.139829e-01 4.150883e-01
-6.530000e-01 6.065000e-01 -2.350420e-01 4.216584e-01 -6.530000e-01 6.075000e-01 -2.353330e-01 4.218147e-01
1.010000e-01 6.065000e-01 -3.141057e-01 4.150211e-01 1.010000e-01 6.075000e-01 -3.138141e-01 4.151792e-01
-6.530000e-01 6.075000e-01 -2.353330e-01 4.218147e-01 -6.525000e-01 6.080000e-01 -2.352073e-01 4.217478e-01
-6.525000e-01 6.080000e-01 -2.352073e-01 4.217478e-01 -6.520000e-01 6.085000e-01 -2.350828e-01 4.216800e-01
1.010000e-01 6.075000e-01 -3.138141e-01 4.151792e-01 1.010000e-01 6.085000e-01 -3.135218e-01 4.153390e-01
-6.520000e-01 6.085000e-01 -2.350828e-01 4.216800e-01 -6.520000e-01 6.095000e-01 -2.353762e-01 4.218389e-01
1.005000e-01 6.090000e-01 -3.136421e-01 4.152733e-01 1.000000e-01 6.095000e-01 -3.137613e-01 4.152068e-01
1.010000e-01 6.085000e-01 -3.135218e-01 4.153390e-01 1.005000e-01 6.090000e-01 -3.136421e-01 4.152733e-01
-6.520000e-01 6.095000e-01 -2.353762e-01 4.218389e-01 -6.520000e-01 6.105000e-01 -2.356703e-01 4.219994e-01
1.000000e-01 6.095000e-01 -3.137613e-01 4.152068e-01 1.000000e-01 6.105000e-01 -3.134667e-01 4.153694e-01
-6.520000e-01 6.105000e-01 -2.356703e-01 4.219994e-01 -6.515000e-01 6.110000e-01 -2.355483e-01 4.219331e-01
-6.515000e-01 6.110000e-01 -2.355483e-01 4.219331e-01 -6.510000e-01 6.115000e-01 -2.354274e-01 4.218660e-01
1.000000e-01 6.105000e-01 -3.134667e-01 4.153694e-01 1.000000e-01 6.115000e-01 -3.131714e-01 4.155338e-01
-6.510000e-01 6.115000e-01 -2.354274e-01 4.218660e-01 -6.510000e-01 6.125000e-01 -2.357239e-01 4.220292e-01
1.000000e-01 6.115000e-01 -3.131714e-01 4.155338e-01 1.000000e-01 6.125000e-01 -3.128754e-01 4.157000e-01
-6.510000e-01 6.125000e-01 -2.357239e-01 4.220292e-01 -6.510000e-01 6.135000e-01 -2.360210e-01 4.221941e-01
9.950000e-02 6.130000e-01 -3.129914e-01 4.156356e-01 9.900000e-02 6.135000e-01 -3.131061e-01 4.155705e-01
1.000000e-01 6.125000e-01 -3.128754e-01 4.157000e-01 9.950000e-02 6.130000e-01 -3.129914e-01 4.156356e-01
-6.510000e-01 6.135000e-01 -2.360210e-01 4.221941e-01 -6.510000e-01 6.145000e-01 -2.363189e-01 4.223606e-01
9.900000e-02 6.135000e-01 -3.131061e-01 4.155705e-01 9.900000e-02 6.145000e-01 -3.128079e-01 4.157395e-01
-6.510000e-01 6.145000e-01 -2.363189e-01 4.223606e-01 -6.505000e-01 6.150000e-01 -2.362013e-01 4.222955e-01
-6.505000e-01 6.150000e-01 -2.362013e-01 4.222955e-01 -6.500000e-01 6.155000e-01 -2.360848e-01 4.222296e-01
9.900000e-02 6.145000e-01 -3.128079e-01 4.157395e-01 9.900000e-02 6.155000e-01 -3.125090e-01 4.159103e-01
-6.500000e-01 6.155000e-01 -2.360848e-01 4.222296e-01 -6.500000e-01 6.165000e-01 -2.363849e-01 4.223989e-01
9.850000e-02 6.160000e-01 -3.126214e-01 4.158468e-01 9.800000e-02 6.165000e-01 -3.127326e-01 4.157825e-01
9.900000e-02 6.155000e-01 -3.125090e-01 4.159103e-01 9.850000e-02 6.160000e-01 -3.126214e-01 4.158468e-01
-6.500000e-01 6.165000e-01 -2.363849e-01 4.223989e-01 -6.500000e-01 6.175000e-01 -2.366857e-01 4.225699e-01
9.800000e-02 6.165000e-01 -3.127326e-01 4.157825e-01 9.800000e-02 6.175000e-01 -3.124315e-01 4.159562e-01
-6.500000e-01 6.175000e-01 -2.366857e-01 4.225699e-01 -6.495000e-01 6.180000e-01 -2.365716e-01 4.225055e-01
-6.495000e-01 6.180000e-01 -2.365716e-01 4.225055e-01 -6.490000e-01 6.185000e-01 -2.364587e-01 4.224403e-01
9.750000e-02 6.180000e-01 -3.125412e-01 4.158931e-01 9.700000e-02 6.185000e-01 -3.126496e-01 4.158292e-01
9.800000e-02 6.175000e-01 -3.124315e-01 4.159562e-01 9.750000e-02 6.180000e-01 -3.125412e-01 4.158931e-01
-6.490000e-01 6.185000e-01 -2.364587e-01 4.224403e-01 -6.490000e-01 6.195000e-01 -2.367617e-01 4.226141e-01
9.700000e-02 6.185000e-01 -3.126496e-01 4.158292e-01 9.700000e-02 6.195000e-01 -3.123463e-01 4.160059e-01
-6.490000e-01 6.195000e-01 -2.367617e-01 4.226141e-01 -6.490000e-01 6.205000e-01 -2.370653e-01 4.227896e-01
9.700000e-02 6.195000e-01 -3.123463e-01 4.160059e-01 9.700000e-02 6.205000e-01 -3.120425e-01 4.161843e-01
-6.490000e-01 6.205000e-01 -2.370653e-01 4.227896e-01 -6.485000e-01 6.210000e-01 -2.369547e-01 4.227260e-01
-6.485000e-01 6.210000e-01 -2.369547e-01 4.227260e-01 -6.480000e-01 6.215000e-01 -2.368453e-01 4.226617e-01
9.650000e-02 6.210000e-01 -3.121487e-01 4.161222e-01 9.600000e-02 6.215000e-01 -3.122536e-01 4.160593e-01
9.700000e-02 6.205000e-01 -3.120425e-01 4.161843e-01 9.650000e-02 6.210000e-01 -3.121487e-01 4.161222e-01
-6.480000e-01 6.215000e-01 -2.368453e-01 4.226617e-01 -6.480000e-01 6.225000e-01 -2.371511e-01 4.228400e-01
9.600000e-02 6.215000e-01 -3.122536e-01 4.160593e-01 9.600000e-02 6.225000e-01 -3.119476e-01 4.162407e-01
-6.480000e-01 6.225000e-01 -2.371511e-01 4.228400e-01 -6.480000e-01 6.235000e-01 -2.374576e-01 4.230200e-01
9.600000e-02 6.225000e-01 -3.119476e-01 4.162407e-01 9.600000e-02 6.235000e-01 -3.116411e-01 4.164239e-01
-6.480000e-01 6.235000e-01 -2.374576e-01 4.230200e-01 -6.475000e-01 6.240000e-01 -2.373505e-01 4.229573e-01
-6.475000e-01 6.240000e-01 -2.373505e-01 4.229573e-01 -6.470000e-01 6.245000e-01 -2.372445e-01 4.228939e-01
9.550000e-02 6.240000e-01 -3.117438e-01 4.163629e-01 9.500000e-02 6.245000e-01 -3.118453e-01 4.163011e-01
9.600000e-02 6.235000e-01 -3.116411e-01 4.164239e-01 9.550000e-02 6.240000e-01 -3.117438e-01 4.163629e-01
-6.470000e-01 6.245000e-01 -2.372445e-01 4.228939e-01 -6.470000e-01 6.255000e-01 -2.375531e-01 4.230768e-01
9.500000e-02 6.245000e-01 -3.118453e-01 4.163011e-01 9.500000e-02 6.255000e-01 -3.115367e-01 4.164873e-01
-6.470000e-01 6.255000e-01 -2.375531e-01 4.230768e-01 -6.470000e-01 6.265000e-01 -2.378622e-01 4.232614e-01
9.500000e-02 6.255000e-01 -3.115367e-01 4.164873e-01 9.500000e-02 6.265000e-01 -3.112275e-01 4.166754e-01
-6.470000e-01 6.265000e-01 -2.378622e-01 4.232614e-01 -6.465000e-01 6.270000e-01 -2.377586e-01 4.231997e-01
-6.465000e-01 6.270000e-01 -2.377586e-01 4.231997e-01 -6.460000e-01 6.275000e-01 -2.376561e-01 4.231373e-01
9.450000e-02 6.270000e-01 -3.113268e-01 4.166154e-01 9.400000e-02 6.275000e-01 -3.114249e-01 4.165548e-01
9.500000e-02 6.265000e-01 -3.112275e-01 4.166754e-01 9.450000e-02 6.270000e-01 -3.113268e-01 4.166154e-01
-6.460000e-01 6.275000e-01 -2.376561e-01 4.231373e-01 -6.460000e-01 6.285000e-01 -2.379673e-01 4.233248e-01
9.400000e-02 6.275000e-01 -3.114249e-01 4.165548e-01 9.400000e-02 6.285000e-01 -3.111137e-01 4.167459e-01
-6.460000e-01 6.285000e-01 -2.379673e-01 4.233248e-01 -6.460000e-01 6.295000e-01 -2.382790e-01 4.235140e-01
9.400000e-02 6.285000e-01 -3.111137e-01 4.167459e-01 9.400000e-02 6.295000e-01 -3.108020e-01 4.169388e-01
-6.460000e-01 6.295000e-01 -2.382790e-01 4.235140e-01 -6.455000e-01 6.300000e-01 -2.381788e-01 4.234533e-01
-6.455000e-01 6.300000e-01 -2.381788e-01 4.234533e-01 -6.450000e-01 6.305000e-01 -2.380797e-01 4.233919e-01
9.350000e-02 6.300000e-01 -3.108979e-01 4.168801e-01 9.300000e-02 6.305000e-01 -3.109926e-01 4.168206e-01
9.400000e-02 6.295000e-01 -3.108020e-01 4.169388e-01 9.350000e-02 6.300000e-01 -3.108979e-01 4.168801e-01
-6.450000e-01 6.305000e-01 -2.380797e-01 4.233919e-01 -6.450000e-01 6.315000e-01 -2.383935e-01 4.235841e-01
9.300000e-02 6.305000e-01 -3.109926e-01 4.168206e-01 9.300000e-02 6.315000e-01 -3.106790e-01 4.170167e-01
-6.450000e-01 6.315000e-01 -2.383935e-01 4.235841e-01 -6.450000e-01 6.325000e-01 -2.387078e-01 4.237780e-01
9.250000e-02 6.320000e-01 -3.107722e-01 4.169585e-01 9.200000e-02 6.325000e-01 -3.108643e-01 4.168997e-01
9.300000e-02 6.315000e-01 -3.106790e-01 4.170167e-01 9.250000e-02 6.320000e-01 -3.107722e-01 4.169585e-01
-6.450000e-01 6.325000e-01 -2.387078e-01 4.237780e-01 -6.445000e-01 6.330000e-01 -2.386109e-01 4.237185e-01
-6.445000e-01 6.330000e-01 -2.386109e-01 4.237185e-01 -6.440000e-01 6.335000e-01 -2.385152e-01 4.236582e-01
9.200000e-02 6.325000e-01 -3.108643e-01 4.168997e-01 9.200000e-02 6.335000e-01 -3.105488e-01 4.170989e-01
-6.440000e-01 6.335000e-01 -2.385152e-01 4.236582e-01 -6.440000e-01 6.345000e-01 -2.388315e-01 4.238551e-01
9.200000e-02 6.335000e-01 -3.105488e-01 4.170989e-01 9.200000e-02 6.345000e-01 -3.102328e-01 4.172999e-01
-6.440000e-01 6.345000e-01 -2.388315e-01 4.238551e-01 -6.440000e-01 6.355000e-01 -2.391482e-01 4.240537e-01
9.150000e-02 6.350000e-01 -3.103227e-01 4.172431e-01 9.100000e-02 6.355000e-01 -3.104114e-01 4.171856e-01
9.200000e-02 6.345000e-01 -3.102328e-01 4.172999e-01 9.150000e-02 6.350000e-01 -3.103227e-01 4.172431e-01
-6.440000e-01 6.355000e-01 -2.391482e-01 4.240537e-01 -6.435000e-01 6.360000e-01 -2.390546e-01 4.239953e-01
-6.435000e-01 6.360000e-01 -2.390546e-01 4.239953e-01 -6.430000e-01 6.365000e-01 -2.389623e-01 4.239362e-01
9.100000e-02 6.355000e-01 -3.104114e-01 4.171856e-01 9.100000e-02 6.365000e-01 -3.100936e-01 4.173897e-01
-6.430000e-01 6.365000e-01 -2.389623e-01 4.239362e-01 -6.430000e-01 6.375000e-01 -2.392810e-01 4.241379e-01
9.100000e-02 6.365000e-01 -3.100936e-01 4.173897e-01 9.100000e-02 6.375000e-01 -3.097753e-01 4.175958e-01
-6.430000e-01 6.375000e-01 -2.392810e-01 4.241379e-01 -6.430000e-01 6.385000e-01 -2.396001e-01 4.243413e-01
9.050000e-02 6.380000e-01 -3.098620e-01 4.175403e-01 9.000000e-02 6.385000e-01 -3.099474e-01 4.174842e-01
9.100000e-02 6.375000e-01 -3.097753e-01 4.175958e-01 9.050000e-02 6.380000e-01 -3.098620e-01 4.175403e-01
-6.430000e-01 6.385000e-01 -2.396001e-01 4.243413e-01 -6.425000e-01 6.390000e-01 -2.395098e-01 4.242841e-01
-6.425000e-01 6.390000e-01 -2.395098e-01 4.242841e-01 -6.420000e-01 6.395000e-01 -2.394208e-01 4.242262e-01
9.000000e-02 6.385000e-01 -3.099474e-01 4.174842e-01 9.000000e-02 6.395000e-01 -3.096273e-01 4.176934e-01
-6.420000e-01 6.395000e-01 -2.394208e-01 4.242262e-01 -6.420000e-01 6.405000e-01 -2.397418e-01 4.244327e-01
8.950000e-02 6.400000e-01 -3.097114e-01 4.176387e-01 8.900000e-02 6.405000e-01 -3.097943e-01 4.175833e-01
9.000000e-02 6.395000e-01 -3.096273e-01 4.176934e-01 8.950000e-02 6.400000e-01 -3.097114e-01 4.176387e-01
-6.420000e-01 6.405000e-01 -2.397418e-01 4.244327e-01 -6.420000e-01 6.415000e-01 -2.400632e-01 4.246410e-01
8.900000e-02 6.405000e-01 -3.097943e-01 4.175833e-01 8.900000e-02 6.415000e-01 -3.094724e-01 4.177958e-01
-6.420000e-01 6.415000e-01 -2.400632e-01 4.246410e-01 -6.415000e-01 6.420000e-01 -2.399762e-01 4.245850e-01
-6.415000e-01 6.420000e-01 -2.399762e-01 4.245850e-01 -6.410000e-01 6.425000e-01 -2.398904e-01 4.245284e-01
8.900000e-02 6.415000e-01 -3.094724e-01 4.177958e-01 8.900000e-02 6.425000e-01 -3.091502e-01 4.180101e-01
-6.410000e-01 6.425000e-01 -2.398904e-01 4.245284e-01 -6.410000e-01 6.435000e-01 -2.402137e-01 4.247398e-01
8.850000e-02 6.430000e-01 -3.092311e-01 4.179568e-01 8.800000e-02 6.435000e-01 -3.093107e-01 4.179029e-01
8.900000e-02 6.425000e-01 -3.091502e-01 4.180101e-01 8.850000e-02 6.430000e-01 -3.092311e-01 4.179568e-01
-6.410000e-01 6.435000e-01 -2.402137e-01 4.247398e-01 -6.410000e-01 6.445000e-01 -2.405373e-01 4.249529e-01
8.800000e-02 6.435000e-01 -3.093107e-01 4.179029e-01 8.800000e-02 6.445000e-01 -3.089868e-01 4.181205e-01
-6.410000e-01 6.445000e-01 -2.405373e-01 4.249529e-01 -6.405000e-01 6.450000e-01 -2.404535e-01 4.248983e-01
-6.405000e-01 6.450000e-01 -2.404535e-01 4.248983e-01 -6.400000e-01 6.455000e-01 -2.403709e-01 4.248431e-01
8.750000e-02 6.450000e-01 -3.090652e-01 4.180681e-01 8.700000e-02 6.455000e-01 -3.091423e-01 4.180150e-01
8.800000e-02 6.445000e-01 -3.089868e-01 4.181205e-01 8.750000e-02 6.450000e-01 -3.090652e-01 4.180681e-01
-6.400000e-01 6.455000e-01 -2.403709e-01 4.248431e-01 -6.400000e-01 6.465000e-01 -2.406963e-01 4.250593e-01
8.700000e-02 6.455000e-01 -3.091423e-01 4.180150e-01 8.700000e-02 6.465000e-01 -3.088167e-01 4.182359e-01
-6.400000e-01 6.465000e-01 -2.406963e-01 4.250593e-01 -6.400000e-01 6.475000e-01 -2.410221e-01 4.252774e-01
8.700000e-02 6.465000e-01 -3.088167e-01 4.182359e-01 8.700000e-02 6.475000e-01 -3.084908e-01 4.184586e-01
-6.400000e-01 6.475000e-01 -2.410221e-01 4.252774e-01 -6.395000e-01 6.480000e-01 -2.409415e-01 4.252242e-01
-6.395000e-01 6.480000e-01 -2.409415e-01 4.252242e-01 -6.390000e-01 6.485000e-01 -2.408621e-01 4.251703e-01
8.650000e-02 6.480000e-01 -3.085660e-01 4.184077e-01 8.600000e-02 6.485000e-01 -3.086400e-01 4.183563e-01
8.700000e-02 6.475000e-01 -3.084908e-01 4.184586e-01 8.650000e-02 6.480000e-01 -3.085660e-01 4.184077e-01
-6.390000e-01 6.485000e-01 -2.408621e-01 4.251703e-01 -6.390000e-01 6.495000e-01 -2.411895e-01 4.253915e-01
8.600000e-02 6.485000e-01 -3.086400e-01 4.183563e-01 8.600000e-02 6.495000e-01 -3.083125e-01 4.185823e-01
-6.390000e-01 6.495000e-01 -2.411895e-01 4.253915e-01 -6.385000e-01 6.500000e-01 -2.411114e-01 4.253391e-01
-6.385000e-01 6.500000e-01 -2.411114e-01 4.253391e-01 -6.380000e-01 6.505000e-01 -2.410345e-01 4.252860e-01
8.550000e-02 6.500000e-01 -3.083853e-01 4.185324e-01 8.500000e-02 6.505000e-01 -3.084568e-01 4.184818e-01
8.600000e-02 6.495000e-01 -3.083125e-01 4.185823e-01 8.550000e-02 6.500000e-01 -3.083853e-01 4.185324e-01
-6.380000e-01 6.505000e-01 -2.410345e-01 4.252860e-01 -6.380000e-01 6.515000e-01 -2.413636e-01 4.255104e-01
8.500000e-02 6.505000e-01 -3.084568e-01 4.184818e-01 8.500000e-02 6.515000e-01 -3.081277e-01 4.187112e-01
-6.380000e-01 6.515000e-01 -2.413636e-01 4.255104e-01 -6.380000e-01 6.525000e-01 -2.416931e-01 4.257366e-01
8.500000e-02 6.515000e-01 -3.081277e-01 4.187112e-01 8.500000e-02 6.525000e-01 -3.077983e-01 4.189425e-01
-6.380000e-01 6.525000e-01 -2.416931e-01 4.257366e-01 -6.375000e-01 6.530000e-01 -2.416180e-01 4.256856e-01
-6.375000e-01 6.530000e-01 -2.416180e-01 4.256856e-01 -6.370000e-01 6.535000e-01 -2.415442e-01 4.256341e-01
8.450000e-02 6.530000e-01 -3.078680e-01 4.188942e-01 8.400000e-02 6.535000e-01 -3.079365e-01 4.188453e-01
8.500000e-02 6.525000e-01 -3.077983e-01 4.189425e-01 8.450000e-02 6.530000e-01 -3.078680e-01 4.188942e-01
-6.370000e-01 6.535000e-01 -2.415442e-01 4.256341e-01 -6.370000e-01 6.545000e-01 -2.418753e-01 4.258635e-01
8.400000e-02 6.535000e-01 -3.079365e-01 4.188453e-01 8.400000e-02 6.545000e-01 -3.076056e-01 4.190800e-01
-6.370000e-01 6.545000e-01 -2.418753e-01 4.258635e-01 -6.365000e-01 6.550000e-01 -2.418027e-01 4.258134e-01
-6.365000e-01 6.550000e-01 -2.418027e-01 4.258134e-01 -6.360000e-01 6.555000e-01 -2.417313e-01 4.257627e-01
8.350000e-02 6.550000e-01 -3.076729e-01 4.190326e-01 8.300000e-02 6.555000e-01 -3.077389e-01 4.189847e-01
8.400000e-02 6.545000e-01 -3.076056e-01 4.190800e-01 8.350000e-02 6.550000e-01 -3.076729e-01 4.190326e-01
-6.360000e-01 6.555000e-01 -2.417313e-01 4.257627e-01 -6.360000e-01 6.565000e-01 -2.420639e-01 4.259953e-01
8.300000e-02 6.555000e-01 -3.077389e-01 4.189847e-01 8.300000e-02 6.565000e-01 -3.074066e-01 4.192228e-01
-6.360000e-01 6.565000e-01 -2.420639e-01 4.259953e-01 -6.360000e-01 6.575000e-01 -2.423969e-01 4.262297e-01
8.300000e-02 6.565000e-01 -3.074066e-01 4.192228e-01 8.300000e-02 6.575000e-01 -3.070740e-01 4.194627e-01
-6.360000e-01 6.575000e-01 -2.423969e-01 4.262297e-01 -6.355000e-01 6.580000e-01 -2.423273e-01 4.261812e-01
-6.355000e-01 6.580000e-01 -2.423273e-01 4.261812e-01 -6.350000e-01 6.585000e-01 -2.422589e-01 4.261321e-01
8.250000e-02 6.580000e-01 -3.071383e-01 4.194172e-01 8.200000e-02 6.585000e-01 -3.072013e-01 4.193711e-01
8.300000e-02 6.575000e-01 -3.070740e-01 4.194627e-01 8.250000e-02 6.580000e-01 -3.071383e-01 4.194172e-01
-6.350000e-01 6.585000e-01 -2.422589e-01 4.261321e-01 -6.350000e-01 6.595000e-01 -2.425934e-01 4.263698e-01
8.200000e-02 6.585000e-01 -3.072013e-01 4.193711e-01 8.200000e-02 6.595000e-01 -3.068674e-01 4.196144e-01
-6.350000e-01 6.595000e-01 -2.425934e-01 4.263698e-01 -6.350000e-01 6.605000e-01 -2.429280e-01 4.266093e-01
8.150000e-02 6.600000e-01 -3.069293e-01 4.195699e-01 8.100000e-02 6.605000e-01 -3.069900e-01 4.195249e-01
8.200000e-02 6.595000e-01 -3.068674e-01 4.196144e-01 8.150000e-02 6.600000e-01 -3.069293e-01 4.195699e-01
-6.350000e-01 6.605000e-01 -2.429280e-01 4.266093e-01 -6.345000e-01 6.610000e-01 -2.428614e-01 4.265625e-01
-6.345000e-01 6.610000e-01 -2.428614e-01 4.265625e-01 -6.340000e-01 6.615000e-01 -2.427961e-01 4.265151e-01
8.100000e-02 6.605000e-01 -3.069900e-01 4.195249e-01 8.100000e-02 6.615000e-01 -3.066547e-01 4.197717e-01
-6.340000e-01 6.615000e-01 -2.427961e-01 4.265151e-01 -6.340000e-01 6.625000e-01 -2.431322e-01 4.267578e-01
8.050000e-02 6.620000e-01 -3.067142e-01 4.197282e-01 8.000000e-02 6.625000e-01 -3.067725e-01 4.196843e-01
8.100000e-02 6.615000e-01 -3.066547e-01 4.197717e-01 8.050000e-02 6.620000e-01 -3.067142e-01 4.197282e-01
-6.340000e-01 6.625000e-01 -2.431322e-01 4.267578e-01 -6.335000e-01 6.630000e-01 -2.430680e-01 4.267120e-01
-6.335000e-01 6.630000e-01 -2.430680e-01 4.267120e-01 -6.330000e-01 6.635000e-01 -2.430050e-01 4.266655e-01
8.000000e-02 6.625000e-01 -3.067725e-01 4.196843e-01 8.000000e-02 6.635000e-01 -3.064359e-01 4.199346e-01
-6.330000e-01 6.635000e-01 -2.430050e-01 4.266655e-01 -6.330000e-01 6.645000e-01 -2.433425e-01 4.269116e-01
7.950000e-02 6.640000e-01 -3.064931e-01 4.198922e-01 7.900000e-02 6.645000e-01 -3.065491e-01 4.198494e-01
8.000000e-02 6.635000e-01 -3.064359e-01 4.199346e-01 7.950000e-02 6.640000e-01 -3.064931e-01 4.198922e-01
-6.330000e-01 6.645000e-01 -2.433425e-01 4.269116e-01 -6.325000e-01 6.650000e-01 -2.432807e-01 4.268667e-01
-6.325000e-01 6.650000e-01 -2.432807e-01 4.268667e-01 -6.320000e-01 6.655000e-01 -2.432200e-01 4.268212e-01
7.900000e-02 6.645000e-01 -3.065491e-01 4.198494e-01 7.900000e-02 6.655000e-01 -3.062112e-01 4.201031e-01
-6.320000e-01 6.655000e-01 -2.432200e-01 4.268212e-01 -6.320000e-01 6.665000e-01 -2.435589e-01 4.270707e-01
7.900000e-02 6.655000e-01 -3.062112e-01 4.201031e-01 7.900000e-02 6.665000e-01 -3.058732e-01 4.203588e-01
-6.320000e-01 6.665000e-01 -2.435589e-01 4.270707e-01 -6.320000e-01 6.675000e-01 -2.438979e-01 4.273219e-01
7.850000e-02 6.670000e-01 -3.059275e-01 4.203184e-01 7.800000e-02 6.675000e-01 -3.059807e-01 4.202775e-01
7.900000e-02 6.665000e-01 -3.058732e-01 4.203588e-01 7.850000e-02 6.670000e-01 -3.059275e-01 4.203184e-01
-6.320000e-01 6.675000e-01 -2.438979e-01 4.273219e-01 -6.315000e-01 6.680000e-01 -2.438390e-01 4.272788e-01
-6.315000e-01 6.680000e-01 -2.438390e-01 4.272788e-01 -6.310000e-01 6.685000e-01 -2.437812e-01 4.272352e-01
7.800000e-02 6.675000e-01 -3.059807e-01 4.202775e-01 7.800000e-02 6.685000e-01 -3.056414e-01 4.205367e-01
-6.310000e-01 6.685000e-01 -2.437812e-01 4.272352e-01 -6.310000e-01 6.695000e-01 -2.441216e-01 4.274898e-01
7.750000e-02 6.690000e-01 -3.056936e-01 4.204975e-01 7.700000e-02 6.695000e-01 -3.057444e-01 4.204578e-01
7.800000e-02 6.685000e-01 -3.056414e-01 4.205367e-01 7.750000e-02 6.690000e-01 -3.056936e-01 4.204975e-01
-6.310000e-01 6.695000e-01 -2.441216e-01 4.274898e-01 -6.305000e-01 6.700000e-01 -2.440649e-01 4.274477e-01
-6.305000e-01 6.700000e-01 -2.440649e-01 4.274477e-01 -6.300000e-01 6.705000e-01 -2.440094e-01 4.274051e-01
7.700000e-02 6.695000e-01 -3.057444e-01 4.204578e-01 7.700000e-02 6.705000e-01 -3.054040e-01 4.207205e-01
-6.300000e-01 6.705000e-01 -2.440094e-01 4.274051e-01 -6.300000e-01 6.715000e-01 -2.443510e-01 4.276631e-01
7.650000e-02 6.710000e-01 -3.054538e-01 4.206825e-01 7.600000e-02 6.715000e-01 -3.055024e-01 4.206440e-01
7.700000e-02 6.705000e-01 -3.054040e-01 4.207205e-01 7.650000e-02 6.710000e-01 -3.054538e-01 4.206825e-01
-6.300000e-01 6.715000e-01 -2.443510e-01 4.276631e-01 -6.300000e-01 6.725000e-01 -2.446928e-01 4.279229e-01
7.600000e-02 6.715000e-01 -3.055024e-01 4.206440e-01 7.600000e-02 6.725000e-01 -3.051609e-01 4.209102e-01
-6.300000e-01 6.725000e-01 -2.446928e-01 4.279229e-01 -6.295000e-01 6.730000e-01 -2.446389e-01 4.278827e-01
-6.295000e-01 6.730000e-01 -2.446389e-01 4.278827e-01 -6.290000e-01 6.735000e-01 -2.445863e-01 4.278420e-01
7.550000e-02 6.730000e-01 -3.052085e-01 4.208734e-01 7.500000e-02 6.735000e-01 -3.052549e-01 4.208362e-01
7.600000e-02 6.725000e-01 -3.051609e-01 4.209102e-01 7.550000e-02 6.730000e-01 -3.052085e-01 4.208734e-01
-6.290000e-01 6.735000e-01 -2.445863e-01 4.278420e-01 -6.290000e-01 6.745000e-01 -2.449293e-01 4.281052e-01
7.500000e-02 6.735000e-01 -3.052549e-01 4.208362e-01 7.500000e-02 6.745000e-01 -3.049123e-01 4.211060e-01
-6.290000e-01 6.745000e-01 -2.449293e-01 4.281052e-01 -6.285000e-01 6.750000e-01 -2.448776e-01 4.280662e-01
-6.285000e-01 6.750000e-01 -2.448776e-01 4.280662e-01 -6.280000e-01 6.755000e-01 -2.448272e-01 4.280266e-01
7.450000e-02 6.750000e-01 -3.049577e-01 4.210705e-01 7.400000e-02 6.755000e-01 -3.050019e-01 4.210345e-01
7.500000e-02 6.745000e-01 -3.049123e-01 4.211060e-01 7.450000e-02 6.750000e-01 -3.049577e-01 4.210705e-01
-6.280000e-01 6.755000e-01 -2.448272e-01 4.280266e-01 -6.280000e-01 6.765000e-01 -2.451713e-01 4.282933e-01
7.400000e-02 6.755000e-01 -3.050019e-01 4.210345e-01 7.400000e-02 6.765000e-01 -3.046582e-01 4.213079e-01
-6.280000e-01 6.765000e-01 -2.451713e-01 4.282933e-01 -6.275000e-01 6.770000e-01 -2.451219e-01 4.282553e-01
-6.275000e-01 6.770000e-01 -2.451219e-01 4.282553e-01 -6.270000e-01 6.775000e-01 -2.450738e-01 4.282169e-01
7.400000e-02 6.765000e-01 -3.046582e-01 4.213079e-01 7.400000e-02 6.775000e-01 -3.043145e-01 4.215832e-01
-6.270000e-01 6.775000e-01 -2.450738e-01 4.282169e-01 -6.270000e-01 6.785000e-01 -2.454190e-01 4.284870e-01
7.350000e-02 6.780000e-01 -3.043573e-01 4.215498e-01 7.300000e-02 6.785000e-01 -3.043987e-01 4.215160e-01
7.400000e-02 6.775000e-01 -3.043145e-01 4.215832e-01 7.350000e-02 6.780000e-01 -3.043573e-01 4.215498e-01
-6.270000e-01 6.785000e-01 -2.454190e-01 4.284870e-01 -6.270000e-01 6.795000e-01 -2.457643e-01 4.287589e-01
7.300000e-02 6.785000e-01 -3.043987e-01 4.215160e-01 7.300000e-02 6.795000e-01 -3.040540e-01 4.217949e-01
-6.270000e-01 6.795000e-01 -2.457643e-01 4.287589e-01 -6.265000e-01 6.800000e-01 -2.457176e-01 4.287230e-01
-6.265000e-01 6.800000e-01 -2.457176e-01 4.287230e-01 -6.260000e-01 6.805000e-01 -2.456721e-01 4.286866e-01
7.250000e-02 6.800000e-01 -3.040947e-01 4.217629e-01 7.200000e-02 6.805000e-01 -3.041340e-01 4.217304e-01
7.300000e-02 6.795000e-01 -3.040540e-01 4.217949e-01 7.250000e-02 6.800000e-01 -3.040947e-01 4.217629e-01
-6.260000e-01 6.805000e-01 -2.456721e-01 4.286866e-01 -6.260000e-01 6.815000e-01 -2.460185e-01 4.289620e-01
7.200000e-02 6.805000e-01 -3.041340e-01 4.217304e-01 7.200000e-02 6.815000e-01 -3.037884e-01 4.220129e-01
-6.260000e-01 6.815000e-01 -2.460185e-01 4.289620e-01 -6.255000e-01 6.820000e-01 -2.459739e-01 4.289273e-01
-6.255000e-01 6.820000e-01 -2.459739e-01 4.289273e-01 -6.250000e-01 6.825000e-01 -2.459306e-01 4.288921e-01
7.150000e-02 6.820000e-01 -3.038269e-01 4.219822e-01 7.100000e-02 6.825000e-01 -3.038641e-01 4.219511e-01
7.200000e-02 6.815000e-01 -3.037884e-01 4.220129e-01 7.150000e-02 6.820000e-01 -3.038269e-01 4.219822e-01
-6.250000e-01 6.825000e-01 -2.459306e-01 4.288921e-01 -6.250000e-01 6.835000e-01 -2.462780e-01 4.291710e-01
7.100000e-02 6.825000e-01 -3.038641e-01 4.219511e-01 7.100000e-02 6.835000e-01 -3.035176e-01 4.222372e-01
-6.250000e-01 6.835000e-01 -2.462780e-01 4.291710e-01 -6.245000e-01 6.840000e-01 -2.462356e-01 4.291375e-01
-6.245000e-01 6.840000e-01 -2.462356e-01 4.291375e-01 -6.240000e-01 6.845000e-01 -2.461944e-01 4.291036e-01
7.050000e-02 6.840000e-01 -3.035540e-01 4.222079e-01 7.000000e-02 6.845000e-01 -3.035892e-01 4.221782e-01
7.100000e-02 6.835000e-01 -3.035176e-01 4.222372e-01 7.050000e-02 6.840000e-01 -3.035540e-01 4.222079e-01
-6.240000e-01 6.845000e-01 -2.461944e-01 4.291036e-01 -6.240000e-01 6.855000e-01 -2.465428e-01 4.293859e-01
7.000000e-02 6.845000e-01 -3.035892e-01 4.221782e-01 7.000000e-02 6.855000e-01 -3.032418e-01 4.224680e-01
-6.240000e-01 6.855000e-01 -2.465428e-01 4.293859e-01 -6.235000e-01 6.860000e-01 -2.465025e-01 4.293538e-01
-6.235000e-01 6.860000e-01 -2.465025e-01 4.293538e-01 -6.230000e-01 6.865000e-01 -2.464635e-01 4.293212e-01
6.950000e-02 6.860000e-01 -3.032761e-01 4.224401e-01 6.900000e-02 6.865000e-01 -3.033091e-01 4.224118e-01
7.000000e-02 6.855000e-01 -3.032418e-01 4.224680e-01 6.950000e-02 6.860000e-01 -3.032761e-01 4.224401e-01
-6.230000e-01 6.865000e-01 -2.464635e-01 4.293212e-01 -6.230000e-01 6.875000e-01 -2.468127e-01 4.296070e-01
6.900000e-02 6.865000e-01 -3.033091e-01 4.224118e-01 6.900000e-02 6.875000e-01 -3.029610e-01 4.227052e-01
-6.230000e-01 6.875000e-01 -2.468127e-01 4.296070e-01 -6.225000e-01 6.880000e-01 -2.467746e-01 4.295761e-01
-6.225000e-01 6.880000e-01 -2.467746e-01 4.295761e-01 -6.220000e-01 6.885000e-01 -2.467376e-01 4.295448e-01
6.850000e-02 6.880000e-01 -3.029933e-01 4.226787e-01 6.800000e-02 6.885000e-01 -3.030243e-01 4.226519e-01
6.900000e-02 6.875000e-01 -3.029610e-01 4.227052e-01 6.850000e-02 6.880000e-01 -3.029933e-01 4.226787e-01
-6.220000e-01 6.885000e-01 -2.467376e-01 4.295448e-01 -6.220000e-01 6.895000e-01 -2.470878e-01 4.298342e-01
6.800000e-02 6.885000e-01 -3.030243e-01 4.226519e-01 6.800000e-02 6.895000e-01 -3.026753e-01 4.229490e-01
-6.220000e-01 6.895000e-01 -2.470878e-01 4.298342e-01 -6.215000e-01 6.900000e-01 -2.470517e-01 4.298046e-01
-6.215000e-01 6.900000e-01 -2.470517e-01 4.298046e-01 -6.210000e-01 6.905000e-01 -2.470168e-01 4.297747e-01
6.750000e-02 6.900000e-01 -3.027056e-01 4.229239e-01 6.700000e-02 6.905000e-01 -3.027345e-01 4.228986e-01
6.800000e-02 6.895000e-01 -3.026753e-01 4.229490e-01 6.750000e-02 6.900000e-01 -3.027056e-01 4.229239e-01
-6.210000e-01 6.905000e-01 -2.470168e-01 4.297747e-01 -6.210000e-01 6.915000e-01 -2.473678e-01 4.300675e-01
6.700000e-02 6.905000e-01 -3.027345e-01 4.228986e-01 6.700000e-02 6.915000e-01 -3.023849e-01 4.231993e-01
-6.210000e-01 6.915000e-01 -2.473678e-01 4.300675e-01 -6.205000e-01 6.920000e-01 -2.473337e-01 4.300394e-01
-6.205000e-01 6.920000e-01 -2.473337e-01 4.300394e-01 -6.200000e-01 6.925000e-01 -2.473009e-01 4.300108e-01
6.650000e-02 6.920000e-01 -3.024131e-01 4.231758e-01 6.600000e-02 6.925000e-01 -3.024401e-01 4.231520e-01
6.700000e-02 6.915000e-01 -3.023849e-01 4.231993e-01 6.650000e-02 6.920000e-01 -3.024131e-01 4.231758e-01
-6.200000e-01 6.925000e-01 -2.473009e-01 4.300108e-01 -6.200000e-01 6.935000e-01 -2.476528e-01 4.303072e-01
6.600000e-02 6.925000e-01 -3.024401e-01 4.231520e-01 6.600000e-02 6.935000e-01 -3.020898e-01 4.234564e-01
-6.200000e-01 6.935000e-01 -2.476528e-01 4.303072e-01 -6.200000e-01 6.945000e-01 -2.480046e-01 4.306054e-01
6.550000e-02 6.940000e-01 -3.021161e-01 4.234344e-01 6.500000e-02 6.945000e-01 -3.021410e-01 4.234121e-01
6.600000e-02 6.935000e-01 -3.020898e-01 4.234564e-01 6.550000e-02 6.940000e-01 -3.021161e-01 4.234344e-01
-6.200000e-01 6.945000e-01 -2.480046e-01 4.306054e-01 -6.195000e-01 6.950000e-01 -2.479729e-01 4.305795e-01
-6.195000e-01 6.950000e-01 -2.479729e-01 4.305795e-01 -6.190000e-01 6.955000e-01 -2.479425e-01 4.305532e-01
6.500000e-02 6.945000e-01 -3.021410e-01 4.234121e-01 6.500000e-02 6.955000e-01 -3.017901e-01 4.237202e-01
-6.190000e-01 6.955000e-01 -2.479425e-01 4.305532e-01 -6.190000e-01 6.965000e-01 -2.482951e-01 4.308550e-01
6.450000e-02 6.960000e-01 -3.018144e-01 4.236997e-01 6.400000e-02 6.965000e-01 -3.018375e-01 4.236789e-01
6.500000e-02 6.955000e-01 -3.017901e-01 4.237202e-01 6.450000e-02 6.960000e-01 -3.018144e-01 4.236997e-01
-6.190000e-01 6.965000e-01 -2.482951e-01 4.308550e-01 -6.185000e-01 6.970000e-01 -2.482655e-01 4.308305e-01
-6.185000e-01 6.970000e-01 -2.482655e-01 4.308305e-01 -6.180000e-01 6.975000e-01 -2.482370e-01 4.308056e-01
6.400000e-02 6.965000e-01 -3.018375e-01 4.236789e-01 6.400000e-02 6.975000e-01 -3.014859e-01 4.239908e-01
-6.180000e-01 6.975000e-01 -2.482370e-01 4.308056e-01 -6.180000e-01 6.985000e-01 -2.485903e-01 4.311109e-01
6.350000e-02 6.980000e-01 -3.015083e-01 4.239719e-01 6.300000e-02 6.985000e-01 -3.015294e-01 4.239527e-01
6.400000e-02 6.975000e-01 -3.014859e-01 4.239908e-01 6.350000e-02 6.980000e-01 -3.015083e-01 4.239719e-01
-6.180000e-01 6.985000e-01 -2.485903e-01 4.311109e-01 -6.175000e-01 6.990000e-01 -2.485626e-01 4.310879e-01
-6.175000e-01 6.990000e-01 -2.485626e-01 4.310879e-01 -6.170000e-01 6.995000e-01 -2.485361e-01 4.310644e-01
6.250000e-02 6.990000e-01 -3.015502e-01 4.239344e-01 6.200000e-02 6.995000e-01 -3.015697e-01 4.239158e-01
6.300000e-02 6.985000e-01 -3.015294e-01 4.239527e-01 6.250000e-02 6.990000e-01 -3.015502e-01 4.239344e-01
-6.170000e-01 6.995000e-01 -2.485361e-01 4.310644e-01 -6.170000e-01 7.005000e-01 -2.488901e-01 4.313733e-01
6.200000e-02 6.995000e-01 -3.015697e-01 4.239158e-01 6.200000e-02 7.005000e-01 -3.012171e-01 4.242332e-01
-6.170000e-01 7.005000e-01 -2.488901e-01 4.313733e-01 -6.165000e-01 7.010000e-01 -2.488643e-01 4.313517e-01
-6.165000e-01 7.010000e-01 -2.488643e-01 4.313517e-01 -6.160000e-01 7.015000e-01 -2.488398e-01 4.313298e-01
6.150000e-02 7.010000e-01 -3.012360e-01 4.242166e-01 6.100000e-02 7.015000e-01 -3.012536e-01 4.241996e-01
6.200000e-02 7.005000e-01 -3.012171e-01 4.242332e-01 6.150000e-02 7.010000e-01 -3.012360e-01 4.242166e-01
-6.160000e-01 7.015000e-01 -2.488398e-01 4.313298e-01 -6.160000e-01 7.025000e-01 -2.491944e-01 4.316423e-01
6.100000e-02 7.015000e-01 -3.012536e-01 4.241996e-01 6.100000e-02 7.025000e-01 -3.009004e-01 4.245208e-01
-6.160000e-01 7.025000e-01 -2.491944e-01 4.316423e-01 -6.155000e-01 7.030000e-01 -2.491705e-01 4.316222e-01
-6.155000e-01 7.030000e-01 -2.491705e-01 4.316222e-01 -6.150000e-01 7.035000e-01 -2.491479e-01 4.316017e-01
6.050000e-02 7.030000e-01 -3.009175e-01 4.245058e-01 6.000000e-02 7.035000e-01 -3.009333e-01 4.244905e-01
6.100000e-02 7.025000e-01 -3.009004e-01 4.245208e-01 6.050000e-02 7.030000e-01 -3.009175e-01 4.245058e-01
-6.150000e-01 7.035000e-01 -2.491479e-01 4.316017e-01 -6.150000e-01 7.045000e-01 -2.495031e-01 4.319178e-01
6.000000e-02 7.035000e-01 -3.009333e-01 4.244905e-01 6.000000e-02 7.045000e-01 -3.005797e-01 4.248154e-01
-6.150000e-01 7.045000e-01 -2.495031e-01 4.319178e-01 -6.145000e-01 7.050000e-01 -2.494811e-01 4.318992e-01
-6.145000e-01 7.050000e-01 -2.494811e-01 4.318992e-01 -6.140000e-01 7.055000e-01 -2.494604e-01 4.318803e-01
5.950000e-02 7.050000e-01 -3.005949e-01 4.248020e-01 5.900000e-02 7.055000e-01 -3.006089e-01 4.247884e-01
6.000000e-02 7.045000e-01 -3.005797e-01 4.248154e-01 5.950000e-02 7.050000e-01 -3.005949e-01 4.248020e-01
-6.140000e-01 7.055000e-01 -2.494604e-01 4.318803e-01 -6.140000e-01 7.065000e-01 -2.498161e-01 4.322000e-01
5.900000e-02 7.055000e-01 -3.006089e-01 4.247884e-01 5.900000e-02 7.065000e-01 -3.002549e-01 4.251170e-01
-6.140000e-01 7.065000e-01 -2.498161e-01 4.322000e-01 -6.135000e-01 7.070000e-01 -2.497960e-01 4.321830e-01
-6.135000e-01 7.070000e-01 -2.497960e-01 4.321830e-01 -6.130000e-01 7.075000e-01 -2.497772e-01 4.321656e-01
5.850000e-02 7.070000e-01 -3.002683e-01 4.251053e-01 5.800000e-02 7.075000e-01 -3.002805e-01 4.250934e-01
5.900000e-02 7.065000e-01 -3.002549e-01 4.251170e-01 5.850000e-02 7.070000e-01 -3.002683e-01 4.251053e-01
-6.130000e-01 7.075000e-01 -2.497772e-01 4.321656e-01 -6.125000e-01 7.080000e-01 -2.497586e-01 4.321492e-01
-6.125000e-01 7.080000e-01 -2.497586e-01 4.321492e-01 -6.120000e-01 7.085000e-01 -2.497414e-01 4.321325e-01
5.800000e-02 7.075000e-01 -3.002805e-01 4.250934e-01 5.800000e-02 7.085000e-01 -2.999261e-01 4.254258e-01
-6.120000e-01 7.085000e-01 -2.497414e-01 4.321325e-01 -6.120000e-01 7.095000e-01 -2.500981e-01 4.324576e-01
5.750000e-02 7.090000e-01 -2.999378e-01 4.254158e-01 5.700000e-02 7.095000e-01 -2.999482e-01 4.254055e-01
5.800000e-02 7.085000e-01 -2.999261e-01 4.254258e-01 5.750000e-02 7.090000e-01 -2.999378e-01 4.254158e-01
-6.120000e-01 7.095000e-01 -2.500981e-01 4.324576e-01 -6.115000e-01 7.100000e-01 -2.500814e-01 4.324427e-01
-6.115000e-01 7.100000e-01 -2.500814e-01 4.324427e-01 -6.110000e-01 7.105000e-01 -2.500660e-01 4.324276e-01
5.650000e-02 7.100000e-01 -2.999583e-01 4.253962e-01 5.600000e-02 7.105000e-01 -2.999672e-01 4.253867e-01
5.700000e-02 7.095000e-01 -2.999482e-01 4.254055e-01 5.650000e-02 7.100000e-01 -2.999583e-01 4.253962e-01
-6.110000e-01 7.105000e-01 -2.500660e-01 4.324276e-01 -6.110000e-01 7.115000e-01 -2.504231e-01 4.327564e-01
5.600000e-02 7.105000e-01 -2.999672e-01 4.253867e-01 5.600000e-02 7.115000e-01 -2.996121e-01 4.257249e-01
-6.110000e-01 7.115000e-01 -2.504231e-01 4.327564e-01 -6.105000e-01 7.120000e-01 -2.504082e-01 4.327432e-01
-6.105000e-01 7.120000e-01 -2.504082e-01 4.327432e-01 -6.100000e-01 7.125000e-01 -2.503946e-01 4.327297e-01
5.550000e-02 7.120000e-01 -2.996205e-01 4.257173e-01 5.500000e-02 7.125000e-01 -2.996276e-01 4.257096e-01
5.600000e-02 7.115000e-01 -2.996121e-01 4.257249e-01 5.550000e-02 7.120000e-01 -2.996205e-01 4.257173e-01
-6.100000e-01 7.125000e-01 -2.503946e-01 4.327297e-01 -6.100000e-01 7.135000e-01 -2.507521e-01 4.330621e-01
5.500000e-02 7.125000e-01 -2.996276e-01 4.257096e-01 5.500000e-02 7.135000e-01 -2.992722e-01 4.260514e-01
-6.100000e-01 7.135000e-01 -2.507521e-01 4.330621e-01 -6.095000e-01 7.140000e-01 -2.507390e-01 4.330505e-01
-6.095000e-01 7.140000e-01 -2.507390e-01 4.330505e-01 -6.090000e-01 7.145000e-01 -2.507271e-01 4.330386e-01
5.450000e-02 7.140000e-01 -2.992790e-01 4.260457e-01 5.400000e-02 7.145000e-01 -2.992844e-01 4.260397e-01
5.500000e-02 7.135000e-01 -2.992722e-01 4.260514e-01 5.450000e-02 7.140000e-01 -2.992790e-01 4.260457e-01
-6.090000e-01 7.145000e-01 -2.507271e-01 4.330386e-01 -6.090000e-01 7.155000e-01 -2.510851e-01 4.333747e-01
5.400000e-02 7.145000e-01 -2.992844e-01 4.260397e-01 5.400000e-02 7.155000e-01 -2.989288e-01 4.263853e-01
-6.090000e-01 7.155000e-01 -2.510851e-01 4.333747e-01 -6.085000e-01 7.160000e-01 -2.510737e-01 4.333647e-01
-6.085000e-01 7.160000e-01 -2.510737e-01 4.333647e-01 -6.080000e-01 7.165000e-01 -2.510635e-01 4.333545e-01
5.350000e-02 7.160000e-01 -2.989339e-01 4.263813e-01 5.300000e-02 7.165000e-01 -2.989377e-01 4.263771e-01
5.400000e-02 7.155000e-01 -2.989288e-01 4.263853e-01 5.350000e-02 7.160000e-01 -2.989339e-01 4.263813e-01
-6.080000e-01 7.165000e-01 -2.510635e-01 4.333545e-01 -6.080000e-01 7.175000e-01 -2.514218e-01 4.336942e-01
5.250000e-02 7.170000e-01 -2.989413e-01 4.263740e-01 5.200000e-02 7.175000e-01 -2.989436e-01 4.263706e-01
5.300000e-02 7.165000e-01 -2.989377e-01 4.263771e-01 5.250000e-02 7.170000e-01 -2.989413e-01 4.263740e-01
-6.080000e-01 7.175000e-01 -2.514218e-01 4.336942e-01 -6.075000e-01 7.180000e-01 -2.514121e-01 4.336859e-01
-6.075000e-01 7.180000e-01 -2.514121e-01 4.336859e-01 -6.070000e-01 7.185000e-01 -2.514036e-01 4.336773e-01
5.200000e-02 7.175000e-01 -2.989436e-01 4.263706e-01 5.200000e-02 7.185000e-01 -2.985875e-01 4.267219e-01
-6.070000e-01 7.185000e-01 -2.514036e-01 4.336773e-01 -6.070000e-01 7.195000e-01 -2.517622e-01 4.340207e-01
5.150000e-02 7.190000e-01 -2.985895e-01 4.267206e-01 5.100000e-02 7.195000e-01 -2.985902e-01 4.267190e-01
5.200000e-02 7.185000e-01 -2.985875e-01 4.267219e-01 5.150000e-02 7.190000e-01 -2.985895e-01 4.267206e-01
-6.070000e-01 7.195000e-01 -2.517622e-01 4.340207e-01 -6.065000e-01 7.200000e-01 -2.517542e-01 4.340141e-01
-6.065000e-01 7.200000e-01 -2.517542e-01 4.340141e-01 -6.060000e-01 7.205000e-01 -2.517474e-01 4.340072e-01
5.100000e-02 7.195000e-01 -2.985902e-01 4.267190e-01 5.100000e-02 7.205000e-01 -2.982340e-01 4.270742e-01
-6.060000e-01 7.205000e-01 -2.517474e-01 4.340072e-01 -6.055000e-01 7.210000e-01 -2.517409e-01 4.340014e-01
-6.055000e-01 7.210000e-01 -2.517409e-01 4.340014e-01 -6.050000e-01 7.215000e-01 -2.517356e-01 4.339953e-01
5.050000e-02 7.210000e-01 -2.982343e-01 4.270746e-01 5.000000e-02 7.215000e-01 -2.982335e-01 4.270749e-01
5.100000e-02 7.205000e-01 -2.982340e-01 4.270742e-01 5.050000e-02 7.210000e-01 -2.982343e-01 4.270746e-01
-6.050000e-01 7.215000e-01 -2.517356e-01 4.339953e-01 -6.050000e-01 7.225000e-01 -2.520948e-01 4.343442e-01
5.000000e-02 7.215000e-01 -2.982335e-01 4.270749e-01 5.000000e-02 7.225000e-01 -2.978771e-01 4.274338e-01
-6.050000e-01 7.225000e-01 -2.520948e-01 4.343442e-01 -6.045000e-01 7.230000e-01 -2.520899e-01 4.343401e-01
-6.045000e-01 7.230000e-01 -2.520899e-01 4.343401e-01 -6.040000e-01 7.235000e-01 -2.520862e-01 4.343357e-01
4.950000e-02 7.230000e-01 -2.978760e-01 4.274362e-01 4.900000e-02 7.235000e-01 -2.978735e-01 4.274383e-01
5.000000e-02 7.225000e-01 -2.978771e-01 4.274338e-01 4.950000e-02 7.230000e-01 -2.978760e-01 4.274362e-01
-6.040000e-01 7.235000e-01 -2.520862e-01 4.343357e-01 -6.040000e-01 7.245000e-01 -2.524455e-01 4.346883e-01
4.850000e-02 7.240000e-01 -2.978709e-01 4.274415e-01 4.800000e-02 7.245000e-01 -2.978671e-01 4.274445e-01
4.900000e-02 7.235000e-01 -2.978735e-01 4.274383e-01 4.850000e-02 7.240000e-01 -2.978709e-01 4.274415e-01
-6.040000e-01 7.245000e-01 -2.524455e-01 4.346883e-01 -6.035000e-01 7.250000e-01 -2.524423e-01 4.346859e-01
-6.035000e-01 7.250000e-01 -2.524423e-01 4.346859e-01 -6.030000e-01 7.255000e-01 -2.524402e-01 4.346833e-01
4.800000e-02 7.245000e-01 -2.978671e-01 4.274445e-01 4.800000e-02 7.255000e-01 -2.975105e-01 4.278093e-01
-6.030000e-01 7.255000e-01 -2.524402e-01 4.346833e-01 -6.030000e-01 7.265000e-01 -2.527997e-01 4.350396e-01
4.750000e-02 7.260000e-01 -2.975063e-01 4.278143e-01 4.700000e-02 7.265000e-01 -2.975010e-01 4.278192e-01
4.800000e-02 7.255000e-01 -2.975105e-01 4.278093e-01 4.750000e-02 7.260000e-01 -2.975063e-01 4.278143e-01
-6.030000e-01 7.265000e-01 -2.527997e-01 4.350396e-01 -6.025000e-01 7.270000e-01 -2.527981e-01 4.350390e-01
-6.025000e-01 7.270000e-01 -2.527981e-01 4.350390e-01 -6.020000e-01 7.275000e-01 -2.527976e-01 4.350382e-01
4.650000e-02 7.270000e-01 -2.974955e-01 4.278252e-01 4.600000e-02 7.275000e-01 -2.974888e-01 4.278310e-01
4.700000e-02 7.265000e-01 -2.975010e-01 4.278192e-01 4.650000e-02 7.270000e-01 -2.974955e-01 4.278252e-01
-6.020000e-01 7.275000e-01 -2.527976e-01 4.350382e-01 -6.015000e-01 7.280000e-01 -2.527973e-01 4.350383e-01
-6.015000e-01 7.280000e-01 -2.527973e-01 4.350383e-01 -6.010000e-01 7.285000e-01 -2.527982e-01 4.350383e-01
4.600000e-02 7.275000e-01 -2.974888e-01 4.278310e-01 4.600000e-02 7.285000e-01 -2.971320e-01 4.282015e-01
-6.010000e-01 7.285000e-01 -2.527982e-01 4.350383e-01 -6.010000e-01 7.295000e-01 -2.531581e-01 4.354003e-01
4.550000e-02 7.290000e-01 -2.971250e-01 4.282094e-01 4.500000e-02 7.295000e-01 -2.971168e-01 4.282172e-01
4.600000e-02 7.285000e-01 -2.971320e-01 4.282015e-01 4.550000e-02 7.290000e-01 -2.971250e-01 4.282094e-01
-6.010000e-01 7.295000e-01 -2.531581e-01 4.354003e-01 -6.005000e-01 7.300000e-01 -2.531594e-01 4.354022e-01
-6.005000e-01 7.300000e-01 -2.531594e-01 4.354022e-01 -6.000000e-01 7.305000e-01 -2.531619e-01 4.354040e-01
4.500000e-02 7.295000e-01 -2.971168e-01 4.282172e-01 4.500000e-02 7.305000e-01 -2.967601e-01 4.285914e-01
-6.000000e-01 7.305000e-01 -2.531619e-01 4.354040e-01 -6.000000e-01 7.315000e-01 -2.535218e-01 4.357696e-01
4.450000e-02 7.310000e-01 -2.967517e-01 4.286013e-01 4.400000e-02 7.315000e-01 -2.967421e-01 4.286110e-01
4.500000e-02 7.305000e-01 -2.967601e-01 4.285914e-01 4.450000e-02 7.310000e-01 -2.967517e-01 4.286013e-01
-6.000000e-01 7.315000e-01 -2.535218e-01 4.357696e-01 -5.995000e-01 7.320000e-01 -2.535246e-01 4.357734e-01
-5.995000e-01 7.320000e-01 -2.535246e-01 4.357734e-01 -5.990000e-01 7.325000e-01 -2.535286e-01 4.357770e-01
4.350000e-02 7.320000e-01 -2.967324e-01 4.286217e-01 4.300000e-02 7.325000e-01 -2.967214e-01 4.286324e-01
4.400000e-02 7.315000e-01 -2.967421e-01 4.286110e-01 4.350000e-02 7.320000e-01 -2.967324e-01 4.286217e-01
-5.990000e-01 7.325000e-01 -2.535286e-01 4.357770e-01 -5.985000e-01 7.330000e-01 -2.535328e-01 4.357817e-01
-5.985000e-01 7.330000e-01 -2.535328e-01 4.357817e-01 -5.980000e-01 7.335000e-01 -2.535381e-01 4.357862e-01
4.300000e-02 7.325000e-01 -2.967214e-01 4.286324e-01 4.300000e-02 7.335000e-01 -2.963646e-01 4.290125e-01
-5.980000e-01 7.335000e-01 -2.535381e-01 4.357862e-01 -5.980000e-01 7.345000e-01 -2.538983e-01 4.361574e-01
4.250000e-02 7.340000e-01 -2.963535e-01 4.290252e-01 4.200000e-02 7.345000e-01 -2.963412e-01 4.290378e-01
4.300000e-02 7.335000e-01 -2.963646e-01 4.290125e-01 4.250000e-02 7.340000e-01 -2.963535e-01 4.290252e-01
-5.980000e-01 7.345000e-01 -2.538983e-01 4.361574e-01 -5.975000e-01 7.350000e-01 -2.539039e-01 4.361639e-01
-5.975000e-01 7.350000e-01 -2.539039e-01 4.361639e-01 -5.970000e-01 7.355000e-01 -2.539107e-01 4.361702e-01
4.150000e-02 7.350000e-01 -2.963288e-01 4.290515e-01 4.100000e-02 7.355000e-01 -2.963151e-01 4.290651e-01
4.200000e-02 7.345000e-01 -2.963412e-01 4.290378e-01 4.150000e-02 7.350000e-01 -2.963288e-01 4.290515e-01
-5.970000e-01 7.355000e-01 -2.539107e-01 4.361702e-01 -5.970000e-01 7.365000e-01 -2.542708e-01 4.365451e-01
4.100000e-02 7.355000e-01 -2.963151e-01 4.290651e-01 4.100000e-02 7.365000e-01 -2.959584e-01 4.294510e-01
-5.970000e-01 7.365000e-01 -2.542708e-01 4.365451e-01 -5.965000e-01 7.370000e-01 -2.542779e-01 4.365535e-01
-5.965000e-01 7.370000e-01 -2.542779e-01 4.365535e-01 -5.960000e-01 7.375000e-01 -2.542862e-01 4.365617e-01
4.050000e-02 7.370000e-01 -2.959447e-01 4.294667e-01 4.000000e-02 7.375000e-01 -2.959296e-01 4.294823e-01
4.100000e-02 7.365000e-01 -2.959584e-01 4.294510e-01 4.050000e-02 7.370000e-01 -2.959447e-01 4.294667e-01
-5.960000e-01 7.375000e-01 -2.542862e-01 4.365617e-01 -5.955000e-01 7.380000e-01 -2.542945e-01 4.365710e-01
-5.955000e-01 7.380000e-01 -2.542945e-01 4.365710e-01 -5.950000e-01 7.385000e-01 -2.543041e-01 4.365801e-01
4.000000e-02 7.375000e-01 -2.959296e-01 4.294823e-01 4.000000e-02 7.385000e-01 -2.955733e-01 4.298720e-01
-5.950000e-01 7.385000e-01 -2.543041e-01 4.365801e-01 -5.950000e-01 7.395000e-01 -2.546643e-01 4.369607e-01
3.950000e-02 7.390000e-01 -2.955582e-01 4.298897e-01 3.900000e-02 7.395000e-01 -2.955419e-01 4.299073e-01
4.000000e-02 7.385000e-01 -2.955733e-01 4.298720e-01 3.950000e-02 7.390000e-01 -2.955582e-01 4.298897e-01
-5.950000e-01 7.395000e-01 -2.546643e-01 4.369607e-01 -5.945000e-01 7.400000e-01 -2.546741e-01 4.369718e-01
-5.945000e-01 7.400000e-01 -2.546741e-01 4.369718e-01 -5.940000e-01 7.405000e-01 -2.546850e-01 4.369829e-01
3.850000e-02 7.400000e-01 -2.955255e-01 4.299260e-01 3.800000e-02 7.405000e-01 -2.955079e-01 4.299447e-01
3.900000e-02 7.395000e-01 -2.955419e-01 4.299073e-01 3.850000e-02 7.400000e-01 -2.955255e-01 4.299260e-01
-5.940000e-01 7.405000e-01 -2.546850e-01 4.369829e-01 -5.935000e-01 7.410000e-01 -2.546961e-01 4.369950e-01
-5.935000e-01 7.410000e-01 -2.546961e-01 4.369950e-01 -5.930000e-01 7.415000e-01 -2.547083e-01 4.370070e-01
3.800000e-02 7.405000e-01 -2.955079e-01 4.299447e-01 3.800000e-02 7.415000e-01 -2.951518e-01 4.303402e-01
-5.930000e-01 7.415000e-01 -2.547083e-01 4.370070e-01 -5.930000e-01 7.425000e-01 -2.550685e-01 4.373932e-01
3.750000e-02 7.420000e-01 -2.951342e-01 4.303609e-01 3.700000e-02 7.425000e-01 -2.951153e-01 4.303816e-01
3.800000e-02 7.415000e-01 -2.951518e-01 4.303402e-01 3.750000e-02 7.420000e-01 -2.951342e-01 4.303609e-01
-5.930000e-01 7.425000e-01 -2.550685e-01 4.373932e-01 -5.925000e-01 7.430000e-01 -2.550809e-01 4.374072e-01
-5.925000e-01 7.430000e-01 -2.550809e-01 4.374072e-01 -5.920000e-01 7.435000e-01 -2.550945e-01 4.374211e-01
3.650000e-02 7.430000e-01 -2.950964e-01 4.304033e-01 3.600000e-02 7.435000e-01 -2.950764e-01 4.304251e-01
3.700000e-02 7.425000e-01 -2.951153e-01 4.303816e-01 3.650000e-02 7.430000e-01 -2.950964e-01 4.304033e-01
-5.920000e-01 7.435000e-01 -2.550945e-01 4.374211e-01 -5.920000e-01 7.445000e-01 -2.554545e-01 4.378110e-01
3.600000e-02 7.435000e-01 -2.950764e-01 4.304251e-01 3.600000e-02 7.445000e-01 -2.947206e-01 4.308264e-01
-5.920000e-01 7.445000e-01 -2.554545e-01 4.378110e-01 -5.915000e-01 7.450000e-01 -2.554683e-01 4.378269e-01
-5.915000e-01 7.450000e-01 -2.554683e-01 4.378269e-01 -5.910000e-01 7.455000e-01 -2.554832e-01 4.378428e-01
3.550000e-02 7.450000e-01 -2.947005e-01 4.308502e-01 3.500000e-02 7.455000e-01 -2.946792e-01 4.308740e-01
3.600000e-02 7.445000e-01 -2.947206e-01 4.308264e-01 3.550000e-02 7.450000e-01 -2.947005e-01 4.308502e-01
-5.910000e-01 7.455000e-01 -2.554832e-01 4.378428e-01 -5.905000e-01 7.460000e-01 -2.554981e-01 4.378597e-01
-5.905000e-01 7.460000e-01 -2.554981e-01 4.378597e-01 -5.900000e-01 7.465000e-01 -2.555143e-01 4.378766e-01
3.450000e-02 7.460000e-01 -2.946579e-01 4.308988e-01 3.400000e-02 7.465000e-01 -2.946355e-01 4.309237e-01
3.500000e-02 7.455000e-01 -2.946792e-01 4.308740e-01 3.450000e-02 7.460000e-01 -2.946579e-01 4.308988e-01
-5.900000e-01 7.465000e-01 -2.555143e-01 4.378766e-01 -5.900000e-01 7.475000e-01 -2.558741e-01 4.382721e-01
3.400000e-02 7.465000e-01 -2.946355e-01 4.309237e-01 3.400000e-02 7.475000e-01 -2.942801e-01 4.313308e-01
-5.900000e-01 7.475000e-01 -2.558741e-01 4.382721e-01 -5.895000e-01 7.480000e-01 -2.558903e-01 4.382910e-01
-5.895000e-01 7.480000e-01 -2.558903e-01 4.382910e-01 -5.890000e-01 7.485000e-01 -2.559078e-01 4.383098e-01
3.350000e-02 7.480000e-01 -2.942577e-01 4.313578e-01 3.300000e-02 7.485000e-01 -2.942340e-01 4.313848e-01
3.400000e-02 7.475000e-01 -2.942801e-01 4.313308e-01 3.350000e-02 7.480000e-01 -2.942577e-01 4.313578e-01
-5.890000e-01 7.485000e-01 -2.559078e-01 4.383098e-01 -5.885000e-01 7.490000e-01 -2.559252e-01 4.383297e-01
-5.885000e-01 7.490000e-01 -2.559252e-01 4.383297e-01 -5.880000e-01 7.495000e-01 -2.559439e-01 4.383495e-01
3.250000e-02 7.490000e-01 -2.942103e-01 4.314127e-01 3.200000e-02 7.495000e-01 -2.941855e-01 4.314408e-01
3.300000e-02 7.485000e-01 -2.942340e-01 4.313848e-01 3.250000e-02 7.490000e-01 -2.942103e-01 4.314127e-01
-5.880000e-01 7.495000e-01 -2.559439e-01 4.383495e-01 -5.880000e-01 7.505000e-01 -2.563034e-01 4.387507e-01
3.150000e-02 7.500000e-01 -2.941607e-01 4.314699e-01 3.100000e-02 7.505000e-01 -2.941348e-01 4.314990e-01
3.200000e-02 7.495000e-01 -2.941855e-01 4.314408e-01 3.150000e-02 7.500000e-01 -2.941607e-01 4.314699e-01
-5.880000e-01 7.505000e-01 -2.563034e-01 4.387507e-01 -5.875000e-01 7.510000e-01 -2.563221e-01 4.387726e-01
-5.875000e-01 7.510000e-01 -2.563221e-01 4.387726e-01 -5.870000e-01 7.515000e-01 -2.563420e-01 4.387944e-01
3.100000e-02 7.505000e-01 -2.941348e-01 4.314990e-01 3.100000e-02 7.515000e-01 -2.937800e-01 4.319140e-01
-5.870000e-01 7.515000e-01 -2.563420e-01 4.387944e-01 -5.865000e-01 7.520000e-01 -2.563619e-01 4.388173e-01
-5.865000e-01 7.520000e-01 -2.563619e-01 4.388173e-01 -5.860000e-01 7.525000e-01 -2.563829e-01 4.388402e-01
3.050000e-02 7.520000e-01 -2.937542e-01 4.319452e-01 3.000000e-02 7.525000e-01 -2.937271e-01 4.319765e-01
3.100000e-02 7.515000e-01 -2.937800e-01 4.319140e-01 3.050000e-02 7.520000e-01 -2.937542e-01 4.319452e-01
-5.860000e-01 7.525000e-01 -2.563829e-01 4.388402e-01 -5.860000e-01 7.535000e-01 -2.567421e-01 4.392471e-01
2.950000e-02 7.530000e-01 -2.937000e-01 4.320088e-01 2.900000e-02 7.535000e-01 -2.936718e-01 4.320412e-01
3.000000e-02 7.525000e-01 -2.937271e-01 4.319765e-01 2.950000e-02 7.530000e-01 -2.937000e-01 4.320088e-01
-5.860000e-01 7.535000e-01 -2.567421e-01 4.392471e-01 -5.855000e-01 7.540000e-01 -2.567632e-01 4.392719e-01
-5.855000e-01 7.540000e-01 -2.567632e-01 4.392719e-01 -5.850000e-01 7.545000e-01 -2.567854e-01 4.392968e-01
2.900000e-02 7.535000e-01 -2.936718e-01 4.320412e-01 2.900000e-02 7.545000e-01 -2.933178e-01 4.324621e-01
-5.850000e-01 7.545000e-01 -2.567854e-01 4.392968e-01 -5.845000e-01 7.550000e-01 -2.568076e-01 4.393227e-01
-5.845000e-01 7.550000e-01 -2.568076e-01 4.393227e-01 -5.840000e-01 7.555000e-01 -2.568310e-01 4.393487e-01
2.850000e-02 7.550000e-01 -2.932897e-01 4.324965e-01 2.800000e-02 7.555000e-01 -2.932604e-01 4.325310e-01
2.900000e-02 7.545000e-01 -2.933178e-01 4.324621e-01 2.850000e-02 7.550000e-01 -2.932897e-01 4.324965e-01
-5.840000e-01 7.555000e-01 -2.568310e-01 4.393487e-01 -5.840000e-01 7.565000e-01 -2.571897e-01 4.397613e-01
2.750000e-02 7.560000e-01 -2.932312e-01 4.325666e-01 2.700000e-02 7.565000e-01 -2.932009e-01 4.326023e-01
2.800000e-02 7.555000e-01 -2.932604e-01 4.325310e-01 2.750000e-02 7.560000e-01 -2.932312e-01 4.325666e-01
-5.840000e-01 7.565000e-01 -2.571897e-01 4.397613e-01 -5.835000e-01 7.570000e-01 -2.572131e-01 4.397892e-01
-5.835000e-01 7.570000e-01 -2.572131e-01 4.397892e-01 -5.830000e-01 7.575000e-01 -2.572376e-01 4.398172e-01
2.700000e-02 7.565000e-01 -2.932009e-01 4.326023e-01 2.700000e-02 7.575000e-01 -2.928476e-01 4.330289e-01
-5.830000e-01 7.575000e-01 -2.572376e-01 4.398172e-01 -5.825000e-01 7.580000e-01 -2.572621e-01 4.398462e-01
-5.825000e-01 7.580000e-01 -2.572621e-01 4.398462e-01 -5.820000e-01 7.585000e-01 -2.572878e-01 4.398753e-01
2.650000e-02 7.580000e-01 -2.928174e-01 4.330667e-01 2.600000e-02 7.585000e-01 -2.927860e-01 4.331045e-01
2.700000e-02 7.575000e-01 -2.928476e-01 4.330289e-01 2.650000e-02 7.580000e-01 -2.928174e-01 4.330667e-01
-5.820000e-01 7.585000e-01 -2.572878e-01 4.398753e-01 -5.820000e-01 7.595000e-01 -2.576459e-01 4.402935e-01
2.550000e-02 7.590000e-01 -2.927548e-01 4.331434e-01 2.500000e-02 7.595000e-01 -2.927223e-01 4.331824e-01
2.600000e-02 7.585000e-01 -2.927860e-01 4.331045e-01 2.550000e-02 7.590000e-01 -2.927548e-01 4.331434e-01
-5.820000e-01 7.595000e-01 -2.576459e-01 4.402935e-01 -5.815000e-01 7.600000e-01 -2.576715e-01 4.403246e-01
-5.815000e-01 7.600000e-01 -2.576715e-01 4.403246e-01 -5.810000e-01 7.605000e-01 -2.576982e-01 4.403557e-01
2.450000e-02 7.600000e-01 -2.926900e-01 4.332224e-01 2.400000e-02 7.605000e-01 -2.926565e-01 4.332626e-01
2.500000e-02 7.595000e-01 -2.927223e-01 4.331824e-01 2.450000e-02 7.600000e-01 -2.926900e-01 4.332224e-01
-5.810000e-01 7.605000e-01 -2.576982e-01 4.403557e-01 -5.805000e-01 7.610000e-01 -2.577249e-01 4.403879e-01
-5.805000e-01 7.610000e-01 -2.577249e-01 4.403879e-01 -5.800000e-01 7.615000e-01 -2.577528e-01 4.404201e-01
2.400000e-02 7.605000e-01 -2.926565e-01 4.332626e-01 2.400000e-02 7.615000e-01 -2.923043e-01 4.336971e-01
-5.800000e-01 7.615000e-01 -2.577528e-01 4.404201e-01 -5.795000e-01 7.620000e-01 -2.577806e-01 4.404533e-01
-5.795000e-01 7.620000e-01 -2.577806e-01 4.404533e-01 -5.790000e-01 7.625000e-01 -2.578095e-01 4.404866e-01
2.350000e-02 7.620000e-01 -2.922711e-01 4.337394e-01 2.300000e-02 7.625000e-01 -2.922367e-01 4.337817e-01
2.400000e-02 7.615000e-01 -2.923043e-01 4.336971e-01 2.350000e-02 7.620000e-01 -2.922711e-01 4.337394e-01
-5.790000e-01 7.625000e-01 -2.578095e-01 4.404866e-01 -5.790000e-01 7.635000e-01 -2.581669e-01 4.409126e-01
2.250000e-02 7.630000e-01 -2.922024e-01 4.338251e-01 2.200000e-02 7.635000e-01 -2.921669e-01 4.338687e-01
2.300000e-02 7.625000e-01 -2.922367e-01 4.337817e-01 2.250000e-02 7.630000e-01 -2.922024e-01 4.338251e-01
-5.790000e-01 7.635000e-01 -2.581669e-01 4.409126e-01 -5.785000e-01 7.640000e-01 -2.581956e-01 4.409480e-01
-5.785000e-01 7.640000e-01 -2.581956e-01 4.409480e-01 -5.780000e-01 7.645000e-01 -2.582256e-01 4.409833e-01
2.150000e-02 7.640000e-01 -2.921316e-01 4.339132e-01 2.100000e-02 7.645000e-01 -2.920951e-01 4.339579e-01
2.200000e-02 7.635000e-01 -2.921669e-01 4.338687e-01 2.150000e-02 7.640000e-01 -2.921316e-01 4.339132e-01
-5.780000e-01 7.645000e-01 -2.582256e-01 4.409833e-01 -5.775000e-01 7.650000e-01 -2.582555e-01 4.410198e-01
-5.775000e-01 7.650000e-01 -2.582555e-01 4.410198e-01 -5.770000e-01 7.655000e-01 -2.582865e-01 4.410563e-01
2.100000e-02 7.645000e-01 -2.920951e-01 4.339579e-01 2.100000e-02 7.655000e-01 -2.917442e-01 4.344004e-01
-5.770000e-01 7.655000e-01 -2.582865e-01 4.410563e-01 -5.770000e-01 7.665000e-01 -2.586430e-01 4.414879e-01
2.050000e-02 7.660000e-01 -2.917080e-01 4.344472e-01 2.000000e-02 7.665000e-01 -2.916707e-01 4.344941e-01
2.100000e-02 7.655000e-01 -2.917442e-01 4.344004e-01 2.050000e-02 7.660000e-01 -2.917080e-01 4.344472e-01
-5.770000e-01 7.665000e-01 -2.586430e-01 4.414879e-01 -5.765000e-01 7.670000e-01 -2.586739e-01 4.415265e-01
-5.765000e-01 7.670000e-01 -2.586739e-01 4.415265e-01 -5.760000e-01 7.675000e-01 -2.587059e-01 4.415652e-01
1.950000e-02 7.670000e-01 -2.916335e-01 4.345421e-01 1.900000e-02 7.675000e-01 -2.915952e-01 4.345903e-01
2.000000e-02 7.665000e-01 -2.916707e-01 4.344941e-01 1.950000e-02 7.670000e-01 -2.916335e-01 4.345421e-01
-5.760000e-01 7.675000e-01 -2.587059e-01 4.415652e-01 -5.755000e-01 7.680000e-01 -2.587378e-01 4.416048e-01
-5.755000e-01 7.680000e-01 -2.587378e-01 4.416048e-01 -5.750000e-01 7.685000e-01 -2.587708e-01 4.416446e-01
1.850000e-02 7.680000e-01 -2.915570e-01 4.346395e-01 1.800000e-02 7.685000e-01 -2.915177e-01 4.346888e-01
1.900000e-02 7.675000e-01 -2.915952e-01 4.345903e-01 1.850000e-02 7.680000e-01 -2.915570e-01 4.346395e-01
-5.750000e-01 7.685000e-01 -2.587708e-01 4.416446e-01 -5.745000e-01 7.690000e-01 -2.588037e-01 4.416854e-01
-5.745000e-01 7.690000e-01 -2.588037e-01 4.416854e-01 -5.740000e-01 7.695000e-01 -2.588378e-01 4.417264e-01
1.800000e-02 7.685000e-01 -2.915177e-01 4.346888e-01 1.800000e-02 7.695000e-01 -2.911683e-01 4.351391e-01
-5.740000e-01 7.695000e-01 -2.588378e-01 4.417264e-01 -5.740000e-01 7.705000e-01 -2.591932e-01 4.421657e-01
1.750000e-02 7.700000e-01 -2.911293e-01 4.351906e-01 1.700000e-02 7.705000e-01 -2.910893e-01 4.352422e-01
1.800000e-02 7.695000e-01 -2.911683e-01 4.351391e-01 1.750000e-02 7.700000e-01 -2.911293e-01 4.351906e-01
-5.740000e-01 7.705000e-01 -2.591932e-01 4.421657e-01 -5.735000e-01 7.710000e-01 -2.592270e-01 4.422087e-01
-5.735000e-01 7.710000e-01 -2.592270e-01 4.422087e-01 -5.730000e-01 7.715000e-01 -2.592620e-01 4.422518e-01
1.650000e-02 7.710000e-01 -2.910493e-01 4.352949e-01 1.600000e-02 7.715000e-01 -2.910083e-01 4.353477e-01
1.700000e-02 7.705000e-01 -2.910893e-01 4.352422e-01 1.650000e-02 7.710000e-01 -2.910493e-01 4.352949e-01
-5.730000e-01 7.715000e-01 -2.592620e-01 4.422518e-01 -5.725000e-01 7.720000e-01 -2.592968e-01 4.422959e-01
-5.725000e-01 7.720000e-01 -2.592968e-01 4.422959e-01 -5.720000e-01 7.725000e-01 -2.593327e-01 4.423401e-01
1.550000e-02 7.720000e-01 -2.909674e-01 4.354017e-01 1.500000e-02 7.725000e-01 -2.909255e-01 4.354557e-01
1.600000e-02 7.715000e-01 -2.910083e-01 4.353477e-01 1.550000e-02 7.720000e-01 -2.909674e-01 4.354017e-01
-5.720000e-01 7.725000e-01 -2.593327e-01 4.423401e-01 -5.715000e-01 7.730000e-01 -2.593685e-01 4.423854e-01
-5.715000e-01 7.730000e-01 -2.593685e-01 4.423854e-01 -5.710000e-01 7.735000e-01 -2.594055e-01 4.424308e-01
1.500000e-02 7.725000e-01 -2.909255e-01 4.354557e-01 1.500000e-02 7.735000e-01 -2.905777e-01 4.359138e-01
-5.710000e-01 7.735000e-01 -2.594055e-01 4.424308e-01 -5.710000e-01 7.745000e-01 -2.597596e-01 4.428778e-01
1.450000e-02 7.740000e-01 -2.905361e-01 4.359700e-01 1.400000e-02 7.745000e-01 -2.904934e-01 4.360264e-01
1.500000e-02 7.735000e-01 -2.905777e-01 4.359138e-01 1.450000e-02 7.740000e-01 -2.905361e-01 4.359700e-01
-5.710000e-01 7.745000e-01 -2.597596e-01 4.428778e-01 -5.705000e-01 7.750000e-01 -2.597962e-01 4.429252e-01
-5.705000e-01 7.750000e-01 -2.597962e-01 4.429252e-01 -5.700000e-01 7.755000e-01 -2.598340e-01 4.429728e-01
1.350000e-02 7.750000e-01 -2.904509e-01 4.360838e-01 1.300000e-02 7.755000e-01 -2.904074e-01 4.361414e-01
1.400000e-02 7.745000e-01 -2.904934e-01 4.360264e-01 1.350000e-02 7.750000e-01 -2.904509e-01 4.360838e-01
-5.700000e-01 7.755000e-01 -2.598340e-01 4.429728e-01 -5.695000e-01 7.760000e-01 -2.598716e-01 4.430215e-01
-5.695000e-01 7.760000e-01 -2.598716e-01 4.430215e-01 -5.690000e-01 7.765000e-01 -2.599103e-01 4.430702e-01
1.250000e-02 7.760000e-01 -2.903640e-01 4.362001e-01 1.200000e-02 7.765000e-01 -2.903195e-01 4.362590e-01
1.300000e-02 7.755000e-01 -2.904074e-01 4.361414e-01 1.250000e-02 7.760000e-01 -2.903640e-01 4.362001e-01
-5.690000e-01 7.765000e-01 -2.599103e-01 4.430702e-01 -5.685000e-01 7.770000e-01 -2.599489e-01 4.431201e-01
-5.685000e-01 7.770000e-01 -2.599489e-01 4.431201e-01 -5.680000e-01 7.775000e-01 -2.599885e-01 4.431700e-01
1.150000e-02 7.770000e-01 -2.902752e-01 4.363189e-01 1.100000e-02 7.775000e-01 -2.902299e-01 4.363791e-01
1.200000e-02 7.765000e-01 -2.903195e-01 4.362590e-01 1.150000e-02 7.770000e-01 -2.902752e-01 4.363189e-01
-5.680000e-01 7.775000e-01 -2.599885e-01 4.431700e-01 -5.680000e-01 7.785000e-01 -2.603412e-01 4.436247e-01
1.100000e-02 7.775000e-01 -2.902299e-01 4.363791e-01 1.100000e-02 7.785000e-01 -2.898844e-01 4.368470e-01
-5.680000e-01 7.785000e-01 -2.603412e-01 4.436247e-01 -5.675000e-01 7.790000e-01 -2.603805e-01 4.436767e-01
-5.675000e-01 7.790000e-01 -2.603805e-01 4.436767e-01 -5.670000e-01 7.795000e-01 -2.604209e-01 4.437289e-01
1.050000e-02 7.790000e-01 -2.898395e-01 4.369093e-01 1.000000e-02 7.795000e-01 -2.897935e-01 4.369718e-01
1.100000e-02 7.785000e-01 -2.898844e-01 4.368470e-01 1.050000e-02 7.790000e-01 -2.898395e-01 4.369093e-01
-5.670000e-01 7.795000e-01 -2.604209e-01 4.437289e-01 -5.665000e-01 7.800000e-01 -2.604611e-01 4.437821e-01
-5.665000e-01 7.800000e-01 -2.604611e-01 4.437821e-01 -5.660000e-01 7.805000e-01 -2.605025e-01 4.438355e-01
9.500000e-03 7.800000e-01 -2.897477e-01 4.370353e-01 9.000000e-03 7.805000e-01 -2.897009e-01 4.370990e-01
1.000000e-02 7.795000e-01 -2.897935e-01 4.369718e-01 9.500000e-03 7.800000e-01 -2.897477e-01 4.370353e-01
-5.660000e-01 7.805000e-01 -2.605025e-01 4.438355e-01 -5.655000e-01 7.810000e-01 -2.605436e-01 4.438899e-01
-5.655000e-01 7.810000e-01 -2.605436e-01 4.438899e-01 -5.650000e-01 7.815000e-01 -2.605859e-01 4.439445e-01
8.500000e-03 7.810000e-01 -2.896543e-01 4.371638e-01 8.000000e-03 7.815000e-01 -2.896066e-01 4.372289e-01
9.000000e-03 7.805000e-01 -2.897009e-01 4.370990e-01 8.500000e-03 7.810000e-01 -2.896543e-01 4.371638e-01
-5.650000e-01 7.815000e-01 -2.605859e-01 4.439445e-01 -5.645000e-01 7.820000e-01 -2.606279e-01 4.440002e-01
-5.645000e-01 7.820000e-01 -2.606279e-01 4.440002e-01 -5.640000e-01 7.825000e-01 -2.606710e-01 4.440560e-01
7.500000e-03 7.820000e-01 -2.895592e-01 4.372950e-01 7.000000e-03 7.825000e-01 -2.895107e-01 4.373613e-01
8.000000e-03 7.815000e-01 -2.896066e-01 4.372289e-01 7.500000e-03 7.820000e-01 -2.895592e-01 4.372950e-01
-5.640000e-01 7.825000e-01 -2.606710e-01 4.440560e-01 -5.640000e-01 7.835000e-01 -2.610217e-01 4.445203e-01
6.500000e-03 7.830000e-01 -2.894625e-01 4.374287e-01 6.000000e-03 7.835000e-01 -2.894132e-01 4.374963e-01
7.000000e-03 7.825000e-01 -2.895107e-01 4.373613e-01 6.500000e-03 7.830000e-01 -2.894625e-01 4.374287e-01
-5.640000e-01 7.835000e-01 -2.610217e-01 4.445203e-01 -5.635000e-01 7.840000e-01 -2.610644e-01 4.445782e-01
-5.635000e-01 7.840000e-01 -2.610644e-01 4.445782e-01 -5.630000e-01 7.845000e-01 -2.611082e-01 4.446363e-01
6.000000e-03 7.835000e-01 -2.894132e-01 4.374963e-01 6.000000e-03 7.845000e-01 -2.890707e-01 4.379761e-01
-5.630000e-01 7.845000e-01 -2.611082e-01 4.446363e-01 -5.625000e-01 7.850000e-01 -2.611518e-01 4.446954e-01
-5.625000e-01 7.850000e-01 -2.611518e-01 4.446954e-01 -5.620000e-01 7.855000e-01 -2.611964e-01 4.447547e-01
5.500000e-03 7.850000e-01 -2.890220e-01 4.380458e-01 5.000000e-03 7.855000e-01 -2.889721e-01 4.381158e-01
6.000000e-03 7.845000e-01 -2.890707e-01 4.379761e-01 5.500000e-03 7.850000e-01 -2.890220e-01 4.380458e-01
-5.620000e-01 7.855000e-01 -2.611964e-01 4.447547e-01 -5.615000e-01 7.860000e-01 -2.612409e-01 4.448150e-01
-5.615000e-01 7.860000e-01 -2.612409e-01 4.448150e-01 -5.610000e-01 7.865000e-01 -2.612864e-01 4.448756e-01
4.500000e-03 7.860000e-01 -2.889226e-01 4.381869e-01 4.000000e-03 7.865000e-01 -2.888720e-01 4.382582e-01
5.000000e-03 7.855000e-01 -2.889721e-01 4.381158e-01 4.500000e-03 7.860000e-01 -2.889226e-01 4.381869e-01
-5.610000e-01 7.865000e-01 -2.612864e-01 4.448756e-01 -5.605000e-01 7.870000e-01 -2.613317e-01 4.449372e-01
-5.605000e-01 7.870000e-01 -2.613317e-01 4.449372e-01 -5.600000e-01 7.875000e-01 -2.613780e-01 4.449990e-01
3.500000e-03 7.870000e-01 -2.888217e-01 4.383305e-01 3.000000e-03 7.875000e-01 -2.887703e-01 4.384031e-01
4.000000e-03 7.865000e-01 -2.888720e-01 4.382582e-01 3.500000e-03 7.870000e-01 -2.888217e-01 4.383305e-01
-5.600000e-01 7.875000e-01 -2.613780e-01 4.449990e-01 -5.600000e-01 7.885000e-01 -2.617263e-01 4.454729e-01
2.500000e-03 7.880000e-01 -2.887192e-01 4.384768e-01 2.000000e-03 7.885000e-01 -2.886671e-01 4.385508e-01
3.000000e-03 7.875000e-01 -2.887703e-01 4.384031e-01 2.500000e-03 7.880000e-01 -2.887192e-01 4.384768e-01
-5.600000e-01 7.885000e-01 -2.617263e-01 4.454729e-01 -5.595000e-01 7.890000e-01 -2.617722e-01 4.455368e-01
-5.595000e-01 7.890000e-01 -2.617722e-01 4.455368e-01 -5.590000e-01 7.895000e-01 -2.618191e-01 4.456009e-01
1.500000e-03 7.890000e-01 -2.886153e-01 4.386257e-01 1.000000e-03 7.895000e-01 -2.885624e-01 4.387010e-01
2.000000e-03 7.885000e-01 -2.886671e-01 4.385508e-01 1.500000e-03 7.890000e-01 -2.886153e-01 4.386257e-01
-5.590000e-01 7.895000e-01 -2.618191e-01 4.456009e-01 -5.585000e-01 7.900000e-01 -2.618658e-01 4.456660e-01
-5.585000e-01 7.900000e-01 -2.618658e-01 4.456660e-01 -5.580000e-01 7.905000e-01 -2.619135e-01 4.457313e-01
5.000000e-04 7.900000e-01 -2.885099e-01 4.387774e-01 2.081668e-17 7.905000e-01 -2.884563e-01 4.388540e-01
1.000000e-03 7.895000e-01 -2.885624e-01 4.387010e-01 5.000000e-04 7.900000e-01 -2.885099e-01 4.387774e-01
-5.580000e-01 7.905000e-01 -2.619135e-01 4.457313e-01 -5.575000e-01 7.910000e-01 -2.619610e-01 4.457977e-01
-5.575000e-01 7.910000e-01 -2.619610e-01 4.457977e-01 -5.570000e-01 7.915000e-01 -2.620095e-01 4.458643e-01
2.081668e-17 7.905000e-01 -2.884563e-01 4.388540e-01 2.081668e-17 7.915000e-01 -2.881179e-01 4.393477e-01
-5.570000e-01 7.915000e-01 -2.620095e-01 4.458643e-01 -5.565000e-01 7.920000e-01 -2.620578e-01 4.459319e-01
-5.565000e-01 7.920000e-01 -2.620578e-01 4.459319e-01 -5.560000e-01 7.925000e-01 -2.621071e-01 4.459998e-01
-5.000000e-04 7.920000e-01 -2.880650e-01 4.394264e-01 -1.000000e-03 7.925000e-01 -2.880110e-01 4.395053e-01
2.081668e-17 7.915000e-01 -2.881179e-01 4.393477e-01 -5.000000e-04 7.920000e-01 -2.880650e-01 4.394264e-01
-5.560000e-01 7.925000e-01 -2.621071e-01 4.459998e-01 -5.555000e-01 7.930000e-01 -2.621562e-01 4.460687e-01
-5.555000e-01 7.930000e-01 -2.621562e-01 4.460687e-01 -5.550000e-01 7.935000e-01 -2.622062e-01 4.461379e-01
-1.500000e-03 7.930000e-01 -2.879573e-01 4.395854e-01 -2.000000e-03 7.935000e-01 -2.879026e-01 4.396657e-01
-1.000000e-03 7.925000e-01 -2.880110e-01 4.395053e-01 -1.500000e-03 7.930000e-01 -2.879573e-01 4.395854e-01
-5.550000e-01 7.935000e-01 -2.622062e-01 4.461379e-01 -5.545000e-01 7.940000e-01 -2.622560e-01 4.462081e-01
-5.545000e-01 7.940000e-01 -2.622560e-01 4.462081e-01 -5.540000e-01 7.945000e-01 -2.623069e-01 4.462786e-01
-2.500000e-03 7.940000e-01 -2.878483e-01 4.397471e-01 -3.000000e-03 7.945000e-01 -2.877929e-01 4.398288e-01
-2.000000e-03 7.935000e-01 -2.879026e-01 4.396657e-01 -2.500000e-03 7.940000e-01 -2.878483e-01 4.397471e-01
-5.540000e-01 7.945000e-01 -2.623069e-01 4.462786e-01 -5.540000e-01 7.955000e-01 -2.626515e-01 4.467662e-01
-3.500000e-03 7.950000e-01 -2.877379e-01 4.399116e-01 -4.000000e-03 7.955000e-01 -2.876819e-01 4.399947e-01
-3.000000e-03 7.945000e-01 -2.877929e-01 4.398288e-01 -3.500000e-03 7.950000e-01 -2.877379e-01 4.399116e-01
-5.540000e-01 7.955000e-01 -2.626515e-01 4.467662e-01 -5.535000e-01 7.960000e-01 -2.627018e-01 4.468387e-01
-5.535000e-01 7.960000e-01 -2.627018e-01 4.468387e-01 -5.530000e-01 7.965000e-01 -2.627531e-01 4.469115e-01
-4.500000e-03 7.960000e-01 -2.876262e-01 4.400788e-01 -5.000000e-03 7.965000e-01 -2.875695e-01 4.401632e-01
-4.000000e-03 7.955000e-01 -2.876819e-01 4.399947e-01 -4.500000e-03 7.960000e-01 -2.876262e-01 4.400788e-01
-5.530000e-01 7.965000e-01 -2.627531e-01 4.469115e-01 -5.525000e-01 7.970000e-01 -2.628041e-01 4.469853e-01
-5.525000e-01 7.970000e-01 -2.628041e-01 4.469853e-01 -5.520000e-01 7.975000e-01 -2.628561e-01 4.470594e-01
-5.500000e-03 7.970000e-01 -2.875131e-01 4.402487e-01 -6.000000e-03 7.975000e-01 -2.874558e-01 4.403345e-01
-5.000000e-03 7.965000e-01 -2.875695e-01 4.401632e-01 -5.500000e-03 7.970000e-01 -2.875131e-01 4.402487e-01
-5.520000e-01 7.975000e-01 -2.628561e-01 4.470594e-01 -5.515000e-01 7.980000e-01 -2.629079e-01 4.471345e-01
-5.515000e-01 7.980000e-01 -2.629079e-01 4.471345e-01 -5.510000e-01 7.985000e-01 -2.629606e-01 4.472099e-01
-6.500000e-03 7.980000e-01 -2.873988e-01 4.404214e-01 -7.000000e-03 7.985000e-01 -2.873408e-01 4.405086e-01
-6.000000e-03 7.975000e-01 -2.874558e-01 4.403345e-01 -6.500000e-03 7.980000e-01 -2.873988e-01 4.404214e-01
-5.510000e-01 7.985000e-01 -2.629606e-01 4.472099e-01 -5.505000e-01 7.990000e-01 -2.630130e-01 4.472863e-01
-5.505000e-01 7.990000e-01 -2.630130e-01 4.472863e-01 -5.500000e-01 7.995000e-01 -2.630665e-01 4.473630e-01
-7.500000e-03 7.990000e-01 -2.872832e-01 4.405968e-01 -8.000000e-03 7.995000e-01 -2.872246e-01 4.406854e-01
-7.000000e-03 7.985000e-01 -2.873408e-01 4.405086e-01 -7.500000e-03 7.990000e-01 -2.872832e-01 4.405968e-01
-5.500000e-01 7.995000e-01 -2.630665e-01 4.473630e-01 -5.495000e-01 8.000000e-01 -2.631196e-01 4.474407e-01
-5.495000e-01 8.000000e-01 -2.631196e-01 4.474407e-01 -5.490000e-01 8.005000e-01 -2.631737e-01 4.475187e-01
-8.000000e-03 7.995000e-01 -2.872246e-01 4.406854e-01 -8.000000e-03 8.005000e-01 -2.868924e-01 4.411968e-01
-5.490000e-01 8.005000e-01 -2.631737e-01 4.475187e-01 -5.485000e-01 8.010000e-01 -2.632276e-01 4.475978e-01
-5.485000e-01 8.010000e-01 -2.632276e-01 4.475978e-01 -5.480000e-01 8.015000e-01 -2.632824e-01 4.476772e-01
-8.500000e-03 8.010000e-01 -2.868345e-01 4.412875e-01 -9.000000e-03 8.015000e-01 -2.867757e-01 4.413785e-01
-8.000000e-03 8.005000e-01 -2.868924e-01 4.411968e-01 -8.500000e-03 8.010000e-01 -2.868345e-01 4.412875e-01
-5.480000e-01 8.015000e-01 -2.632824e-01 4.476772e-01 -5.475000e-01 8.020000e-01 -2.633369e-01 4.477575e-01
-5.475000e-01 8.020000e-01 -2.633369e-01 4.477575e-01 -5.470000e-01 8.025000e-01 -2.633923e-01 4.478382e-01
-9.500000e-03 8.020000e-01 -2.867172e-01 4.414705e-01 -1.000000e-02 8.025000e-01 -2.866578e-01 4.415629e-01
-9.000000e-03 8.015000e-01 -2.867757e-01 4.413785e-01 -9.500000e-03 8.020000e-01 -2.867172e-01 4.414705e-01
-5.470000e-01 8.025000e-01 -2.633923e-01 4.478382e-01 -5.470000e-01 8.035000e-01 -2.637321e-01 4.483414e-01
-1.050000e-02 8.030000e-01 -2.865988e-01 4.416563e-01 -1.100000e-02 8.035000e-01 -2.865388e-01 4.417501e-01
-1.000000e-02 8.025000e-01 -2.866578e-01 4.415629e-01 -1.050000e-02 8.030000e-01 -2.865988e-01 4.416563e-01
-5.470000e-01 8.035000e-01 -2.637321e-01 4.483414e-01 -5.465000e-01 8.040000e-01 -2.637869e-01 4.484241e-01
-5.465000e-01 8.040000e-01 -2.637869e-01 4.484241e-01 -5.460000e-01 8.045000e-01 -2.638427e-01 4.485071e-01
-1.150000e-02 8.040000e-01 -2.864792e-01 4.418449e-01 -1.200000e-02 8.045000e-01 -2.864187e-01 4.419400e-01
-1.100000e-02 8.035000e-01 -2.865388e-01 4.417501e-01 -1.150000e-02 8.040000e-01 -2.864792e-01 4.418449e-01
-5.460000e-01 8.045000e-01 -2.638427e-01 4.485071e-01 -5.455000e-01 8.050000e-01 -2.638982e-01 4.485912e-01
-5.455000e-01 8.050000e-01 -2.638982e-01 4.485912e-01 -5.450000e-01 8.055000e-01 -2.639546e-01 4.486755e-01
-1.250000e-02 8.050000e-01 -2.863585e-01 4.420362e-01 -1.300000e-02 8.055000e-01 -2.862974e-01 4.421328e-01
-1.200000e-02 8.045000e-01 -2.864187e-01 4.419400e-01 -1.250000e-02 8.050000e-01 -2.863585e-01 4.420362e-01
-5.450000e-01 8.055000e-01 -2.639546e-01 4.486755e-01 -5.445000e-01 8.060000e-01 -2.640107e-01 4.487609e-01
-5.445000e-01 8.060000e-01 -2.640107e-01 4.487609e-01 -5.440000e-01 8.065000e-01 -2.640677e-01 4.488467e-01
-1.350000e-02 8.060000e-01 -2.862367e-01 4.422304e-01 -1.400000e-02 8.065000e-01 -2.861750e-01 4.423284e-01
-1.300000e-02 8.055000e-01 -2.862974e-01 4.421328e-01 -1.350000e-02 8.060000e-01 -2.862367e-01 4.422304e-01
-5.440000e-01 8.065000e-01 -2.640677e-01 4.488467e-01 -5.435000e-01 8.070000e-01 -2.641244e-01 4.489334e-01
-5.435000e-01 8.070000e-01 -2.641244e-01 4.489334e-01 -5.430000e-01 8.075000e-01 -2.641820e-01 4.490205e-01
-1.450000e-02 8.070000e-01 -2.861138e-01 4.424275e-01 -1.500000e-02 8.075000e-01 -2.860516e-01 4.425269e-01
-1.400000e-02 8.065000e-01 -2.861750e-01 4.423284e-01 -1.450000e-02 8.070000e-01 -2.861138e-01 4.424275e-01
-5.430000e-01 8.075000e-01 -2.641820e-01 4.490205e-01 -5.425000e-01 8.080000e-01 -2.642394e-01 4.491086e-01
-5.425000e-01 8.080000e-01 -2.642394e-01 4.491086e-01 -5.420000e-01 8.085000e-01 -2.642976e-01 4.491970e-01
-1.550000e-02 8.080000e-01 -2.859899e-01 4.426273e-01 -1.600000e-02 8.085000e-01 -2.859272e-01 4.427282e-01
-1.500000e-02 8.075000e-01 -2.860516e-01 4.425269e-01 -1.550000e-02 8.080000e-01 -2.859899e-01 4.426273e-01
-5.420000e-01 8.085000e-01 -2.642976e-01 4.491970e-01 -5.415000e-01 8.090000e-01 -2.643555e-01 4.492864e-01
-5.415000e-01 8.090000e-01 -2.643555e-01 4.492864e-01 -5.410000e-01 8.095000e-01 -2.644144e-01 4.493763e-01
-1.650000e-02 8.090000e-01 -2.858649e-01 4.428301e-01 -1.700000e-02 8.095000e-01 -2.858017e-01 4.429323e-01
-1.600000e-02 8.085000e-01 -2.859272e-01 4.427282e-01 -1.650000e-02 8.090000e-01 -2.858649e-01 4.428301e-01
-5.410000e-01 8.095000e-01 -2.644144e-01 4.493763e-01 -5.405000e-01 8.100000e-01 -2.644728e-01 4.494671e-01
-5.405000e-01 8.100000e-01 -2.644728e-01 4.494671e-01 -5.400000e-01 8.105000e-01 -2.645322e-01 4.495582e-01
-1.750000e-02 8.100000e-01 -2.857390e-01 4.430356e-01 -1.800000e-02 8.105000e-01 -2.856753e-01 4.431393e-01
-1.700000e-02 8.095000e-01 -2.858017e-01 4.429323e-01 -1.750000e-02 8.100000e-01 -2.857390e-01 4.430356e-01
-5.400000e-01 8.105000e-01 -2.645322e-01 4.495582e-01 -5.395000e-01 8.110000e-01 -2.645913e-01 4.496504e-01
-5.395000e-01 8.110000e-01 -2.645913e-01 4.496504e-01 -5.390000e-01 8.115000e-01 -2.646513e-01 4.497430e-01
-1.850000e-02 8.110000e-01 -2.856120e-01 4.432441e-01 -1.900000e-02 8.115000e-01 -2.855479e-01 4.433492e-01
-1.800000e-02 8.105000e-01 -2.856753e-01 4.431393e-01 -1.850000e-02 8.110000e-01 -2.856120e-01 4.432441e-01
-5.390000e-01 8.115000e-01 -2.646513e-01 4.497430e-01 -5.385000e-01 8.120000e-01 -2.647108e-01 4.498365e-01
-5.385000e-01 8.120000e-01 -2.647108e-01 4.498365e-01 -5.380000e-01 8.125000e-01 -2.647714e-01 4.499305e-01
-1.950000e-02 8.120000e-01 -2.854842e-01 4.434553e-01 -2.000000e-02 8.125000e-01 -2.854196e-01 4.435619e-01
-1.900000e-02 8.115000e-01 -2.855479e-01 4.433492e-01 -1.950000e-02 8.120000e-01 -2.854842e-01 4.434553e-01
-5.380000e-01 8.125000e-01 -2.647714e-01 4.499305e-01 -5.375000e-01 8.130000e-01 -2.648315e-01 4.500254e-01
-5.375000e-01 8.130000e-01 -2.648315e-01 4.500254e-01 -5.370000e-01 8.135000e-01 -2.648926e-01 4.501207e-01
-2.050000e-02 8.130000e-01 -2.853554e-01 4.436695e-01 -2.100000e-02 8.135000e-01 -2.852903e-01 4.437775e-01
-2.000000e-02 8.125000e-01 -2.854196e-01 4.435619e-01 -2.050000e-02 8.130000e-01 -2.853554e-01 4.436695e-01
-5.370000e-01 8.135000e-01 -2.648926e-01 4.501207e-01 -5.365000e-01 8.140000e-01 -2.649532e-01 4.502170e-01
-5.365000e-01 8.140000e-01 -2.649532e-01 4.502170e-01 -5.360000e-01 8.145000e-01 -2.650148e-01 4.503137e-01
-2.150000e-02 8.140000e-01 -2.852258e-01 4.438865e-01 -2.200000e-02 8.145000e-01 -2.851602e-01 4.439960e-01
-2.100000e-02 8.135000e-01 -2.852903e-01 4.437775e-01 -2.150000e-02 8.140000e-01 -2.852258e-01 4.438865e-01
-5.360000e-01 8.145000e-01 -2.650148e-01 4.503137e-01 -5.355000e-01 8.150000e-01 -2.650760e-01 4.504114e-01
-5.355000e-01 8.150000e-01 -2.650760e-01 4.504114e-01 -5.350000e-01 8.155000e-01 -2.651381e-01 4.505095e-01
-2.250000e-02 8.150000e-01 -2.850952e-01 4.441065e-01 -2.300000e-02 8.155000e-01 -2.850293e-01 4.442174e-01
-2.200000e-02 8.145000e-01 -2.851602e-01 4.439960e-01 -2.250000e-02 8.150000e-01 -2.850952e-01 4.441065e-01
-5.350000e-01 8.155000e-01 -2.651381e-01 4.505095e-01 -5.345000e-01 8.160000e-01 -2.651997e-01 4.506086e-01
-5.345000e-01 8.160000e-01 -2.651997e-01 4.506086e-01 -5.340000e-01 8.165000e-01 -2.652623e-01 4.507081e-01
-2.350000e-02 8.160000e-01 -2.849638e-01 4.443293e-01 -2.400000e-02 8.165000e-01 -2.848975e-01 4.444417e-01
-2.300000e-02 8.155000e-01 -2.850293e-01 4.442174e-01 -2.350000e-02 8.160000e-01 -2.849638e-01 4.443293e-01
-5.340000e-01 8.165000e-01 -2.652623e-01 4.507081e-01 -5.335000e-01 8.170000e-01 -2.653245e-01 4.508086e-01
-5.335000e-01 8.170000e-01 -2.653245e-01 4.508086e-01 -5.330000e-01 8.175000e-01 -2.653876e-01 4.509095e-01
-2.450000e-02 8.170000e-01 -2.848316e-01 4.445550e-01 -2.500000e-02 8.175000e-01 -2.847649e-01 4.446688e-01
-2.400000e-02 8.165000e-01 -2.848975e-01 4.444417e-01 -2.450000e-02 8.170000e-01 -2.848316e-01 4.445550e-01
-5.330000e-01 8.175000e-01 -2.653876e-01 4.509095e-01 -5.325000e-01 8.180000e-01 -2.654503e-01 4.510113e-01
-5.325000e-01 8.180000e-01 -2.654503e-01 4.510113e-01 -5.320000e-01 8.185000e-01 -2.655138e-01 4.511137e-01
-2.550000e-02 8.180000e-01 -2.846987e-01 4.447836e-01 -2.600000e-02 8.185000e-01 -2.846315e-01 4.448989e-01
-2.500000e-02 8.175000e-01 -2.847649e-01 4.446688e-01 -2.550000e-02 8.180000e-01 -2.846987e-01 4.447836e-01
-5.320000e-01 8.185000e-01 -2.655138e-01 4.511137e-01 -5.315000e-01 8.190000e-01 -2.655769e-01 4.512169e-01
-5.315000e-01 8.190000e-01 -2.655769e-01 4.512169e-01 -5.310000e-01 8.195000e-01 -2.656410e-01 4.513206e-01
-2.650000e-02 8.190000e-01 -2.845649e-01 4.450152e-01 -2.700000e-02 8.195000e-01 -2.844974e-01 4.451319e-01
-2.600000e-02 8.185000e-01 -2.846315e-01 4.448989e-01 -2.650000e-02 8.190000e-01 -2.845649e-01 4.450152e-01
-5.310000e-01 8.195000e-01 -2.656410e-01 4.513206e-01 -5.305000e-01 8.200000e-01 -2.657045e-01 4.514253e-01
-5.305000e-01 8.200000e-01 -2.657045e-01 4.514253e-01 -5.300000e-01 8.205000e-01 -2.657690e-01 4.515304e-01
-2.750000e-02 8.200000e-01 -2.844304e-01 4.452497e-01 -2.800000e-02 8.205000e-01 -2.843626e-01 4.453679e-01
-2.700000e-02 8.195000e-01 -2.844974e-01 4.451319e-01 -2.750000e-02 8.200000e-01 -2.844304e-01 4.452497e-01
-5.300000e-01 8.205000e-01 -2.657690e-01 4.515304e-01 -5.295000e-01 8.210000e-01 -2.658330e-01 4.516366e-01
-5.295000e-01 8.210000e-01 -2.658330e-01 4.516366e-01 -5.290000e-01 8.215000e-01 -2.658979e-01 4.517431e-01
-2.850000e-02 8.210000e-01 -2.842952e-01 4.454870e-01 -2.900000e-02 8.215000e-01 -2.842270e-01 4.456068e-01
-2.800000e-02 8.205000e-01 -2.843626e-01 4.453679e-01 -2.850000e-02 8.210000e-01 -2.842952e-01 4.454870e-01
-5.290000e-01 8.215000e-01 -2.658979e-01 4.517431e-01 -5.285000e-01 8.220000e-01 -2.659623e-01 4.518506e-01
-5.285000e-01 8.220000e-01 -2.659623e-01 4.518506e-01 -5.280000e-01 8.225000e-01 -2.660277e-01 4.519586e-01
-2.950000e-02 8.220000e-01 -2.841593e-01 4.457274e-01 -3.000000e-02 8.225000e-01 -2.840907e-01 4.458486e-01
-2.900000e-02 8.215000e-01 -2.842270e-01 4.456068e-01 -2.950000e-02 8.220000e-01 -2.841593e-01 4.457274e-01
-5.280000e-01 8.225000e-01 -2.660277e-01 4.519586e-01 -5.275000e-01 8.230000e-01 -2.660926e-01 4.520675e-01
-5.275000e-01 8.230000e-01 -2.660926e-01 4.520675e-01 -5.270000e-01 8.235000e-01 -2.661583e-01 4.521769e-01
-3.050000e-02 8.230000e-01 -2.840227e-01 4.459707e-01 -3.100000e-02 8.235000e-01 -2.839538e-01 4.460933e-01
-3.000000e-02 8.225000e-01 -2.840907e-01 4.458486e-01 -3.050000e-02 8.230000e-01 -2.840227e-01 4.459707e-01
-5.270000e-01 8.235000e-01 -2.661583e-01 4.521769e-01 -5.265000e-01 8.240000e-01 -2.662236e-01 4.522873e-01
-5.265000e-01 8.240000e-01 -2.662236e-01 4.522873e-01 -5.260000e-01 8.245000e-01 -2.662897e-01 4.523981e-01
-3.150000e-02 8.240000e-01 -2.838855e-01 4.462169e-01 -3.200000e-02 8.245000e-01 -2.838163e-01 4.463410e-01
-3.100000e-02 8.235000e-01 -2.839538e-01 4.460933e-01 -3.150000e-02 8.240000e-01 -2.838855e-01 4.462169e-01
-5.260000e-01 8.245000e-01 -2.662897e-01 4.523981e-01 -5.255000e-01 8.250000e-01 -2.663553e-01 4.525099e-01
-5.255000e-01 8.250000e-01 -2.663553e-01 4.525099e-01 -5.250000e-01 8.255000e-01 -2.664219e-01 4.526221e-01
-3.250000e-02 8.250000e-01 -2.837477e-01 4.464660e-01 -3.300000e-02 8.255000e-01 -2.836782e-01 4.465916e-01
-3.200000e-02 8.245000e-01 -2.838163e-01 4.463410e-01 -3.250000e-02 8.250000e-01 -2.837477e-01 4.464660e-01
-5.250000e-01 8.255000e-01 -2.664219e-01 4.526221e-01 -5.245000e-01 8.260000e-01 -2.664879e-01 4.527353e-01
-5.245000e-01 8.260000e-01 -2.664879e-01 4.527353e-01 -5.240000e-01 8.265000e-01 -2.665548e-01 4.528490e-01
-3.350000e-02 8.260000e-01 -2.836093e-01 4.467182e-01 -3.400000e-02 8.265000e-01 -2.835395e-01 4.468452e-01
-3.300000e-02 8.255000e-01 -2.836782e-01 4.465916e-01 -3.350000e-02 8.260000e-01 -2.836093e-01 4.467182e-01
-5.240000e-01 8.265000e-01 -2.665548e-01 4.528490e-01 -5.235000e-01 8.270000e-01 -2.666212e-01 4.529637e-01
-5.235000e-01 8.270000e-01 -2.666212e-01 4.529637e-01 -5.230000e-01 8.275000e-01 -2.666885e-01 4.530788e-01
-3.550000e-02 8.270000e-01 -2.836379e-01 4.466656e-01 -3.600000e-02 8.275000e-01 -2.835671e-01 4.467947e-01
-3.550000e-02 8.270000e-01 -2.836379e-01 4.466656e-01 -3.450000e-02 8.270000e-01 -2.834703e-01 4.469732e-01
-3.400000e-02 8.265000e-01 -2.835395e-01 4.468452e-01 -3.450000e-02 8.270000e-01 -2.834703e-01 4.469732e-01
-5.230000e-01 8.275000e-01 -2.666885e-01 4.530788e-01 -5.225000e-01 8.280000e-01 -2.667552e-01 4.531948e-01
-5.225000e-01 8.280000e-01 -2.667552e-01 4.531948e-01 -5.220000e-01 8.285000e-01 -2.668229e-01 4.533114e-01
-3.650000e-02 8.280000e-01 -2.834968e-01 4.469247e-01 -3.700000e-02 8.285000e-01 -2.834257e-01 4.470553e-01
-3.600000e-02 8.275000e-01 -2.835671e-01 4.467947e-01 -3.650000e-02 8.280000e-01 -2.834968e-01 4.469247e-01
-5.220000e-01 8.285000e-01 -2.668229e-01 4.533114e-01 -5.215000e-01 8.290000e-01 -2.668900e-01 4.534289e-01
-5.215000e-01 8.290000e-01 -2.668900e-01 4.534289e-01 -5.210000e-01 8.295000e-01 -2.669579e-01 4.535470e-01
-3.750000e-02 8.290000e-01 -2.833552e-01 4.471868e-01 -3.800000e-02 8.295000e-01 -2.832839e-01 4.473189e-01
-3.700000e-02 8.285000e-01 -2.834257e-01 4.470553e-01 -3.750000e-02 8.290000e-01 -2.833552e-01 4.471868e-01
-5.210000e-01 8.295000e-01 -2.669579e-01 4.535470e-01 -5.205000e-01 8.300000e-01 -2.670253e-01 4.536659e-01
-5.205000e-01 8.300000e-01 -2.670253e-01 4.536659e-01 -5.200000e-01 8.305000e-01 -2.670936e-01 4.537854e-01
-3.850000e-02 8.300000e-01 -2.832131e-01 4.474519e-01 -3.900000e-02 8.305000e-01 -2.831415e-01 4.475854e-01
-3.800000e-02 8.295000e-01 -2.832839e-01 4.473189e-01 -3.850000e-02 8.300000e-01 -2.832131e-01 4.474519e-01
-5.200000e-01 8.305000e-01 -2.670936e-01 4.537854e-01 -5.195000e-01 8.310000e-01 -2.671614e-01 4.539057e-01
-5.195000e-01 8.310000e-01 -2.671614e-01 4.539057e-01 -5.190000e-01 8.315000e-01 -2.672300e-01 4.540266e-01
-3.950000e-02 8.310000e-01 -2.830706e-01 4.477199e-01 -4.000000e-02 8.315000e-01 -2.829988e-01 4.478550e-01
-3.900000e-02 8.305000e-01 -2.831415e-01 4.475854e-01 -3.950000e-02 8.310000e-01 -2.830706e-01 4.477199e-01
-5.190000e-01 8.315000e-01 -2.672300e-01 4.540266e-01 -5.185000e-01 8.320000e-01 -2.672980e-01 4.541485e-01
-5.185000e-01 8.320000e-01 -2.672980e-01 4.541485e-01 -5.175000e-01 8.320000e-01 -2.671205e-01 4.538332e-01
-5.175000e-01 8.320000e-01 -2.671205e-01 4.538332e-01 -5.170000e-01 8.325000e-01 -2.671902e-01 4.539561e-01
-4.050000e-02 8.320000e-01 -2.829276e-01 4.479910e-01 -4.100000e-02 8.325000e-01 -2.828556e-01 4.481275e-01
-4.000000e-02 8.315000e-01 -2.829988e-01 4.478550e-01 -4.050000e-02 8.320000e-01 -2.829276e-01 4.479910e-01
-5.170000e-01 8.325000e-01 -2.671902e-01 4.539561e-01 -5.165000e-01 8.330000e-01 -2.672593e-01 4.540799e-01
-5.165000e-01 8.330000e-01 -2.672593e-01 4.540799e-01 -5.160000e-01 8.335000e-01 -2.673293e-01 4.542042e-01
-4.150000e-02 8.330000e-01 -2.827842e-01 4.482650e-01 -4.200000e-02 8.335000e-01 -2.827121e-01 4.484031e-01
-4.100000e-02 8.325000e-01 -2.828556e-01 4.481275e-01 -4.150000e-02 8.330000e-01 -2.827842e-01 4.482650e-01
-5.160000e-01 8.335000e-01 -2.673293e-01 4.542042e-01 -5.155000e-01 8.340000e-01 -2.673987e-01 4.543294e-01
-5.155000e-01 8.340000e-01 -2.673987e-01 4.543294e-01 -5.150000e-01 8.345000e-01 -2.674689e-01 4.544552e-01
-4.250000e-02 8.340000e-01 -2.826405e-01 4.485421e-01 -4.300000e-02 8.345000e-01 -2.825681e-01 4.486816e-01
-4.200000e-02 8.335000e-01 -2.827121e-01 4.484031e-01 -4.250000e-02 8.340000e-01 -2.826405e-01 4.485421e-01
-5.150000e-01 8.345000e-01 -2.674689e-01 4.544552e-01 -5.145000e-01 8.350000e-01 -2.675386e-01 4.545820e-01
-5.145000e-01 8.350000e-01 -2.675386e-01 4.545820e-01 -5.140000e-01 8.355000e-01 -2.676091e-01 4.547092e-01
-4.450000e-02 8.350000e-01 -2.826498e-01 4.485237e-01 -4.500000e-02 8.355000e-01 -2.825765e-01 4.486653e-01
-4.450000e-02 8.350000e-01 -2.826498e-01 4.485237e-01 -4.350000e-02 8.350000e-01 -2.824964e-01 4.488221e-01
-4.300000e-02 8.345000e-01 -2.825681e-01 4.486816e-01 -4.350000e-02 8.350000e-01 -2.824964e-01 4.488221e-01
-5.140000e-01 8.355000e-01 -2.676091e-01 4.547092e-01 -5.135000e-01 8.360000e-01 -2.676791e-01 4.548374e-01
-5.135000e-01 8.360000e-01 -2.676791e-01 4.548374e-01 -5.130000e-01 8.365000e-01 -2.677498e-01 4.549661e-01
-4.550000e-02 8.360000e-01 -2.825039e-01 4.488079e-01 -4.600000e-02 8.365000e-01 -2.824305e-01 4.489510e-01
-4.500000e-02 8.355000e-01 -2.825765e-01 4.486653e-01 -4.550000e-02 8.360000e-01 -2.825039e-01 4.488079e-01
-5.130000e-01 8.365000e-01 -2.677498e-01 4.549661e-01 -5.125000e-01 8.370000e-01 -2.678200e-01 4.550958e-01
-5.125000e-01 8.370000e-01 -2.678200e-01 4.550958e-01 -5.120000e-01 8.375000e-01 -2.678909e-01 4.552259e-01
-4.650000e-02 8.370000e-01 -2.823577e-01 4.490951e-01 -4.700000e-02 8.375000e-01 -2.822842e-01 4.492398e-01
-4.600000e-02 8.365000e-01 -2.824305e-01 4.489510e-01 -4.650000e-02 8.370000e-01 -2.823577e-01 4.490951e-01
-5.120000e-01 8.375000e-01 -2.678909e-01 4.552259e-01 -5.115000e-01 8.380000e-01 -2.679613e-01 4.553571e-01
-5.115000e-01 8.380000e-01 -2.679613e-01 4.553571e-01 -5.110000e-01 8.385000e-01 -2.680325e-01 4.554887e-01
-4.750000e-02 8.380000e-01 -2.822113e-01 4.493853e-01 -4.800000e-02 8.385000e-01 -2.821377e-01 4.495315e-01
-4.700000e-02 8.375000e-01 -2.822842e-01 4.492398e-01 -4.750000e-02 8.380000e-01 -2.822113e-01 4.493853e-01
-5.110000e-01 8.385000e-01 -2.680325e-01 4.554887e-01 -5.105000e-01 8.390000e-01 -2.681031e-01 4.556213e-01
-5.105000e-01 8.390000e-01 -2.681031e-01 4.556213e-01 -5.095000e-01 8.390000e-01 -2.679383e-01 4.553137e-01
-5.095000e-01 8.390000e-01 -2.679383e-01 4.553137e-01 -5.090000e-01 8.395000e-01 -2.680104e-01 4.554474e-01
-4.850000e-02 8.390000e-01 -2.820646e-01 4.496785e-01 -4.900000e-02 8.395000e-01 -2.819909e-01 4.498262e-01
-4.800000e-02 8.385000e-01 -2.821377e-01 4.495315e-01 -4.850000e-02 8.390000e-01 -2.820646e-01 4.496785e-01
-5.090000e-01 8.395000e-01 -2.680104e-01 4.554474e-01 -5.085000e-01 8.400000e-01 -2.680820e-01 4.555820e-01
-5.085000e-01 8.400000e-01 -2.680820e-01 4.555820e-01 -5.080000e-01 8.405000e-01 -2.681543e-01 4.557171e-01
-5.050000e-02 8.400000e-01 -2.820621e-01 4.496827e-01 -5.100000e-02 8.405000e-01 -2.819875e-01 4.498325e-01
-5.050000e-02 8.400000e-01 -2.820621e-01 4.496827e-01 -4.950000e-02 8.400000e-01 -2.819177e-01 4.499748e-01
-4.900000e-02 8.395000e-01 -2.819909e-01 4.498262e-01 -4.950000e-02 8.400000e-01 -2.819177e-01 4.499748e-01
-5.080000e-01 8.405000e-01 -2.681543e-01 4.557171e-01 -5.075000e-01 8.410000e-01 -2.682260e-01 4.558532e-01
-5.075000e-01 8.410000e-01 -2.682260e-01 4.558532e-01 -5.070000e-01 8.415000e-01 -2.682985e-01 4.559898e-01
-5.150000e-02 8.410000e-01 -2.819136e-01 4.499832e-01 -5.200000e-02 8.415000e-01 -2.818390e-01 4.501345e-01
-5.100000e-02 8.405000e-01 -2.819875e-01 4.498325e-01 -5.150000e-02 8.410000e-01 -2.819136e-01 4.499832e-01
-5.070000e-01 8.415000e-01 -2.682985e-01 4.559898e-01 -5.065000e-01 8.420000e-01 -2.683704e-01 4.561274e-01
-5.065000e-01 8.420000e-01 -2.683704e-01 4.561274e-01 -5.060000e-01 8.425000e-01 -2.684431e-01 4.562655e-01
-5.250000e-02 8.420000e-01 -2.817650e-01 4.502867e-01 -5.300000e-02 8.425000e-01 -2.816903e-01 4.504395e-01
-5.200000e-02 8.415000e-01 -2.818390e-01 4.501345e-01 -5.250000e-02 8.420000e-01 -2.817650e-01 4.502867e-01
-5.060000e-01 8.425000e-01 -2.684431e-01 4.562655e-01 -5.055000e-01 8.430000e-01 -2.685152e-01 4.564045e-01
-5.055000e-01 8.430000e-01 -2.685152e-01 4.564045e-01 -5.050000e-01 8.435000e-01 -2.685880e-01 4.565441e-01
-5.350000e-02 8.430000e-01 -2.816163e-01 4.505933e-01 -5.400000e-02 8.435000e-01 -2.815415e-01 4.507476e-01
-5.300000e-02 8.425000e-01 -2.816903e-01 4.504395e-01 -5.350000e-02 8.430000e-01 -2.816163e-01 4.505933e-01
-5.050000e-01 8.435000e-01 -2.685880e-01 4.565441e-01 -5.045000e-01 8.440000e-01 -2.686602e-01 4.566846e-01
-5.045000e-01 8.440000e-01 -2.686602e-01 4.566846e-01 -5.035000e-01 8.440000e-01 -2.685045e-01 4.563830e-01
-5.035000e-01 8.440000e-01 -2.685045e-01 4.563830e-01 -5.030000e-01 8.445000e-01 -2.685781e-01 4.565247e-01
-5.450000e-02 8.440000e-01 -2.814674e-01 4.509028e-01 -5.500000e-02 8.445000e-01 -2.813927e-01 4.510587e-01
-5.400000e-02 8.435000e-01 -2.815415e-01 4.507476e-01 -5.450000e-02 8.440000e-01 -2.814674e-01 4.509028e-01
-5.030000e-01 8.445000e-01 -2.685781e-01 4.565247e-01 -5.025000e-01 8.450000e-01 -2.686512e-01 4.566673e-01
-5.025000e-01 8.450000e-01 -2.686512e-01 4.566673e-01 -5.020000e-01 8.455000e-01 -2.687249e-01 4.568104e-01
-5.650000e-02 8.450000e-01 -2.814543e-01 4.509301e-01 -5.700000e-02 8.455000e-01 -2.813788e-01 4.510881e-01
-5.650000e-02 8.450000e-01 -2.814543e-01 4.509301e-01 -5.550000e-02 8.450000e-01 -2.813185e-01 4.512154e-01
-5.500000e-02 8.445000e-01 -2.813927e-01 4.510587e-01 -5.550000e-02 8.450000e-01 -2.813185e-01 4.512154e-01
-5.020000e-01 8.455000e-01 -2.687249e-01 4.568104e-01 -5.015000e-01 8.460000e-01 -2.687981e-01 4.569545e-01
-5.015000e-01 8.460000e-01 -2.687981e-01 4.569545e-01 -5.010000e-01 8.465000e-01 -2.688720e-01 4.570991e-01
-5.750000e-02 8.460000e-01 -2.813040e-01 4.512470e-01 -5.800000e-02 8.465000e-01 -2.812285e-01 4.514065e-01
-5.700000e-02 8.455000e-01 -2.813788e-01 4.510881e-01 -5.750000e-02 8.460000e-01 -2.813040e-01 4.512470e-01
-5.010000e-01 8.465000e-01 -2.688720e-01 4.570991e-01 -5.005000e-01 8.470000e-01 -2.689453e-01 4.572446e-01
-5.005000e-01 8.470000e-01 -2.689453e-01 4.572446e-01 -5.000000e-01 8.475000e-01 -2.690192e-01 4.573908e-01
-5.850000e-02 8.470000e-01 -2.811537e-01 4.515669e-01 -5.900000e-02 8.475000e-01 -2.810783e-01 4.517280e-01
-5.800000e-02 8.465000e-01 -2.812285e-01 4.514065e-01 -5.850000e-02 8.470000e-01 -2.811537e-01 4.515669e-01
-5.000000e-01 8.475000e-01 -2.690192e-01 4.573908e-01 -4.995000e-01 8.480000e-01 -2.690926e-01 4.575378e-01
-4.995000e-01 8.480000e-01 -2.690926e-01 4.575378e-01 -4.990000e-01 8.485000e-01 -2.691666e-01 4.576854e-01
-5.950000e-02 8.480000e-01 -2.810034e-01 4.518899e-01 -6.000000e-02 8.485000e-01 -2.809280e-01 4.520524e-01
-5.900000e-02 8.475000e-01 -2.810783e-01 4.517280e-01 -5.950000e-02 8.480000e-01 -2.810034e-01 4.518899e-01
-4.990000e-01 8.485000e-01 -2.691666e-01 4.576854e-01 -4.985000e-01 8.490000e-01 -2.692401e-01 4.578339e-01
-4.985000e-01 8.490000e-01 -2.692401e-01 4.578339e-01 -4.975000e-01 8.490000e-01 -2.690930e-01 4.575387e-01
-4.975000e-01 8.490000e-01 -2.690930e-01 4.575387e-01 -4.970000e-01 8.495000e-01 -2.691678e-01 4.576884e-01
-6.150000e-02 8.490000e-01 -2.809821e-01 4.519362e-01 -6.200000e-02 8.495000e-01 -2.809060e-01 4.521009e-01
-6.150000e-02 8.490000e-01 -2.809821e-01 4.519362e-01 -6.050000e-02 8.490000e-01 -2.808532e-01 4.522159e-01
-6.000000e-02 8.485000e-01 -2.809280e-01 4.520524e-01 -6.050000e-02 8.490000e-01 -2.808532e-01 4.522159e-01
-4.970000e-01 8.495000e-01 -2.691678e-01 4.576884e-01 -4.965000e-01 8.500000e-01 -2.692420e-01 4.578390e-01
-4.965000e-01 8.500000e-01 -2.692420e-01 4.578390e-01 -4.960000e-01 8.505000e-01 -2.693168e-01 4.579902e-01
-6.250000e-02 8.500000e-01 -2.808307e-01 4.522666e-01 -6.300000e-02 8.505000e-01 -2.807547e-01 4.524328e-01
-6.200000e-02 8.495000e-01 -2.809060e-01 4.521009e-01 -6.250000e-02 8.500000e-01 -2.808307e-01 4.522666e-01
-4.960000e-01 8.505000e-01 -2.693168e-01 4.579902e-01 -4.955000e-01 8.510000e-01 -2.693910e-01 4.581423e-01
-4.955000e-01 8.510000e-01 -2.693910e-01 4.581423e-01 -4.950000e-01 8.515000e-01 -2.694659e-01 4.582951e-01
-6.350000e-02 8.510000e-01 -2.806793e-01 4.525999e-01 -6.400000e-02 8.515000e-01 -2.806034e-01 4.527677e-01
-6.300000e-02 8.505000e-01 -2.807547e-01 4.524328e-01 -6.350000e-02 8.510000e-01 -2.806793e-01 4.525999e-01
-4.950000e-01 8.515000e-01 -2.694659e-01 4.582951e-01 -4.945000e-01 8.520000e-01 -2.695402e-01 4.584487e-01
-4.945000e-01 8.520000e-01 -2.695402e-01 4.584487e-01 -4.935000e-01 8.520000e-01 -2.693988e-01 4.581575e-01
-4.935000e-01 8.520000e-01 -2.693988e-01 4.581575e-01 -4.930000e-01 8.525000e-01 -2.694744e-01 4.583124e-01
-6.550000e-02 8.520000e-01 -2.806516e-01 4.526612e-01 -6.600000e-02 8.525000e-01 -2.805751e-01 4.528312e-01
-6.550000e-02 8.520000e-01 -2.806516e-01 4.526612e-01 -6.450000e-02 8.520000e-01 -2.805282e-01 4.529364e-01
-6.400000e-02 8.515000e-01 -2.806034e-01 4.527677e-01 -6.450000e-02 8.520000e-01 -2.805282e-01 4.529364e-01
-4.930000e-01 8.525000e-01 -2.694744e-01 4.583124e-01 -4.925000e-01 8.530000e-01 -2.695493e-01 4.584681e-01
-4.925000e-01 8.530000e-01 -2.695493e-01 4.584681e-01 -4.920000e-01 8.535000e-01 -2.696248e-01 4.586244e-01
-6.650000e-02 8.530000e-01 -2.804994e-01 4.530020e-01 -6.700000e-02 8.535000e-01 -2.804230e-01 4.531735e-01
-6.600000e-02 8.525000e-01 -2.805751e-01 4.528312e-01 -6.650000e-02 8.530000e-01 -2.804994e-01 4.530020e-01
-4.920000e-01 8.535000e-01 -2.696248e-01 4.586244e-01 -4.915000e-01 8.540000e-01 -2.696997e-01 4.587816e-01
-4.915000e-01 8.540000e-01 -2.696997e-01 4.587816e-01 -4.910000e-01 8.545000e-01 -2.697753e-01 4.589395e-01
-6.750000e-02 8.540000e-01 -2.803473e-01 4.533459e-01 -6.800000e-02 8.545000e-01 -2.802711e-01 4.535189e-01
-6.700000e-02 8.535000e-01 -2.804230e-01 4.531735e-01 -6.750000e-02 8.540000e-01 -2.803473e-01 4.533459e-01
-4.910000e-01 8.545000e-01 -2.697753e-01 4.589395e-01 -4.905000e-01 8.550000e-01 -2.698502e-01 4.590982e-01
-4.905000e-01 8.550000e-01 -2.698502e-01 4.590982e-01 -4.895000e-01 8.550000e-01 -2.697144e-01 4.588113e-01
-4.895000e-01 8.550000e-01 -2.697144e-01 4.588113e-01 -4.890000e-01 8.555000e-01 -2.697905e-01 4.589713e-01
-6.950000e-02 8.550000e-01 -2.803137e-01 4.534222e-01 -7.000000e-02 8.555000e-01 -2.802370e-01 4.535974e-01
-6.950000e-02 8.550000e-01 -2.803137e-01 4.534222e-01 -6.850000e-02 8.550000e-01 -2.801955e-01 4.536927e-01
-6.800000e-02 8.545000e-01 -2.802711e-01 4.535189e-01 -6.850000e-02 8.550000e-01 -2.801955e-01 4.536927e-01
-4.890000e-01 8.555000e-01 -2.697905e-01 4.589713e-01 -4.885000e-01 8.560000e-01 -2.698660e-01 4.591322e-01
-4.885000e-01 8.560000e-01 -2.698660e-01 4.591322e-01 -4.880000e-01 8.565000e-01 -2.699421e-01 4.592936e-01
-7.050000e-02 8.560000e-01 -2.801610e-01 4.537736e-01 -7.100000e-02 8.565000e-01 -2.800844e-01 4.539503e-01
-7.000000e-02 8.555000e-01 -2.802370e-01 4.535974e-01 -7.050000e-02 8.560000e-01 -2.801610e-01 4.537736e-01
-4.880000e-01 8.565000e-01 -2.699421e-01 4.592936e-01 -4.875000e-01 8.570000e-01 -2.700176e-01 4.594560e-01
-4.875000e-01 8.570000e-01 -2.700176e-01 4.594560e-01 -4.870000e-01 8.575000e-01 -2.700937e-01 4.596190e-01
-7.250000e-02 8.570000e-01 -2.801228e-01 4.538608e-01 -7.300000e-02 8.575000e-01 -2.800458e-01 4.540397e-01
-7.250000e-02 8.570000e-01 -2.801228e-01 4.538608e-01 -7.150000e-02 8.570000e-01 -2.800085e-01 4.541279e-01
-7.100000e-02 8.565000e-01 -2.800844e-01 4.539503e-01 -7.150000e-02 8.570000e-01 -2.800085e-01 4.541279e-01
-4.870000e-01 8.575000e-01 -2.700937e-01 4.596190e-01 -4.865000e-01 8.580000e-01 -2.701691e-01 4.597828e-01
-4.865000e-01 8.580000e-01 -2.701691e-01 4.597828e-01 -4.855000e-01 8.580000e-01 -2.700386e-01 4.595004e-01
-4.855000e-01 8.580000e-01 -2.700386e-01 4.595004e-01 -4.850000e-01 8.585000e-01 -2.701152e-01 4.596655e-01
-7.350000e-02 8.580000e-01 -2.799695e-01 4.542195e-01 -7.400000e-02 8.585000e-01 -2.798927e-01 4.544000e-01
-7.300000e-02 8.575000e-01 -2.800458e-01 4.540397e-01 -7.350000e-02 8.580000e-01 -2.799695e-01 4.542195e-01
-4.850000e-01 8.585000e-01 -2.701152e-01 4.596655e-01 -4.845000e-01 8.590000e-01 -2.701911e-01 4.598315e-01
-4.845000e-01 8.590000e-01 -2.701911e-01 4.598315e-01 -4.840000e-01 8.595000e-01 -2.702676e-01 4.599982e-01
-7.450000e-02 8.590000e-01 -2.798166e-01 4.545814e-01 -7.500000e-02 8.595000e-01 -2.797400e-01 4.547634e-01
-7.400000e-02 8.585000e-01 -2.798927e-01 4.544000e-01 -7.450000e-02 8.590000e-01 -2.798166e-01 4.545814e-01
-4.840000e-01 8.595000e-01 -2.702676e-01 4.599982e-01 -4.835000e-01 8.600000e-01 -2.703435e-01 4.601657e-01
-4.835000e-01 8.600000e-01 -2.703435e-01 4.601657e-01 -4.830000e-01 8.605000e-01 -2.704199e-01 4.603338e-01
-7.650000e-02 8.600000e-01 -2.797734e-01 4.546839e-01 -7.700000e-02 8.605000e-01 -2.796965e-01 4.548682e-01
-7.650000e-02 8.600000e-01 -2.797734e-01 4.546839e-01 -7.550000e-02 8.600000e-01 -2.796640e-01 4.549462e-01
-7.500000e-02 8.595000e-01 -2.797400e-01 4.547634e-01 -7.550000e-02 8.600000e-01 -2.796640e-01 4.549462e-01
-4.830000e-01 8.605000e-01 -2.704199e-01 4.603338e-01 -4.825000e-01 8.610000e-01 -2.704956e-01 4.605029e-01
-4.825000e-01 8.610000e-01 -2.704956e-01 4.605029e-01 -4.815000e-01 8.610000e-01 -2.703703e-01 4.602249e-01
-4.815000e-01 8.610000e-01 -2.703703e-01 4.602249e-01 -4.810000e-01 8.615000e-01 -2.704472e-01 4.603953e-01
-7.750000e-02 8.610000e-01 -2.796202e-01 4.550532e-01 -7.800000e-02 8.615000e-01 -2.795435e-01 4.552390e-01
-7.700000e-02 8.605000e-01 -2.796965e-01 4.548682e-01 -7.750000e-02 8.610000e-01 -2.796202e-01 4.550532e-01
-4.810000e-01 8.615000e-01 -2.704472e-01 4.603953e-01 -4.805000e-01 8.620000e-01 -2.705234e-01 4.605664e-01
-4.805000e-01 8.620000e-01 -2.705234e-01 4.605664e-01 -4.800000e-01 8.625000e-01 -2.706002e-01 4.607383e-01
-7.950000e-02 8.620000e-01 -2.795731e-01 4.551668e-01 -8.000000e-02 8.625000e-01 -2.794960e-01 4.553549e-01
-7.950000e-02 8.620000e-01 -2.795731e-01 4.551668e-01 -7.850000e-02 8.620000e-01 -2.794674e-01 4.554256e-01
-7.800000e-02 8.615000e-01 -2.795435e-01 4.552390e-01 -7.850000e-02 8.620000e-01 -2.794674e-01 4.554256e-01
-4.800000e-01 8.625000e-01 -2.706002e-01 4.607383e-01 -4.795000e-01 8.630000e-01 -2.706762e-01 4.609110e-01
-4.795000e-01 8.630000e-01 -2.706762e-01 4.609110e-01 -4.785000e-01 8.630000e-01 -2.705549e-01 4.606363e-01
-4.785000e-01 8.630000e-01 -2.705549e-01 4.606363e-01 -4.780000e-01 8.635000e-01 -2.706320e-01 4.608104e-01
-8.050000e-02 8.630000e-01 -2.794197e-01 4.555437e-01 -8.100000e-02 8.635000e-01 -2.793429e-01 4.557332e-01
-8.000000e-02 8.625000e-01 -2.794960e-01 4.553549e-01 -8.050000e-02 8.630000e-01 -2.794197e-01 4.555437e-01
-4.780000e-01 8.635000e-01 -2.706320e-01 4.608104e-01 -4.775000e-01 8.640000e-01 -2.707085e-01 4.609852e-01
-4.775000e-01 8.640000e-01 -2.707085e-01 4.609852e-01 -4.770000e-01 8.645000e-01 -2.707855e-01 4.611608e-01
-8.250000e-02 8.640000e-01 -2.793689e-01 4.556683e-01 -8.300000e-02 8.645000e-01 -2.792919e-01 4.558601e-01
-8.250000e-02 8.640000e-01 -2.793689e-01 4.556683e-01 -8.150000e-02 8.640000e-01 -2.792669e-01 4.559235e-01
-8.100000e-02 8.635000e-01 -2.793429e-01 4.557332e-01 -8.150000e-02 8.640000e-01 -2.792669e-01 4.559235e-01
-4.770000e-01 8.645000e-01 -2.707855e-01 4.611608e-01 -4.765000e-01 8.650000e-01 -2.708618e-01 4.613371e-01
-4.765000e-01 8.650000e-01 -2.708618e-01 4.613371e-01 -4.755000e-01 8.650000e-01 -2.707442e-01 4.610658e-01
-4.755000e-01 8.650000e-01 -2.707442e-01 4.610658e-01 -4.750000e-01 8.655000e-01 -2.708216e-01 4.612436e-01
-8.350000e-02 8.650000e-01 -2.792156e-01 4.560527e-01 -8.400000e-02 8.655000e-01 -2.791389e-01 4.562460e-01
-8.300000e-02 8.645000e-01 -2.792919e-01 4.558601e-01 -8.350000e-02 8.650000e-01 -2.792156e-01 4.560527e-01
-4.750000e-01 8.655000e-01 -2.708216e-01 4.612436e-01 -4.745000e-01 8.660000e-01 -2.708983e-01 4.614221e-01
-4.745000e-01 8.660000e-01 -2.708983e-01 4.614221e-01 -4.740000e-01 8.665000e-01 -2.709754e-01 4.616014e-01
-8.550000e-02 8.660000e-01 -2.791614e-01 4.561885e-01 -8.600000e-02 8.665000e-01 -2.790845e-01 4.563841e-01
-8.550000e-02 8.660000e-01 -2.791614e-01 4.561885e-01 -8.450000e-02 8.660000e-01 -2.790628e-01 4.564400e-01
-8.400000e-02 8.655000e-01 -2.791389e-01 4.562460e-01 -8.450000e-02 8.660000e-01 -2.790628e-01 4.564400e-01
-4.740000e-01 8.665000e-01 -2.709754e-01 4.616014e-01 -4.735000e-01 8.670000e-01 -2.710519e-01 4.617814e-01
-4.735000e-01 8.670000e-01 -2.710519e-01 4.617814e-01 -4.725000e-01 8.670000e-01 -2.709380e-01 4.615136e-01
-4.725000e-01 8.670000e-01 -2.709380e-01 4.615136e-01 -4.720000e-01 8.675000e-01 -2.710155e-01 4.616950e-01
-8.650000e-02 8.670000e-01 -2.790083e-01 4.565804e-01 -8.700000e-02 8.675000e-01 -2.789316e-01 4.567774e-01
-8.600000e-02 8.665000e-01 -2.790845e-01 4.563841e-01 -8.650000e-02 8.670000e-01 -2.790083e-01 4.565804e-01
-4.720000e-01 8.675000e-01 -2.710155e-01 4.616950e-01 -4.715000e-01 8.680000e-01 -2.710923e-01 4.618773e-01
-4.715000e-01 8.680000e-01 -2.710923e-01 4.618773e-01 -4.710000e-01 8.685000e-01 -2.711696e-01 4.620602e-01
-8.850000e-02 8.680000e-01 -2.789509e-01 4.567275e-01 -8.900000e-02 8.685000e-01 -2.788741e-01 4.569268e-01
-8.850000e-02 8.680000e-01 -2.789509e-01 4.567275e-01 -8.750000e-02 8.680000e-01 -2.788557e-01 4.569753e-01
-8.700000e-02 8.675000e-01 -2.789316e-01 4.567774e-01 -8.750000e-02 8.680000e-01 -2.788557e-01 4.569753e-01
-4.710000e-01 8.685000e-01 -2.711696e-01 4.620602e-01 -4.705000e-01 8.690000e-01 -2.712461e-01 4.622440e-01
-4.705000e-01 8.690000e-01 -2.712461e-01 4.622440e-01 -4.695000e-01 8.690000e-01 -2.711358e-01 4.619796e-01
-4.695000e-01 8.690000e-01 -2.711358e-01 4.619796e-01 -4.690000e-01 8.695000e-01 -2.712134e-01 4.621648e-01
-8.950000e-02 8.690000e-01 -2.787981e-01 4.571268e-01 -9.000000e-02 8.695000e-01 -2.787217e-01 4.573277e-01
-8.900000e-02 8.685000e-01 -2.788741e-01 4.569268e-01 -8.950000e-02 8.690000e-01 -2.787981e-01 4.571268e-01
-4.690000e-01 8.695000e-01 -2.712134e-01 4.621648e-01 -4.685000e-01 8.700000e-01 -2.712902e-01 4.623507e-01
-4.685000e-01 8.700000e-01 -2.712902e-01 4.623507e-01 -4.680000e-01 8.705000e-01 -2.713675e-01 4.625374e-01
-9.150000e-02 8.700000e-01 -2.787379e-01 4.572852e-01 -9.200000e-02 8.705000e-01 -2.786614e-01 4.574883e-01
-9.150000e-02 8.700000e-01 -2.787379e-01 4.572852e-01 -9.050000e-02 8.700000e-01 -2.786460e-01 4.575293e-01
-9.000000e-02 8.695000e-01 -2.787217e-01 4.573277e-01 -9.050000e-02 8.700000e-01 -2.786460e-01 4.575293e-01
-4.680000e-01 8.705000e-01 -2.713675e-01 4.625374e-01 -4.675000e-01 8.710000e-01 -2.714440e-01 4.627249e-01
-4.675000e-01 8.710000e-01 -2.714440e-01 4.627249e-01 -4.665000e-01 8.710000e-01 -2.713372e-01 4.624640e-01
-4.665000e-01 8.710000e-01 -2.713372e-01 4.624640e-01 -4.660000e-01 8.715000e-01 -2.714147e-01 4.626529e-01
-9.250000e-02 8.710000e-01 -2.785856e-01 4.576921e-01 -9.300000e-02 8.715000e-01 -2.785095e-01 4.578967e-01
-9.200000e-02 8.705000e-01 -2.786614e-01 4.574883e-01 -9.250000e-02 8.710000e-01 -2.785856e-01 4.576921e-01
-4.660000e-01 8.715000e-01 -2.714147e-01 4.626529e-01 -4.655000e-01 8.720000e-01 -2.714915e-01 4.628426e-01
-4.655000e-01 8.720000e-01 -2.714915e-01 4.628426e-01 -4.650000e-01 8.725000e-01 -2.715687e-01 4.630330e-01
-9.450000e-02 8.720000e-01 -2.785228e-01 4.578618e-01 -9.500000e-02 8.725000e-01 -2.784466e-01 4.580687e-01
-9.450000e-02 8.720000e-01 -2.785228e-01 4.578618e-01 -9.350000e-02 8.720000e-01 -2.784341e-01 4.581021e-01
-9.300000e-02 8.715000e-01 -2.785095e-01 4.578967e-01 -9.350000e-02 8.720000e-01 -2.784341e-01 4.581021e-01
-4.650000e-01 8.725000e-01 -2.715687e-01 4.630330e-01 -4.645000e-01 8.730000e-01 -2.716452e-01 4.632242e-01
-4.645000e-01 8.730000e-01 -2.716452e-01 4.632242e-01 -4.635000e-01 8.730000e-01 -2.715418e-01 4.629670e-01
-4.635000e-01 8.730000e-01 -2.715418e-01 4.629670e-01 -4.630000e-01 8.735000e-01 -2.716192e-01 4.631596e-01
-9.650000e-02 8.730000e-01 -2.784575e-01 4.580383e-01 -9.700000e-02 8.735000e-01 -2.783813e-01 4.582474e-01
-9.650000e-02 8.730000e-01 -2.784575e-01 4.580383e-01 -9.550000e-02 8.730000e-01 -2.783712e-01 4.582762e-01
-9.500000e-02 8.725000e-01 -2.784466e-01 4.580687e-01 -9.550000e-02 8.730000e-01 -2.783712e-01 4.582762e-01
-4.630000e-01 8.735000e-01 -2.716192e-01 4.631596e-01 -4.625000e-01 8.740000e-01 -2.716958e-01 4.633530e-01
-4.625000e-01 8.740000e-01 -2.716958e-01 4.633530e-01 -4.615000e-01 8.740000e-01 -2.715949e-01 4.630979e-01
-4.615000e-01 8.740000e-01 -2.715949e-01 4.630979e-01 -4.610000e-01 8.745000e-01 -2.716724e-01 4.632927e-01
-9.750000e-02 8.740000e-01 -2.783059e-01 4.584573e-01 -9.800000e-02 8.745000e-01 -2.782302e-01 4.586680e-01
-9.700000e-02 8.735000e-01 -2.783813e-01 4.582474e-01 -9.750000e-02 8.740000e-01 -2.783059e-01 4.584573e-01
-4.610000e-01 8.745000e-01 -2.716724e-01 4.632927e-01 -4.605000e-01 8.750000e-01 -2.717492e-01 4.634884e-01
-4.605000e-01 8.750000e-01 -2.717492e-01 4.634884e-01 -4.600000e-01 8.755000e-01 -2.718263e-01 4.636848e-01
-9.950000e-02 8.750000e-01 -2.782385e-01 4.586453e-01 -1.000000e-01 8.755000e-01 -2.781628e-01 4.588582e-01
-9.950000e-02 8.750000e-01 -2.782385e-01 4.586453e-01 -9.850000e-02 8.750000e-01 -2.781552e-01 4.588793e-01
-9.800000e-02 8.745000e-01 -2.782302e-01 4.586680e-01 -9.850000e-02 8.750000e-01 -2.781552e-01 4.588793e-01
-4.600000e-01 8.755000e-01 -2.718263e-01 4.636848e-01 -4.595000e-01 8.760000e-01 -2.719028e-01 4.638819e-01
-4.595000e-01 8.760000e-01 -2.719028e-01 4.638819e-01 -4.585000e-01 8.760000e-01 -2.718051e-01 4.636305e-01
-4.585000e-01 8.760000e-01 -2.718051e-01 4.636305e-01 -4.580000e-01 8.765000e-01 -2.718823e-01 4.638291e-01
-1.015000e-01 8.760000e-01 -2.781690e-01 4.588401e-01 -1.020000e-01 8.765000e-01 -2.780934e-01 4.590553e-01
-1.015000e-01 8.760000e-01 -2.781690e-01 4.588401e-01 -1.005000e-01 8.760000e-01 -2.780879e-01 4.590718e-01
-1.000000e-01 8.755000e-01 -2.781628e-01 4.588582e-01 -1.005000e-01 8.760000e-01 -2.780879e-01 4.590718e-01
-4.580000e-01 8.765000e-01 -2.718823e-01 4.638291e-01 -4.575000e-01 8.770000e-01 -2.719588e-01 4.640285e-01
-4.575000e-01 8.770000e-01 -2.719588e-01 4.640285e-01 -4.565000e-01 8.770000e-01 -2.718635e-01 4.637793e-01
-4.565000e-01 8.770000e-01 -2.718635e-01 4.637793e-01 -4.560000e-01 8.775000e-01 -2.719407e-01 4.639802e-01
-1.025000e-01 8.770000e-01 -2.780185e-01 4.592712e-01 -1.030000e-01 8.775000e-01 -2.779433e-01 4.594878e-01
-1.020000e-01 8.765000e-01 -2.780934e-01 4.590553e-01 -1.025000e-01 8.770000e-01 -2.780185e-01 4.592712e-01
-4.560000e-01 8.775000e-01 -2.719407e-01 4.639802e-01 -4.555000e-01 8.780000e-01 -2.720173e-01 4.641818e-01
-4.555000e-01 8.780000e-01 -2.720173e-01 4.641818e-01 -4.550000e-01 8.785000e-01 -2.720942e-01 4.643842e-01
-1.045000e-01 8.780000e-01 -2.779472e-01 4.594775e-01 -1.050000e-01 8.785000e-01 -2.778722e-01 4.596964e-01
-1.045000e-01 8.780000e-01 -2.779472e-01 4.594775e-01 -1.035000e-01 8.780000e-01 -2.778689e-01 4.597052e-01
-1.030000e-01 8.775000e-01 -2.779433e-01 4.594878e-01 -1.035000e-01 8.780000e-01 -2.778689e-01 4.597052e-01
-4.550000e-01 8.785000e-01 -2.720942e-01 4.643842e-01 -4.545000e-01 8.790000e-01 -2.721704e-01 4.645872e-01
-4.545000e-01 8.790000e-01 -2.721704e-01 4.645872e-01 -4.535000e-01 8.790000e-01 -2.720781e-01 4.643418e-01
-4.535000e-01 8.790000e-01 -2.720781e-01 4.643418e-01 -4.530000e-01 8.795000e-01 -2.721550e-01 4.645464e-01
-1.065000e-01 8.790000e-01 -2.778741e-01 4.596908e-01 -1.070000e-01 8.795000e-01 -2.777992e-01 4.599120e-01
-1.065000e-01 8.790000e-01 -2.778741e-01 4.596908e-01 -1.055000e-01 8.790000e-01 -2.777979e-01 4.599160e-01
-1.050000e-01 8.785000e-01 -2.778722e-01 4.596964e-01 -1.055000e-01 8.790000e-01 -2.777979e-01 4.599160e-01
-4.530000e-01 8.795000e-01 -2.721550e-01 4.645464e-01 -4.525000e-01 8.800000e-01 -2.722312e-01 4.647518e-01
-4.525000e-01 8.800000e-01 -2.722312e-01 4.647518e-01 -4.515000e-01 8.800000e-01 -2.721411e-01 4.645087e-01
-4.515000e-01 8.800000e-01 -2.721411e-01 4.645087e-01 -4.510000e-01 8.805000e-01 -2.722180e-01 4.647155e-01
-1.085000e-01 8.800000e-01 -2.777992e-01 4.599111e-01 -1.090000e-01 8.805000e-01 -2.777245e-01 4.601346e-01
-1.085000e-01 8.800000e-01 -2.777992e-01 4.599111e-01 -1.075000e-01 8.800000e-01 -2.777251e-01 4.601339e-01
-1.070000e-01 8.795000e-01 -2.777992e-01 4.599120e-01 -1.075000e-01 8.800000e-01 -2.777251e-01 4.601339e-01
-4.510000e-01 8.805000e-01 -2.722180e-01 4.647155e-01 -4.505000e-01 8.810000e-01 -2.722941e-01 4.649231e-01
-4.505000e-01 8.810000e-01 -2.722941e-01 4.649231e-01 -4.500000e-01 8.815000e-01 -2.723706e-01 4.651315e-01
-1.095000e-01 8.810000e-01 -2.776507e-01 4.603588e-01 -1.100000e-01 8.815000e-01 -2.775765e-01 4.605837e-01
-1.090000e-01 8.805000e-01 -2.777245e-01 4.601346e-01 -1.095000e-01 8.810000e-01 -2.776507e-01 4.603588e-01
-4.500000e-01 8.815000e-01 -2.723706e-01 4.651315e-01 -4.495000e-01 8.820000e-01 -2.724463e-01 4.653405e-01
-4.495000e-01 8.820000e-01 -2.724463e-01 4.653405e-01 -4.485000e-01 8.820000e-01 -2.723591e-01 4.651013e-01
-4.485000e-01 8.820000e-01 -2.723591e-01 4.651013e-01 -4.480000e-01 8.825000e-01 -2.724355e-01 4.653119e-01
-1.115000e-01 8.820000e-01 -2.775746e-01 4.605906e-01 -1.120000e-01 8.825000e-01 -2.775007e-01 4.608179e-01
-1.115000e-01 8.820000e-01 -2.775746e-01 4.605906e-01 -1.105000e-01 8.820000e-01 -2.775032e-01 4.608094e-01
-1.100000e-01 8.815000e-01 -2.775765e-01 4.605837e-01 -1.105000e-01 8.820000e-01 -2.775032e-01 4.608094e-01
-4.480000e-01 8.825000e-01 -2.724355e-01 4.653119e-01 -4.475000e-01 8.830000e-01 -2.725111e-01 4.655232e-01
-4.475000e-01 8.830000e-01 -2.725111e-01 4.655232e-01 -4.465000e-01 8.830000e-01 -2.724261e-01 4.652863e-01
-4.465000e-01 8.830000e-01 -2.724261e-01 4.652863e-01 -4.460000e-01 8.835000e-01 -2.725024e-01 4.654991e-01
-1.135000e-01 8.830000e-01 -2.774971e-01 4.608295e-01 -1.140000e-01 8.835000e-01 -2.774235e-01 4.610591e-01
-1.135000e-01 8.830000e-01 -2.774971e-01 4.608295e-01 -1.125000e-01 8.830000e-01 -2.774276e-01 4.610458e-01
-1.120000e-01 8.825000e-01 -2.775007e-01 4.608179e-01 -1.125000e-01 8.830000e-01 -2.774276e-01 4.610458e-01
-4.460000e-01 8.835000e-01 -2.725024e-01 4.654991e-01 -4.455000e-01 8.840000e-01 -2.725778e-01 4.657127e-01
-4.455000e-01 8.840000e-01 -2.725778e-01 4.657127e-01 -4.445000e-01 8.840000e-01 -2.724949e-01 4.654782e-01
-4.445000e-01 8.840000e-01 -2.724949e-01 4.654782e-01 -4.440000e-01 8.845000e-01 -2.725710e-01 4.656933e-01
-1.155000e-01 8.840000e-01 -2.774182e-01 4.610755e-01 -1.160000e-01 8.845000e-01 -2.773449e-01 4.613073e-01
-1.155000e-01 8.840000e-01 -2.774182e-01 4.610755e-01 -1.145000e-01 8.840000e-01 -2.773507e-01 4.612892e-01
-1.140000e-01 8.835000e-01 -2.774235e-01 4.610591e-01 -1.145000e-01 8.840000e-01 -2.773507e-01 4.612892e-01
-4.440000e-01 8.845000e-01 -2.725710e-01 4.656933e-01 -4.435000e-01 8.850000e-01 -2.726464e-01 4.659091e-01
-4.435000e-01 8.850000e-01 -2.726464e-01 4.659091e-01 -4.425000e-01 8.850000e-01 -2.725655e-01 4.656770e-01
-4.425000e-01 8.850000e-01 -2.725655e-01 4.656770e-01 -4.420000e-01 8.855000e-01 -2.726414e-01 4.658944e-01
-1.175000e-01 8.850000e-01 -2.773381e-01 4.613286e-01 -1.180000e-01 8.855000e-01 -2.772651e-01 4.615626e-01
-1.175000e-01 8.850000e-01 -2.773381e-01 4.613286e-01 -1.165000e-01 8.850000e-01 -2.772724e-01 4.615397e-01
-1.160000e-01 8.845000e-01 -2.773449e-01 4.613073e-01 -1.165000e-01 8.850000e-01 -2.772724e-01 4.615397e-01
-4.420000e-01 8.855000e-01 -2.726414e-01 4.658944e-01 -4.415000e-01 8.860000e-01 -2.727166e-01 4.661124e-01
-4.415000e-01 8.860000e-01 -2.727166e-01 4.661124e-01 -4.405000e-01 8.860000e-01 -2.726378e-01 4.658827e-01
-4.405000e-01 8.860000e-01 -2.726378e-01 4.658827e-01 -4.400000e-01 8.865000e-01 -2.727135e-01 4.661024e-01
-1.195000e-01 8.860000e-01 -2.772568e-01 4.615887e-01 -1.200000e-01 8.865000e-01 -2.771842e-01 4.618250e-01
-1.195000e-01 8.860000e-01 -2.772568e-01 4.615887e-01 -1.185000e-01 8.860000e-01 -2.771930e-01 4.617973e-01
-1.180000e-01 8.855000e-01 -2.772651e-01 4.615626e-01 -1.185000e-01 8.860000e-01 -2.771930e-01 4.617973e-01
-4.400000e-01 8.865000e-01 -2.727135e-01 4.661024e-01 -4.395000e-01 8.870000e-01 -2.727884e-01 4.663227e-01
-4.395000e-01 8.870000e-01 -2.727884e-01 4.663227e-01 -4.385000e-01 8.870000e-01 -2.727116e-01 4.660954e-01
-4.385000e-01 8.870000e-01 -2.727116e-01 4.660954e-01 -4.380000e-01 8.875000e-01 -2.727870e-01 4.663173e-01
-1.215000e-01 8.870000e-01 -2.771744e-01 4.618560e-01 -1.220000e-01 8.875000e-01 -2.771023e-01 4.620946e-01
-1.215000e-01 8.870000e-01 -2.771744e-01 4.618560e-01 -1.205000e-01 8.870000e-01 -2.771124e-01 4.620620e-01
-1.200000e-01 8.865000e-01 -2.771842e-01 4.618250e-01 -1.205000e-01 8.870000e-01 -2.771124e-01 4.620620e-01
-4.380000e-01 8.875000e-01 -2.727870e-01 4.663173e-01 -4.375000e-01 8.880000e-01 -2.728617e-01 4.665399e-01
-4.375000e-01 8.880000e-01 -2.728617e-01 4.665399e-01 -4.365000e-01 8.880000e-01 -2.727868e-01 4.663151e-01
-4.365000e-01 8.880000e-01 -2.727868e-01 4.663151e-01 -4.360000e-01 8.885000e-01 -2.728620e-01 4.665393e-01
-1.235000e-01 8.880000e-01 -2.770911e-01 4.621304e-01 -1.240000e-01 8.885000e-01 -2.770194e-01 4.623712e-01
-1.235000e-01 8.880000e-01 -2.770911e-01 4.621304e-01 -1.225000e-01 8.880000e-01 -2.770309e-01 4.623338e-01
-1.220000e-01 8.875000e-01 -2.771023e-01 4.620946e-01 -1.225000e-01 8.880000e-01 -2.770309e-01 4.623338e-01
-4.360000e-01 8.885000e-01 -2.728620e-01 4.665393e-01 -4.355000e-01 8.890000e-01 -2.729364e-01 4.667641e-01
-4.355000e-01 8.890000e-01 -2.729364e-01 4.667641e-01 -4.350000e-01 8.895000e-01 -2.730111e-01 4.669897e-01
-1.255000e-01 8.890000e-01 -2.770070e-01 4.624119e-01 -1.260000e-01 8.895000e-01 -2.769356e-01 4.626550e-01
-1.255000e-01 8.890000e-01 -2.770070e-01 4.624119e-01 -1.245000e-01 8.890000e-01 -2.769484e-01 4.626127e-01
-1.240000e-01 8.885000e-01 -2.770194e-01 4.623712e-01 -1.245000e-01 8.890000e-01 -2.769484e-01 4.626127e-01
-4.350000e-01 8.895000e-01 -2.730111e-01 4.669897e-01 -4.345000e-01 8.900000e-01 -2.730849e-01 4.672160e-01
-4.345000e-01 8.900000e-01 -2.730849e-01 4.672160e-01 -4.335000e-01 8.900000e-01 -2.730124e-01 4.669953e-01
-4.335000e-01 8.900000e-01 -2.730124e-01 4.669953e-01 -4.330000e-01 8.905000e-01 -2.730867e-01 4.672231e-01
-1.275000e-01 8.900000e-01 -2.769220e-01 4.627006e-01 -1.280000e-01 8.905000e-01 -2.768512e-01 4.629460e-01
-1.275000e-01 8.900000e-01 -2.769220e-01 4.627006e-01 -1.265000e-01 8.900000e-01 -2.768652e-01 4.628987e-01
-1.260000e-01 8.895000e-01 -2.769356e-01 4.626550e-01 -1.265000e-01 8.900000e-01 -2.768652e-01 4.628987e-01
-4.330000e-01 8.905000e-01 -2.730867e-01 4.672231e-01 -4.325000e-01 8.910000e-01 -2.731603e-01 4.674517e-01
-4.325000e-01 8.910000e-01 -2.731603e-01 4.674517e-01 -4.315000e-01 8.910000e-01 -2.730896e-01 4.672334e-01
-4.315000e-01 8.910000e-01 -2.730896e-01 4.672334e-01 -4.305000e-01 8.910000e-01 -2.730203e-01 4.670162e-01
-4.305000e-01 8.910000e-01 -2.730203e-01 4.670162e-01 -4.300000e-01 8.915000e-01 -2.730945e-01 4.672471e-01
-1.295000e-01 8.910000e-01 -2.768365e-01 4.629965e-01 -1.300000e-01 8.915000e-01 -2.767662e-01 4.632441e-01
-1.295000e-01 8.910000e-01 -2.768365e-01 4.629965e-01 -1.285000e-01 8.910000e-01 -2.767812e-01 4.631920e-01
-1.280000e-01 8.905000e-01 -2.768512e-01 4.629460e-01 -1.285000e-01 8.910000e-01 -2.767812e-01 4.631920e-01
-4.300000e-01 8.915000e-01 -2.730945e-01 4.672471e-01 -4.295000e-01 8.920000e-01 -2.731678e-01 4.674787e-01
-4.295000e-01 8.920000e-01 -2.731678e-01 4.674787e-01 -4.285000e-01 8.920000e-01 -2.731003e-01 4.672640e-01
-4.285000e-01 8.920000e-01 -2.731003e-01 4.672640e-01 -4.280000e-01 8.925000e-01 -2.731741e-01 4.674972e-01
-1.315000e-01 8.920000e-01 -2.767504e-01 4.632995e-01 -1.320000e-01 8.925000e-01 -2.766806e-01 4.635493e-01
-1.315000e-01 8.920000e-01 -2.767504e-01 4.632995e-01 -1.305000e-01 8.920000e-01 -2.766967e-01 4.634923e-01
-1.300000e-01 8.915000e-01 -2.767662e-01 4.632441e-01 -1.305000e-01 8.920000e-01 -2.766967e-01 4.634923e-01
-4.280000e-01 8.925000e-01 -2.731741e-01 4.674972e-01 -4.275000e-01 8.930000e-01 -2.732471e-01 4.677310e-01
-4.275000e-01 8.930000e-01 -2.732471e-01 4.677310e-01 -4.265000e-01 8.930000e-01 -2.731813e-01 4.675188e-01
-4.265000e-01 8.930000e-01 -2.731813e-01 4.675188e-01 -4.260000e-01 8.935000e-01 -2.732547e-01 4.677542e-01
-1.335000e-01 8.930000e-01 -2.766638e-01 4.636097e-01 -1.340000e-01 8.935000e-01 -2.765947e-01 4.638618e-01
-1.335000e-01 8.930000e-01 -2.766638e-01 4.636097e-01 -1.325000e-01 8.930000e-01 -2.766117e-01 4.637998e-01
-1.320000e-01 8.925000e-01 -2.766806e-01 4.635493e-01 -1.325000e-01 8.930000e-01 -2.766117e-01 4.637998e-01
-4.260000e-01 8.935000e-01 -2.732547e-01 4.677542e-01 -4.255000e-01 8.940000e-01 -2.733272e-01 4.679903e-01
-4.255000e-01 8.940000e-01 -2.733272e-01 4.679903e-01 -4.245000e-01 8.940000e-01 -2.732631e-01 4.677807e-01
-4.245000e-01 8.940000e-01 -2.732631e-01 4.677807e-01 -4.240000e-01 8.945000e-01 -2.733360e-01 4.680184e-01
-1.355000e-01 8.940000e-01 -2.765769e-01 4.639270e-01 -1.360000e-01 8.945000e-01 -2.765084e-01 4.641814e-01
-1.355000e-01 8.940000e-01 -2.765769e-01 4.639270e-01 -1.345000e-01 8.940000e-01 -2.765263e-01 4.641145e-01
-1.340000e-01 8.935000e-01 -2.765947e-01 4.638618e-01 -1.345000e-01 8.940000e-01 -2.765263e-01 4.641145e-01
-4.240000e-01 8.945000e-01 -2.733360e-01 4.680184e-01 -4.235000e-01 8.950000e-01 -2.734082e-01 4.682568e-01
-4.235000e-01 8.950000e-01 -2.734082e-01 4.682568e-01 -4.225000e-01 8.950000e-01 -2.733457e-01 4.680498e-01
-4.225000e-01 8.950000e-01 -2.733457e-01 4.680498e-01 -4.220000e-01 8.955000e-01 -2.734181e-01 4.682897e-01
-1.375000e-01 8.950000e-01 -2.764898e-01 4.642517e-01 -1.380000e-01 8.955000e-01 -2.764219e-01 4.645083e-01
-1.375000e-01 8.950000e-01 -2.764898e-01 4.642517e-01 -1.365000e-01 8.950000e-01 -2.764407e-01 4.644364e-01
-1.360000e-01 8.945000e-01 -2.765084e-01 4.641814e-01 -1.365000e-01 8.950000e-01 -2.764407e-01 4.644364e-01
-4.220000e-01 8.955000e-01 -2.734181e-01 4.682897e-01 -4.215000e-01 8.960000e-01 -2.734897e-01 4.685303e-01
-4.215000e-01 8.960000e-01 -2.734897e-01 4.685303e-01 -4.205000e-01 8.960000e-01 -2.734289e-01 4.683259e-01
-4.205000e-01 8.960000e-01 -2.734289e-01 4.683259e-01 -4.200000e-01 8.965000e-01 -2.735008e-01 4.685681e-01
-1.405000e-01 8.960000e-01 -2.764490e-01 4.644025e-01 -1.410000e-01 8.965000e-01 -2.763817e-01 4.646621e-01
-1.405000e-01 8.960000e-01 -2.764490e-01 4.644025e-01 -1.395000e-01 8.960000e-01 -2.764025e-01 4.645834e-01
-1.395000e-01 8.960000e-01 -2.764025e-01 4.645834e-01 -1.385000e-01 8.960000e-01 -2.763548e-01 4.647655e-01
-1.380000e-01 8.955000e-01 -2.764219e-01 4.645083e-01 -1.385000e-01 8.960000e-01 -2.763548e-01 4.647655e-01
-4.200000e-01 8.965000e-01 -2.735008e-01 4.685681e-01 -4.195000e-01 8.970000e-01 -2.735719e-01 4.688109e-01
-4.195000e-01 8.970000e-01 -2.735719e-01 4.688109e-01 -4.185000e-01 8.970000e-01 -2.735126e-01 4.686091e-01
-4.185000e-01 8.970000e-01 -2.735126e-01 4.686091e-01 -4.180000e-01 8.975000e-01 -2.735840e-01 4.688536e-01
-1.425000e-01 8.970000e-01 -2.763604e-01 4.647442e-01 -1.430000e-01 8.975000e-01 -2.762938e-01 4.650061e-01
-1.425000e-01 8.970000e-01 -2.763604e-01 4.647442e-01 -1.415000e-01 8.970000e-01 -2.763152e-01 4.649224e-01
-1.410000e-01 8.965000e-01 -2.763817e-01 4.646621e-01 -1.415000e-01 8.970000e-01 -2.763152e-01 4.649224e-01
-4.180000e-01 8.975000e-01 -2.735840e-01 4.688536e-01 -4.175000e-01 8.980000e-01 -2.736546e-01 4.690986e-01
-4.175000e-01 8.980000e-01 -2.736546e-01 4.690986e-01 -4.165000e-01 8.980000e-01 -2.735968e-01 4.688995e-01
-4.165000e-01 8.980000e-01 -2.735968e-01 4.688995e-01 -4.155000e-01 8.980000e-01 -2.735403e-01 4.687014e-01
-4.155000e-01 8.980000e-01 -2.735403e-01 4.687014e-01 -4.150000e-01 8.985000e-01 -2.736112e-01 4.689489e-01
-1.445000e-01 8.980000e-01 -2.762718e-01 4.650931e-01 -1.450000e-01 8.985000e-01 -2.762060e-01 4.653572e-01
-1.445000e-01 8.980000e-01 -2.762718e-01 4.650931e-01 -1.435000e-01 8.980000e-01 -2.762280e-01 4.652686e-01
-1.430000e-01 8.975000e-01 -2.762938e-01 4.650061e-01 -1.435000e-01 8.980000e-01 -2.762280e-01 4.652686e-01
-4.150000e-01 8.985000e-01 -2.736112e-01 4.689489e-01 -4.145000e-01 8.990000e-01 -2.736813e-01 4.691970e-01
-4.145000e-01 8.990000e-01 -2.736813e-01 4.691970e-01 -4.135000e-01 8.990000e-01 -2.736262e-01 4.690015e-01
-4.135000e-01 8.990000e-01 -2.736262e-01 4.690015e-01 -4.130000e-01 8.995000e-01 -2.736965e-01 4.692513e-01
-1.465000e-01 8.990000e-01 -2.761835e-01 4.654493e-01 -1.470000e-01 8.995000e-01 -2.761184e-01 4.657156e-01
-1.465000e-01 8.990000e-01 -2.761835e-01 4.654493e-01 -1.455000e-01 8.990000e-01 -2.761409e-01 4.656220e-01
-1.450000e-01 8.985000e-01 -2.762060e-01 4.653572e-01 -1.455000e-01 8.990000e-01 -2.761409e-01 4.656220e-01
-4.130000e-01 8.995000e-01 -2.736965e-01 4.692513e-01 -4.125000e-01 9.000000e-01 -2.737660e-01 4.695016e-01
-4.125000e-01 9.000000e-01 -2.737660e-01 4.695016e-01 -4.115000e-01 9.000000e-01 -2.737124e-01 4.693088e-01
-4.115000e-01 9.000000e-01 -2.737124e-01 4.693088e-01 -4.110000e-01 9.005000e-01 -2.737820e-01 4.695608e-01
-1.495000e-01 9.000000e-01 -2.761357e-01 4.656438e-01 -1.500000e-01 9.005000e-01 -2.760713e-01 4.659132e-01
-1.495000e-01 9.000000e-01 -2.761357e-01 4.656438e-01 -1.485000e-01 9.000000e-01 -2.760955e-01 4.658126e-01
-1.485000e-01 9.000000e-01 -2.760955e-01 4.658126e-01 -1.475000e-01 9.000000e-01 -2.760541e-01 4.659825e-01
-1.470000e-01 8.995000e-01 -2.761184e-01 4.657156e-01 -1.475000e-01 9.000000e-01 -2.760541e-01 4.659825e-01
-4.110000e-01 9.005000e-01 -2.737820e-01 4.695608e-01 -4.105000e-01 9.010000e-01 -2.738509e-01 4.698134e-01
-4.105000e-01 9.010000e-01 -2.738509e-01 4.698134e-01 -4.095000e-01 9.010000e-01 -2.737986e-01 4.696233e-01
-4.095000e-01 9.010000e-01 -2.737986e-01 4.696233e-01 -4.085000e-01 9.010000e-01 -2.737475e-01 4.694342e-01
-4.085000e-01 9.010000e-01 -2.737475e-01 4.694342e-01 -4.080000e-01 9.015000e-01 -2.738166e-01 4.696893e-01
-1.515000e-01 9.010000e-01 -2.760469e-01 4.660172e-01 -1.520000e-01 9.015000e-01 -2.759834e-01 4.662888e-01
-1.515000e-01 9.010000e-01 -2.760469e-01 4.660172e-01 -1.505000e-01 9.010000e-01 -2.760079e-01 4.661832e-01
-1.500000e-01 9.005000e-01 -2.760713e-01 4.659132e-01 -1.505000e-01 9.010000e-01 -2.760079e-01 4.661832e-01
-4.080000e-01 9.015000e-01 -2.738166e-01 4.696893e-01 -4.075000e-01 9.020000e-01 -2.738848e-01 4.699449e-01
-4.075000e-01 9.020000e-01 -2.738848e-01 4.699449e-01 -4.065000e-01 9.020000e-01 -2.738351e-01 4.697586e-01
-4.065000e-01 9.020000e-01 -2.738351e-01 4.697586e-01 -4.060000e-01 9.025000e-01 -2.739034e-01 4.700159e-01
-1.545000e-01 9.020000e-01 -2.759955e-01 4.662357e-01 -1.550000e-01 9.025000e-01 -2.759329e-01 4.665103e-01
-1.545000e-01 9.020000e-01 -2.759955e-01 4.662357e-01 -1.535000e-01 9.020000e-01 -2.759587e-01 4.663978e-01
-1.535000e-01 9.020000e-01 -2.759587e-01 4.663978e-01 -1.525000e-01 9.020000e-01 -2.759207e-01 4.665609e-01
-1.520000e-01 9.015000e-01 -2.759834e-01 4.662888e-01 -1.525000e-01 9.020000e-01 -2.759207e-01 4.665609e-01
-4.060000e-01 9.025000e-01 -2.739034e-01 4.700159e-01 -4.055000e-01 9.030000e-01 -2.739709e-01 4.702737e-01
-4.055000e-01 9.030000e-01 -2.739709e-01 4.702737e-01 -4.045000e-01 9.030000e-01 -2.739224e-01 4.700901e-01
-4.045000e-01 9.030000e-01 -2.739224e-01 4.700901e-01 -4.035000e-01 9.030000e-01 -2.738751e-01 4.699075e-01
-4.035000e-01 9.030000e-01 -2.738751e-01 4.699075e-01 -4.030000e-01 9.035000e-01 -2.739427e-01 4.701679e-01
-1.565000e-01 9.030000e-01 -2.759069e-01 4.666263e-01 -1.570000e-01 9.035000e-01 -2.758452e-01 4.669031e-01
-1.565000e-01 9.030000e-01 -2.759069e-01 4.666263e-01 -1.555000e-01 9.030000e-01 -2.758711e-01 4.667855e-01
-1.550000e-01 9.025000e-01 -2.759329e-01 4.665103e-01 -1.555000e-01 9.030000e-01 -2.758711e-01 4.667855e-01
-4.030000e-01 9.035000e-01 -2.739427e-01 4.701679e-01 -4.025000e-01 9.040000e-01 -2.740096e-01 4.704288e-01
-4.025000e-01 9.040000e-01 -2.740096e-01 4.704288e-01 -4.015000e-01 9.040000e-01 -2.739634e-01 4.702490e-01
-4.015000e-01 9.040000e-01 -2.739634e-01 4.702490e-01 -4.005000e-01 9.040000e-01 -2.739184e-01 4.700703e-01
-4.005000e-01 9.040000e-01 -2.739184e-01 4.700703e-01 -4.000000e-01 9.045000e-01 -2.739853e-01 4.703337e-01
-1.595000e-01 9.040000e-01 -2.758527e-01 4.668688e-01 -1.600000e-01 9.045000e-01 -2.757920e-01 4.671487e-01
-1.595000e-01 9.040000e-01 -2.758527e-01 4.668688e-01 -1.585000e-01 9.040000e-01 -2.758190e-01 4.670241e-01
-1.585000e-01 9.040000e-01 -2.758190e-01 4.670241e-01 -1.575000e-01 9.040000e-01 -2.757843e-01 4.671805e-01
-1.570000e-01 9.035000e-01 -2.758452e-01 4.669031e-01 -1.575000e-01 9.040000e-01 -2.757843e-01 4.671805e-01
-4.000000e-01 9.045000e-01 -2.739853e-01 4.703337e-01 -3.995000e-01 9.050000e-01 -2.740514e-01 4.705976e-01
-3.995000e-01 9.050000e-01 -2.740514e-01 4.705976e-01 -3.985000e-01 9.050000e-01 -2.740075e-01 4.704216e-01
-3.985000e-01 9.050000e-01 -2.740075e-01 4.704216e-01 -3.980000e-01 9.055000e-01 -2.740736e-01 4.706872e-01
-1.625000e-01 9.050000e-01 -2.757966e-01 4.671254e-01 -1.630000e-01 9.055000e-01 -2.757369e-01 4.674083e-01
-1.625000e-01 9.050000e-01 -2.757966e-01 4.671254e-01 -1.615000e-01 9.050000e-01 -2.757649e-01 4.672767e-01
-1.615000e-01 9.050000e-01 -2.757649e-01 4.672767e-01 -1.605000e-01 9.050000e-01 -2.757321e-01 4.674291e-01
-1.600000e-01 9.045000e-01 -2.757920e-01 4.671487e-01 -1.605000e-01 9.050000e-01 -2.757321e-01 4.674291e-01
-3.980000e-01 9.055000e-01 -2.740736e-01 4.706872e-01 -3.975000e-01 9.060000e-01 -2.741388e-01 4.709534e-01
-3.975000e-01 9.060000e-01 -2.741388e-01 4.709534e-01 -3.965000e-01 9.060000e-01 -2.740960e-01 4.707802e-01
-3.965000e-01 9.060000e-01 -2.740960e-01 4.707802e-01 -3.955000e-01 9.060000e-01 -2.740544e-01 4.706082e-01
-3.955000e-01 9.060000e-01 -2.740544e-01 4.706082e-01 -3.950000e-01 9.065000e-01 -2.741196e-01 4.708768e-01
-1.655000e-01 9.060000e-01 -2.757387e-01 4.673962e-01 -1.660000e-01 9.065000e-01 -2.756801e-01 4.676821e-01
-1.655000e-01 9.060000e-01 -2.757387e-01 4.673962e-01 -1.645000e-01 9.060000e-01 -2.757088e-01 4.675433e-01
-1.645000e-01 9.060000e-01 -2.757088e-01 4.675433e-01 -1.635000e-01 9.060000e-01 -2.756780e-01 4.676917e-01
-1.630000e-01 9.055000e-01 -2.757369e-01 4.674083e-01 -1.635000e-01 9.060000e-01 -2.756780e-01 4.676917e-01
-3.950000e-01 9.065000e-01 -2.741196e-01 4.708768e-01 -3.945000e-01 9.070000e-01 -2.741839e-01 4.711460e-01
-3.945000e-01 9.070000e-01 -2.741839e-01 4.711460e-01 -3.935000e-01 9.070000e-01 -2.741433e-01 4.709767e-01
-3.935000e-01 9.070000e-01 -2.741433e-01 4.709767e-01 -3.925000e-01 9.070000e-01 -2.741037e-01 4.708086e-01
-3.925000e-01 9.070000e-01 -2.741037e-01 4.708086e-01 -3.920000e-01 9.075000e-01 -2.741680e-01 4.710802e-01
-1.675000e-01 9.070000e-01 -2.756513e-01 4.678242e-01 -1.680000e-01 9.075000e-01 -2.755937e-01 4.681122e-01
-1.675000e-01 9.070000e-01 -2.756513e-01 4.678242e-01 -1.665000e-01 9.070000e-01 -2.756223e-01 4.679685e-01
-1.660000e-01 9.065000e-01 -2.756801e-01 4.676821e-01 -1.665000e-01 9.070000e-01 -2.756223e-01 4.679685e-01
-3.920000e-01 9.075000e-01 -2.741680e-01 4.710802e-01 -3.915000e-01 9.080000e-01 -2.742314e-01 4.713524e-01
-3.915000e-01 9.080000e-01 -2.742314e-01 4.713524e-01 -3.905000e-01 9.080000e-01 -2.741928e-01 4.711871e-01
-3.905000e-01 9.080000e-01 -2.741928e-01 4.711871e-01 -3.895000e-01 9.080000e-01 -2.741553e-01 4.710229e-01
-3.895000e-01 9.080000e-01 -2.741553e-01 4.710229e-01 -3.890000e-01 9.085000e-01 -2.742186e-01 4.712976e-01
-1.705000e-01 9.080000e-01 -2.755925e-01 4.681191e-01 -1.710000e-01 9.085000e-01 -2.755362e-01 4.684101e-01
-1.705000e-01 9.080000e-01 -2.755925e-01 4.681191e-01 -1.695000e-01 9.080000e-01 -2.755653e-01 4.682593e-01
-1.695000e-01 9.080000e-01 -2.755653e-01 4.682593e-01 -1.685000e-01 9.080000e-01 -2.755370e-01 4.684007e-01
-1.680000e-01 9.075000e-01 -2.755937e-01 4.681122e-01 -1.685000e-01 9.080000e-01 -2.755370e-01 4.684007e-01
-3.890000e-01 9.085000e-01 -2.742186e-01 4.712976e-01 -3.885000e-01 9.090000e-01 -2.742810e-01 4.715728e-01
-3.885000e-01 9.090000e-01 -2.742810e-01 4.715728e-01 -3.875000e-01 9.090000e-01 -2.742444e-01 4.714115e-01
-3.875000e-01 9.090000e-01 -2.742444e-01 4.714115e-01 -3.865000e-01 9.090000e-01 -2.742088e-01 4.712513e-01
-3.865000e-01 9.090000e-01 -2.742088e-01 4.712513e-01 -3.860000e-01 9.095000e-01 -2.742710e-01 4.715290e-01
-1.735000e-01 9.090000e-01 -2.755328e-01 4.684282e-01 -1.740000e-01 9.095000e-01 -2.754777e-01 4.687222e-01
-1.735000e-01 9.090000e-01 -2.755328e-01 4.684282e-01 -1.725000e-01 9.090000e-01 -2.755072e-01 4.685643e-01
-1.725000e-01 9.090000e-01 -2.755072e-01 4.685643e-01 -1.715000e-01 9.090000e-01 -2.754806e-01 4.687016e-01
-1.710000e-01 9.085000e-01 -2.755362e-01 4.684101e-01 -1.715000e-01 9.090000e-01 -2.754806e-01 4.687016e-01
-3.860000e-01 9.095000e-01 -2.742710e-01 4.715290e-01 -3.855000e-01 9.100000e-01 -2.743324e-01 4.718072e-01
-3.855000e-01 9.100000e-01 -2.743324e-01 4.718072e-01 -3.845000e-01 9.100000e-01 -2.742977e-01 4.716498e-01
-3.845000e-01 9.100000e-01 -2.742977e-01 4.716498e-01 -3.835000e-01 9.100000e-01 -2.742639e-01 4.714936e-01
-3.835000e-01 9.100000e-01 -2.742639e-01 4.714936e-01 -3.830000e-01 9.105000e-01 -2.743251e-01 4.717743e-01
-1.775000e-01 9.100000e-01 -2.754955e-01 4.686207e-01 -1.780000e-01 9.105000e-01 -2.754419e-01 4.689185e-01
-1.775000e-01 9.100000e-01 -2.754955e-01 4.686207e-01 -1.765000e-01 9.100000e-01 -2.754724e-01 4.687514e-01
-1.765000e-01 9.100000e-01 -2.754724e-01 4.687514e-01 -1.755000e-01 9.100000e-01 -2.754483e-01 4.688834e-01
-1.755000e-01 9.100000e-01 -2.754483e-01 4.688834e-01 -1.745000e-01 9.100000e-01 -2.754234e-01 4.690166e-01
-1.740000e-01 9.095000e-01 -2.754777e-01 4.687222e-01 -1.745000e-01 9.100000e-01 -2.754234e-01 4.690166e-01
-3.830000e-01 9.105000e-01 -2.743251e-01 4.717743e-01 -3.825000e-01 9.110000e-01 -2.743854e-01 4.720556e-01
-3.825000e-01 9.110000e-01 -2.743854e-01 4.720556e-01 -3.815000e-01 9.110000e-01 -2.743524e-01 4.719022e-01
-3.815000e-01 9.110000e-01 -2.743524e-01 4.719022e-01 -3.805000e-01 9.110000e-01 -2.743204e-01 4.717500e-01
-3.805000e-01 9.110000e-01 -2.743204e-01 4.717500e-01 -3.800000e-01 9.115000e-01 -2.743803e-01 4.720338e-01
-1.805000e-01 9.110000e-01 -2.754333e-01 4.689623e-01 -1.810000e-01 9.115000e-01 -2.753811e-01 4.692630e-01
-1.805000e-01 9.110000e-01 -2.754333e-01 4.689623e-01 -1.795000e-01 9.110000e-01 -2.754117e-01 4.690889e-01
-1.795000e-01 9.110000e-01 -2.754117e-01 4.690889e-01 -1.785000e-01 9.110000e-01 -2.753891e-01 4.692167e-01
-1.780000e-01 9.105000e-01 -2.754419e-01 4.689185e-01 -1.785000e-01 9.110000e-01 -2.753891e-01 4.692167e-01
-3.800000e-01 9.115000e-01 -2.743803e-01 4.720338e-01 -3.795000e-01 9.120000e-01 -2.744395e-01 4.723180e-01
-3.795000e-01 9.120000e-01 -2.744395e-01 4.723180e-01 -3.785000e-01 9.120000e-01 -2.744082e-01 4.721687e-01
-3.785000e-01 9.120000e-01 -2.744082e-01 4.721687e-01 -3.775000e-01 9.120000e-01 -2.743778e-01 4.720206e-01
-3.775000e-01 9.120000e-01 -2.743778e-01 4.720206e-01 -3.770000e-01 9.125000e-01 -2.744366e-01 4.723073e-01
-1.835000e-01 9.120000e-01 -2.753712e-01 4.693181e-01 -1.840000e-01 9.125000e-01 -2.753203e-01 4.696218e-01
-1.835000e-01 9.120000e-01 -2.753712e-01 4.693181e-01 -1.825000e-01 9.120000e-01 -2.753508e-01 4.694405e-01
-1.825000e-01 9.120000e-01 -2.753508e-01 4.694405e-01 -1.815000e-01 9.120000e-01 -2.753296e-01 4.695642e-01
-1.810000e-01 9.115000e-01 -2.753811e-01 4.692630e-01 -1.815000e-01 9.120000e-01 -2.753296e-01 4.695642e-01
-3.770000e-01 9.125000e-01 -2.744366e-01 4.723073e-01 -3.765000e-01 9.130000e-01 -2.744945e-01 4.725945e-01
-3.765000e-01 9.130000e-01 -2.744945e-01 4.725945e-01 -3.755000e-01 9.130000e-01 -2.744648e-01 4.724492e-01
-3.755000e-01 9.130000e-01 -2.744648e-01 4.724492e-01 -3.745000e-01 9.130000e-01 -2.744361e-01 4.723052e-01
-3.745000e-01 9.130000e-01 -2.744361e-01 4.723052e-01 -3.735000e-01 9.130000e-01 -2.744082e-01 4.721623e-01
-3.735000e-01 9.130000e-01 -2.744082e-01 4.721623e-01 -3.730000e-01 9.135000e-01 -2.744655e-01 4.724529e-01
-1.875000e-01 9.130000e-01 -2.753276e-01 4.695712e-01 -1.880000e-01 9.135000e-01 -2.752785e-01 4.698787e-01
-1.875000e-01 9.130000e-01 -2.753276e-01 4.695712e-01 -1.865000e-01 9.130000e-01 -2.753093e-01 4.696882e-01
-1.865000e-01 9.130000e-01 -2.753093e-01 4.696882e-01 -1.855000e-01 9.130000e-01 -2.752902e-01 4.698064e-01
-1.855000e-01 9.130000e-01 -2.752902e-01 4.698064e-01 -1.845000e-01 9.130000e-01 -2.752703e-01 4.699259e-01
-1.840000e-01 9.125000e-01 -2.753203e-01 4.696218e-01 -1.845000e-01 9.130000e-01 -2.752703e-01 4.699259e-01
-3.730000e-01 9.135000e-01 -2.744655e-01 4.724529e-01 -3.725000e-01 9.140000e-01 -2.745220e-01 4.727439e-01
-3.725000e-01 9.140000e-01 -2.745220e-01 4.727439e-01 -3.715000e-01 9.140000e-01 -2.744948e-01 4.726039e-01
-3.715000e-01 9.140000e-01 -2.744948e-01 4.726039e-01 -3.705000e-01 9.140000e-01 -2.744683e-01 4.724652e-01
-3.705000e-01 9.140000e-01 -2.744683e-01 4.724652e-01 -3.700000e-01 9.145000e-01 -2.745243e-01 4.727587e-01
-1.905000e-01 9.140000e-01 -2.752652e-01 4.699597e-01 -1.910000e-01 9.145000e-01 -2.752176e-01 4.702700e-01
-1.905000e-01 9.140000e-01 -2.752652e-01 4.699597e-01 -1.895000e-01 9.140000e-01 -2.752481e-01 4.700724e-01
-1.895000e-01 9.140000e-01 -2.752481e-01 4.700724e-01 -1.885000e-01 9.140000e-01 -2.752302e-01 4.701865e-01
-1.880000e-01 9.135000e-01 -2.752785e-01 4.698787e-01 -1.885000e-01 9.140000e-01 -2.752302e-01 4.701865e-01
-3.700000e-01 9.145000e-01 -2.745243e-01 4.727587e-01 -3.695000e-01 9.150000e-01 -2.745795e-01 4.730527e-01
-3.695000e-01 9.150000e-01 -2.745795e-01 4.730527e-01 -3.685000e-01 9.150000e-01 -2.745536e-01 4.729168e-01
-3.685000e-01 9.150000e-01 -2.745536e-01 4.729168e-01 -3.675000e-01 9.150000e-01 -2.745285e-01 4.727822e-01
-3.675000e-01 9.150000e-01 -2.745285e-01 4.727822e-01 -3.665000e-01 9.150000e-01 -2.745044e-01 4.726488e-01
-3.665000e-01 9.150000e-01 -2.745044e-01 4.726488e-01 -3.660000e-01 9.155000e-01 -2.745587e-01 4.729461e-01
-1.945000e-01 9.150000e-01 -2.752191e-01 4.702552e-01 -1.950000e-01 9.155000e-01 -2.751734e-01 4.705692e-01
-1.945000e-01 9.150000e-01 -2.752191e-01 4.702552e-01 -1.935000e-01 9.150000e-01 -2.752038e-01 4.703624e-01
-1.935000e-01 9.150000e-01 -2.752038e-01 4.703624e-01 -1.925000e-01 9.150000e-01 -2.751877e-01 4.704709e-01
-1.925000e-01 9.150000e-01 -2.751877e-01 4.704709e-01 -1.915000e-01 9.150000e-01 -2.751709e-01 4.705807e-01
-1.910000e-01 9.145000e-01 -2.752176e-01 4.702700e-01 -1.915000e-01 9.150000e-01 -2.751709e-01 4.705807e-01
-3.660000e-01 9.155000e-01 -2.745587e-01 4.729461e-01 -3.655000e-01 9.160000e-01 -2.746123e-01 4.732439e-01
-3.655000e-01 9.160000e-01 -2.746123e-01 4.732439e-01 -3.645000e-01 9.160000e-01 -2.745885e-01 4.731134e-01
-3.645000e-01 9.160000e-01 -2.745885e-01 4.731134e-01 -3.635000e-01 9.160000e-01 -2.745656e-01 4.729842e-01
-3.635000e-01 9.160000e-01 -2.745656e-01 4.729842e-01 -3.625000e-01 9.160000e-01 -2.745434e-01 4.728562e-01
-3.625000e-01 9.160000e-01 -2.745434e-01 4.728562e-01 -3.620000e-01 9.165000e-01 -2.745961e-01 4.731573e-01
-1.985000e-01 9.160000e-01 -2.751717e-01 4.705746e-01 -1.990000e-01 9.165000e-01 -2.751280e-01 4.708923e-01
-1.985000e-01 9.160000e-01 -2.751717e-01 4.705746e-01 -1.975000e-01 9.160000e-01 -2.751581e-01 4.706763e-01
-1.975000e-01 9.160000e-01 -2.751581e-01 4.706763e-01 -1.965000e-01 9.160000e-01 -2.751437e-01 4.707793e-01
-1.965000e-01 9.160000e-01 -2.751437e-01 4.707793e-01 -1.955000e-01 9.160000e-01 -2.751286e-01 4.708836e-01
-1.950000e-01 9.155000e-01 -2.751734e-01 4.705692e-01 -1.955000e-01 9.160000e-01 -2.751286e-01 4.708836e-01
-3.620000e-01 9.165000e-01 -2.745961e-01 4.731573e-01 -3.615000e-01 9.170000e-01 -2.746480e-01 4.734588e-01
-3.615000e-01 9.170000e-01 -2.746480e-01 4.734588e-01 -3.605000e-01 9.170000e-01 -2.746262e-01 4.733337e-01
-3.605000e-01 9.170000e-01 -2.746262e-01 4.733337e-01 -3.595000e-01 9.170000e-01 -2.746052e-01 4.732099e-01
-3.595000e-01 9.170000e-01 -2.746052e-01 4.732099e-01 -3.585000e-01 9.170000e-01 -2.745850e-01 4.730874e-01
-3.585000e-01 9.170000e-01 -2.745850e-01 4.730874e-01 -3.580000e-01 9.175000e-01 -2.746359e-01 4.733922e-01
-2.025000e-01 9.170000e-01 -2.751237e-01 4.709181e-01 -2.030000e-01 9.175000e-01 -2.750820e-01 4.712395e-01
-2.025000e-01 9.170000e-01 -2.751237e-01 4.709181e-01 -2.015000e-01 9.170000e-01 -2.751115e-01 4.710142e-01
-2.015000e-01 9.170000e-01 -2.751115e-01 4.710142e-01 -2.005000e-01 9.170000e-01 -2.750987e-01 4.711117e-01
-2.005000e-01 9.170000e-01 -2.750987e-01 4.711117e-01 -1.995000e-01 9.170000e-01 -2.750851e-01 4.712104e-01
-1.990000e-01 9.165000e-01 -2.751280e-01 4.708923e-01 -1.995000e-01 9.170000e-01 -2.750851e-01 4.712104e-01
-3.580000e-01 9.175000e-01 -2.746359e-01 4.733922e-01 -3.575000e-01 9.180000e-01 -2.746859e-01 4.736974e-01
-3.575000e-01 9.180000e-01 -2.746859e-01 4.736974e-01 -3.565000e-01 9.180000e-01 -2.746660e-01 4.735778e-01
-3.565000e-01 9.180000e-01 -2.746660e-01 4.735778e-01 -3.555000e-01 9.180000e-01 -2.746467e-01 4.734595e-01
-3.555000e-01 9.180000e-01 -2.746467e-01 4.734595e-01 -3.545000e-01 9.180000e-01 -2.746283e-01 4.733424e-01
-3.545000e-01 9.180000e-01 -2.746283e-01 4.733424e-01 -3.535000e-01 9.180000e-01 -2.746105e-01 4.732266e-01
-3.535000e-01 9.180000e-01 -2.746105e-01 4.732266e-01 -3.530000e-01 9.185000e-01 -2.746593e-01 4.735360e-01
-2.065000e-01 9.180000e-01 -2.750756e-01 4.712857e-01 -2.070000e-01 9.185000e-01 -2.750361e-01 4.716106e-01
-2.065000e-01 9.180000e-01 -2.750756e-01 4.712857e-01 -2.055000e-01 9.180000e-01 -2.750648e-01 4.713762e-01
-2.055000e-01 9.180000e-01 -2.750648e-01 4.713762e-01 -2.045000e-01 9.180000e-01 -2.750533e-01 4.714680e-01
-2.045000e-01 9.180000e-01 -2.750533e-01 4.714680e-01 -2.035000e-01 9.180000e-01 -2.750412e-01 4.715612e-01
-2.030000e-01 9.175000e-01 -2.750820e-01 4.712395e-01 -2.035000e-01 9.180000e-01 -2.750412e-01 4.715612e-01
-3.530000e-01 9.185000e-01 -2.746593e-01 4.735360e-01 -3.525000e-01 9.190000e-01 -2.747072e-01 4.738458e-01
-3.525000e-01 9.190000e-01 -2.747072e-01 4.738458e-01 -3.515000e-01 9.190000e-01 -2.746896e-01 4.737329e-01
-3.515000e-01 9.190000e-01 -2.746896e-01 4.737329e-01 -3.505000e-01 9.190000e-01 -2.746727e-01 4.736213e-01
-3.505000e-01 9.190000e-01 -2.746727e-01 4.736213e-01 -3.495000e-01 9.190000e-01 -2.746565e-01 4.735110e-01
-3.495000e-01 9.190000e-01 -2.746565e-01 4.735110e-01 -3.490000e-01 9.195000e-01 -2.747032e-01 4.738241e-01
-2.115000e-01 9.190000e-01 -2.750373e-01 4.715936e-01 -2.120000e-01 9.195000e-01 -2.750004e-01 4.719230e-01
-2.115000e-01 9.190000e-01 -2.750373e-01 4.715936e-01 -2.105000e-01 9.190000e-01 -2.750282e-01 4.716772e-01
-2.105000e-01 9.190000e-01 -2.750282e-01 4.716772e-01 -2.095000e-01 9.190000e-01 -2.750186e-01 4.717621e-01
-2.095000e-01 9.190000e-01 -2.750186e-01 4.717621e-01 -2.085000e-01 9.190000e-01 -2.750083e-01 4.718484e-01
-2.085000e-01 9.190000e-01 -2.750083e-01 4.718484e-01 -2.075000e-01 9.190000e-01 -2.749974e-01 4.719360e-01
-2.070000e-01 9.185000e-01 -2.750361e-01 4.716106e-01 -2.075000e-01 9.190000e-01 -2.749974e-01 4.719360e-01
-3.490000e-01 9.195000e-01 -2.747032e-01 4.738241e-01 -3.485000e-01 9.200000e-01 -2.747492e-01 4.741376e-01
-3.485000e-01 9.200000e-01 -2.747492e-01 4.741376e-01 -3.475000e-01 9.200000e-01 -2.747330e-01 4.740302e-01
-3.475000e-01 9.200000e-01 -2.747330e-01 4.740302e-01 -3.465000e-01 9.200000e-01 -2.747176e-01 4.739242e-01
-3.465000e-01 9.200000e-01 -2.747176e-01 4.739242e-01 -3.455000e-01 9.200000e-01 -2.747028e-01 4.738194e-01
-3.455000e-01 9.200000e-01 -2.747028e-01 4.738194e-01 -3.445000e-01 9.200000e-01 -2.746887e-01 4.737160e-01
-3.445000e-01 9.200000e-01 -2.746887e-01 4.737160e-01 -3.440000e-01 9.205000e-01 -2.747330e-01 4.740336e-01
-2.165000e-01 9.200000e-01 -2.749977e-01 4.719382e-01 -2.170000e-01 9.205000e-01 -2.749636e-01 4.722720e-01
-2.165000e-01 9.200000e-01 -2.749977e-01 4.719382e-01 -2.155000e-01 9.200000e-01 -2.749902e-01 4.720148e-01
-2.155000e-01 9.200000e-01 -2.749902e-01 4.720148e-01 -2.145000e-01 9.200000e-01 -2.749822e-01 4.720928e-01
-2.145000e-01 9.200000e-01 -2.749822e-01 4.720928e-01 -2.135000e-01 9.200000e-01 -2.749735e-01 4.721721e-01
-2.135000e-01 9.200000e-01 -2.749735e-01 4.721721e-01 -2.125000e-01 9.200000e-01 -2.749643e-01 4.722527e-01
-2.120000e-01 9.195000e-01 -2.750004e-01 4.719230e-01 -2.125000e-01 9.200000e-01 -2.749643e-01 4.722527e-01
-3.440000e-01 9.205000e-01 -2.747330e-01 4.740336e-01 -3.435000e-01 9.210000e-01 -2.747765e-01 4.743515e-01
-3.435000e-01 9.210000e-01 -2.747765e-01 4.743515e-01 -3.425000e-01 9.210000e-01 -2.747623e-01 4.742510e-01
-3.425000e-01 9.210000e-01 -2.747623e-01 4.742510e-01 -3.415000e-01 9.210000e-01 -2.747488e-01 4.741518e-01
-3.415000e-01 9.210000e-01 -2.747488e-01 4.741518e-01 -3.405000e-01 9.210000e-01 -2.747359e-01 4.740539e-01
-3.405000e-01 9.210000e-01 -2.747359e-01 4.740539e-01 -3.395000e-01 9.210000e-01 -2.747235e-01 4.739574e-01
-3.395000e-01 9.210000e-01 -2.747235e-01 4.739574e-01 -3.385000e-01 9.210000e-01 -2.747118e-01 4.738622e-01
-3.385000e-01 9.210000e-01 -2.747118e-01 4.738622e-01 -3.380000e-01 9.215000e-01 -2.747532e-01 4.741850e-01
-2.225000e-01 9.210000e-01 -2.749639e-01 4.722513e-01 -2.230000e-01 9.215000e-01 -2.749331e-01 4.725901e-01
-2.225000e-01 9.210000e-01 -2.749639e-01 4.722513e-01 -2.215000e-01 9.210000e-01 -2.749582e-01 4.723195e-01
-2.215000e-01 9.210000e-01 -2.749582e-01 4.723195e-01 -2.205000e-01 9.210000e-01 -2.749520e-01 4.723891e-01
-2.205000e-01 9.210000e-01 -2.749520e-01 4.723891e-01 -2.195000e-01 9.210000e-01 -2.749453e-01 4.724601e-01
-2.195000e-01 9.210000e-01 -2.749453e-01 4.724601e-01 -2.185000e-01 9.210000e-01 -2.749380e-01 4.725324e-01
-2.185000e-01 9.210000e-01 -2.749380e-01 4.725324e-01 -2.175000e-01 9.210000e-01 -2.749302e-01 4.726060e-01
-2.170000e-01 9.205000e-01 -2.749636e-01 4.722720e-01 -2.175000e-01 9.210000e-01 -2.749302e-01 4.726060e-01
-3.380000e-01 9.215000e-01 -2.747532e-01 4.741850e-01 -3.375000e-01 9.220000e-01 -2.747938e-01 4.745082e-01
-3.375000e-01 9.220000e-01 -2.747938e-01 4.745082e-01 -3.365000e-01 9.220000e-01 -2.747819e-01 4.744159e-01
-3.365000e-01 9.220000e-01 -2.747819e-01 4.744159e-01 -3.355000e-01 9.220000e-01 -2.747706e-01 4.743250e-01
-3.355000e-01 9.220000e-01 -2.747706e-01 4.743250e-01 -3.345000e-01 9.220000e-01 -2.747598e-01 4.742353e-01
-3.345000e-01 9.220000e-01 -2.747598e-01 4.742353e-01 -3.335000e-01 9.220000e-01 -2.747496e-01 4.741470e-01
-3.335000e-01 9.220000e-01 -2.747496e-01 4.741470e-01 -3.325000e-01 9.220000e-01 -2.747400e-01 4.740600e-01
-3.325000e-01 9.220000e-01 -2.747400e-01 4.740600e-01 -3.320000e-01 9.225000e-01 -2.747783e-01 4.743881e-01
-2.285000e-01 9.220000e-01 -2.749288e-01 4.726164e-01 -2.290000e-01 9.225000e-01 -2.749015e-01 4.729603e-01
-2.285000e-01 9.220000e-01 -2.749288e-01 4.726164e-01 -2.275000e-01 9.220000e-01 -2.749246e-01 4.726763e-01
-2.275000e-01 9.220000e-01 -2.749246e-01 4.726763e-01 -2.265000e-01 9.220000e-01 -2.749199e-01 4.727375e-01
-2.265000e-01 9.220000e-01 -2.749199e-01 4.727375e-01 -2.255000e-01 9.220000e-01 -2.749147e-01 4.728000e-01
-2.255000e-01 9.220000e-01 -2.749147e-01 4.728000e-01 -2.245000e-01 9.220000e-01 -2.749091e-01 4.728640e-01
-2.245000e-01 9.220000e-01 -2.749091e-01 4.728640e-01 -2.235000e-01 9.220000e-01 -2.749030e-01 4.729292e-01
-2.230000e-01 9.215000e-01 -2.749331e-01 4.725901e-01 -2.235000e-01 9.220000e-01 -2.749030e-01 4.729292e-01
-3.320000e-01 9.225000e-01 -2.747783e-01 4.743881e-01 -3.315000e-01 9.230000e-01 -2.748157e-01 4.747165e-01
-3.315000e-01 9.230000e-01 -2.748157e-01 4.747165e-01 -3.305000e-01 9.230000e-01 -2.748058e-01 4.746325e-01
-3.305000e-01 9.230000e-01 -2.748058e-01 4.746325e-01 -3.295000e-01 9.230000e-01 -2.747964e-01 4.745498e-01
-3.295000e-01 9.230000e-01 -2.747964e-01 4.745498e-01 -3.285000e-01 9.230000e-01 -2.747875e-01 4.744684e-01
-3.285000e-01 9.230000e-01 -2.747875e-01 4.744684e-01 -3.275000e-01 9.230000e-01 -2.747791e-01 4.743884e-01
-3.275000e-01 9.230000e-01 -2.747791e-01 4.743884e-01 -3.265000e-01 9.230000e-01 -2.747711e-01 4.743098e-01
-3.265000e-01 9.230000e-01 -2.747711e-01 4.743098e-01 -3.255000e-01 9.230000e-01 -2.747637e-01 4.742325e-01
-3.255000e-01 9.230000e-01 -2.747637e-01 4.742325e-01 -3.250000e-01 9.235000e-01 -2.747982e-01 4.745665e-01
-2.355000e-01 9.230000e-01 -2.748974e-01 4.729837e-01 -2.360000e-01 9.235000e-01 -2.748743e-01 4.733333e-01
-2.355000e-01 9.230000e-01 -2.748974e-01 4.729837e-01 -2.345000e-01 9.230000e-01 -2.748947e-01 4.730337e-01
-2.345000e-01 9.230000e-01 -2.748947e-01 4.730337e-01 -2.335000e-01 9.230000e-01 -2.748915e-01 4.730851e-01
-2.335000e-01 9.230000e-01 -2.748915e-01 4.730851e-01 -2.325000e-01 9.230000e-01 -2.748880e-01 4.731379e-01
-2.325000e-01 9.230000e-01 -2.748880e-01 4.731379e-01 -2.315000e-01 9.230000e-01 -2.748841e-01 4.731920e-01
-2.315000e-01 9.230000e-01 -2.748841e-01 4.731920e-01 -2.305000e-01 9.230000e-01 -2.748797e-01 4.732476e-01
-2.305000e-01 9.230000e-01 -2.748797e-01 4.732476e-01 -2.295000e-01 9.230000e-01 -2.748750e-01 4.733045e-01
-2.290000e-01 9.225000e-01 -2.749015e-01 4.729603e-01 -2.295000e-01 9.230000e-01 -2.748750e-01 4.733045e-01
-3.250000e-01 9.235000e-01 -2.747982e-01 4.745665e-01 -3.245000e-01 9.240000e-01 -2.748319e-01 4.749008e-01
-3.245000e-01 9.240000e-01 -2.748319e-01 4.749008e-01 -3.235000e-01 9.240000e-01 -2.748240e-01 4.748265e-01
-3.235000e-01 9.240000e-01 -2.748240e-01 4.748265e-01 -3.225000e-01 9.240000e-01 -2.748166e-01 4.747535e-01
-3.225000e-01 9.240000e-01 -2.748166e-01 4.747535e-01 -3.215000e-01 9.240000e-01 -2.748096e-01 4.746818e-01
-3.215000e-01 9.240000e-01 -2.748096e-01 4.746818e-01 -3.205000e-01 9.240000e-01 -2.748031e-01 4.746116e-01
-3.205000e-01 9.240000e-01 -2.748031e-01 4.746116e-01 -3.195000e-01 9.240000e-01 -2.747970e-01 4.745426e-01
-3.195000e-01 9.240000e-01 -2.747970e-01 4.745426e-01 -3.185000e-01 9.240000e-01 -2.747913e-01 4.744750e-01
-3.185000e-01 9.240000e-01 -2.747913e-01 4.744750e-01 -3.175000e-01 9.240000e-01 -2.747860e-01 4.744088e-01
-3.175000e-01 9.240000e-01 -2.747860e-01 4.744088e-01 -3.170000e-01 9.245000e-01 -2.748160e-01 4.747495e-01
-2.435000e-01 9.240000e-01 -2.748687e-01 4.733825e-01 -2.440000e-01 9.245000e-01 -2.748506e-01 4.737385e-01
-2.435000e-01 9.240000e-01 -2.748687e-01 4.733825e-01 -2.425000e-01 9.240000e-01 -2.748673e-01 4.734213e-01
-2.425000e-01 9.240000e-01 -2.748673e-01 4.734213e-01 -2.415000e-01 9.240000e-01 -2.748656e-01 4.734615e-01
-2.415000e-01 9.240000e-01 -2.748656e-01 4.734615e-01 -2.405000e-01 9.240000e-01 -2.748635e-01 4.735031e-01
-2.405000e-01 9.240000e-01 -2.748635e-01 4.735031e-01 -2.395000e-01 9.240000e-01 -2.748611e-01 4.735460e-01
-2.395000e-01 9.240000e-01 -2.748611e-01 4.735460e-01 -2.385000e-01 9.240000e-01 -2.748584e-01 4.735903e-01
-2.385000e-01 9.240000e-01 -2.748584e-01 4.735903e-01 -2.375000e-01 9.240000e-01 -2.748554e-01 4.736361e-01
-2.375000e-01 9.240000e-01 -2.748554e-01 4.736361e-01 -2.365000e-01 9.240000e-01 -2.748520e-01 4.736832e-01
-2.360000e-01 9.235000e-01 -2.748743e-01 4.733333e-01 -2.365000e-01 9.240000e-01 -2.748520e-01 4.736832e-01
-3.170000e-01 9.245000e-01 -2.748160e-01 4.747495e-01 -3.165000e-01 9.250000e-01 -2.748452e-01 4.750905e-01
-3.165000e-01 9.250000e-01 -2.748452e-01 4.750905e-01 -3.155000e-01 9.250000e-01 -2.748393e-01 4.750272e-01
-3.155000e-01 9.250000e-01 -2.748393e-01 4.750272e-01 -3.145000e-01 9.250000e-01 -2.748338e-01 4.749653e-01
-3.145000e-01 9.250000e-01 -2.748338e-01 4.749653e-01 -3.135000e-01 9.250000e-01 -2.748287e-01 4.749048e-01
-3.135000e-01 9.250000e-01 -2.748287e-01 4.749048e-01 -3.125000e-01 9.250000e-01 -2.748239e-01 4.748456e-01
-3.125000e-01 9.250000e-01 -2.748239e-01 4.748456e-01 -3.115000e-01 9.250000e-01 -2.748195e-01 4.747878e-01
-3.115000e-01 9.250000e-01 -2.748195e-01 4.747878e-01 -3.105000e-01 9.250000e-01 -2.748154e-01 4.747314e-01
-3.105000e-01 9.250000e-01 -2.748154e-01 4.747314e-01 -3.095000e-01 9.250000e-01 -2.748117e-01 4.746763e-01
-3.095000e-01 9.250000e-01 -2.748117e-01 4.746763e-01 -3.085000e-01 9.250000e-01 -2.748083e-01 4.746226e-01
-3.085000e-01 9.250000e-01 -2.748083e-01 4.746226e-01 -3.075000e-01 9.250000e-01 -2.748052e-01 4.745703e-01
-3.075000e-01 9.250000e-01 -2.748052e-01 4.745703e-01 -3.070000e-01 9.255000e-01 -2.748292e-01 4.749191e-01
-2.535000e-01 9.250000e-01 -2.748442e-01 4.738218e-01 -2.540000e-01 9.255000e-01 -2.748325e-01 4.741856e-01
-2.535000e-01 9.250000e-01 -2.748442e-01 4.738218e-01 -2.525000e-01 9.250000e-01 -2.748439e-01 4.738466e-01
-2.525000e-01 9.250000e-01 -2.748439e-01 4.738466e-01 -2.515000e-01 9.250000e-01 -2.748434e-01 4.738727e-01
-2.515000e-01 9.250000e-01 -2.748434e-01 4.738727e-01 -2.505000e-01 9.250000e-01 -2.748427e-01 4.739002e-01
-2.505000e-01 9.250000e-01 -2.748427e-01 4.739002e-01 -2.495000e-01 9.250000e-01 -2.748417e-01 4.739292e-01
-2.495000e-01 9.250000e-01 -2.748417e-01 4.739292e-01 -2.485000e-01 9.250000e-01 -2.748405e-01 4.739595e-01
-2.485000e-01 9.250000e-01 -2.748405e-01 4.739595e-01 -2.475000e-01 9.250000e-01 -2.748391e-01 4.739912e-01
-2.475000e-01 9.250000e-01 -2.748391e-01 4.739912e-01 -2.465000e-01 9.250000e-01 -2.748374e-01 4.740243e-01
-2.465000e-01 9.250000e-01 -2.748374e-01 4.740243e-01 -2.455000e-01 9.250000e-01 -2.748355e-01 4.740589e-01
-2.455000e-01 9.250000e-01 -2.748355e-01 4.740589e-01 -2.445000e-01 9.250000e-01 -2.748332e-01 4.740947e-01
-2.440000e-01 9.245000e-01 -2.748506e-01 4.737385e-01 -2.445000e-01 9.250000e-01 -2.748332e-01 4.740947e-01
-3.070000e-01 9.255000e-01 -2.748292e-01 4.749191e-01 -3.065000e-01 9.260000e-01 -2.748525e-01 4.752682e-01
-3.065000e-01 9.260000e-01 -2.748525e-01 4.752682e-01 -3.055000e-01 9.260000e-01 -2.748486e-01 4.752188e-01
-3.055000e-01 9.260000e-01 -2.748486e-01 4.752188e-01 -3.045000e-01 9.260000e-01 -2.748450e-01 4.751708e-01
-3.045000e-01 9.260000e-01 -2.748450e-01 4.751708e-01 -3.035000e-01 9.260000e-01 -2.748417e-01 4.751242e-01
-3.035000e-01 9.260000e-01 -2.748417e-01 4.751242e-01 -3.025000e-01 9.260000e-01 -2.748386e-01 4.750789e-01
-3.025000e-01 9.260000e-01 -2.748386e-01 4.750789e-01 -3.015000e-01 9.260000e-01 -2.748358e-01 4.750351e-01
-3.015000e-01 9.260000e-01 -2.748358e-01 4.750351e-01 -3.005000e-01 9.260000e-01 -2.748332e-01 4.749926e-01
-3.005000e-01 9.260000e-01 -2.748332e-01 4.749926e-01 -2.995000e-01 9.260000e-01 -2.748309e-01 4.749516e-01
-2.995000e-01 9.260000e-01 -2.748309e-01 4.749516e-01 -2.985000e-01 9.260000e-01 -2.748288e-01 4.749119e-01
-2.985000e-01 9.260000e-01 -2.748288e-01 4.749119e-01 -2.975000e-01 9.260000e-01 -2.748270e-01 4.748735e-01
-2.975000e-01 9.260000e-01 -2.748270e-01 4.748735e-01 -2.965000e-01 9.260000e-01 -2.748253e-01 4.748366e-01
-2.965000e-01 9.260000e-01 -2.748253e-01 4.748366e-01 -2.955000e-01 9.260000e-01 -2.748238e-01 4.748011e-01
-2.955000e-01 9.260000e-01 -2.748238e-01 4.748011e-01 -2.945000e-01 9.260000e-01 -2.748226e-01 4.747670e-01
-2.945000e-01 9.260000e-01 -2.748226e-01 4.747670e-01 -2.935000e-01 9.260000e-01 -2.748215e-01 4.747342e-01
-2.935000e-01 9.260000e-01 -2.748215e-01 4.747342e-01 -2.925000e-01 9.260000e-01 -2.748206e-01 4.747029e-01
-2.925000e-01 9.260000e-01 -2.748206e-01 4.747029e-01 -2.915000e-01 9.260000e-01 -2.748198e-01 4.746730e-01
-2.915000e-01 9.260000e-01 -2.748198e-01 4.746730e-01 -2.905000e-01 9.260000e-01 -2.748192e-01 4.746444e-01
-2.905000e-01 9.260000e-01 -2.748192e-01 4.746444e-01 -2.895000e-01 9.260000e-01 -2.748188e-01 4.746172e-01
-2.895000e-01 9.260000e-01 -2.748188e-01 4.746172e-01 -2.885000e-01 9.260000e-01 -2.748185e-01 4.745915e-01
-2.885000e-01 9.260000e-01 -2.748185e-01 4.745915e-01 -2.875000e-01 9.260000e-01 -2.748183e-01 4.745671e-01
-2.875000e-01 9.260000e-01 -2.748183e-01 4.745671e-01 -2.865000e-01 9.260000e-01 -2.748182e-01 4.745442e-01
-2.865000e-01 9.260000e-01 -2.748182e-01 4.745442e-01 -2.855000e-01 9.260000e-01 -2.748182e-01 4.745226e-01
-2.855000e-01 9.260000e-01 -2.748182e-01 4.745226e-01 -2.845000e-01 9.260000e-01 -2.748184e-01 4.745024e-01
-2.845000e-01 9.260000e-01 -2.748184e-01 4.745024e-01 -2.835000e-01 9.260000e-01 -2.748186e-01 4.744837e-01
-2.835000e-01 9.260000e-01 -2.748186e-01 4.744837e-01 -2.830000e-01 9.265000e-01 -2.748274e-01 4.748507e-01
-2.775000e-01 9.260000e-01 -2.748213e-01 4.744005e-01 -2.780000e-01 9.265000e-01 -2.748262e-01 4.747816e-01
-2.775000e-01 9.260000e-01 -2.748213e-01 4.744005e-01 -2.765000e-01 9.260000e-01 -2.748219e-01 4.743916e-01
-2.765000e-01 9.260000e-01 -2.748219e-01 4.743916e-01 -2.755000e-01 9.260000e-01 -2.748225e-01 4.743840e-01
-2.755000e-01 9.260000e-01 -2.748225e-01 4.743840e-01 -2.745000e-01 9.260000e-01 -2.748231e-01 4.743779e-01
-2.745000e-01 9.260000e-01 -2.748231e-01 4.743779e-01 -2.735000e-01 9.260000e-01 -2.748237e-01 4.743731e-01
-2.735000e-01 9.260000e-01 -2.748237e-01 4.743731e-01 -2.725000e-01 9.260000e-01 -2.748243e-01 4.743698e-01
-2.725000e-01 9.260000e-01 -2.748243e-01 4.743698e-01 -2.715000e-01 9.260000e-01 -2.748248e-01 4.743679e-01
-2.715000e-01 9.260000e-01 -2.748248e-01 4.743679e-01 -2.705000e-01 9.260000e-01 -2.748254e-01 4.743673e-01
-2.705000e-01 9.260000e-01 -2.748254e-01 4.743673e-01 -2.695000e-01 9.260000e-01 -2.748259e-01 4.743682e-01
-2.695000e-01 9.260000e-01 -2.748259e-01 4.743682e-01 -2.685000e-01 9.260000e-01 -2.748263e-01 4.743705e-01
-2.685000e-01 9.260000e-01 -2.748263e-01 4.743705e-01 -2.675000e-01 9.260000e-01 -2.748267e-01 4.743742e-01
-2.675000e-01 9.260000e-01 -2.748267e-01 4.743742e-01 -2.665000e-01 9.260000e-01 -2.748270e-01 4.743792e-01
-2.665000e-01 9.260000e-01 -2.748270e-01 4.743792e-01 -2.655000e-01 9.260000e-01 -2.748272e-01 4.743857e-01
-2.655000e-01 9.260000e-01 -2.748272e-01 4.743857e-01 -2.645000e-01 9.260000e-01 -2.748273e-01 4.743936e-01
-2.645000e-01 9.260000e-01 -2.748273e-01 4.743936e-01 -2.635000e-01 9.260000e-01 -2.748273e-01 4.744029e-01
-2.635000e-01 9.260000e-01 -2.748273e-01 4.744029e-01 -2.625000e-01 9.260000e-01 -2.748273e-01 4.744136e-01
-2.625000e-01 9.260000e-01 -2.748273e-01 4.744136e-01 -2.615000e-01 9.260000e-01 -2.748271e-01 4.744257e-01
-2.615000e-01 9.260000e-01 -2.748271e-01 4.744257e-01 -2.605000e-01 9.260000e-01 -2.748268e-01 4.744392e-01
-2.605000e-01 9.260000e-01 -2.748268e-01 4.744392e-01 -2.595000e-01 9.260000e-01 -2.748263e-01 4.744541e-01
-2.595000e-01 9.260000e-01 -2.748263e-01 4.744541e-01 -2.585000e-01 9.260000e-01 -2.748257e-01 4.744703e-01
-2.585000e-01 9.260000e-01 -2.748257e-01 4.744703e-01 -2.575000e-01 9.260000e-01 -2.748249e-01 4.744880e-01
-2.575000e-01 9.260000e-01 -2.748249e-01 4.744880e-01 -2.565000e-01 9.260000e-01 -2.748240e-01 4.745071e-01
-2.565000e-01 9.260000e-01 -2.748240e-01 4.745071e-01 -2.555000e-01 9.260000e-01 -2.748229e-01 4.745276e-01
-2.555000e-01 9.260000e-01 -2.748229e-01 4.745276e-01 -2.545000e-01 9.260000e-01 -2.748216e-01 4.745495e-01
-2.540000e-01 9.255000e-01 -2.748325e-01 4.741856e-01 -2.545000e-01 9.260000e-01 -2.748216e-01 4.745495e-01
-2.830000e-01 9.265000e-01 -2.748274e-01 4.748507e-01 -2.825000e-01 9.270000e-01 -2.748355e-01 4.752180e-01
-2.825000e-01 9.270000e-01 -2.748355e-01 4.752180e-01 -2.815000e-01 9.270000e-01 -2.748345e-01 4.752021e-01
-2.815000e-01 9.270000e-01 -2.748345e-01 4.752021e-01 -2.805000e-01 9.270000e-01 -2.748336e-01 4.751876e-01
-2.805000e-01 9.270000e-01 -2.748336e-01 4.751876e-01 -2.795000e-01 9.270000e-01 -2.748326e-01 4.751744e-01
-2.795000e-01 9.270000e-01 -2.748326e-01 4.751744e-01 -2.785000e-01 9.270000e-01 -2.748318e-01 4.751627e-01
-2.780000e-01 9.265000e-01 -2.748262e-01 4.747816e-01 -2.785000e-01 9.270000e-01 -2.748318e-01 4.751627e-01
