-2.895000e-01 -9.900000e-02 -4.336955e-01 3.708211e-01 -2.900000e-01 -9.850000e-02 -4.336988e-01 3.712854e-01
-2.895000e-01 -9.900000e-02 -4.336955e-01 3.708211e-01 -2.885000e-01 -9.900000e-02 -4.336947e-01 3.708136e-01
-2.885000e-01 -9.900000e-02 -4.336947e-01 3.708136e-01 -2.875000e-01 -9.900000e-02 -4.336939e-01 3.708044e-01
-2.875000e-01 -9.900000e-02 -4.336939e-01 3.708044e-01 -2.865000e-01 -9.900000e-02 -4.336932e-01 3.707934e-01
-2.865000e-01 -9.900000e-02 -4.336932e-01 3.707934e-01 -2.855000e-01 -9.900000e-02 -4.336926e-01 3.707807e-01
-2.855000e-01 -9.900000e-02 -4.336926e-01 3.707807e-01 -2.845000e-01 -9.900000e-02 -4.336919e-01 3.707662e-01
-2.845000e-01 -9.900000e-02 -4.336919e-01 3.707662e-01 -2.835000e-01 -9.900000e-02 -4.336913e-01 3.707500e-01
-2.835000e-01 -9.900000e-02 -4.336913e-01 3.707500e-01 -2.825000e-01 -9.900000e-02 -4.336907e-01 3.707320e-01
-2.825000e-01 -9.900000e-02 -4.336907e-01 3.707320e-01 -2.815000e-01 -9.900000e-02 -4.336900e-01 3.707123e-01
-2.815000e-01 -9.900000e-02 -4.336900e-01 3.707123e-01 -2.805000e-01 -9.900000e-02 -4.336894e-01 3.706909e-01
-2.805000e-01 -9.900000e-02 -4.336894e-01 3.706909e-01 -2.795000e-01 -9.900000e-02 -4.336887e-01 3.706677e-01
-2.795000e-01 -9.900000e-02 -4.336887e-01 3.706677e-01 -2.785000e-01 -9.900000e-02 -4.336880e-01 3.706428e-01
-2.785000e-01 -9.900000e-02 -4.336880e-01 3.706428e-01 -2.775000e-01 -9.900000e-02 -4.336872e-01 3.706162e-01
-2.775000e-01 -9.900000e-02 -4.336872e-01 3.706162e-01 -2.765000e-01 -9.900000e-02 -4.336863e-01 3.705878e-01
-2.765000e-01 -9.900000e-02 -4.336863e-01 3.705878e-01 -2.755000e-01 -9.900000e-02 -4.336854e-01 3.705578e-01
-2.755000e-01 -9.900000e-02 -4.336854e-01 3.705578e-01 -2.745000e-01 -9.900000e-02 -4.336843e-01 3.705260e-01
-2.745000e-01 -9.900000e-02 -4.336843e-01 3.705260e-01 -2.735000e-01 -9.900000e-02 -4.336832e-01 3.704925e-01
-2.735000e-01 -9.900000e-02 -4.336832e-01 3.704925e-01 -2.725000e-01 -9.900000e-02 -4.336819e-01 3.704574e-01
-2.725000e-01 -9.900000e-02 -4.336819e-01 3.704574e-01 -2.715000e-01 -9.900000e-02 -4.336805e-01 3.704205e-01
-2.715000e-01 -9.900000e-02 -4.336805e-01 3.704205e-01 -2.705000e-01 -9.900000e-02 -4.336790e-01 3.703819e-01
-2.705000e-01 -9.900000e-02 -4.336790e-01 3.703819e-01 -2.695000e-01 -9.900000e-02 -4.336774e-01 3.703417e-01
-2.695000e-01 -9.900000e-02 -4.336774e-01 3.703417e-01 -2.685000e-01 -9.900000e-02 -4.336755e-01 3.702997e-01
-2.685000e-01 -9.900000e-02 -4.336755e-01 3.702997e-01 -2.675000e-01 -9.900000e-02 -4.336735e-01 3.702562e-01
-2.675000e-01 -9.900000e-02 -4.336735e-01 3.702562e-01 -2.665000e-01 -9.900000e-02 -4.336714e-01 3.702109e-01
-2.665000e-01 -9.900000e-02 -4.336714e-01 3.702109e-01 -2.655000e-01 -9.900000e-02 -4.336690e-01 3.701640e-01
-2.655000e-01 -9.900000e-02 -4.336690e-01 3.701640e-01 -2.645000e-01 -9.900000e-02 -4.336664e-01 3.701153e-01
-2.645000e-01 -9.900000e-02 -4.336664e-01 3.701153e-01 -2.635000e-01 -9.900000e-02 -4.336636e-01 3.700651e-01
-2.635000e-01 -9.900000e-02 -4.336636e-01 3.700651e-01 -2.625000e-01 -9.900000e-02 -4.336606e-01 3.700132e-01
-2.625000e-01 -9.900000e-02 -4.336606e-01 3.700132e-01 -2.615000e-01 -9.900000e-02 -4.336574e-01 3.699596e-01
-2.615000e-01 -9.900000e-02 -4.336574e-01 3.699596e-01 -2.605000e-01 -9.900000e-02 -4.336539e-01 3.699044e-01
-2.605000e-01 -9.900000e-02 -4.336539e-01 3.699044e-01 -2.595000e-01 -9.900000e-02 -4.336501e-01 3.698476e-01
-2.595000e-01 -9.900000e-02 -4.336501e-01 3.698476e-01 -2.585000e-01 -9.900000e-02 -4.336461e-01 3.697891e-01
-2.585000e-01 -9.900000e-02 -4.336461e-01 3.697891e-01 -2.575000e-01 -9.900000e-02 -4.336418e-01 3.697290e-01
-2.575000e-01 -9.900000e-02 -4.336418e-01 3.697290e-01 -2.565000e-01 -9.900000e-02 -4.336372e-01 3.696673e-01
-2.565000e-01 -9.900000e-02 -4.336372e-01 3.696673e-01 -2.555000e-01 -9.900000e-02 -4.336323e-01 3.696039e-01
-2.555000e-01 -9.900000e-02 -4.336323e-01 3.696039e-01 -2.545000e-01 -9.900000e-02 -4.336271e-01 3.695390e-01
-2.545000e-01 -9.900000e-02 -4.336271e-01 3.695390e-01 -2.535000e-01 -9.900000e-02 -4.336216e-01 3.694724e-01
-2.535000e-01 -9.900000e-02 -4.336216e-01 3.694724e-01 -2.525000e-01 -9.900000e-02 -4.336157e-01 3.694043e-01
-2.525000e-01 -9.900000e-02 -4.336157e-01 3.694043e-01 -2.515000e-01 -9.900000e-02 -4.336095e-01 3.693346e-01
-2.515000e-01 -9.900000e-02 -4.336095e-01 3.693346e-01 -2.510000e-01 -9.850000e-02 -4.336419e-01 3.697475e-01
-3.035000e-01 -9.800000e-02 -4.337017e-01 3.716683e-01 -3.040000e-01 -9.750000e-02 -4.336930e-01 3.721238e-01
-3.035000e-01 -9.800000e-02 -4.337017e-01 3.716683e-01 -3.025000e-01 -9.800000e-02 -4.337006e-01 3.716854e-01
-3.025000e-01 -9.800000e-02 -4.337006e-01 3.716854e-01 -3.015000e-01 -9.800000e-02 -4.336997e-01 3.717007e-01
-3.015000e-01 -9.800000e-02 -4.336997e-01 3.717007e-01 -3.005000e-01 -9.800000e-02 -4.336990e-01 3.717141e-01
-3.005000e-01 -9.800000e-02 -4.336990e-01 3.717141e-01 -2.995000e-01 -9.800000e-02 -4.336985e-01 3.717258e-01
-2.995000e-01 -9.800000e-02 -4.336985e-01 3.717258e-01 -2.985000e-01 -9.800000e-02 -4.336983e-01 3.717357e-01
-2.985000e-01 -9.800000e-02 -4.336983e-01 3.717357e-01 -2.975000e-01 -9.800000e-02 -4.336982e-01 3.717438e-01
-2.975000e-01 -9.800000e-02 -4.336982e-01 3.717438e-01 -2.965000e-01 -9.800000e-02 -4.336982e-01 3.717500e-01
-2.965000e-01 -9.800000e-02 -4.336982e-01 3.717500e-01 -2.955000e-01 -9.800000e-02 -4.336985e-01 3.717545e-01
-2.955000e-01 -9.800000e-02 -4.336985e-01 3.717545e-01 -2.945000e-01 -9.800000e-02 -4.336988e-01 3.717572e-01
-2.945000e-01 -9.800000e-02 -4.336988e-01 3.717572e-01 -2.935000e-01 -9.800000e-02 -4.336993e-01 3.717580e-01
-2.935000e-01 -9.800000e-02 -4.336993e-01 3.717580e-01 -2.925000e-01 -9.800000e-02 -4.336999e-01 3.717571e-01
-2.925000e-01 -9.800000e-02 -4.336999e-01 3.717571e-01 -2.915000e-01 -9.800000e-02 -4.337006e-01 3.717545e-01
-2.915000e-01 -9.800000e-02 -4.337006e-01 3.717545e-01 -2.905000e-01 -9.800000e-02 -4.337014e-01 3.717500e-01
-2.900000e-01 -9.850000e-02 -4.336988e-01 3.712854e-01 -2.905000e-01 -9.800000e-02 -4.337014e-01 3.717500e-01
-2.510000e-01 -9.850000e-02 -4.336419e-01 3.697475e-01 -2.505000e-01 -9.800000e-02 -4.336755e-01 3.701601e-01
-2.505000e-01 -9.800000e-02 -4.336755e-01 3.701601e-01 -2.495000e-01 -9.800000e-02 -4.336701e-01 3.700864e-01
-2.495000e-01 -9.800000e-02 -4.336701e-01 3.700864e-01 -2.485000e-01 -9.800000e-02 -4.336644e-01 3.700111e-01
-2.485000e-01 -9.800000e-02 -4.336644e-01 3.700111e-01 -2.475000e-01 -9.800000e-02 -4.336583e-01 3.699343e-01
-2.475000e-01 -9.800000e-02 -4.336583e-01 3.699343e-01 -2.465000e-01 -9.800000e-02 -4.336518e-01 3.698559e-01
-2.465000e-01 -9.800000e-02 -4.336518e-01 3.698559e-01 -2.455000e-01 -9.800000e-02 -4.336449e-01 3.697759e-01
-2.455000e-01 -9.800000e-02 -4.336449e-01 3.697759e-01 -2.445000e-01 -9.800000e-02 -4.336376e-01 3.696943e-01
-2.445000e-01 -9.800000e-02 -4.336376e-01 3.696943e-01 -2.435000e-01 -9.800000e-02 -4.336299e-01 3.696113e-01
-2.435000e-01 -9.800000e-02 -4.336299e-01 3.696113e-01 -2.425000e-01 -9.800000e-02 -4.336217e-01 3.695266e-01
-2.425000e-01 -9.800000e-02 -4.336217e-01 3.695266e-01 -2.415000e-01 -9.800000e-02 -4.336130e-01 3.694405e-01
-2.415000e-01 -9.800000e-02 -4.336130e-01 3.694405e-01 -2.405000e-01 -9.800000e-02 -4.336040e-01 3.693527e-01
-2.405000e-01 -9.800000e-02 -4.336040e-01 3.693527e-01 -2.395000e-01 -9.800000e-02 -4.335944e-01 3.692635e-01
-2.395000e-01 -9.800000e-02 -4.335944e-01 3.692635e-01 -2.385000e-01 -9.800000e-02 -4.335844e-01 3.691727e-01
-2.385000e-01 -9.800000e-02 -4.335844e-01 3.691727e-01 -2.380000e-01 -9.750000e-02 -4.336252e-01 3.695700e-01
-3.125000e-01 -9.700000e-02 -4.336900e-01 3.723660e-01 -3.130000e-01 -9.650000e-02 -4.336736e-01 3.728154e-01
-3.125000e-01 -9.700000e-02 -4.336900e-01 3.723660e-01 -3.115000e-01 -9.700000e-02 -4.336881e-01 3.723991e-01
-3.115000e-01 -9.700000e-02 -4.336881e-01 3.723991e-01 -3.105000e-01 -9.700000e-02 -4.336865e-01 3.724304e-01
-3.105000e-01 -9.700000e-02 -4.336865e-01 3.724304e-01 -3.095000e-01 -9.700000e-02 -4.336853e-01 3.724599e-01
-3.095000e-01 -9.700000e-02 -4.336853e-01 3.724599e-01 -3.085000e-01 -9.700000e-02 -4.336843e-01 3.724875e-01
-3.085000e-01 -9.700000e-02 -4.336843e-01 3.724875e-01 -3.075000e-01 -9.700000e-02 -4.336837e-01 3.725133e-01
-3.075000e-01 -9.700000e-02 -4.336837e-01 3.725133e-01 -3.065000e-01 -9.700000e-02 -4.336833e-01 3.725373e-01
-3.065000e-01 -9.700000e-02 -4.336833e-01 3.725373e-01 -3.055000e-01 -9.700000e-02 -4.336833e-01 3.725594e-01
-3.055000e-01 -9.700000e-02 -4.336833e-01 3.725594e-01 -3.045000e-01 -9.700000e-02 -4.336835e-01 3.725796e-01
-3.040000e-01 -9.750000e-02 -4.336930e-01 3.721238e-01 -3.045000e-01 -9.700000e-02 -4.336835e-01 3.725796e-01
-2.380000e-01 -9.750000e-02 -4.336252e-01 3.695700e-01 -2.375000e-01 -9.700000e-02 -4.336673e-01 3.699668e-01
-2.375000e-01 -9.700000e-02 -4.336673e-01 3.699668e-01 -2.365000e-01 -9.700000e-02 -4.336578e-01 3.698722e-01
-2.365000e-01 -9.700000e-02 -4.336578e-01 3.698722e-01 -2.355000e-01 -9.700000e-02 -4.336478e-01 3.697761e-01
-2.355000e-01 -9.700000e-02 -4.336478e-01 3.697761e-01 -2.345000e-01 -9.700000e-02 -4.336373e-01 3.696784e-01
-2.345000e-01 -9.700000e-02 -4.336373e-01 3.696784e-01 -2.335000e-01 -9.700000e-02 -4.336262e-01 3.695793e-01
-2.335000e-01 -9.700000e-02 -4.336262e-01 3.695793e-01 -2.325000e-01 -9.700000e-02 -4.336146e-01 3.694787e-01
-2.325000e-01 -9.700000e-02 -4.336146e-01 3.694787e-01 -2.315000e-01 -9.700000e-02 -4.336025e-01 3.693766e-01
-2.315000e-01 -9.700000e-02 -4.336025e-01 3.693766e-01 -2.305000e-01 -9.700000e-02 -4.335897e-01 3.692731e-01
-2.305000e-01 -9.700000e-02 -4.335897e-01 3.692731e-01 -2.295000e-01 -9.700000e-02 -4.335765e-01 3.691680e-01
-2.295000e-01 -9.700000e-02 -4.335765e-01 3.691680e-01 -2.290000e-01 -9.650000e-02 -4.336228e-01 3.695543e-01
-3.195000e-01 -9.600000e-02 -4.336672e-01 3.730185e-01 -3.200000e-01 -9.550000e-02 -4.336451e-01 3.734631e-01
-3.195000e-01 -9.600000e-02 -4.336672e-01 3.730185e-01 -3.185000e-01 -9.600000e-02 -4.336644e-01 3.730643e-01
-3.185000e-01 -9.600000e-02 -4.336644e-01 3.730643e-01 -3.175000e-01 -9.600000e-02 -4.336620e-01 3.731082e-01
-3.175000e-01 -9.600000e-02 -4.336620e-01 3.731082e-01 -3.165000e-01 -9.600000e-02 -4.336601e-01 3.731502e-01
-3.165000e-01 -9.600000e-02 -4.336601e-01 3.731502e-01 -3.155000e-01 -9.600000e-02 -4.336585e-01 3.731904e-01
-3.155000e-01 -9.600000e-02 -4.336585e-01 3.731904e-01 -3.145000e-01 -9.600000e-02 -4.336574e-01 3.732287e-01
-3.145000e-01 -9.600000e-02 -4.336574e-01 3.732287e-01 -3.135000e-01 -9.600000e-02 -4.336566e-01 3.732652e-01
-3.130000e-01 -9.650000e-02 -4.336736e-01 3.728154e-01 -3.135000e-01 -9.600000e-02 -4.336566e-01 3.732652e-01
-2.290000e-01 -9.650000e-02 -4.336228e-01 3.695543e-01 -2.285000e-01 -9.600000e-02 -4.336703e-01 3.699400e-01
-2.285000e-01 -9.600000e-02 -4.336703e-01 3.699400e-01 -2.275000e-01 -9.600000e-02 -4.336573e-01 3.698312e-01
-2.275000e-01 -9.600000e-02 -4.336573e-01 3.698312e-01 -2.265000e-01 -9.600000e-02 -4.336438e-01 3.697209e-01
-2.265000e-01 -9.600000e-02 -4.336438e-01 3.697209e-01 -2.255000e-01 -9.600000e-02 -4.336296e-01 3.696092e-01
-2.255000e-01 -9.600000e-02 -4.336296e-01 3.696092e-01 -2.245000e-01 -9.600000e-02 -4.336148e-01 3.694960e-01
-2.245000e-01 -9.600000e-02 -4.336148e-01 3.694960e-01 -2.235000e-01 -9.600000e-02 -4.335994e-01 3.693814e-01
-2.235000e-01 -9.600000e-02 -4.335994e-01 3.693814e-01 -2.225000e-01 -9.600000e-02 -4.335834e-01 3.692654e-01
-2.225000e-01 -9.600000e-02 -4.335834e-01 3.692654e-01 -2.220000e-01 -9.550000e-02 -4.336337e-01 3.696430e-01
-3.265000e-01 -9.500000e-02 -4.336405e-01 3.735848e-01 -3.270000e-01 -9.450000e-02 -4.336127e-01 3.740241e-01
-3.265000e-01 -9.500000e-02 -4.336405e-01 3.735848e-01 -3.255000e-01 -9.500000e-02 -4.336361e-01 3.736433e-01
-3.255000e-01 -9.500000e-02 -4.336361e-01 3.736433e-01 -3.245000e-01 -9.500000e-02 -4.336323e-01 3.737000e-01
-3.245000e-01 -9.500000e-02 -4.336323e-01 3.737000e-01 -3.235000e-01 -9.500000e-02 -4.336290e-01 3.737548e-01
-3.235000e-01 -9.500000e-02 -4.336290e-01 3.737548e-01 -3.225000e-01 -9.500000e-02 -4.336263e-01 3.738076e-01
-3.225000e-01 -9.500000e-02 -4.336263e-01 3.738076e-01 -3.215000e-01 -9.500000e-02 -4.336240e-01 3.738587e-01
-3.215000e-01 -9.500000e-02 -4.336240e-01 3.738587e-01 -3.205000e-01 -9.500000e-02 -4.336221e-01 3.739078e-01
-3.200000e-01 -9.550000e-02 -4.336451e-01 3.734631e-01 -3.205000e-01 -9.500000e-02 -4.336221e-01 3.739078e-01
-2.220000e-01 -9.550000e-02 -4.336337e-01 3.696430e-01 -2.215000e-01 -9.500000e-02 -4.336853e-01 3.700200e-01
-2.215000e-01 -9.500000e-02 -4.336853e-01 3.700200e-01 -2.205000e-01 -9.500000e-02 -4.336694e-01 3.699003e-01
-2.205000e-01 -9.500000e-02 -4.336694e-01 3.699003e-01 -2.195000e-01 -9.500000e-02 -4.336528e-01 3.697791e-01
-2.195000e-01 -9.500000e-02 -4.336528e-01 3.697791e-01 -2.185000e-01 -9.500000e-02 -4.336355e-01 3.696565e-01
-2.185000e-01 -9.500000e-02 -4.336355e-01 3.696565e-01 -2.175000e-01 -9.500000e-02 -4.336176e-01 3.695326e-01
-2.175000e-01 -9.500000e-02 -4.336176e-01 3.695326e-01 -2.165000e-01 -9.500000e-02 -4.335989e-01 3.694071e-01
-2.165000e-01 -9.500000e-02 -4.335989e-01 3.694071e-01 -2.160000e-01 -9.450000e-02 -4.336526e-01 3.697773e-01
-3.325000e-01 -9.400000e-02 -4.336074e-01 3.741345e-01 -3.330000e-01 -9.350000e-02 -4.335748e-01 3.745692e-01
-3.325000e-01 -9.400000e-02 -4.336074e-01 3.741345e-01 -3.315000e-01 -9.400000e-02 -4.336015e-01 3.742041e-01
-3.315000e-01 -9.400000e-02 -4.336015e-01 3.742041e-01 -3.305000e-01 -9.400000e-02 -4.335963e-01 3.742719e-01
-3.305000e-01 -9.400000e-02 -4.335963e-01 3.742719e-01 -3.295000e-01 -9.400000e-02 -4.335917e-01 3.743377e-01
-3.295000e-01 -9.400000e-02 -4.335917e-01 3.743377e-01 -3.285000e-01 -9.400000e-02 -4.335876e-01 3.744016e-01
-3.285000e-01 -9.400000e-02 -4.335876e-01 3.744016e-01 -3.275000e-01 -9.400000e-02 -4.335841e-01 3.744636e-01
-3.270000e-01 -9.450000e-02 -4.336127e-01 3.740241e-01 -3.275000e-01 -9.400000e-02 -4.335841e-01 3.744636e-01
-2.160000e-01 -9.450000e-02 -4.336526e-01 3.697773e-01 -2.155000e-01 -9.400000e-02 -4.337075e-01 3.701468e-01
-2.155000e-01 -9.400000e-02 -4.337075e-01 3.701468e-01 -2.145000e-01 -9.400000e-02 -4.336888e-01 3.700177e-01
-2.145000e-01 -9.400000e-02 -4.336888e-01 3.700177e-01 -2.135000e-01 -9.400000e-02 -4.336695e-01 3.698873e-01
-2.135000e-01 -9.400000e-02 -4.336695e-01 3.698873e-01 -2.125000e-01 -9.400000e-02 -4.336493e-01 3.697555e-01
-2.125000e-01 -9.400000e-02 -4.336493e-01 3.697555e-01 -2.115000e-01 -9.400000e-02 -4.336285e-01 3.696224e-01
-2.115000e-01 -9.400000e-02 -4.336285e-01 3.696224e-01 -2.105000e-01 -9.400000e-02 -4.336069e-01 3.694879e-01
-2.105000e-01 -9.400000e-02 -4.336069e-01 3.694879e-01 -2.100000e-01 -9.350000e-02 -4.336636e-01 3.698506e-01
-3.375000e-01 -9.300000e-02 -4.335661e-01 3.747001e-01 -3.380000e-01 -9.250000e-02 -4.335296e-01 3.751308e-01
-3.375000e-01 -9.300000e-02 -4.335661e-01 3.747001e-01 -3.365000e-01 -9.300000e-02 -4.335589e-01 3.747789e-01
-3.365000e-01 -9.300000e-02 -4.335589e-01 3.747789e-01 -3.355000e-01 -9.300000e-02 -4.335525e-01 3.748559e-01
-3.355000e-01 -9.300000e-02 -4.335525e-01 3.748559e-01 -3.345000e-01 -9.300000e-02 -4.335467e-01 3.749309e-01
-3.345000e-01 -9.300000e-02 -4.335467e-01 3.749309e-01 -3.335000e-01 -9.300000e-02 -4.335415e-01 3.750041e-01
-3.330000e-01 -9.350000e-02 -4.335748e-01 3.745692e-01 -3.335000e-01 -9.300000e-02 -4.335415e-01 3.750041e-01
-2.100000e-01 -9.350000e-02 -4.336636e-01 3.698506e-01 -2.095000e-01 -9.300000e-02 -4.337215e-01 3.702126e-01
-2.095000e-01 -9.300000e-02 -4.337215e-01 3.702126e-01 -2.085000e-01 -9.300000e-02 -4.336998e-01 3.700744e-01
-2.085000e-01 -9.300000e-02 -4.336998e-01 3.700744e-01 -2.075000e-01 -9.300000e-02 -4.336772e-01 3.699350e-01
-2.075000e-01 -9.300000e-02 -4.336772e-01 3.699350e-01 -2.065000e-01 -9.300000e-02 -4.336539e-01 3.697942e-01
-2.065000e-01 -9.300000e-02 -4.336539e-01 3.697942e-01 -2.055000e-01 -9.300000e-02 -4.336298e-01 3.696521e-01
-2.055000e-01 -9.300000e-02 -4.336298e-01 3.696521e-01 -2.050000e-01 -9.250000e-02 -4.336890e-01 3.700085e-01
-3.425000e-01 -9.200000e-02 -4.335230e-01 3.752203e-01 -3.430000e-01 -9.150000e-02 -4.334827e-01 3.756469e-01
-3.425000e-01 -9.200000e-02 -4.335230e-01 3.752203e-01 -3.415000e-01 -9.200000e-02 -4.335142e-01 3.753085e-01
-3.415000e-01 -9.200000e-02 -4.335142e-01 3.753085e-01 -3.405000e-01 -9.200000e-02 -4.335062e-01 3.753948e-01
-3.405000e-01 -9.200000e-02 -4.335062e-01 3.753948e-01 -3.395000e-01 -9.200000e-02 -4.334989e-01 3.754792e-01
-3.395000e-01 -9.200000e-02 -4.334989e-01 3.754792e-01 -3.385000e-01 -9.200000e-02 -4.334923e-01 3.755617e-01
-3.380000e-01 -9.250000e-02 -4.335296e-01 3.751308e-01 -3.385000e-01 -9.200000e-02 -4.334923e-01 3.755617e-01
-2.050000e-01 -9.250000e-02 -4.336890e-01 3.700085e-01 -2.045000e-01 -9.200000e-02 -4.337494e-01 3.703642e-01
-2.045000e-01 -9.200000e-02 -4.337494e-01 3.703642e-01 -2.035000e-01 -9.200000e-02 -4.337250e-01 3.702185e-01
-2.035000e-01 -9.200000e-02 -4.337250e-01 3.702185e-01 -2.025000e-01 -9.200000e-02 -4.336997e-01 3.700715e-01
-2.025000e-01 -9.200000e-02 -4.336997e-01 3.700715e-01 -2.015000e-01 -9.200000e-02 -4.336737e-01 3.699232e-01
-2.015000e-01 -9.200000e-02 -4.336737e-01 3.699232e-01 -2.010000e-01 -9.150000e-02 -4.337350e-01 3.702744e-01
-3.475000e-01 -9.100000e-02 -4.334796e-01 3.756947e-01 -3.480000e-01 -9.050000e-02 -4.334356e-01 3.761170e-01
-3.475000e-01 -9.100000e-02 -4.334796e-01 3.756947e-01 -3.465000e-01 -9.100000e-02 -4.334689e-01 3.757923e-01
-3.465000e-01 -9.100000e-02 -4.334689e-01 3.757923e-01 -3.455000e-01 -9.100000e-02 -4.334590e-01 3.758880e-01
-3.455000e-01 -9.100000e-02 -4.334590e-01 3.758880e-01 -3.445000e-01 -9.100000e-02 -4.334498e-01 3.759818e-01
-3.445000e-01 -9.100000e-02 -4.334498e-01 3.759818e-01 -3.435000e-01 -9.100000e-02 -4.334415e-01 3.760736e-01
-3.430000e-01 -9.150000e-02 -4.334827e-01 3.756469e-01 -3.435000e-01 -9.100000e-02 -4.334415e-01 3.760736e-01
-2.010000e-01 -9.150000e-02 -4.337350e-01 3.702744e-01 -2.005000e-01 -9.100000e-02 -4.337975e-01 3.706250e-01
-2.005000e-01 -9.100000e-02 -4.337975e-01 3.706250e-01 -1.995000e-01 -9.100000e-02 -4.337710e-01 3.704732e-01
-1.995000e-01 -9.100000e-02 -4.337710e-01 3.704732e-01 -1.985000e-01 -9.100000e-02 -4.337437e-01 3.703201e-01
-1.985000e-01 -9.100000e-02 -4.337437e-01 3.703201e-01 -1.975000e-01 -9.100000e-02 -4.337155e-01 3.701657e-01
-1.975000e-01 -9.100000e-02 -4.337155e-01 3.701657e-01 -1.965000e-01 -9.100000e-02 -4.336865e-01 3.700102e-01
-1.965000e-01 -9.100000e-02 -4.336865e-01 3.700102e-01 -1.960000e-01 -9.050000e-02 -4.337499e-01 3.703550e-01
-3.515000e-01 -9.000000e-02 -4.334246e-01 3.762297e-01 -3.520000e-01 -8.950000e-02 -4.333776e-01 3.766486e-01
-3.515000e-01 -9.000000e-02 -4.334246e-01 3.762297e-01 -3.505000e-01 -9.000000e-02 -4.334125e-01 3.763349e-01
-3.505000e-01 -9.000000e-02 -4.334125e-01 3.763349e-01 -3.495000e-01 -9.000000e-02 -4.334012e-01 3.764382e-01
-3.495000e-01 -9.000000e-02 -4.334012e-01 3.764382e-01 -3.485000e-01 -9.000000e-02 -4.333907e-01 3.765395e-01
-3.480000e-01 -9.050000e-02 -4.334356e-01 3.761170e-01 -3.485000e-01 -9.000000e-02 -4.333907e-01 3.765395e-01
-1.960000e-01 -9.050000e-02 -4.337499e-01 3.703550e-01 -1.955000e-01 -9.000000e-02 -4.338145e-01 3.706993e-01
-1.955000e-01 -9.000000e-02 -4.338145e-01 3.706993e-01 -1.945000e-01 -9.000000e-02 -4.337850e-01 3.705402e-01
-1.945000e-01 -9.000000e-02 -4.337850e-01 3.705402e-01 -1.935000e-01 -9.000000e-02 -4.337545e-01 3.703798e-01
-1.935000e-01 -9.000000e-02 -4.337545e-01 3.703798e-01 -1.925000e-01 -9.000000e-02 -4.337232e-01 3.702183e-01
-1.925000e-01 -9.000000e-02 -4.337232e-01 3.702183e-01 -1.920000e-01 -8.950000e-02 -4.337884e-01 3.705581e-01
-3.555000e-01 -8.900000e-02 -4.333683e-01 3.767351e-01 -3.560000e-01 -8.850000e-02 -4.333183e-01 3.771504e-01
-3.555000e-01 -8.900000e-02 -4.333683e-01 3.767351e-01 -3.545000e-01 -8.900000e-02 -4.333545e-01 3.768478e-01
-3.545000e-01 -8.900000e-02 -4.333545e-01 3.768478e-01 -3.535000e-01 -8.900000e-02 -4.333416e-01 3.769587e-01
-3.535000e-01 -8.900000e-02 -4.333416e-01 3.769587e-01 -3.525000e-01 -8.900000e-02 -4.333296e-01 3.770677e-01
-3.520000e-01 -8.950000e-02 -4.333776e-01 3.766486e-01 -3.525000e-01 -8.900000e-02 -4.333296e-01 3.770677e-01
-1.920000e-01 -8.950000e-02 -4.337884e-01 3.705581e-01 -1.915000e-01 -8.900000e-02 -4.338548e-01 3.708971e-01
-1.915000e-01 -8.900000e-02 -4.338548e-01 3.708971e-01 -1.905000e-01 -8.900000e-02 -4.338228e-01 3.707321e-01
-1.905000e-01 -8.900000e-02 -4.338228e-01 3.707321e-01 -1.895000e-01 -8.900000e-02 -4.337899e-01 3.705659e-01
-1.895000e-01 -8.900000e-02 -4.337899e-01 3.705659e-01 -1.885000e-01 -8.900000e-02 -4.337561e-01 3.703986e-01
-1.885000e-01 -8.900000e-02 -4.337561e-01 3.703986e-01 -1.880000e-01 -8.850000e-02 -4.338230e-01 3.707332e-01
-3.595000e-01 -8.800000e-02 -4.333115e-01 3.772103e-01 -3.600000e-01 -8.750000e-02 -4.332586e-01 3.776221e-01
-3.595000e-01 -8.800000e-02 -4.333115e-01 3.772103e-01 -3.585000e-01 -8.800000e-02 -4.332958e-01 3.773308e-01
-3.585000e-01 -8.800000e-02 -4.332958e-01 3.773308e-01 -3.575000e-01 -8.800000e-02 -4.332811e-01 3.774493e-01
-3.575000e-01 -8.800000e-02 -4.332811e-01 3.774493e-01 -3.565000e-01 -8.800000e-02 -4.332674e-01 3.775659e-01
-3.560000e-01 -8.850000e-02 -4.333183e-01 3.771504e-01 -3.565000e-01 -8.800000e-02 -4.332674e-01 3.775659e-01
-1.880000e-01 -8.850000e-02 -4.338230e-01 3.707332e-01 -1.875000e-01 -8.800000e-02 -4.338910e-01 3.710671e-01
-1.875000e-01 -8.800000e-02 -4.338910e-01 3.710671e-01 -1.865000e-01 -8.800000e-02 -4.338564e-01 3.708963e-01
-1.865000e-01 -8.800000e-02 -4.338564e-01 3.708963e-01 -1.855000e-01 -8.800000e-02 -4.338209e-01 3.707243e-01
-1.855000e-01 -8.800000e-02 -4.338209e-01 3.707243e-01 -1.845000e-01 -8.800000e-02 -4.337844e-01 3.705512e-01
-1.845000e-01 -8.800000e-02 -4.337844e-01 3.705512e-01 -1.840000e-01 -8.750000e-02 -4.338529e-01 3.708808e-01
-3.635000e-01 -8.700000e-02 -4.332550e-01 3.776553e-01 -3.640000e-01 -8.650000e-02 -4.331993e-01 3.780634e-01
-3.635000e-01 -8.700000e-02 -4.332550e-01 3.776553e-01 -3.625000e-01 -8.700000e-02 -4.332372e-01 3.777834e-01
-3.625000e-01 -8.700000e-02 -4.332372e-01 3.777834e-01 -3.615000e-01 -8.700000e-02 -4.332205e-01 3.779097e-01
-3.615000e-01 -8.700000e-02 -4.332205e-01 3.779097e-01 -3.605000e-01 -8.700000e-02 -4.332048e-01 3.780340e-01
-3.600000e-01 -8.750000e-02 -4.332586e-01 3.776221e-01 -3.605000e-01 -8.700000e-02 -4.332048e-01 3.780340e-01
-1.840000e-01 -8.750000e-02 -4.338529e-01 3.708808e-01 -1.835000e-01 -8.700000e-02 -4.339224e-01 3.712095e-01
-1.835000e-01 -8.700000e-02 -4.339224e-01 3.712095e-01 -1.825000e-01 -8.700000e-02 -4.338851e-01 3.710331e-01
-1.825000e-01 -8.700000e-02 -4.338851e-01 3.710331e-01 -1.815000e-01 -8.700000e-02 -4.338468e-01 3.708554e-01
-1.815000e-01 -8.700000e-02 -4.338468e-01 3.708554e-01 -1.810000e-01 -8.650000e-02 -4.339166e-01 3.711809e-01
-3.675000e-01 -8.600000e-02 -4.331997e-01 3.780696e-01 -3.680000e-01 -8.550000e-02 -4.331414e-01 3.784739e-01
-3.675000e-01 -8.600000e-02 -4.331997e-01 3.780696e-01 -3.665000e-01 -8.600000e-02 -4.331796e-01 3.782055e-01
-3.665000e-01 -8.600000e-02 -4.331796e-01 3.782055e-01 -3.655000e-01 -8.600000e-02 -4.331606e-01 3.783395e-01
-3.655000e-01 -8.600000e-02 -4.331606e-01 3.783395e-01 -3.645000e-01 -8.600000e-02 -4.331427e-01 3.784715e-01
-3.640000e-01 -8.650000e-02 -4.331993e-01 3.780634e-01 -3.645000e-01 -8.600000e-02 -4.331427e-01 3.784715e-01
-1.810000e-01 -8.650000e-02 -4.339166e-01 3.711809e-01 -1.805000e-01 -8.600000e-02 -4.339874e-01 3.715057e-01
-1.805000e-01 -8.600000e-02 -4.339874e-01 3.715057e-01 -1.795000e-01 -8.600000e-02 -4.339483e-01 3.713248e-01
-1.795000e-01 -8.600000e-02 -4.339483e-01 3.713248e-01 -1.785000e-01 -8.600000e-02 -4.339081e-01 3.711427e-01
-1.785000e-01 -8.600000e-02 -4.339081e-01 3.711427e-01 -1.780000e-01 -8.550000e-02 -4.339792e-01 3.714643e-01
-3.705000e-01 -8.500000e-02 -4.331239e-01 3.785967e-01 -3.710000e-01 -8.450000e-02 -4.330634e-01 3.789981e-01
-3.705000e-01 -8.500000e-02 -4.331239e-01 3.785967e-01 -3.695000e-01 -8.500000e-02 -4.331024e-01 3.787384e-01
-3.695000e-01 -8.500000e-02 -4.331024e-01 3.787384e-01 -3.685000e-01 -8.500000e-02 -4.330820e-01 3.788782e-01
-3.680000e-01 -8.550000e-02 -4.331414e-01 3.784739e-01 -3.685000e-01 -8.500000e-02 -4.330820e-01 3.788782e-01
-1.780000e-01 -8.550000e-02 -4.339792e-01 3.714643e-01 -1.775000e-01 -8.500000e-02 -4.340512e-01 3.717850e-01
-1.775000e-01 -8.500000e-02 -4.340512e-01 3.717850e-01 -1.765000e-01 -8.500000e-02 -4.340101e-01 3.715997e-01
-1.765000e-01 -8.500000e-02 -4.340101e-01 3.715997e-01 -1.755000e-01 -8.500000e-02 -4.339680e-01 3.714132e-01
-1.755000e-01 -8.500000e-02 -4.339680e-01 3.714132e-01 -1.745000e-01 -8.500000e-02 -4.339248e-01 3.712256e-01
-1.745000e-01 -8.500000e-02 -4.339248e-01 3.712256e-01 -1.740000e-01 -8.450000e-02 -4.339970e-01 3.715421e-01
-3.745000e-01 -8.400000e-02 -4.330709e-01 3.789568e-01 -3.750000e-01 -8.350000e-02 -4.330079e-01 3.793543e-01
-3.745000e-01 -8.400000e-02 -4.330709e-01 3.789568e-01 -3.735000e-01 -8.400000e-02 -4.330467e-01 3.791063e-01
-3.735000e-01 -8.400000e-02 -4.330467e-01 3.791063e-01 -3.725000e-01 -8.400000e-02 -4.330237e-01 3.792539e-01
-3.725000e-01 -8.400000e-02 -4.330237e-01 3.792539e-01 -3.715000e-01 -8.400000e-02 -4.330019e-01 3.793996e-01
-3.710000e-01 -8.450000e-02 -4.330634e-01 3.789981e-01 -3.715000e-01 -8.400000e-02 -4.330019e-01 3.793996e-01
-1.740000e-01 -8.450000e-02 -4.339970e-01 3.715421e-01 -1.735000e-01 -8.400000e-02 -4.340703e-01 3.718578e-01
-1.735000e-01 -8.400000e-02 -4.340703e-01 3.718578e-01 -1.725000e-01 -8.400000e-02 -4.340260e-01 3.716671e-01
-1.725000e-01 -8.400000e-02 -4.340260e-01 3.716671e-01 -1.715000e-01 -8.400000e-02 -4.339807e-01 3.714752e-01
-1.715000e-01 -8.400000e-02 -4.339807e-01 3.714752e-01 -1.710000e-01 -8.350000e-02 -4.340540e-01 3.717877e-01
-3.775000e-01 -8.300000e-02 -4.329944e-01 3.794429e-01 -3.780000e-01 -8.250000e-02 -4.329293e-01 3.798375e-01
-3.775000e-01 -8.300000e-02 -4.329944e-01 3.794429e-01 -3.765000e-01 -8.300000e-02 -4.329685e-01 3.795984e-01
-3.765000e-01 -8.300000e-02 -4.329685e-01 3.795984e-01 -3.755000e-01 -8.300000e-02 -4.329438e-01 3.797519e-01
-3.750000e-01 -8.350000e-02 -4.330079e-01 3.793543e-01 -3.755000e-01 -8.300000e-02 -4.329438e-01 3.797519e-01
-1.710000e-01 -8.350000e-02 -4.340540e-01 3.717877e-01 -1.705000e-01 -8.300000e-02 -4.341284e-01 3.720995e-01
-1.705000e-01 -8.300000e-02 -4.341284e-01 3.720995e-01 -1.695000e-01 -8.300000e-02 -4.340820e-01 3.719044e-01
-1.695000e-01 -8.300000e-02 -4.340820e-01 3.719044e-01 -1.685000e-01 -8.300000e-02 -4.340345e-01 3.717083e-01
-1.685000e-01 -8.300000e-02 -4.340345e-01 3.717083e-01 -1.680000e-01 -8.250000e-02 -4.341088e-01 3.720169e-01
-3.805000e-01 -8.200000e-02 -4.329175e-01 3.799113e-01 -3.810000e-01 -8.150000e-02 -4.328504e-01 3.803028e-01
-3.805000e-01 -8.200000e-02 -4.329175e-01 3.799113e-01 -3.795000e-01 -8.200000e-02 -4.328897e-01 3.800726e-01
-3.795000e-01 -8.200000e-02 -4.328897e-01 3.800726e-01 -3.785000e-01 -8.200000e-02 -4.328632e-01 3.802320e-01
-3.780000e-01 -8.250000e-02 -4.329293e-01 3.798375e-01 -3.785000e-01 -8.200000e-02 -4.328632e-01 3.802320e-01
-1.680000e-01 -8.250000e-02 -4.341088e-01 3.720169e-01 -1.675000e-01 -8.200000e-02 -4.341841e-01 3.723246e-01
-1.675000e-01 -8.200000e-02 -4.341841e-01 3.723246e-01 -1.665000e-01 -8.200000e-02 -4.341354e-01 3.721254e-01
-1.665000e-01 -8.200000e-02 -4.341354e-01 3.721254e-01 -1.655000e-01 -8.200000e-02 -4.340856e-01 3.719251e-01
-1.655000e-01 -8.200000e-02 -4.340856e-01 3.719251e-01 -1.650000e-01 -8.150000e-02 -4.341608e-01 3.722297e-01
-3.835000e-01 -8.100000e-02 -4.328404e-01 3.803617e-01 -3.840000e-01 -8.050000e-02 -4.327713e-01 3.807501e-01
-3.835000e-01 -8.100000e-02 -4.328404e-01 3.803617e-01 -3.825000e-01 -8.100000e-02 -4.328106e-01 3.805290e-01
-3.825000e-01 -8.100000e-02 -4.328106e-01 3.805290e-01 -3.815000e-01 -8.100000e-02 -4.327822e-01 3.806943e-01
-3.810000e-01 -8.150000e-02 -4.328504e-01 3.803028e-01 -3.815000e-01 -8.100000e-02 -4.327822e-01 3.806943e-01
-1.650000e-01 -8.150000e-02 -4.341608e-01 3.722297e-01 -1.645000e-01 -8.100000e-02 -4.342371e-01 3.725335e-01
-1.645000e-01 -8.100000e-02 -4.342371e-01 3.725335e-01 -1.635000e-01 -8.100000e-02 -4.341861e-01 3.723302e-01
-1.635000e-01 -8.100000e-02 -4.341861e-01 3.723302e-01 -1.625000e-01 -8.100000e-02 -4.341339e-01 3.721258e-01
-1.625000e-01 -8.100000e-02 -4.341339e-01 3.721258e-01 -1.620000e-01 -8.050000e-02 -4.342099e-01 3.724265e-01
-3.865000e-01 -8.000000e-02 -4.327636e-01 3.807941e-01 -3.870000e-01 -7.950000e-02 -4.326926e-01 3.811794e-01
-3.865000e-01 -8.000000e-02 -4.327636e-01 3.807941e-01 -3.855000e-01 -8.000000e-02 -4.327317e-01 3.809672e-01
-3.855000e-01 -8.000000e-02 -4.327317e-01 3.809672e-01 -3.845000e-01 -8.000000e-02 -4.327012e-01 3.811385e-01
-3.840000e-01 -8.050000e-02 -4.327713e-01 3.807501e-01 -3.845000e-01 -8.000000e-02 -4.327012e-01 3.811385e-01
-1.620000e-01 -8.050000e-02 -4.342099e-01 3.724265e-01 -1.615000e-01 -8.000000e-02 -4.342870e-01 3.727263e-01
-1.615000e-01 -8.000000e-02 -4.342870e-01 3.727263e-01 -1.605000e-01 -8.000000e-02 -4.342336e-01 3.725189e-01
-1.605000e-01 -8.000000e-02 -4.342336e-01 3.725189e-01 -1.600000e-01 -7.950000e-02 -4.343105e-01 3.728167e-01
-3.895000e-01 -7.900000e-02 -4.326874e-01 3.812082e-01 -3.900000e-01 -7.850000e-02 -4.326146e-01 3.815903e-01
-3.895000e-01 -7.900000e-02 -4.326874e-01 3.812082e-01 -3.885000e-01 -7.900000e-02 -4.326533e-01 3.813874e-01
-3.885000e-01 -7.900000e-02 -4.326533e-01 3.813874e-01 -3.875000e-01 -7.900000e-02 -4.326206e-01 3.815646e-01
-3.870000e-01 -7.950000e-02 -4.326926e-01 3.811794e-01 -3.875000e-01 -7.900000e-02 -4.326206e-01 3.815646e-01
-1.600000e-01 -7.950000e-02 -4.343105e-01 3.728167e-01 -1.595000e-01 -7.900000e-02 -4.343885e-01 3.731137e-01
-1.595000e-01 -7.900000e-02 -4.343885e-01 3.731137e-01 -1.585000e-01 -7.900000e-02 -4.343336e-01 3.729032e-01
-1.585000e-01 -7.900000e-02 -4.343336e-01 3.729032e-01 -1.575000e-01 -7.900000e-02 -4.342777e-01 3.726917e-01
-1.575000e-01 -7.900000e-02 -4.342777e-01 3.726917e-01 -1.570000e-01 -7.850000e-02 -4.343553e-01 3.729856e-01
-3.925000e-01 -7.800000e-02 -4.326123e-01 3.816041e-01 -3.930000e-01 -7.750000e-02 -4.325378e-01 3.819830e-01
-3.925000e-01 -7.800000e-02 -4.326123e-01 3.816041e-01 -3.915000e-01 -7.800000e-02 -4.325758e-01 3.817892e-01
-3.915000e-01 -7.800000e-02 -4.325758e-01 3.817892e-01 -3.905000e-01 -7.800000e-02 -4.325408e-01 3.819724e-01
-3.900000e-01 -7.850000e-02 -4.326146e-01 3.815903e-01 -3.905000e-01 -7.800000e-02 -4.325408e-01 3.819724e-01
-1.570000e-01 -7.850000e-02 -4.343553e-01 3.729856e-01 -1.565000e-01 -7.800000e-02 -4.344339e-01 3.732787e-01
-1.565000e-01 -7.800000e-02 -4.344339e-01 3.732787e-01 -1.555000e-01 -7.800000e-02 -4.343765e-01 3.730642e-01
-1.555000e-01 -7.800000e-02 -4.343765e-01 3.730642e-01 -1.545000e-01 -7.800000e-02 -4.343179e-01 3.728488e-01
-1.545000e-01 -7.800000e-02 -4.343179e-01 3.728488e-01 -1.540000e-01 -7.750000e-02 -4.343962e-01 3.731388e-01
-3.955000e-01 -7.700000e-02 -4.325387e-01 3.819815e-01 -3.960000e-01 -7.650000e-02 -4.324625e-01 3.823572e-01
-3.955000e-01 -7.700000e-02 -4.325387e-01 3.819815e-01 -3.945000e-01 -7.700000e-02 -4.324997e-01 3.821726e-01
-3.945000e-01 -7.700000e-02 -4.324997e-01 3.821726e-01 -3.935000e-01 -7.700000e-02 -4.324622e-01 3.823618e-01
-3.930000e-01 -7.750000e-02 -4.325378e-01 3.819830e-01 -3.935000e-01 -7.700000e-02 -4.324622e-01 3.823618e-01
-1.540000e-01 -7.750000e-02 -4.343962e-01 3.731388e-01 -1.535000e-01 -7.700000e-02 -4.344755e-01 3.734280e-01
-1.535000e-01 -7.700000e-02 -4.344755e-01 3.734280e-01 -1.525000e-01 -7.700000e-02 -4.344154e-01 3.732096e-01
-1.525000e-01 -7.700000e-02 -4.344154e-01 3.732096e-01 -1.520000e-01 -7.650000e-02 -4.344944e-01 3.734968e-01
-3.985000e-01 -7.600000e-02 -4.324670e-01 3.823404e-01 -3.990000e-01 -7.550000e-02 -4.323891e-01 3.827128e-01
-3.985000e-01 -7.600000e-02 -4.324670e-01 3.823404e-01 -3.975000e-01 -7.600000e-02 -4.324253e-01 3.825375e-01
-3.975000e-01 -7.600000e-02 -4.324253e-01 3.825375e-01 -3.965000e-01 -7.600000e-02 -4.323851e-01 3.827327e-01
-3.960000e-01 -7.650000e-02 -4.324625e-01 3.823572e-01 -3.965000e-01 -7.600000e-02 -4.323851e-01 3.827327e-01
-1.520000e-01 -7.650000e-02 -4.344944e-01 3.734968e-01 -1.515000e-01 -7.600000e-02 -4.345744e-01 3.737831e-01
-1.515000e-01 -7.600000e-02 -4.345744e-01 3.737831e-01 -1.505000e-01 -7.600000e-02 -4.345128e-01 3.735618e-01
-1.505000e-01 -7.600000e-02 -4.345128e-01 3.735618e-01 -1.495000e-01 -7.600000e-02 -4.344500e-01 3.733396e-01
-1.495000e-01 -7.600000e-02 -4.344500e-01 3.733396e-01 -1.490000e-01 -7.550000e-02 -4.345295e-01 3.736229e-01
-4.005000e-01 -7.500000e-02 -4.323530e-01 3.828838e-01 -4.010000e-01 -7.450000e-02 -4.322737e-01 3.832539e-01
-4.005000e-01 -7.500000e-02 -4.323530e-01 3.828838e-01 -3.995000e-01 -7.500000e-02 -4.323101e-01 3.830850e-01
-3.990000e-01 -7.550000e-02 -4.323891e-01 3.827128e-01 -3.995000e-01 -7.500000e-02 -4.323101e-01 3.830850e-01
-1.490000e-01 -7.550000e-02 -4.345295e-01 3.736229e-01 -1.485000e-01 -7.500000e-02 -4.346100e-01 3.739053e-01
-1.485000e-01 -7.500000e-02 -4.346100e-01 3.739053e-01 -1.475000e-01 -7.500000e-02 -4.345456e-01 3.736803e-01
-1.475000e-01 -7.500000e-02 -4.345456e-01 3.736803e-01 -1.470000e-01 -7.450000e-02 -4.346257e-01 3.739608e-01
-4.035000e-01 -7.400000e-02 -4.322833e-01 3.832114e-01 -4.040000e-01 -7.350000e-02 -4.322025e-01 3.835780e-01
-4.035000e-01 -7.400000e-02 -4.322833e-01 3.832114e-01 -4.025000e-01 -7.400000e-02 -4.322375e-01 3.834186e-01
-4.025000e-01 -7.400000e-02 -4.322375e-01 3.834186e-01 -4.015000e-01 -7.400000e-02 -4.321933e-01 3.836238e-01
-4.010000e-01 -7.450000e-02 -4.322737e-01 3.832539e-01 -4.015000e-01 -7.400000e-02 -4.321933e-01 3.836238e-01
-1.470000e-01 -7.450000e-02 -4.346257e-01 3.739608e-01 -1.465000e-01 -7.400000e-02 -4.347068e-01 3.742403e-01
-1.465000e-01 -7.400000e-02 -4.347068e-01 3.742403e-01 -1.455000e-01 -7.400000e-02 -4.346408e-01 3.740124e-01
-1.455000e-01 -7.400000e-02 -4.346408e-01 3.740124e-01 -1.450000e-01 -7.350000e-02 -4.347215e-01 3.742900e-01
-4.065000e-01 -7.300000e-02 -4.322167e-01 3.835201e-01 -4.070000e-01 -7.250000e-02 -4.321344e-01 3.838834e-01
-4.065000e-01 -7.300000e-02 -4.322167e-01 3.835201e-01 -4.055000e-01 -7.300000e-02 -4.321678e-01 3.837333e-01
-4.055000e-01 -7.300000e-02 -4.321678e-01 3.837333e-01 -4.045000e-01 -7.300000e-02 -4.321206e-01 3.839446e-01
-4.040000e-01 -7.350000e-02 -4.322025e-01 3.835780e-01 -4.045000e-01 -7.300000e-02 -4.321206e-01 3.839446e-01
-1.450000e-01 -7.350000e-02 -4.347215e-01 3.742900e-01 -1.445000e-01 -7.300000e-02 -4.348032e-01 3.745667e-01
-1.445000e-01 -7.300000e-02 -4.348032e-01 3.745667e-01 -1.435000e-01 -7.300000e-02 -4.347355e-01 3.743360e-01
-1.435000e-01 -7.300000e-02 -4.347355e-01 3.743360e-01 -1.425000e-01 -7.300000e-02 -4.346665e-01 3.741044e-01
-1.425000e-01 -7.300000e-02 -4.346665e-01 3.741044e-01 -1.420000e-01 -7.250000e-02 -4.347476e-01 3.743782e-01
-4.085000e-01 -7.200000e-02 -4.321013e-01 3.840292e-01 -4.090000e-01 -7.150000e-02 -4.320178e-01 3.843901e-01
-4.085000e-01 -7.200000e-02 -4.321013e-01 3.840292e-01 -4.075000e-01 -7.200000e-02 -4.320510e-01 3.842466e-01
-4.070000e-01 -7.250000e-02 -4.321344e-01 3.838834e-01 -4.075000e-01 -7.200000e-02 -4.320510e-01 3.842466e-01
-1.420000e-01 -7.250000e-02 -4.347476e-01 3.743782e-01 -1.415000e-01 -7.200000e-02 -4.348296e-01 3.746511e-01
-1.415000e-01 -7.200000e-02 -4.348296e-01 3.746511e-01 -1.405000e-01 -7.200000e-02 -4.347589e-01 3.744167e-01
-1.405000e-01 -7.200000e-02 -4.347589e-01 3.744167e-01 -1.400000e-01 -7.150000e-02 -4.348405e-01 3.746877e-01
-4.115000e-01 -7.100000e-02 -4.320386e-01 3.843061e-01 -4.120000e-01 -7.050000e-02 -4.319537e-01 3.846635e-01
-4.115000e-01 -7.100000e-02 -4.320386e-01 3.843061e-01 -4.105000e-01 -7.100000e-02 -4.319850e-01 3.845295e-01
-4.105000e-01 -7.100000e-02 -4.319850e-01 3.845295e-01 -4.095000e-01 -7.100000e-02 -4.319331e-01 3.847509e-01
-4.090000e-01 -7.150000e-02 -4.320178e-01 3.843901e-01 -4.095000e-01 -7.100000e-02 -4.319331e-01 3.847509e-01
-1.400000e-01 -7.150000e-02 -4.348405e-01 3.746877e-01 -1.395000e-01 -7.100000e-02 -4.349230e-01 3.749577e-01
-1.395000e-01 -7.100000e-02 -4.349230e-01 3.749577e-01 -1.385000e-01 -7.100000e-02 -4.348504e-01 3.747207e-01
-1.385000e-01 -7.100000e-02 -4.348504e-01 3.747207e-01 -1.380000e-01 -7.050000e-02 -4.349325e-01 3.749888e-01
-4.135000e-01 -7.000000e-02 -4.319229e-01 3.847933e-01 -4.140000e-01 -6.950000e-02 -4.318368e-01 3.851483e-01
-4.135000e-01 -7.000000e-02 -4.319229e-01 3.847933e-01 -4.125000e-01 -7.000000e-02 -4.318676e-01 3.850208e-01
-4.120000e-01 -7.050000e-02 -4.319537e-01 3.846635e-01 -4.125000e-01 -7.000000e-02 -4.318676e-01 3.850208e-01
-1.380000e-01 -7.050000e-02 -4.349325e-01 3.749888e-01 -1.375000e-01 -7.000000e-02 -4.350155e-01 3.752560e-01
-1.375000e-01 -7.000000e-02 -4.350155e-01 3.752560e-01 -1.365000e-01 -7.000000e-02 -4.349411e-01 3.750162e-01
-1.365000e-01 -7.000000e-02 -4.349411e-01 3.750162e-01 -1.360000e-01 -6.950000e-02 -4.350236e-01 3.752815e-01
-4.155000e-01 -6.900000e-02 -4.318065e-01 3.852716e-01 -4.160000e-01 -6.850000e-02 -4.317192e-01 3.856242e-01
-4.155000e-01 -6.900000e-02 -4.318065e-01 3.852716e-01 -4.145000e-01 -6.900000e-02 -4.317495e-01 3.855032e-01
-4.140000e-01 -6.950000e-02 -4.318368e-01 3.851483e-01 -4.145000e-01 -6.900000e-02 -4.317495e-01 3.855032e-01
-1.360000e-01 -6.950000e-02 -4.350236e-01 3.752815e-01 -1.355000e-01 -6.900000e-02 -4.351070e-01 3.755459e-01
-1.355000e-01 -6.900000e-02 -4.351070e-01 3.755459e-01 -1.345000e-01 -6.900000e-02 -4.350307e-01 3.753035e-01
-1.345000e-01 -6.900000e-02 -4.350307e-01 3.753035e-01 -1.340000e-01 -6.850000e-02 -4.351136e-01 3.755660e-01
-4.185000e-01 -6.800000e-02 -4.317502e-01 3.855032e-01 -4.190000e-01 -6.750000e-02 -4.316617e-01 3.858522e-01
-4.185000e-01 -6.800000e-02 -4.317502e-01 3.855032e-01 -4.175000e-01 -6.800000e-02 -4.316895e-01 3.857408e-01
-4.175000e-01 -6.800000e-02 -4.316895e-01 3.857408e-01 -4.165000e-01 -6.800000e-02 -4.316307e-01 3.859766e-01
-4.160000e-01 -6.850000e-02 -4.317192e-01 3.856242e-01 -4.165000e-01 -6.800000e-02 -4.316307e-01 3.859766e-01
-1.340000e-01 -6.850000e-02 -4.351136e-01 3.755660e-01 -1.335000e-01 -6.800000e-02 -4.351974e-01 3.758276e-01
-1.335000e-01 -6.800000e-02 -4.351974e-01 3.758276e-01 -1.325000e-01 -6.800000e-02 -4.351193e-01 3.755825e-01
-1.325000e-01 -6.800000e-02 -4.351193e-01 3.755825e-01 -1.320000e-01 -6.750000e-02 -4.352025e-01 3.758422e-01
-4.205000e-01 -6.700000e-02 -4.316346e-01 3.859593e-01 -4.210000e-01 -6.650000e-02 -4.315450e-01 3.863058e-01
-4.205000e-01 -6.700000e-02 -4.316346e-01 3.859593e-01 -4.195000e-01 -6.700000e-02 -4.315721e-01 3.862011e-01
-4.190000e-01 -6.750000e-02 -4.316617e-01 3.858522e-01 -4.195000e-01 -6.700000e-02 -4.315721e-01 3.862011e-01
-1.320000e-01 -6.750000e-02 -4.352025e-01 3.758422e-01 -1.315000e-01 -6.700000e-02 -4.352866e-01 3.761010e-01
-1.315000e-01 -6.700000e-02 -4.352866e-01 3.761010e-01 -1.305000e-01 -6.700000e-02 -4.352065e-01 3.758532e-01
-1.305000e-01 -6.700000e-02 -4.352065e-01 3.758532e-01 -1.300000e-01 -6.650000e-02 -4.352900e-01 3.761101e-01
-4.225000e-01 -6.600000e-02 -4.315187e-01 3.864062e-01 -4.230000e-01 -6.550000e-02 -4.314280e-01 3.867502e-01
-4.225000e-01 -6.600000e-02 -4.315187e-01 3.864062e-01 -4.215000e-01 -6.600000e-02 -4.314542e-01 3.866521e-01
-4.210000e-01 -6.650000e-02 -4.315450e-01 3.863058e-01 -4.215000e-01 -6.600000e-02 -4.314542e-01 3.866521e-01
-1.300000e-01 -6.650000e-02 -4.352900e-01 3.761101e-01 -1.295000e-01 -6.600000e-02 -4.353745e-01 3.763661e-01
-1.295000e-01 -6.600000e-02 -4.353745e-01 3.763661e-01 -1.285000e-01 -6.600000e-02 -4.352924e-01 3.761158e-01
-1.285000e-01 -6.600000e-02 -4.352924e-01 3.761158e-01 -1.280000e-01 -6.550000e-02 -4.353762e-01 3.763700e-01
-4.245000e-01 -6.500000e-02 -4.314027e-01 3.868439e-01 -4.250000e-01 -6.450000e-02 -4.313110e-01 3.871854e-01
-4.245000e-01 -6.500000e-02 -4.314027e-01 3.868439e-01 -4.235000e-01 -6.500000e-02 -4.313362e-01 3.870940e-01
-4.230000e-01 -6.550000e-02 -4.314280e-01 3.867502e-01 -4.235000e-01 -6.500000e-02 -4.313362e-01 3.870940e-01
-1.280000e-01 -6.550000e-02 -4.353762e-01 3.763700e-01 -1.275000e-01 -6.500000e-02 -4.354609e-01 3.766232e-01
-1.275000e-01 -6.500000e-02 -4.354609e-01 3.766232e-01 -1.265000e-01 -6.500000e-02 -4.353768e-01 3.763703e-01
-1.265000e-01 -6.500000e-02 -4.353768e-01 3.763703e-01 -1.260000e-01 -6.450000e-02 -4.354608e-01 3.766217e-01
-4.275000e-01 -6.400000e-02 -4.313573e-01 3.870163e-01 -4.280000e-01 -6.350000e-02 -4.312647e-01 3.873541e-01
-4.275000e-01 -6.400000e-02 -4.313573e-01 3.870163e-01 -4.265000e-01 -6.400000e-02 -4.312867e-01 3.872724e-01
-4.265000e-01 -6.400000e-02 -4.312867e-01 3.872724e-01 -4.255000e-01 -6.400000e-02 -4.312181e-01 3.875267e-01
-4.250000e-01 -6.450000e-02 -4.313110e-01 3.871854e-01 -4.255000e-01 -6.400000e-02 -4.312181e-01 3.875267e-01
-1.260000e-01 -6.450000e-02 -4.354608e-01 3.766217e-01 -1.255000e-01 -6.400000e-02 -4.355457e-01 3.768721e-01
-1.255000e-01 -6.400000e-02 -4.355457e-01 3.768721e-01 -1.245000e-01 -6.400000e-02 -4.354595e-01 3.766168e-01
-1.245000e-01 -6.400000e-02 -4.354595e-01 3.766168e-01 -1.240000e-01 -6.350000e-02 -4.355438e-01 3.768654e-01
-4.295000e-01 -6.300000e-02 -4.312437e-01 3.874314e-01 -4.300000e-01 -6.250000e-02 -4.311501e-01 3.877667e-01
-4.295000e-01 -6.300000e-02 -4.312437e-01 3.874314e-01 -4.285000e-01 -6.300000e-02 -4.311709e-01 3.876917e-01
-4.280000e-01 -6.350000e-02 -4.312647e-01 3.873541e-01 -4.285000e-01 -6.300000e-02 -4.311709e-01 3.876917e-01
-1.240000e-01 -6.350000e-02 -4.355438e-01 3.768654e-01 -1.235000e-01 -6.300000e-02 -4.356289e-01 3.771130e-01
-1.235000e-01 -6.300000e-02 -4.356289e-01 3.771130e-01 -1.225000e-01 -6.300000e-02 -4.355406e-01 3.768552e-01
-1.225000e-01 -6.300000e-02 -4.355406e-01 3.768552e-01 -1.220000e-01 -6.250000e-02 -4.356250e-01 3.771011e-01
-4.315000e-01 -6.200000e-02 -4.311304e-01 3.878372e-01 -4.320000e-01 -6.150000e-02 -4.310358e-01 3.881698e-01
-4.315000e-01 -6.200000e-02 -4.311304e-01 3.878372e-01 -4.305000e-01 -6.200000e-02 -4.310553e-01 3.881017e-01
-4.300000e-01 -6.250000e-02 -4.311501e-01 3.877667e-01 -4.305000e-01 -6.200000e-02 -4.310553e-01 3.881017e-01
-1.220000e-01 -6.250000e-02 -4.356250e-01 3.771011e-01 -1.215000e-01 -6.200000e-02 -4.357103e-01 3.773460e-01
-1.215000e-01 -6.200000e-02 -4.357103e-01 3.773460e-01 -1.205000e-01 -6.200000e-02 -4.356199e-01 3.770857e-01
-1.205000e-01 -6.200000e-02 -4.356199e-01 3.770857e-01 -1.200000e-01 -6.150000e-02 -4.357044e-01 3.773288e-01
-4.335000e-01 -6.100000e-02 -4.310176e-01 3.882337e-01 -4.340000e-01 -6.050000e-02 -4.309221e-01 3.885637e-01
-4.335000e-01 -6.100000e-02 -4.310176e-01 3.882337e-01 -4.325000e-01 -6.100000e-02 -4.309401e-01 3.885022e-01
-4.320000e-01 -6.150000e-02 -4.310358e-01 3.881698e-01 -4.325000e-01 -6.100000e-02 -4.309401e-01 3.885022e-01
-1.200000e-01 -6.150000e-02 -4.357044e-01 3.773288e-01 -1.195000e-01 -6.100000e-02 -4.357898e-01 3.775709e-01
-1.195000e-01 -6.100000e-02 -4.357898e-01 3.775709e-01 -1.185000e-01 -6.100000e-02 -4.356971e-01 3.773082e-01
-1.185000e-01 -6.100000e-02 -4.356971e-01 3.773082e-01 -1.180000e-01 -6.050000e-02 -4.357818e-01 3.775486e-01
-4.355000e-01 -6.000000e-02 -4.309054e-01 3.886206e-01 -4.360000e-01 -5.950000e-02 -4.308091e-01 3.889480e-01
-4.355000e-01 -6.000000e-02 -4.309054e-01 3.886206e-01 -4.345000e-01 -6.000000e-02 -4.308255e-01 3.888934e-01
-4.340000e-01 -6.050000e-02 -4.309221e-01 3.885637e-01 -4.345000e-01 -6.000000e-02 -4.308255e-01 3.888934e-01
-1.180000e-01 -6.050000e-02 -4.357818e-01 3.775486e-01 -1.175000e-01 -6.000000e-02 -4.358673e-01 3.777880e-01
-1.175000e-01 -6.000000e-02 -4.358673e-01 3.777880e-01 -1.165000e-01 -6.000000e-02 -4.357724e-01 3.775229e-01
-1.165000e-01 -6.000000e-02 -4.357724e-01 3.775229e-01 -1.160000e-01 -5.950000e-02 -4.358571e-01 3.777606e-01
-4.375000e-01 -5.900000e-02 -4.307940e-01 3.889982e-01 -4.380000e-01 -5.850000e-02 -4.306969e-01 3.893230e-01
-4.375000e-01 -5.900000e-02 -4.307940e-01 3.889982e-01 -4.365000e-01 -5.900000e-02 -4.307117e-01 3.892751e-01
-4.360000e-01 -5.950000e-02 -4.308091e-01 3.889480e-01 -4.365000e-01 -5.900000e-02 -4.307117e-01 3.892751e-01
-1.160000e-01 -5.950000e-02 -4.358571e-01 3.777606e-01 -1.155000e-01 -5.900000e-02 -4.359426e-01 3.779974e-01
-1.155000e-01 -5.900000e-02 -4.359426e-01 3.779974e-01 -1.150000e-01 -5.850000e-02 -4.360278e-01 3.782332e-01
-4.395000e-01 -5.800000e-02 -4.306836e-01 3.893663e-01 -4.400000e-01 -5.750000e-02 -4.305857e-01 3.896884e-01
-4.395000e-01 -5.800000e-02 -4.306836e-01 3.893663e-01 -4.385000e-01 -5.800000e-02 -4.305987e-01 3.896474e-01
-4.380000e-01 -5.850000e-02 -4.306969e-01 3.893230e-01 -4.385000e-01 -5.800000e-02 -4.305987e-01 3.896474e-01
-1.150000e-01 -5.850000e-02 -4.360278e-01 3.782332e-01 -1.145000e-01 -5.800000e-02 -4.361137e-01 3.784680e-01
-1.145000e-01 -5.800000e-02 -4.361137e-01 3.784680e-01 -1.135000e-01 -5.800000e-02 -4.360157e-01 3.781989e-01
-1.135000e-01 -5.800000e-02 -4.360157e-01 3.781989e-01 -1.130000e-01 -5.750000e-02 -4.361008e-01 3.784320e-01
-4.415000e-01 -5.700000e-02 -4.305742e-01 3.897249e-01 -4.420000e-01 -5.650000e-02 -4.304756e-01 3.900443e-01
-4.415000e-01 -5.700000e-02 -4.305742e-01 3.897249e-01 -4.405000e-01 -5.700000e-02 -4.304866e-01 3.900101e-01
-4.400000e-01 -5.750000e-02 -4.305857e-01 3.896884e-01 -4.405000e-01 -5.700000e-02 -4.304866e-01 3.900101e-01
-1.130000e-01 -5.750000e-02 -4.361008e-01 3.784320e-01 -1.125000e-01 -5.700000e-02 -4.361868e-01 3.786641e-01
-1.125000e-01 -5.700000e-02 -4.361868e-01 3.786641e-01 -1.115000e-01 -5.700000e-02 -4.360865e-01 3.783928e-01
-1.115000e-01 -5.700000e-02 -4.360865e-01 3.783928e-01 -1.110000e-01 -5.650000e-02 -4.361715e-01 3.786232e-01
-4.435000e-01 -5.600000e-02 -4.304661e-01 3.900739e-01 -4.440000e-01 -5.550000e-02 -4.303668e-01 3.903906e-01
-4.435000e-01 -5.600000e-02 -4.304661e-01 3.900739e-01 -4.425000e-01 -5.600000e-02 -4.303758e-01 3.903633e-01
-4.420000e-01 -5.650000e-02 -4.304756e-01 3.900443e-01 -4.425000e-01 -5.600000e-02 -4.303758e-01 3.903633e-01
-1.110000e-01 -5.650000e-02 -4.361715e-01 3.786232e-01 -1.105000e-01 -5.600000e-02 -4.362574e-01 3.788527e-01
-1.105000e-01 -5.600000e-02 -4.362574e-01 3.788527e-01 -1.095000e-01 -5.600000e-02 -4.361547e-01 3.785790e-01
-1.095000e-01 -5.600000e-02 -4.361547e-01 3.785790e-01 -1.090000e-01 -5.550000e-02 -4.362398e-01 3.788067e-01
-4.455000e-01 -5.500000e-02 -4.303593e-01 3.904134e-01 -4.460000e-01 -5.450000e-02 -4.302594e-01 3.907273e-01
-4.455000e-01 -5.500000e-02 -4.303593e-01 3.904134e-01 -4.445000e-01 -5.500000e-02 -4.302663e-01 3.907069e-01
-4.440000e-01 -5.550000e-02 -4.303668e-01 3.903906e-01 -4.445000e-01 -5.500000e-02 -4.302663e-01 3.907069e-01
-1.090000e-01 -5.550000e-02 -4.362398e-01 3.788067e-01 -1.085000e-01 -5.500000e-02 -4.363256e-01 3.790335e-01
-1.085000e-01 -5.500000e-02 -4.363256e-01 3.790335e-01 -1.080000e-01 -5.450000e-02 -4.364110e-01 3.792595e-01
-4.475000e-01 -5.400000e-02 -4.302541e-01 3.907432e-01 -4.480000e-01 -5.350000e-02 -4.301535e-01 3.910544e-01
-4.475000e-01 -5.400000e-02 -4.302541e-01 3.907432e-01 -4.465000e-01 -5.400000e-02 -4.301582e-01 3.910409e-01
-4.460000e-01 -5.450000e-02 -4.302594e-01 3.907273e-01 -4.465000e-01 -5.400000e-02 -4.301582e-01 3.910409e-01
-1.080000e-01 -5.450000e-02 -4.364110e-01 3.792595e-01 -1.075000e-01 -5.400000e-02 -4.364971e-01 3.794844e-01
-1.075000e-01 -5.400000e-02 -4.364971e-01 3.794844e-01 -1.065000e-01 -5.400000e-02 -4.363911e-01 3.792069e-01
-1.065000e-01 -5.400000e-02 -4.363911e-01 3.792069e-01 -1.060000e-01 -5.350000e-02 -4.364763e-01 3.794301e-01
-4.495000e-01 -5.300000e-02 -4.301506e-01 3.910634e-01 -4.500000e-01 -5.250000e-02 -4.300494e-01 3.913718e-01
-4.495000e-01 -5.300000e-02 -4.301506e-01 3.910634e-01 -4.485000e-01 -5.300000e-02 -4.300518e-01 3.913651e-01
-4.480000e-01 -5.350000e-02 -4.301535e-01 3.910544e-01 -4.485000e-01 -5.300000e-02 -4.300518e-01 3.913651e-01
-1.060000e-01 -5.350000e-02 -4.364763e-01 3.794301e-01 -1.055000e-01 -5.300000e-02 -4.365623e-01 3.796524e-01
-1.055000e-01 -5.300000e-02 -4.365623e-01 3.796524e-01 -1.050000e-01 -5.250000e-02 -4.366479e-01 3.798738e-01
-4.515000e-01 -5.200000e-02 -4.300489e-01 3.913739e-01 -4.520000e-01 -5.150000e-02 -4.299472e-01 3.916795e-01
-4.515000e-01 -5.200000e-02 -4.300489e-01 3.913739e-01 -4.505000e-01 -5.200000e-02 -4.299471e-01 3.916798e-01
-4.500000e-01 -5.250000e-02 -4.300494e-01 3.913718e-01 -4.505000e-01 -5.200000e-02 -4.299471e-01 3.916798e-01
-1.050000e-01 -5.250000e-02 -4.366479e-01 3.798738e-01 -1.045000e-01 -5.200000e-02 -4.367343e-01 3.800942e-01
-1.045000e-01 -5.200000e-02 -4.367343e-01 3.800942e-01 -1.035000e-01 -5.200000e-02 -4.366247e-01 3.798130e-01
-1.035000e-01 -5.200000e-02 -4.366247e-01 3.798130e-01 -1.030000e-01 -5.150000e-02 -4.367101e-01 3.800318e-01
-4.535000e-01 -5.100000e-02 -4.299493e-01 3.916747e-01 -4.540000e-01 -5.050000e-02 -4.298471e-01 3.919775e-01
-4.535000e-01 -5.100000e-02 -4.299493e-01 3.916747e-01 -4.525000e-01 -5.100000e-02 -4.298443e-01 3.919847e-01
-4.520000e-01 -5.150000e-02 -4.299472e-01 3.916795e-01 -4.525000e-01 -5.100000e-02 -4.298443e-01 3.919847e-01
-1.030000e-01 -5.150000e-02 -4.367101e-01 3.800318e-01 -1.025000e-01 -5.100000e-02 -4.367963e-01 3.802496e-01
-1.025000e-01 -5.100000e-02 -4.367963e-01 3.802496e-01 -1.015000e-01 -5.100000e-02 -4.366842e-01 3.799662e-01
-1.015000e-01 -5.100000e-02 -4.366842e-01 3.799662e-01 -1.010000e-01 -5.050000e-02 -4.367693e-01 3.801824e-01
-4.555000e-01 -5.000000e-02 -4.298518e-01 3.919658e-01 -4.560000e-01 -4.950000e-02 -4.297491e-01 3.922658e-01
-4.555000e-01 -5.000000e-02 -4.298518e-01 3.919658e-01 -4.545000e-01 -5.000000e-02 -4.297437e-01 3.922799e-01
-4.540000e-01 -5.050000e-02 -4.298471e-01 3.919775e-01 -4.545000e-01 -5.000000e-02 -4.297437e-01 3.922799e-01
-1.010000e-01 -5.050000e-02 -4.367693e-01 3.801824e-01 -1.005000e-01 -5.000000e-02 -4.368553e-01 3.803975e-01
-1.005000e-01 -5.000000e-02 -4.368553e-01 3.803975e-01 -1.000000e-01 -4.950000e-02 -4.369406e-01 3.806119e-01
-4.565000e-01 -4.900000e-02 -4.296453e-01 3.925653e-01 -4.570000e-01 -4.850000e-02 -4.295418e-01 3.928637e-01
-4.560000e-01 -4.950000e-02 -4.297491e-01 3.922658e-01 -4.565000e-01 -4.900000e-02 -4.296453e-01 3.925653e-01
-1.000000e-01 -4.950000e-02 -4.369406e-01 3.806119e-01 -9.950000e-02 -4.900000e-02 -4.370268e-01 3.808252e-01
-9.950000e-02 -4.900000e-02 -4.370268e-01 3.808252e-01 -9.850000e-02 -4.900000e-02 -4.369112e-01 3.805382e-01
-9.850000e-02 -4.900000e-02 -4.369112e-01 3.805382e-01 -9.800000e-02 -4.850000e-02 -4.369962e-01 3.807500e-01
-4.585000e-01 -4.800000e-02 -4.295493e-01 3.928410e-01 -4.590000e-01 -4.750000e-02 -4.294455e-01 3.931365e-01
-4.585000e-01 -4.800000e-02 -4.295493e-01 3.928410e-01 -4.575000e-01 -4.800000e-02 -4.294372e-01 3.931617e-01
-4.570000e-01 -4.850000e-02 -4.295418e-01 3.928637e-01 -4.575000e-01 -4.800000e-02 -4.294372e-01 3.931617e-01
-9.800000e-02 -4.850000e-02 -4.369962e-01 3.807500e-01 -9.750000e-02 -4.800000e-02 -4.370821e-01 3.809607e-01
-9.750000e-02 -4.800000e-02 -4.370821e-01 3.809607e-01 -9.700000e-02 -4.750000e-02 -4.371675e-01 3.811706e-01
-4.605000e-01 -4.700000e-02 -4.294559e-01 3.931069e-01 -4.610000e-01 -4.650000e-02 -4.293517e-01 3.933996e-01
-4.605000e-01 -4.700000e-02 -4.294559e-01 3.931069e-01 -4.595000e-01 -4.700000e-02 -4.293404e-01 3.934317e-01
-4.590000e-01 -4.750000e-02 -4.294455e-01 3.931365e-01 -4.595000e-01 -4.700000e-02 -4.293404e-01 3.934317e-01
-9.700000e-02 -4.750000e-02 -4.371675e-01 3.811706e-01 -9.650000e-02 -4.700000e-02 -4.372536e-01 3.813795e-01
-9.650000e-02 -4.700000e-02 -4.372536e-01 3.813795e-01 -9.550000e-02 -4.700000e-02 -4.371342e-01 3.810890e-01
-9.550000e-02 -4.700000e-02 -4.371342e-01 3.810890e-01 -9.500000e-02 -4.650000e-02 -4.372192e-01 3.812964e-01
-4.625000e-01 -4.600000e-02 -4.293652e-01 3.933629e-01 -4.630000e-01 -4.550000e-02 -4.292607e-01 3.936527e-01
-4.625000e-01 -4.600000e-02 -4.293652e-01 3.933629e-01 -4.615000e-01 -4.600000e-02 -4.292463e-01 3.936918e-01
-4.610000e-01 -4.650000e-02 -4.293517e-01 3.933996e-01 -4.615000e-01 -4.600000e-02 -4.292463e-01 3.936918e-01
-9.500000e-02 -4.650000e-02 -4.372192e-01 3.812964e-01 -9.450000e-02 -4.600000e-02 -4.373049e-01 3.815027e-01
-9.450000e-02 -4.600000e-02 -4.373049e-01 3.815027e-01 -9.400000e-02 -4.550000e-02 -4.373901e-01 3.817082e-01
-4.635000e-01 -4.500000e-02 -4.291550e-01 3.939421e-01 -4.640000e-01 -4.450000e-02 -4.290498e-01 3.942302e-01
-4.630000e-01 -4.550000e-02 -4.292607e-01 3.936527e-01 -4.635000e-01 -4.500000e-02 -4.291550e-01 3.939421e-01
-9.400000e-02 -4.550000e-02 -4.373901e-01 3.817082e-01 -9.350000e-02 -4.500000e-02 -4.374760e-01 3.819127e-01
-9.350000e-02 -4.500000e-02 -4.374760e-01 3.819127e-01 -9.250000e-02 -4.500000e-02 -4.373528e-01 3.816188e-01
-9.250000e-02 -4.500000e-02 -4.373528e-01 3.816188e-01 -9.200000e-02 -4.450000e-02 -4.374376e-01 3.818218e-01
-4.655000e-01 -4.400000e-02 -4.290668e-01 3.941825e-01 -4.660000e-01 -4.350000e-02 -4.289613e-01 3.944677e-01
-4.655000e-01 -4.400000e-02 -4.290668e-01 3.941825e-01 -4.645000e-01 -4.400000e-02 -4.289434e-01 3.945178e-01
-4.640000e-01 -4.450000e-02 -4.290498e-01 3.942302e-01 -4.645000e-01 -4.400000e-02 -4.289434e-01 3.945178e-01
-9.200000e-02 -4.450000e-02 -4.374376e-01 3.818218e-01 -9.150000e-02 -4.400000e-02 -4.375231e-01 3.820237e-01
-9.150000e-02 -4.400000e-02 -4.375231e-01 3.820237e-01 -9.100000e-02 -4.350000e-02 -4.376080e-01 3.822249e-01
-4.675000e-01 -4.300000e-02 -4.289816e-01 3.944131e-01 -4.680000e-01 -4.250000e-02 -4.288760e-01 3.946954e-01
-4.675000e-01 -4.300000e-02 -4.289816e-01 3.944131e-01 -4.665000e-01 -4.300000e-02 -4.288546e-01 3.947524e-01
-4.660000e-01 -4.350000e-02 -4.289613e-01 3.944677e-01 -4.665000e-01 -4.300000e-02 -4.288546e-01 3.947524e-01
-9.100000e-02 -4.350000e-02 -4.376080e-01 3.822249e-01 -9.050000e-02 -4.300000e-02 -4.376937e-01 3.824251e-01
-9.050000e-02 -4.300000e-02 -4.376937e-01 3.824251e-01 -8.950000e-02 -4.300000e-02 -4.375666e-01 3.821278e-01
-8.950000e-02 -4.300000e-02 -4.375666e-01 3.821278e-01 -8.900000e-02 -4.250000e-02 -4.376511e-01 3.823264e-01
-4.695000e-01 -4.200000e-02 -4.288998e-01 3.946338e-01 -4.700000e-01 -4.150000e-02 -4.287940e-01 3.949132e-01
-4.695000e-01 -4.200000e-02 -4.288998e-01 3.946338e-01 -4.685000e-01 -4.200000e-02 -4.287691e-01 3.949771e-01
-4.680000e-01 -4.250000e-02 -4.288760e-01 3.946954e-01 -4.685000e-01 -4.200000e-02 -4.287691e-01 3.949771e-01
-8.900000e-02 -4.250000e-02 -4.376511e-01 3.823264e-01 -8.850000e-02 -4.200000e-02 -4.377362e-01 3.825240e-01
-8.850000e-02 -4.200000e-02 -4.377362e-01 3.825240e-01 -8.800000e-02 -4.150000e-02 -4.378209e-01 3.827209e-01
-4.705000e-01 -4.100000e-02 -4.286870e-01 3.951920e-01 -4.710000e-01 -4.050000e-02 -4.285806e-01 3.954696e-01
-4.700000e-01 -4.150000e-02 -4.287940e-01 3.949132e-01 -4.705000e-01 -4.100000e-02 -4.286870e-01 3.951920e-01
-8.800000e-02 -4.150000e-02 -4.378209e-01 3.827209e-01 -8.750000e-02 -4.100000e-02 -4.379062e-01 3.829167e-01
-8.750000e-02 -4.100000e-02 -4.379062e-01 3.829167e-01 -8.700000e-02 -4.050000e-02 -4.379908e-01 3.831118e-01
-4.725000e-01 -4.000000e-02 -4.286085e-01 3.953969e-01 -4.730000e-01 -3.950000e-02 -4.285020e-01 3.956716e-01
-4.725000e-01 -4.000000e-02 -4.286085e-01 3.953969e-01 -4.715000e-01 -4.000000e-02 -4.284729e-01 3.957467e-01
-4.710000e-01 -4.050000e-02 -4.285806e-01 3.954696e-01 -4.715000e-01 -4.000000e-02 -4.284729e-01 3.957467e-01
-8.700000e-02 -4.050000e-02 -4.379908e-01 3.831118e-01 -8.650000e-02 -4.000000e-02 -4.380763e-01 3.833058e-01
-8.650000e-02 -4.000000e-02 -4.380763e-01 3.833058e-01 -8.550000e-02 -4.000000e-02 -4.379439e-01 3.830039e-01
-8.550000e-02 -4.000000e-02 -4.379439e-01 3.830039e-01 -8.500000e-02 -3.950000e-02 -4.380280e-01 3.831964e-01
-4.745000e-01 -3.900000e-02 -4.285338e-01 3.955919e-01 -4.750000e-01 -3.850000e-02 -4.284273e-01 3.958637e-01
-4.745000e-01 -3.900000e-02 -4.285338e-01 3.955919e-01 -4.735000e-01 -3.900000e-02 -4.283943e-01 3.959458e-01
-4.730000e-01 -3.950000e-02 -4.285020e-01 3.956716e-01 -4.735000e-01 -3.900000e-02 -4.283943e-01 3.959458e-01
-8.500000e-02 -3.950000e-02 -4.380280e-01 3.831964e-01 -8.450000e-02 -3.900000e-02 -4.381129e-01 3.833880e-01
-8.450000e-02 -3.900000e-02 -4.381129e-01 3.833880e-01 -8.400000e-02 -3.850000e-02 -4.381971e-01 3.835788e-01
-4.755000e-01 -3.800000e-02 -4.283195e-01 3.961348e-01 -4.760000e-01 -3.750000e-02 -4.282124e-01 3.964048e-01
-4.750000e-01 -3.850000e-02 -4.284273e-01 3.958637e-01 -4.755000e-01 -3.800000e-02 -4.283195e-01 3.961348e-01
-8.400000e-02 -3.850000e-02 -4.381971e-01 3.835788e-01 -8.350000e-02 -3.800000e-02 -4.382820e-01 3.837685e-01
-8.350000e-02 -3.800000e-02 -4.382820e-01 3.837685e-01 -8.300000e-02 -3.750000e-02 -4.383663e-01 3.839575e-01
-4.775000e-01 -3.700000e-02 -4.282488e-01 3.963140e-01 -4.780000e-01 -3.650000e-02 -4.281417e-01 3.965810e-01
-4.775000e-01 -3.700000e-02 -4.282488e-01 3.963140e-01 -4.765000e-01 -3.700000e-02 -4.281040e-01 3.966742e-01
-4.760000e-01 -3.750000e-02 -4.282124e-01 3.964048e-01 -4.765000e-01 -3.700000e-02 -4.281040e-01 3.966742e-01
-8.300000e-02 -3.750000e-02 -4.383663e-01 3.839575e-01 -8.250000e-02 -3.700000e-02 -4.384512e-01 3.841455e-01
-8.250000e-02 -3.700000e-02 -4.384512e-01 3.841455e-01 -8.150000e-02 -3.700000e-02 -4.383134e-01 3.838390e-01
-8.150000e-02 -3.700000e-02 -4.383134e-01 3.838390e-01 -8.100000e-02 -3.650000e-02 -4.383971e-01 3.840256e-01
-4.785000e-01 -3.600000e-02 -4.280334e-01 3.968474e-01 -4.790000e-01 -3.550000e-02 -4.279257e-01 3.971125e-01
-4.780000e-01 -3.650000e-02 -4.281417e-01 3.965810e-01 -4.785000e-01 -3.600000e-02 -4.280334e-01 3.968474e-01
-8.100000e-02 -3.650000e-02 -4.383971e-01 3.840256e-01 -8.050000e-02 -3.600000e-02 -4.384814e-01 3.842111e-01
-8.050000e-02 -3.600000e-02 -4.384814e-01 3.842111e-01 -8.000000e-02 -3.550000e-02 -4.385651e-01 3.843959e-01
-4.805000e-01 -3.500000e-02 -4.279670e-01 3.970106e-01 -4.810000e-01 -3.450000e-02 -4.278595e-01 3.972728e-01
-4.805000e-01 -3.500000e-02 -4.279670e-01 3.970106e-01 -4.795000e-01 -3.500000e-02 -4.278169e-01 3.973771e-01
-4.790000e-01 -3.550000e-02 -4.279257e-01 3.971125e-01 -4.795000e-01 -3.500000e-02 -4.278169e-01 3.973771e-01
-8.000000e-02 -3.550000e-02 -4.385651e-01 3.843959e-01 -7.950000e-02 -3.500000e-02 -4.386495e-01 3.845796e-01
-7.950000e-02 -3.500000e-02 -4.386495e-01 3.845796e-01 -7.900000e-02 -3.450000e-02 -4.387331e-01 3.847626e-01
-4.825000e-01 -3.400000e-02 -4.279051e-01 3.971639e-01 -4.830000e-01 -3.350000e-02 -4.277978e-01 3.974230e-01
-4.825000e-01 -3.400000e-02 -4.279051e-01 3.971639e-01 -4.815000e-01 -3.400000e-02 -4.277508e-01 3.975343e-01
-4.810000e-01 -3.450000e-02 -4.278595e-01 3.972728e-01 -4.815000e-01 -3.400000e-02 -4.277508e-01 3.975343e-01
-7.900000e-02 -3.450000e-02 -4.387331e-01 3.847626e-01 -7.850000e-02 -3.400000e-02 -4.388175e-01 3.849446e-01
-7.850000e-02 -3.400000e-02 -4.388175e-01 3.849446e-01 -7.750000e-02 -3.400000e-02 -4.386740e-01 3.846338e-01
-7.750000e-02 -3.400000e-02 -4.386740e-01 3.846338e-01 -7.700000e-02 -3.350000e-02 -4.387570e-01 3.848144e-01
-4.835000e-01 -3.300000e-02 -4.276892e-01 3.976816e-01 -4.840000e-01 -3.250000e-02 -4.275814e-01 3.979389e-01
-4.830000e-01 -3.350000e-02 -4.277978e-01 3.974230e-01 -4.835000e-01 -3.300000e-02 -4.276892e-01 3.976816e-01
-7.700000e-02 -3.350000e-02 -4.387570e-01 3.848144e-01 -7.650000e-02 -3.300000e-02 -4.388406e-01 3.849939e-01
-7.650000e-02 -3.300000e-02 -4.388406e-01 3.849939e-01 -7.600000e-02 -3.250000e-02 -4.389236e-01 3.851728e-01
-4.855000e-01 -3.200000e-02 -4.276324e-01 3.978189e-01 -4.860000e-01 -3.150000e-02 -4.275248e-01 3.980732e-01
-4.855000e-01 -3.200000e-02 -4.276324e-01 3.978189e-01 -4.845000e-01 -3.200000e-02 -4.274723e-01 3.981956e-01
-4.840000e-01 -3.250000e-02 -4.275814e-01 3.979389e-01 -4.845000e-01 -3.200000e-02 -4.274723e-01 3.981956e-01
-7.600000e-02 -3.250000e-02 -4.389236e-01 3.851728e-01 -7.550000e-02 -3.200000e-02 -4.390072e-01 3.853506e-01
-7.550000e-02 -3.200000e-02 -4.390072e-01 3.853506e-01 -7.500000e-02 -3.150000e-02 -4.390901e-01 3.855277e-01
-4.865000e-01 -3.100000e-02 -4.274161e-01 3.983269e-01 -4.870000e-01 -3.050000e-02 -4.273080e-01 3.985793e-01
-4.860000e-01 -3.150000e-02 -4.275248e-01 3.980732e-01 -4.865000e-01 -3.100000e-02 -4.274161e-01 3.983269e-01
-7.500000e-02 -3.150000e-02 -4.390901e-01 3.855277e-01 -7.450000e-02 -3.100000e-02 -4.391736e-01 3.857037e-01
-7.450000e-02 -3.100000e-02 -4.391736e-01 3.857037e-01 -7.400000e-02 -3.050000e-02 -4.392565e-01 3.858791e-01
-4.885000e-01 -3.000000e-02 -4.273648e-01 3.984482e-01 -4.890000e-01 -2.950000e-02 -4.272571e-01 3.986976e-01
-4.885000e-01 -3.000000e-02 -4.273648e-01 3.984482e-01 -4.875000e-01 -3.000000e-02 -4.271988e-01 3.988312e-01
-4.870000e-01 -3.050000e-02 -4.273080e-01 3.985793e-01 -4.875000e-01 -3.000000e-02 -4.271988e-01 3.988312e-01
-7.400000e-02 -3.050000e-02 -4.392565e-01 3.858791e-01 -7.350000e-02 -3.000000e-02 -4.393399e-01 3.860534e-01
-7.350000e-02 -3.000000e-02 -4.393399e-01 3.860534e-01 -7.250000e-02 -3.000000e-02 -4.391893e-01 3.857372e-01
-7.250000e-02 -3.000000e-02 -4.391893e-01 3.857372e-01 -7.200000e-02 -2.950000e-02 -4.392713e-01 3.859102e-01
-4.895000e-01 -2.900000e-02 -4.271482e-01 3.989463e-01 -4.900000e-01 -2.850000e-02 -4.270400e-01 3.991939e-01
-4.890000e-01 -2.950000e-02 -4.272571e-01 3.986976e-01 -4.895000e-01 -2.900000e-02 -4.271482e-01 3.989463e-01
-7.200000e-02 -2.950000e-02 -4.392713e-01 3.859102e-01 -7.150000e-02 -2.900000e-02 -4.393539e-01 3.860820e-01
-7.150000e-02 -2.900000e-02 -4.393539e-01 3.860820e-01 -7.100000e-02 -2.850000e-02 -4.394359e-01 3.862533e-01
-4.915000e-01 -2.800000e-02 -4.271028e-01 3.990516e-01 -4.920000e-01 -2.750000e-02 -4.269951e-01 3.992960e-01
-4.915000e-01 -2.800000e-02 -4.271028e-01 3.990516e-01 -4.905000e-01 -2.800000e-02 -4.269307e-01 3.994408e-01
-4.900000e-01 -2.850000e-02 -4.270400e-01 3.991939e-01 -4.905000e-01 -2.800000e-02 -4.269307e-01 3.994408e-01
-7.100000e-02 -2.850000e-02 -4.394359e-01 3.862533e-01 -7.050000e-02 -2.800000e-02 -4.395184e-01 3.864235e-01
-7.050000e-02 -2.800000e-02 -4.395184e-01 3.864235e-01 -7.000000e-02 -2.750000e-02 -4.396003e-01 3.865930e-01
-4.925000e-01 -2.700000e-02 -4.268862e-01 3.995398e-01 -4.930000e-01 -2.650000e-02 -4.267781e-01 3.997825e-01
-4.920000e-01 -2.750000e-02 -4.269951e-01 3.992960e-01 -4.925000e-01 -2.700000e-02 -4.268862e-01 3.995398e-01
-7.000000e-02 -2.750000e-02 -4.396003e-01 3.865930e-01 -6.950000e-02 -2.700000e-02 -4.396827e-01 3.867614e-01
-6.950000e-02 -2.700000e-02 -4.396827e-01 3.867614e-01 -6.900000e-02 -2.650000e-02 -4.397644e-01 3.869292e-01
-4.945000e-01 -2.600000e-02 -4.268473e-01 3.996290e-01 -4.950000e-01 -2.550000e-02 -4.267397e-01 3.998686e-01
-4.945000e-01 -2.600000e-02 -4.268473e-01 3.996290e-01 -4.935000e-01 -2.600000e-02 -4.266688e-01 4.000244e-01
-4.930000e-01 -2.650000e-02 -4.267781e-01 3.997825e-01 -4.935000e-01 -2.600000e-02 -4.266688e-01 4.000244e-01
-6.900000e-02 -2.650000e-02 -4.397644e-01 3.869292e-01 -6.850000e-02 -2.600000e-02 -4.398467e-01 3.870959e-01
-6.850000e-02 -2.600000e-02 -4.398467e-01 3.870959e-01 -6.800000e-02 -2.550000e-02 -4.399283e-01 3.872620e-01
-4.955000e-01 -2.500000e-02 -4.266309e-01 4.001074e-01 -4.960000e-01 -2.450000e-02 -4.265230e-01 4.003450e-01
-4.950000e-01 -2.550000e-02 -4.267397e-01 3.998686e-01 -4.955000e-01 -2.500000e-02 -4.266309e-01 4.001074e-01
-6.800000e-02 -2.550000e-02 -4.399283e-01 3.872620e-01 -6.750000e-02 -2.500000e-02 -4.400104e-01 3.874270e-01
-6.750000e-02 -2.500000e-02 -4.400104e-01 3.874270e-01 -6.650000e-02 -2.500000e-02 -4.398507e-01 3.871045e-01
-6.650000e-02 -2.500000e-02 -4.398507e-01 3.871045e-01 -6.600000e-02 -2.450000e-02 -4.399314e-01 3.872683e-01
-4.975000e-01 -2.400000e-02 -4.265988e-01 4.001805e-01 -4.980000e-01 -2.350000e-02 -4.264915e-01 4.004151e-01
-4.975000e-01 -2.400000e-02 -4.265988e-01 4.001805e-01 -4.965000e-01 -2.400000e-02 -4.264138e-01 4.005819e-01
-4.960000e-01 -2.450000e-02 -4.265230e-01 4.003450e-01 -4.965000e-01 -2.400000e-02 -4.264138e-01 4.005819e-01
-6.600000e-02 -2.450000e-02 -4.399314e-01 3.872683e-01 -6.550000e-02 -2.400000e-02 -4.400126e-01 3.874310e-01
-6.550000e-02 -2.400000e-02 -4.400126e-01 3.874310e-01 -6.500000e-02 -2.350000e-02 -4.400931e-01 3.875931e-01
-4.985000e-01 -2.300000e-02 -4.263829e-01 4.006489e-01 -4.990000e-01 -2.250000e-02 -4.262753e-01 4.008815e-01
-4.980000e-01 -2.350000e-02 -4.264915e-01 4.004151e-01 -4.985000e-01 -2.300000e-02 -4.263829e-01 4.006489e-01
-6.500000e-02 -2.350000e-02 -4.400931e-01 3.875931e-01 -6.450000e-02 -2.300000e-02 -4.401741e-01 3.877540e-01
-6.450000e-02 -2.300000e-02 -4.401741e-01 3.877540e-01 -6.400000e-02 -2.250000e-02 -4.402544e-01 3.879144e-01
-4.995000e-01 -2.200000e-02 -4.261665e-01 4.011134e-01 -5.000000e-01 -2.150000e-02 -4.260585e-01 4.013441e-01
-4.990000e-01 -2.250000e-02 -4.262753e-01 4.008815e-01 -4.995000e-01 -2.200000e-02 -4.261665e-01 4.011134e-01
-6.400000e-02 -2.250000e-02 -4.402544e-01 3.879144e-01 -6.350000e-02 -2.200000e-02 -4.403353e-01 3.880736e-01
-6.350000e-02 -2.200000e-02 -4.403353e-01 3.880736e-01 -6.300000e-02 -2.150000e-02 -4.404154e-01 3.882323e-01
-5.015000e-01 -2.100000e-02 -4.261430e-01 4.011642e-01 -5.020000e-01 -2.050000e-02 -4.260358e-01 4.013918e-01
-5.015000e-01 -2.100000e-02 -4.261430e-01 4.011642e-01 -5.005000e-01 -2.100000e-02 -4.259495e-01 4.015741e-01
-5.000000e-01 -2.150000e-02 -4.260585e-01 4.013441e-01 -5.005000e-01 -2.100000e-02 -4.259495e-01 4.015741e-01
-6.300000e-02 -2.150000e-02 -4.404154e-01 3.882323e-01 -6.250000e-02 -2.100000e-02 -4.404960e-01 3.883899e-01
-6.250000e-02 -2.100000e-02 -4.404960e-01 3.883899e-01 -6.200000e-02 -2.050000e-02 -4.405758e-01 3.885468e-01
-5.025000e-01 -2.000000e-02 -4.259274e-01 4.016187e-01 -5.030000e-01 -1.950000e-02 -4.258199e-01 4.018443e-01
-5.020000e-01 -2.050000e-02 -4.260358e-01 4.013918e-01 -5.025000e-01 -2.000000e-02 -4.259274e-01 4.016187e-01
-6.200000e-02 -2.050000e-02 -4.405758e-01 3.885468e-01 -6.150000e-02 -2.000000e-02 -4.406562e-01 3.887027e-01
-6.150000e-02 -2.000000e-02 -4.406562e-01 3.887027e-01 -6.100000e-02 -1.950000e-02 -4.407359e-01 3.888580e-01
-5.045000e-01 -1.900000e-02 -4.259118e-01 4.016534e-01 -5.050000e-01 -1.850000e-02 -4.258051e-01 4.018759e-01
-5.045000e-01 -1.900000e-02 -4.259118e-01 4.016534e-01 -5.035000e-01 -1.900000e-02 -4.257113e-01 4.020692e-01
-5.030000e-01 -1.950000e-02 -4.258199e-01 4.018443e-01 -5.035000e-01 -1.900000e-02 -4.257113e-01 4.020692e-01
-6.100000e-02 -1.950000e-02 -4.407359e-01 3.888580e-01 -6.050000e-02 -1.900000e-02 -4.408160e-01 3.890122e-01
-6.050000e-02 -1.900000e-02 -4.408160e-01 3.890122e-01 -6.000000e-02 -1.850000e-02 -4.408954e-01 3.891658e-01
-5.055000e-01 -1.800000e-02 -4.256972e-01 4.020977e-01 -5.060000e-01 -1.750000e-02 -4.255904e-01 4.023183e-01
-5.050000e-01 -1.850000e-02 -4.258051e-01 4.018759e-01 -5.055000e-01 -1.800000e-02 -4.256972e-01 4.020977e-01
-6.000000e-02 -1.850000e-02 -4.408954e-01 3.891658e-01 -5.950000e-02 -1.800000e-02 -4.409753e-01 3.893182e-01
-5.950000e-02 -1.800000e-02 -4.409753e-01 3.893182e-01 -5.900000e-02 -1.750000e-02 -4.410544e-01 3.894702e-01
-5.065000e-01 -1.700000e-02 -4.254824e-01 4.025381e-01 -5.070000e-01 -1.650000e-02 -4.253753e-01 4.027567e-01
-5.060000e-01 -1.750000e-02 -4.255904e-01 4.023183e-01 -5.065000e-01 -1.700000e-02 -4.254824e-01 4.025381e-01
-5.900000e-02 -1.750000e-02 -4.410544e-01 3.894702e-01 -5.850000e-02 -1.700000e-02 -4.411340e-01 3.896210e-01
-5.850000e-02 -1.700000e-02 -4.411340e-01 3.896210e-01 -5.750000e-02 -1.700000e-02 -4.409601e-01 3.892894e-01
-5.750000e-02 -1.700000e-02 -4.409601e-01 3.892894e-01 -5.700000e-02 -1.650000e-02 -4.410381e-01 3.894391e-01
-5.085000e-01 -1.600000e-02 -4.254769e-01 4.025506e-01 -5.090000e-01 -1.550000e-02 -4.253707e-01 4.027661e-01
-5.085000e-01 -1.600000e-02 -4.254769e-01 4.025506e-01 -5.075000e-01 -1.600000e-02 -4.252672e-01 4.029746e-01
-5.070000e-01 -1.650000e-02 -4.253753e-01 4.027567e-01 -5.075000e-01 -1.600000e-02 -4.252672e-01 4.029746e-01
-5.700000e-02 -1.650000e-02 -4.410381e-01 3.894391e-01 -5.650000e-02 -1.600000e-02 -4.411166e-01 3.895877e-01
-5.650000e-02 -1.600000e-02 -4.411166e-01 3.895877e-01 -5.600000e-02 -1.550000e-02 -4.411944e-01 3.897358e-01
-5.095000e-01 -1.500000e-02 -4.252634e-01 4.029808e-01 -5.100000e-01 -1.450000e-02 -4.251572e-01 4.031943e-01
-5.090000e-01 -1.550000e-02 -4.253707e-01 4.027661e-01 -5.095000e-01 -1.500000e-02 -4.252634e-01 4.029808e-01
-5.600000e-02 -1.550000e-02 -4.411944e-01 3.897358e-01 -5.550000e-02 -1.500000e-02 -4.412726e-01 3.898827e-01
-5.550000e-02 -1.500000e-02 -4.412726e-01 3.898827e-01 -5.500000e-02 -1.450000e-02 -4.413500e-01 3.900292e-01
-5.105000e-01 -1.400000e-02 -4.250498e-01 4.034070e-01 -5.110000e-01 -1.350000e-02 -4.249434e-01 4.036186e-01
-5.100000e-01 -1.450000e-02 -4.251572e-01 4.031943e-01 -5.105000e-01 -1.400000e-02 -4.250498e-01 4.034070e-01
-5.500000e-02 -1.450000e-02 -4.413500e-01 3.900292e-01 -5.450000e-02 -1.400000e-02 -4.414279e-01 3.901744e-01
-5.450000e-02 -1.400000e-02 -4.414279e-01 3.901744e-01 -5.400000e-02 -1.350000e-02 -4.415050e-01 3.903192e-01
-5.125000e-01 -1.300000e-02 -4.250552e-01 4.033972e-01 -5.130000e-01 -1.250000e-02 -4.249499e-01 4.036056e-01
-5.125000e-01 -1.300000e-02 -4.250552e-01 4.033972e-01 -5.115000e-01 -1.300000e-02 -4.248359e-01 4.038293e-01
-5.110000e-01 -1.350000e-02 -4.249434e-01 4.036186e-01 -5.115000e-01 -1.300000e-02 -4.248359e-01 4.038293e-01
-5.400000e-02 -1.350000e-02 -4.415050e-01 3.903192e-01 -5.350000e-02 -1.300000e-02 -4.415825e-01 3.904628e-01
-5.350000e-02 -1.300000e-02 -4.415825e-01 3.904628e-01 -5.300000e-02 -1.250000e-02 -4.416592e-01 3.906059e-01
-5.135000e-01 -1.200000e-02 -4.248434e-01 4.038132e-01 -5.140000e-01 -1.150000e-02 -4.247380e-01 4.040196e-01
-5.130000e-01 -1.250000e-02 -4.249499e-01 4.036056e-01 -5.135000e-01 -1.200000e-02 -4.248434e-01 4.038132e-01
-5.300000e-02 -1.250000e-02 -4.416592e-01 3.906059e-01 -5.250000e-02 -1.200000e-02 -4.417365e-01 3.907479e-01
-5.250000e-02 -1.200000e-02 -4.417365e-01 3.907479e-01 -5.200000e-02 -1.150000e-02 -4.418129e-01 3.908894e-01
-5.145000e-01 -1.100000e-02 -4.246315e-01 4.042252e-01 -5.150000e-01 -1.050000e-02 -4.245260e-01 4.044296e-01
-5.140000e-01 -1.150000e-02 -4.247380e-01 4.040196e-01 -5.145000e-01 -1.100000e-02 -4.246315e-01 4.042252e-01
-5.200000e-02 -1.150000e-02 -4.418129e-01 3.908894e-01 -5.150000e-02 -1.100000e-02 -4.418897e-01 3.910297e-01
-5.150000e-02 -1.100000e-02 -4.418897e-01 3.910297e-01 -5.100000e-02 -1.050000e-02 -4.419657e-01 3.911696e-01
-5.165000e-01 -1.000000e-02 -4.246487e-01 4.041931e-01 -5.170000e-01 -9.500000e-03 -4.245444e-01 4.043944e-01
-5.165000e-01 -1.000000e-02 -4.246487e-01 4.041931e-01 -5.155000e-01 -1.000000e-02 -4.244195e-01 4.046332e-01
-5.150000e-01 -1.050000e-02 -4.245260e-01 4.044296e-01 -5.155000e-01 -1.000000e-02 -4.244195e-01 4.046332e-01
-5.100000e-02 -1.050000e-02 -4.419657e-01 3.911696e-01 -5.050000e-02 -1.000000e-02 -4.420422e-01 3.913082e-01
-5.050000e-02 -1.000000e-02 -4.420422e-01 3.913082e-01 -5.000000e-02 -9.500000e-03 -4.421179e-01 3.914465e-01
-5.175000e-01 -9.000000e-03 -4.244390e-01 4.045948e-01 -5.180000e-01 -8.500000e-03 -4.243347e-01 4.047941e-01
-5.170000e-01 -9.500000e-03 -4.245444e-01 4.043944e-01 -5.175000e-01 -9.000000e-03 -4.244390e-01 4.045948e-01
-5.000000e-02 -9.500000e-03 -4.421179e-01 3.914465e-01 -4.950000e-02 -9.000000e-03 -4.421939e-01 3.915835e-01
-4.950000e-02 -9.000000e-03 -4.421939e-01 3.915835e-01 -4.900000e-02 -8.500000e-03 -4.422692e-01 3.917202e-01
-5.185000e-01 -8.000000e-03 -4.242293e-01 4.049925e-01 -5.190000e-01 -7.500000e-03 -4.241251e-01 4.051897e-01
-5.180000e-01 -8.500000e-03 -4.243347e-01 4.047941e-01 -5.185000e-01 -8.000000e-03 -4.242293e-01 4.049925e-01
-4.900000e-02 -8.500000e-03 -4.422692e-01 3.917202e-01 -4.850000e-02 -8.000000e-03 -4.423448e-01 3.918556e-01
-4.850000e-02 -8.000000e-03 -4.423448e-01 3.918556e-01 -4.800000e-02 -7.500000e-03 -4.424197e-01 3.919906e-01
-5.205000e-01 -7.000000e-03 -4.242593e-01 4.049382e-01 -5.210000e-01 -6.500000e-03 -4.241563e-01 4.051323e-01
-5.205000e-01 -7.000000e-03 -4.242593e-01 4.049382e-01 -5.195000e-01 -7.000000e-03 -4.240197e-01 4.053861e-01
-5.190000e-01 -7.500000e-03 -4.241251e-01 4.051897e-01 -5.195000e-01 -7.000000e-03 -4.240197e-01 4.053861e-01
-4.800000e-02 -7.500000e-03 -4.424197e-01 3.919906e-01 -4.750000e-02 -7.000000e-03 -4.424949e-01 3.921244e-01
-4.750000e-02 -7.000000e-03 -4.424949e-01 3.921244e-01 -4.700000e-02 -6.500000e-03 -4.425693e-01 3.922578e-01
-5.215000e-01 -6.000000e-03 -4.240522e-01 4.053255e-01 -5.220000e-01 -5.500000e-03 -4.239493e-01 4.055177e-01
-5.210000e-01 -6.500000e-03 -4.241563e-01 4.051323e-01 -5.215000e-01 -6.000000e-03 -4.240522e-01 4.053255e-01
-4.700000e-02 -6.500000e-03 -4.425693e-01 3.922578e-01 -4.650000e-02 -6.000000e-03 -4.426442e-01 3.923900e-01
-4.650000e-02 -6.000000e-03 -4.426442e-01 3.923900e-01 -4.600000e-02 -5.500000e-03 -4.427181e-01 3.925218e-01
-5.225000e-01 -5.000000e-03 -4.238452e-01 4.057088e-01 -5.230000e-01 -4.500000e-03 -4.237424e-01 4.058989e-01
-5.220000e-01 -5.500000e-03 -4.239493e-01 4.055177e-01 -5.225000e-01 -5.000000e-03 -4.238452e-01 4.057088e-01
-4.600000e-02 -5.500000e-03 -4.427181e-01 3.925218e-01 -4.550000e-02 -5.000000e-03 -4.427925e-01 3.926524e-01
-4.550000e-02 -5.000000e-03 -4.427925e-01 3.926524e-01 -4.500000e-02 -4.500000e-03 -4.428660e-01 3.927825e-01
-5.235000e-01 -4.000000e-03 -4.236385e-01 4.060881e-01 -5.240000e-01 -3.500000e-03 -4.235358e-01 4.062761e-01
-5.230000e-01 -4.500000e-03 -4.237424e-01 4.058989e-01 -5.235000e-01 -4.000000e-03 -4.236385e-01 4.060881e-01
-4.500000e-02 -4.500000e-03 -4.428660e-01 3.927825e-01 -4.450000e-02 -4.000000e-03 -4.429399e-01 3.929116e-01
-4.450000e-02 -4.000000e-03 -4.429399e-01 3.929116e-01 -4.400000e-02 -3.500000e-03 -4.430130e-01 3.930401e-01
-5.255000e-01 -3.000000e-03 -4.236848e-01 4.060053e-01 -5.260000e-01 -2.500000e-03 -4.235835e-01 4.061902e-01
-5.255000e-01 -3.000000e-03 -4.236848e-01 4.060053e-01 -5.245000e-01 -3.000000e-03 -4.234320e-01 4.064632e-01
-5.240000e-01 -3.500000e-03 -4.235358e-01 4.062761e-01 -5.245000e-01 -3.000000e-03 -4.234320e-01 4.064632e-01
-4.400000e-02 -3.500000e-03 -4.430130e-01 3.930401e-01 -4.350000e-02 -3.000000e-03 -4.430865e-01 3.931675e-01
-4.350000e-02 -3.000000e-03 -4.430865e-01 3.931675e-01 -4.300000e-02 -2.500000e-03 -4.431590e-01 3.932946e-01
-5.265000e-01 -2.000000e-03 -4.234812e-01 4.063742e-01 -5.270000e-01 -1.500000e-03 -4.233801e-01 4.065571e-01
-5.260000e-01 -2.500000e-03 -4.235835e-01 4.061902e-01 -5.265000e-01 -2.000000e-03 -4.234812e-01 4.063742e-01
-4.300000e-02 -2.500000e-03 -4.431590e-01 3.932946e-01 -4.250000e-02 -2.000000e-03 -4.432320e-01 3.934204e-01
-4.250000e-02 -2.000000e-03 -4.432320e-01 3.934204e-01 -4.200000e-02 -1.500000e-03 -4.433041e-01 3.935458e-01
-5.275000e-01 -1.000000e-03 -4.232779e-01 4.067390e-01 -5.280000e-01 -5.000000e-04 -4.231770e-01 4.069198e-01
-5.270000e-01 -1.500000e-03 -4.233801e-01 4.065571e-01 -5.275000e-01 -1.000000e-03 -4.232779e-01 4.067390e-01
-4.200000e-02 -1.500000e-03 -4.433041e-01 3.935458e-01 -4.150000e-02 -1.000000e-03 -4.433765e-01 3.936701e-01
-4.150000e-02 -1.000000e-03 -4.433765e-01 3.936701e-01 -4.100000e-02 -5.000000e-04 -4.434481e-01 3.937939e-01
-5.285000e-01 -1.387779e-17 -4.230750e-01 4.070996e-01 -5.290000e-01 5.000000e-04 -4.229743e-01 4.072784e-01
-5.280000e-01 -5.000000e-04 -4.231770e-01 4.069198e-01 -5.285000e-01 -1.387779e-17 -4.230750e-01 4.070996e-01
-4.100000e-02 -5.000000e-04 -4.434481e-01 3.937939e-01 -4.050000e-02 -1.387779e-17 -4.435201e-01 3.939166e-01
-4.050000e-02 -1.387779e-17 -4.435201e-01 3.939166e-01 -4.000000e-02 5.000000e-04 -4.435911e-01 3.940389e-01
-5.295000e-01 1.000000e-03 -4.228725e-01 4.074562e-01 -5.300000e-01 1.500000e-03 -4.227721e-01 4.076329e-01
-5.290000e-01 5.000000e-04 -4.229743e-01 4.072784e-01 -5.295000e-01 1.000000e-03 -4.228725e-01 4.074562e-01
-4.000000e-02 5.000000e-04 -4.435911e-01 3.940389e-01 -4.000000e-02 1.500000e-03 -4.439393e-01 3.946294e-01
-5.315000e-01 2.000000e-03 -4.229398e-01 4.073389e-01 -5.320000e-01 2.500000e-03 -4.228409e-01 4.075125e-01
-5.315000e-01 2.000000e-03 -4.229398e-01 4.073389e-01 -5.305000e-01 2.000000e-03 -4.226705e-01 4.078086e-01
-5.300000e-01 1.500000e-03 -4.227721e-01 4.076329e-01 -5.305000e-01 2.000000e-03 -4.226705e-01 4.078086e-01
-4.000000e-02 1.500000e-03 -4.439393e-01 3.946294e-01 -3.950000e-02 2.000000e-03 -4.440112e-01 3.947494e-01
-3.950000e-02 2.000000e-03 -4.440112e-01 3.947494e-01 -3.900000e-02 2.500000e-03 -4.440820e-01 3.948690e-01
-5.325000e-01 3.000000e-03 -4.227410e-01 4.076851e-01 -5.330000e-01 3.500000e-03 -4.226424e-01 4.078566e-01
-5.320000e-01 2.500000e-03 -4.228409e-01 4.075125e-01 -5.325000e-01 3.000000e-03 -4.227410e-01 4.076851e-01
-3.900000e-02 2.500000e-03 -4.440820e-01 3.948690e-01 -3.850000e-02 3.000000e-03 -4.441533e-01 3.949874e-01
-3.850000e-02 3.000000e-03 -4.441533e-01 3.949874e-01 -3.800000e-02 3.500000e-03 -4.442236e-01 3.951054e-01
-5.335000e-01 4.000000e-03 -4.225428e-01 4.080271e-01 -5.340000e-01 4.500000e-03 -4.224445e-01 4.081966e-01
-5.330000e-01 3.500000e-03 -4.226424e-01 4.078566e-01 -5.335000e-01 4.000000e-03 -4.225428e-01 4.080271e-01
-3.800000e-02 3.500000e-03 -4.442236e-01 3.951054e-01 -3.750000e-02 4.000000e-03 -4.442943e-01 3.952222e-01
-3.750000e-02 4.000000e-03 -4.442943e-01 3.952222e-01 -3.700000e-02 4.500000e-03 -4.443641e-01 3.953387e-01
-5.345000e-01 5.000000e-03 -4.223452e-01 4.083650e-01 -5.350000e-01 5.500000e-03 -4.222473e-01 4.085324e-01
-5.340000e-01 4.500000e-03 -4.224445e-01 4.081966e-01 -5.345000e-01 5.000000e-03 -4.223452e-01 4.083650e-01
-3.700000e-02 4.500000e-03 -4.443641e-01 3.953387e-01 -3.650000e-02 5.000000e-03 -4.444342e-01 3.954540e-01
-3.650000e-02 5.000000e-03 -4.444342e-01 3.954540e-01 -3.600000e-02 5.500000e-03 -4.445034e-01 3.955689e-01
-5.355000e-01 6.000000e-03 -4.221483e-01 4.086987e-01 -5.360000e-01 6.500000e-03 -4.220507e-01 4.088640e-01
-5.350000e-01 5.500000e-03 -4.222473e-01 4.085324e-01 -5.355000e-01 6.000000e-03 -4.221483e-01 4.086987e-01
-3.600000e-02 5.500000e-03 -4.445034e-01 3.955689e-01 -3.550000e-02 6.000000e-03 -4.445729e-01 3.956827e-01
-3.550000e-02 6.000000e-03 -4.445729e-01 3.956827e-01 -3.500000e-02 6.500000e-03 -4.446415e-01 3.957961e-01
-5.375000e-01 7.000000e-03 -4.222387e-01 4.085473e-01 -5.380000e-01 7.500000e-03 -4.221429e-01 4.087095e-01
-5.375000e-01 7.000000e-03 -4.222387e-01 4.085473e-01 -5.365000e-01 7.000000e-03 -4.219521e-01 4.090283e-01
-5.360000e-01 6.500000e-03 -4.220507e-01 4.088640e-01 -5.365000e-01 7.000000e-03 -4.219521e-01 4.090283e-01
-3.500000e-02 6.500000e-03 -4.446415e-01 3.957961e-01 -3.450000e-02 7.000000e-03 -4.447104e-01 3.959084e-01
-3.450000e-02 7.000000e-03 -4.447104e-01 3.959084e-01 -3.400000e-02 7.500000e-03 -4.447784e-01 3.960203e-01
-5.385000e-01 8.000000e-03 -4.220460e-01 4.088706e-01 -5.390000e-01 8.500000e-03 -4.219506e-01 4.090307e-01
-5.380000e-01 7.500000e-03 -4.221429e-01 4.087095e-01 -5.385000e-01 8.000000e-03 -4.220460e-01 4.088706e-01
-3.400000e-02 7.500000e-03 -4.447784e-01 3.960203e-01 -3.350000e-02 8.000000e-03 -4.448467e-01 3.961311e-01
-3.350000e-02 8.000000e-03 -4.448467e-01 3.961311e-01 -3.300000e-02 8.500000e-03 -4.449141e-01 3.962414e-01
-5.395000e-01 9.000000e-03 -4.218542e-01 4.091898e-01 -5.400000e-01 9.500000e-03 -4.217593e-01 4.093478e-01
-5.390000e-01 8.500000e-03 -4.219506e-01 4.090307e-01 -5.395000e-01 9.000000e-03 -4.218542e-01 4.091898e-01
-3.300000e-02 8.500000e-03 -4.449141e-01 3.962414e-01 -3.250000e-02 9.000000e-03 -4.449817e-01 3.963506e-01
-3.250000e-02 9.000000e-03 -4.449817e-01 3.963506e-01 -3.200000e-02 9.500000e-03 -4.450484e-01 3.964596e-01
-5.405000e-01 1.000000e-02 -4.216633e-01 4.095048e-01 -5.410000e-01 1.050000e-02 -4.215688e-01 4.096607e-01
-5.400000e-01 9.500000e-03 -4.217593e-01 4.093478e-01 -5.405000e-01 1.000000e-02 -4.216633e-01 4.095048e-01
-3.200000e-02 9.500000e-03 -4.450484e-01 3.964596e-01 -3.200000e-02 1.050000e-02 -4.454033e-01 3.970299e-01
-5.415000e-01 1.100000e-02 -4.214732e-01 4.098156e-01 -5.420000e-01 1.150000e-02 -4.213792e-01 4.099694e-01
-5.410000e-01 1.050000e-02 -4.215688e-01 4.096607e-01 -5.415000e-01 1.100000e-02 -4.214732e-01 4.098156e-01
-3.200000e-02 1.050000e-02 -4.454033e-01 3.970299e-01 -3.150000e-02 1.100000e-02 -4.454707e-01 3.971364e-01
-3.150000e-02 1.100000e-02 -4.454707e-01 3.971364e-01 -3.100000e-02 1.150000e-02 -4.455371e-01 3.972427e-01
-5.425000e-01 1.200000e-02 -4.212841e-01 4.101222e-01 -5.430000e-01 1.250000e-02 -4.211906e-01 4.102740e-01
-5.420000e-01 1.150000e-02 -4.213792e-01 4.099694e-01 -5.425000e-01 1.200000e-02 -4.212841e-01 4.101222e-01
-3.100000e-02 1.150000e-02 -4.455371e-01 3.972427e-01 -3.050000e-02 1.200000e-02 -4.456038e-01 3.973477e-01
-3.050000e-02 1.200000e-02 -4.456038e-01 3.973477e-01 -3.000000e-02 1.250000e-02 -4.456694e-01 3.974524e-01
-5.435000e-01 1.300000e-02 -4.210960e-01 4.104247e-01 -5.440000e-01 1.350000e-02 -4.210029e-01 4.105743e-01
-5.430000e-01 1.250000e-02 -4.211906e-01 4.102740e-01 -5.435000e-01 1.300000e-02 -4.210960e-01 4.104247e-01
-3.000000e-02 1.250000e-02 -4.456694e-01 3.974524e-01 -2.950000e-02 1.300000e-02 -4.457354e-01 3.975560e-01
-2.950000e-02 1.300000e-02 -4.457354e-01 3.975560e-01 -2.900000e-02 1.350000e-02 -4.458005e-01 3.976593e-01
-5.455000e-01 1.400000e-02 -4.212197e-01 4.102270e-01 -5.460000e-01 1.450000e-02 -4.211287e-01 4.103736e-01
-5.455000e-01 1.400000e-02 -4.212197e-01 4.102270e-01 -5.445000e-01 1.400000e-02 -4.209089e-01 4.107229e-01
-5.440000e-01 1.350000e-02 -4.210029e-01 4.105743e-01 -5.445000e-01 1.400000e-02 -4.209089e-01 4.107229e-01
-2.900000e-02 1.350000e-02 -4.458005e-01 3.976593e-01 -2.850000e-02 1.400000e-02 -4.458658e-01 3.977613e-01
-2.850000e-02 1.400000e-02 -4.458658e-01 3.977613e-01 -2.800000e-02 1.450000e-02 -4.459301e-01 3.978631e-01
-5.465000e-01 1.500000e-02 -4.210368e-01 4.105191e-01 -5.470000e-01 1.550000e-02 -4.209463e-01 4.106636e-01
-5.460000e-01 1.450000e-02 -4.211287e-01 4.103736e-01 -5.465000e-01 1.500000e-02 -4.210368e-01 4.105191e-01
-2.800000e-02 1.450000e-02 -4.459301e-01 3.978631e-01 -2.750000e-02 1.500000e-02 -4.459947e-01 3.979638e-01
-2.750000e-02 1.500000e-02 -4.459947e-01 3.979638e-01 -2.700000e-02 1.550000e-02 -4.460583e-01 3.980641e-01
-5.475000e-01 1.600000e-02 -4.208549e-01 4.108070e-01 -5.480000e-01 1.650000e-02 -4.207651e-01 4.109494e-01
-5.470000e-01 1.550000e-02 -4.209463e-01 4.106636e-01 -5.475000e-01 1.600000e-02 -4.208549e-01 4.108070e-01
-2.700000e-02 1.550000e-02 -4.460583e-01 3.980641e-01 -2.700000e-02 1.650000e-02 -4.464171e-01 3.986212e-01
-5.485000e-01 1.700000e-02 -4.206743e-01 4.110907e-01 -5.490000e-01 1.750000e-02 -4.205850e-01 4.112311e-01
-5.480000e-01 1.650000e-02 -4.207651e-01 4.109494e-01 -5.485000e-01 1.700000e-02 -4.206743e-01 4.110907e-01
-2.700000e-02 1.650000e-02 -4.464171e-01 3.986212e-01 -2.650000e-02 1.700000e-02 -4.464813e-01 3.987192e-01
-2.650000e-02 1.700000e-02 -4.464813e-01 3.987192e-01 -2.600000e-02 1.750000e-02 -4.465444e-01 3.988169e-01
-5.495000e-01 1.800000e-02 -4.204949e-01 4.113703e-01 -5.500000e-01 1.850000e-02 -4.204063e-01 4.115085e-01
-5.490000e-01 1.750000e-02 -4.205850e-01 4.112311e-01 -5.495000e-01 1.800000e-02 -4.204949e-01 4.113703e-01
-2.600000e-02 1.750000e-02 -4.465444e-01 3.988169e-01 -2.550000e-02 1.800000e-02 -4.466079e-01 3.989134e-01
-2.550000e-02 1.800000e-02 -4.466079e-01 3.989134e-01 -2.500000e-02 1.850000e-02 -4.466703e-01 3.990097e-01
-5.505000e-01 1.900000e-02 -4.203167e-01 4.116456e-01 -5.510000e-01 1.950000e-02 -4.202287e-01 4.117817e-01
-5.500000e-01 1.850000e-02 -4.204063e-01 4.115085e-01 -5.505000e-01 1.900000e-02 -4.203167e-01 4.116456e-01
-2.500000e-02 1.850000e-02 -4.466703e-01 3.990097e-01 -2.450000e-02 1.900000e-02 -4.467330e-01 3.991048e-01
-2.450000e-02 1.900000e-02 -4.467330e-01 3.991048e-01 -2.400000e-02 1.950000e-02 -4.467946e-01 3.991996e-01
-5.515000e-01 2.000000e-02 -4.201398e-01 4.119167e-01 -5.520000e-01 2.050000e-02 -4.200526e-01 4.120508e-01
-5.510000e-01 1.950000e-02 -4.202287e-01 4.117817e-01 -5.515000e-01 2.000000e-02 -4.201398e-01 4.119167e-01
-2.400000e-02 1.950000e-02 -4.467946e-01 3.991996e-01 -2.350000e-02 2.000000e-02 -4.468565e-01 3.992933e-01
-2.350000e-02 2.000000e-02 -4.468565e-01 3.992933e-01 -2.300000e-02 2.050000e-02 -4.469174e-01 3.993866e-01
-5.525000e-01 2.100000e-02 -4.199643e-01 4.121836e-01 -5.530000e-01 2.150000e-02 -4.198777e-01 4.123156e-01
-5.520000e-01 2.050000e-02 -4.200526e-01 4.120508e-01 -5.525000e-01 2.100000e-02 -4.199643e-01 4.121836e-01
-2.300000e-02 2.050000e-02 -4.469174e-01 3.993866e-01 -2.300000e-02 2.150000e-02 -4.472792e-01 3.999329e-01
-5.535000e-01 2.200000e-02 -4.197902e-01 4.124464e-01 -5.540000e-01 2.250000e-02 -4.197044e-01 4.125762e-01
-5.530000e-01 2.150000e-02 -4.198777e-01 4.123156e-01 -5.535000e-01 2.200000e-02 -4.197902e-01 4.124464e-01
-2.300000e-02 2.150000e-02 -4.472792e-01 3.999329e-01 -2.250000e-02 2.200000e-02 -4.473405e-01 4.000239e-01
-2.250000e-02 2.200000e-02 -4.473405e-01 4.000239e-01 -2.200000e-02 2.250000e-02 -4.474008e-01 4.001147e-01
-5.545000e-01 2.300000e-02 -4.196176e-01 4.127049e-01 -5.550000e-01 2.350000e-02 -4.195324e-01 4.128327e-01
-5.540000e-01 2.250000e-02 -4.197044e-01 4.125762e-01 -5.545000e-01 2.300000e-02 -4.196176e-01 4.127049e-01
-2.200000e-02 2.250000e-02 -4.474008e-01 4.001147e-01 -2.150000e-02 2.300000e-02 -4.474614e-01 4.002044e-01
-2.150000e-02 2.300000e-02 -4.474614e-01 4.002044e-01 -2.100000e-02 2.350000e-02 -4.475209e-01 4.002938e-01
-5.555000e-01 2.400000e-02 -4.194464e-01 4.129592e-01 -5.560000e-01 2.450000e-02 -4.193620e-01 4.130849e-01
-5.550000e-01 2.350000e-02 -4.195324e-01 4.128327e-01 -5.555000e-01 2.400000e-02 -4.194464e-01 4.129592e-01
-2.100000e-02 2.350000e-02 -4.475209e-01 4.002938e-01 -2.050000e-02 2.400000e-02 -4.475806e-01 4.003820e-01
-2.050000e-02 2.400000e-02 -4.475806e-01 4.003820e-01 -2.000000e-02 2.450000e-02 -4.476393e-01 4.004700e-01
-5.575000e-01 2.500000e-02 -4.196268e-01 4.126921e-01 -5.580000e-01 2.550000e-02 -4.195449e-01 4.128148e-01
-5.575000e-01 2.500000e-02 -4.196268e-01 4.126921e-01 -5.565000e-01 2.500000e-02 -4.192768e-01 4.132093e-01
-5.560000e-01 2.450000e-02 -4.193620e-01 4.130849e-01 -5.565000e-01 2.500000e-02 -4.192768e-01 4.132093e-01
-2.000000e-02 2.450000e-02 -4.476393e-01 4.004700e-01 -1.950000e-02 2.500000e-02 -4.476982e-01 4.005568e-01
-1.950000e-02 2.500000e-02 -4.476982e-01 4.005568e-01 -1.900000e-02 2.550000e-02 -4.477561e-01 4.006435e-01
-5.585000e-01 2.600000e-02 -4.194621e-01 4.129362e-01 -5.590000e-01 2.650000e-02 -4.193810e-01 4.130568e-01
-5.580000e-01 2.550000e-02 -4.195449e-01 4.128148e-01 -5.585000e-01 2.600000e-02 -4.194621e-01 4.129362e-01
-1.900000e-02 2.550000e-02 -4.477561e-01 4.006435e-01 -1.900000e-02 2.650000e-02 -4.481205e-01 4.011787e-01
-5.595000e-01 2.700000e-02 -4.192991e-01 4.131762e-01 -5.600000e-01 2.750000e-02 -4.192188e-01 4.132946e-01
-5.590000e-01 2.650000e-02 -4.193810e-01 4.130568e-01 -5.595000e-01 2.700000e-02 -4.192991e-01 4.131762e-01
-1.900000e-02 2.650000e-02 -4.481205e-01 4.011787e-01 -1.850000e-02 2.700000e-02 -4.481787e-01 4.012630e-01
-1.850000e-02 2.700000e-02 -4.481787e-01 4.012630e-01 -1.800000e-02 2.750000e-02 -4.482360e-01 4.013471e-01
-5.605000e-01 2.800000e-02 -4.191378e-01 4.134119e-01 -5.610000e-01 2.850000e-02 -4.190584e-01 4.135283e-01
-5.600000e-01 2.750000e-02 -4.192188e-01 4.132946e-01 -5.605000e-01 2.800000e-02 -4.191378e-01 4.134119e-01
-1.800000e-02 2.750000e-02 -4.482360e-01 4.013471e-01 -1.750000e-02 2.800000e-02 -4.482934e-01 4.014300e-01
-1.750000e-02 2.800000e-02 -4.482934e-01 4.014300e-01 -1.700000e-02 2.850000e-02 -4.483497e-01 4.015127e-01
-5.615000e-01 2.900000e-02 -4.189781e-01 4.136434e-01 -5.620000e-01 2.950000e-02 -4.188997e-01 4.137577e-01
-5.610000e-01 2.850000e-02 -4.190584e-01 4.135283e-01 -5.615000e-01 2.900000e-02 -4.189781e-01 4.136434e-01
-1.700000e-02 2.850000e-02 -4.483497e-01 4.015127e-01 -1.650000e-02 2.900000e-02 -4.484063e-01 4.015942e-01
-1.650000e-02 2.900000e-02 -4.484063e-01 4.015942e-01 -1.600000e-02 2.950000e-02 -4.484617e-01 4.016756e-01
-5.625000e-01 3.000000e-02 -4.188203e-01 4.138708e-01 -5.630000e-01 3.050000e-02 -4.187428e-01 4.139830e-01
-5.620000e-01 2.950000e-02 -4.188997e-01 4.137577e-01 -5.625000e-01 3.000000e-02 -4.188203e-01 4.138708e-01
-1.600000e-02 2.950000e-02 -4.484617e-01 4.016756e-01 -1.600000e-02 3.050000e-02 -4.488280e-01 4.022022e-01
-5.635000e-01 3.100000e-02 -4.186643e-01 4.140940e-01 -5.640000e-01 3.150000e-02 -4.185877e-01 4.142041e-01
-5.630000e-01 3.050000e-02 -4.187428e-01 4.139830e-01 -5.635000e-01 3.100000e-02 -4.186643e-01 4.140940e-01
-1.600000e-02 3.050000e-02 -4.488280e-01 4.022022e-01 -1.550000e-02 3.100000e-02 -4.488839e-01 4.022812e-01
-1.550000e-02 3.100000e-02 -4.488839e-01 4.022812e-01 -1.500000e-02 3.150000e-02 -4.489386e-01 4.023601e-01
-5.645000e-01 3.200000e-02 -4.185102e-01 4.143130e-01 -5.650000e-01 3.250000e-02 -4.184346e-01 4.144211e-01
-5.640000e-01 3.150000e-02 -4.185877e-01 4.142041e-01 -5.645000e-01 3.200000e-02 -4.185102e-01 4.143130e-01
-1.500000e-02 3.150000e-02 -4.489386e-01 4.023601e-01 -1.450000e-02 3.200000e-02 -4.489935e-01 4.024377e-01
-1.450000e-02 3.200000e-02 -4.489935e-01 4.024377e-01 -1.400000e-02 3.250000e-02 -4.490474e-01 4.025152e-01
-5.655000e-01 3.300000e-02 -4.183580e-01 4.145278e-01 -5.660000e-01 3.350000e-02 -4.182833e-01 4.146338e-01
-5.650000e-01 3.250000e-02 -4.184346e-01 4.144211e-01 -5.655000e-01 3.300000e-02 -4.183580e-01 4.145278e-01
-1.400000e-02 3.250000e-02 -4.490474e-01 4.025152e-01 -1.400000e-02 3.350000e-02 -4.494151e-01 4.030356e-01
-5.665000e-01 3.400000e-02 -4.182078e-01 4.147385e-01 -5.670000e-01 3.450000e-02 -4.181341e-01 4.148424e-01
-5.660000e-01 3.350000e-02 -4.182833e-01 4.146338e-01 -5.665000e-01 3.400000e-02 -4.182078e-01 4.147385e-01
-1.400000e-02 3.350000e-02 -4.494151e-01 4.030356e-01 -1.350000e-02 3.400000e-02 -4.494692e-01 4.031108e-01
-1.350000e-02 3.400000e-02 -4.494692e-01 4.031108e-01 -1.300000e-02 3.450000e-02 -4.495223e-01 4.031858e-01
-5.675000e-01 3.500000e-02 -4.180596e-01 4.149450e-01 -5.680000e-01 3.550000e-02 -4.179869e-01 4.150468e-01
-5.670000e-01 3.450000e-02 -4.181341e-01 4.148424e-01 -5.675000e-01 3.500000e-02 -4.180596e-01 4.149450e-01
-1.300000e-02 3.450000e-02 -4.495223e-01 4.031858e-01 -1.250000e-02 3.500000e-02 -4.495755e-01 4.032596e-01
-1.250000e-02 3.500000e-02 -4.495755e-01 4.032596e-01 -1.200000e-02 3.550000e-02 -4.496276e-01 4.033333e-01
-5.685000e-01 3.600000e-02 -4.179135e-01 4.151473e-01 -5.690000e-01 3.650000e-02 -4.178418e-01 4.152470e-01
-5.680000e-01 3.550000e-02 -4.179869e-01 4.150468e-01 -5.685000e-01 3.600000e-02 -4.179135e-01 4.151473e-01
-1.200000e-02 3.550000e-02 -4.496276e-01 4.033333e-01 -1.150000e-02 3.600000e-02 -4.496799e-01 4.034058e-01
-1.150000e-02 3.600000e-02 -4.496799e-01 4.034058e-01 -1.100000e-02 3.650000e-02 -4.497310e-01 4.034782e-01
-5.695000e-01 3.700000e-02 -4.177694e-01 4.153454e-01 -5.700000e-01 3.750000e-02 -4.176988e-01 4.154431e-01
-5.690000e-01 3.650000e-02 -4.178418e-01 4.152470e-01 -5.695000e-01 3.700000e-02 -4.177694e-01 4.153454e-01
-1.100000e-02 3.650000e-02 -4.497310e-01 4.034782e-01 -1.100000e-02 3.750000e-02 -4.501004e-01 4.039899e-01
-5.705000e-01 3.800000e-02 -4.176275e-01 4.155395e-01 -5.710000e-01 3.850000e-02 -4.175580e-01 4.156350e-01
-5.700000e-01 3.750000e-02 -4.176988e-01 4.154431e-01 -5.705000e-01 3.800000e-02 -4.176275e-01 4.155395e-01
-1.100000e-02 3.750000e-02 -4.501004e-01 4.039899e-01 -1.050000e-02 3.800000e-02 -4.501518e-01 4.040600e-01
-1.050000e-02 3.800000e-02 -4.501518e-01 4.040600e-01 -1.000000e-02 3.850000e-02 -4.502021e-01 4.041299e-01
-5.715000e-01 3.900000e-02 -4.174878e-01 4.157293e-01 -5.720000e-01 3.950000e-02 -4.174194e-01 4.158228e-01
-5.710000e-01 3.850000e-02 -4.175580e-01 4.156350e-01 -5.715000e-01 3.900000e-02 -4.174878e-01 4.157293e-01
-1.000000e-02 3.850000e-02 -4.502021e-01 4.041299e-01 -9.500000e-03 3.900000e-02 -4.502525e-01 4.041986e-01
-9.500000e-03 3.900000e-02 -4.502525e-01 4.041986e-01 -9.000000e-03 3.950000e-02 -4.503018e-01 4.042673e-01
-5.725000e-01 4.000000e-02 -4.173503e-01 4.159150e-01 -5.730000e-01 4.050000e-02 -4.172831e-01 4.160065e-01
-5.720000e-01 3.950000e-02 -4.174194e-01 4.158228e-01 -5.725000e-01 4.000000e-02 -4.173503e-01 4.159150e-01
-9.000000e-03 3.950000e-02 -4.503018e-01 4.042673e-01 -9.000000e-03 4.050000e-02 -4.506723e-01 4.047727e-01
-5.735000e-01 4.100000e-02 -4.172151e-01 4.160966e-01 -5.740000e-01 4.150000e-02 -4.171491e-01 4.161860e-01
-5.730000e-01 4.050000e-02 -4.172831e-01 4.160065e-01 -5.735000e-01 4.100000e-02 -4.172151e-01 4.160966e-01
-9.000000e-03 4.050000e-02 -4.506723e-01 4.047727e-01 -8.500000e-03 4.100000e-02 -4.507218e-01 4.048390e-01
-8.500000e-03 4.100000e-02 -4.507218e-01 4.048390e-01 -8.000000e-03 4.150000e-02 -4.507702e-01 4.049053e-01
-5.745000e-01 4.200000e-02 -4.170823e-01 4.162741e-01 -5.750000e-01 4.250000e-02 -4.170174e-01 4.163614e-01
-5.740000e-01 4.150000e-02 -4.171491e-01 4.161860e-01 -5.745000e-01 4.200000e-02 -4.170823e-01 4.162741e-01
-8.000000e-03 4.150000e-02 -4.507702e-01 4.049053e-01 -7.500000e-03 4.200000e-02 -4.508187e-01 4.049703e-01
-7.500000e-03 4.200000e-02 -4.508187e-01 4.049703e-01 -7.000000e-03 4.250000e-02 -4.508661e-01 4.050352e-01
-5.755000e-01 4.300000e-02 -4.169518e-01 4.164474e-01 -5.760000e-01 4.350000e-02 -4.168881e-01 4.165327e-01
-5.750000e-01 4.250000e-02 -4.170174e-01 4.163614e-01 -5.755000e-01 4.300000e-02 -4.169518e-01 4.164474e-01
-7.000000e-03 4.250000e-02 -4.508661e-01 4.050352e-01 -7.000000e-03 4.350000e-02 -4.512377e-01 4.055344e-01
-5.765000e-01 4.400000e-02 -4.168238e-01 4.166166e-01 -5.770000e-01 4.450000e-02 -4.167613e-01 4.166998e-01
-5.760000e-01 4.350000e-02 -4.168881e-01 4.165327e-01 -5.765000e-01 4.400000e-02 -4.168238e-01 4.166166e-01
-7.000000e-03 4.350000e-02 -4.512377e-01 4.055344e-01 -6.500000e-03 4.400000e-02 -4.512852e-01 4.055970e-01
-6.500000e-03 4.400000e-02 -4.512852e-01 4.055970e-01 -6.000000e-03 4.450000e-02 -4.513317e-01 4.056596e-01
-5.775000e-01 4.500000e-02 -4.166982e-01 4.167817e-01 -5.780000e-01 4.550000e-02 -4.166370e-01 4.168629e-01
-5.770000e-01 4.450000e-02 -4.167613e-01 4.166998e-01 -5.775000e-01 4.500000e-02 -4.166982e-01 4.167817e-01
-6.000000e-03 4.450000e-02 -4.513317e-01 4.056596e-01 -5.500000e-03 4.500000e-02 -4.513781e-01 4.057209e-01
-5.500000e-03 4.500000e-02 -4.513781e-01 4.057209e-01 -5.000000e-03 4.550000e-02 -4.514235e-01 4.057823e-01
-5.780000e-01 4.550000e-02 -4.166370e-01 4.168629e-01 -5.780000e-01 4.650000e-02 -4.160863e-01 4.175733e-01
-5.000000e-03 4.550000e-02 -4.514235e-01 4.057823e-01 -5.000000e-03 4.650000e-02 -4.517961e-01 4.062751e-01
-5.785000e-01 4.700000e-02 -4.160237e-01 4.176518e-01 -5.790000e-01 4.750000e-02 -4.159632e-01 4.177295e-01
-5.780000e-01 4.650000e-02 -4.160863e-01 4.175733e-01 -5.785000e-01 4.700000e-02 -4.160237e-01 4.176518e-01
-5.000000e-03 4.650000e-02 -4.517961e-01 4.062751e-01 -4.500000e-03 4.700000e-02 -4.518416e-01 4.063341e-01
-4.500000e-03 4.700000e-02 -4.518416e-01 4.063341e-01 -4.000000e-03 4.750000e-02 -4.518859e-01 4.063930e-01
-5.795000e-01 4.800000e-02 -4.159019e-01 4.178060e-01 -5.800000e-01 4.850000e-02 -4.158426e-01 4.178817e-01
-5.790000e-01 4.750000e-02 -4.159632e-01 4.177295e-01 -5.795000e-01 4.800000e-02 -4.159019e-01 4.178060e-01
-4.000000e-03 4.750000e-02 -4.518859e-01 4.063930e-01 -3.500000e-03 4.800000e-02 -4.519303e-01 4.064508e-01
-3.500000e-03 4.800000e-02 -4.519303e-01 4.064508e-01 -3.000000e-03 4.850000e-02 -4.519736e-01 4.065086e-01
-5.805000e-01 4.900000e-02 -4.157827e-01 4.179561e-01 -5.810000e-01 4.950000e-02 -4.157248e-01 4.180298e-01
-5.800000e-01 4.850000e-02 -4.158426e-01 4.178817e-01 -5.805000e-01 4.900000e-02 -4.157827e-01 4.179561e-01
-3.000000e-03 4.850000e-02 -4.519736e-01 4.065086e-01 -3.000000e-03 4.950000e-02 -4.523470e-01 4.069951e-01
-5.815000e-01 5.000000e-02 -4.156662e-01 4.181021e-01 -5.820000e-01 5.050000e-02 -4.156096e-01 4.181738e-01
-5.810000e-01 4.950000e-02 -4.157248e-01 4.180298e-01 -5.815000e-01 5.000000e-02 -4.156662e-01 4.181021e-01
-3.000000e-03 4.950000e-02 -4.523470e-01 4.069951e-01 -2.500000e-03 5.000000e-02 -4.523903e-01 4.070505e-01
-2.500000e-03 5.000000e-02 -4.523903e-01 4.070505e-01 -2.000000e-03 5.050000e-02 -4.524325e-01 4.071059e-01
-5.825000e-01 5.100000e-02 -4.155524e-01 4.182441e-01 -5.830000e-01 5.150000e-02 -4.154972e-01 4.183137e-01
-5.820000e-01 5.050000e-02 -4.156096e-01 4.181738e-01 -5.825000e-01 5.100000e-02 -4.155524e-01 4.182441e-01
-2.000000e-03 5.050000e-02 -4.524325e-01 4.071059e-01 -2.000000e-03 5.150000e-02 -4.528066e-01 4.075884e-01
-5.835000e-01 5.200000e-02 -4.154414e-01 4.183820e-01 -5.840000e-01 5.250000e-02 -4.153876e-01 4.184496e-01
-5.830000e-01 5.150000e-02 -4.154972e-01 4.183137e-01 -5.835000e-01 5.200000e-02 -4.154414e-01 4.183820e-01
-2.000000e-03 5.150000e-02 -4.528066e-01 4.075884e-01 -1.500000e-03 5.200000e-02 -4.528488e-01 4.076415e-01
-1.500000e-03 5.200000e-02 -4.528488e-01 4.076415e-01 -1.000000e-03 5.250000e-02 -4.528899e-01 4.076945e-01
-5.845000e-01 5.300000e-02 -4.153332e-01 4.185159e-01 -5.850000e-01 5.350000e-02 -4.152809e-01 4.185815e-01
-5.840000e-01 5.250000e-02 -4.153876e-01 4.184496e-01 -5.845000e-01 5.300000e-02 -4.153332e-01 4.185159e-01
-1.000000e-03 5.250000e-02 -4.528899e-01 4.076945e-01 -5.000000e-04 5.300000e-02 -4.529311e-01 4.077464e-01
-5.000000e-04 5.300000e-02 -4.529311e-01 4.077464e-01 2.081668e-17 5.350000e-02 -4.529710e-01 4.077983e-01
-5.855000e-01 5.400000e-02 -4.152279e-01 4.186457e-01 -5.860000e-01 5.450000e-02 -4.151771e-01 4.187093e-01
-5.850000e-01 5.350000e-02 -4.152809e-01 4.185815e-01 -5.855000e-01 5.400000e-02 -4.152279e-01 4.186457e-01
2.081668e-17 5.350000e-02 -4.529710e-01 4.077983e-01 2.081668e-17 5.450000e-02 -4.533458e-01 4.082745e-01
-5.865000e-01 5.500000e-02 -4.151256e-01 4.187715e-01 -5.870000e-01 5.550000e-02 -4.150761e-01 4.188331e-01
-5.860000e-01 5.450000e-02 -4.151771e-01 4.187093e-01 -5.865000e-01 5.500000e-02 -4.151256e-01 4.187715e-01
2.081668e-17 5.450000e-02 -4.533458e-01 4.082745e-01 5.000000e-04 5.500000e-02 -4.533858e-01 4.083241e-01
5.000000e-04 5.500000e-02 -4.533858e-01 4.083241e-01 1.000000e-03 5.550000e-02 -4.534246e-01 4.083737e-01
-5.875000e-01 5.600000e-02 -4.150261e-01 4.188933e-01 -5.880000e-01 5.650000e-02 -4.149782e-01 4.189530e-01
-5.870000e-01 5.550000e-02 -4.150761e-01 4.188331e-01 -5.875000e-01 5.600000e-02 -4.150261e-01 4.188933e-01
1.000000e-03 5.550000e-02 -4.534246e-01 4.083737e-01 1.500000e-03 5.600000e-02 -4.534634e-01 4.084221e-01
1.500000e-03 5.600000e-02 -4.534634e-01 4.084221e-01 2.000000e-03 5.650000e-02 -4.535010e-01 4.084705e-01
-5.885000e-01 5.700000e-02 -4.149297e-01 4.190112e-01 -5.890000e-01 5.750000e-02 -4.148833e-01 4.190688e-01
-5.880000e-01 5.650000e-02 -4.149782e-01 4.189530e-01 -5.885000e-01 5.700000e-02 -4.149297e-01 4.190112e-01
2.000000e-03 5.650000e-02 -4.535010e-01 4.084705e-01 2.000000e-03 5.750000e-02 -4.538764e-01 4.089404e-01
-5.890000e-01 5.750000e-02 -4.148833e-01 4.190688e-01 -5.890000e-01 5.850000e-02 -4.143175e-01 4.197471e-01
2.000000e-03 5.750000e-02 -4.538764e-01 4.089404e-01 2.500000e-03 5.800000e-02 -4.539139e-01 4.089866e-01
2.500000e-03 5.800000e-02 -4.539139e-01 4.089866e-01 3.000000e-03 5.850000e-02 -4.539504e-01 4.090327e-01
-5.895000e-01 5.900000e-02 -4.142700e-01 4.198019e-01 -5.900000e-01 5.950000e-02 -4.142246e-01 4.198561e-01
-5.890000e-01 5.850000e-02 -4.143175e-01 4.197471e-01 -5.895000e-01 5.900000e-02 -4.142700e-01 4.198019e-01
3.000000e-03 5.850000e-02 -4.539504e-01 4.090327e-01 3.000000e-03 5.950000e-02 -4.543262e-01 4.094987e-01
-5.905000e-01 6.000000e-02 -4.141787e-01 4.199089e-01 -5.910000e-01 6.050000e-02 -4.141349e-01 4.199612e-01
-5.900000e-01 5.950000e-02 -4.142246e-01 4.198561e-01 -5.905000e-01 6.000000e-02 -4.141787e-01 4.199089e-01
3.000000e-03 5.950000e-02 -4.543262e-01 4.094987e-01 3.500000e-03 6.000000e-02 -4.543626e-01 4.095425e-01
3.500000e-03 6.000000e-02 -4.543626e-01 4.095425e-01 4.000000e-03 6.050000e-02 -4.543978e-01 4.095864e-01
-5.915000e-01 6.100000e-02 -4.140905e-01 4.200120e-01 -5.920000e-01 6.150000e-02 -4.140483e-01 4.200623e-01
-5.910000e-01 6.050000e-02 -4.141349e-01 4.199612e-01 -5.915000e-01 6.100000e-02 -4.140905e-01 4.200120e-01
4.000000e-03 6.050000e-02 -4.543978e-01 4.095864e-01 4.500000e-03 6.100000e-02 -4.544329e-01 4.096292e-01
4.500000e-03 6.100000e-02 -4.544329e-01 4.096292e-01 5.000000e-03 6.150000e-02 -4.544669e-01 4.096720e-01
-5.925000e-01 6.200000e-02 -4.140056e-01 4.201111e-01 -5.930000e-01 6.250000e-02 -4.139651e-01 4.201594e-01
-5.920000e-01 6.150000e-02 -4.140483e-01 4.200623e-01 -5.925000e-01 6.200000e-02 -4.140056e-01 4.201111e-01
5.000000e-03 6.150000e-02 -4.544669e-01 4.096720e-01 5.000000e-03 6.250000e-02 -4.548432e-01 4.101316e-01
-5.935000e-01 6.300000e-02 -4.139240e-01 4.202063e-01 -5.940000e-01 6.350000e-02 -4.138850e-01 4.202527e-01
-5.930000e-01 6.250000e-02 -4.139651e-01 4.201594e-01 -5.935000e-01 6.300000e-02 -4.139240e-01 4.202063e-01
5.000000e-03 6.250000e-02 -4.548432e-01 4.101316e-01 5.500000e-03 6.300000e-02 -4.548770e-01 4.101721e-01
5.500000e-03 6.300000e-02 -4.548770e-01 4.101721e-01 6.000000e-03 6.350000e-02 -4.549097e-01 4.102128e-01
-5.945000e-01 6.400000e-02 -4.138457e-01 4.202976e-01 -5.950000e-01 6.450000e-02 -4.138084e-01 4.203421e-01
-5.940000e-01 6.350000e-02 -4.138850e-01 4.202527e-01 -5.945000e-01 6.400000e-02 -4.138457e-01 4.202976e-01
6.000000e-03 6.350000e-02 -4.549097e-01 4.102128e-01 6.000000e-03 6.450000e-02 -4.552864e-01 4.106683e-01
-5.955000e-01 6.500000e-02 -4.137707e-01 4.203850e-01 -5.960000e-01 6.550000e-02 -4.137352e-01 4.204275e-01
-5.950000e-01 6.450000e-02 -4.138084e-01 4.203421e-01 -5.955000e-01 6.500000e-02 -4.137707e-01 4.203850e-01
6.000000e-03 6.450000e-02 -4.552864e-01 4.106683e-01 6.500000e-03 6.500000e-02 -4.553189e-01 4.107067e-01
6.500000e-03 6.500000e-02 -4.553189e-01 4.107067e-01 7.000000e-03 6.550000e-02 -4.553503e-01 4.107451e-01
-5.960000e-01 6.550000e-02 -4.137352e-01 4.204275e-01 -5.960000e-01 6.650000e-02 -4.131608e-01 4.210839e-01
7.000000e-03 6.550000e-02 -4.553503e-01 4.107451e-01 7.000000e-03 6.650000e-02 -4.557273e-01 4.111966e-01
-5.965000e-01 6.700000e-02 -4.131244e-01 4.211235e-01 -5.970000e-01 6.750000e-02 -4.130901e-01 4.211626e-01
-5.960000e-01 6.650000e-02 -4.131608e-01 4.210839e-01 -5.965000e-01 6.700000e-02 -4.131244e-01 4.211235e-01
7.000000e-03 6.650000e-02 -4.557273e-01 4.111966e-01 7.500000e-03 6.700000e-02 -4.557585e-01 4.112327e-01
7.500000e-03 6.700000e-02 -4.557585e-01 4.112327e-01 8.000000e-03 6.750000e-02 -4.557885e-01 4.112690e-01
-5.975000e-01 6.800000e-02 -4.130554e-01 4.212003e-01 -5.980000e-01 6.850000e-02 -4.130229e-01 4.212375e-01
-5.970000e-01 6.750000e-02 -4.130901e-01 4.211626e-01 -5.975000e-01 6.800000e-02 -4.130554e-01 4.212003e-01
8.000000e-03 6.750000e-02 -4.557885e-01 4.112690e-01 8.500000e-03 6.800000e-02 -4.558184e-01 4.113040e-01
8.500000e-03 6.800000e-02 -4.558184e-01 4.113040e-01 9.000000e-03 6.850000e-02 -4.558471e-01 4.113392e-01
-5.985000e-01 6.900000e-02 -4.129900e-01 4.212732e-01 -5.990000e-01 6.950000e-02 -4.129592e-01 4.213085e-01
-5.980000e-01 6.850000e-02 -4.130229e-01 4.212375e-01 -5.985000e-01 6.900000e-02 -4.129900e-01 4.212732e-01
9.000000e-03 6.850000e-02 -4.558471e-01 4.113392e-01 9.000000e-03 6.950000e-02 -4.562243e-01 4.117845e-01
-5.995000e-01 7.000000e-02 -4.129281e-01 4.213423e-01 -6.000000e-01 7.050000e-02 -4.128992e-01 4.213757e-01
-5.990000e-01 6.950000e-02 -4.129592e-01 4.213085e-01 -5.995000e-01 7.000000e-02 -4.129281e-01 4.213423e-01
9.000000e-03 6.950000e-02 -4.562243e-01 4.117845e-01 9.500000e-03 7.000000e-02 -4.562528e-01 4.118174e-01
9.500000e-03 7.000000e-02 -4.562528e-01 4.118174e-01 1.000000e-02 7.050000e-02 -4.562801e-01 4.118505e-01
-6.005000e-01 7.100000e-02 -4.128699e-01 4.214076e-01 -6.010000e-01 7.150000e-02 -4.128428e-01 4.214391e-01
-6.000000e-01 7.050000e-02 -4.128992e-01 4.213757e-01 -6.005000e-01 7.100000e-02 -4.128699e-01 4.214076e-01
1.000000e-02 7.050000e-02 -4.562801e-01 4.118505e-01 1.000000e-02 7.150000e-02 -4.566576e-01 4.122918e-01
-6.015000e-01 7.200000e-02 -4.128153e-01 4.214691e-01 -6.020000e-01 7.250000e-02 -4.127901e-01 4.214987e-01
-6.010000e-01 7.150000e-02 -4.128428e-01 4.214391e-01 -6.015000e-01 7.200000e-02 -4.128153e-01 4.214691e-01
1.000000e-02 7.150000e-02 -4.566576e-01 4.122918e-01 1.050000e-02 7.200000e-02 -4.566846e-01 4.123226e-01
1.050000e-02 7.200000e-02 -4.566846e-01 4.123226e-01 1.100000e-02 7.250000e-02 -4.567105e-01 4.123535e-01
-6.020000e-01 7.250000e-02 -4.127901e-01 4.214987e-01 -6.020000e-01 7.350000e-02 -4.122094e-01 4.221356e-01
1.100000e-02 7.250000e-02 -4.567105e-01 4.123535e-01 1.100000e-02 7.350000e-02 -4.570882e-01 4.127907e-01
-6.025000e-01 7.400000e-02 -4.121834e-01 4.221622e-01 -6.030000e-01 7.450000e-02 -4.121597e-01 4.221885e-01
-6.020000e-01 7.350000e-02 -4.122094e-01 4.221356e-01 -6.025000e-01 7.400000e-02 -4.121834e-01 4.221622e-01
1.100000e-02 7.350000e-02 -4.570882e-01 4.127907e-01 1.150000e-02 7.400000e-02 -4.571138e-01 4.128194e-01
1.150000e-02 7.400000e-02 -4.571138e-01 4.128194e-01 1.200000e-02 7.450000e-02 -4.571381e-01 4.128482e-01
-6.035000e-01 7.500000e-02 -4.121357e-01 4.222133e-01 -6.040000e-01 7.550000e-02 -4.121138e-01 4.222377e-01
-6.030000e-01 7.450000e-02 -4.121597e-01 4.221885e-01 -6.035000e-01 7.500000e-02 -4.121357e-01 4.222133e-01
1.200000e-02 7.450000e-02 -4.571381e-01 4.128482e-01 1.200000e-02 7.550000e-02 -4.575160e-01 4.132815e-01
-6.045000e-01 7.600000e-02 -4.120917e-01 4.222606e-01 -6.050000e-01 7.650000e-02 -4.120718e-01 4.222832e-01
-6.040000e-01 7.550000e-02 -4.121138e-01 4.222377e-01 -6.045000e-01 7.600000e-02 -4.120917e-01 4.222606e-01
1.200000e-02 7.550000e-02 -4.575160e-01 4.132815e-01 1.250000e-02 7.600000e-02 -4.575401e-01 4.133080e-01
1.250000e-02 7.600000e-02 -4.575401e-01 4.133080e-01 1.300000e-02 7.650000e-02 -4.575630e-01 4.133347e-01
-6.055000e-01 7.700000e-02 -4.120516e-01 4.223042e-01 -6.060000e-01 7.750000e-02 -4.120337e-01 4.223249e-01
-6.050000e-01 7.650000e-02 -4.120718e-01 4.222832e-01 -6.055000e-01 7.700000e-02 -4.120516e-01 4.223042e-01
1.300000e-02 7.650000e-02 -4.575630e-01 4.133347e-01 1.300000e-02 7.750000e-02 -4.579411e-01 4.137640e-01
-6.065000e-01 7.800000e-02 -4.120155e-01 4.223441e-01 -6.070000e-01 7.850000e-02 -4.119995e-01 4.223630e-01
-6.060000e-01 7.750000e-02 -4.120337e-01 4.223249e-01 -6.065000e-01 7.800000e-02 -4.120155e-01 4.223441e-01
1.300000e-02 7.750000e-02 -4.579411e-01 4.137640e-01 1.350000e-02 7.800000e-02 -4.579636e-01 4.137885e-01
1.350000e-02 7.800000e-02 -4.579636e-01 4.137885e-01 1.400000e-02 7.850000e-02 -4.579849e-01 4.138131e-01
-6.070000e-01 7.850000e-02 -4.119995e-01 4.223630e-01 -6.070000e-01 7.950000e-02 -4.114143e-01 4.229831e-01
1.400000e-02 7.850000e-02 -4.579849e-01 4.138131e-01 1.400000e-02 7.950000e-02 -4.583631e-01 4.142384e-01
-6.075000e-01 8.000000e-02 -4.113977e-01 4.229989e-01 -6.080000e-01 8.050000e-02 -4.113835e-01 4.230145e-01
-6.070000e-01 7.950000e-02 -4.114143e-01 4.229831e-01 -6.075000e-01 8.000000e-02 -4.113977e-01 4.229989e-01
1.400000e-02 7.950000e-02 -4.583631e-01 4.142384e-01 1.450000e-02 8.000000e-02 -4.583840e-01 4.142608e-01
1.450000e-02 8.000000e-02 -4.583840e-01 4.142608e-01 1.500000e-02 8.050000e-02 -4.584038e-01 4.142834e-01
-6.085000e-01 8.100000e-02 -4.113690e-01 4.230286e-01 -6.090000e-01 8.150000e-02 -4.113568e-01 4.230423e-01
-6.080000e-01 8.050000e-02 -4.113835e-01 4.230145e-01 -6.085000e-01 8.100000e-02 -4.113690e-01 4.230286e-01
1.500000e-02 8.050000e-02 -4.584038e-01 4.142834e-01 1.500000e-02 8.150000e-02 -4.587820e-01 4.147047e-01
-6.095000e-01 8.200000e-02 -4.113444e-01 4.230546e-01 -6.100000e-01 8.250000e-02 -4.113343e-01 4.230666e-01
-6.090000e-01 8.150000e-02 -4.113568e-01 4.230423e-01 -6.095000e-01 8.200000e-02 -4.113444e-01 4.230546e-01
1.500000e-02 8.150000e-02 -4.587820e-01 4.147047e-01 1.550000e-02 8.200000e-02 -4.588014e-01 4.147251e-01
1.550000e-02 8.200000e-02 -4.588014e-01 4.147251e-01 1.600000e-02 8.250000e-02 -4.588195e-01 4.147457e-01
-6.105000e-01 8.300000e-02 -4.113239e-01 4.230770e-01 -6.110000e-01 8.350000e-02 -4.113159e-01 4.230872e-01
-6.100000e-01 8.250000e-02 -4.113343e-01 4.230666e-01 -6.105000e-01 8.300000e-02 -4.113239e-01 4.230770e-01
1.600000e-02 8.250000e-02 -4.588195e-01 4.147457e-01 1.600000e-02 8.350000e-02 -4.591978e-01 4.151629e-01
-6.110000e-01 8.350000e-02 -4.113159e-01 4.230872e-01 -6.110000e-01 8.450000e-02 -4.107273e-01 4.236932e-01
1.600000e-02 8.350000e-02 -4.591978e-01 4.151629e-01 1.650000e-02 8.400000e-02 -4.592155e-01 4.151813e-01
1.650000e-02 8.400000e-02 -4.592155e-01 4.151813e-01 1.700000e-02 8.450000e-02 -4.592320e-01 4.151999e-01
-6.115000e-01 8.500000e-02 -4.107188e-01 4.237003e-01 -6.120000e-01 8.550000e-02 -4.107126e-01 4.237072e-01
-6.110000e-01 8.450000e-02 -4.107273e-01 4.236932e-01 -6.115000e-01 8.500000e-02 -4.107188e-01 4.237003e-01
1.700000e-02 8.450000e-02 -4.592320e-01 4.151999e-01 1.700000e-02 8.550000e-02 -4.596102e-01 4.156131e-01
-6.125000e-01 8.600000e-02 -4.107062e-01 4.237126e-01 -6.130000e-01 8.650000e-02 -4.107023e-01 4.237178e-01
-6.120000e-01 8.550000e-02 -4.107126e-01 4.237072e-01 -6.125000e-01 8.600000e-02 -4.107062e-01 4.237126e-01
1.700000e-02 8.550000e-02 -4.596102e-01 4.156131e-01 1.750000e-02 8.600000e-02 -4.596263e-01 4.156295e-01
1.750000e-02 8.600000e-02 -4.596263e-01 4.156295e-01 1.800000e-02 8.650000e-02 -4.596411e-01 4.156462e-01
-6.135000e-01 8.700000e-02 -4.106980e-01 4.237214e-01 -6.140000e-01 8.750000e-02 -4.106962e-01 4.237249e-01
-6.130000e-01 8.650000e-02 -4.107023e-01 4.237178e-01 -6.135000e-01 8.700000e-02 -4.106980e-01 4.237214e-01
1.800000e-02 8.650000e-02 -4.596411e-01 4.156462e-01 1.800000e-02 8.750000e-02 -4.600192e-01 4.160554e-01
-6.140000e-01 8.750000e-02 -4.106962e-01 4.237249e-01 -6.140000e-01 8.850000e-02 -4.101052e-01 4.243197e-01
1.800000e-02 8.750000e-02 -4.600192e-01 4.160554e-01 1.850000e-02 8.800000e-02 -4.600336e-01 4.160699e-01
1.850000e-02 8.800000e-02 -4.600336e-01 4.160699e-01 1.900000e-02 8.850000e-02 -4.600468e-01 4.160846e-01
-6.145000e-01 8.900000e-02 -4.101030e-01 4.243200e-01 -6.150000e-01 8.950000e-02 -4.101031e-01 4.243202e-01
-6.140000e-01 8.850000e-02 -4.101052e-01 4.243197e-01 -6.145000e-01 8.900000e-02 -4.101030e-01 4.243200e-01
1.900000e-02 8.850000e-02 -4.600468e-01 4.160846e-01 1.900000e-02 8.950000e-02 -4.604248e-01 4.164898e-01
-6.155000e-01 9.000000e-02 -4.101032e-01 4.243188e-01 -6.160000e-01 9.050000e-02 -4.101056e-01 4.243172e-01
-6.150000e-01 8.950000e-02 -4.101031e-01 4.243202e-01 -6.155000e-01 9.000000e-02 -4.101032e-01 4.243188e-01
1.900000e-02 8.950000e-02 -4.604248e-01 4.164898e-01 1.950000e-02 9.000000e-02 -4.604374e-01 4.165023e-01
1.950000e-02 9.000000e-02 -4.604374e-01 4.165023e-01 2.000000e-02 9.050000e-02 -4.604489e-01 4.165151e-01
-6.165000e-01 9.100000e-02 -4.101078e-01 4.243142e-01 -6.170000e-01 9.150000e-02 -4.101124e-01 4.243109e-01
-6.160000e-01 9.050000e-02 -4.101056e-01 4.243172e-01 -6.165000e-01 9.100000e-02 -4.101078e-01 4.243142e-01
2.000000e-02 9.050000e-02 -4.604489e-01 4.165151e-01 2.000000e-02 9.150000e-02 -4.608267e-01 4.169163e-01
-6.175000e-01 9.200000e-02 -4.101169e-01 4.243061e-01 -6.180000e-01 9.250000e-02 -4.101239e-01 4.243012e-01
-6.170000e-01 9.150000e-02 -4.101124e-01 4.243109e-01 -6.175000e-01 9.200000e-02 -4.101169e-01 4.243061e-01
2.000000e-02 9.150000e-02 -4.608267e-01 4.169163e-01 2.050000e-02 9.200000e-02 -4.608376e-01 4.169269e-01
2.050000e-02 9.200000e-02 -4.608376e-01 4.169269e-01 2.100000e-02 9.250000e-02 -4.608473e-01 4.169378e-01
-6.180000e-01 9.250000e-02 -4.101239e-01 4.243012e-01 -6.180000e-01 9.350000e-02 -4.095305e-01 4.248816e-01
2.100000e-02 9.250000e-02 -4.608473e-01 4.169378e-01 2.100000e-02 9.350000e-02 -4.612249e-01 4.173350e-01
-6.185000e-01 9.400000e-02 -4.095372e-01 4.248736e-01 -6.190000e-01 9.450000e-02 -4.095463e-01 4.248655e-01
-6.180000e-01 9.350000e-02 -4.095305e-01 4.248816e-01 -6.185000e-01 9.400000e-02 -4.095372e-01 4.248736e-01
2.100000e-02 9.350000e-02 -4.612249e-01 4.173350e-01 2.150000e-02 9.400000e-02 -4.612340e-01 4.173438e-01
2.150000e-02 9.400000e-02 -4.612340e-01 4.173438e-01 2.200000e-02 9.450000e-02 -4.612419e-01 4.173528e-01
-6.195000e-01 9.500000e-02 -4.095553e-01 4.248558e-01 -6.200000e-01 9.550000e-02 -4.095667e-01 4.248461e-01
-6.190000e-01 9.450000e-02 -4.095463e-01 4.248655e-01 -6.195000e-01 9.500000e-02 -4.095553e-01 4.248558e-01
2.200000e-02 9.450000e-02 -4.612419e-01 4.173528e-01 2.200000e-02 9.550000e-02 -4.616193e-01 4.177461e-01
-6.205000e-01 9.600000e-02 -4.095780e-01 4.248347e-01 -6.210000e-01 9.650000e-02 -4.095918e-01 4.248233e-01
-6.200000e-01 9.550000e-02 -4.095667e-01 4.248461e-01 -6.205000e-01 9.600000e-02 -4.095780e-01 4.248347e-01
2.200000e-02 9.550000e-02 -4.616193e-01 4.177461e-01 2.250000e-02 9.600000e-02 -4.616266e-01 4.177529e-01
2.250000e-02 9.600000e-02 -4.616266e-01 4.177529e-01 2.300000e-02 9.650000e-02 -4.616326e-01 4.177601e-01
-6.210000e-01 9.650000e-02 -4.095918e-01 4.248233e-01 -6.210000e-01 9.750000e-02 -4.089969e-01 4.253924e-01
2.300000e-02 9.650000e-02 -4.616326e-01 4.177601e-01 2.300000e-02 9.750000e-02 -4.620097e-01 4.181494e-01
-6.215000e-01 9.800000e-02 -4.090105e-01 4.253778e-01 -6.220000e-01 9.850000e-02 -4.090266e-01 4.253632e-01
-6.210000e-01 9.750000e-02 -4.089969e-01 4.253924e-01 -6.215000e-01 9.800000e-02 -4.090105e-01 4.253778e-01
2.300000e-02 9.750000e-02 -4.620097e-01 4.181494e-01 2.350000e-02 9.800000e-02 -4.620151e-01 4.181544e-01
2.350000e-02 9.800000e-02 -4.620151e-01 4.181544e-01 2.400000e-02 9.850000e-02 -4.620193e-01 4.181598e-01
-6.225000e-01 9.900000e-02 -4.090426e-01 4.253471e-01 -6.230000e-01 9.950000e-02 -4.090611e-01 4.253309e-01
-6.220000e-01 9.850000e-02 -4.090266e-01 4.253632e-01 -6.225000e-01 9.900000e-02 -4.090426e-01 4.253471e-01
2.400000e-02 9.850000e-02 -4.620193e-01 4.181598e-01 2.400000e-02 9.950000e-02 -4.623961e-01 4.185451e-01
-6.235000e-01 1.000000e-01 -4.090795e-01 4.253132e-01 -6.240000e-01 1.005000e-01 -4.091005e-01 4.252954e-01
-6.230000e-01 9.950000e-02 -4.090611e-01 4.253309e-01 -6.235000e-01 1.000000e-01 -4.090795e-01 4.253132e-01
2.400000e-02 9.950000e-02 -4.623961e-01 4.185451e-01 2.400000e-02 1.005000e-01 -4.627731e-01 4.189286e-01
-6.240000e-01 1.005000e-01 -4.091005e-01 4.252954e-01 -6.240000e-01 1.015000e-01 -4.085042e-01 4.258530e-01
2.400000e-02 1.005000e-01 -4.627731e-01 4.189286e-01 2.450000e-02 1.010000e-01 -4.627763e-01 4.189308e-01
2.450000e-02 1.010000e-01 -4.627763e-01 4.189308e-01 2.500000e-02 1.015000e-01 -4.627783e-01 4.189333e-01
-6.245000e-01 1.020000e-01 -4.085251e-01 4.258321e-01 -6.250000e-01 1.025000e-01 -4.085485e-01 4.258112e-01
-6.240000e-01 1.015000e-01 -4.085042e-01 4.258530e-01 -6.245000e-01 1.020000e-01 -4.085251e-01 4.258321e-01
2.500000e-02 1.015000e-01 -4.627783e-01 4.189333e-01 2.500000e-02 1.025000e-01 -4.631549e-01 4.193128e-01
-6.255000e-01 1.030000e-01 -4.085718e-01 4.257888e-01 -6.260000e-01 1.035000e-01 -4.085977e-01 4.257663e-01
-6.250000e-01 1.025000e-01 -4.085485e-01 4.258112e-01 -6.255000e-01 1.030000e-01 -4.085718e-01 4.257888e-01
2.500000e-02 1.025000e-01 -4.631549e-01 4.193128e-01 2.550000e-02 1.030000e-01 -4.631563e-01 4.193132e-01
2.550000e-02 1.030000e-01 -4.631563e-01 4.193132e-01 2.600000e-02 1.035000e-01 -4.631563e-01 4.193140e-01
-6.260000e-01 1.035000e-01 -4.085977e-01 4.257663e-01 -6.260000e-01 1.045000e-01 -4.080005e-01 4.263155e-01
2.600000e-02 1.035000e-01 -4.631563e-01 4.193140e-01 2.600000e-02 1.045000e-01 -4.635325e-01 4.196895e-01
-6.265000e-01 1.050000e-01 -4.080264e-01 4.262900e-01 -6.270000e-01 1.055000e-01 -4.080548e-01 4.262644e-01
-6.260000e-01 1.045000e-01 -4.080005e-01 4.263155e-01 -6.265000e-01 1.050000e-01 -4.080264e-01 4.262900e-01
2.600000e-02 1.045000e-01 -4.635325e-01 4.196895e-01 2.650000e-02 1.050000e-01 -4.635318e-01 4.196882e-01
2.650000e-02 1.050000e-01 -4.635318e-01 4.196882e-01 2.700000e-02 1.055000e-01 -4.635300e-01 4.196872e-01
-6.275000e-01 1.060000e-01 -4.080832e-01 4.262373e-01 -6.280000e-01 1.065000e-01 -4.081141e-01 4.262103e-01
-6.270000e-01 1.055000e-01 -4.080548e-01 4.262644e-01 -6.275000e-01 1.060000e-01 -4.080832e-01 4.262373e-01
2.700000e-02 1.055000e-01 -4.635300e-01 4.196872e-01 2.700000e-02 1.065000e-01 -4.639056e-01 4.200589e-01
-6.285000e-01 1.070000e-01 -4.081451e-01 4.261817e-01 -6.290000e-01 1.075000e-01 -4.081785e-01 4.261531e-01
-6.280000e-01 1.065000e-01 -4.081141e-01 4.262103e-01 -6.285000e-01 1.070000e-01 -4.081451e-01 4.261817e-01
2.700000e-02 1.065000e-01 -4.639056e-01 4.200589e-01 2.700000e-02 1.075000e-01 -4.642815e-01 4.204287e-01
-6.290000e-01 1.075000e-01 -4.081785e-01 4.261531e-01 -6.290000e-01 1.085000e-01 -4.075807e-01 4.266908e-01
2.700000e-02 1.075000e-01 -4.642815e-01 4.204287e-01 2.750000e-02 1.080000e-01 -4.642785e-01 4.204246e-01
2.750000e-02 1.080000e-01 -4.642785e-01 4.204246e-01 2.800000e-02 1.085000e-01 -4.642742e-01 4.204209e-01
-6.295000e-01 1.090000e-01 -4.076144e-01 4.266591e-01 -6.300000e-01 1.095000e-01 -4.076505e-01 4.266275e-01
-6.290000e-01 1.085000e-01 -4.075807e-01 4.266908e-01 -6.295000e-01 1.090000e-01 -4.076144e-01 4.266591e-01
2.800000e-02 1.085000e-01 -4.642742e-01 4.204209e-01 2.800000e-02 1.095000e-01 -4.646496e-01 4.207867e-01
-6.305000e-01 1.100000e-01 -4.076868e-01 4.265943e-01 -6.310000e-01 1.105000e-01 -4.077255e-01 4.265613e-01
-6.300000e-01 1.095000e-01 -4.076505e-01 4.266275e-01 -6.305000e-01 1.100000e-01 -4.076868e-01 4.265943e-01
2.800000e-02 1.095000e-01 -4.646496e-01 4.207867e-01 2.850000e-02 1.100000e-01 -4.646445e-01 4.207809e-01
2.850000e-02 1.100000e-01 -4.646445e-01 4.207809e-01 2.900000e-02 1.105000e-01 -4.646382e-01 4.207756e-01
-6.310000e-01 1.105000e-01 -4.077255e-01 4.265613e-01 -6.310000e-01 1.115000e-01 -4.071272e-01 4.270904e-01
2.900000e-02 1.105000e-01 -4.646382e-01 4.207756e-01 2.900000e-02 1.115000e-01 -4.650130e-01 4.211375e-01
-6.315000e-01 1.120000e-01 -4.071662e-01 4.270542e-01 -6.320000e-01 1.125000e-01 -4.072077e-01 4.270182e-01
-6.310000e-01 1.115000e-01 -4.071272e-01 4.270904e-01 -6.315000e-01 1.120000e-01 -4.071662e-01 4.270542e-01
2.900000e-02 1.115000e-01 -4.650130e-01 4.211375e-01 2.950000e-02 1.120000e-01 -4.650059e-01 4.211301e-01
2.950000e-02 1.120000e-01 -4.650059e-01 4.211301e-01 3.000000e-02 1.125000e-01 -4.649976e-01 4.211231e-01
-6.325000e-01 1.130000e-01 -4.072494e-01 4.269806e-01 -6.330000e-01 1.135000e-01 -4.072936e-01 4.269432e-01
-6.320000e-01 1.125000e-01 -4.072077e-01 4.270182e-01 -6.325000e-01 1.130000e-01 -4.072494e-01 4.269806e-01
3.000000e-02 1.125000e-01 -4.649976e-01 4.211231e-01 3.000000e-02 1.135000e-01 -4.653716e-01 4.214811e-01
-6.335000e-01 1.140000e-01 -4.073379e-01 4.269042e-01 -6.340000e-01 1.145000e-01 -4.073847e-01 4.268653e-01
-6.330000e-01 1.135000e-01 -4.072936e-01 4.269432e-01 -6.335000e-01 1.140000e-01 -4.073379e-01 4.269042e-01
3.000000e-02 1.135000e-01 -4.653716e-01 4.214811e-01 3.000000e-02 1.145000e-01 -4.657459e-01 4.218373e-01
-6.340000e-01 1.145000e-01 -4.073847e-01 4.268653e-01 -6.340000e-01 1.155000e-01 -4.067865e-01 4.273828e-01
3.000000e-02 1.145000e-01 -4.657459e-01 4.218373e-01 3.050000e-02 1.150000e-01 -4.657363e-01 4.218272e-01
3.050000e-02 1.150000e-01 -4.657363e-01 4.218272e-01 3.100000e-02 1.155000e-01 -4.657254e-01 4.218176e-01
-6.345000e-01 1.160000e-01 -4.068337e-01 4.273408e-01 -6.350000e-01 1.165000e-01 -4.068835e-01 4.272990e-01
-6.340000e-01 1.155000e-01 -4.067865e-01 4.273828e-01 -6.345000e-01 1.160000e-01 -4.068337e-01 4.273408e-01
3.100000e-02 1.155000e-01 -4.657254e-01 4.218176e-01 3.100000e-02 1.165000e-01 -4.660989e-01 4.221699e-01
-6.355000e-01 1.170000e-01 -4.069334e-01 4.272557e-01 -6.360000e-01 1.175000e-01 -4.069859e-01 4.272125e-01
-6.350000e-01 1.165000e-01 -4.068835e-01 4.272990e-01 -6.355000e-01 1.170000e-01 -4.069334e-01 4.272557e-01
3.100000e-02 1.165000e-01 -4.660989e-01 4.221699e-01 3.150000e-02 1.170000e-01 -4.660872e-01 4.221583e-01
3.150000e-02 1.170000e-01 -4.660872e-01 4.221583e-01 3.200000e-02 1.175000e-01 -4.660742e-01 4.221471e-01
-6.360000e-01 1.175000e-01 -4.069859e-01 4.272125e-01 -6.360000e-01 1.185000e-01 -4.063876e-01 4.277214e-01
3.200000e-02 1.175000e-01 -4.660742e-01 4.221471e-01 3.200000e-02 1.185000e-01 -4.664469e-01 4.224955e-01
-6.365000e-01 1.190000e-01 -4.064406e-01 4.276752e-01 -6.370000e-01 1.195000e-01 -4.064961e-01 4.276292e-01
-6.360000e-01 1.185000e-01 -4.063876e-01 4.277214e-01 -6.365000e-01 1.190000e-01 -4.064406e-01 4.276752e-01
3.200000e-02 1.185000e-01 -4.664469e-01 4.224955e-01 3.200000e-02 1.195000e-01 -4.668199e-01 4.228420e-01
-6.375000e-01 1.200000e-01 -4.065518e-01 4.275816e-01 -6.380000e-01 1.205000e-01 -4.066100e-01 4.275343e-01
-6.370000e-01 1.195000e-01 -4.064961e-01 4.276292e-01 -6.375000e-01 1.200000e-01 -4.065518e-01 4.275816e-01
3.200000e-02 1.195000e-01 -4.668199e-01 4.228420e-01 3.250000e-02 1.200000e-01 -4.668055e-01 4.228278e-01
3.250000e-02 1.200000e-01 -4.668055e-01 4.228278e-01 3.300000e-02 1.205000e-01 -4.667899e-01 4.228141e-01
-6.380000e-01 1.205000e-01 -4.066100e-01 4.275343e-01 -6.380000e-01 1.215000e-01 -4.060119e-01 4.280346e-01
3.300000e-02 1.205000e-01 -4.667899e-01 4.228141e-01 3.300000e-02 1.215000e-01 -4.671619e-01 4.231567e-01
-6.385000e-01 1.220000e-01 -4.060707e-01 4.279841e-01 -6.390000e-01 1.225000e-01 -4.061320e-01 4.279340e-01
-6.380000e-01 1.215000e-01 -4.060119e-01 4.280346e-01 -6.385000e-01 1.220000e-01 -4.060707e-01 4.279841e-01
3.300000e-02 1.215000e-01 -4.671619e-01 4.231567e-01 3.350000e-02 1.220000e-01 -4.671454e-01 4.231410e-01
3.350000e-02 1.220000e-01 -4.671454e-01 4.231410e-01 3.400000e-02 1.225000e-01 -4.671276e-01 4.231258e-01
-6.395000e-01 1.230000e-01 -4.061937e-01 4.278822e-01 -6.400000e-01 1.235000e-01 -4.062579e-01 4.278308e-01
-6.390000e-01 1.225000e-01 -4.061320e-01 4.279340e-01 -6.395000e-01 1.230000e-01 -4.061937e-01 4.278822e-01
3.400000e-02 1.225000e-01 -4.671276e-01 4.231258e-01 3.400000e-02 1.235000e-01 -4.674988e-01 4.234646e-01
-6.400000e-01 1.235000e-01 -4.062579e-01 4.278308e-01 -6.400000e-01 1.245000e-01 -4.056601e-01 4.283226e-01
3.400000e-02 1.235000e-01 -4.674988e-01 4.234646e-01 3.400000e-02 1.245000e-01 -4.678700e-01 4.238016e-01
-6.405000e-01 1.250000e-01 -4.057249e-01 4.282680e-01 -6.410000e-01 1.255000e-01 -4.057923e-01 4.282138e-01
-6.400000e-01 1.245000e-01 -4.056601e-01 4.283226e-01 -6.405000e-01 1.250000e-01 -4.057249e-01 4.282680e-01
3.400000e-02 1.245000e-01 -4.678700e-01 4.238016e-01 3.450000e-02 1.250000e-01 -4.678508e-01 4.237834e-01
3.450000e-02 1.250000e-01 -4.678508e-01 4.237834e-01 3.500000e-02 1.255000e-01 -4.678303e-01 4.237658e-01
-6.415000e-01 1.260000e-01 -4.058600e-01 4.281580e-01 -6.420000e-01 1.265000e-01 -4.059302e-01 4.281025e-01
-6.410000e-01 1.255000e-01 -4.057923e-01 4.282138e-01 -6.415000e-01 1.260000e-01 -4.058600e-01 4.281580e-01
3.500000e-02 1.255000e-01 -4.678303e-01 4.237658e-01 3.500000e-02 1.265000e-01 -4.682006e-01 4.240988e-01
-6.420000e-01 1.265000e-01 -4.059302e-01 4.281025e-01 -6.420000e-01 1.275000e-01 -4.053330e-01 4.285857e-01
3.500000e-02 1.265000e-01 -4.682006e-01 4.240988e-01 3.500000e-02 1.275000e-01 -4.685709e-01 4.244300e-01
-6.425000e-01 1.280000e-01 -4.054040e-01 4.285272e-01 -6.430000e-01 1.285000e-01 -4.054775e-01 4.284690e-01
-6.420000e-01 1.275000e-01 -4.053330e-01 4.285857e-01 -6.425000e-01 1.280000e-01 -4.054040e-01 4.285272e-01
3.500000e-02 1.275000e-01 -4.685709e-01 4.244300e-01 3.550000e-02 1.280000e-01 -4.685489e-01 4.244095e-01
3.550000e-02 1.280000e-01 -4.685489e-01 4.244095e-01 3.600000e-02 1.285000e-01 -4.685256e-01 4.243894e-01
-6.435000e-01 1.290000e-01 -4.055513e-01 4.284092e-01 -6.440000e-01 1.295000e-01 -4.056278e-01 4.283499e-01
-6.430000e-01 1.285000e-01 -4.054775e-01 4.284690e-01 -6.435000e-01 1.290000e-01 -4.055513e-01 4.284092e-01
3.600000e-02 1.285000e-01 -4.685256e-01 4.243894e-01 3.600000e-02 1.295000e-01 -4.688950e-01 4.247168e-01
-6.440000e-01 1.295000e-01 -4.056278e-01 4.283499e-01 -6.440000e-01 1.305000e-01 -4.050314e-01 4.288244e-01
3.600000e-02 1.295000e-01 -4.688950e-01 4.247168e-01 3.600000e-02 1.305000e-01 -4.692643e-01 4.250423e-01
-6.445000e-01 1.310000e-01 -4.051086e-01 4.287620e-01 -6.450000e-01 1.315000e-01 -4.051884e-01 4.287000e-01
-6.440000e-01 1.305000e-01 -4.050314e-01 4.288244e-01 -6.445000e-01 1.310000e-01 -4.051086e-01 4.287620e-01
3.600000e-02 1.305000e-01 -4.692643e-01 4.250423e-01 3.650000e-02 1.310000e-01 -4.692395e-01 4.250194e-01
3.650000e-02 1.310000e-01 -4.692395e-01 4.250194e-01 3.700000e-02 1.315000e-01 -4.692133e-01 4.249971e-01
-6.455000e-01 1.320000e-01 -4.052686e-01 4.286363e-01 -6.460000e-01 1.325000e-01 -4.053514e-01 4.285732e-01
-6.450000e-01 1.315000e-01 -4.051884e-01 4.287000e-01 -6.455000e-01 1.320000e-01 -4.052686e-01 4.286363e-01
3.700000e-02 1.315000e-01 -4.692133e-01 4.249971e-01 3.700000e-02 1.325000e-01 -4.695817e-01 4.253188e-01
-6.460000e-01 1.325000e-01 -4.053514e-01 4.285732e-01 -6.460000e-01 1.335000e-01 -4.047560e-01 4.290392e-01
3.700000e-02 1.325000e-01 -4.695817e-01 4.253188e-01 3.750000e-02 1.330000e-01 -4.695544e-01 4.252945e-01
3.750000e-02 1.330000e-01 -4.695544e-01 4.252945e-01 3.800000e-02 1.335000e-01 -4.695259e-01 4.252708e-01
-6.465000e-01 1.340000e-01 -4.048396e-01 4.289730e-01 -6.470000e-01 1.345000e-01 -4.049259e-01 4.289072e-01
-6.460000e-01 1.335000e-01 -4.047560e-01 4.290392e-01 -6.465000e-01 1.340000e-01 -4.048396e-01 4.289730e-01
3.800000e-02 1.335000e-01 -4.695259e-01 4.252708e-01 3.800000e-02 1.345000e-01 -4.698931e-01 4.255888e-01
-6.470000e-01 1.345000e-01 -4.049259e-01 4.289072e-01 -6.470000e-01 1.355000e-01 -4.043307e-01 4.293676e-01
3.800000e-02 1.345000e-01 -4.698931e-01 4.255888e-01 3.800000e-02 1.355000e-01 -4.702603e-01 4.259048e-01
-6.475000e-01 1.360000e-01 -4.044179e-01 4.292988e-01 -6.480000e-01 1.365000e-01 -4.045076e-01 4.292304e-01
-6.470000e-01 1.355000e-01 -4.043307e-01 4.293676e-01 -6.475000e-01 1.360000e-01 -4.044179e-01 4.292988e-01
3.800000e-02 1.355000e-01 -4.702603e-01 4.259048e-01 3.850000e-02 1.360000e-01 -4.702301e-01 4.258782e-01
3.850000e-02 1.360000e-01 -4.702301e-01 4.258782e-01 3.900000e-02 1.365000e-01 -4.701987e-01 4.258524e-01
-6.485000e-01 1.370000e-01 -4.045978e-01 4.291605e-01 -6.490000e-01 1.375000e-01 -4.046905e-01 4.290910e-01
-6.480000e-01 1.365000e-01 -4.045076e-01 4.292304e-01 -6.485000e-01 1.370000e-01 -4.045978e-01 4.291605e-01
3.900000e-02 1.365000e-01 -4.701987e-01 4.258524e-01 3.900000e-02 1.375000e-01 -4.705646e-01 4.261646e-01
-6.490000e-01 1.375000e-01 -4.046905e-01 4.290910e-01 -6.490000e-01 1.385000e-01 -4.040968e-01 4.295429e-01
3.900000e-02 1.375000e-01 -4.705646e-01 4.261646e-01 3.900000e-02 1.385000e-01 -4.709306e-01 4.264750e-01
-6.495000e-01 1.390000e-01 -4.041906e-01 4.294704e-01 -6.500000e-01 1.395000e-01 -4.042869e-01 4.293985e-01
-6.490000e-01 1.385000e-01 -4.040968e-01 4.295429e-01 -6.495000e-01 1.390000e-01 -4.041906e-01 4.294704e-01
3.900000e-02 1.385000e-01 -4.709306e-01 4.264750e-01 3.950000e-02 1.390000e-01 -4.708974e-01 4.264463e-01
3.950000e-02 1.390000e-01 -4.708974e-01 4.264463e-01 4.000000e-02 1.395000e-01 -4.708630e-01 4.264182e-01
-6.505000e-01 1.400000e-01 -4.043838e-01 4.293250e-01 -6.510000e-01 1.405000e-01 -4.044833e-01 4.292521e-01
-6.500000e-01 1.395000e-01 -4.042869e-01 4.293985e-01 -6.505000e-01 1.400000e-01 -4.043838e-01 4.293250e-01
4.000000e-02 1.395000e-01 -4.708630e-01 4.264182e-01 4.000000e-02 1.405000e-01 -4.712277e-01 4.267248e-01
-6.510000e-01 1.405000e-01 -4.044833e-01 4.292521e-01 -6.510000e-01 1.415000e-01 -4.038911e-01 4.296954e-01
4.000000e-02 1.405000e-01 -4.712277e-01 4.267248e-01 4.000000e-02 1.415000e-01 -4.715923e-01 4.270296e-01
-6.515000e-01 1.420000e-01 -4.039916e-01 4.296194e-01 -6.520000e-01 1.425000e-01 -4.040947e-01 4.295440e-01
-6.510000e-01 1.415000e-01 -4.038911e-01 4.296954e-01 -6.515000e-01 1.420000e-01 -4.039916e-01 4.296194e-01
4.000000e-02 1.415000e-01 -4.715923e-01 4.270296e-01 4.050000e-02 1.420000e-01 -4.715561e-01 4.269988e-01
4.050000e-02 1.420000e-01 -4.715561e-01 4.269988e-01 4.100000e-02 1.425000e-01 -4.715186e-01 4.269686e-01
-6.520000e-01 1.425000e-01 -4.040947e-01 4.295440e-01 -6.520000e-01 1.435000e-01 -4.035032e-01 4.299818e-01
4.100000e-02 1.425000e-01 -4.715186e-01 4.269686e-01 4.100000e-02 1.435000e-01 -4.718819e-01 4.272696e-01
-6.525000e-01 1.440000e-01 -4.036075e-01 4.299034e-01 -6.530000e-01 1.445000e-01 -4.037143e-01 4.298255e-01
-6.520000e-01 1.435000e-01 -4.035032e-01 4.299818e-01 -6.525000e-01 1.440000e-01 -4.036075e-01 4.299034e-01
4.100000e-02 1.435000e-01 -4.718819e-01 4.272696e-01 4.100000e-02 1.445000e-01 -4.722451e-01 4.275688e-01
-6.535000e-01 1.450000e-01 -4.038217e-01 4.297462e-01 -6.540000e-01 1.455000e-01 -4.039318e-01 4.296675e-01
-6.530000e-01 1.445000e-01 -4.037143e-01 4.298255e-01 -6.535000e-01 1.450000e-01 -4.038217e-01 4.297462e-01
4.100000e-02 1.445000e-01 -4.722451e-01 4.275688e-01 4.150000e-02 1.450000e-01 -4.722057e-01 4.275359e-01
4.150000e-02 1.450000e-01 -4.722057e-01 4.275359e-01 4.200000e-02 1.455000e-01 -4.721652e-01 4.275036e-01
-6.540000e-01 1.455000e-01 -4.039318e-01 4.296675e-01 -6.540000e-01 1.465000e-01 -4.033421e-01 4.300967e-01
4.200000e-02 1.455000e-01 -4.721652e-01 4.275036e-01 4.200000e-02 1.465000e-01 -4.725270e-01 4.277991e-01
-6.545000e-01 1.470000e-01 -4.034533e-01 4.300150e-01 -6.550000e-01 1.475000e-01 -4.035672e-01 4.299339e-01
-6.540000e-01 1.465000e-01 -4.033421e-01 4.300967e-01 -6.545000e-01 1.470000e-01 -4.034533e-01 4.300150e-01
4.200000e-02 1.465000e-01 -4.725270e-01 4.277991e-01 4.200000e-02 1.475000e-01 -4.728886e-01 4.280927e-01
-6.550000e-01 1.475000e-01 -4.035672e-01 4.299339e-01 -6.550000e-01 1.485000e-01 -4.029783e-01 4.303576e-01
4.200000e-02 1.475000e-01 -4.728886e-01 4.280927e-01 4.250000e-02 1.480000e-01 -4.728462e-01 4.280577e-01
4.250000e-02 1.480000e-01 -4.728462e-01 4.280577e-01 4.300000e-02 1.485000e-01 -4.728024e-01 4.280235e-01
-6.555000e-01 1.490000e-01 -4.030935e-01 4.302735e-01 -6.560000e-01 1.495000e-01 -4.032112e-01 4.301901e-01
-6.550000e-01 1.485000e-01 -4.029783e-01 4.303576e-01 -6.555000e-01 1.490000e-01 -4.030935e-01 4.302735e-01
4.300000e-02 1.485000e-01 -4.728024e-01 4.280235e-01 4.300000e-02 1.495000e-01 -4.731626e-01 4.283134e-01
-6.565000e-01 1.500000e-01 -4.033295e-01 4.301052e-01 -6.570000e-01 1.505000e-01 -4.034504e-01 4.300210e-01
-6.560000e-01 1.495000e-01 -4.032112e-01 4.301901e-01 -6.565000e-01 1.500000e-01 -4.033295e-01 4.301052e-01
4.300000e-02 1.495000e-01 -4.731626e-01 4.283134e-01 4.300000e-02 1.505000e-01 -4.735226e-01 4.286014e-01
-6.570000e-01 1.505000e-01 -4.034504e-01 4.300210e-01 -6.570000e-01 1.515000e-01 -4.028639e-01 4.304362e-01
4.300000e-02 1.505000e-01 -4.735226e-01 4.286014e-01 4.300000e-02 1.515000e-01 -4.738825e-01 4.288876e-01
-6.575000e-01 1.520000e-01 -4.029861e-01 4.303490e-01 -6.580000e-01 1.525000e-01 -4.031110e-01 4.302625e-01
-6.570000e-01 1.515000e-01 -4.028639e-01 4.304362e-01 -6.575000e-01 1.520000e-01 -4.029861e-01 4.303490e-01
4.300000e-02 1.515000e-01 -4.738825e-01 4.288876e-01 4.350000e-02 1.520000e-01 -4.738361e-01 4.288498e-01
4.350000e-02 1.520000e-01 -4.738361e-01 4.288498e-01 4.400000e-02 1.525000e-01 -4.737885e-01 4.288128e-01
-6.580000e-01 1.525000e-01 -4.031110e-01 4.302625e-01 -6.580000e-01 1.535000e-01 -4.025255e-01 4.306722e-01
4.400000e-02 1.525000e-01 -4.737885e-01 4.288128e-01 4.400000e-02 1.535000e-01 -4.741469e-01 4.290953e-01
-6.585000e-01 1.540000e-01 -4.026518e-01 4.305828e-01 -6.590000e-01 1.545000e-01 -4.027807e-01 4.304941e-01
-6.580000e-01 1.535000e-01 -4.025255e-01 4.306722e-01 -6.585000e-01 1.540000e-01 -4.026518e-01 4.305828e-01
4.400000e-02 1.535000e-01 -4.741469e-01 4.290953e-01 4.400000e-02 1.545000e-01 -4.745051e-01 4.293759e-01
-6.590000e-01 1.545000e-01 -4.027807e-01 4.304941e-01 -6.590000e-01 1.555000e-01 -4.021963e-01 4.308983e-01
4.400000e-02 1.545000e-01 -4.745051e-01 4.293759e-01 4.450000e-02 1.550000e-01 -4.744553e-01 4.293363e-01
4.450000e-02 1.550000e-01 -4.744553e-01 4.293363e-01 4.500000e-02 1.555000e-01 -4.744045e-01 4.292974e-01
-6.595000e-01 1.560000e-01 -4.023266e-01 4.308067e-01 -6.600000e-01 1.565000e-01 -4.024595e-01 4.307158e-01
-6.590000e-01 1.555000e-01 -4.021963e-01 4.308983e-01 -6.595000e-01 1.560000e-01 -4.023266e-01 4.308067e-01
4.500000e-02 1.555000e-01 -4.744045e-01 4.292974e-01 4.500000e-02 1.565000e-01 -4.747610e-01 4.295744e-01
-6.605000e-01 1.570000e-01 -4.025932e-01 4.306236e-01 -6.610000e-01 1.575000e-01 -4.027294e-01 4.305321e-01
-6.600000e-01 1.565000e-01 -4.024595e-01 4.307158e-01 -6.605000e-01 1.570000e-01 -4.025932e-01 4.306236e-01
4.500000e-02 1.565000e-01 -4.747610e-01 4.295744e-01 4.500000e-02 1.575000e-01 -4.751173e-01 4.298495e-01
-6.610000e-01 1.575000e-01 -4.027294e-01 4.305321e-01 -6.610000e-01 1.585000e-01 -4.021478e-01 4.309278e-01
4.500000e-02 1.575000e-01 -4.751173e-01 4.298495e-01 4.550000e-02 1.580000e-01 -4.750643e-01 4.298081e-01
4.550000e-02 1.580000e-01 -4.750643e-01 4.298081e-01 4.600000e-02 1.585000e-01 -4.750100e-01 4.297674e-01
-6.615000e-01 1.590000e-01 -4.022856e-01 4.308334e-01 -6.620000e-01 1.595000e-01 -4.024260e-01 4.307398e-01
-6.610000e-01 1.585000e-01 -4.021478e-01 4.309278e-01 -6.615000e-01 1.590000e-01 -4.022856e-01 4.308334e-01
4.600000e-02 1.585000e-01 -4.750100e-01 4.297674e-01 4.600000e-02 1.595000e-01 -4.753647e-01 4.300390e-01
-6.620000e-01 1.595000e-01 -4.024260e-01 4.307398e-01 -6.620000e-01 1.605000e-01 -4.018457e-01 4.311300e-01
4.600000e-02 1.595000e-01 -4.753647e-01 4.300390e-01 4.600000e-02 1.605000e-01 -4.757190e-01 4.303087e-01
-6.625000e-01 1.610000e-01 -4.019877e-01 4.310336e-01 -6.630000e-01 1.615000e-01 -4.021322e-01 4.309379e-01
-6.620000e-01 1.605000e-01 -4.018457e-01 4.311300e-01 -6.625000e-01 1.610000e-01 -4.019877e-01 4.310336e-01
4.600000e-02 1.605000e-01 -4.757190e-01 4.303087e-01 4.600000e-02 1.615000e-01 -4.760731e-01 4.305765e-01
-6.630000e-01 1.615000e-01 -4.021322e-01 4.309379e-01 -6.630000e-01 1.625000e-01 -4.015533e-01 4.313227e-01
4.600000e-02 1.615000e-01 -4.760731e-01 4.305765e-01 4.650000e-02 1.620000e-01 -4.760160e-01 4.305325e-01
4.650000e-02 1.620000e-01 -4.760160e-01 4.305325e-01 4.700000e-02 1.625000e-01 -4.759576e-01 4.304893e-01
-6.635000e-01 1.630000e-01 -4.016996e-01 4.312242e-01 -6.640000e-01 1.635000e-01 -4.018483e-01 4.311266e-01
-6.630000e-01 1.625000e-01 -4.015533e-01 4.313227e-01 -6.635000e-01 1.630000e-01 -4.016996e-01 4.312242e-01
4.700000e-02 1.625000e-01 -4.759576e-01 4.304893e-01 4.700000e-02 1.635000e-01 -4.763099e-01 4.307536e-01
-6.645000e-01 1.640000e-01 -4.019979e-01 4.310275e-01 -6.650000e-01 1.645000e-01 -4.021501e-01 4.309294e-01
-6.640000e-01 1.635000e-01 -4.018483e-01 4.311266e-01 -6.645000e-01 1.640000e-01 -4.019979e-01 4.310275e-01
4.700000e-02 1.635000e-01 -4.763099e-01 4.307536e-01 4.700000e-02 1.645000e-01 -4.766621e-01 4.310160e-01
-6.650000e-01 1.645000e-01 -4.021501e-01 4.309294e-01 -6.650000e-01 1.655000e-01 -4.015745e-01 4.313058e-01
4.700000e-02 1.645000e-01 -4.766621e-01 4.310160e-01 4.750000e-02 1.650000e-01 -4.766014e-01 4.309703e-01
4.750000e-02 1.650000e-01 -4.766014e-01 4.309703e-01 4.800000e-02 1.655000e-01 -4.765396e-01 4.309254e-01
-6.655000e-01 1.660000e-01 -4.017284e-01 4.312048e-01 -6.660000e-01 1.665000e-01 -4.018849e-01 4.311047e-01
-6.650000e-01 1.655000e-01 -4.015745e-01 4.313058e-01 -6.655000e-01 1.660000e-01 -4.017284e-01 4.312048e-01
4.800000e-02 1.655000e-01 -4.765396e-01 4.309254e-01 4.800000e-02 1.665000e-01 -4.768898e-01 4.311844e-01
-6.660000e-01 1.665000e-01 -4.018849e-01 4.311047e-01 -6.660000e-01 1.675000e-01 -4.013109e-01 4.314757e-01
4.800000e-02 1.665000e-01 -4.768898e-01 4.311844e-01 4.800000e-02 1.675000e-01 -4.772397e-01 4.314414e-01
-6.665000e-01 1.680000e-01 -4.014692e-01 4.313729e-01 -6.670000e-01 1.685000e-01 -4.016300e-01 4.312710e-01
-6.660000e-01 1.675000e-01 -4.013109e-01 4.314757e-01 -6.665000e-01 1.680000e-01 -4.014692e-01 4.313729e-01
4.800000e-02 1.675000e-01 -4.772397e-01 4.314414e-01 4.800000e-02 1.685000e-01 -4.775893e-01 4.316966e-01
-6.670000e-01 1.685000e-01 -4.016300e-01 4.312710e-01 -6.670000e-01 1.695000e-01 -4.010578e-01 4.316365e-01
4.800000e-02 1.685000e-01 -4.775893e-01 4.316966e-01 4.850000e-02 1.690000e-01 -4.775244e-01 4.316486e-01
4.850000e-02 1.690000e-01 -4.775244e-01 4.316486e-01 4.900000e-02 1.695000e-01 -4.774583e-01 4.316014e-01
-6.675000e-01 1.700000e-01 -4.012205e-01 4.315318e-01 -6.680000e-01 1.705000e-01 -4.013857e-01 4.314281e-01
-6.670000e-01 1.695000e-01 -4.010578e-01 4.316365e-01 -6.675000e-01 1.700000e-01 -4.012205e-01 4.315318e-01
4.900000e-02 1.695000e-01 -4.774583e-01 4.316014e-01 4.900000e-02 1.705000e-01 -4.778059e-01 4.318530e-01
-6.680000e-01 1.705000e-01 -4.013857e-01 4.314281e-01 -6.680000e-01 1.715000e-01 -4.008153e-01 4.317882e-01
4.900000e-02 1.705000e-01 -4.778059e-01 4.318530e-01 4.900000e-02 1.715000e-01 -4.781533e-01 4.321029e-01
-6.685000e-01 1.720000e-01 -4.009824e-01 4.316817e-01 -6.690000e-01 1.725000e-01 -4.011520e-01 4.315762e-01
-6.680000e-01 1.715000e-01 -4.008153e-01 4.317882e-01 -6.685000e-01 1.720000e-01 -4.009824e-01 4.316817e-01
4.900000e-02 1.715000e-01 -4.781533e-01 4.321029e-01 4.900000e-02 1.725000e-01 -4.785003e-01 4.323508e-01
-6.690000e-01 1.725000e-01 -4.011520e-01 4.315762e-01 -6.690000e-01 1.735000e-01 -4.005835e-01 4.319310e-01
4.900000e-02 1.725000e-01 -4.785003e-01 4.323508e-01 4.950000e-02 1.730000e-01 -4.784309e-01 4.323006e-01
4.950000e-02 1.730000e-01 -4.784309e-01 4.323006e-01 5.000000e-02 1.735000e-01 -4.783604e-01 4.322511e-01
-6.695000e-01 1.740000e-01 -4.007551e-01 4.318228e-01 -6.700000e-01 1.745000e-01 -4.009293e-01 4.317155e-01
-6.690000e-01 1.735000e-01 -4.005835e-01 4.319310e-01 -6.695000e-01 1.740000e-01 -4.007551e-01 4.318228e-01
5.000000e-02 1.735000e-01 -4.783604e-01 4.322511e-01 5.000000e-02 1.745000e-01 -4.787054e-01 4.324957e-01
-6.700000e-01 1.745000e-01 -4.009293e-01 4.317155e-01 -6.700000e-01 1.755000e-01 -4.003627e-01 4.320649e-01
5.000000e-02 1.745000e-01 -4.787054e-01 4.324957e-01 5.000000e-02 1.755000e-01 -4.790499e-01 4.327383e-01
-6.705000e-01 1.760000e-01 -4.005389e-01 4.319550e-01 -6.710000e-01 1.765000e-01 -4.007176e-01 4.318461e-01
-6.700000e-01 1.755000e-01 -4.003627e-01 4.320649e-01 -6.705000e-01 1.760000e-01 -4.005389e-01 4.319550e-01
5.000000e-02 1.755000e-01 -4.790499e-01 4.327383e-01 5.000000e-02 1.765000e-01 -4.793940e-01 4.329791e-01
-6.710000e-01 1.765000e-01 -4.007176e-01 4.318461e-01 -6.710000e-01 1.775000e-01 -4.001531e-01 4.321901e-01
5.000000e-02 1.765000e-01 -4.793940e-01 4.329791e-01 5.050000e-02 1.770000e-01 -4.793202e-01 4.329267e-01
5.050000e-02 1.770000e-01 -4.793202e-01 4.329267e-01 5.100000e-02 1.775000e-01 -4.792452e-01 4.328751e-01
-6.715000e-01 1.780000e-01 -4.003339e-01 4.320786e-01 -6.720000e-01 1.785000e-01 -4.005171e-01 4.319681e-01
-6.710000e-01 1.775000e-01 -4.001531e-01 4.321901e-01 -6.715000e-01 1.780000e-01 -4.003339e-01 4.320786e-01
5.100000e-02 1.775000e-01 -4.792452e-01 4.328751e-01 5.100000e-02 1.785000e-01 -4.795873e-01 4.331126e-01
-6.725000e-01 1.790000e-01 -4.007013e-01 4.318563e-01 -6.730000e-01 1.795000e-01 -4.008881e-01 4.317455e-01
-6.720000e-01 1.785000e-01 -4.005171e-01 4.319681e-01 -6.725000e-01 1.790000e-01 -4.007013e-01 4.318563e-01
5.100000e-02 1.785000e-01 -4.795873e-01 4.331126e-01 5.100000e-02 1.795000e-01 -4.799290e-01 4.333482e-01
-6.730000e-01 1.795000e-01 -4.008881e-01 4.317455e-01 -6.730000e-01 1.805000e-01 -4.003280e-01 4.320816e-01
5.100000e-02 1.795000e-01 -4.799290e-01 4.333482e-01 5.100000e-02 1.805000e-01 -4.802701e-01 4.335819e-01
-6.735000e-01 1.810000e-01 -4.005169e-01 4.319683e-01 -6.740000e-01 1.815000e-01 -4.007083e-01 4.318560e-01
-6.730000e-01 1.805000e-01 -4.003280e-01 4.320816e-01 -6.735000e-01 1.810000e-01 -4.005169e-01 4.319683e-01
5.100000e-02 1.805000e-01 -4.802701e-01 4.335819e-01 5.150000e-02 1.810000e-01 -4.801917e-01 4.335275e-01
5.150000e-02 1.810000e-01 -4.801917e-01 4.335275e-01 5.200000e-02 1.815000e-01 -4.801122e-01 4.334739e-01
-6.740000e-01 1.815000e-01 -4.007083e-01 4.318560e-01 -6.740000e-01 1.825000e-01 -4.001505e-01 4.321868e-01
5.200000e-02 1.815000e-01 -4.801122e-01 4.334739e-01 5.200000e-02 1.825000e-01 -4.804512e-01 4.337044e-01
-6.745000e-01 1.830000e-01 -4.003441e-01 4.320720e-01 -6.750000e-01 1.835000e-01 -4.005402e-01 4.319583e-01
-6.740000e-01 1.825000e-01 -4.001505e-01 4.321868e-01 -6.745000e-01 1.830000e-01 -4.003441e-01 4.320720e-01
5.200000e-02 1.825000e-01 -4.804512e-01 4.337044e-01 5.200000e-02 1.835000e-01 -4.807897e-01 4.339330e-01
-6.750000e-01 1.835000e-01 -4.005402e-01 4.319583e-01 -6.750000e-01 1.845000e-01 -3.999848e-01 4.322838e-01
5.200000e-02 1.835000e-01 -4.807897e-01 4.339330e-01 5.200000e-02 1.845000e-01 -4.811278e-01 4.341597e-01
-6.755000e-01 1.850000e-01 -4.001831e-01 4.321675e-01 -6.760000e-01 1.855000e-01 -4.003839e-01 4.320524e-01
-6.750000e-01 1.845000e-01 -3.999848e-01 4.322838e-01 -6.755000e-01 1.850000e-01 -4.001831e-01 4.321675e-01
5.200000e-02 1.845000e-01 -4.811278e-01 4.341597e-01 5.250000e-02 1.850000e-01 -4.810448e-01 4.341033e-01
5.250000e-02 1.850000e-01 -4.810448e-01 4.341033e-01 5.300000e-02 1.855000e-01 -4.809606e-01 4.340478e-01
-6.760000e-01 1.855000e-01 -4.003839e-01 4.320524e-01 -6.760000e-01 1.865000e-01 -3.998309e-01 4.323727e-01
5.300000e-02 1.855000e-01 -4.809606e-01 4.340478e-01 5.300000e-02 1.865000e-01 -4.812964e-01 4.342713e-01
-6.765000e-01 1.870000e-01 -4.000340e-01 4.322551e-01 -6.770000e-01 1.875000e-01 -4.002396e-01 4.321387e-01
-6.760000e-01 1.865000e-01 -3.998309e-01 4.323727e-01 -6.765000e-01 1.870000e-01 -4.000340e-01 4.322551e-01
5.300000e-02 1.865000e-01 -4.812964e-01 4.342713e-01 5.300000e-02 1.875000e-01 -4.816316e-01 4.344929e-01
-6.770000e-01 1.875000e-01 -4.002396e-01 4.321387e-01 -6.770000e-01 1.885000e-01 -3.996892e-01 4.324537e-01
5.300000e-02 1.875000e-01 -4.816316e-01 4.344929e-01 5.300000e-02 1.885000e-01 -4.819663e-01 4.347127e-01
-6.775000e-01 1.890000e-01 -3.998971e-01 4.323348e-01 -6.780000e-01 1.895000e-01 -4.001074e-01 4.322171e-01
-6.770000e-01 1.885000e-01 -3.996892e-01 4.324537e-01 -6.775000e-01 1.890000e-01 -3.998971e-01 4.323348e-01
5.300000e-02 1.885000e-01 -4.819663e-01 4.347127e-01 5.350000e-02 1.890000e-01 -4.818786e-01 4.346546e-01
5.350000e-02 1.890000e-01 -4.818786e-01 4.346546e-01 5.400000e-02 1.895000e-01 -4.817897e-01 4.345973e-01
-6.780000e-01 1.895000e-01 -4.001074e-01 4.322171e-01 -6.780000e-01 1.905000e-01 -3.995597e-01 4.325269e-01
5.400000e-02 1.895000e-01 -4.817897e-01 4.345973e-01 5.400000e-02 1.905000e-01 -4.821221e-01 4.348139e-01
-6.780000e-01 1.905000e-01 -3.995597e-01 4.325269e-01 -6.780000e-01 1.915000e-01 -3.990122e-01 4.328341e-01
5.400000e-02 1.905000e-01 -4.821221e-01 4.348139e-01 5.400000e-02 1.915000e-01 -4.824540e-01 4.350286e-01
-6.785000e-01 1.920000e-01 -3.992262e-01 4.327127e-01 -6.790000e-01 1.925000e-01 -3.994426e-01 4.325926e-01
-6.780000e-01 1.915000e-01 -3.990122e-01 4.328341e-01 -6.785000e-01 1.920000e-01 -3.992262e-01 4.327127e-01
5.400000e-02 1.915000e-01 -4.824540e-01 4.350286e-01 5.400000e-02 1.925000e-01 -4.827852e-01 4.352416e-01
-6.790000e-01 1.925000e-01 -3.994426e-01 4.325926e-01 -6.790000e-01 1.935000e-01 -3.988979e-01 4.328945e-01
5.400000e-02 1.925000e-01 -4.827852e-01 4.352416e-01 5.400000e-02 1.935000e-01 -4.831160e-01 4.354526e-01
-6.795000e-01 1.940000e-01 -3.991168e-01 4.327720e-01 -6.800000e-01 1.945000e-01 -3.993381e-01 4.326507e-01
-6.790000e-01 1.935000e-01 -3.988979e-01 4.328945e-01 -6.795000e-01 1.940000e-01 -3.991168e-01 4.327720e-01
5.400000e-02 1.935000e-01 -4.831160e-01 4.354526e-01 5.450000e-02 1.940000e-01 -4.830225e-01 4.353922e-01
5.450000e-02 1.940000e-01 -4.830225e-01 4.353922e-01 5.500000e-02 1.945000e-01 -4.829279e-01 4.353326e-01
-6.800000e-01 1.945000e-01 -3.993381e-01 4.326507e-01 -6.800000e-01 1.955000e-01 -3.987963e-01 4.329476e-01
5.500000e-02 1.945000e-01 -4.829279e-01 4.353326e-01 5.500000e-02 1.955000e-01 -4.832562e-01 4.355406e-01
-6.805000e-01 1.960000e-01 -3.990200e-01 4.328240e-01 -6.810000e-01 1.965000e-01 -3.992463e-01 4.327016e-01
-6.800000e-01 1.955000e-01 -3.987963e-01 4.329476e-01 -6.805000e-01 1.960000e-01 -3.990200e-01 4.328240e-01
5.500000e-02 1.955000e-01 -4.832562e-01 4.355406e-01 5.500000e-02 1.965000e-01 -4.835838e-01 4.357467e-01
-6.810000e-01 1.965000e-01 -3.992463e-01 4.327016e-01 -6.810000e-01 1.975000e-01 -3.987074e-01 4.329934e-01
5.500000e-02 1.965000e-01 -4.835838e-01 4.357467e-01 5.500000e-02 1.975000e-01 -4.839109e-01 4.359510e-01
-6.815000e-01 1.980000e-01 -3.989362e-01 4.328687e-01 -6.820000e-01 1.985000e-01 -3.991673e-01 4.327453e-01
-6.810000e-01 1.975000e-01 -3.987074e-01 4.329934e-01 -6.815000e-01 1.980000e-01 -3.989362e-01 4.328687e-01
5.500000e-02 1.975000e-01 -4.839109e-01 4.359510e-01 5.550000e-02 1.980000e-01 -4.838124e-01 4.358890e-01
5.550000e-02 1.980000e-01 -4.838124e-01 4.358890e-01 5.600000e-02 1.985000e-01 -4.837129e-01 4.358280e-01
-6.820000e-01 1.985000e-01 -3.991673e-01 4.327453e-01 -6.820000e-01 1.995000e-01 -3.986315e-01 4.330321e-01
5.600000e-02 1.985000e-01 -4.837129e-01 4.358280e-01 5.600000e-02 1.995000e-01 -4.840374e-01 4.360292e-01
-6.825000e-01 2.000000e-01 -3.988653e-01 4.329064e-01 -6.830000e-01 2.005000e-01 -3.991014e-01 4.327820e-01
-6.820000e-01 1.995000e-01 -3.986315e-01 4.330321e-01 -6.825000e-01 2.000000e-01 -3.988653e-01 4.329064e-01
5.600000e-02 1.995000e-01 -4.840374e-01 4.360292e-01 5.600000e-02 2.005000e-01 -4.843613e-01 4.362287e-01
-6.830000e-01 2.005000e-01 -3.991014e-01 4.327820e-01 -6.830000e-01 2.015000e-01 -3.985687e-01 4.330638e-01
5.600000e-02 2.005000e-01 -4.843613e-01 4.362287e-01 5.600000e-02 2.015000e-01 -4.846845e-01 4.364263e-01
-6.835000e-01 2.020000e-01 -3.988075e-01 4.329372e-01 -6.840000e-01 2.025000e-01 -3.990487e-01 4.328119e-01
-6.830000e-01 2.015000e-01 -3.985687e-01 4.330638e-01 -6.835000e-01 2.020000e-01 -3.988075e-01 4.329372e-01
5.600000e-02 2.015000e-01 -4.846845e-01 4.364263e-01 5.600000e-02 2.025000e-01 -4.850070e-01 4.366221e-01
-6.840000e-01 2.025000e-01 -3.990487e-01 4.328119e-01 -6.840000e-01 2.035000e-01 -3.985191e-01 4.330887e-01
5.600000e-02 2.025000e-01 -4.850070e-01 4.366221e-01 5.650000e-02 2.030000e-01 -4.849027e-01 4.365581e-01
5.650000e-02 2.030000e-01 -4.849027e-01 4.365581e-01 5.700000e-02 2.035000e-01 -4.847973e-01 4.364952e-01
-6.845000e-01 2.040000e-01 -3.987631e-01 4.329613e-01 -6.850000e-01 2.045000e-01 -3.990093e-01 4.328352e-01
-6.840000e-01 2.035000e-01 -3.985191e-01 4.330887e-01 -6.845000e-01 2.040000e-01 -3.987631e-01 4.329613e-01
5.700000e-02 2.035000e-01 -4.847973e-01 4.364952e-01 5.700000e-02 2.045000e-01 -4.851171e-01 4.366880e-01
-6.850000e-01 2.045000e-01 -3.990093e-01 4.328352e-01 -6.850000e-01 2.055000e-01 -3.984830e-01 4.331071e-01
5.700000e-02 2.045000e-01 -4.851171e-01 4.366880e-01 5.700000e-02 2.055000e-01 -4.854364e-01 4.368790e-01
-6.850000e-01 2.055000e-01 -3.984830e-01 4.331071e-01 -6.850000e-01 2.065000e-01 -3.979573e-01 4.333763e-01
5.700000e-02 2.055000e-01 -4.854364e-01 4.368790e-01 5.700000e-02 2.065000e-01 -4.857549e-01 4.370682e-01
-6.855000e-01 2.070000e-01 -3.982077e-01 4.332469e-01 -6.860000e-01 2.075000e-01 -3.984605e-01 4.331190e-01
-6.850000e-01 2.065000e-01 -3.979573e-01 4.333763e-01 -6.855000e-01 2.070000e-01 -3.982077e-01 4.332469e-01
5.700000e-02 2.065000e-01 -4.857549e-01 4.370682e-01 5.700000e-02 2.075000e-01 -4.860727e-01 4.372556e-01
-6.860000e-01 2.075000e-01 -3.984605e-01 4.331190e-01 -6.860000e-01 2.085000e-01 -3.979381e-01 4.333833e-01
5.700000e-02 2.075000e-01 -4.860727e-01 4.372556e-01 5.750000e-02 2.080000e-01 -4.859623e-01 4.371899e-01
5.750000e-02 2.080000e-01 -4.859623e-01 4.371899e-01 5.800000e-02 2.085000e-01 -4.858507e-01 4.371252e-01
-6.865000e-01 2.090000e-01 -3.981937e-01 4.332533e-01 -6.870000e-01 2.095000e-01 -3.984516e-01 4.331246e-01
-6.860000e-01 2.085000e-01 -3.979381e-01 4.333833e-01 -6.865000e-01 2.090000e-01 -3.981937e-01 4.332533e-01
5.800000e-02 2.085000e-01 -4.858507e-01 4.371252e-01 5.800000e-02 2.095000e-01 -4.861658e-01 4.373097e-01
-6.870000e-01 2.095000e-01 -3.984516e-01 4.331246e-01 -6.870000e-01 2.105000e-01 -3.979327e-01 4.333841e-01
5.800000e-02 2.095000e-01 -4.861658e-01 4.373097e-01 5.800000e-02 2.105000e-01 -4.864801e-01 4.374925e-01
-6.875000e-01 2.110000e-01 -3.981935e-01 4.332535e-01 -6.880000e-01 2.115000e-01 -3.984565e-01 4.331242e-01
-6.870000e-01 2.105000e-01 -3.979327e-01 4.333841e-01 -6.875000e-01 2.110000e-01 -3.981935e-01 4.332535e-01
5.800000e-02 2.105000e-01 -4.864801e-01 4.374925e-01 5.800000e-02 2.115000e-01 -4.867937e-01 4.376734e-01
-6.880000e-01 2.115000e-01 -3.984565e-01 4.331242e-01 -6.880000e-01 2.125000e-01 -3.979412e-01 4.333790e-01
5.800000e-02 2.115000e-01 -4.867937e-01 4.376734e-01 5.800000e-02 2.125000e-01 -4.871065e-01 4.378526e-01
-6.885000e-01 2.130000e-01 -3.982072e-01 4.332477e-01 -6.890000e-01 2.135000e-01 -3.984755e-01 4.331179e-01
-6.880000e-01 2.125000e-01 -3.979412e-01 4.333790e-01 -6.885000e-01 2.130000e-01 -3.982072e-01 4.332477e-01
5.800000e-02 2.125000e-01 -4.871065e-01 4.378526e-01 5.850000e-02 2.130000e-01 -4.869899e-01 4.377853e-01
5.850000e-02 2.130000e-01 -4.869899e-01 4.377853e-01 5.900000e-02 2.135000e-01 -4.868722e-01 4.377190e-01
-6.890000e-01 2.135000e-01 -3.984755e-01 4.331179e-01 -6.890000e-01 2.145000e-01 -3.979638e-01 4.333679e-01
5.900000e-02 2.135000e-01 -4.868722e-01 4.377190e-01 5.900000e-02 2.145000e-01 -4.871822e-01 4.378954e-01
-6.890000e-01 2.145000e-01 -3.979638e-01 4.333679e-01 -6.890000e-01 2.155000e-01 -3.974529e-01 4.336152e-01
5.900000e-02 2.145000e-01 -4.871822e-01 4.378954e-01 5.900000e-02 2.155000e-01 -4.874914e-01 4.380700e-01
-6.895000e-01 2.160000e-01 -3.977256e-01 4.334825e-01 -6.900000e-01 2.165000e-01 -3.980005e-01 4.333512e-01
-6.890000e-01 2.155000e-01 -3.974529e-01 4.336152e-01 -6.895000e-01 2.160000e-01 -3.977256e-01 4.334825e-01
5.900000e-02 2.155000e-01 -4.874914e-01 4.380700e-01 5.900000e-02 2.165000e-01 -4.877997e-01 4.382428e-01
-6.900000e-01 2.165000e-01 -3.980005e-01 4.333512e-01 -6.900000e-01 2.175000e-01 -3.974934e-01 4.335939e-01
5.900000e-02 2.165000e-01 -4.877997e-01 4.382428e-01 5.900000e-02 2.175000e-01 -4.881073e-01 4.384139e-01
-6.905000e-01 2.180000e-01 -3.977713e-01 4.334607e-01 -6.910000e-01 2.185000e-01 -3.980516e-01 4.333290e-01
-6.900000e-01 2.175000e-01 -3.974934e-01 4.335939e-01 -6.905000e-01 2.180000e-01 -3.977713e-01 4.334607e-01
5.900000e-02 2.175000e-01 -4.881073e-01 4.384139e-01 5.900000e-02 2.185000e-01 -4.884140e-01 4.385832e-01
-6.910000e-01 2.185000e-01 -3.980516e-01 4.333290e-01 -6.910000e-01 2.195000e-01 -3.975482e-01 4.335671e-01
5.900000e-02 2.185000e-01 -4.884140e-01 4.385832e-01 5.950000e-02 2.190000e-01 -4.882901e-01 4.385140e-01
5.950000e-02 2.190000e-01 -4.882901e-01 4.385140e-01 6.000000e-02 2.195000e-01 -4.881650e-01 4.384459e-01
-6.910000e-01 2.195000e-01 -3.975482e-01 4.335671e-01 -6.910000e-01 2.205000e-01 -3.970458e-01 4.338025e-01
6.000000e-02 2.195000e-01 -4.881650e-01 4.384459e-01 6.000000e-02 2.205000e-01 -4.884688e-01 4.386125e-01
-6.915000e-01 2.210000e-01 -3.973306e-01 4.336680e-01 -6.920000e-01 2.215000e-01 -3.976176e-01 4.335351e-01
-6.910000e-01 2.205000e-01 -3.970458e-01 4.338025e-01 -6.915000e-01 2.210000e-01 -3.973306e-01 4.336680e-01
6.000000e-02 2.205000e-01 -4.884688e-01 4.386125e-01 6.000000e-02 2.215000e-01 -4.887717e-01 4.387774e-01
-6.920000e-01 2.215000e-01 -3.976176e-01 4.335351e-01 -6.920000e-01 2.225000e-01 -3.971191e-01 4.337660e-01
6.000000e-02 2.215000e-01 -4.887717e-01 4.387774e-01 6.000000e-02 2.225000e-01 -4.890738e-01 4.389405e-01
-6.925000e-01 2.230000e-01 -3.974093e-01 4.336313e-01 -6.930000e-01 2.235000e-01 -3.977016e-01 4.334981e-01
-6.920000e-01 2.225000e-01 -3.971191e-01 4.337660e-01 -6.925000e-01 2.230000e-01 -3.974093e-01 4.336313e-01
6.000000e-02 2.225000e-01 -4.890738e-01 4.389405e-01 6.000000e-02 2.235000e-01 -4.893749e-01 4.391019e-01
-6.930000e-01 2.235000e-01 -3.977016e-01 4.334981e-01 -6.930000e-01 2.245000e-01 -3.972072e-01 4.337245e-01
6.000000e-02 2.235000e-01 -4.893749e-01 4.391019e-01 6.050000e-02 2.240000e-01 -4.892446e-01 4.390316e-01
6.050000e-02 2.240000e-01 -4.892446e-01 4.390316e-01 6.100000e-02 2.245000e-01 -4.891131e-01 4.389623e-01
-6.930000e-01 2.245000e-01 -3.972072e-01 4.337245e-01 -6.930000e-01 2.255000e-01 -3.967136e-01 4.339482e-01
6.100000e-02 2.245000e-01 -4.891131e-01 4.389623e-01 6.100000e-02 2.255000e-01 -4.894113e-01 4.391211e-01
-6.935000e-01 2.260000e-01 -3.970107e-01 4.338124e-01 -6.940000e-01 2.265000e-01 -3.973100e-01 4.336782e-01
-6.930000e-01 2.255000e-01 -3.967136e-01 4.339482e-01 -6.935000e-01 2.260000e-01 -3.970107e-01 4.338124e-01
6.100000e-02 2.255000e-01 -4.894113e-01 4.391211e-01 6.100000e-02 2.265000e-01 -4.897085e-01 4.392782e-01
-6.940000e-01 2.265000e-01 -3.973100e-01 4.336782e-01 -6.940000e-01 2.275000e-01 -3.968206e-01 4.338975e-01
6.100000e-02 2.265000e-01 -4.897085e-01 4.392782e-01 6.100000e-02 2.275000e-01 -4.900048e-01 4.394336e-01
-6.945000e-01 2.280000e-01 -3.971231e-01 4.337616e-01 -6.950000e-01 2.285000e-01 -3.974278e-01 4.336274e-01
-6.940000e-01 2.275000e-01 -3.968206e-01 4.338975e-01 -6.945000e-01 2.280000e-01 -3.971231e-01 4.337616e-01
6.100000e-02 2.275000e-01 -4.900048e-01 4.394336e-01 6.100000e-02 2.285000e-01 -4.903002e-01 4.395872e-01
-6.950000e-01 2.285000e-01 -3.974278e-01 4.336274e-01 -6.950000e-01 2.295000e-01 -3.969427e-01 4.338423e-01
6.100000e-02 2.285000e-01 -4.903002e-01 4.395872e-01 6.100000e-02 2.295000e-01 -4.905947e-01 4.397391e-01
-6.950000e-01 2.295000e-01 -3.969427e-01 4.338423e-01 -6.950000e-01 2.305000e-01 -3.964585e-01 4.340547e-01
6.100000e-02 2.295000e-01 -4.905947e-01 4.397391e-01 6.150000e-02 2.300000e-01 -4.904567e-01 4.396674e-01
6.150000e-02 2.300000e-01 -4.904567e-01 4.396674e-01 6.200000e-02 2.305000e-01 -4.903176e-01 4.395969e-01
-6.955000e-01 2.310000e-01 -3.967681e-01 4.339179e-01 -6.960000e-01 2.315000e-01 -3.970798e-01 4.337829e-01
-6.950000e-01 2.305000e-01 -3.964585e-01 4.340547e-01 -6.955000e-01 2.310000e-01 -3.967681e-01 4.339179e-01
6.200000e-02 2.305000e-01 -4.903176e-01 4.395969e-01 6.200000e-02 2.315000e-01 -4.906090e-01 4.397464e-01
-6.960000e-01 2.315000e-01 -3.970798e-01 4.337829e-01 -6.960000e-01 2.325000e-01 -3.966000e-01 4.339909e-01
6.200000e-02 2.315000e-01 -4.906090e-01 4.397464e-01 6.200000e-02 2.325000e-01 -4.908992e-01 4.398941e-01
-6.965000e-01 2.330000e-01 -3.969150e-01 4.338543e-01 -6.970000e-01 2.335000e-01 -3.972321e-01 4.337193e-01
-6.960000e-01 2.325000e-01 -3.966000e-01 4.339909e-01 -6.965000e-01 2.330000e-01 -3.969150e-01 4.338543e-01
6.200000e-02 2.325000e-01 -4.908992e-01 4.398941e-01 6.200000e-02 2.335000e-01 -4.911886e-01 4.400401e-01
-6.970000e-01 2.335000e-01 -3.972321e-01 4.337193e-01 -6.970000e-01 2.345000e-01 -3.967567e-01 4.339232e-01
6.200000e-02 2.335000e-01 -4.911886e-01 4.400401e-01 6.200000e-02 2.345000e-01 -4.914769e-01 4.401845e-01
-6.970000e-01 2.345000e-01 -3.967567e-01 4.339232e-01 -6.970000e-01 2.355000e-01 -3.962825e-01 4.341244e-01
6.200000e-02 2.345000e-01 -4.914769e-01 4.401845e-01 6.200000e-02 2.355000e-01 -4.917643e-01 4.403272e-01
-6.975000e-01 2.360000e-01 -3.966046e-01 4.339871e-01 -6.980000e-01 2.365000e-01 -3.969289e-01 4.338515e-01
-6.970000e-01 2.355000e-01 -3.962825e-01 4.341244e-01 -6.975000e-01 2.360000e-01 -3.966046e-01 4.339871e-01
6.200000e-02 2.355000e-01 -4.917643e-01 4.403272e-01 6.200000e-02 2.365000e-01 -4.920507e-01 4.404682e-01
-6.980000e-01 2.365000e-01 -3.969289e-01 4.338515e-01 -6.980000e-01 2.375000e-01 -3.964591e-01 4.340487e-01
6.200000e-02 2.365000e-01 -4.920507e-01 4.404682e-01 6.250000e-02 2.370000e-01 -4.919038e-01 4.403951e-01
6.250000e-02 2.370000e-01 -4.919038e-01 4.403951e-01 6.300000e-02 2.375000e-01 -4.917559e-01 4.403233e-01
-6.980000e-01 2.375000e-01 -3.964591e-01 4.340487e-01 -6.980000e-01 2.385000e-01 -3.959906e-01 4.342432e-01
6.300000e-02 2.375000e-01 -4.917559e-01 4.403233e-01 6.300000e-02 2.385000e-01 -4.920390e-01 4.404619e-01
-6.985000e-01 2.390000e-01 -3.963199e-01 4.341055e-01 -6.990000e-01 2.395000e-01 -3.966513e-01 4.339695e-01
-6.980000e-01 2.385000e-01 -3.959906e-01 4.342432e-01 -6.985000e-01 2.390000e-01 -3.963199e-01 4.341055e-01
6.300000e-02 2.385000e-01 -4.920390e-01 4.404619e-01 6.300000e-02 2.395000e-01 -4.923210e-01 4.405989e-01
-6.990000e-01 2.395000e-01 -3.966513e-01 4.339695e-01 -6.990000e-01 2.405000e-01 -3.961874e-01 4.341600e-01
6.300000e-02 2.395000e-01 -4.923210e-01 4.405989e-01 6.300000e-02 2.405000e-01 -4.926021e-01 4.407342e-01
-6.995000e-01 2.410000e-01 -3.965223e-01 4.340225e-01 -7.000000e-01 2.415000e-01 -3.968592e-01 4.338869e-01
-6.990000e-01 2.405000e-01 -3.961874e-01 4.341600e-01 -6.995000e-01 2.410000e-01 -3.965223e-01 4.340225e-01
6.300000e-02 2.405000e-01 -4.926021e-01 4.407342e-01 6.300000e-02 2.415000e-01 -4.928820e-01 4.408679e-01
-7.000000e-01 2.415000e-01 -3.968592e-01 4.338869e-01 -7.000000e-01 2.425000e-01 -3.964000e-01 4.340734e-01
6.300000e-02 2.415000e-01 -4.928820e-01 4.408679e-01 6.300000e-02 2.425000e-01 -4.931609e-01 4.409999e-01
-7.000000e-01 2.425000e-01 -3.964000e-01 4.340734e-01 -7.000000e-01 2.435000e-01 -3.959420e-01 4.342574e-01
6.300000e-02 2.425000e-01 -4.931609e-01 4.409999e-01 6.300000e-02 2.435000e-01 -4.934387e-01 4.411303e-01
-7.005000e-01 2.440000e-01 -3.962842e-01 4.341198e-01 -7.010000e-01 2.445000e-01 -3.966283e-01 4.339839e-01
-7.000000e-01 2.435000e-01 -3.959420e-01 4.342574e-01 -7.005000e-01 2.440000e-01 -3.962842e-01 4.341198e-01
6.300000e-02 2.435000e-01 -4.934387e-01 4.411303e-01 6.350000e-02 2.440000e-01 -4.932827e-01 4.410563e-01
6.350000e-02 2.440000e-01 -4.932827e-01 4.410563e-01 6.400000e-02 2.445000e-01 -4.931257e-01 4.409835e-01
-7.010000e-01 2.445000e-01 -3.966283e-01 4.339839e-01 -7.010000e-01 2.455000e-01 -3.961752e-01 4.341640e-01
6.400000e-02 2.445000e-01 -4.931257e-01 4.409835e-01 6.400000e-02 2.455000e-01 -4.934001e-01 4.411117e-01
-7.010000e-01 2.455000e-01 -3.961752e-01 4.341640e-01 -7.010000e-01 2.465000e-01 -3.957234e-01 4.343416e-01
6.400000e-02 2.455000e-01 -4.934001e-01 4.411117e-01 6.400000e-02 2.465000e-01 -4.936735e-01 4.412383e-01
-7.015000e-01 2.470000e-01 -3.960729e-01 4.342038e-01 -7.020000e-01 2.475000e-01 -3.964243e-01 4.340679e-01
-7.010000e-01 2.465000e-01 -3.957234e-01 4.343416e-01 -7.015000e-01 2.470000e-01 -3.960729e-01 4.342038e-01
6.400000e-02 2.465000e-01 -4.936735e-01 4.412383e-01 6.400000e-02 2.475000e-01 -4.939456e-01 4.413632e-01
-7.020000e-01 2.475000e-01 -3.964243e-01 4.340679e-01 -7.020000e-01 2.485000e-01 -3.959774e-01 4.342417e-01
6.400000e-02 2.475000e-01 -4.939456e-01 4.413632e-01 6.400000e-02 2.485000e-01 -4.942167e-01 4.414866e-01
-7.020000e-01 2.485000e-01 -3.959774e-01 4.342417e-01 -7.020000e-01 2.495000e-01 -3.955318e-01 4.344129e-01
6.400000e-02 2.485000e-01 -4.942167e-01 4.414866e-01 6.400000e-02 2.495000e-01 -4.944866e-01 4.416083e-01
-7.025000e-01 2.500000e-01 -3.958887e-01 4.342752e-01 -7.030000e-01 2.505000e-01 -3.962475e-01 4.341393e-01
-7.020000e-01 2.495000e-01 -3.955318e-01 4.344129e-01 -7.025000e-01 2.500000e-01 -3.958887e-01 4.342752e-01
6.400000e-02 2.495000e-01 -4.944866e-01 4.416083e-01 6.400000e-02 2.505000e-01 -4.947554e-01 4.417284e-01
-7.030000e-01 2.505000e-01 -3.962475e-01 4.341393e-01 -7.030000e-01 2.515000e-01 -3.958070e-01 4.343070e-01
6.400000e-02 2.505000e-01 -4.947554e-01 4.417284e-01 6.450000e-02 2.510000e-01 -4.945901e-01 4.416539e-01
6.450000e-02 2.510000e-01 -4.945901e-01 4.416539e-01 6.500000e-02 2.515000e-01 -4.944240e-01 4.415805e-01
-7.030000e-01 2.515000e-01 -3.958070e-01 4.343070e-01 -7.030000e-01 2.525000e-01 -3.953679e-01 4.344721e-01
6.500000e-02 2.515000e-01 -4.944240e-01 4.415805e-01 6.500000e-02 2.525000e-01 -4.946893e-01 4.416986e-01
-7.035000e-01 2.530000e-01 -3.957321e-01 4.343345e-01 -7.040000e-01 2.535000e-01 -3.960983e-01 4.341988e-01
-7.030000e-01 2.525000e-01 -3.953679e-01 4.344721e-01 -7.035000e-01 2.530000e-01 -3.957321e-01 4.343345e-01
6.500000e-02 2.525000e-01 -4.946893e-01 4.416986e-01 6.500000e-02 2.535000e-01 -4.949533e-01 4.418152e-01
-7.040000e-01 2.535000e-01 -3.960983e-01 4.341988e-01 -7.040000e-01 2.545000e-01 -3.956643e-01 4.343604e-01
6.500000e-02 2.535000e-01 -4.949533e-01 4.418152e-01 6.500000e-02 2.545000e-01 -4.952162e-01 4.419301e-01
-7.040000e-01 2.545000e-01 -3.956643e-01 4.343604e-01 -7.040000e-01 2.555000e-01 -3.952318e-01 4.345194e-01
6.500000e-02 2.545000e-01 -4.952162e-01 4.419301e-01 6.500000e-02 2.555000e-01 -4.954779e-01 4.420435e-01
-7.045000e-01 2.560000e-01 -3.956035e-01 4.343822e-01 -7.050000e-01 2.565000e-01 -3.959771e-01 4.342468e-01
-7.040000e-01 2.555000e-01 -3.952318e-01 4.345194e-01 -7.045000e-01 2.560000e-01 -3.956035e-01 4.343822e-01
6.500000e-02 2.555000e-01 -4.954779e-01 4.420435e-01 6.500000e-02 2.565000e-01 -4.957384e-01 4.421553e-01
-7.050000e-01 2.565000e-01 -3.959771e-01 4.342468e-01 -7.050000e-01 2.575000e-01 -3.955499e-01 4.344024e-01
6.500000e-02 2.565000e-01 -4.957384e-01 4.421553e-01 6.500000e-02 2.575000e-01 -4.959977e-01 4.422655e-01
-7.050000e-01 2.575000e-01 -3.955499e-01 4.344024e-01 -7.050000e-01 2.585000e-01 -3.951241e-01 4.345556e-01
6.500000e-02 2.575000e-01 -4.959977e-01 4.422655e-01 6.500000e-02 2.585000e-01 -4.962558e-01 4.423742e-01
-7.055000e-01 2.590000e-01 -3.955033e-01 4.344188e-01 -7.060000e-01 2.595000e-01 -3.958843e-01 4.342839e-01
-7.050000e-01 2.585000e-01 -3.951241e-01 4.345556e-01 -7.055000e-01 2.590000e-01 -3.955033e-01 4.344188e-01
6.500000e-02 2.585000e-01 -4.962558e-01 4.423742e-01 6.550000e-02 2.590000e-01 -4.960799e-01 4.422994e-01
6.550000e-02 2.590000e-01 -4.960799e-01 4.422994e-01 6.600000e-02 2.595000e-01 -4.959032e-01 4.422257e-01
-7.060000e-01 2.595000e-01 -3.958843e-01 4.342839e-01 -7.060000e-01 2.605000e-01 -3.954639e-01 4.344337e-01
6.600000e-02 2.595000e-01 -4.959032e-01 4.422257e-01 6.600000e-02 2.605000e-01 -4.961576e-01 4.423326e-01
-7.060000e-01 2.605000e-01 -3.954639e-01 4.344337e-01 -7.060000e-01 2.615000e-01 -3.950450e-01 4.345811e-01
6.600000e-02 2.605000e-01 -4.961576e-01 4.423326e-01 6.600000e-02 2.615000e-01 -4.964107e-01 4.424379e-01
-7.065000e-01 2.620000e-01 -3.954317e-01 4.344449e-01 -7.070000e-01 2.625000e-01 -3.958202e-01 4.343107e-01
-7.060000e-01 2.615000e-01 -3.950450e-01 4.345811e-01 -7.065000e-01 2.620000e-01 -3.954317e-01 4.344449e-01
6.600000e-02 2.615000e-01 -4.964107e-01 4.424379e-01 6.600000e-02 2.625000e-01 -4.966626e-01 4.425417e-01
-7.070000e-01 2.625000e-01 -3.958202e-01 4.343107e-01 -7.070000e-01 2.635000e-01 -3.954068e-01 4.344548e-01
6.600000e-02 2.625000e-01 -4.966626e-01 4.425417e-01 6.600000e-02 2.635000e-01 -4.969133e-01 4.426439e-01
-7.070000e-01 2.635000e-01 -3.954068e-01 4.344548e-01 -7.070000e-01 2.645000e-01 -3.949950e-01 4.345965e-01
6.600000e-02 2.635000e-01 -4.969133e-01 4.426439e-01 6.600000e-02 2.645000e-01 -4.971626e-01 4.427447e-01
-7.070000e-01 2.645000e-01 -3.949950e-01 4.345965e-01 -7.070000e-01 2.655000e-01 -3.945849e-01 4.347359e-01
6.600000e-02 2.645000e-01 -4.971626e-01 4.427447e-01 6.600000e-02 2.655000e-01 -4.974107e-01 4.428440e-01
-7.075000e-01 2.660000e-01 -3.949810e-01 4.346001e-01 -7.080000e-01 2.665000e-01 -3.953789e-01 4.344663e-01
-7.070000e-01 2.655000e-01 -3.945849e-01 4.347359e-01 -7.075000e-01 2.660000e-01 -3.949810e-01 4.346001e-01
6.600000e-02 2.655000e-01 -4.974107e-01 4.428440e-01 6.600000e-02 2.665000e-01 -4.976575e-01 4.429417e-01
-7.080000e-01 2.665000e-01 -3.953789e-01 4.344663e-01 -7.080000e-01 2.675000e-01 -3.949743e-01 4.346025e-01
6.600000e-02 2.665000e-01 -4.976575e-01 4.429417e-01 6.650000e-02 2.670000e-01 -4.974708e-01 4.428671e-01
6.650000e-02 2.670000e-01 -4.974708e-01 4.428671e-01 6.700000e-02 2.675000e-01 -4.972834e-01 4.427938e-01
-7.080000e-01 2.675000e-01 -3.949743e-01 4.346025e-01 -7.080000e-01 2.685000e-01 -3.945714e-01 4.347364e-01
6.700000e-02 2.675000e-01 -4.972834e-01 4.427938e-01 6.700000e-02 2.685000e-01 -4.975263e-01 4.428899e-01
-7.085000e-01 2.690000e-01 -3.949751e-01 4.346016e-01 -7.090000e-01 2.695000e-01 -3.953805e-01 4.344687e-01
-7.080000e-01 2.685000e-01 -3.945714e-01 4.347364e-01 -7.085000e-01 2.690000e-01 -3.949751e-01 4.346016e-01
6.700000e-02 2.685000e-01 -4.975263e-01 4.428899e-01 6.700000e-02 2.695000e-01 -4.977680e-01 4.429845e-01
-7.090000e-01 2.695000e-01 -3.953805e-01 4.344687e-01 -7.090000e-01 2.705000e-01 -3.949832e-01 4.345996e-01
6.700000e-02 2.695000e-01 -4.977680e-01 4.429845e-01 6.700000e-02 2.705000e-01 -4.980083e-01 4.430777e-01
-7.090000e-01 2.705000e-01 -3.949832e-01 4.345996e-01 -7.090000e-01 2.715000e-01 -3.945878e-01 4.347281e-01
6.700000e-02 2.705000e-01 -4.980083e-01 4.430777e-01 6.700000e-02 2.715000e-01 -4.982472e-01 4.431694e-01
-7.095000e-01 2.720000e-01 -3.949990e-01 4.345944e-01 -7.100000e-01 2.725000e-01 -3.954119e-01 4.344626e-01
-7.090000e-01 2.715000e-01 -3.945878e-01 4.347281e-01 -7.095000e-01 2.720000e-01 -3.949990e-01 4.345944e-01
6.700000e-02 2.715000e-01 -4.982472e-01 4.431694e-01 6.700000e-02 2.725000e-01 -4.984849e-01 4.432596e-01
-7.100000e-01 2.725000e-01 -3.954119e-01 4.344626e-01 -7.100000e-01 2.735000e-01 -3.950222e-01 4.345883e-01
6.700000e-02 2.725000e-01 -4.984849e-01 4.432596e-01 6.700000e-02 2.735000e-01 -4.987212e-01 4.433485e-01
-7.100000e-01 2.735000e-01 -3.950222e-01 4.345883e-01 -7.100000e-01 2.745000e-01 -3.946342e-01 4.347117e-01
6.700000e-02 2.735000e-01 -4.987212e-01 4.433485e-01 6.700000e-02 2.745000e-01 -4.989560e-01 4.434359e-01
-7.100000e-01 2.745000e-01 -3.946342e-01 4.347117e-01 -7.100000e-01 2.755000e-01 -3.942481e-01 4.348328e-01
6.700000e-02 2.745000e-01 -4.989560e-01 4.434359e-01 6.700000e-02 2.755000e-01 -4.991895e-01 4.435218e-01
-7.105000e-01 2.760000e-01 -3.946689e-01 4.347001e-01 -7.110000e-01 2.765000e-01 -3.950913e-01 4.345693e-01
-7.100000e-01 2.755000e-01 -3.942481e-01 4.348328e-01 -7.105000e-01 2.760000e-01 -3.946689e-01 4.347001e-01
6.700000e-02 2.755000e-01 -4.991895e-01 4.435218e-01 6.700000e-02 2.765000e-01 -4.994217e-01 4.436063e-01
-7.110000e-01 2.765000e-01 -3.950913e-01 4.345693e-01 -7.110000e-01 2.775000e-01 -3.947111e-01 4.346878e-01
6.700000e-02 2.765000e-01 -4.994217e-01 4.436063e-01 6.750000e-02 2.770000e-01 -4.992216e-01 4.435325e-01
6.750000e-02 2.770000e-01 -4.992216e-01 4.435325e-01 6.800000e-02 2.775000e-01 -4.990206e-01 4.434600e-01
-7.110000e-01 2.775000e-01 -3.947111e-01 4.346878e-01 -7.110000e-01 2.785000e-01 -3.943326e-01 4.348039e-01
6.800000e-02 2.775000e-01 -4.990206e-01 4.434600e-01 6.800000e-02 2.785000e-01 -4.992488e-01 4.435431e-01
-7.110000e-01 2.785000e-01 -3.943326e-01 4.348039e-01 -7.110000e-01 2.795000e-01 -3.939561e-01 4.349178e-01
6.800000e-02 2.785000e-01 -4.992488e-01 4.435431e-01 6.800000e-02 2.795000e-01 -4.994756e-01 4.436248e-01
-7.115000e-01 2.800000e-01 -3.943865e-01 4.347864e-01 -7.120000e-01 2.805000e-01 -3.948185e-01 4.346569e-01
-7.110000e-01 2.795000e-01 -3.939561e-01 4.349178e-01 -7.115000e-01 2.800000e-01 -3.943865e-01 4.347864e-01
6.800000e-02 2.795000e-01 -4.994756e-01 4.436248e-01 6.800000e-02 2.805000e-01 -4.997009e-01 4.437051e-01
-7.120000e-01 2.805000e-01 -3.948185e-01 4.346569e-01 -7.120000e-01 2.815000e-01 -3.944480e-01 4.347683e-01
6.800000e-02 2.805000e-01 -4.997009e-01 4.437051e-01 6.800000e-02 2.815000e-01 -4.999247e-01 4.437841e-01
-7.120000e-01 2.815000e-01 -3.944480e-01 4.347683e-01 -7.120000e-01 2.825000e-01 -3.940793e-01 4.348774e-01
6.800000e-02 2.815000e-01 -4.999247e-01 4.437841e-01 6.800000e-02 2.825000e-01 -5.001472e-01 4.438617e-01
-7.125000e-01 2.830000e-01 -3.945174e-01 4.347476e-01 -7.130000e-01 2.835000e-01 -3.949569e-01 4.346197e-01
-7.120000e-01 2.825000e-01 -3.940793e-01 4.348774e-01 -7.125000e-01 2.830000e-01 -3.945174e-01 4.347476e-01
6.800000e-02 2.825000e-01 -5.001472e-01 4.438617e-01 6.800000e-02 2.835000e-01 -5.003682e-01 4.439379e-01
-7.130000e-01 2.835000e-01 -3.949569e-01 4.346197e-01 -7.130000e-01 2.845000e-01 -3.945943e-01 4.347265e-01
6.800000e-02 2.835000e-01 -5.003682e-01 4.439379e-01 6.800000e-02 2.845000e-01 -5.005878e-01 4.440127e-01
-7.130000e-01 2.845000e-01 -3.945943e-01 4.347265e-01 -7.130000e-01 2.855000e-01 -3.942337e-01 4.348311e-01
6.800000e-02 2.845000e-01 -5.005878e-01 4.440127e-01 6.800000e-02 2.855000e-01 -5.008059e-01 4.440862e-01
-7.130000e-01 2.855000e-01 -3.942337e-01 4.348311e-01 -7.130000e-01 2.865000e-01 -3.938751e-01 4.349335e-01
6.800000e-02 2.855000e-01 -5.008059e-01 4.440862e-01 6.800000e-02 2.865000e-01 -5.010225e-01 4.441584e-01
-7.135000e-01 2.870000e-01 -3.943228e-01 4.348053e-01 -7.140000e-01 2.875000e-01 -3.947720e-01 4.346792e-01
-7.130000e-01 2.865000e-01 -3.938751e-01 4.349335e-01 -7.135000e-01 2.870000e-01 -3.943228e-01 4.348053e-01
6.800000e-02 2.865000e-01 -5.010225e-01 4.441584e-01 6.850000e-02 2.870000e-01 -5.008086e-01 4.440863e-01
6.850000e-02 2.870000e-01 -5.008086e-01 4.440863e-01 6.900000e-02 2.875000e-01 -5.005940e-01 4.440154e-01
-7.140000e-01 2.875000e-01 -3.947720e-01 4.346792e-01 -7.140000e-01 2.885000e-01 -3.944195e-01 4.347794e-01
6.900000e-02 2.875000e-01 -5.005940e-01 4.440154e-01 6.900000e-02 2.885000e-01 -5.008066e-01 4.440864e-01
-7.140000e-01 2.885000e-01 -3.944195e-01 4.347794e-01 -7.140000e-01 2.895000e-01 -3.940691e-01 4.348775e-01
6.900000e-02 2.885000e-01 -5.008066e-01 4.440864e-01 6.900000e-02 2.895000e-01 -5.010176e-01 4.441561e-01
-7.140000e-01 2.895000e-01 -3.940691e-01 4.348775e-01 -7.140000e-01 2.905000e-01 -3.937207e-01 4.349734e-01
6.900000e-02 2.895000e-01 -5.010176e-01 4.441561e-01 6.900000e-02 2.905000e-01 -5.012270e-01 4.442245e-01
-7.140000e-01 2.905000e-01 -3.937207e-01 4.349734e-01 -7.140000e-01 2.915000e-01 -3.933745e-01 4.350672e-01
6.900000e-02 2.905000e-01 -5.012270e-01 4.442245e-01 6.900000e-02 2.915000e-01 -5.014350e-01 4.442916e-01
-7.145000e-01 2.920000e-01 -3.938339e-01 4.349411e-01 -7.150000e-01 2.925000e-01 -3.942947e-01 4.348169e-01
-7.140000e-01 2.915000e-01 -3.933745e-01 4.350672e-01 -7.145000e-01 2.920000e-01 -3.938339e-01 4.349411e-01
6.900000e-02 2.915000e-01 -5.014350e-01 4.442916e-01 6.900000e-02 2.925000e-01 -5.016415e-01 4.443575e-01
-7.150000e-01 2.925000e-01 -3.942947e-01 4.348169e-01 -7.150000e-01 2.935000e-01 -3.939547e-01 4.349088e-01
6.900000e-02 2.925000e-01 -5.016415e-01 4.443575e-01 6.900000e-02 2.935000e-01 -5.018464e-01 4.444220e-01
-7.150000e-01 2.935000e-01 -3.939547e-01 4.349088e-01 -7.150000e-01 2.945000e-01 -3.936169e-01 4.349985e-01
6.900000e-02 2.935000e-01 -5.018464e-01 4.444220e-01 6.900000e-02 2.945000e-01 -5.020497e-01 4.444853e-01
-7.150000e-01 2.945000e-01 -3.936169e-01 4.349985e-01 -7.150000e-01 2.955000e-01 -3.932812e-01 4.350862e-01
6.900000e-02 2.945000e-01 -5.020497e-01 4.444853e-01 6.900000e-02 2.955000e-01 -5.022515e-01 4.445473e-01
-7.155000e-01 2.960000e-01 -3.937503e-01 4.349623e-01 -7.160000e-01 2.965000e-01 -3.942207e-01 4.348405e-01
-7.150000e-01 2.955000e-01 -3.932812e-01 4.350862e-01 -7.155000e-01 2.960000e-01 -3.937503e-01 4.349623e-01
6.900000e-02 2.955000e-01 -5.022515e-01 4.445473e-01 6.900000e-02 2.965000e-01 -5.024518e-01 4.446081e-01
-7.160000e-01 2.965000e-01 -3.942207e-01 4.348405e-01 -7.160000e-01 2.975000e-01 -3.938913e-01 4.349263e-01
6.900000e-02 2.965000e-01 -5.024518e-01 4.446081e-01 6.900000e-02 2.975000e-01 -5.026504e-01 4.446676e-01
-7.160000e-01 2.975000e-01 -3.938913e-01 4.349263e-01 -7.160000e-01 2.985000e-01 -3.935642e-01 4.350102e-01
6.900000e-02 2.975000e-01 -5.026504e-01 4.446676e-01 6.900000e-02 2.985000e-01 -5.028475e-01 4.447259e-01
-7.160000e-01 2.985000e-01 -3.935642e-01 4.350102e-01 -7.160000e-01 2.995000e-01 -3.932393e-01 4.350920e-01
6.900000e-02 2.985000e-01 -5.028475e-01 4.447259e-01 6.950000e-02 2.990000e-01 -5.026172e-01 4.446566e-01
6.950000e-02 2.990000e-01 -5.026172e-01 4.446566e-01 7.000000e-02 2.995000e-01 -5.023861e-01 4.445888e-01
-7.165000e-01 3.000000e-01 -3.937180e-01 4.349706e-01 -7.170000e-01 3.005000e-01 -3.941981e-01 4.348513e-01
-7.160000e-01 2.995000e-01 -3.932393e-01 4.350920e-01 -7.165000e-01 3.000000e-01 -3.937180e-01 4.349706e-01
7.000000e-02 2.995000e-01 -5.023861e-01 4.445888e-01 7.000000e-02 3.005000e-01 -5.025790e-01 4.446462e-01
-7.170000e-01 3.005000e-01 -3.941981e-01 4.348513e-01 -7.170000e-01 3.015000e-01 -3.938796e-01 4.349315e-01
7.000000e-02 3.005000e-01 -5.025790e-01 4.446462e-01 7.000000e-02 3.015000e-01 -5.027702e-01 4.447025e-01
-7.170000e-01 3.015000e-01 -3.938796e-01 4.349315e-01 -7.170000e-01 3.025000e-01 -3.935633e-01 4.350097e-01
7.000000e-02 3.015000e-01 -5.027702e-01 4.447025e-01 7.000000e-02 3.025000e-01 -5.029599e-01 4.447575e-01
-7.170000e-01 3.025000e-01 -3.935633e-01 4.350097e-01 -7.170000e-01 3.035000e-01 -3.932494e-01 4.350860e-01
7.000000e-02 3.025000e-01 -5.029599e-01 4.447575e-01 7.000000e-02 3.035000e-01 -5.031478e-01 4.448114e-01
-7.170000e-01 3.035000e-01 -3.932494e-01 4.350860e-01 -7.170000e-01 3.045000e-01 -3.929378e-01 4.351604e-01
7.000000e-02 3.035000e-01 -5.031478e-01 4.448114e-01 7.000000e-02 3.045000e-01 -5.033342e-01 4.448641e-01
-7.175000e-01 3.050000e-01 -3.934282e-01 4.350420e-01 -7.180000e-01 3.055000e-01 -3.939200e-01 4.349257e-01
-7.170000e-01 3.045000e-01 -3.929378e-01 4.351604e-01 -7.175000e-01 3.050000e-01 -3.934282e-01 4.350420e-01
7.000000e-02 3.045000e-01 -5.033342e-01 4.448641e-01 7.000000e-02 3.055000e-01 -5.035189e-01 4.449156e-01
-7.180000e-01 3.055000e-01 -3.939200e-01 4.349257e-01 -7.180000e-01 3.065000e-01 -3.936149e-01 4.349987e-01
7.000000e-02 3.055000e-01 -5.035189e-01 4.449156e-01 7.000000e-02 3.065000e-01 -5.037020e-01 4.449660e-01
-7.180000e-01 3.065000e-01 -3.936149e-01 4.349987e-01 -7.180000e-01 3.075000e-01 -3.933121e-01 4.350697e-01
7.000000e-02 3.065000e-01 -5.037020e-01 4.449660e-01 7.000000e-02 3.075000e-01 -5.038834e-01 4.450152e-01
-7.180000e-01 3.075000e-01 -3.933121e-01 4.350697e-01 -7.180000e-01 3.085000e-01 -3.930116e-01 4.351389e-01
7.000000e-02 3.075000e-01 -5.038834e-01 4.450152e-01 7.000000e-02 3.085000e-01 -5.040632e-01 4.450633e-01
-7.180000e-01 3.085000e-01 -3.930116e-01 4.351389e-01 -7.180000e-01 3.095000e-01 -3.927136e-01 4.352063e-01
7.000000e-02 3.085000e-01 -5.040632e-01 4.450633e-01 7.000000e-02 3.095000e-01 -5.042413e-01 4.451103e-01
-7.185000e-01 3.100000e-01 -3.932158e-01 4.350913e-01 -7.190000e-01 3.105000e-01 -3.937193e-01 4.349784e-01
-7.180000e-01 3.095000e-01 -3.927136e-01 4.352063e-01 -7.185000e-01 3.100000e-01 -3.932158e-01 4.350913e-01
7.000000e-02 3.095000e-01 -5.042413e-01 4.451103e-01 7.000000e-02 3.105000e-01 -5.044177e-01 4.451562e-01
-7.190000e-01 3.105000e-01 -3.937193e-01 4.349784e-01 -7.190000e-01 3.115000e-01 -3.934279e-01 4.350445e-01
7.000000e-02 3.105000e-01 -5.044177e-01 4.451562e-01 7.000000e-02 3.115000e-01 -5.045924e-01 4.452009e-01
-7.190000e-01 3.115000e-01 -3.934279e-01 4.350445e-01 -7.190000e-01 3.125000e-01 -3.931388e-01 4.351089e-01
7.000000e-02 3.115000e-01 -5.045924e-01 4.452009e-01 7.050000e-02 3.120000e-01 -5.043441e-01 4.451362e-01
7.050000e-02 3.120000e-01 -5.043441e-01 4.451362e-01 7.100000e-02 3.125000e-01 -5.040952e-01 4.450729e-01
-7.190000e-01 3.125000e-01 -3.931388e-01 4.351089e-01 -7.190000e-01 3.135000e-01 -3.928523e-01 4.351715e-01
7.100000e-02 3.125000e-01 -5.040952e-01 4.450729e-01 7.100000e-02 3.135000e-01 -5.042656e-01 4.451172e-01
-7.190000e-01 3.135000e-01 -3.928523e-01 4.351715e-01 -7.190000e-01 3.145000e-01 -3.925681e-01 4.352323e-01
7.100000e-02 3.135000e-01 -5.042656e-01 4.451172e-01 7.100000e-02 3.145000e-01 -5.044342e-01 4.451604e-01
-7.195000e-01 3.150000e-01 -3.930821e-01 4.351210e-01 -7.200000e-01 3.155000e-01 -3.935972e-01 4.350118e-01
-7.190000e-01 3.145000e-01 -3.925681e-01 4.352323e-01 -7.195000e-01 3.150000e-01 -3.930821e-01 4.351210e-01
7.100000e-02 3.145000e-01 -5.044342e-01 4.451604e-01 7.100000e-02 3.155000e-01 -5.046011e-01 4.452025e-01
-7.200000e-01 3.155000e-01 -3.935972e-01 4.350118e-01 -7.200000e-01 3.165000e-01 -3.933198e-01 4.350717e-01
7.100000e-02 3.155000e-01 -5.046011e-01 4.452025e-01 7.100000e-02 3.165000e-01 -5.047663e-01 4.452436e-01
-7.200000e-01 3.165000e-01 -3.933198e-01 4.350717e-01 -7.200000e-01 3.175000e-01 -3.930448e-01 4.351298e-01
7.100000e-02 3.165000e-01 -5.047663e-01 4.452436e-01 7.100000e-02 3.175000e-01 -5.049298e-01 4.452837e-01
-7.200000e-01 3.175000e-01 -3.930448e-01 4.351298e-01 -7.200000e-01 3.185000e-01 -3.927723e-01 4.351862e-01
7.100000e-02 3.175000e-01 -5.049298e-01 4.452837e-01 7.100000e-02 3.185000e-01 -5.050915e-01 4.453227e-01
-7.200000e-01 3.185000e-01 -3.927723e-01 4.351862e-01 -7.200000e-01 3.195000e-01 -3.925024e-01 4.352410e-01
7.100000e-02 3.185000e-01 -5.050915e-01 4.453227e-01 7.100000e-02 3.195000e-01 -5.052514e-01 4.453607e-01
-7.200000e-01 3.195000e-01 -3.925024e-01 4.352410e-01 -7.200000e-01 3.205000e-01 -3.922350e-01 4.352941e-01
7.100000e-02 3.195000e-01 -5.052514e-01 4.453607e-01 7.100000e-02 3.205000e-01 -5.054096e-01 4.453977e-01
-7.205000e-01 3.210000e-01 -3.927628e-01 4.351874e-01 -7.210000e-01 3.215000e-01 -3.932916e-01 4.350828e-01
-7.200000e-01 3.205000e-01 -3.922350e-01 4.352941e-01 -7.205000e-01 3.210000e-01 -3.927628e-01 4.351874e-01
7.100000e-02 3.205000e-01 -5.054096e-01 4.453977e-01 7.100000e-02 3.215000e-01 -5.055661e-01 4.454336e-01
-7.210000e-01 3.215000e-01 -3.932916e-01 4.350828e-01 -7.210000e-01 3.225000e-01 -3.930310e-01 4.351352e-01
7.100000e-02 3.215000e-01 -5.055661e-01 4.454336e-01 7.100000e-02 3.225000e-01 -5.057207e-01 4.454686e-01
-7.210000e-01 3.225000e-01 -3.930310e-01 4.351352e-01 -7.210000e-01 3.235000e-01 -3.927730e-01 4.351860e-01
7.100000e-02 3.225000e-01 -5.057207e-01 4.454686e-01 7.100000e-02 3.235000e-01 -5.058737e-01 4.455027e-01
-7.210000e-01 3.235000e-01 -3.927730e-01 4.351860e-01 -7.210000e-01 3.245000e-01 -3.925175e-01 4.352352e-01
7.100000e-02 3.235000e-01 -5.058737e-01 4.455027e-01 7.100000e-02 3.245000e-01 -5.060248e-01 4.455357e-01
-7.210000e-01 3.245000e-01 -3.925175e-01 4.352352e-01 -7.210000e-01 3.255000e-01 -3.922647e-01 4.352828e-01
7.100000e-02 3.245000e-01 -5.060248e-01 4.455357e-01 7.100000e-02 3.255000e-01 -5.061741e-01 4.455678e-01
-7.210000e-01 3.255000e-01 -3.922647e-01 4.352828e-01 -7.210000e-01 3.265000e-01 -3.920144e-01 4.353288e-01
7.100000e-02 3.255000e-01 -5.061741e-01 4.455678e-01 7.100000e-02 3.265000e-01 -5.063216e-01 4.455989e-01
-7.215000e-01 3.270000e-01 -3.925559e-01 4.352273e-01 -7.220000e-01 3.275000e-01 -3.930984e-01 4.351279e-01
-7.210000e-01 3.265000e-01 -3.920144e-01 4.353288e-01 -7.215000e-01 3.270000e-01 -3.925559e-01 4.352273e-01
7.100000e-02 3.265000e-01 -5.063216e-01 4.455989e-01 7.100000e-02 3.275000e-01 -5.064673e-01 4.456291e-01
-7.220000e-01 3.275000e-01 -3.930984e-01 4.351279e-01 -7.220000e-01 3.285000e-01 -3.928550e-01 4.351735e-01
7.100000e-02 3.275000e-01 -5.064673e-01 4.456291e-01 7.100000e-02 3.285000e-01 -5.066112e-01 4.456584e-01
-7.220000e-01 3.285000e-01 -3.928550e-01 4.351735e-01 -7.220000e-01 3.295000e-01 -3.926143e-01 4.352176e-01
7.100000e-02 3.285000e-01 -5.066112e-01 4.456584e-01 7.150000e-02 3.290000e-01 -5.063395e-01 4.456016e-01
7.150000e-02 3.290000e-01 -5.063395e-01 4.456016e-01 7.200000e-02 3.295000e-01 -5.060674e-01 4.455461e-01
-7.220000e-01 3.295000e-01 -3.926143e-01 4.352176e-01 -7.220000e-01 3.305000e-01 -3.923763e-01 4.352602e-01
7.200000e-02 3.295000e-01 -5.060674e-01 4.455461e-01 7.200000e-02 3.305000e-01 -5.062068e-01 4.455754e-01
-7.220000e-01 3.305000e-01 -3.923763e-01 4.352602e-01 -7.220000e-01 3.315000e-01 -3.921409e-01 4.353014e-01
7.200000e-02 3.305000e-01 -5.062068e-01 4.455754e-01 7.200000e-02 3.315000e-01 -5.063443e-01 4.456038e-01
-7.220000e-01 3.315000e-01 -3.921409e-01 4.353014e-01 -7.220000e-01 3.325000e-01 -3.919082e-01 4.353411e-01
7.200000e-02 3.315000e-01 -5.063443e-01 4.456038e-01 7.200000e-02 3.325000e-01 -5.064800e-01 4.456313e-01
-7.220000e-01 3.325000e-01 -3.919082e-01 4.353411e-01 -7.220000e-01 3.335000e-01 -3.916782e-01 4.353794e-01
7.200000e-02 3.325000e-01 -5.064800e-01 4.456313e-01 7.200000e-02 3.335000e-01 -5.066139e-01 4.456580e-01
-7.225000e-01 3.340000e-01 -3.922355e-01 4.352842e-01 -7.230000e-01 3.345000e-01 -3.927937e-01 4.351911e-01
-7.220000e-01 3.335000e-01 -3.916782e-01 4.353794e-01 -7.225000e-01 3.340000e-01 -3.922355e-01 4.352842e-01
7.200000e-02 3.335000e-01 -5.066139e-01 4.456580e-01 7.200000e-02 3.345000e-01 -5.067459e-01 4.456838e-01
-7.230000e-01 3.345000e-01 -3.927937e-01 4.351911e-01 -7.230000e-01 3.355000e-01 -3.925706e-01 4.352293e-01
7.200000e-02 3.345000e-01 -5.067459e-01 4.456838e-01 7.200000e-02 3.355000e-01 -5.068761e-01 4.457087e-01
-7.230000e-01 3.355000e-01 -3.925706e-01 4.352293e-01 -7.230000e-01 3.365000e-01 -3.923503e-01 4.352661e-01
7.200000e-02 3.355000e-01 -5.068761e-01 4.457087e-01 7.200000e-02 3.365000e-01 -5.070043e-01 4.457329e-01
-7.230000e-01 3.365000e-01 -3.923503e-01 4.352661e-01 -7.230000e-01 3.375000e-01 -3.921328e-01 4.353016e-01
7.200000e-02 3.365000e-01 -5.070043e-01 4.457329e-01 7.200000e-02 3.375000e-01 -5.071308e-01 4.457562e-01
-7.230000e-01 3.375000e-01 -3.921328e-01 4.353016e-01 -7.230000e-01 3.385000e-01 -3.919180e-01 4.353357e-01
7.200000e-02 3.375000e-01 -5.071308e-01 4.457562e-01 7.200000e-02 3.385000e-01 -5.072553e-01 4.457787e-01
-7.230000e-01 3.385000e-01 -3.919180e-01 4.353357e-01 -7.230000e-01 3.395000e-01 -3.917059e-01 4.353685e-01
7.200000e-02 3.385000e-01 -5.072553e-01 4.457787e-01 7.200000e-02 3.395000e-01 -5.073780e-01 4.458004e-01
-7.230000e-01 3.395000e-01 -3.917059e-01 4.353685e-01 -7.230000e-01 3.405000e-01 -3.914967e-01 4.354000e-01
7.200000e-02 3.395000e-01 -5.073780e-01 4.458004e-01 7.200000e-02 3.405000e-01 -5.074987e-01 4.458213e-01
-7.230000e-01 3.405000e-01 -3.914967e-01 4.354000e-01 -7.230000e-01 3.415000e-01 -3.912903e-01 4.354302e-01
7.200000e-02 3.405000e-01 -5.074987e-01 4.458213e-01 7.200000e-02 3.415000e-01 -5.076176e-01 4.458415e-01
-7.235000e-01 3.420000e-01 -3.918653e-01 4.353428e-01 -7.240000e-01 3.425000e-01 -3.924411e-01 4.352576e-01
-7.230000e-01 3.415000e-01 -3.912903e-01 4.354302e-01 -7.235000e-01 3.420000e-01 -3.918653e-01 4.353428e-01
7.200000e-02 3.415000e-01 -5.076176e-01 4.458415e-01 7.200000e-02 3.425000e-01 -5.077345e-01 4.458609e-01
-7.240000e-01 3.425000e-01 -3.924411e-01 4.352576e-01 -7.240000e-01 3.435000e-01 -3.922417e-01 4.352881e-01
7.200000e-02 3.425000e-01 -5.077345e-01 4.458609e-01 7.200000e-02 3.435000e-01 -5.078496e-01 4.458795e-01
-7.240000e-01 3.435000e-01 -3.922417e-01 4.352881e-01 -7.240000e-01 3.445000e-01 -3.920451e-01 4.353174e-01
7.200000e-02 3.435000e-01 -5.078496e-01 4.458795e-01 7.200000e-02 3.445000e-01 -5.079627e-01 4.458974e-01
-7.240000e-01 3.445000e-01 -3.920451e-01 4.353174e-01 -7.240000e-01 3.455000e-01 -3.918513e-01 4.353454e-01
7.200000e-02 3.445000e-01 -5.079627e-01 4.458974e-01 7.200000e-02 3.455000e-01 -5.080739e-01 4.459146e-01
-7.240000e-01 3.455000e-01 -3.918513e-01 4.353454e-01 -7.240000e-01 3.465000e-01 -3.916604e-01 4.353723e-01
7.200000e-02 3.455000e-01 -5.080739e-01 4.459146e-01 7.200000e-02 3.465000e-01 -5.081831e-01 4.459310e-01
-7.240000e-01 3.465000e-01 -3.916604e-01 4.353723e-01 -7.240000e-01 3.475000e-01 -3.914724e-01 4.353980e-01
7.200000e-02 3.465000e-01 -5.081831e-01 4.459310e-01 7.200000e-02 3.475000e-01 -5.082905e-01 4.459468e-01
-7.240000e-01 3.475000e-01 -3.914724e-01 4.353980e-01 -7.240000e-01 3.485000e-01 -3.912872e-01 4.354226e-01
7.200000e-02 3.475000e-01 -5.082905e-01 4.459468e-01 7.200000e-02 3.485000e-01 -5.083959e-01 4.459618e-01
-7.240000e-01 3.485000e-01 -3.912872e-01 4.354226e-01 -7.240000e-01 3.495000e-01 -3.911050e-01 4.354460e-01
7.200000e-02 3.485000e-01 -5.083959e-01 4.459618e-01 7.200000e-02 3.495000e-01 -5.084993e-01 4.459762e-01
-7.240000e-01 3.495000e-01 -3.911050e-01 4.354460e-01 -7.240000e-01 3.505000e-01 -3.909256e-01 4.354683e-01
7.200000e-02 3.495000e-01 -5.084993e-01 4.459762e-01 7.200000e-02 3.505000e-01 -5.086007e-01 4.459899e-01
-7.245000e-01 3.510000e-01 -3.915202e-01 4.353907e-01 -7.250000e-01 3.515000e-01 -3.921155e-01 4.353152e-01
-7.240000e-01 3.505000e-01 -3.909256e-01 4.354683e-01 -7.245000e-01 3.510000e-01 -3.915202e-01 4.353907e-01
7.200000e-02 3.505000e-01 -5.086007e-01 4.459899e-01 7.250000e-02 3.510000e-01 -5.082993e-01 4.459467e-01
7.250000e-02 3.510000e-01 -5.082993e-01 4.459467e-01 7.300000e-02 3.515000e-01 -5.079975e-01 4.459047e-01
-7.250000e-01 3.515000e-01 -3.921155e-01 4.353152e-01 -7.250000e-01 3.525000e-01 -3.919432e-01 4.353382e-01
7.300000e-02 3.515000e-01 -5.079975e-01 4.459047e-01 7.300000e-02 3.525000e-01 -5.080943e-01 4.459191e-01
-7.250000e-01 3.525000e-01 -3.919432e-01 4.353382e-01 -7.250000e-01 3.535000e-01 -3.917738e-01 4.353602e-01
7.300000e-02 3.525000e-01 -5.080943e-01 4.459191e-01 7.300000e-02 3.535000e-01 -5.081893e-01 4.459329e-01
-7.250000e-01 3.535000e-01 -3.917738e-01 4.353602e-01 -7.250000e-01 3.545000e-01 -3.916073e-01 4.353812e-01
7.300000e-02 3.535000e-01 -5.081893e-01 4.459329e-01 7.300000e-02 3.545000e-01 -5.082822e-01 4.459460e-01
-7.250000e-01 3.545000e-01 -3.916073e-01 4.353812e-01 -7.250000e-01 3.555000e-01 -3.914438e-01 4.354012e-01
7.300000e-02 3.545000e-01 -5.082822e-01 4.459460e-01 7.300000e-02 3.555000e-01 -5.083732e-01 4.459585e-01
-7.250000e-01 3.555000e-01 -3.914438e-01 4.354012e-01 -7.250000e-01 3.565000e-01 -3.912832e-01 4.354202e-01
7.300000e-02 3.555000e-01 -5.083732e-01 4.459585e-01 7.300000e-02 3.565000e-01 -5.084621e-01 4.459705e-01
-7.250000e-01 3.565000e-01 -3.912832e-01 4.354202e-01 -7.250000e-01 3.575000e-01 -3.911257e-01 4.354382e-01
7.300000e-02 3.565000e-01 -5.084621e-01 4.459705e-01 7.300000e-02 3.575000e-01 -5.085492e-01 4.459818e-01
-7.250000e-01 3.575000e-01 -3.911257e-01 4.354382e-01 -7.250000e-01 3.585000e-01 -3.909710e-01 4.354553e-01
7.300000e-02 3.575000e-01 -5.085492e-01 4.459818e-01 7.300000e-02 3.585000e-01 -5.086342e-01 4.459926e-01
-7.250000e-01 3.585000e-01 -3.909710e-01 4.354553e-01 -7.250000e-01 3.595000e-01 -3.908194e-01 4.354714e-01
7.300000e-02 3.585000e-01 -5.086342e-01 4.459926e-01 7.300000e-02 3.595000e-01 -5.087171e-01 4.460029e-01
-7.250000e-01 3.595000e-01 -3.908194e-01 4.354714e-01 -7.250000e-01 3.605000e-01 -3.906707e-01 4.354866e-01
7.300000e-02 3.595000e-01 -5.087171e-01 4.460029e-01 7.300000e-02 3.605000e-01 -5.087982e-01 4.460126e-01
-7.250000e-01 3.605000e-01 -3.906707e-01 4.354866e-01 -7.250000e-01 3.615000e-01 -3.905251e-01 4.355009e-01
7.300000e-02 3.605000e-01 -5.087982e-01 4.460126e-01 7.300000e-02 3.615000e-01 -5.088772e-01 4.460218e-01
-7.250000e-01 3.615000e-01 -3.905251e-01 4.355009e-01 -7.250000e-01 3.625000e-01 -3.903824e-01 4.355144e-01
7.300000e-02 3.615000e-01 -5.088772e-01 4.460218e-01 7.300000e-02 3.625000e-01 -5.089542e-01 4.460304e-01
-7.255000e-01 3.630000e-01 -3.910024e-01 4.354509e-01 -7.260000e-01 3.635000e-01 -3.916230e-01 4.353894e-01
-7.250000e-01 3.625000e-01 -3.903824e-01 4.355144e-01 -7.255000e-01 3.630000e-01 -3.910024e-01 4.354509e-01
7.300000e-02 3.625000e-01 -5.089542e-01 4.460304e-01 7.300000e-02 3.635000e-01 -5.090292e-01 4.460386e-01
-7.260000e-01 3.635000e-01 -3.916230e-01 4.353894e-01 -7.260000e-01 3.645000e-01 -3.914875e-01 4.354042e-01
7.300000e-02 3.635000e-01 -5.090292e-01 4.460386e-01 7.300000e-02 3.645000e-01 -5.091021e-01 4.460463e-01
-7.260000e-01 3.645000e-01 -3.914875e-01 4.354042e-01 -7.260000e-01 3.655000e-01 -3.913550e-01 4.354182e-01
7.300000e-02 3.645000e-01 -5.091021e-01 4.460463e-01 7.300000e-02 3.655000e-01 -5.091730e-01 4.460535e-01
-7.260000e-01 3.655000e-01 -3.913550e-01 4.354182e-01 -7.260000e-01 3.665000e-01 -3.912255e-01 4.354314e-01
7.300000e-02 3.655000e-01 -5.091730e-01 4.460535e-01 7.300000e-02 3.665000e-01 -5.092420e-01 4.460602e-01
-7.260000e-01 3.665000e-01 -3.912255e-01 4.354314e-01 -7.260000e-01 3.675000e-01 -3.910991e-01 4.354439e-01
7.300000e-02 3.665000e-01 -5.092420e-01 4.460602e-01 7.300000e-02 3.675000e-01 -5.093088e-01 4.460665e-01
-7.260000e-01 3.675000e-01 -3.910991e-01 4.354439e-01 -7.260000e-01 3.685000e-01 -3.909757e-01 4.354556e-01
7.300000e-02 3.675000e-01 -5.093088e-01 4.460665e-01 7.300000e-02 3.685000e-01 -5.093737e-01 4.460723e-01
-7.260000e-01 3.685000e-01 -3.909757e-01 4.354556e-01 -7.260000e-01 3.695000e-01 -3.908554e-01 4.354666e-01
7.300000e-02 3.685000e-01 -5.093737e-01 4.460723e-01 7.300000e-02 3.695000e-01 -5.094364e-01 4.460777e-01
-7.260000e-01 3.695000e-01 -3.908554e-01 4.354666e-01 -7.260000e-01 3.705000e-01 -3.907381e-01 4.354769e-01
7.300000e-02 3.695000e-01 -5.094364e-01 4.460777e-01 7.300000e-02 3.705000e-01 -5.094972e-01 4.460828e-01
-7.260000e-01 3.705000e-01 -3.907381e-01 4.354769e-01 -7.260000e-01 3.715000e-01 -3.906240e-01 4.354865e-01
7.300000e-02 3.705000e-01 -5.094972e-01 4.460828e-01 7.300000e-02 3.715000e-01 -5.095559e-01 4.460874e-01
-7.260000e-01 3.715000e-01 -3.906240e-01 4.354865e-01 -7.260000e-01 3.725000e-01 -3.905129e-01 4.354954e-01
7.300000e-02 3.715000e-01 -5.095559e-01 4.460874e-01 7.300000e-02 3.725000e-01 -5.096125e-01 4.460916e-01
-7.260000e-01 3.725000e-01 -3.905129e-01 4.354954e-01 -7.260000e-01 3.735000e-01 -3.904049e-01 4.355038e-01
7.300000e-02 3.725000e-01 -5.096125e-01 4.460916e-01 7.300000e-02 3.735000e-01 -5.096671e-01 4.460954e-01
-7.260000e-01 3.735000e-01 -3.904049e-01 4.355038e-01 -7.260000e-01 3.745000e-01 -3.903000e-01 4.355115e-01
7.300000e-02 3.735000e-01 -5.096671e-01 4.460954e-01 7.300000e-02 3.745000e-01 -5.097196e-01 4.460989e-01
-7.260000e-01 3.745000e-01 -3.903000e-01 4.355115e-01 -7.260000e-01 3.755000e-01 -3.901983e-01 4.355186e-01
7.300000e-02 3.745000e-01 -5.097196e-01 4.460989e-01 7.300000e-02 3.755000e-01 -5.097700e-01 4.461021e-01
-7.260000e-01 3.755000e-01 -3.901983e-01 4.355186e-01 -7.260000e-01 3.765000e-01 -3.900996e-01 4.355251e-01
7.300000e-02 3.755000e-01 -5.097700e-01 4.461021e-01 7.300000e-02 3.765000e-01 -5.098184e-01 4.461049e-01
-7.260000e-01 3.765000e-01 -3.900996e-01 4.355251e-01 -7.260000e-01 3.775000e-01 -3.900041e-01 4.355311e-01
7.300000e-02 3.765000e-01 -5.098184e-01 4.461049e-01 7.300000e-02 3.775000e-01 -5.098646e-01 4.461074e-01
-7.260000e-01 3.775000e-01 -3.900041e-01 4.355311e-01 -7.260000e-01 3.785000e-01 -3.899117e-01 4.355366e-01
7.300000e-02 3.775000e-01 -5.098646e-01 4.461074e-01 7.300000e-02 3.785000e-01 -5.099089e-01 4.461095e-01
-7.260000e-01 3.785000e-01 -3.899117e-01 4.355366e-01 -7.260000e-01 3.795000e-01 -3.898225e-01 4.355415e-01
7.300000e-02 3.785000e-01 -5.099089e-01 4.461095e-01 7.300000e-02 3.795000e-01 -5.099509e-01 4.461114e-01
-7.260000e-01 3.795000e-01 -3.898225e-01 4.355415e-01 -7.260000e-01 3.805000e-01 -3.897364e-01 4.355460e-01
7.300000e-02 3.795000e-01 -5.099509e-01 4.461114e-01 7.300000e-02 3.805000e-01 -5.099911e-01 4.461130e-01
-7.260000e-01 3.805000e-01 -3.897364e-01 4.355460e-01 -7.260000e-01 3.815000e-01 -3.896534e-01 4.355499e-01
7.300000e-02 3.805000e-01 -5.099911e-01 4.461130e-01 7.300000e-02 3.815000e-01 -5.100290e-01 4.461144e-01
-7.260000e-01 3.815000e-01 -3.896534e-01 4.355499e-01 -7.260000e-01 3.825000e-01 -3.895737e-01 4.355535e-01
7.300000e-02 3.815000e-01 -5.100290e-01 4.461144e-01 7.300000e-02 3.825000e-01 -5.100649e-01 4.461154e-01
-7.260000e-01 3.825000e-01 -3.895737e-01 4.355535e-01 -7.260000e-01 3.835000e-01 -3.894971e-01 4.355566e-01
7.300000e-02 3.825000e-01 -5.100649e-01 4.461154e-01 7.300000e-02 3.835000e-01 -5.100986e-01 4.461163e-01
-7.260000e-01 3.835000e-01 -3.894971e-01 4.355566e-01 -7.260000e-01 3.845000e-01 -3.894236e-01 4.355593e-01
7.300000e-02 3.835000e-01 -5.100986e-01 4.461163e-01 7.300000e-02 3.845000e-01 -5.101302e-01 4.461169e-01
-7.260000e-01 3.845000e-01 -3.894236e-01 4.355593e-01 -7.260000e-01 3.855000e-01 -3.893534e-01 4.355617e-01
7.300000e-02 3.845000e-01 -5.101302e-01 4.461169e-01 7.300000e-02 3.855000e-01 -5.101598e-01 4.461173e-01
-7.260000e-01 3.855000e-01 -3.893534e-01 4.355617e-01 -7.260000e-01 3.865000e-01 -3.892863e-01 4.355637e-01
7.300000e-02 3.855000e-01 -5.101598e-01 4.461173e-01 7.300000e-02 3.865000e-01 -5.101873e-01 4.461175e-01
-7.260000e-01 3.865000e-01 -3.892863e-01 4.355637e-01 -7.260000e-01 3.875000e-01 -3.892224e-01 4.355653e-01
7.300000e-02 3.865000e-01 -5.101873e-01 4.461175e-01 7.300000e-02 3.875000e-01 -5.102126e-01 4.461175e-01
-7.260000e-01 3.875000e-01 -3.892224e-01 4.355653e-01 -7.260000e-01 3.885000e-01 -3.891617e-01 4.355667e-01
7.300000e-02 3.875000e-01 -5.102126e-01 4.461175e-01 7.300000e-02 3.885000e-01 -5.102359e-01 4.461174e-01
-7.260000e-01 3.885000e-01 -3.891617e-01 4.355667e-01 -7.260000e-01 3.895000e-01 -3.891042e-01 4.355678e-01
7.300000e-02 3.885000e-01 -5.102359e-01 4.461174e-01 7.300000e-02 3.895000e-01 -5.102570e-01 4.461170e-01
-7.260000e-01 3.895000e-01 -3.891042e-01 4.355678e-01 -7.260000e-01 3.905000e-01 -3.890499e-01 4.355685e-01
7.300000e-02 3.895000e-01 -5.102570e-01 4.461170e-01 7.300000e-02 3.905000e-01 -5.102760e-01 4.461166e-01
-7.260000e-01 3.905000e-01 -3.890499e-01 4.355685e-01 -7.260000e-01 3.915000e-01 -3.889989e-01 4.355691e-01
7.300000e-02 3.905000e-01 -5.102760e-01 4.461166e-01 7.300000e-02 3.915000e-01 -5.102929e-01 4.461160e-01
-7.260000e-01 3.915000e-01 -3.889989e-01 4.355691e-01 -7.260000e-01 3.925000e-01 -3.889511e-01 4.355694e-01
7.300000e-02 3.915000e-01 -5.102929e-01 4.461160e-01 7.300000e-02 3.925000e-01 -5.103076e-01 4.461153e-01
-7.260000e-01 3.925000e-01 -3.889511e-01 4.355694e-01 -7.260000e-01 3.935000e-01 -3.889064e-01 4.355696e-01
7.300000e-02 3.925000e-01 -5.103076e-01 4.461153e-01 7.300000e-02 3.935000e-01 -5.103203e-01 4.461145e-01
-7.260000e-01 3.935000e-01 -3.889064e-01 4.355696e-01 -7.260000e-01 3.945000e-01 -3.888650e-01 4.355695e-01
7.300000e-02 3.935000e-01 -5.103203e-01 4.461145e-01 7.350000e-02 3.940000e-01 -5.099637e-01 4.461087e-01
7.350000e-02 3.940000e-01 -5.099637e-01 4.461087e-01 7.400000e-02 3.945000e-01 -5.096070e-01 4.461042e-01
-7.260000e-01 3.945000e-01 -3.888650e-01 4.355695e-01 -7.260000e-01 3.955000e-01 -3.888268e-01 4.355693e-01
7.400000e-02 3.945000e-01 -5.096070e-01 4.461042e-01 7.400000e-02 3.955000e-01 -5.096152e-01 4.461054e-01
-7.260000e-01 3.955000e-01 -3.888268e-01 4.355693e-01 -7.260000e-01 3.965000e-01 -3.887918e-01 4.355690e-01
7.400000e-02 3.955000e-01 -5.096152e-01 4.461054e-01 7.400000e-02 3.965000e-01 -5.096211e-01 4.461064e-01
-7.260000e-01 3.965000e-01 -3.887918e-01 4.355690e-01 -7.260000e-01 3.975000e-01 -3.887601e-01 4.355685e-01
7.400000e-02 3.965000e-01 -5.096211e-01 4.461064e-01 7.400000e-02 3.975000e-01 -5.096250e-01 4.461075e-01
-7.260000e-01 3.975000e-01 -3.887601e-01 4.355685e-01 -7.260000e-01 3.985000e-01 -3.887317e-01 4.355680e-01
7.400000e-02 3.975000e-01 -5.096250e-01 4.461075e-01 7.400000e-02 3.985000e-01 -5.096267e-01 4.461085e-01
-7.260000e-01 3.985000e-01 -3.887317e-01 4.355680e-01 -7.260000e-01 3.995000e-01 -3.887065e-01 4.355674e-01
7.400000e-02 3.985000e-01 -5.096267e-01 4.461085e-01 7.400000e-02 3.995000e-01 -5.096264e-01 4.461094e-01
-7.260000e-01 3.995000e-01 -3.887065e-01 4.355674e-01 -7.260000e-01 4.005000e-01 -3.886845e-01 4.355668e-01
7.400000e-02 3.995000e-01 -5.096264e-01 4.461094e-01 7.400000e-02 4.005000e-01 -5.096239e-01 4.461104e-01
-7.260000e-01 4.005000e-01 -3.886845e-01 4.355668e-01 -7.260000e-01 4.015000e-01 -3.886658e-01 4.355662e-01
7.400000e-02 4.005000e-01 -5.096239e-01 4.461104e-01 7.400000e-02 4.015000e-01 -5.096192e-01 4.461113e-01
-7.260000e-01 4.015000e-01 -3.886658e-01 4.355662e-01 -7.260000e-01 4.025000e-01 -3.886503e-01 4.355656e-01
7.400000e-02 4.015000e-01 -5.096192e-01 4.461113e-01 7.400000e-02 4.025000e-01 -5.096124e-01 4.461123e-01
-7.260000e-01 4.025000e-01 -3.886503e-01 4.355656e-01 -7.260000e-01 4.035000e-01 -3.886381e-01 4.355649e-01
7.400000e-02 4.025000e-01 -5.096124e-01 4.461123e-01 7.400000e-02 4.035000e-01 -5.096036e-01 4.461134e-01
-7.260000e-01 4.035000e-01 -3.886381e-01 4.355649e-01 -7.260000e-01 4.045000e-01 -3.886291e-01 4.355644e-01
7.400000e-02 4.035000e-01 -5.096036e-01 4.461134e-01 7.400000e-02 4.045000e-01 -5.095925e-01 4.461144e-01
-7.260000e-01 4.045000e-01 -3.886291e-01 4.355644e-01 -7.260000e-01 4.055000e-01 -3.886233e-01 4.355639e-01
7.400000e-02 4.045000e-01 -5.095925e-01 4.461144e-01 7.400000e-02 4.055000e-01 -5.095794e-01 4.461156e-01
-7.260000e-01 4.055000e-01 -3.886233e-01 4.355639e-01 -7.260000e-01 4.065000e-01 -3.886209e-01 4.355635e-01
7.400000e-02 4.055000e-01 -5.095794e-01 4.461156e-01 7.400000e-02 4.065000e-01 -5.095640e-01 4.461168e-01
-7.260000e-01 4.065000e-01 -3.886209e-01 4.355635e-01 -7.260000e-01 4.075000e-01 -3.886217e-01 4.355633e-01
7.400000e-02 4.065000e-01 -5.095640e-01 4.461168e-01 7.400000e-02 4.075000e-01 -5.095466e-01 4.461181e-01
-7.260000e-01 4.075000e-01 -3.886217e-01 4.355633e-01 -7.260000e-01 4.085000e-01 -3.886258e-01 4.355632e-01
7.400000e-02 4.075000e-01 -5.095466e-01 4.461181e-01 7.400000e-02 4.085000e-01 -5.095271e-01 4.461195e-01
-7.260000e-01 4.085000e-01 -3.886258e-01 4.355632e-01 -7.260000e-01 4.095000e-01 -3.886332e-01 4.355632e-01
7.400000e-02 4.085000e-01 -5.095271e-01 4.461195e-01 7.400000e-02 4.095000e-01 -5.095054e-01 4.461210e-01
-7.260000e-01 4.095000e-01 -3.886332e-01 4.355632e-01 -7.260000e-01 4.105000e-01 -3.886438e-01 4.355635e-01
7.400000e-02 4.095000e-01 -5.095054e-01 4.461210e-01 7.400000e-02 4.105000e-01 -5.094816e-01 4.461226e-01
-7.260000e-01 4.105000e-01 -3.886438e-01 4.355635e-01 -7.260000e-01 4.115000e-01 -3.886576e-01 4.355640e-01
7.400000e-02 4.105000e-01 -5.094816e-01 4.461226e-01 7.400000e-02 4.115000e-01 -5.094556e-01 4.461244e-01
-7.260000e-01 4.115000e-01 -3.886576e-01 4.355640e-01 -7.260000e-01 4.125000e-01 -3.886748e-01 4.355647e-01
7.400000e-02 4.115000e-01 -5.094556e-01 4.461244e-01 7.400000e-02 4.125000e-01 -5.094274e-01 4.461264e-01
-7.260000e-01 4.125000e-01 -3.886748e-01 4.355647e-01 -7.260000e-01 4.135000e-01 -3.886952e-01 4.355656e-01
7.400000e-02 4.125000e-01 -5.094274e-01 4.461264e-01 7.400000e-02 4.135000e-01 -5.093972e-01 4.461285e-01
-7.260000e-01 4.135000e-01 -3.886952e-01 4.355656e-01 -7.260000e-01 4.145000e-01 -3.887189e-01 4.355669e-01
7.400000e-02 4.135000e-01 -5.093972e-01 4.461285e-01 7.400000e-02 4.145000e-01 -5.093647e-01 4.461308e-01
-7.260000e-01 4.145000e-01 -3.887189e-01 4.355669e-01 -7.260000e-01 4.155000e-01 -3.887458e-01 4.355685e-01
7.400000e-02 4.145000e-01 -5.093647e-01 4.461308e-01 7.400000e-02 4.155000e-01 -5.093302e-01 4.461333e-01
-7.260000e-01 4.155000e-01 -3.887458e-01 4.355685e-01 -7.260000e-01 4.165000e-01 -3.887761e-01 4.355703e-01
7.400000e-02 4.155000e-01 -5.093302e-01 4.461333e-01 7.400000e-02 4.165000e-01 -5.092936e-01 4.461360e-01
-7.260000e-01 4.165000e-01 -3.887761e-01 4.355703e-01 -7.260000e-01 4.175000e-01 -3.888096e-01 4.355726e-01
7.400000e-02 4.165000e-01 -5.092936e-01 4.461360e-01 7.400000e-02 4.175000e-01 -5.092547e-01 4.461390e-01
-7.260000e-01 4.175000e-01 -3.888096e-01 4.355726e-01 -7.255000e-01 4.180000e-01 -3.881221e-01 4.355555e-01
-7.255000e-01 4.180000e-01 -3.881221e-01 4.355555e-01 -7.250000e-01 4.185000e-01 -3.874345e-01 4.355369e-01
7.400000e-02 4.175000e-01 -5.092547e-01 4.461390e-01 7.400000e-02 4.185000e-01 -5.092137e-01 4.461422e-01
-7.250000e-01 4.185000e-01 -3.874345e-01 4.355369e-01 -7.250000e-01 4.195000e-01 -3.874745e-01 4.355366e-01
7.400000e-02 4.185000e-01 -5.092137e-01 4.461422e-01 7.400000e-02 4.195000e-01 -5.091707e-01 4.461456e-01
-7.250000e-01 4.195000e-01 -3.874745e-01 4.355366e-01 -7.250000e-01 4.205000e-01 -3.875178e-01 4.355368e-01
7.400000e-02 4.195000e-01 -5.091707e-01 4.461456e-01 7.400000e-02 4.205000e-01 -5.091254e-01 4.461493e-01
-7.250000e-01 4.205000e-01 -3.875178e-01 4.355368e-01 -7.250000e-01 4.215000e-01 -3.875643e-01 4.355374e-01
7.400000e-02 4.205000e-01 -5.091254e-01 4.461493e-01 7.400000e-02 4.215000e-01 -5.090780e-01 4.461533e-01
-7.250000e-01 4.215000e-01 -3.875643e-01 4.355374e-01 -7.250000e-01 4.225000e-01 -3.876141e-01 4.355385e-01
7.400000e-02 4.215000e-01 -5.090780e-01 4.461533e-01 7.400000e-02 4.225000e-01 -5.090284e-01 4.461576e-01
-7.250000e-01 4.225000e-01 -3.876141e-01 4.355385e-01 -7.250000e-01 4.235000e-01 -3.876672e-01 4.355401e-01
7.400000e-02 4.225000e-01 -5.090284e-01 4.461576e-01 7.400000e-02 4.235000e-01 -5.089768e-01 4.461622e-01
-7.250000e-01 4.235000e-01 -3.876672e-01 4.355401e-01 -7.250000e-01 4.245000e-01 -3.877236e-01 4.355422e-01
7.400000e-02 4.235000e-01 -5.089768e-01 4.461622e-01 7.400000e-02 4.245000e-01 -5.089231e-01 4.461672e-01
-7.250000e-01 4.245000e-01 -3.877236e-01 4.355422e-01 -7.250000e-01 4.255000e-01 -3.877833e-01 4.355448e-01
7.400000e-02 4.245000e-01 -5.089231e-01 4.461672e-01 7.400000e-02 4.255000e-01 -5.088671e-01 4.461724e-01
-7.250000e-01 4.255000e-01 -3.877833e-01 4.355448e-01 -7.250000e-01 4.265000e-01 -3.878462e-01 4.355480e-01
7.400000e-02 4.255000e-01 -5.088671e-01 4.461724e-01 7.400000e-02 4.265000e-01 -5.088090e-01 4.461781e-01
-7.250000e-01 4.265000e-01 -3.878462e-01 4.355480e-01 -7.250000e-01 4.275000e-01 -3.879124e-01 4.355518e-01
7.400000e-02 4.265000e-01 -5.088090e-01 4.461781e-01 7.400000e-02 4.275000e-01 -5.087488e-01 4.461840e-01
-7.250000e-01 4.275000e-01 -3.879124e-01 4.355518e-01 -7.250000e-01 4.285000e-01 -3.879819e-01 4.355562e-01
7.400000e-02 4.275000e-01 -5.087488e-01 4.461840e-01 7.400000e-02 4.285000e-01 -5.086865e-01 4.461904e-01
-7.250000e-01 4.285000e-01 -3.879819e-01 4.355562e-01 -7.250000e-01 4.295000e-01 -3.880547e-01 4.355612e-01
7.400000e-02 4.285000e-01 -5.086865e-01 4.461904e-01 7.400000e-02 4.295000e-01 -5.086220e-01 4.461972e-01
-7.250000e-01 4.295000e-01 -3.880547e-01 4.355612e-01 -7.245000e-01 4.300000e-01 -3.873869e-01 4.355261e-01
-7.245000e-01 4.300000e-01 -3.873869e-01 4.355261e-01 -7.240000e-01 4.305000e-01 -3.867192e-01 4.354892e-01
7.350000e-02 4.300000e-01 -5.089524e-01 4.461675e-01 7.300000e-02 4.305000e-01 -5.092829e-01 4.461366e-01
7.400000e-02 4.295000e-01 -5.086220e-01 4.461972e-01 7.350000e-02 4.300000e-01 -5.089524e-01 4.461675e-01
-7.240000e-01 4.305000e-01 -3.867192e-01 4.354892e-01 -7.240000e-01 4.315000e-01 -3.867986e-01 4.354923e-01
7.300000e-02 4.305000e-01 -5.092829e-01 4.461366e-01 7.300000e-02 4.315000e-01 -5.092141e-01 4.461421e-01
-7.240000e-01 4.315000e-01 -3.867986e-01 4.354923e-01 -7.240000e-01 4.325000e-01 -3.868814e-01 4.354961e-01
7.300000e-02 4.315000e-01 -5.092141e-01 4.461421e-01 7.300000e-02 4.325000e-01 -5.091432e-01 4.461480e-01
-7.240000e-01 4.325000e-01 -3.868814e-01 4.354961e-01 -7.240000e-01 4.335000e-01 -3.869674e-01 4.355007e-01
7.300000e-02 4.325000e-01 -5.091432e-01 4.461480e-01 7.300000e-02 4.335000e-01 -5.090701e-01 4.461543e-01
-7.240000e-01 4.335000e-01 -3.869674e-01 4.355007e-01 -7.240000e-01 4.345000e-01 -3.870566e-01 4.355060e-01
7.300000e-02 4.335000e-01 -5.090701e-01 4.461543e-01 7.300000e-02 4.345000e-01 -5.089948e-01 4.461611e-01
-7.240000e-01 4.345000e-01 -3.870566e-01 4.355060e-01 -7.240000e-01 4.355000e-01 -3.871492e-01 4.355120e-01
7.300000e-02 4.345000e-01 -5.089948e-01 4.461611e-01 7.300000e-02 4.355000e-01 -5.089175e-01 4.461684e-01
-7.240000e-01 4.355000e-01 -3.871492e-01 4.355120e-01 -7.240000e-01 4.365000e-01 -3.872450e-01 4.355189e-01
7.300000e-02 4.355000e-01 -5.089175e-01 4.461684e-01 7.300000e-02 4.365000e-01 -5.088380e-01 4.461762e-01
-7.240000e-01 4.365000e-01 -3.872450e-01 4.355189e-01 -7.240000e-01 4.375000e-01 -3.873440e-01 4.355266e-01
7.300000e-02 4.365000e-01 -5.088380e-01 4.461762e-01 7.300000e-02 4.375000e-01 -5.087564e-01 4.461844e-01
-7.240000e-01 4.375000e-01 -3.873440e-01 4.355266e-01 -7.240000e-01 4.385000e-01 -3.874464e-01 4.355351e-01
7.300000e-02 4.375000e-01 -5.087564e-01 4.461844e-01 7.300000e-02 4.385000e-01 -5.086725e-01 4.461932e-01
-7.240000e-01 4.385000e-01 -3.874464e-01 4.355351e-01 -7.235000e-01 4.390000e-01 -3.867943e-01 4.354870e-01
-7.235000e-01 4.390000e-01 -3.867943e-01 4.354870e-01 -7.230000e-01 4.395000e-01 -3.861424e-01 4.354372e-01
7.300000e-02 4.385000e-01 -5.086725e-01 4.461932e-01 7.300000e-02 4.395000e-01 -5.085867e-01 4.462025e-01
-7.230000e-01 4.395000e-01 -3.861424e-01 4.354372e-01 -7.230000e-01 4.405000e-01 -3.862515e-01 4.354442e-01
7.300000e-02 4.395000e-01 -5.085867e-01 4.462025e-01 7.300000e-02 4.405000e-01 -5.084987e-01 4.462124e-01
-7.230000e-01 4.405000e-01 -3.862515e-01 4.354442e-01 -7.230000e-01 4.415000e-01 -3.863639e-01 4.354522e-01
7.300000e-02 4.405000e-01 -5.084987e-01 4.462124e-01 7.300000e-02 4.415000e-01 -5.084085e-01 4.462229e-01
-7.230000e-01 4.415000e-01 -3.863639e-01 4.354522e-01 -7.230000e-01 4.425000e-01 -3.864796e-01 4.354611e-01
7.300000e-02 4.415000e-01 -5.084085e-01 4.462229e-01 7.300000e-02 4.425000e-01 -5.083162e-01 4.462339e-01
-7.230000e-01 4.425000e-01 -3.864796e-01 4.354611e-01 -7.230000e-01 4.435000e-01 -3.865985e-01 4.354709e-01
7.300000e-02 4.425000e-01 -5.083162e-01 4.462339e-01 7.300000e-02 4.435000e-01 -5.082219e-01 4.462454e-01
-7.230000e-01 4.435000e-01 -3.865985e-01 4.354709e-01 -7.230000e-01 4.445000e-01 -3.867207e-01 4.354818e-01
7.300000e-02 4.435000e-01 -5.082219e-01 4.462454e-01 7.300000e-02 4.445000e-01 -5.081254e-01 4.462576e-01
-7.230000e-01 4.445000e-01 -3.867207e-01 4.354818e-01 -7.230000e-01 4.455000e-01 -3.868460e-01 4.354936e-01
7.300000e-02 4.445000e-01 -5.081254e-01 4.462576e-01 7.300000e-02 4.455000e-01 -5.080268e-01 4.462704e-01
-7.230000e-01 4.455000e-01 -3.868460e-01 4.354936e-01 -7.230000e-01 4.465000e-01 -3.869746e-01 4.355065e-01
7.300000e-02 4.455000e-01 -5.080268e-01 4.462704e-01 7.300000e-02 4.465000e-01 -5.079261e-01 4.462839e-01
-7.230000e-01 4.465000e-01 -3.869746e-01 4.355065e-01 -7.225000e-01 4.470000e-01 -3.863372e-01 4.354476e-01
-7.225000e-01 4.470000e-01 -3.863372e-01 4.354476e-01 -7.220000e-01 4.475000e-01 -3.857000e-01 4.353868e-01
7.300000e-02 4.465000e-01 -5.079261e-01 4.462839e-01 7.300000e-02 4.475000e-01 -5.078233e-01 4.462980e-01
-7.220000e-01 4.475000e-01 -3.857000e-01 4.353868e-01 -7.220000e-01 4.485000e-01 -3.858355e-01 4.353986e-01
7.300000e-02 4.475000e-01 -5.078233e-01 4.462980e-01 7.300000e-02 4.485000e-01 -5.077183e-01 4.463127e-01
-7.220000e-01 4.485000e-01 -3.858355e-01 4.353986e-01 -7.220000e-01 4.495000e-01 -3.859743e-01 4.354115e-01
7.300000e-02 4.485000e-01 -5.077183e-01 4.463127e-01 7.300000e-02 4.495000e-01 -5.076113e-01 4.463281e-01
-7.220000e-01 4.495000e-01 -3.859743e-01 4.354115e-01 -7.220000e-01 4.505000e-01 -3.861163e-01 4.354255e-01
7.300000e-02 4.495000e-01 -5.076113e-01 4.463281e-01 7.300000e-02 4.505000e-01 -5.075022e-01 4.463442e-01
-7.220000e-01 4.505000e-01 -3.861163e-01 4.354255e-01 -7.220000e-01 4.515000e-01 -3.862615e-01 4.354407e-01
7.300000e-02 4.505000e-01 -5.075022e-01 4.463442e-01 7.300000e-02 4.515000e-01 -5.073909e-01 4.463609e-01
-7.220000e-01 4.515000e-01 -3.862615e-01 4.354407e-01 -7.220000e-01 4.525000e-01 -3.864099e-01 4.354570e-01
7.300000e-02 4.515000e-01 -5.073909e-01 4.463609e-01 7.300000e-02 4.525000e-01 -5.072777e-01 4.463784e-01
-7.220000e-01 4.525000e-01 -3.864099e-01 4.354570e-01 -7.220000e-01 4.535000e-01 -3.865615e-01 4.354746e-01
7.300000e-02 4.525000e-01 -5.072777e-01 4.463784e-01 7.300000e-02 4.535000e-01 -5.071623e-01 4.463966e-01
-7.220000e-01 4.535000e-01 -3.865615e-01 4.354746e-01 -7.215000e-01 4.540000e-01 -3.859373e-01 4.354066e-01
-7.215000e-01 4.540000e-01 -3.859373e-01 4.354066e-01 -7.210000e-01 4.545000e-01 -3.853134e-01 4.353367e-01
7.300000e-02 4.535000e-01 -5.071623e-01 4.463966e-01 7.300000e-02 4.545000e-01 -5.070447e-01 4.464156e-01
-7.210000e-01 4.545000e-01 -3.853134e-01 4.353367e-01 -7.210000e-01 4.555000e-01 -3.854720e-01 4.353535e-01
7.300000e-02 4.545000e-01 -5.070447e-01 4.464156e-01 7.300000e-02 4.555000e-01 -5.069252e-01 4.464353e-01
-7.210000e-01 4.555000e-01 -3.854720e-01 4.353535e-01 -7.210000e-01 4.565000e-01 -3.856338e-01 4.353715e-01
7.300000e-02 4.555000e-01 -5.069252e-01 4.464353e-01 7.300000e-02 4.565000e-01 -5.068036e-01 4.464557e-01
-7.210000e-01 4.565000e-01 -3.856338e-01 4.353715e-01 -7.210000e-01 4.575000e-01 -3.857988e-01 4.353909e-01
7.300000e-02 4.565000e-01 -5.068036e-01 4.464557e-01 7.300000e-02 4.575000e-01 -5.066798e-01 4.464769e-01
-7.210000e-01 4.575000e-01 -3.857988e-01 4.353909e-01 -7.210000e-01 4.585000e-01 -3.859669e-01 4.354116e-01
7.300000e-02 4.575000e-01 -5.066798e-01 4.464769e-01 7.300000e-02 4.585000e-01 -5.065540e-01 4.464990e-01
-7.210000e-01 4.585000e-01 -3.859669e-01 4.354116e-01 -7.210000e-01 4.595000e-01 -3.861383e-01 4.354336e-01
7.300000e-02 4.585000e-01 -5.065540e-01 4.464990e-01 7.300000e-02 4.595000e-01 -5.064262e-01 4.465218e-01
-7.210000e-01 4.595000e-01 -3.861383e-01 4.354336e-01 -7.205000e-01 4.600000e-01 -3.855258e-01 4.353581e-01
-7.205000e-01 4.600000e-01 -3.855258e-01 4.353581e-01 -7.200000e-01 4.605000e-01 -3.849137e-01 4.352806e-01
7.300000e-02 4.595000e-01 -5.064262e-01 4.465218e-01 7.300000e-02 4.605000e-01 -5.062962e-01 4.465454e-01
-7.200000e-01 4.605000e-01 -3.849137e-01 4.352806e-01 -7.200000e-01 4.615000e-01 -3.850921e-01 4.353021e-01
7.300000e-02 4.605000e-01 -5.062962e-01 4.465454e-01 7.300000e-02 4.615000e-01 -5.061643e-01 4.465698e-01
-7.200000e-01 4.615000e-01 -3.850921e-01 4.353021e-01 -7.200000e-01 4.625000e-01 -3.852736e-01 4.353251e-01
7.300000e-02 4.615000e-01 -5.061643e-01 4.465698e-01 7.300000e-02 4.625000e-01 -5.060302e-01 4.465951e-01
-7.200000e-01 4.625000e-01 -3.852736e-01 4.353251e-01 -7.200000e-01 4.635000e-01 -3.854583e-01 4.353496e-01
7.300000e-02 4.625000e-01 -5.060302e-01 4.465951e-01 7.300000e-02 4.635000e-01 -5.058941e-01 4.466213e-01
-7.200000e-01 4.635000e-01 -3.854583e-01 4.353496e-01 -7.200000e-01 4.645000e-01 -3.856461e-01 4.353754e-01
7.300000e-02 4.635000e-01 -5.058941e-01 4.466213e-01 7.300000e-02 4.645000e-01 -5.057560e-01 4.466483e-01
-7.200000e-01 4.645000e-01 -3.856461e-01 4.353754e-01 -7.200000e-01 4.655000e-01 -3.858370e-01 4.354028e-01
7.300000e-02 4.645000e-01 -5.057560e-01 4.466483e-01 7.300000e-02 4.655000e-01 -5.056158e-01 4.466762e-01
-7.200000e-01 4.655000e-01 -3.858370e-01 4.354028e-01 -7.195000e-01 4.660000e-01 -3.852367e-01 4.353202e-01
-7.195000e-01 4.660000e-01 -3.852367e-01 4.353202e-01 -7.190000e-01 4.665000e-01 -3.846367e-01 4.352356e-01
7.300000e-02 4.655000e-01 -5.056158e-01 4.466762e-01 7.300000e-02 4.665000e-01 -5.054736e-01 4.467050e-01
-7.190000e-01 4.665000e-01 -3.846367e-01 4.352356e-01 -7.190000e-01 4.675000e-01 -3.848347e-01 4.352628e-01
7.300000e-02 4.665000e-01 -5.054736e-01 4.467050e-01 7.300000e-02 4.675000e-01 -5.053293e-01 4.467347e-01
-7.190000e-01 4.675000e-01 -3.848347e-01 4.352628e-01 -7.190000e-01 4.685000e-01 -3.850358e-01 4.352916e-01
7.300000e-02 4.675000e-01 -5.053293e-01 4.467347e-01 7.300000e-02 4.685000e-01 -5.051831e-01 4.467653e-01
-7.190000e-01 4.685000e-01 -3.850358e-01 4.352916e-01 -7.190000e-01 4.695000e-01 -3.852400e-01 4.353220e-01
7.300000e-02 4.685000e-01 -5.051831e-01 4.467653e-01 7.300000e-02 4.695000e-01 -5.050348e-01 4.467968e-01
-7.190000e-01 4.695000e-01 -3.852400e-01 4.353220e-01 -7.190000e-01 4.705000e-01 -3.854473e-01 4.353539e-01
7.300000e-02 4.695000e-01 -5.050348e-01 4.467968e-01 7.300000e-02 4.705000e-01 -5.048844e-01 4.468293e-01
-7.190000e-01 4.705000e-01 -3.854473e-01 4.353539e-01 -7.185000e-01 4.710000e-01 -3.848573e-01 4.352655e-01
-7.185000e-01 4.710000e-01 -3.848573e-01 4.352655e-01 -7.180000e-01 4.715000e-01 -3.842676e-01 4.351750e-01
7.300000e-02 4.705000e-01 -5.048844e-01 4.468293e-01 7.300000e-02 4.715000e-01 -5.047321e-01 4.468627e-01
-7.180000e-01 4.715000e-01 -3.842676e-01 4.351750e-01 -7.180000e-01 4.725000e-01 -3.844820e-01 4.352071e-01
7.250000e-02 4.720000e-01 -5.050130e-01 4.468028e-01 7.200000e-02 4.725000e-01 -5.052936e-01 4.467415e-01
7.300000e-02 4.715000e-01 -5.047321e-01 4.468627e-01 7.250000e-02 4.720000e-01 -5.050130e-01 4.468028e-01
-7.180000e-01 4.725000e-01 -3.844820e-01 4.352071e-01 -7.180000e-01 4.735000e-01 -3.846995e-01 4.352408e-01
7.200000e-02 4.725000e-01 -5.052936e-01 4.467415e-01 7.200000e-02 4.735000e-01 -5.051368e-01 4.467749e-01
-7.180000e-01 4.735000e-01 -3.846995e-01 4.352408e-01 -7.180000e-01 4.745000e-01 -3.849201e-01 4.352763e-01
7.200000e-02 4.735000e-01 -5.051368e-01 4.467749e-01 7.200000e-02 4.745000e-01 -5.049779e-01 4.468093e-01
-7.180000e-01 4.745000e-01 -3.849201e-01 4.352763e-01 -7.180000e-01 4.755000e-01 -3.851437e-01 4.353134e-01
7.200000e-02 4.745000e-01 -5.049779e-01 4.468093e-01 7.200000e-02 4.755000e-01 -5.048170e-01 4.468447e-01
-7.180000e-01 4.755000e-01 -3.851437e-01 4.353134e-01 -7.175000e-01 4.760000e-01 -3.845641e-01 4.352195e-01
-7.175000e-01 4.760000e-01 -3.845641e-01 4.352195e-01 -7.170000e-01 4.765000e-01 -3.839850e-01 4.351235e-01
7.200000e-02 4.755000e-01 -5.048170e-01 4.468447e-01 7.200000e-02 4.765000e-01 -5.046542e-01 4.468811e-01
-7.170000e-01 4.765000e-01 -3.839850e-01 4.351235e-01 -7.170000e-01 4.775000e-01 -3.842158e-01 4.351611e-01
7.200000e-02 4.765000e-01 -5.046542e-01 4.468811e-01 7.200000e-02 4.775000e-01 -5.044894e-01 4.469185e-01
-7.170000e-01 4.775000e-01 -3.842158e-01 4.351611e-01 -7.170000e-01 4.785000e-01 -3.844495e-01 4.352004e-01
7.200000e-02 4.775000e-01 -5.044894e-01 4.469185e-01 7.200000e-02 4.785000e-01 -5.043226e-01 4.469570e-01
-7.170000e-01 4.785000e-01 -3.844495e-01 4.352004e-01 -7.170000e-01 4.795000e-01 -3.846862e-01 4.352415e-01
7.200000e-02 4.785000e-01 -5.043226e-01 4.469570e-01 7.200000e-02 4.795000e-01 -5.041538e-01 4.469966e-01
-7.170000e-01 4.795000e-01 -3.846862e-01 4.352415e-01 -7.170000e-01 4.805000e-01 -3.849260e-01 4.352844e-01
7.200000e-02 4.795000e-01 -5.041538e-01 4.469966e-01 7.200000e-02 4.805000e-01 -5.039830e-01 4.470372e-01
-7.170000e-01 4.805000e-01 -3.849260e-01 4.352844e-01 -7.165000e-01 4.810000e-01 -3.843571e-01 4.351853e-01
-7.165000e-01 4.810000e-01 -3.843571e-01 4.351853e-01 -7.160000e-01 4.815000e-01 -3.837888e-01 4.350843e-01
7.200000e-02 4.805000e-01 -5.039830e-01 4.470372e-01 7.200000e-02 4.815000e-01 -5.038103e-01 4.470789e-01
-7.160000e-01 4.815000e-01 -3.837888e-01 4.350843e-01 -7.160000e-01 4.825000e-01 -3.840356e-01 4.351279e-01
7.200000e-02 4.815000e-01 -5.038103e-01 4.470789e-01 7.200000e-02 4.825000e-01 -5.036356e-01 4.471217e-01
-7.160000e-01 4.825000e-01 -3.840356e-01 4.351279e-01 -7.160000e-01 4.835000e-01 -3.842854e-01 4.351733e-01
7.200000e-02 4.825000e-01 -5.036356e-01 4.471217e-01 7.200000e-02 4.835000e-01 -5.034589e-01 4.471656e-01
-7.160000e-01 4.835000e-01 -3.842854e-01 4.351733e-01 -7.160000e-01 4.845000e-01 -3.845383e-01 4.352207e-01
7.200000e-02 4.835000e-01 -5.034589e-01 4.471656e-01 7.200000e-02 4.845000e-01 -5.032803e-01 4.472106e-01
-7.160000e-01 4.845000e-01 -3.845383e-01 4.352207e-01 -7.155000e-01 4.850000e-01 -3.839781e-01 4.351174e-01
-7.155000e-01 4.850000e-01 -3.839781e-01 4.351174e-01 -7.150000e-01 4.855000e-01 -3.834187e-01 4.350121e-01
7.200000e-02 4.845000e-01 -5.032803e-01 4.472106e-01 7.200000e-02 4.855000e-01 -5.030997e-01 4.472568e-01
-7.150000e-01 4.855000e-01 -3.834187e-01 4.350121e-01 -7.150000e-01 4.865000e-01 -3.836786e-01 4.350604e-01
7.200000e-02 4.855000e-01 -5.030997e-01 4.472568e-01 7.200000e-02 4.865000e-01 -5.029172e-01 4.473041e-01
-7.150000e-01 4.865000e-01 -3.836786e-01 4.350604e-01 -7.150000e-01 4.875000e-01 -3.839414e-01 4.351106e-01
7.200000e-02 4.865000e-01 -5.029172e-01 4.473041e-01 7.200000e-02 4.875000e-01 -5.027328e-01 4.473526e-01
-7.150000e-01 4.875000e-01 -3.839414e-01 4.351106e-01 -7.150000e-01 4.885000e-01 -3.842072e-01 4.351628e-01
7.200000e-02 4.875000e-01 -5.027328e-01 4.473526e-01 7.200000e-02 4.885000e-01 -5.025464e-01 4.474022e-01
-7.150000e-01 4.885000e-01 -3.842072e-01 4.351628e-01 -7.145000e-01 4.890000e-01 -3.836559e-01 4.350556e-01
-7.145000e-01 4.890000e-01 -3.836559e-01 4.350556e-01 -7.140000e-01 4.895000e-01 -3.831054e-01 4.349463e-01
7.200000e-02 4.885000e-01 -5.025464e-01 4.474022e-01 7.200000e-02 4.895000e-01 -5.023581e-01 4.474530e-01
-7.140000e-01 4.895000e-01 -3.831054e-01 4.349463e-01 -7.140000e-01 4.905000e-01 -3.833783e-01 4.349996e-01
7.200000e-02 4.895000e-01 -5.023581e-01 4.474530e-01 7.200000e-02 4.905000e-01 -5.021678e-01 4.475050e-01
-7.140000e-01 4.905000e-01 -3.833783e-01 4.349996e-01 -7.140000e-01 4.915000e-01 -3.836540e-01 4.350550e-01
7.200000e-02 4.905000e-01 -5.021678e-01 4.475050e-01 7.200000e-02 4.915000e-01 -5.019758e-01 4.475582e-01
-7.140000e-01 4.915000e-01 -3.836540e-01 4.350550e-01 -7.140000e-01 4.925000e-01 -3.839326e-01 4.351125e-01
7.200000e-02 4.915000e-01 -5.019758e-01 4.475582e-01 7.200000e-02 4.925000e-01 -5.017817e-01 4.476126e-01
-7.140000e-01 4.925000e-01 -3.839326e-01 4.351125e-01 -7.135000e-01 4.930000e-01 -3.833904e-01 4.350015e-01
-7.135000e-01 4.930000e-01 -3.833904e-01 4.350015e-01 -7.130000e-01 4.935000e-01 -3.828490e-01 4.348884e-01
7.150000e-02 4.930000e-01 -5.020359e-01 4.475425e-01 7.100000e-02 4.935000e-01 -5.022896e-01 4.474711e-01
7.200000e-02 4.925000e-01 -5.017817e-01 4.476126e-01 7.150000e-02 4.930000e-01 -5.020359e-01 4.475425e-01
-7.130000e-01 4.935000e-01 -3.828490e-01 4.348884e-01 -7.130000e-01 4.945000e-01 -3.831346e-01 4.349472e-01
7.100000e-02 4.935000e-01 -5.022896e-01 4.474711e-01 7.100000e-02 4.945000e-01 -5.020911e-01 4.475261e-01
-7.130000e-01 4.945000e-01 -3.831346e-01 4.349472e-01 -7.130000e-01 4.955000e-01 -3.834232e-01 4.350081e-01
7.100000e-02 4.945000e-01 -5.020911e-01 4.475261e-01 7.100000e-02 4.955000e-01 -5.018908e-01 4.475823e-01
-7.130000e-01 4.955000e-01 -3.834232e-01 4.350081e-01 -7.130000e-01 4.965000e-01 -3.837145e-01 4.350712e-01
7.100000e-02 4.955000e-01 -5.018908e-01 4.475823e-01 7.100000e-02 4.965000e-01 -5.016886e-01 4.476398e-01
-7.130000e-01 4.965000e-01 -3.837145e-01 4.350712e-01 -7.125000e-01 4.970000e-01 -3.831814e-01 4.349567e-01
-7.125000e-01 4.970000e-01 -3.831814e-01 4.349567e-01 -7.120000e-01 4.975000e-01 -3.826492e-01 4.348402e-01
7.100000e-02 4.965000e-01 -5.016886e-01 4.476398e-01 7.100000e-02 4.975000e-01 -5.014845e-01 4.476986e-01
-7.120000e-01 4.975000e-01 -3.826492e-01 4.348402e-01 -7.120000e-01 4.985000e-01 -3.829476e-01 4.349048e-01
7.100000e-02 4.975000e-01 -5.014845e-01 4.476986e-01 7.100000e-02 4.985000e-01 -5.012785e-01 4.477587e-01
-7.120000e-01 4.985000e-01 -3.829476e-01 4.349048e-01 -7.120000e-01 4.995000e-01 -3.832487e-01 4.349716e-01
7.100000e-02 4.985000e-01 -5.012785e-01 4.477587e-01 7.100000e-02 4.995000e-01 -5.010707e-01 4.478201e-01
-7.120000e-01 4.995000e-01 -3.832487e-01 4.349716e-01 -7.120000e-01 5.005000e-01 -3.835527e-01 4.350407e-01
7.100000e-02 4.995000e-01 -5.010707e-01 4.478201e-01 7.100000e-02 5.005000e-01 -5.008610e-01 4.478828e-01
-7.120000e-01 5.005000e-01 -3.835527e-01 4.350407e-01 -7.115000e-01 5.010000e-01 -3.830288e-01 4.349230e-01
-7.115000e-01 5.010000e-01 -3.830288e-01 4.349230e-01 -7.110000e-01 5.015000e-01 -3.825058e-01 4.348032e-01
7.100000e-02 5.005000e-01 -5.008610e-01 4.478828e-01 7.100000e-02 5.015000e-01 -5.006494e-01 4.479468e-01
-7.110000e-01 5.015000e-01 -3.825058e-01 4.348032e-01 -7.110000e-01 5.025000e-01 -3.828168e-01 4.348740e-01
7.100000e-02 5.015000e-01 -5.006494e-01 4.479468e-01 7.100000e-02 5.025000e-01 -5.004360e-01 4.480121e-01
-7.110000e-01 5.025000e-01 -3.828168e-01 4.348740e-01 -7.110000e-01 5.035000e-01 -3.831305e-01 4.349471e-01
7.100000e-02 5.025000e-01 -5.004360e-01 4.480121e-01 7.100000e-02 5.035000e-01 -5.002208e-01 4.480788e-01
-7.110000e-01 5.035000e-01 -3.831305e-01 4.349471e-01 -7.105000e-01 5.040000e-01 -3.826138e-01 4.348266e-01
-7.105000e-01 5.040000e-01 -3.826138e-01 4.348266e-01 -7.100000e-01 5.045000e-01 -3.820980e-01 4.347040e-01
7.100000e-02 5.035000e-01 -5.002208e-01 4.480788e-01 7.100000e-02 5.045000e-01 -5.000038e-01 4.481468e-01
-7.100000e-01 5.045000e-01 -3.820980e-01 4.347040e-01 -7.100000e-01 5.055000e-01 -3.824187e-01 4.347791e-01
7.100000e-02 5.045000e-01 -5.000038e-01 4.481468e-01 7.100000e-02 5.055000e-01 -4.997849e-01 4.482162e-01
-7.100000e-01 5.055000e-01 -3.824187e-01 4.347791e-01 -7.100000e-01 5.065000e-01 -3.827421e-01 4.348565e-01
7.100000e-02 5.055000e-01 -4.997849e-01 4.482162e-01 7.100000e-02 5.065000e-01 -4.995643e-01 4.482870e-01
-7.100000e-01 5.065000e-01 -3.827421e-01 4.348565e-01 -7.100000e-01 5.075000e-01 -3.830682e-01 4.349363e-01
7.100000e-02 5.065000e-01 -4.995643e-01 4.482870e-01 7.100000e-02 5.075000e-01 -4.993418e-01 4.483592e-01
-7.100000e-01 5.075000e-01 -3.830682e-01 4.349363e-01 -7.095000e-01 5.080000e-01 -3.825608e-01 4.348130e-01
-7.095000e-01 5.080000e-01 -3.825608e-01 4.348130e-01 -7.090000e-01 5.085000e-01 -3.820545e-01 4.346876e-01
7.100000e-02 5.075000e-01 -4.993418e-01 4.483592e-01 7.100000e-02 5.085000e-01 -4.991175e-01 4.484328e-01
-7.090000e-01 5.085000e-01 -3.820545e-01 4.346876e-01 -7.090000e-01 5.095000e-01 -3.823875e-01 4.347696e-01
7.050000e-02 5.090000e-01 -4.993507e-01 4.483572e-01 7.000000e-02 5.095000e-01 -4.995835e-01 4.482804e-01
7.100000e-02 5.085000e-01 -4.991175e-01 4.484328e-01 7.050000e-02 5.090000e-01 -4.993507e-01 4.483572e-01
-7.090000e-01 5.095000e-01 -3.823875e-01 4.347696e-01 -7.090000e-01 5.105000e-01 -3.827232e-01 4.348540e-01
7.000000e-02 5.095000e-01 -4.995835e-01 4.482804e-01 7.000000e-02 5.105000e-01 -4.993549e-01 4.483550e-01
-7.090000e-01 5.105000e-01 -3.827232e-01 4.348540e-01 -7.085000e-01 5.110000e-01 -3.822231e-01 4.347282e-01
-7.085000e-01 5.110000e-01 -3.822231e-01 4.347282e-01 -7.080000e-01 5.115000e-01 -3.817241e-01 4.346004e-01
7.000000e-02 5.105000e-01 -4.993549e-01 4.483550e-01 7.000000e-02 5.115000e-01 -4.991245e-01 4.484311e-01
-7.080000e-01 5.115000e-01 -3.817241e-01 4.346004e-01 -7.080000e-01 5.125000e-01 -3.820666e-01 4.346871e-01
7.000000e-02 5.115000e-01 -4.991245e-01 4.484311e-01 7.000000e-02 5.125000e-01 -4.988924e-01 4.485086e-01
-7.080000e-01 5.125000e-01 -3.820666e-01 4.346871e-01 -7.080000e-01 5.135000e-01 -3.824118e-01 4.347763e-01
7.000000e-02 5.125000e-01 -4.988924e-01 4.485086e-01 7.000000e-02 5.135000e-01 -4.986584e-01 4.485875e-01
-7.080000e-01 5.135000e-01 -3.824118e-01 4.347763e-01 -7.080000e-01 5.145000e-01 -3.827596e-01 4.348680e-01
7.000000e-02 5.135000e-01 -4.986584e-01 4.485875e-01 7.000000e-02 5.145000e-01 -4.984227e-01 4.486679e-01
-7.080000e-01 5.145000e-01 -3.827596e-01 4.348680e-01 -7.075000e-01 5.150000e-01 -3.822690e-01 4.347399e-01
-7.075000e-01 5.150000e-01 -3.822690e-01 4.347399e-01 -7.070000e-01 5.155000e-01 -3.817795e-01 4.346097e-01
7.000000e-02 5.145000e-01 -4.984227e-01 4.486679e-01 7.000000e-02 5.155000e-01 -4.981852e-01 4.487498e-01
-7.070000e-01 5.155000e-01 -3.817795e-01 4.346097e-01 -7.070000e-01 5.165000e-01 -3.821341e-01 4.347039e-01
7.000000e-02 5.155000e-01 -4.981852e-01 4.487498e-01 7.000000e-02 5.165000e-01 -4.979461e-01 4.488332e-01
-7.070000e-01 5.165000e-01 -3.821341e-01 4.347039e-01 -7.070000e-01 5.175000e-01 -3.824912e-01 4.348007e-01
7.000000e-02 5.165000e-01 -4.979461e-01 4.488332e-01 7.000000e-02 5.175000e-01 -4.977052e-01 4.489181e-01
-7.070000e-01 5.175000e-01 -3.824912e-01 4.348007e-01 -7.065000e-01 5.180000e-01 -3.820080e-01 4.346706e-01
-7.065000e-01 5.180000e-01 -3.820080e-01 4.346706e-01 -7.060000e-01 5.185000e-01 -3.815260e-01 4.345383e-01
7.000000e-02 5.175000e-01 -4.977052e-01 4.489181e-01 7.000000e-02 5.185000e-01 -4.974625e-01 4.490045e-01
-7.060000e-01 5.185000e-01 -3.815260e-01 4.345383e-01 -7.060000e-01 5.195000e-01 -3.818899e-01 4.346377e-01
7.000000e-02 5.185000e-01 -4.974625e-01 4.490045e-01 7.000000e-02 5.195000e-01 -4.972181e-01 4.490924e-01
-7.060000e-01 5.195000e-01 -3.818899e-01 4.346377e-01 -7.060000e-01 5.205000e-01 -3.822563e-01 4.347398e-01
7.000000e-02 5.195000e-01 -4.972181e-01 4.490924e-01 7.000000e-02 5.205000e-01 -4.969721e-01 4.491818e-01
-7.060000e-01 5.205000e-01 -3.822563e-01 4.347398e-01 -7.055000e-01 5.210000e-01 -3.817806e-01 4.346077e-01
-7.055000e-01 5.210000e-01 -3.817806e-01 4.346077e-01 -7.050000e-01 5.215000e-01 -3.813060e-01 4.344735e-01
7.000000e-02 5.205000e-01 -4.969721e-01 4.491818e-01 7.000000e-02 5.215000e-01 -4.967243e-01 4.492728e-01
-7.050000e-01 5.215000e-01 -3.813060e-01 4.344735e-01 -7.050000e-01 5.225000e-01 -3.816792e-01 4.345784e-01
6.950000e-02 5.220000e-01 -4.969404e-01 4.491943e-01 6.900000e-02 5.225000e-01 -4.971560e-01 4.491145e-01
7.000000e-02 5.215000e-01 -4.967243e-01 4.492728e-01 6.950000e-02 5.220000e-01 -4.969404e-01 4.491943e-01
-7.050000e-01 5.225000e-01 -3.816792e-01 4.345784e-01 -7.050000e-01 5.235000e-01 -3.820548e-01 4.346860e-01
6.900000e-02 5.225000e-01 -4.971560e-01 4.491145e-01 6.900000e-02 5.235000e-01 -4.969039e-01 4.492069e-01
-7.050000e-01 5.235000e-01 -3.820548e-01 4.346860e-01 -7.045000e-01 5.240000e-01 -3.815865e-01 4.345521e-01
-7.045000e-01 5.240000e-01 -3.815865e-01 4.345521e-01 -7.040000e-01 5.245000e-01 -3.811196e-01 4.344161e-01
6.900000e-02 5.235000e-01 -4.969039e-01 4.492069e-01 6.900000e-02 5.245000e-01 -4.966503e-01 4.493009e-01
-7.040000e-01 5.245000e-01 -3.811196e-01 4.344161e-01 -7.040000e-01 5.255000e-01 -3.815018e-01 4.345267e-01
6.900000e-02 5.245000e-01 -4.966503e-01 4.493009e-01 6.900000e-02 5.255000e-01 -4.963949e-01 4.493964e-01
-7.040000e-01 5.255000e-01 -3.815018e-01 4.345267e-01 -7.040000e-01 5.265000e-01 -3.818865e-01 4.346400e-01
6.900000e-02 5.255000e-01 -4.963949e-01 4.493964e-01 6.900000e-02 5.265000e-01 -4.961379e-01 4.494935e-01
-7.040000e-01 5.265000e-01 -3.818865e-01 4.346400e-01 -7.035000e-01 5.270000e-01 -3.814258e-01 4.345045e-01
-7.035000e-01 5.270000e-01 -3.814258e-01 4.345045e-01 -7.030000e-01 5.275000e-01 -3.809664e-01 4.343669e-01
6.900000e-02 5.265000e-01 -4.961379e-01 4.494935e-01 6.900000e-02 5.275000e-01 -4.958792e-01 4.495923e-01
-7.030000e-01 5.275000e-01 -3.809664e-01 4.343669e-01 -7.030000e-01 5.285000e-01 -3.813577e-01 4.344834e-01
6.900000e-02 5.275000e-01 -4.958792e-01 4.495923e-01 6.900000e-02 5.285000e-01 -4.956189e-01 4.496926e-01
-7.030000e-01 5.285000e-01 -3.813577e-01 4.344834e-01 -7.030000e-01 5.295000e-01 -3.817513e-01 4.346026e-01
6.900000e-02 5.285000e-01 -4.956189e-01 4.496926e-01 6.900000e-02 5.295000e-01 -4.953569e-01 4.497945e-01
-7.030000e-01 5.295000e-01 -3.817513e-01 4.346026e-01 -7.025000e-01 5.300000e-01 -3.812982e-01 4.344656e-01
-7.025000e-01 5.300000e-01 -3.812982e-01 4.344656e-01 -7.020000e-01 5.305000e-01 -3.808464e-01 4.343265e-01
6.900000e-02 5.295000e-01 -4.953569e-01 4.497945e-01 6.900000e-02 5.305000e-01 -4.950934e-01 4.498981e-01
-7.020000e-01 5.305000e-01 -3.808464e-01 4.343265e-01 -7.020000e-01 5.315000e-01 -3.812465e-01 4.344491e-01
6.900000e-02 5.305000e-01 -4.950934e-01 4.498981e-01 6.900000e-02 5.315000e-01 -4.948282e-01 4.500033e-01
-7.020000e-01 5.315000e-01 -3.812465e-01 4.344491e-01 -7.020000e-01 5.325000e-01 -3.816491e-01 4.345745e-01
6.900000e-02 5.315000e-01 -4.948282e-01 4.500033e-01 6.900000e-02 5.325000e-01 -4.945614e-01 4.501102e-01
-7.020000e-01 5.325000e-01 -3.816491e-01 4.345745e-01 -7.015000e-01 5.330000e-01 -3.812035e-01 4.344362e-01
-7.015000e-01 5.330000e-01 -3.812035e-01 4.344362e-01 -7.010000e-01 5.335000e-01 -3.807593e-01 4.342958e-01
6.850000e-02 5.330000e-01 -4.947629e-01 4.500302e-01 6.800000e-02 5.335000e-01 -4.949638e-01 4.499490e-01
6.900000e-02 5.325000e-01 -4.945614e-01 4.501102e-01 6.850000e-02 5.330000e-01 -4.947629e-01 4.500302e-01
-7.010000e-01 5.335000e-01 -3.807593e-01 4.342958e-01 -7.010000e-01 5.345000e-01 -3.811683e-01 4.344246e-01
6.800000e-02 5.335000e-01 -4.949638e-01 4.499490e-01 6.800000e-02 5.345000e-01 -4.946929e-01 4.500576e-01
-7.010000e-01 5.345000e-01 -3.811683e-01 4.344246e-01 -7.010000e-01 5.355000e-01 -3.815796e-01 4.345564e-01
6.800000e-02 5.345000e-01 -4.946929e-01 4.500576e-01 6.800000e-02 5.355000e-01 -4.944204e-01 4.501679e-01
-7.010000e-01 5.355000e-01 -3.815796e-01 4.345564e-01 -7.005000e-01 5.360000e-01 -3.811417e-01 4.344169e-01
-7.005000e-01 5.360000e-01 -3.811417e-01 4.344169e-01 -7.000000e-01 5.365000e-01 -3.807051e-01 4.342754e-01
6.800000e-02 5.355000e-01 -4.944204e-01 4.501679e-01 6.800000e-02 5.365000e-01 -4.941462e-01 4.502798e-01
-7.000000e-01 5.365000e-01 -3.807051e-01 4.342754e-01 -7.000000e-01 5.375000e-01 -3.811228e-01 4.344107e-01
6.800000e-02 5.365000e-01 -4.941462e-01 4.502798e-01 6.800000e-02 5.375000e-01 -4.938706e-01 4.503935e-01
-7.000000e-01 5.375000e-01 -3.811228e-01 4.344107e-01 -7.000000e-01 5.385000e-01 -3.815426e-01 4.345490e-01
6.800000e-02 5.375000e-01 -4.938706e-01 4.503935e-01 6.800000e-02 5.385000e-01 -4.935933e-01 4.505088e-01
-7.000000e-01 5.385000e-01 -3.815426e-01 4.345490e-01 -6.995000e-01 5.390000e-01 -3.811123e-01 4.344085e-01
-6.995000e-01 5.390000e-01 -3.811123e-01 4.344085e-01 -6.990000e-01 5.395000e-01 -3.806834e-01 4.342660e-01
6.800000e-02 5.385000e-01 -4.935933e-01 4.505088e-01 6.800000e-02 5.395000e-01 -4.933146e-01 4.506259e-01
-6.990000e-01 5.395000e-01 -3.806834e-01 4.342660e-01 -6.990000e-01 5.405000e-01 -3.811097e-01 4.344080e-01
6.800000e-02 5.395000e-01 -4.933146e-01 4.506259e-01 6.800000e-02 5.405000e-01 -4.930343e-01 4.507447e-01
-6.990000e-01 5.405000e-01 -3.811097e-01 4.344080e-01 -6.985000e-01 5.410000e-01 -3.806849e-01 4.342663e-01
-6.985000e-01 5.410000e-01 -3.806849e-01 4.342663e-01 -6.980000e-01 5.415000e-01 -3.802616e-01 4.341226e-01
6.800000e-02 5.405000e-01 -4.930343e-01 4.507447e-01 6.800000e-02 5.415000e-01 -4.927524e-01 4.508652e-01
-6.980000e-01 5.415000e-01 -3.802616e-01 4.341226e-01 -6.980000e-01 5.425000e-01 -3.806941e-01 4.342684e-01
6.800000e-02 5.415000e-01 -4.927524e-01 4.508652e-01 6.800000e-02 5.425000e-01 -4.924690e-01 4.509874e-01
-6.980000e-01 5.425000e-01 -3.806941e-01 4.342684e-01 -6.980000e-01 5.435000e-01 -3.811287e-01 4.344173e-01
6.750000e-02 5.430000e-01 -4.926573e-01 4.509070e-01 6.700000e-02 5.435000e-01 -4.928449e-01 4.508253e-01
6.800000e-02 5.425000e-01 -4.924690e-01 4.509874e-01 6.750000e-02 5.430000e-01 -4.926573e-01 4.509070e-01
-6.980000e-01 5.435000e-01 -3.811287e-01 4.344173e-01 -6.975000e-01 5.440000e-01 -3.807116e-01 4.342749e-01
-6.975000e-01 5.440000e-01 -3.807116e-01 4.342749e-01 -6.970000e-01 5.445000e-01 -3.802960e-01 4.341304e-01
6.700000e-02 5.435000e-01 -4.928449e-01 4.508253e-01 6.700000e-02 5.445000e-01 -4.925574e-01 4.509495e-01
-6.970000e-01 5.445000e-01 -3.802960e-01 4.341304e-01 -6.970000e-01 5.455000e-01 -3.807369e-01 4.342833e-01
6.700000e-02 5.445000e-01 -4.925574e-01 4.509495e-01 6.700000e-02 5.455000e-01 -4.922686e-01 4.510755e-01
-6.970000e-01 5.455000e-01 -3.807369e-01 4.342833e-01 -6.970000e-01 5.465000e-01 -3.811798e-01 4.344393e-01
6.700000e-02 5.455000e-01 -4.922686e-01 4.510755e-01 6.700000e-02 5.465000e-01 -4.919782e-01 4.512033e-01
-6.970000e-01 5.465000e-01 -3.811798e-01 4.344393e-01 -6.965000e-01 5.470000e-01 -3.807703e-01 4.342963e-01
-6.965000e-01 5.470000e-01 -3.807703e-01 4.342963e-01 -6.960000e-01 5.475000e-01 -3.803624e-01 4.341513e-01
6.700000e-02 5.465000e-01 -4.919782e-01 4.512033e-01 6.700000e-02 5.475000e-01 -4.916864e-01 4.513329e-01
-6.960000e-01 5.475000e-01 -3.803624e-01 4.341513e-01 -6.960000e-01 5.485000e-01 -3.808115e-01 4.343114e-01
6.700000e-02 5.475000e-01 -4.916864e-01 4.513329e-01 6.700000e-02 5.485000e-01 -4.913930e-01 4.514643e-01
-6.960000e-01 5.485000e-01 -3.808115e-01 4.343114e-01 -6.955000e-01 5.490000e-01 -3.804076e-01 4.341674e-01
-6.955000e-01 5.490000e-01 -3.804076e-01 4.341674e-01 -6.950000e-01 5.495000e-01 -3.800054e-01 4.340215e-01
6.700000e-02 5.485000e-01 -4.913930e-01 4.514643e-01 6.700000e-02 5.495000e-01 -4.910983e-01 4.515974e-01
-6.950000e-01 5.495000e-01 -3.800054e-01 4.340215e-01 -6.950000e-01 5.505000e-01 -3.804605e-01 4.341858e-01
6.700000e-02 5.495000e-01 -4.910983e-01 4.515974e-01 6.700000e-02 5.505000e-01 -4.908020e-01 4.517324e-01
-6.950000e-01 5.505000e-01 -3.804605e-01 4.341858e-01 -6.950000e-01 5.515000e-01 -3.809176e-01 4.343533e-01
6.700000e-02 5.505000e-01 -4.908020e-01 4.517324e-01 6.700000e-02 5.515000e-01 -4.905044e-01 4.518692e-01
-6.950000e-01 5.515000e-01 -3.809176e-01 4.343533e-01 -6.945000e-01 5.520000e-01 -3.805214e-01 4.342091e-01
-6.945000e-01 5.520000e-01 -3.805214e-01 4.342091e-01 -6.940000e-01 5.525000e-01 -3.801269e-01 4.340628e-01
6.650000e-02 5.520000e-01 -4.906808e-01 4.517890e-01 6.600000e-02 5.525000e-01 -4.908564e-01 4.517075e-01
6.700000e-02 5.515000e-01 -4.905044e-01 4.518692e-01 6.650000e-02 5.520000e-01 -4.906808e-01 4.517890e-01
-6.940000e-01 5.525000e-01 -3.801269e-01 4.340628e-01 -6.940000e-01 5.535000e-01 -3.805900e-01 4.342347e-01
6.600000e-02 5.525000e-01 -4.908564e-01 4.517075e-01 6.600000e-02 5.535000e-01 -4.905548e-01 4.518465e-01
-6.940000e-01 5.535000e-01 -3.805900e-01 4.342347e-01 -6.935000e-01 5.540000e-01 -3.801995e-01 4.340897e-01
-6.935000e-01 5.540000e-01 -3.801995e-01 4.340897e-01 -6.930000e-01 5.545000e-01 -3.798106e-01 4.339427e-01
6.600000e-02 5.535000e-01 -4.905548e-01 4.518465e-01 6.600000e-02 5.545000e-01 -4.902518e-01 4.519874e-01
-6.930000e-01 5.545000e-01 -3.798106e-01 4.339427e-01 -6.930000e-01 5.555000e-01 -3.802796e-01 4.341190e-01
6.600000e-02 5.545000e-01 -4.902518e-01 4.519874e-01 6.600000e-02 5.555000e-01 -4.899474e-01 4.521301e-01
-6.930000e-01 5.555000e-01 -3.802796e-01 4.341190e-01 -6.930000e-01 5.565000e-01 -3.807504e-01 4.342986e-01
6.600000e-02 5.555000e-01 -4.899474e-01 4.521301e-01 6.600000e-02 5.565000e-01 -4.896417e-01 4.522747e-01
-6.930000e-01 5.565000e-01 -3.807504e-01 4.342986e-01 -6.925000e-01 5.570000e-01 -3.803676e-01 4.341536e-01
-6.925000e-01 5.570000e-01 -3.803676e-01 4.341536e-01 -6.920000e-01 5.575000e-01 -3.799865e-01 4.340066e-01
6.600000e-02 5.565000e-01 -4.896417e-01 4.522747e-01 6.600000e-02 5.575000e-01 -4.893344e-01 4.524211e-01
-6.920000e-01 5.575000e-01 -3.799865e-01 4.340066e-01 -6.920000e-01 5.585000e-01 -3.804631e-01 4.341908e-01
6.600000e-02 5.575000e-01 -4.893344e-01 4.524211e-01 6.600000e-02 5.585000e-01 -4.890259e-01 4.525694e-01
-6.920000e-01 5.585000e-01 -3.804631e-01 4.341908e-01 -6.915000e-01 5.590000e-01 -3.800860e-01 4.340452e-01
-6.915000e-01 5.590000e-01 -3.800860e-01 4.340452e-01 -6.910000e-01 5.595000e-01 -3.797105e-01 4.338977e-01
6.600000e-02 5.585000e-01 -4.890259e-01 4.525694e-01 6.600000e-02 5.595000e-01 -4.887161e-01 4.527196e-01
-6.910000e-01 5.595000e-01 -3.797105e-01 4.338977e-01 -6.910000e-01 5.605000e-01 -3.801930e-01 4.340866e-01
6.550000e-02 5.600000e-01 -4.888818e-01 4.526401e-01 6.500000e-02 5.605000e-01 -4.890469e-01 4.525592e-01
6.600000e-02 5.595000e-01 -4.887161e-01 4.527196e-01 6.550000e-02 5.600000e-01 -4.888818e-01 4.526401e-01
-6.910000e-01 5.605000e-01 -3.801930e-01 4.340866e-01 -6.905000e-01 5.610000e-01 -3.798215e-01 4.339405e-01
-6.905000e-01 5.610000e-01 -3.798215e-01 4.339405e-01 -6.900000e-01 5.615000e-01 -3.794518e-01 4.337925e-01
6.500000e-02 5.605000e-01 -4.890469e-01 4.525592e-01 6.500000e-02 5.615000e-01 -4.887332e-01 4.527119e-01
-6.900000e-01 5.615000e-01 -3.794518e-01 4.337925e-01 -6.900000e-01 5.625000e-01 -3.799399e-01 4.339862e-01
6.500000e-02 5.615000e-01 -4.887332e-01 4.527119e-01 6.500000e-02 5.625000e-01 -4.884182e-01 4.528664e-01
-6.900000e-01 5.625000e-01 -3.799399e-01 4.339862e-01 -6.900000e-01 5.635000e-01 -3.804297e-01 4.341831e-01
6.500000e-02 5.625000e-01 -4.884182e-01 4.528664e-01 6.500000e-02 5.635000e-01 -4.881018e-01 4.530229e-01
-6.900000e-01 5.635000e-01 -3.804297e-01 4.341831e-01 -6.895000e-01 5.640000e-01 -3.800659e-01 4.340375e-01
-6.895000e-01 5.640000e-01 -3.800659e-01 4.340375e-01 -6.890000e-01 5.645000e-01 -3.797039e-01 4.338899e-01
6.500000e-02 5.635000e-01 -4.881018e-01 4.530229e-01 6.500000e-02 5.645000e-01 -4.877842e-01 4.531812e-01
-6.890000e-01 5.645000e-01 -3.797039e-01 4.338899e-01 -6.890000e-01 5.655000e-01 -3.801993e-01 4.340918e-01
6.500000e-02 5.645000e-01 -4.877842e-01 4.531812e-01 6.500000e-02 5.655000e-01 -4.874652e-01 4.533415e-01
-6.890000e-01 5.655000e-01 -3.801993e-01 4.340918e-01 -6.885000e-01 5.660000e-01 -3.798412e-01 4.339459e-01
-6.885000e-01 5.660000e-01 -3.798412e-01 4.339459e-01 -6.880000e-01 5.665000e-01 -3.794849e-01 4.337980e-01
6.500000e-02 5.655000e-01 -4.874652e-01 4.533415e-01 6.500000e-02 5.665000e-01 -4.871449e-01 4.535038e-01
-6.880000e-01 5.665000e-01 -3.794849e-01 4.337980e-01 -6.880000e-01 5.675000e-01 -3.799859e-01 4.340049e-01
6.450000e-02 5.670000e-01 -4.873015e-01 4.534251e-01 6.400000e-02 5.675000e-01 -4.874573e-01 4.533452e-01
6.500000e-02 5.665000e-01 -4.871449e-01 4.535038e-01 6.450000e-02 5.670000e-01 -4.873015e-01 4.534251e-01
-6.880000e-01 5.675000e-01 -3.799859e-01 4.340049e-01 -6.875000e-01 5.680000e-01 -3.796334e-01 4.338587e-01
-6.875000e-01 5.680000e-01 -3.796334e-01 4.338587e-01 -6.870000e-01 5.685000e-01 -3.792829e-01 4.337107e-01
6.400000e-02 5.675000e-01 -4.874573e-01 4.533452e-01 6.400000e-02 5.685000e-01 -4.871333e-01 4.535100e-01
-6.870000e-01 5.685000e-01 -3.792829e-01 4.337107e-01 -6.870000e-01 5.695000e-01 -3.797893e-01 4.339227e-01
6.400000e-02 5.685000e-01 -4.871333e-01 4.535100e-01 6.400000e-02 5.695000e-01 -4.868081e-01 4.536768e-01
-6.870000e-01 5.695000e-01 -3.797893e-01 4.339227e-01 -6.870000e-01 5.705000e-01 -3.802973e-01 4.341381e-01
6.400000e-02 5.695000e-01 -4.868081e-01 4.536768e-01 6.400000e-02 5.705000e-01 -4.864816e-01 4.538456e-01
-6.870000e-01 5.705000e-01 -3.802973e-01 4.341381e-01 -6.865000e-01 5.710000e-01 -3.799524e-01 4.339927e-01
-6.865000e-01 5.710000e-01 -3.799524e-01 4.339927e-01 -6.860000e-01 5.715000e-01 -3.796095e-01 4.338455e-01
6.400000e-02 5.705000e-01 -4.864816e-01 4.538456e-01 6.400000e-02 5.715000e-01 -4.861539e-01 4.540163e-01
-6.860000e-01 5.715000e-01 -3.796095e-01 4.338455e-01 -6.860000e-01 5.725000e-01 -3.801228e-01 4.340661e-01
6.400000e-02 5.715000e-01 -4.861539e-01 4.540163e-01 6.400000e-02 5.725000e-01 -4.858250e-01 4.541890e-01
-6.860000e-01 5.725000e-01 -3.801228e-01 4.340661e-01 -6.855000e-01 5.730000e-01 -3.797837e-01 4.339207e-01
-6.855000e-01 5.730000e-01 -3.797837e-01 4.339207e-01 -6.850000e-01 5.735000e-01 -3.794464e-01 4.337735e-01
6.400000e-02 5.725000e-01 -4.858250e-01 4.541890e-01 6.400000e-02 5.735000e-01 -4.854947e-01 4.543637e-01
-6.850000e-01 5.735000e-01 -3.794464e-01 4.337735e-01 -6.850000e-01 5.745000e-01 -3.799651e-01 4.339994e-01
6.350000e-02 5.740000e-01 -4.856422e-01 4.542863e-01 6.300000e-02 5.745000e-01 -4.857888e-01 4.542078e-01
6.400000e-02 5.735000e-01 -4.854947e-01 4.543637e-01 6.350000e-02 5.740000e-01 -4.856422e-01 4.542863e-01
-6.850000e-01 5.745000e-01 -3.799651e-01 4.339994e-01 -6.845000e-01 5.750000e-01 -3.796316e-01 4.338541e-01
-6.845000e-01 5.750000e-01 -3.796316e-01 4.338541e-01 -6.840000e-01 5.755000e-01 -3.793001e-01 4.337069e-01
6.300000e-02 5.745000e-01 -4.857888e-01 4.542078e-01 6.300000e-02 5.755000e-01 -4.854551e-01 4.543853e-01
-6.840000e-01 5.755000e-01 -3.793001e-01 4.337069e-01 -6.840000e-01 5.765000e-01 -3.798238e-01 4.339383e-01
6.300000e-02 5.755000e-01 -4.854551e-01 4.543853e-01 6.300000e-02 5.765000e-01 -4.851201e-01 4.545647e-01
-6.840000e-01 5.765000e-01 -3.798238e-01 4.339383e-01 -6.835000e-01 5.770000e-01 -3.794961e-01 4.337931e-01
-6.835000e-01 5.770000e-01 -3.794961e-01 4.337931e-01 -6.830000e-01 5.775000e-01 -3.791703e-01 4.336461e-01
6.300000e-02 5.765000e-01 -4.851201e-01 4.545647e-01 6.300000e-02 5.775000e-01 -4.847840e-01 4.547462e-01
-6.830000e-01 5.775000e-01 -3.791703e-01 4.336461e-01 -6.830000e-01 5.785000e-01 -3.796992e-01 4.338829e-01
6.300000e-02 5.775000e-01 -4.847840e-01 4.547462e-01 6.300000e-02 5.785000e-01 -4.844466e-01 4.549297e-01
-6.830000e-01 5.785000e-01 -3.796992e-01 4.338829e-01 -6.830000e-01 5.795000e-01 -3.802294e-01 4.341233e-01
6.300000e-02 5.785000e-01 -4.844466e-01 4.549297e-01 6.300000e-02 5.795000e-01 -4.841081e-01 4.551153e-01
-6.830000e-01 5.795000e-01 -3.802294e-01 4.341233e-01 -6.825000e-01 5.800000e-01 -3.799092e-01 4.339794e-01
-6.825000e-01 5.800000e-01 -3.799092e-01 4.339794e-01 -6.820000e-01 5.805000e-01 -3.795909e-01 4.338337e-01
6.250000e-02 5.800000e-01 -4.842477e-01 4.550392e-01 6.200000e-02 5.805000e-01 -4.843865e-01 4.549620e-01
6.300000e-02 5.795000e-01 -4.841081e-01 4.551153e-01 6.250000e-02 5.800000e-01 -4.842477e-01 4.550392e-01
-6.820000e-01 5.805000e-01 -3.795909e-01 4.338337e-01 -6.820000e-01 5.815000e-01 -3.801262e-01 4.340796e-01
6.200000e-02 5.805000e-01 -4.843865e-01 4.549620e-01 6.200000e-02 5.815000e-01 -4.840445e-01 4.551504e-01
-6.820000e-01 5.815000e-01 -3.801262e-01 4.340796e-01 -6.815000e-01 5.820000e-01 -3.798116e-01 4.339360e-01
-6.815000e-01 5.820000e-01 -3.798116e-01 4.339360e-01 -6.810000e-01 5.825000e-01 -3.794990e-01 4.337907e-01
6.200000e-02 5.815000e-01 -4.840445e-01 4.551504e-01 6.200000e-02 5.825000e-01 -4.837014e-01 4.553409e-01
-6.810000e-01 5.825000e-01 -3.794990e-01 4.337907e-01 -6.810000e-01 5.835000e-01 -3.800392e-01 4.340423e-01
6.200000e-02 5.825000e-01 -4.837014e-01 4.553409e-01 6.200000e-02 5.835000e-01 -4.833572e-01 4.555335e-01
-6.810000e-01 5.835000e-01 -3.800392e-01 4.340423e-01 -6.805000e-01 5.840000e-01 -3.797302e-01 4.338991e-01
-6.805000e-01 5.840000e-01 -3.797302e-01 4.338991e-01 -6.800000e-01 5.845000e-01 -3.794233e-01 4.337542e-01
6.200000e-02 5.835000e-01 -4.833572e-01 4.555335e-01 6.200000e-02 5.845000e-01 -4.830119e-01 4.557281e-01
-6.800000e-01 5.845000e-01 -3.794233e-01 4.337542e-01 -6.800000e-01 5.855000e-01 -3.799683e-01 4.340116e-01
6.200000e-02 5.845000e-01 -4.830119e-01 4.557281e-01 6.200000e-02 5.855000e-01 -4.826655e-01 4.559247e-01
-6.800000e-01 5.855000e-01 -3.799683e-01 4.340116e-01 -6.795000e-01 5.860000e-01 -3.796649e-01 4.338689e-01
-6.795000e-01 5.860000e-01 -3.796649e-01 4.338689e-01 -6.790000e-01 5.865000e-01 -3.793637e-01 4.337245e-01
6.150000e-02 5.860000e-01 -4.827973e-01 4.558503e-01 6.100000e-02 5.865000e-01 -4.829283e-01 4.557748e-01
6.200000e-02 5.855000e-01 -4.826655e-01 4.559247e-01 6.150000e-02 5.860000e-01 -4.827973e-01 4.558503e-01
-6.790000e-01 5.865000e-01 -3.793637e-01 4.337245e-01 -6.790000e-01 5.875000e-01 -3.799134e-01 4.339878e-01
6.100000e-02 5.865000e-01 -4.829283e-01 4.557748e-01 6.100000e-02 5.875000e-01 -4.825785e-01 4.559745e-01
-6.790000e-01 5.875000e-01 -3.799134e-01 4.339878e-01 -6.785000e-01 5.880000e-01 -3.796157e-01 4.338457e-01
-6.785000e-01 5.880000e-01 -3.796157e-01 4.338457e-01 -6.780000e-01 5.885000e-01 -3.793202e-01 4.337019e-01
6.100000e-02 5.875000e-01 -4.825785e-01 4.559745e-01 6.100000e-02 5.885000e-01 -4.822276e-01 4.561763e-01
-6.780000e-01 5.885000e-01 -3.793202e-01 4.337019e-01 -6.780000e-01 5.895000e-01 -3.798746e-01 4.339710e-01
6.100000e-02 5.885000e-01 -4.822276e-01 4.561763e-01 6.100000e-02 5.895000e-01 -4.818756e-01 4.563801e-01
-6.780000e-01 5.895000e-01 -3.798746e-01 4.339710e-01 -6.775000e-01 5.900000e-01 -3.795825e-01 4.338296e-01
-6.775000e-01 5.900000e-01 -3.795825e-01 4.338296e-01 -6.770000e-01 5.905000e-01 -3.792925e-01 4.336865e-01
6.100000e-02 5.895000e-01 -4.818756e-01 4.563801e-01 6.100000e-02 5.905000e-01 -4.815225e-01 4.565861e-01
-6.770000e-01 5.905000e-01 -3.792925e-01 4.336865e-01 -6.770000e-01 5.915000e-01 -3.798515e-01 4.339616e-01
6.100000e-02 5.905000e-01 -4.815225e-01 4.565861e-01 6.100000e-02 5.915000e-01 -4.811685e-01 4.567942e-01
-6.770000e-01 5.915000e-01 -3.798515e-01 4.339616e-01 -6.765000e-01 5.920000e-01 -3.795650e-01 4.338209e-01
-6.765000e-01 5.920000e-01 -3.795650e-01 4.338209e-01 -6.760000e-01 5.925000e-01 -3.792807e-01 4.336786e-01
6.050000e-02 5.920000e-01 -4.812928e-01 4.567217e-01 6.000000e-02 5.925000e-01 -4.814161e-01 4.566481e-01
6.100000e-02 5.915000e-01 -4.811685e-01 4.567942e-01 6.050000e-02 5.920000e-01 -4.812928e-01 4.567217e-01
-6.760000e-01 5.925000e-01 -3.792807e-01 4.336786e-01 -6.760000e-01 5.935000e-01 -3.798441e-01 4.339598e-01
6.000000e-02 5.925000e-01 -4.814161e-01 4.566481e-01 6.000000e-02 5.935000e-01 -4.810588e-01 4.568594e-01
-6.760000e-01 5.935000e-01 -3.798441e-01 4.339598e-01 -6.755000e-01 5.940000e-01 -3.795632e-01 4.338199e-01
-6.755000e-01 5.940000e-01 -3.795632e-01 4.338199e-01 -6.750000e-01 5.945000e-01 -3.792845e-01 4.336784e-01
6.000000e-02 5.935000e-01 -4.810588e-01 4.568594e-01 6.000000e-02 5.945000e-01 -4.807005e-01 4.570727e-01
-6.750000e-01 5.945000e-01 -3.792845e-01 4.336784e-01 -6.750000e-01 5.955000e-01 -3.798523e-01 4.339657e-01
6.000000e-02 5.945000e-01 -4.807005e-01 4.570727e-01 6.000000e-02 5.955000e-01 -4.803411e-01 4.572882e-01
-6.750000e-01 5.955000e-01 -3.798523e-01 4.339657e-01 -6.745000e-01 5.960000e-01 -3.795770e-01 4.338267e-01
-6.745000e-01 5.960000e-01 -3.795770e-01 4.338267e-01 -6.740000e-01 5.965000e-01 -3.793038e-01 4.336861e-01
6.000000e-02 5.955000e-01 -4.803411e-01 4.572882e-01 6.000000e-02 5.965000e-01 -4.799808e-01 4.575058e-01
-6.740000e-01 5.965000e-01 -3.793038e-01 4.336861e-01 -6.740000e-01 5.975000e-01 -3.798760e-01 4.339797e-01
6.000000e-02 5.965000e-01 -4.799808e-01 4.575058e-01 6.000000e-02 5.975000e-01 -4.796196e-01 4.577255e-01
-6.740000e-01 5.975000e-01 -3.798760e-01 4.339797e-01 -6.735000e-01 5.980000e-01 -3.796062e-01 4.338417e-01
-6.735000e-01 5.980000e-01 -3.796062e-01 4.338417e-01 -6.730000e-01 5.985000e-01 -3.793386e-01 4.337021e-01
5.950000e-02 5.980000e-01 -4.797362e-01 4.576553e-01 5.900000e-02 5.985000e-01 -4.798520e-01 4.575840e-01
6.000000e-02 5.975000e-01 -4.796196e-01 4.577255e-01 5.950000e-02 5.980000e-01 -4.797362e-01 4.576553e-01
-6.730000e-01 5.985000e-01 -3.793386e-01 4.337021e-01 -6.730000e-01 5.995000e-01 -3.799150e-01 4.340019e-01
5.900000e-02 5.985000e-01 -4.798520e-01 4.575840e-01 5.900000e-02 5.995000e-01 -4.794876e-01 4.578070e-01
-6.730000e-01 5.995000e-01 -3.799150e-01 4.340019e-01 -6.725000e-01 6.000000e-01 -3.796507e-01 4.338650e-01
-6.725000e-01 6.000000e-01 -3.796507e-01 4.338650e-01 -6.720000e-01 6.005000e-01 -3.793887e-01 4.337264e-01
5.900000e-02 5.995000e-01 -4.794876e-01 4.578070e-01 5.900000e-02 6.005000e-01 -4.791222e-01 4.580322e-01
-6.720000e-01 6.005000e-01 -3.793887e-01 4.337264e-01 -6.720000e-01 6.015000e-01 -3.799692e-01 4.340326e-01
5.900000e-02 6.005000e-01 -4.791222e-01 4.580322e-01 5.900000e-02 6.015000e-01 -4.787558e-01 4.582595e-01
-6.720000e-01 6.015000e-01 -3.799692e-01 4.340326e-01 -6.715000e-01 6.020000e-01 -3.797103e-01 4.338968e-01
-6.715000e-01 6.020000e-01 -3.797103e-01 4.338968e-01 -6.710000e-01 6.025000e-01 -3.794539e-01 4.337594e-01
5.900000e-02 6.015000e-01 -4.787558e-01 4.582595e-01 5.900000e-02 6.025000e-01 -4.783886e-01 4.584890e-01
-6.710000e-01 6.025000e-01 -3.794539e-01 4.337594e-01 -6.710000e-01 6.035000e-01 -3.800384e-01 4.340719e-01
5.850000e-02 6.030000e-01 -4.784990e-01 4.584207e-01 5.800000e-02 6.035000e-01 -4.786085e-01 4.583514e-01
5.900000e-02 6.025000e-01 -4.783886e-01 4.584890e-01 5.850000e-02 6.030000e-01 -4.784990e-01 4.584207e-01
-6.710000e-01 6.035000e-01 -3.800384e-01 4.340719e-01 -6.705000e-01 6.040000e-01 -3.797851e-01 4.339374e-01
-6.705000e-01 6.040000e-01 -3.797851e-01 4.339374e-01 -6.700000e-01 6.045000e-01 -3.795341e-01 4.338012e-01
5.800000e-02 6.035000e-01 -4.786085e-01 4.583514e-01 5.800000e-02 6.045000e-01 -4.782381e-01 4.585843e-01
-6.700000e-01 6.045000e-01 -3.795341e-01 4.338012e-01 -6.700000e-01 6.055000e-01 -3.801225e-01 4.341202e-01
5.800000e-02 6.045000e-01 -4.782381e-01 4.585843e-01 5.800000e-02 6.055000e-01 -4.778670e-01 4.588193e-01
-6.700000e-01 6.055000e-01 -3.801225e-01 4.341202e-01 -6.695000e-01 6.060000e-01 -3.798746e-01 4.339869e-01
-6.695000e-01 6.060000e-01 -3.798746e-01 4.339869e-01 -6.690000e-01 6.065000e-01 -3.796291e-01 4.338521e-01
5.800000e-02 6.055000e-01 -4.778670e-01 4.588193e-01 5.800000e-02 6.065000e-01 -4.774949e-01 4.590565e-01
-6.690000e-01 6.065000e-01 -3.796291e-01 4.338521e-01 -6.690000e-01 6.075000e-01 -3.802214e-01 4.341776e-01
5.800000e-02 6.065000e-01 -4.774949e-01 4.590565e-01 5.800000e-02 6.075000e-01 -4.771219e-01 4.592959e-01
-6.690000e-01 6.075000e-01 -3.802214e-01 4.341776e-01 -6.685000e-01 6.080000e-01 -3.799789e-01 4.340457e-01
-6.685000e-01 6.080000e-01 -3.799789e-01 4.340457e-01 -6.680000e-01 6.085000e-01 -3.797389e-01 4.339122e-01
5.750000e-02 6.080000e-01 -4.772260e-01 4.592298e-01 5.700000e-02 6.085000e-01 -4.773292e-01 4.591626e-01
5.800000e-02 6.075000e-01 -4.771219e-01 4.592959e-01 5.750000e-02 6.080000e-01 -4.772260e-01 4.592298e-01
-6.680000e-01 6.085000e-01 -3.797389e-01 4.339122e-01 -6.675000e-01 6.090000e-01 -3.795003e-01 4.337803e-01
-6.675000e-01 6.090000e-01 -3.795003e-01 4.337803e-01 -6.670000e-01 6.095000e-01 -3.792641e-01 4.336468e-01
5.700000e-02 6.085000e-01 -4.773292e-01 4.591626e-01 5.700000e-02 6.095000e-01 -4.769533e-01 4.594056e-01
-6.670000e-01 6.095000e-01 -3.792641e-01 4.336468e-01 -6.670000e-01 6.105000e-01 -3.798631e-01 4.339818e-01
5.700000e-02 6.095000e-01 -4.769533e-01 4.594056e-01 5.700000e-02 6.105000e-01 -4.765765e-01 4.596506e-01
-6.670000e-01 6.105000e-01 -3.798631e-01 4.339818e-01 -6.665000e-01 6.110000e-01 -3.796299e-01 4.338514e-01
-6.665000e-01 6.110000e-01 -3.796299e-01 4.338514e-01 -6.660000e-01 6.115000e-01 -3.793992e-01 4.337194e-01
5.700000e-02 6.105000e-01 -4.765765e-01 4.596506e-01 5.700000e-02 6.115000e-01 -4.761990e-01 4.598979e-01
-6.660000e-01 6.115000e-01 -3.793992e-01 4.337194e-01 -6.660000e-01 6.125000e-01 -3.800018e-01 4.340611e-01
5.650000e-02 6.120000e-01 -4.762981e-01 4.598335e-01 5.600000e-02 6.125000e-01 -4.763961e-01 4.597680e-01
5.700000e-02 6.115000e-01 -4.761990e-01 4.598979e-01 5.650000e-02 6.120000e-01 -4.762981e-01 4.598335e-01
-6.660000e-01 6.125000e-01 -3.800018e-01 4.340611e-01 -6.655000e-01 6.130000e-01 -3.797740e-01 4.339322e-01
-6.655000e-01 6.130000e-01 -3.797740e-01 4.339322e-01 -6.650000e-01 6.135000e-01 -3.795486e-01 4.338019e-01
5.600000e-02 6.125000e-01 -4.763961e-01 4.597680e-01 5.600000e-02 6.135000e-01 -4.760156e-01 4.600188e-01
-6.650000e-01 6.135000e-01 -3.795486e-01 4.338019e-01 -6.650000e-01 6.145000e-01 -3.801546e-01 4.341503e-01
5.600000e-02 6.135000e-01 -4.760156e-01 4.600188e-01 5.600000e-02 6.145000e-01 -4.756343e-01 4.602719e-01
-6.650000e-01 6.145000e-01 -3.801546e-01 4.341503e-01 -6.645000e-01 6.150000e-01 -3.799322e-01 4.340231e-01
-6.645000e-01 6.150000e-01 -3.799322e-01 4.340231e-01 -6.640000e-01 6.155000e-01 -3.797121e-01 4.338944e-01
5.600000e-02 6.145000e-01 -4.756343e-01 4.602719e-01 5.600000e-02 6.155000e-01 -4.752523e-01 4.605272e-01
-6.640000e-01 6.155000e-01 -3.797121e-01 4.338944e-01 -6.640000e-01 6.165000e-01 -3.803216e-01 4.342496e-01
5.600000e-02 6.155000e-01 -4.752523e-01 4.605272e-01 5.600000e-02 6.165000e-01 -4.748695e-01 4.607847e-01
-6.640000e-01 6.165000e-01 -3.803216e-01 4.342496e-01 -6.635000e-01 6.170000e-01 -3.801044e-01 4.341240e-01
-6.635000e-01 6.170000e-01 -3.801044e-01 4.341240e-01 -6.630000e-01 6.175000e-01 -3.798896e-01 4.339971e-01
5.550000e-02 6.170000e-01 -4.749624e-01 4.607228e-01 5.500000e-02 6.175000e-01 -4.750544e-01 4.606599e-01
5.600000e-02 6.165000e-01 -4.748695e-01 4.607847e-01 5.550000e-02 6.170000e-01 -4.749624e-01 4.607228e-01
-6.630000e-01 6.175000e-01 -3.798896e-01 4.339971e-01 -6.630000e-01 6.185000e-01 -3.805024e-01 4.343591e-01
5.500000e-02 6.175000e-01 -4.750544e-01 4.606599e-01 5.500000e-02 6.185000e-01 -4.746688e-01 4.609211e-01
-6.630000e-01 6.185000e-01 -3.805024e-01 4.343591e-01 -6.625000e-01 6.190000e-01 -3.802904e-01 4.342353e-01
-6.625000e-01 6.190000e-01 -3.802904e-01 4.342353e-01 -6.620000e-01 6.195000e-01 -3.800809e-01 4.341102e-01
5.500000e-02 6.185000e-01 -4.746688e-01 4.609211e-01 5.500000e-02 6.195000e-01 -4.742825e-01 4.611845e-01
-6.620000e-01 6.195000e-01 -3.800809e-01 4.341102e-01 -6.615000e-01 6.200000e-01 -3.798729e-01 4.339867e-01
-6.615000e-01 6.200000e-01 -3.798729e-01 4.339867e-01 -6.610000e-01 6.205000e-01 -3.796673e-01 4.338618e-01
5.500000e-02 6.195000e-01 -4.742825e-01 4.611845e-01 5.500000e-02 6.205000e-01 -4.738954e-01 4.614501e-01
-6.610000e-01 6.205000e-01 -3.796673e-01 4.338618e-01 -6.610000e-01 6.215000e-01 -3.802859e-01 4.342339e-01
5.450000e-02 6.210000e-01 -4.739834e-01 4.613902e-01 5.400000e-02 6.215000e-01 -4.740703e-01 4.613292e-01
5.500000e-02 6.205000e-01 -4.738954e-01 4.614501e-01 5.450000e-02 6.210000e-01 -4.739834e-01 4.613902e-01
-6.610000e-01 6.215000e-01 -3.802859e-01 4.342339e-01 -6.605000e-01 6.220000e-01 -3.800830e-01 4.341123e-01
-6.605000e-01 6.220000e-01 -3.800830e-01 4.341123e-01 -6.600000e-01 6.225000e-01 -3.798826e-01 4.339894e-01
5.400000e-02 6.215000e-01 -4.740703e-01 4.613292e-01 5.400000e-02 6.225000e-01 -4.736806e-01 4.615986e-01
-6.600000e-01 6.225000e-01 -3.798826e-01 4.339894e-01 -6.600000e-01 6.235000e-01 -3.805043e-01 4.343684e-01
5.400000e-02 6.225000e-01 -4.736806e-01 4.615986e-01 5.400000e-02 6.235000e-01 -4.732901e-01 4.618703e-01
-6.600000e-01 6.235000e-01 -3.805043e-01 4.343684e-01 -6.595000e-01 6.240000e-01 -3.803066e-01 4.342488e-01
-6.595000e-01 6.240000e-01 -3.803066e-01 4.342488e-01 -6.590000e-01 6.245000e-01 -3.801114e-01 4.341279e-01
5.400000e-02 6.235000e-01 -4.732901e-01 4.618703e-01 5.400000e-02 6.245000e-01 -4.728990e-01 4.621441e-01
-6.590000e-01 6.245000e-01 -3.801114e-01 4.341279e-01 -6.590000e-01 6.255000e-01 -3.807360e-01 4.345139e-01
5.400000e-02 6.245000e-01 -4.728990e-01 4.621441e-01 5.400000e-02 6.255000e-01 -4.725071e-01 4.624203e-01
-6.590000e-01 6.255000e-01 -3.807360e-01 4.345139e-01 -6.585000e-01 6.260000e-01 -3.805433e-01 4.343963e-01
-6.585000e-01 6.260000e-01 -3.805433e-01 4.343963e-01 -6.580000e-01 6.265000e-01 -3.803533e-01 4.342775e-01
5.350000e-02 6.260000e-01 -4.725893e-01 4.623632e-01 5.300000e-02 6.265000e-01 -4.726703e-01 4.623052e-01
5.400000e-02 6.255000e-01 -4.725071e-01 4.624203e-01 5.350000e-02 6.260000e-01 -4.725893e-01 4.623632e-01
-6.580000e-01 6.265000e-01 -3.803533e-01 4.342775e-01 -6.575000e-01 6.270000e-01 -3.801645e-01 4.341603e-01
-6.575000e-01 6.270000e-01 -3.801645e-01 4.341603e-01 -6.570000e-01 6.275000e-01 -3.799783e-01 4.340419e-01
5.300000e-02 6.265000e-01 -4.726703e-01 4.623052e-01 5.300000e-02 6.275000e-01 -4.722759e-01 4.625852e-01
-6.570000e-01 6.275000e-01 -3.799783e-01 4.340419e-01 -6.570000e-01 6.285000e-01 -3.806082e-01 4.344384e-01
5.300000e-02 6.275000e-01 -4.722759e-01 4.625852e-01 5.300000e-02 6.285000e-01 -4.718809e-01 4.628674e-01
-6.570000e-01 6.285000e-01 -3.806082e-01 4.344384e-01 -6.565000e-01 6.290000e-01 -3.804245e-01 4.343234e-01
-6.565000e-01 6.290000e-01 -3.804245e-01 4.343234e-01 -6.560000e-01 6.295000e-01 -3.802433e-01 4.342072e-01
5.300000e-02 6.285000e-01 -4.718809e-01 4.628674e-01 5.300000e-02 6.295000e-01 -4.714852e-01 4.631519e-01
-6.560000e-01 6.295000e-01 -3.802433e-01 4.342072e-01 -6.560000e-01 6.305000e-01 -3.808759e-01 4.346107e-01
5.250000e-02 6.300000e-01 -4.715625e-01 4.630971e-01 5.200000e-02 6.305000e-01 -4.716387e-01 4.630413e-01
5.300000e-02 6.295000e-01 -4.714852e-01 4.631519e-01 5.250000e-02 6.300000e-01 -4.715625e-01 4.630971e-01
-6.560000e-01 6.305000e-01 -3.808759e-01 4.346107e-01 -6.555000e-01 6.310000e-01 -3.806972e-01 4.344979e-01
-6.555000e-01 6.310000e-01 -3.806972e-01 4.344979e-01 -6.550000e-01 6.315000e-01 -3.805211e-01 4.343840e-01
5.200000e-02 6.305000e-01 -4.716387e-01 4.630413e-01 5.200000e-02 6.315000e-01 -4.712405e-01 4.633297e-01
-6.550000e-01 6.315000e-01 -3.805211e-01 4.343840e-01 -6.545000e-01 6.320000e-01 -3.803462e-01 4.342718e-01
-6.545000e-01 6.320000e-01 -3.803462e-01 4.342718e-01 -6.540000e-01 6.325000e-01 -3.801739e-01 4.341584e-01
5.200000e-02 6.315000e-01 -4.712405e-01 4.633297e-01 5.200000e-02 6.325000e-01 -4.708417e-01 4.636204e-01
-6.540000e-01 6.325000e-01 -3.801739e-01 4.341584e-01 -6.540000e-01 6.335000e-01 -3.808113e-01 4.345726e-01
5.200000e-02 6.325000e-01 -4.708417e-01 4.636204e-01 5.200000e-02 6.335000e-01 -4.704423e-01 4.639133e-01
-6.540000e-01 6.335000e-01 -3.808113e-01 4.345726e-01 -6.535000e-01 6.340000e-01 -3.806414e-01 4.344627e-01
-6.535000e-01 6.340000e-01 -3.806414e-01 4.344627e-01 -6.530000e-01 6.345000e-01 -3.804741e-01 4.343517e-01
5.150000e-02 6.340000e-01 -4.705149e-01 4.638609e-01 5.100000e-02 6.345000e-01 -4.705863e-01 4.638076e-01
5.200000e-02 6.335000e-01 -4.704423e-01 4.639133e-01 5.150000e-02 6.340000e-01 -4.705149e-01 4.638609e-01
-6.530000e-01 6.345000e-01 -3.804741e-01 4.343517e-01 -6.530000e-01 6.355000e-01 -3.811139e-01 4.347730e-01
5.100000e-02 6.345000e-01 -4.705863e-01 4.638076e-01 5.100000e-02 6.355000e-01 -4.701846e-01 4.641045e-01
-6.530000e-01 6.355000e-01 -3.811139e-01 4.347730e-01 -6.525000e-01 6.360000e-01 -3.809489e-01 4.346656e-01
-6.525000e-01 6.360000e-01 -3.809489e-01 4.346656e-01 -6.520000e-01 6.365000e-01 -3.807865e-01 4.345570e-01
5.100000e-02 6.355000e-01 -4.701846e-01 4.641045e-01 5.100000e-02 6.365000e-01 -4.697822e-01 4.644037e-01
-6.520000e-01 6.365000e-01 -3.807865e-01 4.345570e-01 -6.515000e-01 6.370000e-01 -3.806252e-01 4.344502e-01
-6.515000e-01 6.370000e-01 -3.806252e-01 4.344502e-01 -6.510000e-01 6.375000e-01 -3.804666e-01 4.343423e-01
5.100000e-02 6.365000e-01 -4.697822e-01 4.644037e-01 5.100000e-02 6.375000e-01 -4.693792e-01 4.647051e-01
-6.510000e-01 6.375000e-01 -3.804666e-01 4.343423e-01 -6.510000e-01 6.385000e-01 -3.811109e-01 4.347745e-01
5.050000e-02 6.380000e-01 -4.694471e-01 4.646552e-01 5.000000e-02 6.385000e-01 -4.695138e-01 4.646045e-01
5.100000e-02 6.375000e-01 -4.693792e-01 4.647051e-01 5.050000e-02 6.380000e-01 -4.694471e-01 4.646552e-01
-6.510000e-01 6.385000e-01 -3.811109e-01 4.347745e-01 -6.505000e-01 6.390000e-01 -3.809544e-01 4.346702e-01
-6.505000e-01 6.390000e-01 -3.809544e-01 4.346702e-01 -6.500000e-01 6.395000e-01 -3.808007e-01 4.345649e-01
5.000000e-02 6.385000e-01 -4.695138e-01 4.646045e-01 5.000000e-02 6.395000e-01 -4.691087e-01 4.649100e-01
-6.500000e-01 6.395000e-01 -3.808007e-01 4.345649e-01 -6.500000e-01 6.405000e-01 -3.814471e-01 4.350043e-01
5.000000e-02 6.395000e-01 -4.691087e-01 4.649100e-01 5.000000e-02 6.405000e-01 -4.687029e-01 4.652177e-01
-6.500000e-01 6.405000e-01 -3.814471e-01 4.350043e-01 -6.495000e-01 6.410000e-01 -3.812954e-01 4.349027e-01
-6.495000e-01 6.410000e-01 -3.812954e-01 4.349027e-01 -6.490000e-01 6.415000e-01 -3.811464e-01 4.347999e-01
4.950000e-02 6.410000e-01 -4.687670e-01 4.651696e-01 4.900000e-02 6.415000e-01 -4.688301e-01 4.651207e-01
5.000000e-02 6.405000e-01 -4.687029e-01 4.652177e-01 4.950000e-02 6.410000e-01 -4.687670e-01 4.651696e-01
-6.490000e-01 6.415000e-01 -3.811464e-01 4.347999e-01 -6.485000e-01 6.420000e-01 -3.809985e-01 4.346991e-01
-6.485000e-01 6.420000e-01 -3.809985e-01 4.346991e-01 -6.480000e-01 6.425000e-01 -3.808533e-01 4.345972e-01
4.900000e-02 6.415000e-01 -4.688301e-01 4.651207e-01 4.900000e-02 6.425000e-01 -4.684221e-01 4.654325e-01
-6.480000e-01 6.425000e-01 -3.808533e-01 4.345972e-01 -6.480000e-01 6.435000e-01 -3.815037e-01 4.350476e-01
4.900000e-02 6.425000e-01 -4.684221e-01 4.654325e-01 4.900000e-02 6.435000e-01 -4.680136e-01 4.657467e-01
-6.480000e-01 6.435000e-01 -3.815037e-01 4.350476e-01 -6.475000e-01 6.440000e-01 -3.813605e-01 4.349494e-01
-6.475000e-01 6.440000e-01 -3.813605e-01 4.349494e-01 -6.470000e-01 6.445000e-01 -3.812200e-01 4.348502e-01
4.900000e-02 6.435000e-01 -4.680136e-01 4.657467e-01 4.900000e-02 6.445000e-01 -4.676047e-01 4.660631e-01
-6.470000e-01 6.445000e-01 -3.812200e-01 4.348502e-01 -6.465000e-01 6.450000e-01 -3.810805e-01 4.347529e-01
-6.465000e-01 6.450000e-01 -3.810805e-01 4.347529e-01 -6.460000e-01 6.455000e-01 -3.809436e-01 4.346546e-01
4.850000e-02 6.450000e-01 -4.676642e-01 4.660178e-01 4.800000e-02 6.455000e-01 -4.677228e-01 4.659716e-01
4.900000e-02 6.445000e-01 -4.676047e-01 4.660631e-01 4.850000e-02 6.450000e-01 -4.676642e-01 4.660178e-01
-6.460000e-01 6.455000e-01 -3.809436e-01 4.346546e-01 -6.460000e-01 6.465000e-01 -3.815978e-01 4.351161e-01
4.800000e-02 6.455000e-01 -4.677228e-01 4.659716e-01 4.800000e-02 6.465000e-01 -4.673116e-01 4.662922e-01
-6.460000e-01 6.465000e-01 -3.815978e-01 4.351161e-01 -6.455000e-01 6.470000e-01 -3.814629e-01 4.350216e-01
-6.455000e-01 6.470000e-01 -3.814629e-01 4.350216e-01 -6.450000e-01 6.475000e-01 -3.813307e-01 4.349261e-01
4.800000e-02 6.465000e-01 -4.673116e-01 4.662922e-01 4.800000e-02 6.475000e-01 -4.669001e-01 4.666150e-01
-6.450000e-01 6.475000e-01 -3.813307e-01 4.349261e-01 -6.450000e-01 6.485000e-01 -3.819866e-01 4.353949e-01
4.750000e-02 6.480000e-01 -4.669560e-01 4.665716e-01 4.700000e-02 6.485000e-01 -4.670108e-01 4.665274e-01
4.800000e-02 6.475000e-01 -4.669001e-01 4.666150e-01 4.750000e-02 6.480000e-01 -4.669560e-01 4.665716e-01
-6.450000e-01 6.485000e-01 -3.819866e-01 4.353949e-01 -6.445000e-01 6.490000e-01 -3.818563e-01 4.353033e-01
-6.445000e-01 6.490000e-01 -3.818563e-01 4.353033e-01 -6.440000e-01 6.495000e-01 -3.817287e-01 4.352107e-01
4.700000e-02 6.485000e-01 -4.670108e-01 4.665274e-01 4.700000e-02 6.495000e-01 -4.665972e-01 4.668545e-01
-6.440000e-01 6.495000e-01 -3.817287e-01 4.352107e-01 -6.435000e-01 6.500000e-01 -3.816020e-01 4.351200e-01
-6.435000e-01 6.500000e-01 -3.816020e-01 4.351200e-01 -6.430000e-01 6.505000e-01 -3.814781e-01 4.350285e-01
4.700000e-02 6.495000e-01 -4.665972e-01 4.668545e-01 4.700000e-02 6.505000e-01 -4.661831e-01 4.671839e-01
-6.430000e-01 6.505000e-01 -3.814781e-01 4.350285e-01 -6.430000e-01 6.515000e-01 -3.821373e-01 4.355085e-01
4.700000e-02 6.505000e-01 -4.661831e-01 4.671839e-01 4.700000e-02 6.515000e-01 -4.657687e-01 4.675156e-01
-6.430000e-01 6.515000e-01 -3.821373e-01 4.355085e-01 -6.425000e-01 6.520000e-01 -3.820151e-01 4.354208e-01
-6.425000e-01 6.520000e-01 -3.820151e-01 4.354208e-01 -6.420000e-01 6.525000e-01 -3.818956e-01 4.353322e-01
4.650000e-02 6.520000e-01 -4.658203e-01 4.674751e-01 4.600000e-02 6.525000e-01 -4.658707e-01 4.674339e-01
4.700000e-02 6.515000e-01 -4.657687e-01 4.675156e-01 4.650000e-02 6.520000e-01 -4.658203e-01 4.674751e-01
-6.420000e-01 6.525000e-01 -3.818956e-01 4.353322e-01 -6.415000e-01 6.530000e-01 -3.817771e-01 4.352456e-01
-6.415000e-01 6.530000e-01 -3.817771e-01 4.352456e-01 -6.410000e-01 6.535000e-01 -3.816612e-01 4.351581e-01
4.600000e-02 6.525000e-01 -4.658707e-01 4.674339e-01 4.600000e-02 6.535000e-01 -4.654542e-01 4.677698e-01
-6.410000e-01 6.535000e-01 -3.816612e-01 4.351581e-01 -6.410000e-01 6.545000e-01 -3.823235e-01 4.356493e-01
4.600000e-02 6.535000e-01 -4.654542e-01 4.677698e-01 4.600000e-02 6.545000e-01 -4.650373e-01 4.681081e-01
-6.410000e-01 6.545000e-01 -3.823235e-01 4.356493e-01 -6.405000e-01 6.550000e-01 -3.822093e-01 4.355657e-01
-6.405000e-01 6.550000e-01 -3.822093e-01 4.355657e-01 -6.400000e-01 6.555000e-01 -3.820979e-01 4.354813e-01
4.550000e-02 6.550000e-01 -4.650854e-01 4.680698e-01 4.500000e-02 6.555000e-01 -4.651323e-01 4.680307e-01
4.600000e-02 6.545000e-01 -4.650373e-01 4.681081e-01 4.550000e-02 6.550000e-01 -4.650854e-01 4.680698e-01
-6.400000e-01 6.555000e-01 -3.820979e-01 4.354813e-01 -6.395000e-01 6.560000e-01 -3.819872e-01 4.353989e-01
-6.395000e-01 6.560000e-01 -3.819872e-01 4.353989e-01 -6.390000e-01 6.565000e-01 -3.818793e-01 4.353157e-01
4.500000e-02 6.555000e-01 -4.651323e-01 4.680307e-01 4.500000e-02 6.565000e-01 -4.647136e-01 4.683732e-01
-6.390000e-01 6.565000e-01 -3.818793e-01 4.353157e-01 -6.390000e-01 6.575000e-01 -3.825444e-01 4.358182e-01
4.500000e-02 6.565000e-01 -4.647136e-01 4.683732e-01 4.500000e-02 6.575000e-01 -4.642945e-01 4.687180e-01
-6.390000e-01 6.575000e-01 -3.825444e-01 4.358182e-01 -6.385000e-01 6.580000e-01 -3.824381e-01 4.357389e-01
-6.385000e-01 6.580000e-01 -3.824381e-01 4.357389e-01 -6.380000e-01 6.585000e-01 -3.823345e-01 4.356589e-01
4.450000e-02 6.580000e-01 -4.643390e-01 4.686819e-01 4.400000e-02 6.585000e-01 -4.643824e-01 4.686450e-01
4.500000e-02 6.575000e-01 -4.642945e-01 4.687180e-01 4.450000e-02 6.580000e-01 -4.643390e-01 4.686819e-01
-6.380000e-01 6.585000e-01 -3.823345e-01 4.356589e-01 -6.375000e-01 6.590000e-01 -3.822318e-01 4.355808e-01
-6.375000e-01 6.590000e-01 -3.822318e-01 4.355808e-01 -6.370000e-01 6.595000e-01 -3.821317e-01 4.355020e-01
4.400000e-02 6.585000e-01 -4.643824e-01 4.686450e-01 4.400000e-02 6.595000e-01 -4.639615e-01 4.689942e-01
-6.370000e-01 6.595000e-01 -3.821317e-01 4.355020e-01 -6.370000e-01 6.605000e-01 -3.827993e-01 4.360159e-01
4.400000e-02 6.595000e-01 -4.639615e-01 4.689942e-01 4.400000e-02 6.605000e-01 -4.635402e-01 4.693457e-01
-6.370000e-01 6.605000e-01 -3.827993e-01 4.360159e-01 -6.365000e-01 6.610000e-01 -3.827008e-01 4.359410e-01
-6.365000e-01 6.610000e-01 -3.827008e-01 4.359410e-01 -6.360000e-01 6.615000e-01 -3.826050e-01 4.358655e-01
4.350000e-02 6.610000e-01 -4.635814e-01 4.693118e-01 4.300000e-02 6.615000e-01 -4.636214e-01 4.692772e-01
4.400000e-02 6.605000e-01 -4.635402e-01 4.693457e-01 4.350000e-02 6.610000e-01 -4.635814e-01 4.693118e-01
-6.360000e-01 6.615000e-01 -3.826050e-01 4.358655e-01 -6.355000e-01 6.620000e-01 -3.825099e-01 4.357919e-01
-6.355000e-01 6.620000e-01 -3.825099e-01 4.357919e-01 -6.350000e-01 6.625000e-01 -3.824176e-01 4.357177e-01
4.300000e-02 6.615000e-01 -4.636214e-01 4.692772e-01 4.300000e-02 6.625000e-01 -4.631983e-01 4.696330e-01
-6.350000e-01 6.625000e-01 -3.824176e-01 4.357177e-01 -6.350000e-01 6.635000e-01 -3.830875e-01 4.362430e-01
4.300000e-02 6.625000e-01 -4.631983e-01 4.696330e-01 4.300000e-02 6.635000e-01 -4.627750e-01 4.699912e-01
-6.350000e-01 6.635000e-01 -3.830875e-01 4.362430e-01 -6.345000e-01 6.640000e-01 -3.829965e-01 4.361728e-01
-6.345000e-01 6.640000e-01 -3.829965e-01 4.361728e-01 -6.340000e-01 6.645000e-01 -3.829083e-01 4.361019e-01
4.300000e-02 6.635000e-01 -4.627750e-01 4.699912e-01 4.300000e-02 6.645000e-01 -4.623514e-01 4.703517e-01
-6.340000e-01 6.645000e-01 -3.829083e-01 4.361019e-01 -6.335000e-01 6.650000e-01 -3.828208e-01 4.360330e-01
-6.335000e-01 6.650000e-01 -3.828208e-01 4.360330e-01 -6.330000e-01 6.655000e-01 -3.827361e-01 4.359635e-01
4.250000e-02 6.650000e-01 -4.623884e-01 4.703212e-01 4.200000e-02 6.655000e-01 -4.624243e-01 4.702900e-01
4.300000e-02 6.645000e-01 -4.623514e-01 4.703517e-01 4.250000e-02 6.650000e-01 -4.623884e-01 4.703212e-01
-6.330000e-01 6.655000e-01 -3.827361e-01 4.359635e-01 -6.330000e-01 6.665000e-01 -3.834079e-01 4.365002e-01
4.200000e-02 6.655000e-01 -4.624243e-01 4.702900e-01 4.200000e-02 6.665000e-01 -4.619991e-01 4.706549e-01
-6.330000e-01 6.665000e-01 -3.834079e-01 4.365002e-01 -6.325000e-01 6.670000e-01 -3.833244e-01 4.364348e-01
-6.325000e-01 6.670000e-01 -3.833244e-01 4.364348e-01 -6.320000e-01 6.675000e-01 -3.832438e-01 4.363687e-01
4.200000e-02 6.665000e-01 -4.619991e-01 4.706549e-01 4.200000e-02 6.675000e-01 -4.615735e-01 4.710221e-01
-6.320000e-01 6.675000e-01 -3.832438e-01 4.363687e-01 -6.315000e-01 6.680000e-01 -3.831637e-01 4.363046e-01
-6.315000e-01 6.680000e-01 -3.831637e-01 4.363046e-01 -6.310000e-01 6.685000e-01 -3.830864e-01 4.362400e-01
4.150000e-02 6.680000e-01 -4.616073e-01 4.709940e-01 4.100000e-02 6.685000e-01 -4.616398e-01 4.709652e-01
4.200000e-02 6.675000e-01 -4.615735e-01 4.710221e-01 4.150000e-02 6.680000e-01 -4.616073e-01 4.709940e-01
-6.310000e-01 6.685000e-01 -3.830864e-01 4.362400e-01 -6.310000e-01 6.695000e-01 -3.837599e-01 4.367882e-01
4.100000e-02 6.685000e-01 -4.616398e-01 4.709652e-01 4.100000e-02 6.695000e-01 -4.612127e-01 4.713369e-01
-6.310000e-01 6.695000e-01 -3.837599e-01 4.367882e-01 -6.305000e-01 6.700000e-01 -3.836837e-01 4.367277e-01
-6.305000e-01 6.700000e-01 -3.836837e-01 4.367277e-01 -6.300000e-01 6.705000e-01 -3.836104e-01 4.366665e-01
4.050000e-02 6.700000e-01 -4.612439e-01 4.713103e-01 4.000000e-02 6.705000e-01 -4.612739e-01 4.712829e-01
4.100000e-02 6.695000e-01 -4.612127e-01 4.713369e-01 4.050000e-02 6.700000e-01 -4.612439e-01 4.713103e-01
-6.300000e-01 6.705000e-01 -3.836104e-01 4.366665e-01 -6.295000e-01 6.710000e-01 -3.835376e-01 4.366074e-01
-6.295000e-01 6.710000e-01 -3.835376e-01 4.366074e-01 -6.290000e-01 6.715000e-01 -3.834676e-01 4.365478e-01
4.000000e-02 6.705000e-01 -4.612739e-01 4.712829e-01 4.000000e-02 6.715000e-01 -4.608452e-01 4.716591e-01
-6.290000e-01 6.715000e-01 -3.834676e-01 4.365478e-01 -6.290000e-01 6.725000e-01 -3.841425e-01 4.371076e-01
4.000000e-02 6.715000e-01 -4.608452e-01 4.716591e-01 4.000000e-02 6.725000e-01 -4.604163e-01 4.720375e-01
-6.290000e-01 6.725000e-01 -3.841425e-01 4.371076e-01 -6.285000e-01 6.730000e-01 -3.840735e-01 4.370521e-01
-6.285000e-01 6.730000e-01 -3.840735e-01 4.370521e-01 -6.280000e-01 6.735000e-01 -3.840073e-01 4.369960e-01
3.950000e-02 6.730000e-01 -4.604442e-01 4.720134e-01 3.900000e-02 6.735000e-01 -4.604709e-01 4.719886e-01
4.000000e-02 6.725000e-01 -4.604163e-01 4.720375e-01 3.950000e-02 6.730000e-01 -4.604442e-01 4.720134e-01
-6.280000e-01 6.735000e-01 -3.840073e-01 4.369960e-01 -6.275000e-01 6.740000e-01 -3.839417e-01 4.369420e-01
-6.275000e-01 6.740000e-01 -3.839417e-01 4.369420e-01 -6.270000e-01 6.745000e-01 -3.838788e-01 4.368876e-01
3.900000e-02 6.735000e-01 -4.604709e-01 4.719886e-01 3.900000e-02 6.745000e-01 -4.600405e-01 4.723716e-01
-6.270000e-01 6.745000e-01 -3.838788e-01 4.368876e-01 -6.270000e-01 6.755000e-01 -3.845549e-01 4.374589e-01
3.900000e-02 6.745000e-01 -4.600405e-01 4.723716e-01 3.900000e-02 6.755000e-01 -4.596100e-01 4.727569e-01
-6.270000e-01 6.755000e-01 -3.845549e-01 4.374589e-01 -6.265000e-01 6.760000e-01 -3.844929e-01 4.374086e-01
-6.265000e-01 6.760000e-01 -3.844929e-01 4.374086e-01 -6.260000e-01 6.765000e-01 -3.844338e-01 4.373578e-01
3.850000e-02 6.760000e-01 -4.596348e-01 4.727354e-01 3.800000e-02 6.765000e-01 -4.596584e-01 4.727132e-01
3.900000e-02 6.755000e-01 -4.596100e-01 4.727569e-01 3.850000e-02 6.760000e-01 -4.596348e-01 4.727354e-01
-6.260000e-01 6.765000e-01 -3.844338e-01 4.373578e-01 -6.255000e-01 6.770000e-01 -3.843751e-01 4.373090e-01
-6.255000e-01 6.770000e-01 -3.843751e-01 4.373090e-01 -6.250000e-01 6.775000e-01 -3.843192e-01 4.372599e-01
3.800000e-02 6.765000e-01 -4.596584e-01 4.727132e-01 3.800000e-02 6.775000e-01 -4.592264e-01 4.731031e-01
-6.250000e-01 6.775000e-01 -3.843192e-01 4.372599e-01 -6.245000e-01 6.780000e-01 -3.842637e-01 4.372128e-01
-6.245000e-01 6.780000e-01 -3.842637e-01 4.372128e-01 -6.240000e-01 6.785000e-01 -3.842110e-01 4.371653e-01
3.800000e-02 6.775000e-01 -4.592264e-01 4.731031e-01 3.800000e-02 6.785000e-01 -4.587943e-01 4.734953e-01
-6.240000e-01 6.785000e-01 -3.842110e-01 4.371653e-01 -6.240000e-01 6.795000e-01 -3.848888e-01 4.377522e-01
3.750000e-02 6.790000e-01 -4.588160e-01 4.734764e-01 3.700000e-02 6.795000e-01 -4.588365e-01 4.734570e-01
3.800000e-02 6.785000e-01 -4.587943e-01 4.734953e-01 3.750000e-02 6.790000e-01 -4.588160e-01 4.734764e-01
-6.240000e-01 6.795000e-01 -3.848888e-01 4.377522e-01 -6.235000e-01 6.800000e-01 -3.848369e-01 4.377088e-01
-6.235000e-01 6.800000e-01 -3.848369e-01 4.377088e-01 -6.230000e-01 6.805000e-01 -3.847878e-01 4.376651e-01
3.700000e-02 6.795000e-01 -4.588365e-01 4.734570e-01 3.700000e-02 6.805000e-01 -4.584031e-01 4.738537e-01
-6.230000e-01 6.805000e-01 -3.847878e-01 4.376651e-01 -6.225000e-01 6.810000e-01 -3.847391e-01 4.376235e-01
-6.225000e-01 6.810000e-01 -3.847391e-01 4.376235e-01 -6.220000e-01 6.815000e-01 -3.846931e-01 4.375815e-01
3.700000e-02 6.805000e-01 -4.584031e-01 4.738537e-01 3.700000e-02 6.815000e-01 -4.579695e-01 4.742528e-01
-6.220000e-01 6.815000e-01 -3.846931e-01 4.375815e-01 -6.220000e-01 6.825000e-01 -3.853714e-01 4.381799e-01
3.650000e-02 6.820000e-01 -4.579881e-01 4.742367e-01 3.600000e-02 6.825000e-01 -4.580056e-01 4.742200e-01
3.700000e-02 6.815000e-01 -4.579695e-01 4.742528e-01 3.650000e-02 6.820000e-01 -4.579881e-01 4.742367e-01
-6.220000e-01 6.825000e-01 -3.853714e-01 4.381799e-01 -6.215000e-01 6.830000e-01 -3.853262e-01 4.381421e-01
-6.215000e-01 6.830000e-01 -3.853262e-01 4.381421e-01 -6.210000e-01 6.835000e-01 -3.852837e-01 4.381039e-01
3.600000e-02 6.825000e-01 -4.580056e-01 4.742200e-01 3.600000e-02 6.835000e-01 -4.575707e-01 4.746236e-01
-6.210000e-01 6.835000e-01 -3.852837e-01 4.381039e-01 -6.205000e-01 6.840000e-01 -3.852416e-01 4.380678e-01
-6.205000e-01 6.840000e-01 -3.852416e-01 4.380678e-01 -6.200000e-01 6.845000e-01 -3.852023e-01 4.380314e-01
3.550000e-02 6.840000e-01 -4.575870e-01 4.746092e-01 3.500000e-02 6.845000e-01 -4.576020e-01 4.745942e-01
3.600000e-02 6.835000e-01 -4.575707e-01 4.746236e-01 3.550000e-02 6.840000e-01 -4.575870e-01 4.746092e-01
-6.200000e-01 6.845000e-01 -3.852023e-01 4.380314e-01 -6.195000e-01 6.850000e-01 -3.851632e-01 4.379971e-01
-6.195000e-01 6.850000e-01 -3.851632e-01 4.379971e-01 -6.190000e-01 6.855000e-01 -3.851270e-01 4.379626e-01
3.500000e-02 6.845000e-01 -4.576020e-01 4.745942e-01 3.500000e-02 6.855000e-01 -4.571659e-01 4.750024e-01
-6.190000e-01 6.855000e-01 -3.851270e-01 4.379626e-01 -6.190000e-01 6.865000e-01 -3.858061e-01 4.385766e-01
3.500000e-02 6.855000e-01 -4.571659e-01 4.750024e-01 3.500000e-02 6.865000e-01 -4.567298e-01 4.754130e-01
-6.190000e-01 6.865000e-01 -3.858061e-01 4.385766e-01 -6.185000e-01 6.870000e-01 -3.857704e-01 4.385462e-01
-6.185000e-01 6.870000e-01 -3.857704e-01 4.385462e-01 -6.180000e-01 6.875000e-01 -3.857374e-01 4.385156e-01
3.450000e-02 6.870000e-01 -4.567431e-01 4.754015e-01 3.400000e-02 6.875000e-01 -4.567551e-01 4.753893e-01
3.500000e-02 6.865000e-01 -4.567298e-01 4.754130e-01 3.450000e-02 6.870000e-01 -4.567431e-01 4.754015e-01
-6.180000e-01 6.875000e-01 -3.857374e-01 4.385156e-01 -6.175000e-01 6.880000e-01 -3.857048e-01 4.384870e-01
-6.175000e-01 6.880000e-01 -3.857048e-01 4.384870e-01 -6.170000e-01 6.885000e-01 -3.856749e-01 4.384582e-01
3.400000e-02 6.875000e-01 -4.567551e-01 4.753893e-01 3.400000e-02 6.885000e-01 -4.563179e-01 4.758046e-01
-6.170000e-01 6.885000e-01 -3.856749e-01 4.384582e-01 -6.165000e-01 6.890000e-01 -3.856453e-01 4.384315e-01
-6.165000e-01 6.890000e-01 -3.856453e-01 4.384315e-01 -6.160000e-01 6.895000e-01 -3.856184e-01 4.384046e-01
3.350000e-02 6.890000e-01 -4.563288e-01 4.757947e-01 3.300000e-02 6.895000e-01 -4.563385e-01 4.757843e-01
3.400000e-02 6.885000e-01 -4.563179e-01 4.758046e-01 3.350000e-02 6.890000e-01 -4.563288e-01 4.757947e-01
-6.160000e-01 6.895000e-01 -3.856184e-01 4.384046e-01 -6.160000e-01 6.905000e-01 -3.862978e-01 4.390343e-01
3.300000e-02 6.895000e-01 -4.563385e-01 4.757843e-01 3.300000e-02 6.905000e-01 -4.559002e-01 4.762042e-01
-6.160000e-01 6.905000e-01 -3.862978e-01 4.390343e-01 -6.155000e-01 6.910000e-01 -3.862713e-01 4.390116e-01
-6.155000e-01 6.910000e-01 -3.862713e-01 4.390116e-01 -6.150000e-01 6.915000e-01 -3.862476e-01 4.389887e-01
3.300000e-02 6.905000e-01 -4.559002e-01 4.762042e-01 3.300000e-02 6.915000e-01 -4.554618e-01 4.766265e-01
-6.150000e-01 6.915000e-01 -3.862476e-01 4.389887e-01 -6.145000e-01 6.920000e-01 -3.862241e-01 4.389679e-01
-6.145000e-01 6.920000e-01 -3.862241e-01 4.389679e-01 -6.140000e-01 6.925000e-01 -3.862033e-01 4.389470e-01
3.250000e-02 6.920000e-01 -4.554699e-01 4.766196e-01 3.200000e-02 6.925000e-01 -4.554767e-01 4.766122e-01
3.300000e-02 6.915000e-01 -4.554618e-01 4.766265e-01 3.250000e-02 6.920000e-01 -4.554699e-01 4.766196e-01
-6.140000e-01 6.925000e-01 -3.862033e-01 4.389470e-01 -6.135000e-01 6.930000e-01 -3.861827e-01 4.389281e-01
-6.135000e-01 6.930000e-01 -3.861827e-01 4.389281e-01 -6.130000e-01 6.935000e-01 -3.861650e-01 4.389091e-01
3.200000e-02 6.925000e-01 -4.554767e-01 4.766122e-01 3.200000e-02 6.935000e-01 -4.550374e-01 4.770391e-01
-6.130000e-01 6.935000e-01 -3.861650e-01 4.389091e-01 -6.130000e-01 6.945000e-01 -3.868441e-01 4.395545e-01
3.150000e-02 6.940000e-01 -4.550431e-01 4.770341e-01 3.100000e-02 6.945000e-01 -4.550477e-01 4.770285e-01
3.200000e-02 6.935000e-01 -4.550374e-01 4.770391e-01 3.150000e-02 6.940000e-01 -4.550431e-01 4.770341e-01
-6.130000e-01 6.945000e-01 -3.868441e-01 4.395545e-01 -6.125000e-01 6.950000e-01 -3.868265e-01 4.395396e-01
-6.125000e-01 6.950000e-01 -3.868265e-01 4.395396e-01 -6.120000e-01 6.955000e-01 -3.868117e-01 4.395248e-01
3.100000e-02 6.945000e-01 -4.550477e-01 4.770285e-01 3.100000e-02 6.955000e-01 -4.546073e-01 4.774601e-01
-6.120000e-01 6.955000e-01 -3.868117e-01 4.395248e-01 -6.115000e-01 6.960000e-01 -3.867970e-01 4.395119e-01
-6.115000e-01 6.960000e-01 -3.867970e-01 4.395119e-01 -6.110000e-01 6.965000e-01 -3.867851e-01 4.394990e-01
3.100000e-02 6.955000e-01 -4.546073e-01 4.774601e-01 3.100000e-02 6.965000e-01 -4.541670e-01 4.778941e-01
-6.110000e-01 6.965000e-01 -3.867851e-01 4.394990e-01 -6.105000e-01 6.970000e-01 -3.867733e-01 4.394882e-01
-6.105000e-01 6.970000e-01 -3.867733e-01 4.394882e-01 -6.100000e-01 6.975000e-01 -3.867642e-01 4.394774e-01
3.050000e-02 6.970000e-01 -4.541700e-01 4.778921e-01 3.000000e-02 6.975000e-01 -4.541719e-01 4.778896e-01
3.100000e-02 6.965000e-01 -4.541670e-01 4.778941e-01 3.050000e-02 6.970000e-01 -4.541700e-01 4.778921e-01
-6.100000e-01 6.975000e-01 -3.867642e-01 4.394774e-01 -6.100000e-01 6.985000e-01 -3.874426e-01 4.401382e-01
3.000000e-02 6.975000e-01 -4.541719e-01 4.778896e-01 3.000000e-02 6.985000e-01 -4.537306e-01 4.783283e-01
-6.100000e-01 6.985000e-01 -3.874426e-01 4.401382e-01 -6.095000e-01 6.990000e-01 -3.874336e-01 4.401316e-01
-6.095000e-01 6.990000e-01 -3.874336e-01 4.401316e-01 -6.090000e-01 6.995000e-01 -3.874274e-01 4.401249e-01
2.950000e-02 6.990000e-01 -4.537315e-01 4.783282e-01 2.900000e-02 6.995000e-01 -4.537310e-01 4.783277e-01
3.000000e-02 6.985000e-01 -4.537306e-01 4.783283e-01 2.950000e-02 6.990000e-01 -4.537315e-01 4.783282e-01
-6.090000e-01 6.995000e-01 -3.874274e-01 4.401249e-01 -6.085000e-01 7.000000e-01 -3.874212e-01 4.401203e-01
-6.085000e-01 7.000000e-01 -3.874212e-01 4.401203e-01 -6.080000e-01 7.005000e-01 -3.874178e-01 4.401157e-01
2.900000e-02 6.995000e-01 -4.537310e-01 4.783277e-01 2.900000e-02 7.005000e-01 -4.532890e-01 4.787711e-01
-6.080000e-01 7.005000e-01 -3.874178e-01 4.401157e-01 -6.075000e-01 7.010000e-01 -3.874144e-01 4.401132e-01
-6.075000e-01 7.010000e-01 -3.874144e-01 4.401132e-01 -6.070000e-01 7.015000e-01 -3.874137e-01 4.401106e-01
2.850000e-02 7.010000e-01 -4.532876e-01 4.787730e-01 2.800000e-02 7.015000e-01 -4.532850e-01 4.787744e-01
2.900000e-02 7.005000e-01 -4.532890e-01 4.787711e-01 2.850000e-02 7.010000e-01 -4.532876e-01 4.787730e-01
-6.070000e-01 7.015000e-01 -3.874137e-01 4.401106e-01 -6.070000e-01 7.025000e-01 -3.880909e-01 4.407870e-01
2.800000e-02 7.015000e-01 -4.532850e-01 4.787744e-01 2.800000e-02 7.025000e-01 -4.528421e-01 4.792226e-01
-6.070000e-01 7.025000e-01 -3.880909e-01 4.407870e-01 -6.065000e-01 7.030000e-01 -3.880902e-01 4.407886e-01
-6.065000e-01 7.030000e-01 -3.880902e-01 4.407886e-01 -6.060000e-01 7.035000e-01 -3.880922e-01 4.407904e-01
2.800000e-02 7.025000e-01 -4.528421e-01 4.792226e-01 2.800000e-02 7.035000e-01 -4.523993e-01 4.796730e-01
-6.060000e-01 7.035000e-01 -3.880922e-01 4.407904e-01 -6.055000e-01 7.040000e-01 -3.880942e-01 4.407941e-01
-6.055000e-01 7.040000e-01 -3.880942e-01 4.407941e-01 -6.050000e-01 7.045000e-01 -3.880989e-01 4.407980e-01
2.750000e-02 7.040000e-01 -4.523954e-01 4.796781e-01 2.700000e-02 7.045000e-01 -4.523902e-01 4.796828e-01
2.800000e-02 7.035000e-01 -4.523993e-01 4.796730e-01 2.750000e-02 7.040000e-01 -4.523954e-01 4.796781e-01
-6.050000e-01 7.045000e-01 -3.880989e-01 4.407980e-01 -6.045000e-01 7.050000e-01 -3.881035e-01 4.408040e-01
-6.045000e-01 7.050000e-01 -3.881035e-01 4.408040e-01 -6.040000e-01 7.055000e-01 -3.881110e-01 4.408100e-01
2.700000e-02 7.045000e-01 -4.523902e-01 4.796828e-01 2.700000e-02 7.055000e-01 -4.519467e-01 4.801380e-01
-6.040000e-01 7.055000e-01 -3.881110e-01 4.408100e-01 -6.035000e-01 7.060000e-01 -3.881183e-01 4.408181e-01
-6.035000e-01 7.060000e-01 -3.881183e-01 4.408181e-01 -6.030000e-01 7.065000e-01 -3.881283e-01 4.408263e-01
2.650000e-02 7.060000e-01 -4.519406e-01 4.801452e-01 2.600000e-02 7.065000e-01 -4.519333e-01 4.801518e-01
2.700000e-02 7.055000e-01 -4.519467e-01 4.801380e-01 2.650000e-02 7.060000e-01 -4.519406e-01 4.801452e-01
-6.030000e-01 7.065000e-01 -3.881283e-01 4.408263e-01 -6.030000e-01 7.075000e-01 -3.888036e-01 4.415222e-01
2.600000e-02 7.065000e-01 -4.519333e-01 4.801518e-01 2.600000e-02 7.075000e-01 -4.514891e-01 4.806119e-01
-6.030000e-01 7.075000e-01 -3.888036e-01 4.415222e-01 -6.025000e-01 7.080000e-01 -3.888134e-01 4.415346e-01
-6.025000e-01 7.080000e-01 -3.888134e-01 4.415346e-01 -6.020000e-01 7.085000e-01 -3.888259e-01 4.415471e-01
2.550000e-02 7.080000e-01 -4.514809e-01 4.806211e-01 2.500000e-02 7.085000e-01 -4.514715e-01 4.806298e-01
2.600000e-02 7.075000e-01 -4.514891e-01 4.806119e-01 2.550000e-02 7.080000e-01 -4.514809e-01 4.806211e-01
-6.020000e-01 7.085000e-01 -3.888259e-01 4.415471e-01 -6.015000e-01 7.090000e-01 -3.888383e-01 4.415616e-01
-6.015000e-01 7.090000e-01 -3.888383e-01 4.415616e-01 -6.010000e-01 7.095000e-01 -3.888534e-01 4.415764e-01
2.500000e-02 7.085000e-01 -4.514715e-01 4.806298e-01 2.500000e-02 7.095000e-01 -4.510267e-01 4.810947e-01
-6.010000e-01 7.095000e-01 -3.888534e-01 4.415764e-01 -6.005000e-01 7.100000e-01 -3.888683e-01 4.415933e-01
-6.005000e-01 7.100000e-01 -3.888683e-01 4.415933e-01 -6.000000e-01 7.105000e-01 -3.888860e-01 4.416102e-01
2.450000e-02 7.100000e-01 -4.510164e-01 4.811059e-01 2.400000e-02 7.105000e-01 -4.510050e-01 4.811168e-01
2.500000e-02 7.095000e-01 -4.510267e-01 4.810947e-01 2.450000e-02 7.100000e-01 -4.510164e-01 4.811059e-01
-6.000000e-01 7.105000e-01 -3.888860e-01 4.416102e-01 -5.995000e-01 7.110000e-01 -3.889034e-01 4.416293e-01
-5.995000e-01 7.110000e-01 -3.889034e-01 4.416293e-01 -5.990000e-01 7.115000e-01 -3.889236e-01 4.416486e-01
2.400000e-02 7.105000e-01 -4.510050e-01 4.811168e-01 2.400000e-02 7.115000e-01 -4.505595e-01 4.815865e-01
-5.990000e-01 7.115000e-01 -3.889236e-01 4.416486e-01 -5.990000e-01 7.125000e-01 -3.895962e-01 4.423638e-01
2.400000e-02 7.115000e-01 -4.505595e-01 4.815865e-01 2.400000e-02 7.125000e-01 -4.501144e-01 4.820585e-01
-5.990000e-01 7.125000e-01 -3.895962e-01 4.423638e-01 -5.985000e-01 7.130000e-01 -3.896159e-01 4.423872e-01
-5.985000e-01 7.130000e-01 -3.896159e-01 4.423872e-01 -5.980000e-01 7.135000e-01 -3.896384e-01 4.424108e-01
2.350000e-02 7.130000e-01 -4.501017e-01 4.820731e-01 2.300000e-02 7.135000e-01 -4.500878e-01 4.820874e-01
2.400000e-02 7.125000e-01 -4.501144e-01 4.820585e-01 2.350000e-02 7.130000e-01 -4.501017e-01 4.820731e-01
-5.980000e-01 7.135000e-01 -3.896384e-01 4.424108e-01 -5.975000e-01 7.140000e-01 -3.896606e-01 4.424365e-01
-5.975000e-01 7.140000e-01 -3.896606e-01 4.424365e-01 -5.970000e-01 7.145000e-01 -3.896855e-01 4.424624e-01
2.300000e-02 7.135000e-01 -4.500878e-01 4.820874e-01 2.300000e-02 7.145000e-01 -4.496421e-01 4.825642e-01
-5.970000e-01 7.145000e-01 -3.896855e-01 4.424624e-01 -5.965000e-01 7.150000e-01 -3.897102e-01 4.424904e-01
-5.965000e-01 7.150000e-01 -3.897102e-01 4.424904e-01 -5.960000e-01 7.155000e-01 -3.897375e-01 4.425187e-01
2.250000e-02 7.150000e-01 -4.496275e-01 4.825810e-01 2.200000e-02 7.155000e-01 -4.496117e-01 4.825974e-01
2.300000e-02 7.145000e-01 -4.496421e-01 4.825642e-01 2.250000e-02 7.150000e-01 -4.496275e-01 4.825810e-01
-5.960000e-01 7.155000e-01 -3.897375e-01 4.425187e-01 -5.955000e-01 7.160000e-01 -3.897646e-01 4.425490e-01
-5.955000e-01 7.160000e-01 -3.897646e-01 4.425490e-01 -5.950000e-01 7.165000e-01 -3.897944e-01 4.425796e-01
2.200000e-02 7.155000e-01 -4.496117e-01 4.825974e-01 2.200000e-02 7.165000e-01 -4.491655e-01 4.830791e-01
-5.950000e-01 7.165000e-01 -3.897944e-01 4.425796e-01 -5.945000e-01 7.170000e-01 -3.898238e-01 4.426122e-01
-5.945000e-01 7.170000e-01 -3.898238e-01 4.426122e-01 -5.940000e-01 7.175000e-01 -3.898560e-01 4.426452e-01
2.150000e-02 7.170000e-01 -4.491489e-01 4.830981e-01 2.100000e-02 7.175000e-01 -4.491311e-01 4.831168e-01
2.200000e-02 7.165000e-01 -4.491655e-01 4.830791e-01 2.150000e-02 7.170000e-01 -4.491489e-01 4.830981e-01
-5.940000e-01 7.175000e-01 -3.898560e-01 4.426452e-01 -5.940000e-01 7.185000e-01 -3.905244e-01 4.433836e-01
2.100000e-02 7.175000e-01 -4.491311e-01 4.831168e-01 2.100000e-02 7.185000e-01 -4.486845e-01 4.836033e-01
-5.940000e-01 7.185000e-01 -3.905244e-01 4.433836e-01 -5.935000e-01 7.190000e-01 -3.905559e-01 4.434207e-01
-5.935000e-01 7.190000e-01 -3.905559e-01 4.434207e-01 -5.930000e-01 7.195000e-01 -3.905900e-01 4.434581e-01
2.050000e-02 7.190000e-01 -4.486660e-01 4.836245e-01 2.000000e-02 7.195000e-01 -4.486463e-01 4.836454e-01
2.100000e-02 7.185000e-01 -4.486845e-01 4.836033e-01 2.050000e-02 7.190000e-01 -4.486660e-01 4.836245e-01
-5.930000e-01 7.195000e-01 -3.905900e-01 4.434581e-01 -5.925000e-01 7.200000e-01 -3.906239e-01 4.434975e-01
-5.925000e-01 7.200000e-01 -3.906239e-01 4.434975e-01 -5.920000e-01 7.205000e-01 -3.906603e-01 4.435373e-01
2.000000e-02 7.195000e-01 -4.486463e-01 4.836454e-01 2.000000e-02 7.205000e-01 -4.481993e-01 4.841368e-01
-5.920000e-01 7.205000e-01 -3.906603e-01 4.435373e-01 -5.915000e-01 7.210000e-01 -3.906964e-01 4.435791e-01
-5.915000e-01 7.210000e-01 -3.906964e-01 4.435791e-01 -5.910000e-01 7.215000e-01 -3.907352e-01 4.436213e-01
1.950000e-02 7.210000e-01 -4.481789e-01 4.841602e-01 1.900000e-02 7.215000e-01 -4.481573e-01 4.841834e-01
2.000000e-02 7.205000e-01 -4.481993e-01 4.841368e-01 1.950000e-02 7.210000e-01 -4.481789e-01 4.841602e-01
-5.910000e-01 7.215000e-01 -3.907352e-01 4.436213e-01 -5.905000e-01 7.220000e-01 -3.907735e-01 4.436655e-01
-5.905000e-01 7.220000e-01 -3.907735e-01 4.436655e-01 -5.900000e-01 7.225000e-01 -3.908145e-01 4.437101e-01
1.900000e-02 7.215000e-01 -4.481573e-01 4.841834e-01 1.900000e-02 7.225000e-01 -4.477100e-01 4.846796e-01
-5.900000e-01 7.225000e-01 -3.908145e-01 4.437101e-01 -5.895000e-01 7.230000e-01 -3.908551e-01 4.437567e-01
-5.895000e-01 7.230000e-01 -3.908551e-01 4.437567e-01 -5.890000e-01 7.235000e-01 -3.908984e-01 4.438037e-01
1.850000e-02 7.230000e-01 -4.476878e-01 4.847054e-01 1.800000e-02 7.235000e-01 -4.476644e-01 4.847309e-01
1.900000e-02 7.225000e-01 -4.477100e-01 4.846796e-01 1.850000e-02 7.230000e-01 -4.476878e-01 4.847054e-01
-5.890000e-01 7.235000e-01 -3.908984e-01 4.438037e-01 -5.890000e-01 7.245000e-01 -3.915616e-01 4.445651e-01
1.800000e-02 7.235000e-01 -4.476644e-01 4.847309e-01 1.800000e-02 7.245000e-01 -4.472168e-01 4.852320e-01
-5.890000e-01 7.245000e-01 -3.915616e-01 4.445651e-01 -5.885000e-01 7.250000e-01 -3.916040e-01 4.446162e-01
-5.885000e-01 7.250000e-01 -3.916040e-01 4.446162e-01 -5.880000e-01 7.255000e-01 -3.916489e-01 4.446677e-01
1.750000e-02 7.250000e-01 -4.471927e-01 4.852601e-01 1.700000e-02 7.255000e-01 -4.471674e-01 4.852879e-01
1.800000e-02 7.245000e-01 -4.472168e-01 4.852320e-01 1.750000e-02 7.250000e-01 -4.471927e-01 4.852601e-01
-5.880000e-01 7.255000e-01 -3.916489e-01 4.446677e-01 -5.875000e-01 7.260000e-01 -3.916935e-01 4.447212e-01
-5.875000e-01 7.260000e-01 -3.916935e-01 4.447212e-01 -5.870000e-01 7.265000e-01 -3.917406e-01 4.447752e-01
1.700000e-02 7.255000e-01 -4.471674e-01 4.852879e-01 1.700000e-02 7.265000e-01 -4.467197e-01 4.857939e-01
-5.870000e-01 7.265000e-01 -3.917406e-01 4.447752e-01 -5.865000e-01 7.270000e-01 -3.917873e-01 4.448312e-01
-5.865000e-01 7.270000e-01 -3.917873e-01 4.448312e-01 -5.860000e-01 7.275000e-01 -3.918366e-01 4.448876e-01
1.650000e-02 7.270000e-01 -4.466938e-01 4.858243e-01 1.600000e-02 7.275000e-01 -4.466667e-01 4.858545e-01
1.700000e-02 7.265000e-01 -4.467197e-01 4.857939e-01 1.650000e-02 7.270000e-01 -4.466938e-01 4.858243e-01
-5.860000e-01 7.275000e-01 -3.918366e-01 4.448876e-01 -5.855000e-01 7.280000e-01 -3.918853e-01 4.449461e-01
-5.855000e-01 7.280000e-01 -3.918853e-01 4.449461e-01 -5.850000e-01 7.285000e-01 -3.919367e-01 4.450050e-01
1.600000e-02 7.275000e-01 -4.466667e-01 4.858545e-01 1.600000e-02 7.285000e-01 -4.462188e-01 4.863654e-01
-5.850000e-01 7.285000e-01 -3.919367e-01 4.450050e-01 -5.845000e-01 7.290000e-01 -3.919876e-01 4.450659e-01
-5.845000e-01 7.290000e-01 -3.919876e-01 4.450659e-01 -5.840000e-01 7.295000e-01 -3.920410e-01 4.451274e-01
1.550000e-02 7.290000e-01 -4.461912e-01 4.863982e-01 1.500000e-02 7.295000e-01 -4.461623e-01 4.864307e-01
1.600000e-02 7.285000e-01 -4.462188e-01 4.863654e-01 1.550000e-02 7.290000e-01 -4.461912e-01 4.863982e-01
-5.840000e-01 7.295000e-01 -3.920410e-01 4.451274e-01 -5.835000e-01 7.300000e-01 -3.920939e-01 4.451909e-01
-5.835000e-01 7.300000e-01 -3.920939e-01 4.451909e-01 -5.830000e-01 7.305000e-01 -3.921494e-01 4.452548e-01
1.450000e-02 7.300000e-01 -4.461332e-01 4.864646e-01 1.400000e-02 7.305000e-01 -4.461029e-01 4.864982e-01
1.500000e-02 7.295000e-01 -4.461623e-01 4.864307e-01 1.450000e-02 7.300000e-01 -4.461332e-01 4.864646e-01
-5.830000e-01 7.305000e-01 -3.921494e-01 4.452548e-01 -5.830000e-01 7.315000e-01 -3.928053e-01 4.460426e-01
1.400000e-02 7.305000e-01 -4.461029e-01 4.864982e-01 1.400000e-02 7.315000e-01 -4.456544e-01 4.870167e-01
-5.830000e-01 7.315000e-01 -3.928053e-01 4.460426e-01 -5.825000e-01 7.320000e-01 -3.928597e-01 4.461106e-01
-5.825000e-01 7.320000e-01 -3.928597e-01 4.461106e-01 -5.820000e-01 7.325000e-01 -3.929166e-01 4.461790e-01
1.350000e-02 7.320000e-01 -4.456236e-01 4.870530e-01 1.300000e-02 7.325000e-01 -4.455915e-01 4.870891e-01
1.400000e-02 7.315000e-01 -4.456544e-01 4.870167e-01 1.350000e-02 7.320000e-01 -4.456236e-01 4.870530e-01
-5.820000e-01 7.325000e-01 -3.929166e-01 4.461790e-01 -5.815000e-01 7.330000e-01 -3.929730e-01 4.462495e-01
-5.815000e-01 7.330000e-01 -3.929730e-01 4.462495e-01 -5.810000e-01 7.335000e-01 -3.930319e-01 4.463205e-01
1.300000e-02 7.325000e-01 -4.455915e-01 4.870891e-01 1.300000e-02 7.335000e-01 -4.451429e-01 4.876125e-01
-5.810000e-01 7.335000e-01 -3.930319e-01 4.463205e-01 -5.805000e-01 7.340000e-01 -3.930902e-01 4.463935e-01
-5.805000e-01 7.340000e-01 -3.930902e-01 4.463935e-01 -5.800000e-01 7.345000e-01 -3.931510e-01 4.464671e-01
1.250000e-02 7.340000e-01 -4.451105e-01 4.876512e-01 1.200000e-02 7.345000e-01 -4.450767e-01 4.876897e-01
1.300000e-02 7.335000e-01 -4.451429e-01 4.876125e-01 1.250000e-02 7.340000e-01 -4.451105e-01 4.876512e-01
-5.800000e-01 7.345000e-01 -3.931510e-01 4.464671e-01 -5.795000e-01 7.350000e-01 -3.932113e-01 4.465426e-01
-5.795000e-01 7.350000e-01 -3.932113e-01 4.465426e-01 -5.790000e-01 7.355000e-01 -3.932740e-01 4.466188e-01
1.200000e-02 7.345000e-01 -4.450767e-01 4.876897e-01 1.200000e-02 7.355000e-01 -4.446282e-01 4.882181e-01
-5.790000e-01 7.355000e-01 -3.932740e-01 4.466188e-01 -5.785000e-01 7.360000e-01 -3.933362e-01 4.466969e-01
-5.785000e-01 7.360000e-01 -3.933362e-01 4.466969e-01 -5.780000e-01 7.365000e-01 -3.934008e-01 4.467756e-01
1.150000e-02 7.360000e-01 -4.445940e-01 4.882593e-01 1.100000e-02 7.365000e-01 -4.445587e-01 4.883003e-01
1.200000e-02 7.355000e-01 -4.446282e-01 4.882181e-01 1.150000e-02 7.360000e-01 -4.445940e-01 4.882593e-01
-5.780000e-01 7.365000e-01 -3.934008e-01 4.467756e-01 -5.775000e-01 7.370000e-01 -3.934648e-01 4.468562e-01
-5.775000e-01 7.370000e-01 -3.934648e-01 4.468562e-01 -5.770000e-01 7.375000e-01 -3.935313e-01 4.469375e-01
1.100000e-02 7.365000e-01 -4.445587e-01 4.883003e-01 1.100000e-02 7.375000e-01 -4.441102e-01 4.888335e-01
-5.770000e-01 7.375000e-01 -3.935313e-01 4.469375e-01 -5.765000e-01 7.380000e-01 -3.935971e-01 4.470208e-01
-5.765000e-01 7.380000e-01 -3.935971e-01 4.470208e-01 -5.760000e-01 7.385000e-01 -3.936654e-01 4.471047e-01
1.050000e-02 7.380000e-01 -4.440744e-01 4.888773e-01 1.000000e-02 7.385000e-01 -4.440375e-01 4.889208e-01
1.100000e-02 7.375000e-01 -4.441102e-01 4.888335e-01 1.050000e-02 7.380000e-01 -4.440744e-01 4.888773e-01
-5.760000e-01 7.385000e-01 -3.936654e-01 4.471047e-01 -5.755000e-01 7.390000e-01 -3.937331e-01 4.471905e-01
-5.755000e-01 7.390000e-01 -3.937331e-01 4.471905e-01 -5.750000e-01 7.395000e-01 -3.938032e-01 4.472770e-01
1.000000e-02 7.385000e-01 -4.440375e-01 4.889208e-01 1.000000e-02 7.395000e-01 -4.435891e-01 4.894590e-01
-5.750000e-01 7.395000e-01 -3.938032e-01 4.472770e-01 -5.750000e-01 7.405000e-01 -3.944477e-01 4.480983e-01
9.500000e-03 7.400000e-01 -4.435517e-01 4.895052e-01 9.000000e-03 7.405000e-01 -4.435132e-01 4.895513e-01
1.000000e-02 7.395000e-01 -4.435891e-01 4.894590e-01 9.500000e-03 7.400000e-01 -4.435517e-01 4.895052e-01
-5.750000e-01 7.405000e-01 -3.944477e-01 4.480983e-01 -5.745000e-01 7.410000e-01 -3.945164e-01 4.481887e-01
-5.745000e-01 7.410000e-01 -3.945164e-01 4.481887e-01 -5.740000e-01 7.415000e-01 -3.945876e-01 4.482797e-01
8.500000e-03 7.410000e-01 -4.434745e-01 4.895987e-01 8.000000e-03 7.415000e-01 -4.434346e-01 4.896460e-01
9.000000e-03 7.405000e-01 -4.435132e-01 4.895513e-01 8.500000e-03 7.410000e-01 -4.434745e-01 4.895987e-01
-5.740000e-01 7.415000e-01 -3.945876e-01 4.482797e-01 -5.735000e-01 7.420000e-01 -3.946581e-01 4.483727e-01
-5.735000e-01 7.420000e-01 -3.946581e-01 4.483727e-01 -5.730000e-01 7.425000e-01 -3.947310e-01 4.484664e-01
8.000000e-03 7.415000e-01 -4.434346e-01 4.896460e-01 8.000000e-03 7.425000e-01 -4.429860e-01 4.901918e-01
-5.730000e-01 7.425000e-01 -3.947310e-01 4.484664e-01 -5.725000e-01 7.430000e-01 -3.948031e-01 4.485619e-01
-5.725000e-01 7.430000e-01 -3.948031e-01 4.485619e-01 -5.720000e-01 7.435000e-01 -3.948777e-01 4.486582e-01
7.500000e-03 7.430000e-01 -4.429458e-01 4.902419e-01 7.000000e-03 7.435000e-01 -4.429043e-01 4.902917e-01
8.000000e-03 7.425000e-01 -4.429860e-01 4.901918e-01 7.500000e-03 7.430000e-01 -4.429458e-01 4.902419e-01
-5.720000e-01 7.435000e-01 -3.948777e-01 4.486582e-01 -5.715000e-01 7.440000e-01 -3.949516e-01 4.487564e-01
-5.715000e-01 7.440000e-01 -3.949516e-01 4.487564e-01 -5.710000e-01 7.445000e-01 -3.950279e-01 4.488553e-01
7.000000e-03 7.435000e-01 -4.429043e-01 4.902917e-01 7.000000e-03 7.445000e-01 -4.424560e-01 4.908425e-01
-5.710000e-01 7.445000e-01 -3.950279e-01 4.488553e-01 -5.705000e-01 7.450000e-01 -3.951034e-01 4.489562e-01
-5.705000e-01 7.450000e-01 -3.951034e-01 4.489562e-01 -5.700000e-01 7.455000e-01 -3.951812e-01 4.490577e-01
6.500000e-03 7.450000e-01 -4.424143e-01 4.908951e-01 6.000000e-03 7.455000e-01 -4.423714e-01 4.909476e-01
7.000000e-03 7.445000e-01 -4.424560e-01 4.908425e-01 6.500000e-03 7.450000e-01 -4.424143e-01 4.908951e-01
-5.700000e-01 7.455000e-01 -3.951812e-01 4.490577e-01 -5.695000e-01 7.460000e-01 -3.952584e-01 4.491612e-01
-5.695000e-01 7.460000e-01 -3.952584e-01 4.491612e-01 -5.690000e-01 7.465000e-01 -3.953379e-01 4.492654e-01
5.500000e-03 7.460000e-01 -4.423283e-01 4.910014e-01 5.000000e-03 7.465000e-01 -4.422840e-01 4.910552e-01
6.000000e-03 7.455000e-01 -4.423714e-01 4.909476e-01 5.500000e-03 7.460000e-01 -4.423283e-01 4.910014e-01
-5.690000e-01 7.465000e-01 -3.953379e-01 4.492654e-01 -5.685000e-01 7.470000e-01 -3.954166e-01 4.493715e-01
-5.685000e-01 7.470000e-01 -3.954166e-01 4.493715e-01 -5.680000e-01 7.475000e-01 -3.954977e-01 4.494784e-01
5.000000e-03 7.465000e-01 -4.422840e-01 4.910552e-01 5.000000e-03 7.475000e-01 -4.418358e-01 4.916137e-01
-5.680000e-01 7.475000e-01 -3.954977e-01 4.494784e-01 -5.675000e-01 7.480000e-01 -3.955779e-01 4.495872e-01
-5.675000e-01 7.480000e-01 -3.955779e-01 4.495872e-01 -5.670000e-01 7.485000e-01 -3.956606e-01 4.496968e-01
4.500000e-03 7.480000e-01 -4.417913e-01 4.916702e-01 4.000000e-03 7.485000e-01 -4.417456e-01 4.917266e-01
5.000000e-03 7.475000e-01 -4.418358e-01 4.916137e-01 4.500000e-03 7.480000e-01 -4.417913e-01 4.916702e-01
-5.670000e-01 7.485000e-01 -3.956606e-01 4.496968e-01 -5.665000e-01 7.490000e-01 -3.957424e-01 4.498082e-01
-5.665000e-01 7.490000e-01 -3.957424e-01 4.498082e-01 -5.660000e-01 7.495000e-01 -3.958265e-01 4.499204e-01
4.000000e-03 7.485000e-01 -4.417456e-01 4.917266e-01 4.000000e-03 7.495000e-01 -4.412977e-01 4.922900e-01
-5.660000e-01 7.495000e-01 -3.958265e-01 4.499204e-01 -5.655000e-01 7.500000e-01 -3.959098e-01 4.500345e-01
-5.655000e-01 7.500000e-01 -3.959098e-01 4.500345e-01 -5.650000e-01 7.505000e-01 -3.959954e-01 4.501495e-01
3.500000e-03 7.500000e-01 -4.412518e-01 4.923491e-01 3.000000e-03 7.505000e-01 -4.412047e-01 4.924082e-01
4.000000e-03 7.495000e-01 -4.412977e-01 4.922900e-01 3.500000e-03 7.500000e-01 -4.412518e-01 4.923491e-01
-5.650000e-01 7.505000e-01 -3.959954e-01 4.501495e-01 -5.645000e-01 7.510000e-01 -3.960802e-01 4.502662e-01
-5.645000e-01 7.510000e-01 -3.960802e-01 4.502662e-01 -5.640000e-01 7.515000e-01 -3.961673e-01 4.503838e-01
2.500000e-03 7.510000e-01 -4.411575e-01 4.924687e-01 2.000000e-03 7.515000e-01 -4.411091e-01 4.925291e-01
3.000000e-03 7.505000e-01 -4.412047e-01 4.924082e-01 2.500000e-03 7.510000e-01 -4.411575e-01 4.924687e-01
-5.640000e-01 7.515000e-01 -3.961673e-01 4.503838e-01 -5.635000e-01 7.520000e-01 -3.962536e-01 4.505033e-01
-5.635000e-01 7.520000e-01 -3.962536e-01 4.505033e-01 -5.630000e-01 7.525000e-01 -3.963421e-01 4.506236e-01
2.000000e-03 7.515000e-01 -4.411091e-01 4.925291e-01 2.000000e-03 7.525000e-01 -4.406615e-01 4.931002e-01
-5.630000e-01 7.525000e-01 -3.963421e-01 4.506236e-01 -5.625000e-01 7.530000e-01 -3.964297e-01 4.507457e-01
-5.625000e-01 7.530000e-01 -3.964297e-01 4.507457e-01 -5.620000e-01 7.535000e-01 -3.965197e-01 4.508687e-01
1.500000e-03 7.530000e-01 -4.406130e-01 4.931634e-01 1.000000e-03 7.535000e-01 -4.405632e-01 4.932265e-01
2.000000e-03 7.525000e-01 -4.406615e-01 4.931002e-01 1.500000e-03 7.530000e-01 -4.406130e-01 4.931634e-01
-5.620000e-01 7.535000e-01 -3.965197e-01 4.508687e-01 -5.615000e-01 7.540000e-01 -3.966087e-01 4.509936e-01
-5.615000e-01 7.540000e-01 -3.966087e-01 4.509936e-01 -5.610000e-01 7.545000e-01 -3.967000e-01 4.511193e-01
5.000000e-04 7.540000e-01 -4.405134e-01 4.932910e-01 2.081668e-17 7.545000e-01 -4.404624e-01 4.933554e-01
1.000000e-03 7.535000e-01 -4.405632e-01 4.932265e-01 5.000000e-04 7.540000e-01 -4.405134e-01 4.932910e-01
-5.610000e-01 7.545000e-01 -3.967000e-01 4.511193e-01 -5.610000e-01 7.555000e-01 -3.973204e-01 4.519948e-01
2.081668e-17 7.545000e-01 -4.404624e-01 4.933554e-01 2.081668e-17 7.555000e-01 -4.400152e-01 4.939343e-01
-5.610000e-01 7.555000e-01 -3.973204e-01 4.519948e-01 -5.605000e-01 7.560000e-01 -3.974099e-01 4.521241e-01
-5.605000e-01 7.560000e-01 -3.974099e-01 4.521241e-01 -5.600000e-01 7.565000e-01 -3.975016e-01 4.522544e-01
-5.000000e-04 7.560000e-01 -4.399641e-01 4.940015e-01 -1.000000e-03 7.565000e-01 -4.399119e-01 4.940687e-01
2.081668e-17 7.555000e-01 -4.400152e-01 4.939343e-01 -5.000000e-04 7.560000e-01 -4.399641e-01 4.940015e-01
-5.600000e-01 7.565000e-01 -3.975016e-01 4.522544e-01 -5.595000e-01 7.570000e-01 -3.975924e-01 4.523864e-01
-5.595000e-01 7.570000e-01 -3.975924e-01 4.523864e-01 -5.590000e-01 7.575000e-01 -3.976854e-01 4.525194e-01
-1.000000e-03 7.565000e-01 -4.399119e-01 4.940687e-01 -1.000000e-03 7.575000e-01 -4.394652e-01 4.946526e-01
-5.590000e-01 7.575000e-01 -3.976854e-01 4.525194e-01 -5.585000e-01 7.580000e-01 -3.977775e-01 4.526541e-01
-5.585000e-01 7.580000e-01 -3.977775e-01 4.526541e-01 -5.580000e-01 7.585000e-01 -3.978718e-01 4.527897e-01
-1.500000e-03 7.580000e-01 -4.394129e-01 4.947226e-01 -2.000000e-03 7.585000e-01 -4.393593e-01 4.947926e-01
-1.000000e-03 7.575000e-01 -4.394652e-01 4.946526e-01 -1.500000e-03 7.580000e-01 -4.394129e-01 4.947226e-01
-5.580000e-01 7.585000e-01 -3.978718e-01 4.527897e-01 -5.575000e-01 7.590000e-01 -3.979651e-01 4.529272e-01
-5.575000e-01 7.590000e-01 -3.979651e-01 4.529272e-01 -5.570000e-01 7.595000e-01 -3.980607e-01 4.530655e-01
-2.500000e-03 7.590000e-01 -4.393058e-01 4.948640e-01 -3.000000e-03 7.595000e-01 -4.392510e-01 4.949354e-01
-2.000000e-03 7.585000e-01 -4.393593e-01 4.947926e-01 -2.500000e-03 7.590000e-01 -4.393058e-01 4.948640e-01
-5.570000e-01 7.595000e-01 -3.980607e-01 4.530655e-01 -5.565000e-01 7.600000e-01 -3.981552e-01 4.532057e-01
-5.565000e-01 7.600000e-01 -3.981552e-01 4.532057e-01 -5.560000e-01 7.605000e-01 -3.982520e-01 4.533468e-01
-3.000000e-03 7.595000e-01 -4.392510e-01 4.949354e-01 -3.000000e-03 7.605000e-01 -4.388050e-01 4.955270e-01
-5.560000e-01 7.605000e-01 -3.982520e-01 4.533468e-01 -5.555000e-01 7.610000e-01 -3.983477e-01 4.534896e-01
-5.555000e-01 7.610000e-01 -3.983477e-01 4.534896e-01 -5.550000e-01 7.615000e-01 -3.984457e-01 4.536335e-01
-3.500000e-03 7.610000e-01 -4.387503e-01 4.956012e-01 -4.000000e-03 7.615000e-01 -4.386943e-01 4.956754e-01
-3.000000e-03 7.605000e-01 -4.388050e-01 4.955270e-01 -3.500000e-03 7.610000e-01 -4.387503e-01 4.956012e-01
-5.550000e-01 7.615000e-01 -3.984457e-01 4.536335e-01 -5.545000e-01 7.620000e-01 -3.985426e-01 4.537790e-01
-5.545000e-01 7.620000e-01 -3.985426e-01 4.537790e-01 -5.540000e-01 7.625000e-01 -3.986417e-01 4.539256e-01
-4.500000e-03 7.620000e-01 -4.386384e-01 4.957510e-01 -5.000000e-03 7.625000e-01 -4.385813e-01 4.958266e-01
-4.000000e-03 7.615000e-01 -4.386943e-01 4.956754e-01 -4.500000e-03 7.620000e-01 -4.386384e-01 4.957510e-01
-5.540000e-01 7.625000e-01 -3.986417e-01 4.539256e-01 -5.535000e-01 7.630000e-01 -3.987398e-01 4.540739e-01
-5.535000e-01 7.630000e-01 -3.987398e-01 4.540739e-01 -5.530000e-01 7.635000e-01 -3.988400e-01 4.542232e-01
-5.000000e-03 7.625000e-01 -4.385813e-01 4.958266e-01 -5.000000e-03 7.635000e-01 -4.381360e-01 4.964260e-01
-5.530000e-01 7.635000e-01 -3.988400e-01 4.542232e-01 -5.525000e-01 7.640000e-01 -3.989392e-01 4.543741e-01
-5.525000e-01 7.640000e-01 -3.989392e-01 4.543741e-01 -5.520000e-01 7.645000e-01 -3.990404e-01 4.545262e-01
-5.500000e-03 7.640000e-01 -4.380790e-01 4.965044e-01 -6.000000e-03 7.645000e-01 -4.380207e-01 4.965829e-01
-5.000000e-03 7.635000e-01 -4.381360e-01 4.964260e-01 -5.500000e-03 7.640000e-01 -4.380790e-01 4.965044e-01
-5.520000e-01 7.645000e-01 -3.990404e-01 4.545262e-01 -5.515000e-01 7.650000e-01 -3.991407e-01 4.546799e-01
-5.515000e-01 7.650000e-01 -3.991407e-01 4.546799e-01 -5.510000e-01 7.655000e-01 -3.992431e-01 4.548347e-01
-6.500000e-03 7.650000e-01 -4.379625e-01 4.966628e-01 -7.000000e-03 7.655000e-01 -4.379031e-01 4.967428e-01
-6.000000e-03 7.645000e-01 -4.380207e-01 4.965829e-01 -6.500000e-03 7.650000e-01 -4.379625e-01 4.966628e-01
-5.510000e-01 7.655000e-01 -3.992431e-01 4.548347e-01 -5.505000e-01 7.660000e-01 -3.993444e-01 4.549911e-01
-5.505000e-01 7.660000e-01 -3.993444e-01 4.549911e-01 -5.500000e-01 7.665000e-01 -3.994478e-01 4.551486e-01
-7.500000e-03 7.660000e-01 -4.378437e-01 4.968241e-01 -8.000000e-03 7.665000e-01 -4.377832e-01 4.969055e-01
-7.000000e-03 7.655000e-01 -4.379031e-01 4.967428e-01 -7.500000e-03 7.660000e-01 -4.378437e-01 4.968241e-01
-5.500000e-01 7.665000e-01 -3.994478e-01 4.551486e-01 -5.495000e-01 7.670000e-01 -3.995502e-01 4.553078e-01
-5.495000e-01 7.670000e-01 -3.995502e-01 4.553078e-01 -5.490000e-01 7.675000e-01 -3.996546e-01 4.554680e-01
-8.000000e-03 7.665000e-01 -4.377832e-01 4.969055e-01 -8.000000e-03 7.675000e-01 -4.373389e-01 4.975155e-01
-5.490000e-01 7.675000e-01 -3.996546e-01 4.554680e-01 -5.485000e-01 7.680000e-01 -3.997580e-01 4.556299e-01
-5.485000e-01 7.680000e-01 -3.997580e-01 4.556299e-01 -5.480000e-01 7.685000e-01 -3.998634e-01 4.557929e-01
-8.500000e-03 7.680000e-01 -4.372785e-01 4.975998e-01 -9.000000e-03 7.685000e-01 -4.372169e-01 4.976841e-01
-8.000000e-03 7.675000e-01 -4.373389e-01 4.975155e-01 -8.500000e-03 7.680000e-01 -4.372785e-01 4.975998e-01
-5.480000e-01 7.685000e-01 -3.998634e-01 4.557929e-01 -5.475000e-01 7.690000e-01 -3.999677e-01 4.559576e-01
-5.475000e-01 7.690000e-01 -3.999677e-01 4.559576e-01 -5.470000e-01 7.695000e-01 -4.000741e-01 4.561233e-01
-9.500000e-03 7.690000e-01 -4.371554e-01 4.977698e-01 -1.000000e-02 7.695000e-01 -4.370927e-01 4.978556e-01
-9.000000e-03 7.685000e-01 -4.372169e-01 4.976841e-01 -9.500000e-03 7.690000e-01 -4.371554e-01 4.977698e-01
-5.470000e-01 7.695000e-01 -4.000741e-01 4.561233e-01 -5.465000e-01 7.700000e-01 -4.001793e-01 4.562907e-01
-5.465000e-01 7.700000e-01 -4.001793e-01 4.562907e-01 -5.460000e-01 7.705000e-01 -4.002866e-01 4.564591e-01
-1.000000e-02 7.695000e-01 -4.370927e-01 4.978556e-01 -1.000000e-02 7.705000e-01 -4.366495e-01 4.984734e-01
-5.460000e-01 7.705000e-01 -4.002866e-01 4.564591e-01 -5.455000e-01 7.710000e-01 -4.003928e-01 4.566292e-01
-5.455000e-01 7.710000e-01 -4.003928e-01 4.566292e-01 -5.445000e-01 7.710000e-01 -4.000212e-01 4.560412e-01
-5.445000e-01 7.710000e-01 -4.000212e-01 4.560412e-01 -5.440000e-01 7.715000e-01 -4.001314e-01 4.562136e-01
-1.050000e-02 7.710000e-01 -4.365870e-01 4.985620e-01 -1.100000e-02 7.715000e-01 -4.365233e-01 4.986508e-01
-1.000000e-02 7.705000e-01 -4.366495e-01 4.984734e-01 -1.050000e-02 7.710000e-01 -4.365870e-01 4.985620e-01
-5.440000e-01 7.715000e-01 -4.001314e-01 4.562136e-01 -5.435000e-01 7.720000e-01 -4.002404e-01 4.563875e-01
-5.435000e-01 7.720000e-01 -4.002404e-01 4.563875e-01 -5.430000e-01 7.725000e-01 -4.003515e-01 4.565626e-01
-1.150000e-02 7.720000e-01 -4.364597e-01 4.987410e-01 -1.200000e-02 7.725000e-01 -4.363950e-01 4.988313e-01
-1.100000e-02 7.715000e-01 -4.365233e-01 4.986508e-01 -1.150000e-02 7.720000e-01 -4.364597e-01 4.987410e-01
-5.430000e-01 7.725000e-01 -4.003515e-01 4.565626e-01 -5.425000e-01 7.730000e-01 -4.004613e-01 4.567393e-01
-5.425000e-01 7.730000e-01 -4.004613e-01 4.567393e-01 -5.420000e-01 7.735000e-01 -4.005732e-01 4.569171e-01
-1.250000e-02 7.730000e-01 -4.363304e-01 4.989230e-01 -1.300000e-02 7.735000e-01 -4.362646e-01 4.990148e-01
-1.200000e-02 7.725000e-01 -4.363950e-01 4.988313e-01 -1.250000e-02 7.730000e-01 -4.363304e-01 4.989230e-01
-5.420000e-01 7.735000e-01 -4.005732e-01 4.569171e-01 -5.415000e-01 7.740000e-01 -4.006839e-01 4.570966e-01
-5.415000e-01 7.740000e-01 -4.006839e-01 4.570966e-01 -5.410000e-01 7.745000e-01 -4.007965e-01 4.572772e-01
-1.300000e-02 7.735000e-01 -4.362646e-01 4.990148e-01 -1.300000e-02 7.745000e-01 -4.358227e-01 4.996432e-01
-5.410000e-01 7.745000e-01 -4.007965e-01 4.572772e-01 -5.405000e-01 7.750000e-01 -4.009080e-01 4.574594e-01
-5.405000e-01 7.750000e-01 -4.009080e-01 4.574594e-01 -5.400000e-01 7.755000e-01 -4.010214e-01 4.576427e-01
-1.350000e-02 7.750000e-01 -4.357572e-01 4.997379e-01 -1.400000e-02 7.755000e-01 -4.356905e-01 4.998327e-01
-1.300000e-02 7.745000e-01 -4.358227e-01 4.996432e-01 -1.350000e-02 7.750000e-01 -4.357572e-01 4.997379e-01
-5.400000e-01 7.755000e-01 -4.010214e-01 4.576427e-01 -5.395000e-01 7.760000e-01 -4.011337e-01 4.578276e-01
-5.395000e-01 7.760000e-01 -4.011337e-01 4.578276e-01 -5.390000e-01 7.765000e-01 -4.012478e-01 4.580137e-01
-1.450000e-02 7.760000e-01 -4.356239e-01 4.999290e-01 -1.500000e-02 7.765000e-01 -4.355562e-01 5.000253e-01
-1.400000e-02 7.755000e-01 -4.356905e-01 4.998327e-01 -1.450000e-02 7.760000e-01 -4.356239e-01 4.999290e-01
-5.390000e-01 7.765000e-01 -4.012478e-01 4.580137e-01 -5.385000e-01 7.770000e-01 -4.013608e-01 4.582014e-01
-5.385000e-01 7.770000e-01 -4.013608e-01 4.582014e-01 -5.380000e-01 7.775000e-01 -4.014756e-01 4.583902e-01
-1.550000e-02 7.770000e-01 -4.354886e-01 5.001232e-01 -1.600000e-02 7.775000e-01 -4.354199e-01 5.002211e-01
-1.500000e-02 7.765000e-01 -4.355562e-01 5.000253e-01 -1.550000e-02 7.770000e-01 -4.354886e-01 5.001232e-01
-5.380000e-01 7.775000e-01 -4.014756e-01 4.583902e-01 -5.375000e-01 7.780000e-01 -4.015893e-01 4.585806e-01
-5.375000e-01 7.780000e-01 -4.015893e-01 4.585806e-01 -5.370000e-01 7.785000e-01 -4.017048e-01 4.587722e-01
-1.600000e-02 7.775000e-01 -4.354199e-01 5.002211e-01 -1.600000e-02 7.785000e-01 -4.349796e-01 5.008602e-01
-5.370000e-01 7.785000e-01 -4.017048e-01 4.587722e-01 -5.365000e-01 7.790000e-01 -4.018192e-01 4.589653e-01
-5.365000e-01 7.790000e-01 -4.018192e-01 4.589653e-01 -5.360000e-01 7.795000e-01 -4.019354e-01 4.591596e-01
-1.650000e-02 7.790000e-01 -4.349113e-01 5.009610e-01 -1.700000e-02 7.795000e-01 -4.348417e-01 5.010620e-01
-1.600000e-02 7.785000e-01 -4.349796e-01 5.008602e-01 -1.650000e-02 7.790000e-01 -4.349113e-01 5.009610e-01
-5.360000e-01 7.795000e-01 -4.019354e-01 4.591596e-01 -5.355000e-01 7.800000e-01 -4.020504e-01 4.593555e-01
-5.355000e-01 7.800000e-01 -4.020504e-01 4.593555e-01 -5.350000e-01 7.805000e-01 -4.021672e-01 4.595526e-01
-1.750000e-02 7.800000e-01 -4.347723e-01 5.011645e-01 -1.800000e-02 7.805000e-01 -4.347018e-01 5.012671e-01
-1.700000e-02 7.795000e-01 -4.348417e-01 5.010620e-01 -1.750000e-02 7.800000e-01 -4.347723e-01 5.011645e-01
-5.350000e-01 7.805000e-01 -4.021672e-01 4.595526e-01 -5.345000e-01 7.810000e-01 -4.022828e-01 4.597512e-01
-5.345000e-01 7.810000e-01 -4.022828e-01 4.597512e-01 -5.340000e-01 7.815000e-01 -4.024002e-01 4.599510e-01
-1.850000e-02 7.810000e-01 -4.346314e-01 5.013711e-01 -1.900000e-02 7.815000e-01 -4.345600e-01 5.014753e-01
-1.800000e-02 7.805000e-01 -4.347018e-01 5.012671e-01 -1.850000e-02 7.810000e-01 -4.346314e-01 5.013711e-01
-5.340000e-01 7.815000e-01 -4.024002e-01 4.599510e-01 -5.335000e-01 7.820000e-01 -4.025164e-01 4.601523e-01
-5.335000e-01 7.820000e-01 -4.025164e-01 4.601523e-01 -5.330000e-01 7.825000e-01 -4.026344e-01 4.603548e-01
-1.900000e-02 7.815000e-01 -4.345600e-01 5.014753e-01 -1.900000e-02 7.825000e-01 -4.341216e-01 5.021250e-01
-5.330000e-01 7.825000e-01 -4.026344e-01 4.603548e-01 -5.325000e-01 7.830000e-01 -4.027512e-01 4.605589e-01
-5.325000e-01 7.830000e-01 -4.027512e-01 4.605589e-01 -5.320000e-01 7.835000e-01 -4.028697e-01 4.607642e-01
-1.950000e-02 7.830000e-01 -4.340505e-01 5.022321e-01 -2.000000e-02 7.835000e-01 -4.339783e-01 5.023394e-01
-1.900000e-02 7.825000e-01 -4.341216e-01 5.021250e-01 -1.950000e-02 7.830000e-01 -4.340505e-01 5.022321e-01
-5.320000e-01 7.835000e-01 -4.028697e-01 4.607642e-01 -5.315000e-01 7.840000e-01 -4.029870e-01 4.609710e-01
-5.315000e-01 7.840000e-01 -4.029870e-01 4.609710e-01 -5.305000e-01 7.840000e-01 -4.026688e-01 4.604146e-01
-5.305000e-01 7.840000e-01 -4.026688e-01 4.604146e-01 -5.300000e-01 7.845000e-01 -4.027896e-01 4.606239e-01
-2.050000e-02 7.840000e-01 -4.339063e-01 5.024482e-01 -2.100000e-02 7.845000e-01 -4.338332e-01 5.025571e-01
-2.000000e-02 7.835000e-01 -4.339783e-01 5.023394e-01 -2.050000e-02 7.840000e-01 -4.339063e-01 5.024482e-01
-5.300000e-01 7.845000e-01 -4.027896e-01 4.606239e-01 -5.295000e-01 7.850000e-01 -4.029092e-01 4.608346e-01
-5.295000e-01 7.850000e-01 -4.029092e-01 4.608346e-01 -5.290000e-01 7.855000e-01 -4.030304e-01 4.610466e-01
-2.150000e-02 7.850000e-01 -4.337602e-01 5.026675e-01 -2.200000e-02 7.855000e-01 -4.336862e-01 5.027781e-01
-2.100000e-02 7.845000e-01 -4.338332e-01 5.025571e-01 -2.150000e-02 7.850000e-01 -4.337602e-01 5.026675e-01
-5.290000e-01 7.855000e-01 -4.030304e-01 4.610466e-01 -5.285000e-01 7.860000e-01 -4.031505e-01 4.612601e-01
-5.285000e-01 7.860000e-01 -4.031505e-01 4.612601e-01 -5.280000e-01 7.865000e-01 -4.032722e-01 4.614748e-01
-2.250000e-02 7.860000e-01 -4.336124e-01 5.028902e-01 -2.300000e-02 7.865000e-01 -4.335374e-01 5.030024e-01
-2.200000e-02 7.855000e-01 -4.336862e-01 5.027781e-01 -2.250000e-02 7.860000e-01 -4.336124e-01 5.028902e-01
-5.280000e-01 7.865000e-01 -4.032722e-01 4.614748e-01 -5.275000e-01 7.870000e-01 -4.033927e-01 4.616910e-01
-5.275000e-01 7.870000e-01 -4.033927e-01 4.616910e-01 -5.270000e-01 7.875000e-01 -4.035148e-01 4.619084e-01
-2.300000e-02 7.865000e-01 -4.335374e-01 5.030024e-01 -2.300000e-02 7.875000e-01 -4.331017e-01 5.036657e-01
-5.270000e-01 7.875000e-01 -4.035148e-01 4.619084e-01 -5.265000e-01 7.880000e-01 -4.036357e-01 4.621273e-01
-5.265000e-01 7.880000e-01 -4.036357e-01 4.621273e-01 -5.260000e-01 7.885000e-01 -4.037583e-01 4.623475e-01
-2.350000e-02 7.880000e-01 -4.330272e-01 5.037808e-01 -2.400000e-02 7.885000e-01 -4.329516e-01 5.038962e-01
-2.300000e-02 7.875000e-01 -4.331017e-01 5.036657e-01 -2.350000e-02 7.880000e-01 -4.330272e-01 5.037808e-01
-5.260000e-01 7.885000e-01 -4.037583e-01 4.623475e-01 -5.255000e-01 7.890000e-01 -4.038795e-01 4.625691e-01
-5.255000e-01 7.890000e-01 -4.038795e-01 4.625691e-01 -5.250000e-01 7.895000e-01 -4.040025e-01 4.627920e-01
-2.450000e-02 7.890000e-01 -4.328763e-01 5.040131e-01 -2.500000e-02 7.895000e-01 -4.327999e-01 5.041302e-01
-2.400000e-02 7.885000e-01 -4.329516e-01 5.038962e-01 -2.450000e-02 7.890000e-01 -4.328763e-01 5.040131e-01
-5.250000e-01 7.895000e-01 -4.040025e-01 4.627920e-01 -5.245000e-01 7.900000e-01 -4.041241e-01 4.630163e-01
-5.245000e-01 7.900000e-01 -4.041241e-01 4.630163e-01 -5.240000e-01 7.905000e-01 -4.042474e-01 4.632419e-01
-2.550000e-02 7.900000e-01 -4.327237e-01 5.042487e-01 -2.600000e-02 7.905000e-01 -4.326464e-01 5.043675e-01
-2.500000e-02 7.895000e-01 -4.327999e-01 5.041302e-01 -2.550000e-02 7.900000e-01 -4.327237e-01 5.042487e-01
-5.240000e-01 7.905000e-01 -4.042474e-01 4.632419e-01 -5.235000e-01 7.910000e-01 -4.043693e-01 4.634689e-01
-5.235000e-01 7.910000e-01 -4.043693e-01 4.634689e-01 -5.230000e-01 7.915000e-01 -4.044929e-01 4.636973e-01
-2.650000e-02 7.910000e-01 -4.325694e-01 5.044877e-01 -2.700000e-02 7.915000e-01 -4.324914e-01 5.046082e-01
-2.600000e-02 7.905000e-01 -4.326464e-01 5.043675e-01 -2.650000e-02 7.910000e-01 -4.325694e-01 5.044877e-01
-5.230000e-01 7.915000e-01 -4.044929e-01 4.636973e-01 -5.225000e-01 7.920000e-01 -4.046152e-01 4.639269e-01
-5.225000e-01 7.920000e-01 -4.046152e-01 4.639269e-01 -5.215000e-01 7.920000e-01 -4.043282e-01 4.633922e-01
-5.215000e-01 7.920000e-01 -4.043282e-01 4.633922e-01 -5.210000e-01 7.925000e-01 -4.044537e-01 4.636246e-01
-2.750000e-02 7.920000e-01 -4.324135e-01 5.047302e-01 -2.800000e-02 7.925000e-01 -4.323346e-01 5.048525e-01
-2.700000e-02 7.915000e-01 -4.324914e-01 5.046082e-01 -2.750000e-02 7.920000e-01 -4.324135e-01 5.047302e-01
-5.210000e-01 7.925000e-01 -4.044537e-01 4.636246e-01 -5.205000e-01 7.930000e-01 -4.045778e-01 4.638583e-01
-5.205000e-01 7.930000e-01 -4.045778e-01 4.638583e-01 -5.200000e-01 7.935000e-01 -4.047036e-01 4.640934e-01
-2.800000e-02 7.925000e-01 -4.323346e-01 5.048525e-01 -2.800000e-02 7.935000e-01 -4.319024e-01 5.055321e-01
-5.200000e-01 7.935000e-01 -4.047036e-01 4.640934e-01 -5.195000e-01 7.940000e-01 -4.048280e-01 4.643297e-01
-5.195000e-01 7.940000e-01 -4.048280e-01 4.643297e-01 -5.190000e-01 7.945000e-01 -4.049539e-01 4.645675e-01
-2.850000e-02 7.940000e-01 -4.318240e-01 5.056572e-01 -2.900000e-02 7.945000e-01 -4.317446e-01 5.057826e-01
-2.800000e-02 7.935000e-01 -4.319024e-01 5.055321e-01 -2.850000e-02 7.940000e-01 -4.318240e-01 5.056572e-01
-5.190000e-01 7.945000e-01 -4.049539e-01 4.645675e-01 -5.185000e-01 7.950000e-01 -4.050785e-01 4.648065e-01
-5.185000e-01 7.950000e-01 -4.050785e-01 4.648065e-01 -5.180000e-01 7.955000e-01 -4.052047e-01 4.650470e-01
-2.950000e-02 7.950000e-01 -4.316655e-01 5.059095e-01 -3.000000e-02 7.955000e-01 -4.315853e-01 5.060367e-01
-2.900000e-02 7.945000e-01 -4.317446e-01 5.057826e-01 -2.950000e-02 7.950000e-01 -4.316655e-01 5.059095e-01
-5.180000e-01 7.955000e-01 -4.052047e-01 4.650470e-01 -5.175000e-01 7.960000e-01 -4.053295e-01 4.652888e-01
-5.175000e-01 7.960000e-01 -4.053295e-01 4.652888e-01 -5.170000e-01 7.965000e-01 -4.054558e-01 4.655319e-01
-3.050000e-02 7.960000e-01 -4.315054e-01 5.061653e-01 -3.100000e-02 7.965000e-01 -4.314245e-01 5.062943e-01
-3.000000e-02 7.955000e-01 -4.315853e-01 5.060367e-01 -3.050000e-02 7.960000e-01 -4.315054e-01 5.061653e-01
-5.170000e-01 7.965000e-01 -4.054558e-01 4.655319e-01 -5.165000e-01 7.970000e-01 -4.055807e-01 4.657762e-01
-5.165000e-01 7.970000e-01 -4.055807e-01 4.657762e-01 -5.155000e-01 7.970000e-01 -4.053136e-01 4.652562e-01
-5.155000e-01 7.970000e-01 -4.053136e-01 4.652562e-01 -5.150000e-01 7.975000e-01 -4.054415e-01 4.655033e-01
-3.150000e-02 7.970000e-01 -4.313439e-01 5.064247e-01 -3.200000e-02 7.975000e-01 -4.312622e-01 5.065554e-01
-3.100000e-02 7.965000e-01 -4.314245e-01 5.062943e-01 -3.150000e-02 7.970000e-01 -4.313439e-01 5.064247e-01
-5.150000e-01 7.975000e-01 -4.054415e-01 4.655033e-01 -5.145000e-01 7.980000e-01 -4.055681e-01 4.657518e-01
-5.145000e-01 7.980000e-01 -4.055681e-01 4.657518e-01 -5.140000e-01 7.985000e-01 -4.056962e-01 4.660016e-01
-3.250000e-02 7.980000e-01 -4.311808e-01 5.066875e-01 -3.300000e-02 7.985000e-01 -4.310984e-01 5.068200e-01
-3.200000e-02 7.975000e-01 -4.312622e-01 5.065554e-01 -3.250000e-02 7.980000e-01 -4.311808e-01 5.066875e-01
-5.140000e-01 7.985000e-01 -4.056962e-01 4.660016e-01 -5.135000e-01 7.990000e-01 -4.058229e-01 4.662527e-01
-5.135000e-01 7.990000e-01 -4.058229e-01 4.662527e-01 -5.130000e-01 7.995000e-01 -4.059510e-01 4.665052e-01
-3.350000e-02 7.990000e-01 -4.310163e-01 5.069539e-01 -3.400000e-02 7.995000e-01 -4.309331e-01 5.070882e-01
-3.300000e-02 7.985000e-01 -4.310984e-01 5.068200e-01 -3.350000e-02 7.990000e-01 -4.310163e-01 5.069539e-01
-5.130000e-01 7.995000e-01 -4.059510e-01 4.665052e-01 -5.125000e-01 8.000000e-01 -4.060778e-01 4.667589e-01
-5.125000e-01 8.000000e-01 -4.060778e-01 4.667589e-01 -5.120000e-01 8.005000e-01 -4.062060e-01 4.670141e-01
-3.450000e-02 8.000000e-01 -4.308503e-01 5.072240e-01 -3.500000e-02 8.005000e-01 -4.307665e-01 5.073600e-01
-3.400000e-02 7.995000e-01 -4.309331e-01 5.070882e-01 -3.450000e-02 8.000000e-01 -4.308503e-01 5.072240e-01
-5.120000e-01 8.005000e-01 -4.062060e-01 4.670141e-01 -5.115000e-01 8.010000e-01 -4.063328e-01 4.672705e-01
-5.115000e-01 8.010000e-01 -4.063328e-01 4.672705e-01 -5.110000e-01 8.015000e-01 -4.064610e-01 4.675283e-01
-3.550000e-02 8.010000e-01 -4.306830e-01 5.074976e-01 -3.600000e-02 8.015000e-01 -4.305985e-01 5.076355e-01
-3.500000e-02 8.005000e-01 -4.307665e-01 5.073600e-01 -3.550000e-02 8.010000e-01 -4.306830e-01 5.074976e-01
-5.110000e-01 8.015000e-01 -4.064610e-01 4.675283e-01 -5.105000e-01 8.020000e-01 -4.065879e-01 4.677873e-01
-5.105000e-01 8.020000e-01 -4.065879e-01 4.677873e-01 -5.095000e-01 8.020000e-01 -4.063394e-01 4.672823e-01
-5.095000e-01 8.020000e-01 -4.063394e-01 4.672823e-01 -5.090000e-01 8.025000e-01 -4.064690e-01 4.675442e-01
-3.650000e-02 8.020000e-01 -4.305143e-01 5.077748e-01 -3.700000e-02 8.025000e-01 -4.304291e-01 5.079145e-01
-3.600000e-02 8.015000e-01 -4.305985e-01 5.076355e-01 -3.650000e-02 8.020000e-01 -4.305143e-01 5.077748e-01
-5.090000e-01 8.025000e-01 -4.064690e-01 4.675442e-01 -5.085000e-01 8.030000e-01 -4.065972e-01 4.678072e-01
-5.085000e-01 8.030000e-01 -4.065972e-01 4.678072e-01 -5.080000e-01 8.035000e-01 -4.067269e-01 4.680717e-01
-3.700000e-02 8.025000e-01 -4.304291e-01 5.079145e-01 -3.700000e-02 8.035000e-01 -4.300038e-01 5.086221e-01
-5.080000e-01 8.035000e-01 -4.067269e-01 4.680717e-01 -5.075000e-01 8.040000e-01 -4.068550e-01 4.683374e-01
-5.075000e-01 8.040000e-01 -4.068550e-01 4.683374e-01 -5.070000e-01 8.045000e-01 -4.069846e-01 4.686045e-01
-3.750000e-02 8.040000e-01 -4.299193e-01 5.087647e-01 -3.800000e-02 8.045000e-01 -4.298339e-01 5.089077e-01
-3.700000e-02 8.035000e-01 -4.300038e-01 5.086221e-01 -3.750000e-02 8.040000e-01 -4.299193e-01 5.087647e-01
-5.070000e-01 8.045000e-01 -4.069846e-01 4.686045e-01 -5.065000e-01 8.050000e-01 -4.071127e-01 4.688728e-01
-5.065000e-01 8.050000e-01 -4.071127e-01 4.688728e-01 -5.060000e-01 8.055000e-01 -4.072422e-01 4.691425e-01
-3.850000e-02 8.050000e-01 -4.297488e-01 5.090522e-01 -3.900000e-02 8.055000e-01 -4.296627e-01 5.091970e-01
-3.800000e-02 8.045000e-01 -4.298339e-01 5.089077e-01 -3.850000e-02 8.050000e-01 -4.297488e-01 5.090522e-01
-5.060000e-01 8.055000e-01 -4.072422e-01 4.691425e-01 -5.055000e-01 8.060000e-01 -4.073702e-01 4.694133e-01
-5.055000e-01 8.060000e-01 -4.073702e-01 4.694133e-01 -5.045000e-01 8.060000e-01 -4.071366e-01 4.689211e-01
-5.045000e-01 8.060000e-01 -4.071366e-01 4.689211e-01 -5.040000e-01 8.065000e-01 -4.072673e-01 4.691948e-01
-3.950000e-02 8.060000e-01 -4.295769e-01 5.093433e-01 -4.000000e-02 8.065000e-01 -4.294902e-01 5.094899e-01
-3.900000e-02 8.055000e-01 -4.296627e-01 5.091970e-01 -3.950000e-02 8.060000e-01 -4.295769e-01 5.093433e-01
-5.040000e-01 8.065000e-01 -4.072673e-01 4.691948e-01 -5.035000e-01 8.070000e-01 -4.073965e-01 4.694697e-01
-5.035000e-01 8.070000e-01 -4.073965e-01 4.694697e-01 -5.030000e-01 8.075000e-01 -4.075271e-01 4.697461e-01
-4.050000e-02 8.070000e-01 -4.294039e-01 5.096381e-01 -4.100000e-02 8.075000e-01 -4.293165e-01 5.097866e-01
-4.000000e-02 8.065000e-01 -4.294902e-01 5.094899e-01 -4.050000e-02 8.070000e-01 -4.294039e-01 5.096381e-01
-5.030000e-01 8.075000e-01 -4.075271e-01 4.697461e-01 -5.025000e-01 8.080000e-01 -4.076562e-01 4.700236e-01
-5.025000e-01 8.080000e-01 -4.076562e-01 4.700236e-01 -5.020000e-01 8.085000e-01 -4.077865e-01 4.703026e-01
-4.150000e-02 8.080000e-01 -4.292296e-01 5.099366e-01 -4.200000e-02 8.085000e-01 -4.291416e-01 5.100870e-01
-4.100000e-02 8.075000e-01 -4.293165e-01 5.097866e-01 -4.150000e-02 8.080000e-01 -4.292296e-01 5.099366e-01
-5.020000e-01 8.085000e-01 -4.077865e-01 4.703026e-01 -5.015000e-01 8.090000e-01 -4.079154e-01 4.705826e-01
-5.015000e-01 8.090000e-01 -4.079154e-01 4.705826e-01 -5.010000e-01 8.095000e-01 -4.080456e-01 4.708642e-01
-4.250000e-02 8.090000e-01 -4.290542e-01 5.102389e-01 -4.300000e-02 8.095000e-01 -4.289656e-01 5.103912e-01
-4.200000e-02 8.085000e-01 -4.291416e-01 5.100870e-01 -4.250000e-02 8.090000e-01 -4.290542e-01 5.102389e-01
-5.010000e-01 8.095000e-01 -4.080456e-01 4.708642e-01 -5.005000e-01 8.100000e-01 -4.081743e-01 4.711468e-01
-5.005000e-01 8.100000e-01 -4.081743e-01 4.711468e-01 -4.995000e-01 8.100000e-01 -4.079549e-01 4.706675e-01
-4.995000e-01 8.100000e-01 -4.079549e-01 4.706675e-01 -4.990000e-01 8.105000e-01 -4.080861e-01 4.709531e-01
-4.350000e-02 8.100000e-01 -4.288776e-01 5.105449e-01 -4.400000e-02 8.105000e-01 -4.287885e-01 5.106991e-01
-4.300000e-02 8.095000e-01 -4.289656e-01 5.103912e-01 -4.350000e-02 8.100000e-01 -4.288776e-01 5.105449e-01
-4.990000e-01 8.105000e-01 -4.080861e-01 4.709531e-01 -4.985000e-01 8.110000e-01 -4.082158e-01 4.712398e-01
-4.985000e-01 8.110000e-01 -4.082158e-01 4.712398e-01 -4.980000e-01 8.115000e-01 -4.083467e-01 4.715279e-01
-4.450000e-02 8.110000e-01 -4.286999e-01 5.108547e-01 -4.500000e-02 8.115000e-01 -4.286103e-01 5.110108e-01
-4.400000e-02 8.105000e-01 -4.287885e-01 5.106991e-01 -4.450000e-02 8.110000e-01 -4.286999e-01 5.108547e-01
-4.980000e-01 8.115000e-01 -4.083467e-01 4.715279e-01 -4.975000e-01 8.120000e-01 -4.084762e-01 4.718171e-01
-4.975000e-01 8.120000e-01 -4.084762e-01 4.718171e-01 -4.970000e-01 8.125000e-01 -4.086068e-01 4.721077e-01
-4.550000e-02 8.120000e-01 -4.285211e-01 5.111683e-01 -4.600000e-02 8.125000e-01 -4.284310e-01 5.113263e-01
-4.500000e-02 8.115000e-01 -4.286103e-01 5.110108e-01 -4.550000e-02 8.120000e-01 -4.285211e-01 5.111683e-01
-4.970000e-01 8.125000e-01 -4.086068e-01 4.721077e-01 -4.965000e-01 8.130000e-01 -4.087360e-01 4.723995e-01
-4.965000e-01 8.130000e-01 -4.087360e-01 4.723995e-01 -4.955000e-01 8.130000e-01 -4.085277e-01 4.719304e-01
-4.955000e-01 8.130000e-01 -4.085277e-01 4.719304e-01 -4.950000e-01 8.135000e-01 -4.086592e-01 4.722251e-01
-4.650000e-02 8.130000e-01 -4.283413e-01 5.114857e-01 -4.700000e-02 8.135000e-01 -4.282506e-01 5.116456e-01
-4.600000e-02 8.125000e-01 -4.284310e-01 5.113263e-01 -4.650000e-02 8.130000e-01 -4.283413e-01 5.114857e-01
-4.950000e-01 8.135000e-01 -4.086592e-01 4.722251e-01 -4.945000e-01 8.140000e-01 -4.087893e-01 4.725209e-01
-4.945000e-01 8.140000e-01 -4.087893e-01 4.725209e-01 -4.940000e-01 8.145000e-01 -4.089205e-01 4.728181e-01
-4.750000e-02 8.140000e-01 -4.281605e-01 5.118069e-01 -4.800000e-02 8.145000e-01 -4.280693e-01 5.119687e-01
-4.700000e-02 8.135000e-01 -4.282506e-01 5.116456e-01 -4.750000e-02 8.140000e-01 -4.281605e-01 5.118069e-01
-4.940000e-01 8.145000e-01 -4.089205e-01 4.728181e-01 -4.935000e-01 8.150000e-01 -4.090502e-01 4.731163e-01
-4.935000e-01 8.150000e-01 -4.090502e-01 4.731163e-01 -4.930000e-01 8.155000e-01 -4.091810e-01 4.734161e-01
-4.850000e-02 8.150000e-01 -4.279787e-01 5.121319e-01 -4.900000e-02 8.155000e-01 -4.278870e-01 5.122957e-01
-4.800000e-02 8.145000e-01 -4.280693e-01 5.119687e-01 -4.850000e-02 8.150000e-01 -4.279787e-01 5.121319e-01
-4.930000e-01 8.155000e-01 -4.091810e-01 4.734161e-01 -4.925000e-01 8.160000e-01 -4.093103e-01 4.737169e-01
-4.925000e-01 8.160000e-01 -4.093103e-01 4.737169e-01 -4.915000e-01 8.160000e-01 -4.091126e-01 4.732582e-01
-4.915000e-01 8.160000e-01 -4.091126e-01 4.732582e-01 -4.910000e-01 8.165000e-01 -4.092442e-01 4.735619e-01
-4.950000e-02 8.160000e-01 -4.277959e-01 5.124608e-01 -5.000000e-02 8.165000e-01 -4.277038e-01 5.126265e-01
-4.900000e-02 8.155000e-01 -4.278870e-01 5.122957e-01 -4.950000e-02 8.160000e-01 -4.277959e-01 5.124608e-01
-4.910000e-01 8.165000e-01 -4.092442e-01 4.735619e-01 -4.905000e-01 8.170000e-01 -4.093742e-01 4.738667e-01
-4.905000e-01 8.170000e-01 -4.093742e-01 4.738667e-01 -4.900000e-01 8.175000e-01 -4.095054e-01 4.741730e-01
-5.050000e-02 8.170000e-01 -4.276122e-01 5.127936e-01 -5.100000e-02 8.175000e-01 -4.275196e-01 5.129612e-01
-5.000000e-02 8.165000e-01 -4.277038e-01 5.126265e-01 -5.050000e-02 8.170000e-01 -4.276122e-01 5.127936e-01
-4.900000e-01 8.175000e-01 -4.095054e-01 4.741730e-01 -4.895000e-01 8.180000e-01 -4.096350e-01 4.744802e-01
-4.895000e-01 8.180000e-01 -4.096350e-01 4.744802e-01 -4.890000e-01 8.185000e-01 -4.097657e-01 4.747889e-01
-5.250000e-02 8.180000e-01 -4.276534e-01 5.127185e-01 -5.300000e-02 8.185000e-01 -4.275594e-01 5.128887e-01
-5.250000e-02 8.180000e-01 -4.276534e-01 5.127185e-01 -5.150000e-02 8.180000e-01 -4.274276e-01 5.131303e-01
-5.100000e-02 8.175000e-01 -4.275196e-01 5.129612e-01 -5.150000e-02 8.180000e-01 -4.274276e-01 5.131303e-01
-4.890000e-01 8.185000e-01 -4.097657e-01 4.747889e-01 -4.885000e-01 8.190000e-01 -4.098949e-01 4.750986e-01
-4.885000e-01 8.190000e-01 -4.098949e-01 4.750986e-01 -4.875000e-01 8.190000e-01 -4.097073e-01 4.746505e-01
-4.875000e-01 8.190000e-01 -4.097073e-01 4.746505e-01 -4.870000e-01 8.195000e-01 -4.098386e-01 4.749632e-01
-5.350000e-02 8.190000e-01 -4.274660e-01 5.130602e-01 -5.400000e-02 8.195000e-01 -4.273717e-01 5.132323e-01
-5.300000e-02 8.185000e-01 -4.275594e-01 5.128887e-01 -5.350000e-02 8.190000e-01 -4.274660e-01 5.130602e-01
-4.870000e-01 8.195000e-01 -4.098386e-01 4.749632e-01 -4.865000e-01 8.200000e-01 -4.099684e-01 4.752769e-01
-4.865000e-01 8.200000e-01 -4.099684e-01 4.752769e-01 -4.860000e-01 8.205000e-01 -4.100992e-01 4.755920e-01
-5.450000e-02 8.200000e-01 -4.272778e-01 5.134057e-01 -5.500000e-02 8.205000e-01 -4.271831e-01 5.135798e-01
-5.400000e-02 8.195000e-01 -4.273717e-01 5.132323e-01 -5.450000e-02 8.200000e-01 -4.272778e-01 5.134057e-01
-4.860000e-01 8.205000e-01 -4.100992e-01 4.755920e-01 -4.855000e-01 8.210000e-01 -4.102284e-01 4.759081e-01
-4.855000e-01 8.210000e-01 -4.102284e-01 4.759081e-01 -4.850000e-01 8.215000e-01 -4.103587e-01 4.762257e-01
-5.550000e-02 8.210000e-01 -4.270889e-01 5.137553e-01 -5.600000e-02 8.215000e-01 -4.269938e-01 5.139313e-01
-5.500000e-02 8.205000e-01 -4.271831e-01 5.135798e-01 -5.550000e-02 8.210000e-01 -4.270889e-01 5.137553e-01
-4.850000e-01 8.215000e-01 -4.103587e-01 4.762257e-01 -4.845000e-01 8.220000e-01 -4.104875e-01 4.765443e-01
-4.845000e-01 8.220000e-01 -4.104875e-01 4.765443e-01 -4.835000e-01 8.220000e-01 -4.103095e-01 4.761069e-01
-4.835000e-01 8.220000e-01 -4.103095e-01 4.761069e-01 -4.830000e-01 8.225000e-01 -4.104403e-01 4.764284e-01
-5.650000e-02 8.220000e-01 -4.268992e-01 5.141088e-01 -5.700000e-02 8.225000e-01 -4.268037e-01 5.142868e-01
-5.600000e-02 8.215000e-01 -4.269938e-01 5.139313e-01 -5.650000e-02 8.220000e-01 -4.268992e-01 5.141088e-01
-4.830000e-01 8.225000e-01 -4.104403e-01 4.764284e-01 -4.825000e-01 8.230000e-01 -4.105695e-01 4.767509e-01
-4.825000e-01 8.230000e-01 -4.105695e-01 4.767509e-01 -4.820000e-01 8.235000e-01 -4.106996e-01 4.770748e-01
-5.750000e-02 8.230000e-01 -4.267088e-01 5.144662e-01 -5.800000e-02 8.235000e-01 -4.266129e-01 5.146463e-01
-5.700000e-02 8.225000e-01 -4.268037e-01 5.142868e-01 -5.750000e-02 8.230000e-01 -4.267088e-01 5.144662e-01
-4.820000e-01 8.235000e-01 -4.106996e-01 4.770748e-01 -4.815000e-01 8.240000e-01 -4.108282e-01 4.773997e-01
-4.815000e-01 8.240000e-01 -4.108282e-01 4.773997e-01 -4.805000e-01 8.240000e-01 -4.106577e-01 4.769700e-01
-4.805000e-01 8.240000e-01 -4.106577e-01 4.769700e-01 -4.800000e-01 8.245000e-01 -4.107881e-01 4.772979e-01
-5.850000e-02 8.240000e-01 -4.265176e-01 5.148277e-01 -5.900000e-02 8.245000e-01 -4.264214e-01 5.150097e-01
-5.800000e-02 8.235000e-01 -4.266129e-01 5.146463e-01 -5.850000e-02 8.240000e-01 -4.265176e-01 5.148277e-01
-4.800000e-01 8.245000e-01 -4.107881e-01 4.772979e-01 -4.795000e-01 8.250000e-01 -4.109171e-01 4.776268e-01
-4.795000e-01 8.250000e-01 -4.109171e-01 4.776268e-01 -4.790000e-01 8.255000e-01 -4.110469e-01 4.779571e-01
-5.950000e-02 8.250000e-01 -4.263259e-01 5.151932e-01 -6.000000e-02 8.255000e-01 -4.262294e-01 5.153772e-01
-5.900000e-02 8.245000e-01 -4.264214e-01 5.150097e-01 -5.950000e-02 8.250000e-01 -4.263259e-01 5.151932e-01
-4.790000e-01 8.255000e-01 -4.110469e-01 4.779571e-01 -4.785000e-01 8.260000e-01 -4.111753e-01 4.782882e-01
-4.785000e-01 8.260000e-01 -4.111753e-01 4.782882e-01 -4.775000e-01 8.260000e-01 -4.110118e-01 4.778663e-01
-4.775000e-01 8.260000e-01 -4.110118e-01 4.778663e-01 -4.770000e-01 8.265000e-01 -4.111419e-01 4.782006e-01
-6.050000e-02 8.260000e-01 -4.261335e-01 5.155627e-01 -6.100000e-02 8.265000e-01 -4.260367e-01 5.157487e-01
-6.000000e-02 8.255000e-01 -4.262294e-01 5.153772e-01 -6.050000e-02 8.260000e-01 -4.261335e-01 5.155627e-01
-4.770000e-01 8.265000e-01 -4.111419e-01 4.782006e-01 -4.765000e-01 8.270000e-01 -4.112704e-01 4.785356e-01
-4.765000e-01 8.270000e-01 -4.112704e-01 4.785356e-01 -4.760000e-01 8.275000e-01 -4.113998e-01 4.788722e-01
-6.250000e-02 8.270000e-01 -4.261479e-01 5.155346e-01 -6.300000e-02 8.275000e-01 -4.260499e-01 5.157233e-01
-6.250000e-02 8.270000e-01 -4.261479e-01 5.155346e-01 -6.150000e-02 8.270000e-01 -4.259405e-01 5.159362e-01
-6.100000e-02 8.265000e-01 -4.260367e-01 5.157487e-01 -6.150000e-02 8.270000e-01 -4.259405e-01 5.159362e-01
-4.760000e-01 8.275000e-01 -4.113998e-01 4.788722e-01 -4.755000e-01 8.280000e-01 -4.115277e-01 4.792096e-01
-4.755000e-01 8.280000e-01 -4.115277e-01 4.792096e-01 -4.745000e-01 8.280000e-01 -4.113712e-01 4.787956e-01
-4.745000e-01 8.280000e-01 -4.113712e-01 4.787956e-01 -4.740000e-01 8.285000e-01 -4.115007e-01 4.791361e-01
-6.350000e-02 8.280000e-01 -4.259526e-01 5.159134e-01 -6.400000e-02 8.285000e-01 -4.258544e-01 5.161041e-01
-6.300000e-02 8.275000e-01 -4.260499e-01 5.157233e-01 -6.350000e-02 8.280000e-01 -4.259526e-01 5.159134e-01
-4.740000e-01 8.285000e-01 -4.115007e-01 4.791361e-01 -4.735000e-01 8.290000e-01 -4.116287e-01 4.794773e-01
-4.735000e-01 8.290000e-01 -4.116287e-01 4.794773e-01 -4.730000e-01 8.295000e-01 -4.117575e-01 4.798201e-01
-6.450000e-02 8.290000e-01 -4.257567e-01 5.162963e-01 -6.500000e-02 8.295000e-01 -4.256583e-01 5.164891e-01
-6.400000e-02 8.285000e-01 -4.258544e-01 5.161041e-01 -6.450000e-02 8.290000e-01 -4.257567e-01 5.162963e-01
-4.730000e-01 8.295000e-01 -4.117575e-01 4.798201e-01 -4.725000e-01 8.300000e-01 -4.118848e-01 4.801637e-01
-4.725000e-01 8.300000e-01 -4.118848e-01 4.801637e-01 -4.720000e-01 8.305000e-01 -4.120129e-01 4.805089e-01
-6.550000e-02 8.300000e-01 -4.255604e-01 5.166833e-01 -6.600000e-02 8.305000e-01 -4.254617e-01 5.168781e-01
-6.500000e-02 8.295000e-01 -4.256583e-01 5.164891e-01 -6.550000e-02 8.300000e-01 -4.255604e-01 5.166833e-01
-4.720000e-01 8.305000e-01 -4.120129e-01 4.805089e-01 -4.715000e-01 8.310000e-01 -4.121394e-01 4.808547e-01
-4.715000e-01 8.310000e-01 -4.121394e-01 4.808547e-01 -4.705000e-01 8.310000e-01 -4.119910e-01 4.804518e-01
-4.705000e-01 8.310000e-01 -4.119910e-01 4.804518e-01 -4.700000e-01 8.315000e-01 -4.121191e-01 4.808007e-01
-6.650000e-02 8.310000e-01 -4.253637e-01 5.170744e-01 -6.700000e-02 8.315000e-01 -4.252647e-01 5.172713e-01
-6.600000e-02 8.305000e-01 -4.254617e-01 5.168781e-01 -6.650000e-02 8.310000e-01 -4.253637e-01 5.170744e-01
-4.700000e-01 8.315000e-01 -4.121191e-01 4.808007e-01 -4.695000e-01 8.320000e-01 -4.122456e-01 4.811504e-01
-4.695000e-01 8.320000e-01 -4.122456e-01 4.811504e-01 -4.685000e-01 8.320000e-01 -4.121021e-01 4.807523e-01
-4.685000e-01 8.320000e-01 -4.121021e-01 4.807523e-01 -4.680000e-01 8.325000e-01 -4.122301e-01 4.811051e-01
-6.850000e-02 8.320000e-01 -4.253635e-01 5.170744e-01 -6.900000e-02 8.325000e-01 -4.252635e-01 5.172740e-01
-6.850000e-02 8.320000e-01 -4.253635e-01 5.170744e-01 -6.750000e-02 8.320000e-01 -4.251665e-01 5.174696e-01
-6.700000e-02 8.315000e-01 -4.252647e-01 5.172713e-01 -6.750000e-02 8.320000e-01 -4.251665e-01 5.174696e-01
-4.680000e-01 8.325000e-01 -4.122301e-01 4.811051e-01 -4.675000e-01 8.330000e-01 -4.123566e-01 4.814587e-01
-4.675000e-01 8.330000e-01 -4.123566e-01 4.814587e-01 -4.670000e-01 8.335000e-01 -4.124837e-01 4.818137e-01
-6.950000e-02 8.330000e-01 -4.251642e-01 5.174750e-01 -7.000000e-02 8.335000e-01 -4.250641e-01 5.176767e-01
-6.900000e-02 8.325000e-01 -4.252635e-01 5.172740e-01 -6.950000e-02 8.330000e-01 -4.251642e-01 5.174750e-01
-4.670000e-01 8.335000e-01 -4.124837e-01 4.818137e-01 -4.665000e-01 8.340000e-01 -4.126094e-01 4.821695e-01
-4.665000e-01 8.340000e-01 -4.126094e-01 4.821695e-01 -4.655000e-01 8.340000e-01 -4.124720e-01 4.817795e-01
-4.655000e-01 8.340000e-01 -4.124720e-01 4.817795e-01 -4.650000e-01 8.345000e-01 -4.125990e-01 4.821383e-01
-7.050000e-02 8.340000e-01 -4.249646e-01 5.178799e-01 -7.100000e-02 8.345000e-01 -4.248643e-01 5.180836e-01
-7.000000e-02 8.335000e-01 -4.250641e-01 5.176767e-01 -7.050000e-02 8.340000e-01 -4.249646e-01 5.178799e-01
-4.650000e-01 8.345000e-01 -4.125990e-01 4.821383e-01 -4.645000e-01 8.350000e-01 -4.127245e-01 4.824979e-01
-4.645000e-01 8.350000e-01 -4.127245e-01 4.824979e-01 -4.640000e-01 8.355000e-01 -4.128506e-01 4.828590e-01
-7.150000e-02 8.350000e-01 -4.247647e-01 5.182888e-01 -7.200000e-02 8.355000e-01 -4.246643e-01 5.184947e-01
-7.100000e-02 8.345000e-01 -4.248643e-01 5.180836e-01 -7.150000e-02 8.350000e-01 -4.247647e-01 5.182888e-01
-4.640000e-01 8.355000e-01 -4.128506e-01 4.828590e-01 -4.635000e-01 8.360000e-01 -4.129752e-01 4.832208e-01
-4.635000e-01 8.360000e-01 -4.129752e-01 4.832208e-01 -4.625000e-01 8.360000e-01 -4.128437e-01 4.828388e-01
-4.625000e-01 8.360000e-01 -4.128437e-01 4.828388e-01 -4.620000e-01 8.365000e-01 -4.129696e-01 4.832037e-01
-7.350000e-02 8.360000e-01 -4.247531e-01 5.183123e-01 -7.400000e-02 8.365000e-01 -4.246518e-01 5.185210e-01
-7.350000e-02 8.360000e-01 -4.247531e-01 5.183123e-01 -7.250000e-02 8.360000e-01 -4.245645e-01 5.187020e-01
-7.200000e-02 8.355000e-01 -4.246643e-01 5.184947e-01 -7.250000e-02 8.360000e-01 -4.245645e-01 5.187020e-01
-4.620000e-01 8.365000e-01 -4.129696e-01 4.832037e-01 -4.615000e-01 8.370000e-01 -4.130940e-01 4.835692e-01
-4.615000e-01 8.370000e-01 -4.130940e-01 4.835692e-01 -4.610000e-01 8.375000e-01 -4.132190e-01 4.839363e-01
-7.450000e-02 8.370000e-01 -4.245511e-01 5.187311e-01 -7.500000e-02 8.375000e-01 -4.244496e-01 5.189419e-01
-7.400000e-02 8.365000e-01 -4.246518e-01 5.185210e-01 -7.450000e-02 8.370000e-01 -4.245511e-01 5.187311e-01
-4.610000e-01 8.375000e-01 -4.132190e-01 4.839363e-01 -4.605000e-01 8.380000e-01 -4.133424e-01 4.843041e-01
-4.605000e-01 8.380000e-01 -4.133424e-01 4.843041e-01 -4.595000e-01 8.380000e-01 -4.132166e-01 4.839301e-01
-4.595000e-01 8.380000e-01 -4.132166e-01 4.839301e-01 -4.590000e-01 8.385000e-01 -4.133412e-01 4.843009e-01
-7.550000e-02 8.380000e-01 -4.243489e-01 5.191541e-01 -7.600000e-02 8.385000e-01 -4.242473e-01 5.193670e-01
-7.500000e-02 8.375000e-01 -4.244496e-01 5.189419e-01 -7.550000e-02 8.380000e-01 -4.243489e-01 5.191541e-01
-4.590000e-01 8.385000e-01 -4.133412e-01 4.843009e-01 -4.585000e-01 8.390000e-01 -4.134643e-01 4.846724e-01
-4.585000e-01 8.390000e-01 -4.134643e-01 4.846724e-01 -4.575000e-01 8.390000e-01 -4.133428e-01 4.843035e-01
-4.575000e-01 8.390000e-01 -4.133428e-01 4.843035e-01 -4.570000e-01 8.395000e-01 -4.134670e-01 4.846780e-01
-7.750000e-02 8.390000e-01 -4.243285e-01 5.191960e-01 -7.800000e-02 8.395000e-01 -4.242262e-01 5.194118e-01
-7.750000e-02 8.390000e-01 -4.243285e-01 5.191960e-01 -7.650000e-02 8.390000e-01 -4.241465e-01 5.195812e-01
-7.600000e-02 8.385000e-01 -4.242473e-01 5.193670e-01 -7.650000e-02 8.390000e-01 -4.241465e-01 5.195812e-01
-4.570000e-01 8.395000e-01 -4.134670e-01 4.846780e-01 -4.565000e-01 8.400000e-01 -4.135897e-01 4.850531e-01
-4.565000e-01 8.400000e-01 -4.135897e-01 4.850531e-01 -4.560000e-01 8.405000e-01 -4.137130e-01 4.854298e-01
-7.850000e-02 8.400000e-01 -4.241245e-01 5.196289e-01 -7.900000e-02 8.405000e-01 -4.240221e-01 5.198468e-01
-7.800000e-02 8.395000e-01 -4.242262e-01 5.194118e-01 -7.850000e-02 8.400000e-01 -4.241245e-01 5.196289e-01
-4.560000e-01 8.405000e-01 -4.137130e-01 4.854298e-01 -4.555000e-01 8.410000e-01 -4.138347e-01 4.858071e-01
-4.555000e-01 8.410000e-01 -4.138347e-01 4.858071e-01 -4.545000e-01 8.410000e-01 -4.137184e-01 4.854463e-01
-4.545000e-01 8.410000e-01 -4.137184e-01 4.854463e-01 -4.540000e-01 8.415000e-01 -4.138411e-01 4.858267e-01
-7.950000e-02 8.410000e-01 -4.239204e-01 5.200661e-01 -8.000000e-02 8.415000e-01 -4.238179e-01 5.202861e-01
-7.900000e-02 8.405000e-01 -4.240221e-01 5.198468e-01 -7.950000e-02 8.410000e-01 -4.239204e-01 5.200661e-01
-4.540000e-01 8.415000e-01 -4.138411e-01 4.858267e-01 -4.535000e-01 8.420000e-01 -4.139624e-01 4.862077e-01
-4.535000e-01 8.420000e-01 -4.139624e-01 4.862077e-01 -4.530000e-01 8.425000e-01 -4.140841e-01 4.865901e-01
-8.150000e-02 8.420000e-01 -4.238918e-01 5.201270e-01 -8.200000e-02 8.425000e-01 -4.237886e-01 5.203499e-01
-8.150000e-02 8.420000e-01 -4.238918e-01 5.201270e-01 -8.050000e-02 8.420000e-01 -4.237162e-01 5.205075e-01
-8.000000e-02 8.415000e-01 -4.238179e-01 5.202861e-01 -8.050000e-02 8.420000e-01 -4.237162e-01 5.205075e-01
-4.530000e-01 8.425000e-01 -4.140841e-01 4.865901e-01 -4.525000e-01 8.430000e-01 -4.142043e-01 4.869732e-01
-4.525000e-01 8.430000e-01 -4.142043e-01 4.869732e-01 -4.515000e-01 8.430000e-01 -4.140930e-01 4.866206e-01
-4.515000e-01 8.430000e-01 -4.140930e-01 4.866206e-01 -4.510000e-01 8.435000e-01 -4.142142e-01 4.870066e-01
-8.250000e-02 8.430000e-01 -4.236862e-01 5.205742e-01 -8.300000e-02 8.435000e-01 -4.235830e-01 5.207993e-01
-8.200000e-02 8.425000e-01 -4.237886e-01 5.203499e-01 -8.250000e-02 8.430000e-01 -4.236862e-01 5.205742e-01
-4.510000e-01 8.435000e-01 -4.142142e-01 4.870066e-01 -4.505000e-01 8.440000e-01 -4.143338e-01 4.873933e-01
-4.505000e-01 8.440000e-01 -4.143338e-01 4.873933e-01 -4.495000e-01 8.440000e-01 -4.142264e-01 4.870458e-01
-4.495000e-01 8.440000e-01 -4.142264e-01 4.870458e-01 -4.490000e-01 8.445000e-01 -4.143469e-01 4.874355e-01
-8.450000e-02 8.440000e-01 -4.236514e-01 5.206485e-01 -8.500000e-02 8.445000e-01 -4.235475e-01 5.208765e-01
-8.450000e-02 8.440000e-01 -4.236514e-01 5.206485e-01 -8.350000e-02 8.440000e-01 -4.234805e-01 5.210257e-01
-8.300000e-02 8.435000e-01 -4.235830e-01 5.207993e-01 -8.350000e-02 8.440000e-01 -4.234805e-01 5.210257e-01
-4.490000e-01 8.445000e-01 -4.143469e-01 4.874355e-01 -4.485000e-01 8.450000e-01 -4.144659e-01 4.878258e-01
-4.485000e-01 8.450000e-01 -4.144659e-01 4.878258e-01 -4.480000e-01 8.455000e-01 -4.145854e-01 4.882176e-01
-8.550000e-02 8.450000e-01 -4.234444e-01 5.211059e-01 -8.600000e-02 8.455000e-01 -4.233405e-01 5.213361e-01
-8.500000e-02 8.445000e-01 -4.235475e-01 5.208765e-01 -8.550000e-02 8.450000e-01 -4.234444e-01 5.211059e-01
-4.480000e-01 8.455000e-01 -4.145854e-01 4.882176e-01 -4.475000e-01 8.460000e-01 -4.147033e-01 4.886100e-01
-4.475000e-01 8.460000e-01 -4.147033e-01 4.886100e-01 -4.465000e-01 8.460000e-01 -4.146005e-01 4.882706e-01
-4.465000e-01 8.460000e-01 -4.146005e-01 4.882706e-01 -4.460000e-01 8.465000e-01 -4.147192e-01 4.886659e-01
-8.650000e-02 8.460000e-01 -4.232375e-01 5.215676e-01 -8.700000e-02 8.465000e-01 -4.231337e-01 5.217999e-01
-8.600000e-02 8.455000e-01 -4.233405e-01 5.213361e-01 -8.650000e-02 8.460000e-01 -4.232375e-01 5.215676e-01
-4.460000e-01 8.465000e-01 -4.147192e-01 4.886659e-01 -4.455000e-01 8.470000e-01 -4.148364e-01 4.890618e-01
-4.455000e-01 8.470000e-01 -4.148364e-01 4.890618e-01 -4.445000e-01 8.470000e-01 -4.147373e-01 4.887275e-01
-4.445000e-01 8.470000e-01 -4.147373e-01 4.887275e-01 -4.440000e-01 8.475000e-01 -4.148553e-01 4.891264e-01
-8.850000e-02 8.470000e-01 -4.231956e-01 5.216616e-01 -8.900000e-02 8.475000e-01 -4.230912e-01 5.218969e-01
-8.850000e-02 8.470000e-01 -4.231956e-01 5.216616e-01 -8.750000e-02 8.470000e-01 -4.230308e-01 5.220337e-01
-8.700000e-02 8.465000e-01 -4.231337e-01 5.217999e-01 -8.750000e-02 8.470000e-01 -4.230308e-01 5.220337e-01
-4.440000e-01 8.475000e-01 -4.148553e-01 4.891264e-01 -4.435000e-01 8.480000e-01 -4.149717e-01 4.895259e-01
-4.435000e-01 8.480000e-01 -4.149717e-01 4.895259e-01 -4.425000e-01 8.480000e-01 -4.148762e-01 4.891968e-01
-4.425000e-01 8.480000e-01 -4.148762e-01 4.891968e-01 -4.420000e-01 8.485000e-01 -4.149933e-01 4.895992e-01
-8.950000e-02 8.480000e-01 -4.229876e-01 5.221336e-01 -9.000000e-02 8.485000e-01 -4.228834e-01 5.223711e-01
-8.900000e-02 8.475000e-01 -4.230912e-01 5.218969e-01 -8.950000e-02 8.480000e-01 -4.229876e-01 5.221336e-01
-4.420000e-01 8.485000e-01 -4.149933e-01 4.895992e-01 -4.415000e-01 8.490000e-01 -4.151089e-01 4.900021e-01
-4.415000e-01 8.490000e-01 -4.151089e-01 4.900021e-01 -4.405000e-01 8.490000e-01 -4.150169e-01 4.896782e-01
-4.405000e-01 8.490000e-01 -4.150169e-01 4.896782e-01 -4.400000e-01 8.495000e-01 -4.151331e-01 4.900841e-01
-9.150000e-02 8.490000e-01 -4.229402e-01 5.222415e-01 -9.200000e-02 8.495000e-01 -4.228355e-01 5.224820e-01
-9.150000e-02 8.490000e-01 -4.229402e-01 5.222415e-01 -9.050000e-02 8.490000e-01 -4.227800e-01 5.226100e-01
-9.000000e-02 8.485000e-01 -4.228834e-01 5.223711e-01 -9.050000e-02 8.490000e-01 -4.227800e-01 5.226100e-01
-4.400000e-01 8.495000e-01 -4.151331e-01 4.900841e-01 -4.395000e-01 8.500000e-01 -4.152479e-01 4.904905e-01
-4.395000e-01 8.500000e-01 -4.152479e-01 4.904905e-01 -4.390000e-01 8.505000e-01 -4.153629e-01 4.908984e-01
-9.250000e-02 8.500000e-01 -4.227315e-01 5.227239e-01 -9.300000e-02 8.505000e-01 -4.226269e-01 5.229666e-01
-9.200000e-02 8.495000e-01 -4.228355e-01 5.224820e-01 -9.250000e-02 8.500000e-01 -4.227315e-01 5.227239e-01
-4.390000e-01 8.505000e-01 -4.153629e-01 4.908984e-01 -4.385000e-01 8.510000e-01 -4.154765e-01 4.913068e-01
-4.385000e-01 8.510000e-01 -4.154765e-01 4.913068e-01 -4.375000e-01 8.510000e-01 -4.153883e-01 4.909910e-01
-4.375000e-01 8.510000e-01 -4.153883e-01 4.909910e-01 -4.370000e-01 8.515000e-01 -4.155024e-01 4.914024e-01
-9.450000e-02 8.510000e-01 -4.226789e-01 5.228460e-01 -9.500000e-02 8.515000e-01 -4.225738e-01 5.230918e-01
-9.450000e-02 8.510000e-01 -4.226789e-01 5.228460e-01 -9.350000e-02 8.510000e-01 -4.225231e-01 5.232107e-01
-9.300000e-02 8.505000e-01 -4.226269e-01 5.229666e-01 -9.350000e-02 8.510000e-01 -4.225231e-01 5.232107e-01
-4.370000e-01 8.515000e-01 -4.155024e-01 4.914024e-01 -4.365000e-01 8.520000e-01 -4.156150e-01 4.918141e-01
-4.365000e-01 8.520000e-01 -4.156150e-01 4.918141e-01 -4.355000e-01 8.520000e-01 -4.155301e-01 4.915035e-01
-4.355000e-01 8.520000e-01 -4.155301e-01 4.915035e-01 -4.350000e-01 8.525000e-01 -4.156432e-01 4.919183e-01
-9.550000e-02 8.520000e-01 -4.224695e-01 5.233389e-01 -9.600000e-02 8.525000e-01 -4.223646e-01 5.235868e-01
-9.500000e-02 8.515000e-01 -4.225738e-01 5.230918e-01 -9.550000e-02 8.520000e-01 -4.224695e-01 5.233389e-01
-4.350000e-01 8.525000e-01 -4.156432e-01 4.919183e-01 -4.345000e-01 8.530000e-01 -4.157548e-01 4.923335e-01
-4.345000e-01 8.530000e-01 -4.157548e-01 4.923335e-01 -4.335000e-01 8.530000e-01 -4.156731e-01 4.920281e-01
-4.335000e-01 8.530000e-01 -4.156731e-01 4.920281e-01 -4.330000e-01 8.535000e-01 -4.157851e-01 4.924463e-01
-9.750000e-02 8.530000e-01 -4.224121e-01 5.234753e-01 -9.800000e-02 8.535000e-01 -4.223068e-01 5.237264e-01
-9.750000e-02 8.530000e-01 -4.224121e-01 5.234753e-01 -9.650000e-02 8.530000e-01 -4.222606e-01 5.238362e-01
-9.600000e-02 8.525000e-01 -4.223646e-01 5.235868e-01 -9.650000e-02 8.530000e-01 -4.222606e-01 5.238362e-01
-4.330000e-01 8.535000e-01 -4.157851e-01 4.924463e-01 -4.325000e-01 8.540000e-01 -4.158957e-01 4.928649e-01
-4.325000e-01 8.540000e-01 -4.158957e-01 4.928649e-01 -4.315000e-01 8.540000e-01 -4.158170e-01 4.925646e-01
-4.315000e-01 8.540000e-01 -4.158170e-01 4.925646e-01 -4.310000e-01 8.545000e-01 -4.159279e-01 4.929862e-01
-9.950000e-02 8.540000e-01 -4.223509e-01 5.236202e-01 -1.000000e-01 8.545000e-01 -4.222452e-01 5.238743e-01
-9.950000e-02 8.540000e-01 -4.223509e-01 5.236202e-01 -9.850000e-02 8.540000e-01 -4.222023e-01 5.239788e-01
-9.800000e-02 8.535000e-01 -4.223068e-01 5.237264e-01 -9.850000e-02 8.540000e-01 -4.222023e-01 5.239788e-01
-4.310000e-01 8.545000e-01 -4.159279e-01 4.929862e-01 -4.305000e-01 8.550000e-01 -4.160374e-01 4.934081e-01
-4.305000e-01 8.550000e-01 -4.160374e-01 4.934081e-01 -4.295000e-01 8.550000e-01 -4.159616e-01 4.931131e-01
-4.295000e-01 8.550000e-01 -4.159616e-01 4.931131e-01 -4.290000e-01 8.555000e-01 -4.160714e-01 4.935380e-01
-1.005000e-01 8.550000e-01 -4.221404e-01 5.241298e-01 -1.010000e-01 8.555000e-01 -4.220350e-01 5.243862e-01
-1.000000e-01 8.545000e-01 -4.222452e-01 5.238743e-01 -1.005000e-01 8.550000e-01 -4.221404e-01 5.241298e-01
-4.290000e-01 8.555000e-01 -4.160714e-01 4.935380e-01 -4.285000e-01 8.560000e-01 -4.161798e-01 4.939632e-01
-4.285000e-01 8.560000e-01 -4.161798e-01 4.939632e-01 -4.275000e-01 8.560000e-01 -4.161068e-01 4.936734e-01
-4.275000e-01 8.560000e-01 -4.161068e-01 4.936734e-01 -4.270000e-01 8.565000e-01 -4.162154e-01 4.941016e-01
-1.025000e-01 8.560000e-01 -4.220748e-01 5.242894e-01 -1.030000e-01 8.565000e-01 -4.219691e-01 5.245489e-01
-1.025000e-01 8.560000e-01 -4.220748e-01 5.242894e-01 -1.015000e-01 8.560000e-01 -4.219305e-01 5.246440e-01
-1.010000e-01 8.555000e-01 -4.220350e-01 5.243862e-01 -1.015000e-01 8.560000e-01 -4.219305e-01 5.246440e-01
-4.270000e-01 8.565000e-01 -4.162154e-01 4.941016e-01 -4.265000e-01 8.570000e-01 -4.163226e-01 4.945301e-01
-4.265000e-01 8.570000e-01 -4.163226e-01 4.945301e-01 -4.260000e-01 8.575000e-01 -4.164299e-01 4.949602e-01
-1.045000e-01 8.570000e-01 -4.220058e-01 5.244575e-01 -1.050000e-01 8.575000e-01 -4.218998e-01 5.247201e-01
-1.045000e-01 8.570000e-01 -4.220058e-01 5.244575e-01 -1.035000e-01 8.570000e-01 -4.218643e-01 5.248098e-01
-1.030000e-01 8.565000e-01 -4.219691e-01 5.245489e-01 -1.035000e-01 8.570000e-01 -4.218643e-01 5.248098e-01
-4.260000e-01 8.575000e-01 -4.164299e-01 4.949602e-01 -4.255000e-01 8.580000e-01 -4.165357e-01 4.953906e-01
-4.255000e-01 8.580000e-01 -4.165357e-01 4.953906e-01 -4.245000e-01 8.580000e-01 -4.164657e-01 4.951089e-01
-4.245000e-01 8.580000e-01 -4.164657e-01 4.951089e-01 -4.240000e-01 8.585000e-01 -4.165717e-01 4.955422e-01
-1.055000e-01 8.580000e-01 -4.217947e-01 5.249841e-01 -1.060000e-01 8.585000e-01 -4.216891e-01 5.252491e-01
-1.050000e-01 8.575000e-01 -4.218998e-01 5.247201e-01 -1.055000e-01 8.580000e-01 -4.217947e-01 5.249841e-01
-4.240000e-01 8.585000e-01 -4.165717e-01 4.955422e-01 -4.235000e-01 8.590000e-01 -4.166763e-01 4.959758e-01
-4.235000e-01 8.590000e-01 -4.166763e-01 4.959758e-01 -4.225000e-01 8.590000e-01 -4.166090e-01 4.956992e-01
-4.225000e-01 8.590000e-01 -4.166090e-01 4.956992e-01 -4.220000e-01 8.595000e-01 -4.167137e-01 4.961358e-01
-1.075000e-01 8.590000e-01 -4.217219e-01 5.251673e-01 -1.080000e-01 8.595000e-01 -4.216160e-01 5.254354e-01
-1.075000e-01 8.590000e-01 -4.217219e-01 5.251673e-01 -1.065000e-01 8.590000e-01 -4.215844e-01 5.255154e-01
-1.060000e-01 8.585000e-01 -4.216891e-01 5.252491e-01 -1.065000e-01 8.590000e-01 -4.215844e-01 5.255154e-01
-4.220000e-01 8.595000e-01 -4.167137e-01 4.961358e-01 -4.215000e-01 8.600000e-01 -4.168169e-01 4.965726e-01
-4.215000e-01 8.600000e-01 -4.168169e-01 4.965726e-01 -4.205000e-01 8.600000e-01 -4.167521e-01 4.963012e-01
-4.205000e-01 8.600000e-01 -4.167521e-01 4.963012e-01 -4.195000e-01 8.600000e-01 -4.166897e-01 4.960321e-01
-4.195000e-01 8.600000e-01 -4.166897e-01 4.960321e-01 -4.190000e-01 8.605000e-01 -4.167931e-01 4.964733e-01
-1.095000e-01 8.600000e-01 -4.216458e-01 5.253593e-01 -1.100000e-01 8.605000e-01 -4.215398e-01 5.256306e-01
-1.095000e-01 8.600000e-01 -4.216458e-01 5.253593e-01 -1.085000e-01 8.600000e-01 -4.215111e-01 5.257048e-01
-1.080000e-01 8.595000e-01 -4.216160e-01 5.254354e-01 -1.085000e-01 8.600000e-01 -4.215111e-01 5.257048e-01
-4.190000e-01 8.605000e-01 -4.167931e-01 4.964733e-01 -4.185000e-01 8.610000e-01 -4.168951e-01 4.969147e-01
-4.185000e-01 8.610000e-01 -4.168951e-01 4.969147e-01 -4.175000e-01 8.610000e-01 -4.168351e-01 4.966508e-01
-4.175000e-01 8.610000e-01 -4.168351e-01 4.966508e-01 -4.170000e-01 8.615000e-01 -4.169370e-01 4.970952e-01
-1.115000e-01 8.610000e-01 -4.215668e-01 5.255601e-01 -1.120000e-01 8.615000e-01 -4.214606e-01 5.258347e-01
-1.115000e-01 8.610000e-01 -4.215668e-01 5.255601e-01 -1.105000e-01 8.610000e-01 -4.214348e-01 5.259032e-01
-1.100000e-01 8.605000e-01 -4.215398e-01 5.256306e-01 -1.105000e-01 8.610000e-01 -4.214348e-01 5.259032e-01
-4.170000e-01 8.615000e-01 -4.169370e-01 4.970952e-01 -4.165000e-01 8.620000e-01 -4.170376e-01 4.975398e-01
-4.165000e-01 8.620000e-01 -4.170376e-01 4.975398e-01 -4.155000e-01 8.620000e-01 -4.169799e-01 4.972811e-01
-4.155000e-01 8.620000e-01 -4.169799e-01 4.972811e-01 -4.150000e-01 8.625000e-01 -4.170804e-01 4.977286e-01
-1.125000e-01 8.620000e-01 -4.213555e-01 5.261105e-01 -1.130000e-01 8.625000e-01 -4.212498e-01 5.263873e-01
-1.120000e-01 8.615000e-01 -4.214606e-01 5.258347e-01 -1.125000e-01 8.620000e-01 -4.213555e-01 5.261105e-01
-4.150000e-01 8.625000e-01 -4.170804e-01 4.977286e-01 -4.145000e-01 8.630000e-01 -4.171795e-01 4.981763e-01
-4.145000e-01 8.630000e-01 -4.171795e-01 4.981763e-01 -4.135000e-01 8.630000e-01 -4.171240e-01 4.979227e-01
-4.135000e-01 8.630000e-01 -4.171240e-01 4.979227e-01 -4.130000e-01 8.635000e-01 -4.172230e-01 4.983733e-01
-1.145000e-01 8.630000e-01 -4.212734e-01 5.263268e-01 -1.150000e-01 8.635000e-01 -4.211676e-01 5.266068e-01
-1.145000e-01 8.630000e-01 -4.212734e-01 5.263268e-01 -1.135000e-01 8.630000e-01 -4.211451e-01 5.266654e-01
-1.130000e-01 8.625000e-01 -4.212498e-01 5.263873e-01 -1.135000e-01 8.630000e-01 -4.211451e-01 5.266654e-01
-4.130000e-01 8.635000e-01 -4.172230e-01 4.983733e-01 -4.125000e-01 8.640000e-01 -4.173206e-01 4.988242e-01
-4.125000e-01 8.640000e-01 -4.173206e-01 4.988242e-01 -4.115000e-01 8.640000e-01 -4.172673e-01 4.985758e-01
-4.115000e-01 8.640000e-01 -4.172673e-01 4.985758e-01 -4.110000e-01 8.645000e-01 -4.173647e-01 4.990294e-01
-1.165000e-01 8.640000e-01 -4.211885e-01 5.265521e-01 -1.170000e-01 8.645000e-01 -4.210828e-01 5.268355e-01
-1.165000e-01 8.640000e-01 -4.211885e-01 5.265521e-01 -1.155000e-01 8.640000e-01 -4.210629e-01 5.268882e-01
-1.150000e-01 8.635000e-01 -4.211676e-01 5.266068e-01 -1.155000e-01 8.640000e-01 -4.210629e-01 5.268882e-01
-4.110000e-01 8.645000e-01 -4.173647e-01 4.990294e-01 -4.105000e-01 8.650000e-01 -4.174608e-01 4.994833e-01
-4.105000e-01 8.650000e-01 -4.174608e-01 4.994833e-01 -4.095000e-01 8.650000e-01 -4.174095e-01 4.992401e-01
-4.095000e-01 8.650000e-01 -4.174095e-01 4.992401e-01 -4.090000e-01 8.655000e-01 -4.175054e-01 4.996968e-01
-1.185000e-01 8.650000e-01 -4.211010e-01 5.267867e-01 -1.190000e-01 8.655000e-01 -4.209953e-01 5.270733e-01
-1.185000e-01 8.650000e-01 -4.211010e-01 5.267867e-01 -1.175000e-01 8.650000e-01 -4.209780e-01 5.271200e-01
-1.170000e-01 8.645000e-01 -4.210828e-01 5.268355e-01 -1.175000e-01 8.650000e-01 -4.209780e-01 5.271200e-01
-4.090000e-01 8.655000e-01 -4.175054e-01 4.996968e-01 -4.085000e-01 8.660000e-01 -4.175999e-01 5.001538e-01
-4.085000e-01 8.660000e-01 -4.175999e-01 5.001538e-01 -4.075000e-01 8.660000e-01 -4.175506e-01 4.999156e-01
-4.075000e-01 8.660000e-01 -4.175506e-01 4.999156e-01 -4.070000e-01 8.665000e-01 -4.176449e-01 5.003753e-01
-1.205000e-01 8.660000e-01 -4.210111e-01 5.270305e-01 -1.210000e-01 8.665000e-01 -4.209055e-01 5.273204e-01
-1.205000e-01 8.660000e-01 -4.210111e-01 5.270305e-01 -1.195000e-01 8.660000e-01 -4.208906e-01 5.273612e-01
-1.190000e-01 8.655000e-01 -4.209953e-01 5.270733e-01 -1.195000e-01 8.660000e-01 -4.208906e-01 5.273612e-01
-4.070000e-01 8.665000e-01 -4.176449e-01 5.003753e-01 -4.065000e-01 8.670000e-01 -4.177377e-01 5.008353e-01
-4.065000e-01 8.670000e-01 -4.177377e-01 5.008353e-01 -4.055000e-01 8.670000e-01 -4.176903e-01 5.006023e-01
-4.055000e-01 8.670000e-01 -4.176903e-01 5.006023e-01 -4.045000e-01 8.670000e-01 -4.176449e-01 5.003716e-01
-4.045000e-01 8.670000e-01 -4.176449e-01 5.003716e-01 -4.040000e-01 8.675000e-01 -4.177373e-01 5.008357e-01
-1.225000e-01 8.670000e-01 -4.209188e-01 5.272836e-01 -1.230000e-01 8.675000e-01 -4.208133e-01 5.275768e-01
-1.225000e-01 8.670000e-01 -4.209188e-01 5.272836e-01 -1.215000e-01 8.670000e-01 -4.208009e-01 5.276115e-01
-1.210000e-01 8.665000e-01 -4.209055e-01 5.273204e-01 -1.215000e-01 8.670000e-01 -4.208009e-01 5.276115e-01
-4.040000e-01 8.675000e-01 -4.177373e-01 5.008357e-01 -4.035000e-01 8.680000e-01 -4.178284e-01 5.013000e-01
-4.035000e-01 8.680000e-01 -4.178284e-01 5.013000e-01 -4.025000e-01 8.680000e-01 -4.177848e-01 5.010744e-01
-4.025000e-01 8.680000e-01 -4.177848e-01 5.010744e-01 -4.020000e-01 8.685000e-01 -4.178756e-01 5.015415e-01
-1.245000e-01 8.680000e-01 -4.208243e-01 5.275461e-01 -1.250000e-01 8.685000e-01 -4.207190e-01 5.278426e-01
-1.245000e-01 8.680000e-01 -4.208243e-01 5.275461e-01 -1.235000e-01 8.680000e-01 -4.207089e-01 5.278713e-01
-1.230000e-01 8.675000e-01 -4.208133e-01 5.275768e-01 -1.235000e-01 8.680000e-01 -4.207089e-01 5.278713e-01
-4.020000e-01 8.685000e-01 -4.178756e-01 5.015415e-01 -4.015000e-01 8.690000e-01 -4.179650e-01 5.020087e-01
-4.015000e-01 8.690000e-01 -4.179650e-01 5.020087e-01 -4.005000e-01 8.690000e-01 -4.179230e-01 5.017882e-01
-4.005000e-01 8.690000e-01 -4.179230e-01 5.017882e-01 -4.000000e-01 8.695000e-01 -4.180120e-01 5.022582e-01
-1.265000e-01 8.690000e-01 -4.207277e-01 5.278181e-01 -1.270000e-01 8.695000e-01 -4.206226e-01 5.281180e-01
-1.265000e-01 8.690000e-01 -4.207277e-01 5.278181e-01 -1.255000e-01 8.690000e-01 -4.206147e-01 5.281404e-01
-1.250000e-01 8.685000e-01 -4.207190e-01 5.278426e-01 -1.255000e-01 8.690000e-01 -4.206147e-01 5.281404e-01
-4.000000e-01 8.695000e-01 -4.180120e-01 5.022582e-01 -3.995000e-01 8.700000e-01 -4.180996e-01 5.027283e-01
-3.995000e-01 8.700000e-01 -4.180996e-01 5.027283e-01 -3.985000e-01 8.700000e-01 -4.180592e-01 5.025129e-01
-3.985000e-01 8.700000e-01 -4.180592e-01 5.025129e-01 -3.975000e-01 8.700000e-01 -4.180207e-01 5.023000e-01
-3.975000e-01 8.700000e-01 -4.180207e-01 5.023000e-01 -3.970000e-01 8.705000e-01 -4.181077e-01 5.027742e-01
-1.285000e-01 8.700000e-01 -4.206292e-01 5.280996e-01 -1.290000e-01 8.705000e-01 -4.205244e-01 5.284029e-01
-1.285000e-01 8.700000e-01 -4.206292e-01 5.280996e-01 -1.275000e-01 8.700000e-01 -4.205186e-01 5.284191e-01
-1.270000e-01 8.695000e-01 -4.206226e-01 5.281180e-01 -1.275000e-01 8.700000e-01 -4.205186e-01 5.284191e-01
-3.970000e-01 8.705000e-01 -4.181077e-01 5.027742e-01 -3.965000e-01 8.710000e-01 -4.181934e-01 5.032484e-01
-3.965000e-01 8.710000e-01 -4.181934e-01 5.032484e-01 -3.955000e-01 8.710000e-01 -4.181564e-01 5.030405e-01
-3.955000e-01 8.710000e-01 -4.181564e-01 5.030405e-01 -3.950000e-01 8.715000e-01 -4.182415e-01 5.035175e-01
-1.305000e-01 8.710000e-01 -4.205288e-01 5.283908e-01 -1.310000e-01 8.715000e-01 -4.204242e-01 5.286974e-01
-1.305000e-01 8.710000e-01 -4.205288e-01 5.283908e-01 -1.295000e-01 8.710000e-01 -4.204206e-01 5.287074e-01
-1.290000e-01 8.705000e-01 -4.205244e-01 5.284029e-01 -1.295000e-01 8.710000e-01 -4.204206e-01 5.287074e-01
-3.950000e-01 8.715000e-01 -4.182415e-01 5.035175e-01 -3.945000e-01 8.720000e-01 -4.183254e-01 5.039946e-01
-3.945000e-01 8.720000e-01 -4.183254e-01 5.039946e-01 -3.935000e-01 8.720000e-01 -4.182897e-01 5.037918e-01
-3.935000e-01 8.720000e-01 -4.182897e-01 5.037918e-01 -3.930000e-01 8.725000e-01 -4.183730e-01 5.042716e-01
-1.335000e-01 8.720000e-01 -4.205311e-01 5.283788e-01 -1.340000e-01 8.725000e-01 -4.204266e-01 5.286899e-01
-1.335000e-01 8.720000e-01 -4.205311e-01 5.283788e-01 -1.325000e-01 8.720000e-01 -4.204267e-01 5.286916e-01
-1.325000e-01 8.720000e-01 -4.204267e-01 5.286916e-01 -1.315000e-01 8.720000e-01 -4.203208e-01 5.290053e-01
-1.310000e-01 8.715000e-01 -4.204242e-01 5.286974e-01 -1.315000e-01 8.720000e-01 -4.203208e-01 5.290053e-01
-3.930000e-01 8.725000e-01 -4.183730e-01 5.042716e-01 -3.925000e-01 8.730000e-01 -4.184550e-01 5.047514e-01
-3.925000e-01 8.730000e-01 -4.184550e-01 5.047514e-01 -3.915000e-01 8.730000e-01 -4.184206e-01 5.045536e-01
-3.915000e-01 8.730000e-01 -4.184206e-01 5.045536e-01 -3.905000e-01 8.730000e-01 -4.183880e-01 5.043582e-01
-3.905000e-01 8.730000e-01 -4.183880e-01 5.043582e-01 -3.900000e-01 8.735000e-01 -4.184691e-01 5.048421e-01
-1.355000e-01 8.730000e-01 -4.204253e-01 5.286925e-01 -1.360000e-01 8.735000e-01 -4.203211e-01 5.290070e-01
-1.355000e-01 8.730000e-01 -4.204253e-01 5.286925e-01 -1.345000e-01 8.730000e-01 -4.203231e-01 5.290022e-01
-1.340000e-01 8.725000e-01 -4.204266e-01 5.286899e-01 -1.345000e-01 8.730000e-01 -4.203231e-01 5.290022e-01
-3.900000e-01 8.735000e-01 -4.184691e-01 5.048421e-01 -3.895000e-01 8.740000e-01 -4.185489e-01 5.053260e-01
-3.895000e-01 8.740000e-01 -4.185489e-01 5.053260e-01 -3.885000e-01 8.740000e-01 -4.185175e-01 5.051356e-01
-3.885000e-01 8.740000e-01 -4.185175e-01 5.051356e-01 -3.880000e-01 8.745000e-01 -4.185966e-01 5.056222e-01
-1.375000e-01 8.740000e-01 -4.203180e-01 5.290159e-01 -1.380000e-01 8.745000e-01 -4.202143e-01 5.293339e-01
-1.375000e-01 8.740000e-01 -4.203180e-01 5.290159e-01 -1.365000e-01 8.740000e-01 -4.202181e-01 5.293227e-01
-1.360000e-01 8.735000e-01 -4.203211e-01 5.290070e-01 -1.365000e-01 8.740000e-01 -4.202181e-01 5.293227e-01
-3.880000e-01 8.745000e-01 -4.185966e-01 5.056222e-01 -3.875000e-01 8.750000e-01 -4.186745e-01 5.061088e-01
-3.875000e-01 8.750000e-01 -4.186745e-01 5.061088e-01 -3.865000e-01 8.750000e-01 -4.186441e-01 5.059234e-01
-3.865000e-01 8.750000e-01 -4.186441e-01 5.059234e-01 -3.855000e-01 8.750000e-01 -4.186155e-01 5.057405e-01
-3.855000e-01 8.750000e-01 -4.186155e-01 5.057405e-01 -3.850000e-01 8.755000e-01 -4.186923e-01 5.062310e-01
-1.395000e-01 8.750000e-01 -4.202096e-01 5.293494e-01 -1.400000e-01 8.755000e-01 -4.201064e-01 5.296707e-01
-1.395000e-01 8.750000e-01 -4.202096e-01 5.293494e-01 -1.385000e-01 8.750000e-01 -4.201117e-01 5.296530e-01
-1.380000e-01 8.745000e-01 -4.202143e-01 5.293339e-01 -1.385000e-01 8.750000e-01 -4.201117e-01 5.296530e-01
-3.850000e-01 8.755000e-01 -4.186923e-01 5.062310e-01 -3.845000e-01 8.760000e-01 -4.187679e-01 5.067216e-01
-3.845000e-01 8.760000e-01 -4.187679e-01 5.067216e-01 -3.835000e-01 8.760000e-01 -4.187402e-01 5.065436e-01
-3.835000e-01 8.760000e-01 -4.187402e-01 5.065436e-01 -3.825000e-01 8.760000e-01 -4.187142e-01 5.063679e-01
-3.825000e-01 8.760000e-01 -4.187142e-01 5.063679e-01 -3.820000e-01 8.765000e-01 -4.187886e-01 5.068624e-01
-1.425000e-01 8.760000e-01 -4.201943e-01 5.293932e-01 -1.430000e-01 8.765000e-01 -4.200913e-01 5.297191e-01
-1.425000e-01 8.760000e-01 -4.201943e-01 5.293932e-01 -1.415000e-01 8.760000e-01 -4.201000e-01 5.296928e-01
-1.415000e-01 8.760000e-01 -4.201000e-01 5.296928e-01 -1.405000e-01 8.760000e-01 -4.200043e-01 5.299932e-01
-1.400000e-01 8.755000e-01 -4.201064e-01 5.296707e-01 -1.405000e-01 8.760000e-01 -4.200043e-01 5.299932e-01
-3.820000e-01 8.765000e-01 -4.187886e-01 5.068624e-01 -3.815000e-01 8.770000e-01 -4.188617e-01 5.073568e-01
-3.815000e-01 8.770000e-01 -4.188617e-01 5.073568e-01 -3.805000e-01 8.770000e-01 -4.188365e-01 5.071862e-01
-3.805000e-01 8.770000e-01 -4.188365e-01 5.071862e-01 -3.795000e-01 8.770000e-01 -4.188130e-01 5.070180e-01
-3.795000e-01 8.770000e-01 -4.188130e-01 5.070180e-01 -3.790000e-01 8.775000e-01 -4.188849e-01 5.075162e-01
-1.445000e-01 8.770000e-01 -4.200817e-01 5.297499e-01 -1.450000e-01 8.775000e-01 -4.199794e-01 5.300792e-01
-1.445000e-01 8.770000e-01 -4.200817e-01 5.297499e-01 -1.435000e-01 8.770000e-01 -4.199895e-01 5.300463e-01
-1.430000e-01 8.765000e-01 -4.200913e-01 5.297191e-01 -1.435000e-01 8.770000e-01 -4.199895e-01 5.300463e-01
-3.790000e-01 8.775000e-01 -4.188849e-01 5.075162e-01 -3.785000e-01 8.780000e-01 -4.189555e-01 5.080145e-01
-3.785000e-01 8.780000e-01 -4.189555e-01 5.080145e-01 -3.775000e-01 8.780000e-01 -4.189327e-01 5.078512e-01
-3.775000e-01 8.780000e-01 -4.189327e-01 5.078512e-01 -3.770000e-01 8.785000e-01 -4.190025e-01 5.083520e-01
-1.475000e-01 8.780000e-01 -4.200571e-01 5.298245e-01 -1.480000e-01 8.785000e-01 -4.199552e-01 5.301585e-01
-1.475000e-01 8.780000e-01 -4.200571e-01 5.298245e-01 -1.465000e-01 8.780000e-01 -4.199683e-01 5.301167e-01
-1.465000e-01 8.780000e-01 -4.199683e-01 5.301167e-01 -1.455000e-01 8.780000e-01 -4.198781e-01 5.304098e-01
-1.450000e-01 8.775000e-01 -4.199794e-01 5.300792e-01 -1.455000e-01 8.780000e-01 -4.198781e-01 5.304098e-01
-3.770000e-01 8.785000e-01 -4.190025e-01 5.083520e-01 -3.765000e-01 8.790000e-01 -4.190710e-01 5.088528e-01
-3.765000e-01 8.790000e-01 -4.190710e-01 5.088528e-01 -3.755000e-01 8.790000e-01 -4.190488e-01 5.086944e-01
-3.755000e-01 8.790000e-01 -4.190488e-01 5.086944e-01 -3.745000e-01 8.790000e-01 -4.190281e-01 5.085384e-01
-3.745000e-01 8.790000e-01 -4.190281e-01 5.085384e-01 -3.740000e-01 8.795000e-01 -4.190953e-01 5.090429e-01
-1.495000e-01 8.790000e-01 -4.199412e-01 5.302049e-01 -1.500000e-01 8.795000e-01 -4.198400e-01 5.305423e-01
-1.495000e-01 8.790000e-01 -4.199412e-01 5.302049e-01 -1.485000e-01 8.790000e-01 -4.198544e-01 5.304937e-01
-1.480000e-01 8.785000e-01 -4.199552e-01 5.301585e-01 -1.485000e-01 8.790000e-01 -4.198544e-01 5.304937e-01
-3.740000e-01 8.795000e-01 -4.190953e-01 5.090429e-01 -3.735000e-01 8.800000e-01 -4.191613e-01 5.095474e-01
-3.735000e-01 8.800000e-01 -4.191613e-01 5.095474e-01 -3.725000e-01 8.800000e-01 -4.191411e-01 5.093963e-01
-3.725000e-01 8.800000e-01 -4.191411e-01 5.093963e-01 -3.715000e-01 8.800000e-01 -4.191224e-01 5.092475e-01
-3.715000e-01 8.800000e-01 -4.191224e-01 5.092475e-01 -3.710000e-01 8.805000e-01 -4.191869e-01 5.097557e-01
-1.525000e-01 8.800000e-01 -4.199085e-01 5.303110e-01 -1.530000e-01 8.805000e-01 -4.198078e-01 5.306532e-01
-1.525000e-01 8.800000e-01 -4.199085e-01 5.303110e-01 -1.515000e-01 8.800000e-01 -4.198249e-01 5.305955e-01
-1.515000e-01 8.800000e-01 -4.198249e-01 5.305955e-01 -1.505000e-01 8.800000e-01 -4.197400e-01 5.308810e-01
-1.500000e-01 8.795000e-01 -4.198400e-01 5.305423e-01 -1.505000e-01 8.800000e-01 -4.197400e-01 5.308810e-01
-3.710000e-01 8.805000e-01 -4.191869e-01 5.097557e-01 -3.705000e-01 8.810000e-01 -4.192502e-01 5.102639e-01
-3.705000e-01 8.810000e-01 -4.192502e-01 5.102639e-01 -3.695000e-01 8.810000e-01 -4.192319e-01 5.101200e-01
-3.695000e-01 8.810000e-01 -4.192319e-01 5.101200e-01 -3.685000e-01 8.810000e-01 -4.192150e-01 5.099785e-01
-3.685000e-01 8.810000e-01 -4.192150e-01 5.099785e-01 -3.680000e-01 8.815000e-01 -4.192768e-01 5.104903e-01
-1.555000e-01 8.810000e-01 -4.198704e-01 5.304353e-01 -1.560000e-01 8.815000e-01 -4.197704e-01 5.307822e-01
-1.555000e-01 8.810000e-01 -4.198704e-01 5.304353e-01 -1.545000e-01 8.810000e-01 -4.197901e-01 5.307154e-01
-1.545000e-01 8.810000e-01 -4.197901e-01 5.307154e-01 -1.535000e-01 8.810000e-01 -4.197083e-01 5.309965e-01
-1.530000e-01 8.805000e-01 -4.198078e-01 5.306532e-01 -1.535000e-01 8.810000e-01 -4.197083e-01 5.309965e-01
-3.680000e-01 8.815000e-01 -4.192768e-01 5.104903e-01 -3.675000e-01 8.820000e-01 -4.193374e-01 5.110020e-01
-3.675000e-01 8.820000e-01 -4.193374e-01 5.110020e-01 -3.665000e-01 8.820000e-01 -4.193208e-01 5.108653e-01
-3.665000e-01 8.820000e-01 -4.193208e-01 5.108653e-01 -3.655000e-01 8.820000e-01 -4.193056e-01 5.107311e-01
-3.655000e-01 8.820000e-01 -4.193056e-01 5.107311e-01 -3.650000e-01 8.825000e-01 -4.193645e-01 5.112464e-01
-1.585000e-01 8.820000e-01 -4.198274e-01 5.305780e-01 -1.590000e-01 8.825000e-01 -4.197282e-01 5.309296e-01
-1.585000e-01 8.820000e-01 -4.198274e-01 5.305780e-01 -1.575000e-01 8.820000e-01 -4.197502e-01 5.308535e-01
-1.575000e-01 8.820000e-01 -4.197502e-01 5.308535e-01 -1.565000e-01 8.820000e-01 -4.196716e-01 5.311302e-01
-1.560000e-01 8.815000e-01 -4.197704e-01 5.307822e-01 -1.565000e-01 8.820000e-01 -4.196716e-01 5.311302e-01
-3.650000e-01 8.825000e-01 -4.193645e-01 5.112464e-01 -3.645000e-01 8.830000e-01 -4.194223e-01 5.117616e-01
-3.645000e-01 8.830000e-01 -4.194223e-01 5.117616e-01 -3.635000e-01 8.830000e-01 -4.194073e-01 5.116321e-01
-3.635000e-01 8.830000e-01 -4.194073e-01 5.116321e-01 -3.625000e-01 8.830000e-01 -4.193935e-01 5.115050e-01
-3.625000e-01 8.830000e-01 -4.193935e-01 5.115050e-01 -3.620000e-01 8.835000e-01 -4.194496e-01 5.120238e-01
-1.615000e-01 8.830000e-01 -4.197799e-01 5.307394e-01 -1.620000e-01 8.835000e-01 -4.196815e-01 5.310958e-01
-1.615000e-01 8.830000e-01 -4.197799e-01 5.307394e-01 -1.605000e-01 8.830000e-01 -4.197057e-01 5.310103e-01
-1.605000e-01 8.830000e-01 -4.197057e-01 5.310103e-01 -1.595000e-01 8.830000e-01 -4.196301e-01 5.312823e-01
-1.590000e-01 8.825000e-01 -4.197282e-01 5.309296e-01 -1.595000e-01 8.830000e-01 -4.196301e-01 5.312823e-01
-3.620000e-01 8.835000e-01 -4.194496e-01 5.120238e-01 -3.615000e-01 8.840000e-01 -4.195046e-01 5.125425e-01
-3.615000e-01 8.840000e-01 -4.195046e-01 5.125425e-01 -3.605000e-01 8.840000e-01 -4.194909e-01 5.124201e-01
-3.605000e-01 8.840000e-01 -4.194909e-01 5.124201e-01 -3.595000e-01 8.840000e-01 -4.194785e-01 5.123001e-01
-3.595000e-01 8.840000e-01 -4.194785e-01 5.123001e-01 -3.585000e-01 8.840000e-01 -4.194672e-01 5.121825e-01
-3.585000e-01 8.840000e-01 -4.194672e-01 5.121825e-01 -3.580000e-01 8.845000e-01 -4.195198e-01 5.127058e-01
-1.645000e-01 8.840000e-01 -4.197282e-01 5.309197e-01 -1.650000e-01 8.845000e-01 -4.196307e-01 5.312808e-01
-1.645000e-01 8.840000e-01 -4.197282e-01 5.309197e-01 -1.635000e-01 8.840000e-01 -4.196569e-01 5.311859e-01
-1.635000e-01 8.840000e-01 -4.196569e-01 5.311859e-01 -1.625000e-01 8.840000e-01 -4.195843e-01 5.314532e-01
-1.620000e-01 8.835000e-01 -4.196815e-01 5.310958e-01 -1.625000e-01 8.840000e-01 -4.195843e-01 5.314532e-01
-3.580000e-01 8.845000e-01 -4.195198e-01 5.127058e-01 -3.575000e-01 8.850000e-01 -4.195712e-01 5.132291e-01
-3.575000e-01 8.850000e-01 -4.195712e-01 5.132291e-01 -3.565000e-01 8.850000e-01 -4.195600e-01 5.131162e-01
-3.565000e-01 8.850000e-01 -4.195600e-01 5.131162e-01 -3.555000e-01 8.850000e-01 -4.195498e-01 5.130057e-01
-3.555000e-01 8.850000e-01 -4.195498e-01 5.130057e-01 -3.550000e-01 8.855000e-01 -4.195994e-01 5.135323e-01
-1.675000e-01 8.850000e-01 -4.196727e-01 5.311190e-01 -1.680000e-01 8.855000e-01 -4.195762e-01 5.314849e-01
-1.675000e-01 8.850000e-01 -4.196727e-01 5.311190e-01 -1.665000e-01 8.850000e-01 -4.196042e-01 5.313804e-01
-1.665000e-01 8.850000e-01 -4.196042e-01 5.313804e-01 -1.655000e-01 8.850000e-01 -4.195344e-01 5.316430e-01
-1.650000e-01 8.845000e-01 -4.196307e-01 5.312808e-01 -1.655000e-01 8.850000e-01 -4.195344e-01 5.316430e-01
-3.550000e-01 8.855000e-01 -4.195994e-01 5.135323e-01 -3.545000e-01 8.860000e-01 -4.196478e-01 5.140588e-01
-3.545000e-01 8.860000e-01 -4.196478e-01 5.140588e-01 -3.535000e-01 8.860000e-01 -4.196376e-01 5.139530e-01
-3.535000e-01 8.860000e-01 -4.196376e-01 5.139530e-01 -3.525000e-01 8.860000e-01 -4.196284e-01 5.138495e-01
-3.525000e-01 8.860000e-01 -4.196284e-01 5.138495e-01 -3.515000e-01 8.860000e-01 -4.196203e-01 5.137484e-01
-3.515000e-01 8.860000e-01 -4.196203e-01 5.137484e-01 -3.510000e-01 8.865000e-01 -4.196662e-01 5.142794e-01
-1.705000e-01 8.860000e-01 -4.196138e-01 5.313376e-01 -1.710000e-01 8.865000e-01 -4.195184e-01 5.317084e-01
-1.705000e-01 8.860000e-01 -4.196138e-01 5.313376e-01 -1.695000e-01 8.860000e-01 -4.195480e-01 5.315942e-01
-1.695000e-01 8.860000e-01 -4.195480e-01 5.315942e-01 -1.685000e-01 8.860000e-01 -4.194809e-01 5.318520e-01
-1.680000e-01 8.855000e-01 -4.195762e-01 5.314849e-01 -1.685000e-01 8.860000e-01 -4.194809e-01 5.318520e-01
-3.510000e-01 8.865000e-01 -4.196662e-01 5.142794e-01 -3.505000e-01 8.870000e-01 -4.197109e-01 5.148102e-01
-3.505000e-01 8.870000e-01 -4.197109e-01 5.148102e-01 -3.495000e-01 8.870000e-01 -4.197025e-01 5.147137e-01
-3.495000e-01 8.870000e-01 -4.197025e-01 5.147137e-01 -3.485000e-01 8.870000e-01 -4.196952e-01 5.146196e-01
-3.485000e-01 8.870000e-01 -4.196952e-01 5.146196e-01 -3.480000e-01 8.875000e-01 -4.197379e-01 5.151537e-01
-1.745000e-01 8.870000e-01 -4.196138e-01 5.313254e-01 -1.750000e-01 8.875000e-01 -4.195195e-01 5.317023e-01
-1.745000e-01 8.870000e-01 -4.196138e-01 5.313254e-01 -1.735000e-01 8.870000e-01 -4.195518e-01 5.315758e-01
-1.735000e-01 8.870000e-01 -4.195518e-01 5.315758e-01 -1.725000e-01 8.870000e-01 -4.194887e-01 5.318274e-01
-1.725000e-01 8.870000e-01 -4.194887e-01 5.318274e-01 -1.715000e-01 8.870000e-01 -4.194242e-01 5.320803e-01
-1.710000e-01 8.865000e-01 -4.195184e-01 5.317084e-01 -1.715000e-01 8.870000e-01 -4.194242e-01 5.320803e-01
-3.480000e-01 8.875000e-01 -4.197379e-01 5.151537e-01 -3.475000e-01 8.880000e-01 -4.197795e-01 5.156878e-01
-3.475000e-01 8.880000e-01 -4.197795e-01 5.156878e-01 -3.465000e-01 8.880000e-01 -4.197718e-01 5.155982e-01
-3.465000e-01 8.880000e-01 -4.197718e-01 5.155982e-01 -3.455000e-01 8.880000e-01 -4.197650e-01 5.155110e-01
-3.455000e-01 8.880000e-01 -4.197650e-01 5.155110e-01 -3.445000e-01 8.880000e-01 -4.197592e-01 5.154261e-01
-3.445000e-01 8.880000e-01 -4.197592e-01 5.154261e-01 -3.440000e-01 8.885000e-01 -4.197980e-01 5.159644e-01
-1.775000e-01 8.880000e-01 -4.195467e-01 5.315883e-01 -1.780000e-01 8.885000e-01 -4.194538e-01 5.319700e-01
-1.775000e-01 8.880000e-01 -4.195467e-01 5.315883e-01 -1.765000e-01 8.880000e-01 -4.194873e-01 5.318336e-01
-1.765000e-01 8.880000e-01 -4.194873e-01 5.318336e-01 -1.755000e-01 8.880000e-01 -4.194266e-01 5.320802e-01
-1.750000e-01 8.875000e-01 -4.195195e-01 5.317023e-01 -1.755000e-01 8.880000e-01 -4.194266e-01 5.320802e-01
-3.440000e-01 8.885000e-01 -4.197980e-01 5.159644e-01 -3.435000e-01 8.890000e-01 -4.198358e-01 5.165026e-01
-3.435000e-01 8.890000e-01 -4.198358e-01 5.165026e-01 -3.425000e-01 8.890000e-01 -4.198295e-01 5.164222e-01
-3.425000e-01 8.890000e-01 -4.198295e-01 5.164222e-01 -3.415000e-01 8.890000e-01 -4.198241e-01 5.163442e-01
-3.415000e-01 8.890000e-01 -4.198241e-01 5.163442e-01 -3.405000e-01 8.890000e-01 -4.198196e-01 5.162686e-01
-3.405000e-01 8.890000e-01 -4.198196e-01 5.162686e-01 -3.400000e-01 8.895000e-01 -4.198544e-01 5.168109e-01
-1.815000e-01 8.890000e-01 -4.195334e-01 5.316322e-01 -1.820000e-01 8.895000e-01 -4.194420e-01 5.320202e-01
-1.815000e-01 8.890000e-01 -4.195334e-01 5.316322e-01 -1.805000e-01 8.890000e-01 -4.194775e-01 5.318711e-01
-1.805000e-01 8.890000e-01 -4.194775e-01 5.318711e-01 -1.795000e-01 8.890000e-01 -4.194205e-01 5.321113e-01
-1.795000e-01 8.890000e-01 -4.194205e-01 5.321113e-01 -1.785000e-01 8.890000e-01 -4.193622e-01 5.323528e-01
-1.780000e-01 8.885000e-01 -4.194538e-01 5.319700e-01 -1.785000e-01 8.890000e-01 -4.193622e-01 5.323528e-01
-3.400000e-01 8.895000e-01 -4.198544e-01 5.168109e-01 -3.395000e-01 8.900000e-01 -4.198881e-01 5.173531e-01
-3.395000e-01 8.900000e-01 -4.198881e-01 5.173531e-01 -3.385000e-01 8.900000e-01 -4.198830e-01 5.172819e-01
-3.385000e-01 8.900000e-01 -4.198830e-01 5.172819e-01 -3.375000e-01 8.900000e-01 -4.198787e-01 5.172131e-01
-3.375000e-01 8.900000e-01 -4.198787e-01 5.172131e-01 -3.365000e-01 8.900000e-01 -4.198752e-01 5.171466e-01
-3.365000e-01 8.900000e-01 -4.198752e-01 5.171466e-01 -3.355000e-01 8.900000e-01 -4.198725e-01 5.170824e-01
-3.355000e-01 8.900000e-01 -4.198725e-01 5.170824e-01 -3.350000e-01 8.905000e-01 -4.199024e-01 5.176297e-01
-1.855000e-01 8.900000e-01 -4.195128e-01 5.317081e-01 -1.860000e-01 8.905000e-01 -4.194229e-01 5.321023e-01
-1.855000e-01 8.900000e-01 -4.195128e-01 5.317081e-01 -1.845000e-01 8.900000e-01 -4.194603e-01 5.319405e-01
-1.845000e-01 8.900000e-01 -4.194603e-01 5.319405e-01 -1.835000e-01 8.900000e-01 -4.194066e-01 5.321741e-01
-1.835000e-01 8.900000e-01 -4.194066e-01 5.321741e-01 -1.825000e-01 8.900000e-01 -4.193518e-01 5.324091e-01
-1.820000e-01 8.895000e-01 -4.194420e-01 5.320202e-01 -1.825000e-01 8.900000e-01 -4.193518e-01 5.324091e-01
-3.350000e-01 8.905000e-01 -4.199024e-01 5.176297e-01 -3.345000e-01 8.910000e-01 -4.199313e-01 5.181767e-01
-3.345000e-01 8.910000e-01 -4.199313e-01 5.181767e-01 -3.335000e-01 8.910000e-01 -4.199278e-01 5.181169e-01
-3.335000e-01 8.910000e-01 -4.199278e-01 5.181169e-01 -3.325000e-01 8.910000e-01 -4.199251e-01 5.180595e-01
-3.325000e-01 8.910000e-01 -4.199251e-01 5.180595e-01 -3.315000e-01 8.910000e-01 -4.199231e-01 5.180044e-01
-3.315000e-01 8.910000e-01 -4.199231e-01 5.180044e-01 -3.310000e-01 8.915000e-01 -4.199488e-01 5.185555e-01
-1.895000e-01 8.910000e-01 -4.194856e-01 5.318165e-01 -1.900000e-01 8.915000e-01 -4.193976e-01 5.322169e-01
-1.895000e-01 8.910000e-01 -4.194856e-01 5.318165e-01 -1.885000e-01 8.910000e-01 -4.194364e-01 5.320421e-01
-1.885000e-01 8.910000e-01 -4.194364e-01 5.320421e-01 -1.875000e-01 8.910000e-01 -4.193860e-01 5.322691e-01
-1.875000e-01 8.910000e-01 -4.193860e-01 5.322691e-01 -1.865000e-01 8.910000e-01 -4.193344e-01 5.324974e-01
-1.860000e-01 8.905000e-01 -4.194229e-01 5.321023e-01 -1.865000e-01 8.910000e-01 -4.193344e-01 5.324974e-01
-3.310000e-01 8.915000e-01 -4.199488e-01 5.185555e-01 -3.305000e-01 8.920000e-01 -4.199736e-01 5.191062e-01
-3.305000e-01 8.920000e-01 -4.199736e-01 5.191062e-01 -3.295000e-01 8.920000e-01 -4.199706e-01 5.190555e-01
-3.295000e-01 8.920000e-01 -4.199706e-01 5.190555e-01 -3.285000e-01 8.920000e-01 -4.199684e-01 5.190070e-01
-3.285000e-01 8.920000e-01 -4.199684e-01 5.190070e-01 -3.275000e-01 8.920000e-01 -4.199668e-01 5.189608e-01
-3.275000e-01 8.920000e-01 -4.199668e-01 5.189608e-01 -3.265000e-01 8.920000e-01 -4.199659e-01 5.189170e-01
-3.265000e-01 8.920000e-01 -4.199659e-01 5.189170e-01 -3.260000e-01 8.925000e-01 -4.199865e-01 5.194726e-01
-1.945000e-01 8.920000e-01 -4.194980e-01 5.317404e-01 -1.950000e-01 8.925000e-01 -4.194121e-01 5.321484e-01
-1.945000e-01 8.920000e-01 -4.194980e-01 5.317404e-01 -1.935000e-01 8.920000e-01 -4.194529e-01 5.319577e-01
-1.935000e-01 8.920000e-01 -4.194529e-01 5.319577e-01 -1.925000e-01 8.920000e-01 -4.194066e-01 5.321765e-01
-1.925000e-01 8.920000e-01 -4.194066e-01 5.321765e-01 -1.915000e-01 8.920000e-01 -4.193593e-01 5.323967e-01
-1.915000e-01 8.920000e-01 -4.193593e-01 5.323967e-01 -1.905000e-01 8.920000e-01 -4.193109e-01 5.326183e-01
-1.900000e-01 8.915000e-01 -4.193976e-01 5.322169e-01 -1.905000e-01 8.920000e-01 -4.193109e-01 5.326183e-01
-3.260000e-01 8.925000e-01 -4.199865e-01 5.194726e-01 -3.255000e-01 8.930000e-01 -4.200061e-01 5.200280e-01
-3.255000e-01 8.930000e-01 -4.200061e-01 5.200280e-01 -3.245000e-01 8.930000e-01 -4.200041e-01 5.199884e-01
-3.245000e-01 8.930000e-01 -4.200041e-01 5.199884e-01 -3.235000e-01 8.930000e-01 -4.200028e-01 5.199511e-01
-3.235000e-01 8.930000e-01 -4.200028e-01 5.199511e-01 -3.225000e-01 8.930000e-01 -4.200019e-01 5.199161e-01
-3.225000e-01 8.930000e-01 -4.200019e-01 5.199161e-01 -3.215000e-01 8.930000e-01 -4.200017e-01 5.198834e-01
-3.215000e-01 8.930000e-01 -4.200017e-01 5.198834e-01 -3.210000e-01 8.935000e-01 -4.200171e-01 5.204435e-01
-1.995000e-01 8.930000e-01 -4.194990e-01 5.317131e-01 -2.000000e-01 8.935000e-01 -4.194155e-01 5.321288e-01
-1.995000e-01 8.930000e-01 -4.194990e-01 5.317131e-01 -1.985000e-01 8.930000e-01 -4.194577e-01 5.319220e-01
-1.985000e-01 8.930000e-01 -4.194577e-01 5.319220e-01 -1.975000e-01 8.930000e-01 -4.194154e-01 5.321324e-01
-1.975000e-01 8.930000e-01 -4.194154e-01 5.321324e-01 -1.965000e-01 8.930000e-01 -4.193720e-01 5.323441e-01
-1.965000e-01 8.930000e-01 -4.193720e-01 5.323441e-01 -1.955000e-01 8.930000e-01 -4.193275e-01 5.325574e-01
-1.950000e-01 8.925000e-01 -4.194121e-01 5.321484e-01 -1.955000e-01 8.930000e-01 -4.193275e-01 5.325574e-01
-3.210000e-01 8.935000e-01 -4.200171e-01 5.204435e-01 -3.205000e-01 8.940000e-01 -4.200315e-01 5.210033e-01
-3.205000e-01 8.940000e-01 -4.200315e-01 5.210033e-01 -3.195000e-01 8.940000e-01 -4.200300e-01 5.209748e-01
-3.195000e-01 8.940000e-01 -4.200300e-01 5.209748e-01 -3.185000e-01 8.940000e-01 -4.200291e-01 5.209485e-01
-3.185000e-01 8.940000e-01 -4.200291e-01 5.209485e-01 -3.175000e-01 8.940000e-01 -4.200287e-01 5.209245e-01
-3.175000e-01 8.940000e-01 -4.200287e-01 5.209245e-01 -3.165000e-01 8.940000e-01 -4.200287e-01 5.209028e-01
-3.165000e-01 8.940000e-01 -4.200287e-01 5.209028e-01 -3.155000e-01 8.940000e-01 -4.200292e-01 5.208834e-01
-3.155000e-01 8.940000e-01 -4.200292e-01 5.208834e-01 -3.150000e-01 8.945000e-01 -4.200383e-01 5.214486e-01
-2.045000e-01 8.940000e-01 -4.194902e-01 5.317357e-01 -2.050000e-01 8.945000e-01 -4.194093e-01 5.321591e-01
-2.045000e-01 8.940000e-01 -4.194902e-01 5.317357e-01 -2.035000e-01 8.940000e-01 -4.194525e-01 5.319359e-01
-2.035000e-01 8.940000e-01 -4.194525e-01 5.319359e-01 -2.025000e-01 8.940000e-01 -4.194137e-01 5.321375e-01
-2.025000e-01 8.940000e-01 -4.194137e-01 5.321375e-01 -2.015000e-01 8.940000e-01 -4.193740e-01 5.323408e-01
-2.015000e-01 8.940000e-01 -4.193740e-01 5.323408e-01 -2.005000e-01 8.940000e-01 -4.193333e-01 5.325455e-01
-2.000000e-01 8.935000e-01 -4.194155e-01 5.321288e-01 -2.005000e-01 8.940000e-01 -4.193333e-01 5.325455e-01
-3.150000e-01 8.945000e-01 -4.200383e-01 5.214486e-01 -3.145000e-01 8.950000e-01 -4.200465e-01 5.220135e-01
-3.145000e-01 8.950000e-01 -4.200465e-01 5.220135e-01 -3.135000e-01 8.950000e-01 -4.200456e-01 5.219981e-01
-3.135000e-01 8.950000e-01 -4.200456e-01 5.219981e-01 -3.125000e-01 8.950000e-01 -4.200452e-01 5.219850e-01
-3.125000e-01 8.950000e-01 -4.200452e-01 5.219850e-01 -3.115000e-01 8.950000e-01 -4.200452e-01 5.219741e-01
-3.115000e-01 8.950000e-01 -4.200452e-01 5.219741e-01 -3.105000e-01 8.950000e-01 -4.200455e-01 5.219655e-01
-3.105000e-01 8.950000e-01 -4.200455e-01 5.219655e-01 -3.095000e-01 8.950000e-01 -4.200463e-01 5.219591e-01
-3.095000e-01 8.950000e-01 -4.200463e-01 5.219591e-01 -3.090000e-01 8.955000e-01 -4.200489e-01 5.225292e-01
-2.105000e-01 8.950000e-01 -4.195069e-01 5.316192e-01 -2.110000e-01 8.955000e-01 -4.194291e-01 5.320517e-01
-2.105000e-01 8.950000e-01 -4.195069e-01 5.316192e-01 -2.095000e-01 8.950000e-01 -4.194733e-01 5.318089e-01
-2.095000e-01 8.950000e-01 -4.194733e-01 5.318089e-01 -2.085000e-01 8.950000e-01 -4.194388e-01 5.320002e-01
-2.085000e-01 8.950000e-01 -4.194388e-01 5.320002e-01 -2.075000e-01 8.950000e-01 -4.194034e-01 5.321931e-01
-2.075000e-01 8.950000e-01 -4.194034e-01 5.321931e-01 -2.065000e-01 8.950000e-01 -4.193671e-01 5.323875e-01
-2.065000e-01 8.950000e-01 -4.193671e-01 5.323875e-01 -2.055000e-01 8.950000e-01 -4.193297e-01 5.325834e-01
-2.050000e-01 8.945000e-01 -4.194093e-01 5.321591e-01 -2.055000e-01 8.950000e-01 -4.193297e-01 5.325834e-01
-3.090000e-01 8.955000e-01 -4.200489e-01 5.225292e-01 -3.085000e-01 8.960000e-01 -4.200507e-01 5.230990e-01
-3.085000e-01 8.960000e-01 -4.200507e-01 5.230990e-01 -3.075000e-01 8.960000e-01 -4.200499e-01 5.230966e-01
-3.075000e-01 8.960000e-01 -4.200499e-01 5.230966e-01 -3.065000e-01 8.960000e-01 -4.200494e-01 5.230964e-01
-3.065000e-01 8.960000e-01 -4.200494e-01 5.230964e-01 -3.055000e-01 8.960000e-01 -4.200492e-01 5.230984e-01
-3.055000e-01 8.960000e-01 -4.200492e-01 5.230984e-01 -3.045000e-01 8.960000e-01 -4.200494e-01 5.231027e-01
-3.045000e-01 8.960000e-01 -4.200494e-01 5.231027e-01 -3.035000e-01 8.960000e-01 -4.200498e-01 5.231092e-01
-3.035000e-01 8.960000e-01 -4.200498e-01 5.231092e-01 -3.025000e-01 8.960000e-01 -4.200505e-01 5.231179e-01
-3.025000e-01 8.960000e-01 -4.200505e-01 5.231179e-01 -3.020000e-01 8.965000e-01 -4.200455e-01 5.236934e-01
-2.175000e-01 8.960000e-01 -4.195394e-01 5.313967e-01 -2.180000e-01 8.965000e-01 -4.194655e-01 5.318398e-01
-2.175000e-01 8.960000e-01 -4.195394e-01 5.313967e-01 -2.165000e-01 8.960000e-01 -4.195105e-01 5.315741e-01
-2.165000e-01 8.960000e-01 -4.195105e-01 5.315741e-01 -2.155000e-01 8.960000e-01 -4.194807e-01 5.317531e-01
-2.155000e-01 8.960000e-01 -4.194807e-01 5.317531e-01 -2.145000e-01 8.960000e-01 -4.194500e-01 5.319337e-01
-2.145000e-01 8.960000e-01 -4.194500e-01 5.319337e-01 -2.135000e-01 8.960000e-01 -4.194185e-01 5.321159e-01
-2.135000e-01 8.960000e-01 -4.194185e-01 5.321159e-01 -2.125000e-01 8.960000e-01 -4.193861e-01 5.322997e-01
-2.125000e-01 8.960000e-01 -4.193861e-01 5.322997e-01 -2.115000e-01 8.960000e-01 -4.193528e-01 5.324851e-01
-2.110000e-01 8.955000e-01 -4.194291e-01 5.320517e-01 -2.115000e-01 8.960000e-01 -4.193528e-01 5.324851e-01
-3.020000e-01 8.965000e-01 -4.200455e-01 5.236934e-01 -3.015000e-01 8.970000e-01 -4.200397e-01 5.242686e-01
-3.015000e-01 8.970000e-01 -4.200397e-01 5.242686e-01 -3.005000e-01 8.970000e-01 -4.200387e-01 5.242811e-01
-3.005000e-01 8.970000e-01 -4.200387e-01 5.242811e-01 -2.995000e-01 8.970000e-01 -4.200379e-01 5.242959e-01
-2.995000e-01 8.970000e-01 -4.200379e-01 5.242959e-01 -2.985000e-01 8.970000e-01 -4.200373e-01 5.243127e-01
-2.985000e-01 8.970000e-01 -4.200373e-01 5.243127e-01 -2.975000e-01 8.970000e-01 -4.200369e-01 5.243319e-01
-2.975000e-01 8.970000e-01 -4.200369e-01 5.243319e-01 -2.965000e-01 8.970000e-01 -4.200366e-01 5.243531e-01
-2.965000e-01 8.970000e-01 -4.200366e-01 5.243531e-01 -2.955000e-01 8.970000e-01 -4.200366e-01 5.243766e-01
-2.955000e-01 8.970000e-01 -4.200366e-01 5.243766e-01 -2.945000e-01 8.970000e-01 -4.200367e-01 5.244022e-01
-2.945000e-01 8.970000e-01 -4.200367e-01 5.244022e-01 -2.935000e-01 8.970000e-01 -4.200369e-01 5.244301e-01
-2.935000e-01 8.970000e-01 -4.200369e-01 5.244301e-01 -2.930000e-01 8.975000e-01 -4.200220e-01 5.250122e-01
-2.265000e-01 8.970000e-01 -4.196018e-01 5.309468e-01 -2.270000e-01 8.975000e-01 -4.195333e-01 5.314034e-01
-2.265000e-01 8.970000e-01 -4.196018e-01 5.309468e-01 -2.255000e-01 8.970000e-01 -4.195784e-01 5.311080e-01
-2.255000e-01 8.970000e-01 -4.195784e-01 5.311080e-01 -2.245000e-01 8.970000e-01 -4.195543e-01 5.312710e-01
-2.245000e-01 8.970000e-01 -4.195543e-01 5.312710e-01 -2.235000e-01 8.970000e-01 -4.195294e-01 5.314356e-01
-2.235000e-01 8.970000e-01 -4.195294e-01 5.314356e-01 -2.225000e-01 8.970000e-01 -4.195038e-01 5.316019e-01
-2.225000e-01 8.970000e-01 -4.195038e-01 5.316019e-01 -2.215000e-01 8.970000e-01 -4.194773e-01 5.317699e-01
-2.215000e-01 8.970000e-01 -4.194773e-01 5.317699e-01 -2.205000e-01 8.970000e-01 -4.194501e-01 5.319395e-01
-2.205000e-01 8.970000e-01 -4.194501e-01 5.319395e-01 -2.195000e-01 8.970000e-01 -4.194220e-01 5.321108e-01
-2.195000e-01 8.970000e-01 -4.194220e-01 5.321108e-01 -2.185000e-01 8.970000e-01 -4.193931e-01 5.322837e-01
-2.180000e-01 8.965000e-01 -4.194655e-01 5.318398e-01 -2.185000e-01 8.970000e-01 -4.193931e-01 5.322837e-01
-2.930000e-01 8.975000e-01 -4.200220e-01 5.250122e-01 -2.925000e-01 8.980000e-01 -4.200064e-01 5.255940e-01
-2.925000e-01 8.980000e-01 -4.200064e-01 5.255940e-01 -2.915000e-01 8.980000e-01 -4.200047e-01 5.256254e-01
-2.915000e-01 8.980000e-01 -4.200047e-01 5.256254e-01 -2.905000e-01 8.980000e-01 -4.200031e-01 5.256590e-01
-2.905000e-01 8.980000e-01 -4.200031e-01 5.256590e-01 -2.895000e-01 8.980000e-01 -4.200015e-01 5.256948e-01
-2.895000e-01 8.980000e-01 -4.200015e-01 5.256948e-01 -2.885000e-01 8.980000e-01 -4.200000e-01 5.257327e-01
-2.885000e-01 8.980000e-01 -4.200000e-01 5.257327e-01 -2.875000e-01 8.980000e-01 -4.199985e-01 5.257728e-01
-2.875000e-01 8.980000e-01 -4.199985e-01 5.257728e-01 -2.865000e-01 8.980000e-01 -4.199971e-01 5.258149e-01
-2.865000e-01 8.980000e-01 -4.199971e-01 5.258149e-01 -2.855000e-01 8.980000e-01 -4.199956e-01 5.258593e-01
-2.855000e-01 8.980000e-01 -4.199956e-01 5.258593e-01 -2.845000e-01 8.980000e-01 -4.199942e-01 5.259057e-01
-2.845000e-01 8.980000e-01 -4.199942e-01 5.259057e-01 -2.835000e-01 8.980000e-01 -4.199928e-01 5.259543e-01
-2.835000e-01 8.980000e-01 -4.199928e-01 5.259543e-01 -2.825000e-01 8.980000e-01 -4.199913e-01 5.260049e-01
-2.825000e-01 8.980000e-01 -4.199913e-01 5.260049e-01 -2.815000e-01 8.980000e-01 -4.199898e-01 5.260577e-01
-2.815000e-01 8.980000e-01 -4.199898e-01 5.260577e-01 -2.810000e-01 8.985000e-01 -4.199616e-01 5.266478e-01
-2.375000e-01 8.980000e-01 -4.196707e-01 5.303721e-01 -2.380000e-01 8.985000e-01 -4.196096e-01 5.308451e-01
-2.375000e-01 8.980000e-01 -4.196707e-01 5.303721e-01 -2.365000e-01 8.980000e-01 -4.196533e-01 5.305130e-01
-2.365000e-01 8.980000e-01 -4.196533e-01 5.305130e-01 -2.355000e-01 8.980000e-01 -4.196352e-01 5.306557e-01
-2.355000e-01 8.980000e-01 -4.196352e-01 5.306557e-01 -2.345000e-01 8.980000e-01 -4.196164e-01 5.308002e-01
-2.345000e-01 8.980000e-01 -4.196164e-01 5.308002e-01 -2.335000e-01 8.980000e-01 -4.195971e-01 5.309464e-01
-2.335000e-01 8.980000e-01 -4.195971e-01 5.309464e-01 -2.325000e-01 8.980000e-01 -4.195770e-01 5.310945e-01
-2.325000e-01 8.980000e-01 -4.195770e-01 5.310945e-01 -2.315000e-01 8.980000e-01 -4.195563e-01 5.312442e-01
-2.315000e-01 8.980000e-01 -4.195563e-01 5.312442e-01 -2.305000e-01 8.980000e-01 -4.195348e-01 5.313957e-01
-2.305000e-01 8.980000e-01 -4.195348e-01 5.313957e-01 -2.295000e-01 8.980000e-01 -4.195127e-01 5.315490e-01
-2.295000e-01 8.980000e-01 -4.195127e-01 5.315490e-01 -2.285000e-01 8.980000e-01 -4.194898e-01 5.317039e-01
-2.285000e-01 8.980000e-01 -4.194898e-01 5.317039e-01 -2.275000e-01 8.980000e-01 -4.194663e-01 5.318607e-01
-2.270000e-01 8.975000e-01 -4.195333e-01 5.314034e-01 -2.275000e-01 8.980000e-01 -4.194663e-01 5.318607e-01
-2.810000e-01 8.985000e-01 -4.199616e-01 5.266478e-01 -2.805000e-01 8.990000e-01 -4.199327e-01 5.272376e-01
-2.805000e-01 8.990000e-01 -4.199327e-01 5.272376e-01 -2.795000e-01 8.990000e-01 -4.199290e-01 5.272938e-01
-2.795000e-01 8.990000e-01 -4.199290e-01 5.272938e-01 -2.785000e-01 8.990000e-01 -4.199251e-01 5.273520e-01
-2.785000e-01 8.990000e-01 -4.199251e-01 5.273520e-01 -2.775000e-01 8.990000e-01 -4.199212e-01 5.274124e-01
-2.775000e-01 8.990000e-01 -4.199212e-01 5.274124e-01 -2.765000e-01 8.990000e-01 -4.199172e-01 5.274748e-01
-2.765000e-01 8.990000e-01 -4.199172e-01 5.274748e-01 -2.755000e-01 8.990000e-01 -4.199131e-01 5.275393e-01
-2.755000e-01 8.990000e-01 -4.199131e-01 5.275393e-01 -2.745000e-01 8.990000e-01 -4.199088e-01 5.276058e-01
-2.745000e-01 8.990000e-01 -4.199088e-01 5.276058e-01 -2.735000e-01 8.990000e-01 -4.199044e-01 5.276744e-01
-2.735000e-01 8.990000e-01 -4.199044e-01 5.276744e-01 -2.725000e-01 8.990000e-01 -4.198998e-01 5.277451e-01
-2.725000e-01 8.990000e-01 -4.198998e-01 5.277451e-01 -2.715000e-01 8.990000e-01 -4.198950e-01 5.278177e-01
-2.715000e-01 8.990000e-01 -4.198950e-01 5.278177e-01 -2.705000e-01 8.990000e-01 -4.198900e-01 5.278925e-01
-2.705000e-01 8.990000e-01 -4.198900e-01 5.278925e-01 -2.695000e-01 8.990000e-01 -4.198848e-01 5.279693e-01
-2.695000e-01 8.990000e-01 -4.198848e-01 5.279693e-01 -2.685000e-01 8.990000e-01 -4.198794e-01 5.280480e-01
-2.685000e-01 8.990000e-01 -4.198794e-01 5.280480e-01 -2.675000e-01 8.990000e-01 -4.198738e-01 5.281288e-01
-2.675000e-01 8.990000e-01 -4.198738e-01 5.281288e-01 -2.665000e-01 8.990000e-01 -4.198679e-01 5.282116e-01
-2.665000e-01 8.990000e-01 -4.198679e-01 5.282116e-01 -2.655000e-01 8.990000e-01 -4.198618e-01 5.282965e-01
-2.655000e-01 8.990000e-01 -4.198618e-01 5.282965e-01 -2.645000e-01 8.990000e-01 -4.198553e-01 5.283833e-01
-2.645000e-01 8.990000e-01 -4.198553e-01 5.283833e-01 -2.635000e-01 8.990000e-01 -4.198486e-01 5.284721e-01
-2.635000e-01 8.990000e-01 -4.198486e-01 5.284721e-01 -2.625000e-01 8.990000e-01 -4.198416e-01 5.285629e-01
-2.625000e-01 8.990000e-01 -4.198416e-01 5.285629e-01 -2.615000e-01 8.990000e-01 -4.198343e-01 5.286556e-01
-2.615000e-01 8.990000e-01 -4.198343e-01 5.286556e-01 -2.605000e-01 8.990000e-01 -4.198266e-01 5.287504e-01
-2.605000e-01 8.990000e-01 -4.198266e-01 5.287504e-01 -2.595000e-01 8.990000e-01 -4.198186e-01 5.288471e-01
-2.595000e-01 8.990000e-01 -4.198186e-01 5.288471e-01 -2.585000e-01 8.990000e-01 -4.198103e-01 5.289457e-01
-2.585000e-01 8.990000e-01 -4.198103e-01 5.289457e-01 -2.575000e-01 8.990000e-01 -4.198016e-01 5.290463e-01
-2.575000e-01 8.990000e-01 -4.198016e-01 5.290463e-01 -2.565000e-01 8.990000e-01 -4.197925e-01 5.291489e-01
-2.565000e-01 8.990000e-01 -4.197925e-01 5.291489e-01 -2.555000e-01 8.990000e-01 -4.197830e-01 5.292534e-01
-2.555000e-01 8.990000e-01 -4.197830e-01 5.292534e-01 -2.545000e-01 8.990000e-01 -4.197731e-01 5.293598e-01
-2.545000e-01 8.990000e-01 -4.197731e-01 5.293598e-01 -2.535000e-01 8.990000e-01 -4.197628e-01 5.294681e-01
-2.535000e-01 8.990000e-01 -4.197628e-01 5.294681e-01 -2.525000e-01 8.990000e-01 -4.197521e-01 5.295784e-01
-2.525000e-01 8.990000e-01 -4.197521e-01 5.295784e-01 -2.515000e-01 8.990000e-01 -4.197409e-01 5.296906e-01
-2.515000e-01 8.990000e-01 -4.197409e-01 5.296906e-01 -2.505000e-01 8.990000e-01 -4.197293e-01 5.298046e-01
-2.505000e-01 8.990000e-01 -4.197293e-01 5.298046e-01 -2.495000e-01 8.990000e-01 -4.197172e-01 5.299206e-01
-2.495000e-01 8.990000e-01 -4.197172e-01 5.299206e-01 -2.485000e-01 8.990000e-01 -4.197046e-01 5.300384e-01
-2.485000e-01 8.990000e-01 -4.197046e-01 5.300384e-01 -2.475000e-01 8.990000e-01 -4.196915e-01 5.301581e-01
-2.475000e-01 8.990000e-01 -4.196915e-01 5.301581e-01 -2.465000e-01 8.990000e-01 -4.196779e-01 5.302797e-01
-2.465000e-01 8.990000e-01 -4.196779e-01 5.302797e-01 -2.455000e-01 8.990000e-01 -4.196638e-01 5.304031e-01
-2.455000e-01 8.990000e-01 -4.196638e-01 5.304031e-01 -2.445000e-01 8.990000e-01 -4.196492e-01 5.305284e-01
-2.445000e-01 8.990000e-01 -4.196492e-01 5.305284e-01 -2.435000e-01 8.990000e-01 -4.196341e-01 5.306556e-01
-2.435000e-01 8.990000e-01 -4.196341e-01 5.306556e-01 -2.425000e-01 8.990000e-01 -4.196184e-01 5.307846e-01
-2.425000e-01 8.990000e-01 -4.196184e-01 5.307846e-01 -2.415000e-01 8.990000e-01 -4.196021e-01 5.309154e-01
-2.415000e-01 8.990000e-01 -4.196021e-01 5.309154e-01 -2.405000e-01 8.990000e-01 -4.195853e-01 5.310480e-01
-2.405000e-01 8.990000e-01 -4.195853e-01 5.310480e-01 -2.395000e-01 8.990000e-01 -4.195679e-01 5.311825e-01
-2.395000e-01 8.990000e-01 -4.195679e-01 5.311825e-01 -2.385000e-01 8.990000e-01 -4.195499e-01 5.313187e-01
-2.380000e-01 8.985000e-01 -4.196096e-01 5.308451e-01 -2.385000e-01 8.990000e-01 -4.195499e-01 5.313187e-01
-3.656079e-01 4.221102e-01 -1.048991e+00 4.271859e-01 -3.656079e-01 4.221102e-01 -1.047556e+00 3.851297e-01
-3.656079e-01 4.221102e-01 -1.047556e+00 3.851297e-01 -3.656079e-01 4.221102e-01 -1.043201e+00 3.431491e-01
-3.656079e-01 4.221102e-01 -1.043201e+00 3.431491e-01 -3.656079e-01 4.221102e-01 -1.035917e+00 3.013828e-01
-3.656079e-01 4.221102e-01 -1.035917e+00 3.013828e-01 -3.656079e-01 4.221102e-01 -1.025697e+00 2.599732e-01
-3.656079e-01 4.221102e-01 -1.025697e+00 2.599732e-01 -3.656079e-01 4.221102e-01 -1.012534e+00 2.190681e-01
-3.656079e-01 4.221102e-01 -1.012534e+00 2.190681e-01 -3.656079e-01 4.221102e-01 -9.964230e-01 1.788221e-01
-3.656079e-01 4.221102e-01 -9.964230e-01 1.788221e-01 -3.656079e-01 4.221102e-01 -9.773657e-01 1.393972e-01
-3.656079e-01 4.221102e-01 -9.773657e-01 1.393972e-01 -3.656079e-01 4.221102e-01 -9.553689e-01 1.009642e-01
-3.656079e-01 4.221102e-01 -9.553689e-01 1.009642e-01 -3.656079e-01 4.221102e-01 -9.304489e-01 6.370374e-02
-3.656079e-01 4.221102e-01 -9.304489e-01 6.370374e-02 -3.656079e-01 4.221102e-01 -9.026341e-01 2.780606e-02
-3.656079e-01 4.221102e-01 -9.026341e-01 2.780606e-02 -3.656079e-01 4.221102e-01 -8.719684e-01 -6.528494e-03
-3.656079e-01 4.221102e-01 -8.719684e-01 -6.528494e-03 -3.656079e-01 4.221102e-01 -8.385150e-01 -3.909035e-02
-3.656079e-01 4.221102e-01 -8.385150e-01 -3.909035e-02 -3.656079e-01 4.221102e-01 -8.023607e-01 -6.966216e-02
-3.656079e-01 4.221102e-01 -8.023607e-01 -6.966216e-02 -3.656079e-01 4.221102e-01 -7.636199e-01 -9.802114e-02
-3.656079e-01 4.221102e-01 -7.636199e-01 -9.802114e-02 -3.656079e-01 4.221102e-01 -7.224383e-01 -1.239426e-01
-3.656079e-01 4.221102e-01 -7.224383e-01 -1.239426e-01 -3.656079e-01 4.221102e-01 -6.789966e-01 -1.472046e-01
-3.656079e-01 4.221102e-01 -6.789966e-01 -1.472046e-01 -3.656079e-01 4.221102e-01 -6.335122e-01 -1.675933e-01
-3.656079e-01 4.221102e-01 -6.335122e-01 -1.675933e-01 -3.656079e-01 4.221102e-01 -5.862403e-01 -1.849101e-01
-3.656079e-01 4.221102e-01 -5.862403e-01 -1.849101e-01 -3.656079e-01 4.221102e-01 -5.374721e-01 -1.989781e-01
-3.656079e-01 4.221102e-01 -5.374721e-01 -1.989781e-01 -3.656079e-01 4.221102e-01 -4.875313e-01 -2.096495e-01
-3.656079e-01 4.221102e-01 -4.875313e-01 -2.096495e-01 -3.656079e-01 4.221102e-01 -4.367683e-01 -2.168118e-01
-3.656079e-01 4.221102e-01 -4.367683e-01 -2.168118e-01 -3.656079e-01 4.221102e-01 -3.855519e-01 -2.203932e-01
-3.656079e-01 4.221102e-01 -3.855519e-01 -2.203932e-01 -3.656079e-01 4.221102e-01 -3.342599e-01 -2.203653e-01
-3.656079e-01 4.221102e-01 -3.342599e-01 -2.203653e-01 -3.656079e-01 4.221102e-01 -2.832687e-01 -2.167443e-01
-3.656079e-01 4.221102e-01 -2.832687e-01 -2.167443e-01 -3.656079e-01 4.221102e-01 -2.329436e-01 -2.095893e-01
-3.656079e-01 4.221102e-01 -2.329436e-01 -2.095893e-01 -3.656079e-01 4.221102e-01 -1.836295e-01 -1.989992e-01
-3.656079e-01 4.221102e-01 -1.836295e-01 -1.989992e-01 -3.656079e-01 4.221102e-01 -1.356440e-01 -1.851068e-01
-3.656079e-01 4.221102e-01 -1.356440e-01 -1.851068e-01 -3.656079e-01 4.221102e-01 -8.927208e-02 -1.680725e-01
-3.656079e-01 4.221102e-01 -8.927208e-02 -1.680725e-01 -3.656079e-01 4.221102e-01 -4.476386e-02 -1.480778e-01
-3.656079e-01 4.221102e-01 -4.476386e-02 -1.480778e-01 -3.656079e-01 4.221102e-01 -2.333571e-03 -1.253184e-01
-3.656079e-01 4.221102e-01 -2.333571e-03 -1.253184e-01 -3.656079e-01 4.221102e-01 3.783914e-02 -9.999822e-02
-3.656079e-01 4.221102e-01 3.783914e-02 -9.999822e-02 -3.656079e-01 4.221102e-01 7.560678e-02 -7.232392e-02
-3.656079e-01 4.221102e-01 7.560678e-02 -7.232392e-02 -3.656079e-01 4.221102e-01 1.108507e-01 -4.250118e-02
-3.656079e-01 4.221102e-01 1.108507e-01 -4.250118e-02 -3.656079e-01 4.221102e-01 1.434773e-01 -1.073131e-02
-3.656079e-01 4.221102e-01 1.434773e-01 -1.073131e-02 -3.656079e-01 4.221102e-01 1.734142e-01 2.279083e-02
-3.656079e-01 4.221102e-01 1.734142e-01 2.279083e-02 -3.656079e-01 4.221102e-01 2.006064e-01 5.787808e-02
-3.656079e-01 4.221102e-01 2.006064e-01 5.787808e-02 -3.656079e-01 4.221102e-01 2.250131e-01 9.435168e-02
-3.656079e-01 4.221102e-01 2.250131e-01 9.435168e-02 -3.656079e-01 4.221102e-01 2.466038e-01 1.320412e-01
-3.656079e-01 4.221102e-01 2.466038e-01 1.320412e-01 -3.656079e-01 4.221102e-01 2.653567e-01 1.707843e-01
-3.656079e-01 4.221102e-01 2.653567e-01 1.707843e-01 -3.656079e-01 4.221102e-01 2.812554e-01 2.104258e-01
-3.656079e-01 4.221102e-01 2.812554e-01 2.104258e-01 -3.656079e-01 4.221102e-01 2.942877e-01 2.508170e-01
-3.656079e-01 4.221102e-01 2.942877e-01 2.508170e-01 -3.656079e-01 4.221102e-01 3.044437e-01 2.918146e-01
-3.656079e-01 4.221102e-01 3.044437e-01 2.918146e-01 -3.656079e-01 4.221102e-01 3.117148e-01 3.332792e-01
-3.656079e-01 4.221102e-01 3.117148e-01 3.332792e-01 -3.656079e-01 4.221102e-01 3.160930e-01 3.750744e-01
-3.656079e-01 4.221102e-01 3.160930e-01 3.750744e-01 -3.656079e-01 4.221102e-01 3.175701e-01 4.170651e-01
-3.656079e-01 4.221102e-01 3.175701e-01 4.170651e-01 -3.656079e-01 4.221102e-01 3.161374e-01 4.591167e-01
-3.656079e-01 4.221102e-01 3.161374e-01 4.591167e-01 -3.656079e-01 4.221102e-01 3.117862e-01 5.010930e-01
-3.656079e-01 4.221102e-01 3.117862e-01 5.010930e-01 -3.656079e-01 4.221102e-01 3.045074e-01 5.428556e-01
-3.656079e-01 4.221102e-01 3.045074e-01 5.428556e-01 -3.656079e-01 4.221102e-01 2.942929e-01 5.842619e-01
-3.656079e-01 4.221102e-01 2.942929e-01 5.842619e-01 -3.656079e-01 4.221102e-01 2.811358e-01 6.251641e-01
-3.656079e-01 4.221102e-01 2.811358e-01 6.251641e-01 -3.656079e-01 4.221102e-01 2.650321e-01 6.654079e-01
-3.656079e-01 4.221102e-01 2.650321e-01 6.654079e-01 -3.656079e-01 4.221102e-01 2.459825e-01 7.048312e-01
-3.656079e-01 4.221102e-01 2.459825e-01 7.048312e-01 -3.656079e-01 4.221102e-01 2.239938e-01 7.432631e-01
-3.656079e-01 4.221102e-01 2.239938e-01 7.432631e-01 -3.656079e-01 4.221102e-01 1.990823e-01 7.805233e-01
-3.656079e-01 4.221102e-01 1.990823e-01 7.805233e-01 -3.656079e-01 4.221102e-01 1.712762e-01 8.164214e-01
-3.656079e-01 4.221102e-01 1.712762e-01 8.164214e-01 -3.656079e-01 4.221102e-01 1.406192e-01 8.507571e-01
-3.656079e-01 4.221102e-01 1.406192e-01 8.507571e-01 -3.656079e-01 4.221102e-01 1.071744e-01 8.833209e-01
-3.656079e-01 4.221102e-01 1.071744e-01 8.833209e-01 -3.656079e-01 4.221102e-01 7.102852e-02 9.138953e-01
-3.656079e-01 4.221102e-01 7.102852e-02 9.138953e-01 -3.656079e-01 4.221102e-01 3.229559e-02 9.422576e-01
-3.656079e-01 4.221102e-01 3.229559e-02 9.422576e-01 -3.656079e-01 4.221102e-01 -8.878694e-03 9.681832e-01
-3.656079e-01 4.221102e-01 -8.878694e-03 9.681832e-01 -3.656079e-01 4.221102e-01 -5.231393e-02 9.914498e-01
-3.656079e-01 4.221102e-01 -5.231393e-02 9.914498e-01 -3.656079e-01 4.221102e-01 -9.779274e-02 1.011844e+00
-3.656079e-01 4.221102e-01 -9.779274e-02 1.011844e+00 -3.656079e-01 4.221102e-01 -1.450602e-01 1.029166e+00
-3.656079e-01 4.221102e-01 -1.450602e-01 1.029166e+00 -3.656079e-01 4.221102e-01 -1.938252e-01 1.043240e+00
-3.656079e-01 4.221102e-01 -1.938252e-01 1.043240e+00 -3.656079e-01 4.221102e-01 -2.437640e-01 1.053918e+00
-3.656079e-01 4.221102e-01 -2.437640e-01 1.053918e+00 -3.656079e-01 4.221102e-01 -2.945265e-01 1.061087e+00
-3.656079e-01 4.221102e-01 -2.945265e-01 1.061087e+00 -3.656079e-01 4.221102e-01 -3.457437e-01 1.064674e+00
-3.656079e-01 4.221102e-01 -3.457437e-01 1.064674e+00 -3.656079e-01 4.221102e-01 -3.970380e-01 1.064652e+00
-3.656079e-01 4.221102e-01 -3.970380e-01 1.064652e+00 -3.656079e-01 4.221102e-01 -4.480328e-01 1.061037e+00
-3.656079e-01 4.221102e-01 -4.480328e-01 1.061037e+00 -3.656079e-01 4.221102e-01 -4.983628e-01 1.053887e+00
-3.656079e-01 4.221102e-01 -4.983628e-01 1.053887e+00 -3.656079e-01 4.221102e-01 -5.476829e-01 1.043301e+00
-3.656079e-01 4.221102e-01 -5.476829e-01 1.043301e+00 -3.656079e-01 4.221102e-01 -5.956756e-01 1.029413e+00
-3.656079e-01 4.221102e-01 -5.956756e-01 1.029413e+00 -3.656079e-01 4.221102e-01 -6.420554e-01 1.012381e+00
-3.656079e-01 4.221102e-01 -6.420554e-01 1.012381e+00 -3.656079e-01 4.221102e-01 -6.865722e-01 9.923882e-01
-3.656079e-01 4.221102e-01 -6.865722e-01 9.923882e-01 -3.656079e-01 4.221102e-01 -7.290115e-01 9.696297e-01
-3.656079e-01 4.221102e-01 -7.290115e-01 9.696297e-01 -3.656079e-01 4.221102e-01 -7.691935e-01 9.443094e-01
-3.656079e-01 4.221102e-01 -7.691935e-01 9.443094e-01 -3.656079e-01 4.221102e-01 -8.069705e-01 9.166341e-01
-3.656079e-01 4.221102e-01 -8.069705e-01 9.166341e-01 -3.656079e-01 4.221102e-01 -8.422236e-01 8.868094e-01
-3.656079e-01 4.221102e-01 -8.422236e-01 8.868094e-01 -3.656079e-01 4.221102e-01 -8.748590e-01 8.550368e-01
-3.656079e-01 4.221102e-01 -8.748590e-01 8.550368e-01 -3.656079e-01 4.221102e-01 -9.048042e-01 8.215112e-01
-3.656079e-01 4.221102e-01 -9.048042e-01 8.215112e-01 -3.656079e-01 4.221102e-01 -9.320040e-01 7.864199e-01
-3.656079e-01 4.221102e-01 -9.320040e-01 7.864199e-01 -3.656079e-01 4.221102e-01 -9.564174e-01 7.499417e-01
-3.656079e-01 4.221102e-01 -9.564174e-01 7.499417e-01 -3.656079e-01 4.221102e-01 -9.780141e-01 7.122471e-01
-3.656079e-01 4.221102e-01 -9.780141e-01 7.122471e-01 -3.656079e-01 4.221102e-01 -9.967718e-01 6.734988e-01
-3.656079e-01 4.221102e-01 -9.967718e-01 6.734988e-01 -3.656079e-01 4.221102e-01 -1.012674e+00 6.338518e-01
-3.656079e-01 4.221102e-01 -1.012674e+00 6.338518e-01 -3.656079e-01 4.221102e-01 -1.025709e+00 5.934550e-01
-3.656079e-01 4.221102e-01 -1.025709e+00 5.934550e-01 -3.656079e-01 4.221102e-01 -1.035867e+00 5.524519e-01
-3.656079e-01 4.221102e-01 -1.035867e+00 5.524519e-01 -3.656079e-01 4.221102e-01 -1.043138e+00 5.109819e-01
-3.656079e-01 4.221102e-01 -1.043138e+00 5.109819e-01 -3.656079e-01 4.221102e-01 -1.047516e+00 4.691815e-01
-3.656079e-01 4.221102e-01 -1.047516e+00 4.691815e-01 -3.656079e-01 4.221102e-01 -1.048991e+00 4.271859e-01
-3.656079e-01 4.221102e-01 -1.048991e+00 4.271859e-01 -3.656079e-01 4.221102e-01 -1.047556e+00 3.851297e-01
-3.656079e-01 4.221102e-01 -1.047556e+00 3.851297e-01 -3.656079e-01 4.221102e-01 -1.043201e+00 3.431491e-01
-3.656079e-01 4.221102e-01 -1.043201e+00 3.431491e-01 -3.656079e-01 4.221102e-01 -1.035917e+00 3.013828e-01
-3.656079e-01 4.221102e-01 -1.035917e+00 3.013828e-01 -3.656079e-01 4.221102e-01 -1.025697e+00 2.599732e-01
-3.656079e-01 4.221102e-01 -1.025697e+00 2.599732e-01 -3.656079e-01 4.221102e-01 -1.012534e+00 2.190681e-01
-3.656079e-01 4.221102e-01 -1.012534e+00 2.190681e-01 -3.656079e-01 4.221102e-01 -9.964230e-01 1.788221e-01
-3.656079e-01 4.221102e-01 -9.964230e-01 1.788221e-01 -3.656079e-01 4.221102e-01 -9.773657e-01 1.393972e-01
-3.656079e-01 4.221102e-01 -9.773657e-01 1.393972e-01 -3.656079e-01 4.221102e-01 -9.553689e-01 1.009642e-01
-3.656079e-01 4.221102e-01 -9.553689e-01 1.009642e-01 -3.656079e-01 4.221102e-01 -9.304489e-01 6.370374e-02
-3.656079e-01 4.221102e-01 -9.304489e-01 6.370374e-02 -3.656079e-01 4.221102e-01 -9.026341e-01 2.780606e-02
-3.656079e-01 4.221102e-01 -9.026341e-01 2.780606e-02 -3.656079e-01 4.221102e-01 -8.719684e-01 -6.528494e-03
-3.656079e-01 4.221102e-01 -8.719684e-01 -6.528494e-03 -3.656079e-01 4.221102e-01 -8.385150e-01 -3.909035e-02
-3.656079e-01 4.221102e-01 -8.385150e-01 -3.909035e-02 -3.656079e-01 4.221102e-01 -8.023607e-01 -6.966216e-02
-3.656079e-01 4.221102e-01 -8.023607e-01 -6.966216e-02 -3.656079e-01 4.221102e-01 -7.636199e-01 -9.802114e-02
-3.656079e-01 4.221102e-01 -7.636199e-01 -9.802114e-02 -3.656079e-01 4.221102e-01 -7.224383e-01 -1.239426e-01
-3.656079e-01 4.221102e-01 -7.224383e-01 -1.239426e-01 -3.656079e-01 4.221102e-01 -6.789966e-01 -1.472046e-01
-3.656079e-01 4.221102e-01 -6.789966e-01 -1.472046e-01 -3.656079e-01 4.221102e-01 -6.335122e-01 -1.675933e-01
-3.656079e-01 4.221102e-01 -6.335122e-01 -1.675933e-01 -3.656079e-01 4.221102e-01 -5.862403e-01 -1.849101e-01
-3.656079e-01 4.221102e-01 -5.862403e-01 -1.849101e-01 -3.656079e-01 4.221102e-01 -5.374721e-01 -1.989781e-01
-3.656079e-01 4.221102e-01 -5.374721e-01 -1.989781e-01 -3.656079e-01 4.221102e-01 -4.875313e-01 -2.096495e-01
-3.656079e-01 4.221102e-01 -4.875313e-01 -2.096495e-01 -3.656079e-01 4.221102e-01 -4.367683e-01 -2.168118e-01
-3.656079e-01 4.221102e-01 -4.367683e-01 -2.168118e-01 -3.656079e-01 4.221102e-01 -3.855519e-01 -2.203932e-01
-3.656079e-01 4.221102e-01 -3.855519e-01 -2.203932e-01 -3.656079e-01 4.221102e-01 -3.342599e-01 -2.203653e-01
-3.656079e-01 4.221102e-01 -3.342599e-01 -2.203653e-01 -3.656079e-01 4.221102e-01 -2.832687e-01 -2.167443e-01
-3.656079e-01 4.221102e-01 -2.832687e-01 -2.167443e-01 -3.656079e-01 4.221102e-01 -2.329436e-01 -2.095893e-01
-3.656079e-01 4.221102e-01 -2.329436e-01 -2.095893e-01 -3.656079e-01 4.221102e-01 -1.836295e-01 -1.989992e-01
-3.656079e-01 4.221102e-01 -1.836295e-01 -1.989992e-01 -3.656079e-01 4.221102e-01 -1.356440e-01 -1.851068e-01
-3.656079e-01 4.221102e-01 -1.356440e-01 -1.851068e-01 -3.656079e-01 4.221102e-01 -8.927208e-02 -1.680725e-01
-3.656079e-01 4.221102e-01 -8.927208e-02 -1.680725e-01 -3.656079e-01 4.221102e-01 -4.476386e-02 -1.480778e-01
-3.656079e-01 4.221102e-01 -4.476386e-02 -1.480778e-01 -3.656079e-01 4.221102e-01 -2.333571e-03 -1.253184e-01
-3.656079e-01 4.221102e-01 -2.333571e-03 -1.253184e-01 -3.656079e-01 4.221102e-01 3.783914e-02 -9.999822e-02
-3.656079e-01 4.221102e-01 3.783914e-02 -9.999822e-02 -3.656079e-01 4.221102e-01 7.560678e-02 -7.232392e-02
-3.656079e-01 4.221102e-01 7.560678e-02 -7.232392e-02 -3.656079e-01 4.221102e-01 1.108507e-01 -4.250118e-02
-3.656079e-01 4.221102e-01 1.108507e-01 -4.250118e-02 -3.656079e-01 4.221102e-01 1.434773e-01 -1.073131e-02
-3.656079e-01 4.221102e-01 1.434773e-01 -1.073131e-02 -3.656079e-01 4.221102e-01 1.734142e-01 2.279083e-02
-3.656079e-01 4.221102e-01 1.734142e-01 2.279083e-02 -3.656079e-01 4.221102e-01 2.006064e-01 5.787808e-02
-3.656079e-01 4.221102e-01 2.006064e-01 5.787808e-02 -3.656079e-01 4.221102e-01 2.250131e-01 9.435168e-02
-3.656079e-01 4.221102e-01 2.250131e-01 9.435168e-02 -3.656079e-01 4.221102e-01 2.466038e-01 1.320412e-01
-3.656079e-01 4.221102e-01 2.466038e-01 1.320412e-01 -3.656079e-01 4.221102e-01 2.653567e-01 1.707843e-01
-3.656079e-01 4.221102e-01 2.653567e-01 1.707843e-01 -3.656079e-01 4.221102e-01 2.812554e-01 2.104258e-01
-3.656079e-01 4.221102e-01 2.812554e-01 2.104258e-01 -3.656079e-01 4.221102e-01 2.942877e-01 2.508170e-01
-3.656079e-01 4.221102e-01 2.942877e-01 2.508170e-01 -3.656079e-01 4.221102e-01 3.044437e-01 2.918146e-01
-3.656079e-01 4.221102e-01 3.044437e-01 2.918146e-01 -3.656079e-01 4.221102e-01 3.117148e-01 3.332792e-01
-3.656079e-01 4.221102e-01 3.117148e-01 3.332792e-01 -3.656079e-01 4.221102e-01 3.160930e-01 3.750744e-01
-3.656079e-01 4.221102e-01 3.160930e-01 3.750744e-01 -3.656079e-01 4.221102e-01 3.175701e-01 4.170651e-01
-3.656079e-01 4.221102e-01 3.175701e-01 4.170651e-01 -3.656079e-01 4.221102e-01 3.161374e-01 4.591167e-01
-3.656079e-01 4.221102e-01 3.161374e-01 4.591167e-01 -3.656079e-01 4.221102e-01 3.117862e-01 5.010930e-01
-3.656079e-01 4.221102e-01 3.117862e-01 5.010930e-01 -3.656079e-01 4.221102e-01 3.045074e-01 5.428556e-01
-3.656079e-01 4.221102e-01 3.045074e-01 5.428556e-01 -3.656079e-01 4.221102e-01 2.942929e-01 5.842619e-01
-3.656079e-01 4.221102e-01 2.942929e-01 5.842619e-01 -3.656079e-01 4.221102e-01 2.811358e-01 6.251641e-01
-3.656079e-01 4.221102e-01 2.811358e-01 6.251641e-01 -3.656079e-01 4.221102e-01 2.650321e-01 6.654079e-01
-3.656079e-01 4.221102e-01 2.650321e-01 6.654079e-01 -3.656079e-01 4.221102e-01 2.459825e-01 7.048312e-01
-3.656079e-01 4.221102e-01 2.459825e-01 7.048312e-01 -3.656079e-01 4.221102e-01 2.239938e-01 7.432631e-01
-3.656079e-01 4.221102e-01 2.239938e-01 7.432631e-01 -3.656079e-01 4.221102e-01 1.990823e-01 7.805233e-01
-3.656079e-01 4.221102e-01 1.990823e-01 7.805233e-01 -3.656079e-01 4.221102e-01 1.712762e-01 8.164214e-01
-3.656079e-01 4.221102e-01 1.712762e-01 8.164214e-01 -3.656079e-01 4.221102e-01 1.406192e-01 8.507571e-01
-3.656079e-01 4.221102e-01 1.406192e-01 8.507571e-01 -3.656079e-01 4.221102e-01 1.071744e-01 8.833209e-01
-3.656079e-01 4.221102e-01 1.071744e-01 8.833209e-01 -3.656079e-01 4.221102e-01 7.102852e-02 9.138953e-01
-3.656079e-01 4.221102e-01 7.102852e-02 9.138953e-01 -3.656079e-01 4.221102e-01 3.229559e-02 9.422576e-01
-3.656079e-01 4.221102e-01 3.229559e-02 9.422576e-01 -3.656079e-01 4.221102e-01 -8.878694e-03 9.681832e-01
-3.656079e-01 4.221102e-01 -8.878694e-03 9.681832e-01 -3.656079e-01 4.221102e-01 -5.231393e-02 9.914498e-01
-3.656079e-01 4.221102e-01 -5.231393e-02 9.914498e-01 -3.656079e-01 4.221102e-01 -9.779274e-02 1.011844e+00
-3.656079e-01 4.221102e-01 -9.779274e-02 1.011844e+00 -3.656079e-01 4.221102e-01 -1.450602e-01 1.029166e+00
-3.656079e-01 4.221102e-01 -1.450602e-01 1.029166e+00 -3.656079e-01 4.221102e-01 -1.938252e-01 1.043240e+00
-3.656079e-01 4.221102e-01 -1.938252e-01 1.043240e+00 -3.656079e-01 4.221102e-01 -2.437640e-01 1.053918e+00
-3.656079e-01 4.221102e-01 -2.437640e-01 1.053918e+00 -3.656079e-01 4.221102e-01 -2.945265e-01 1.061087e+00
-3.656079e-01 4.221102e-01 -2.945265e-01 1.061087e+00 -3.656079e-01 4.221102e-01 -3.457437e-01 1.064674e+00
-3.656079e-01 4.221102e-01 -3.457437e-01 1.064674e+00 -3.656079e-01 4.221102e-01 -3.970380e-01 1.064652e+00
-3.656079e-01 4.221102e-01 -3.970380e-01 1.064652e+00 -3.656079e-01 4.221102e-01 -4.480328e-01 1.061037e+00
-3.656079e-01 4.221102e-01 -4.480328e-01 1.061037e+00 -3.656079e-01 4.221102e-01 -4.983628e-01 1.053887e+00
-3.656079e-01 4.221102e-01 -4.983628e-01 1.053887e+00 -3.656079e-01 4.221102e-01 -5.476829e-01 1.043301e+00
-3.656079e-01 4.221102e-01 -5.476829e-01 1.043301e+00 -3.656079e-01 4.221102e-01 -5.956756e-01 1.029413e+00
-3.656079e-01 4.221102e-01 -5.956756e-01 1.029413e+00 -3.656079e-01 4.221102e-01 -6.420554e-01 1.012381e+00
-3.656079e-01 4.221102e-01 -6.420554e-01 1.012381e+00 -3.656079e-01 4.221102e-01 -6.865722e-01 9.923882e-01
-3.656079e-01 4.221102e-01 -6.865722e-01 9.923882e-01 -3.656079e-01 4.221102e-01 -7.290115e-01 9.696297e-01
-3.656079e-01 4.221102e-01 -7.290115e-01 9.696297e-01 -3.656079e-01 4.221102e-01 -7.691935e-01 9.443094e-01
-3.656079e-01 4.221102e-01 -7.691935e-01 9.443094e-01 -3.656079e-01 4.221102e-01 -8.069705e-01 9.166341e-01
-3.656079e-01 4.221102e-01 -8.069705e-01 9.166341e-01 -3.656079e-01 4.221102e-01 -8.422236e-01 8.868094e-01
-3.656079e-01 4.221102e-01 -8.422236e-01 8.868094e-01 -3.656079e-01 4.221102e-01 -8.748590e-01 8.550368e-01
-3.656079e-01 4.221102e-01 -8.748590e-01 8.550368e-01 -3.656079e-01 4.221102e-01 -9.048042e-01 8.215112e-01
-3.656079e-01 4.221102e-01 -9.048042e-01 8.215112e-01 -3.656079e-01 4.221102e-01 -9.320040e-01 7.864199e-01
-3.656079e-01 4.221102e-01 -9.320040e-01 7.864199e-01 -3.656079e-01 4.221102e-01 -9.564174e-01 7.499417e-01
-3.656079e-01 4.221102e-01 -9.564174e-01 7.499417e-01 -3.656079e-01 4.221102e-01 -9.780141e-01 7.122471e-01
-3.656079e-01 4.221102e-01 -9.780141e-01 7.122471e-01 -3.656079e-01 4.221102e-01 -9.967718e-01 6.734988e-01
-3.656079e-01 4.221102e-01 -9.967718e-01 6.734988e-01 -3.656079e-01 4.221102e-01 -1.012674e+00 6.338518e-01
-3.656079e-01 4.221102e-01 -1.012674e+00 6.338518e-01 -3.656079e-01 4.221102e-01 -1.025709e+00 5.934550e-01
-3.656079e-01 4.221102e-01 -1.025709e+00 5.934550e-01 -3.656079e-01 4.221102e-01 -1.035867e+00 5.524519e-01
-3.656079e-01 4.221102e-01 -1.035867e+00 5.524519e-01 -3.656079e-01 4.221102e-01 -1.043138e+00 5.109819e-01
-3.656079e-01 4.221102e-01 -1.043138e+00 5.109819e-01 -3.656079e-01 4.221102e-01 -1.047516e+00 4.691815e-01
-3.656079e-01 4.221102e-01 -1.047516e+00 4.691815e-01 -3.656079e-01 4.221102e-01 -1.048991e+00 4.271859e-01
-3.656079e-01 4.221102e-01 -1.048991e+00 4.271859e-01 -3.656079e-01 4.221102e-01 -1.047556e+00 3.851297e-01
-3.656079e-01 4.221102e-01 -1.047556e+00 3.851297e-01 -3.656079e-01 4.221102e-01 -1.043201e+00 3.431491e-01
-3.656079e-01 4.221102e-01 -1.043201e+00 3.431491e-01 -3.656079e-01 4.221102e-01 -1.035917e+00 3.013828e-01
-3.656079e-01 4.221102e-01 -1.035917e+00 3.013828e-01 -3.656079e-01 4.221102e-01 -1.025697e+00 2.599732e-01
-3.656079e-01 4.221102e-01 -1.025697e+00 2.599732e-01 -3.656079e-01 4.221102e-01 -1.012534e+00 2.190681e-01
-3.656079e-01 4.221102e-01 -1.012534e+00 2.190681e-01 -3.656079e-01 4.221102e-01 -9.964230e-01 1.788221e-01
-3.656079e-01 4.221102e-01 -9.964230e-01 1.788221e-01 -3.656079e-01 4.221102e-01 -9.773657e-01 1.393972e-01
-3.656079e-01 4.221102e-01 -9.773657e-01 1.393972e-01 -3.656079e-01 4.221102e-01 -9.553689e-01 1.009642e-01
-3.656079e-01 4.221102e-01 -9.553689e-01 1.009642e-01 -3.656079e-01 4.221102e-01 -9.304489e-01 6.370374e-02
-3.656079e-01 4.221102e-01 -9.304489e-01 6.370374e-02 -3.656079e-01 4.221102e-01 -9.026341e-01 2.780606e-02
-3.656079e-01 4.221102e-01 -9.026341e-01 2.780606e-02 -3.656079e-01 4.221102e-01 -8.719684e-01 -6.528494e-03
-3.656079e-01 4.221102e-01 -8.719684e-01 -6.528494e-03 -3.656079e-01 4.221102e-01 -8.385150e-01 -3.909035e-02
-3.656079e-01 4.221102e-01 -8.385150e-01 -3.909035e-02 -3.656079e-01 4.221102e-01 -8.023607e-01 -6.966216e-02
-3.656079e-01 4.221102e-01 -8.023607e-01 -6.966216e-02 -3.656079e-01 4.221102e-01 -7.636199e-01 -9.802114e-02
-3.656079e-01 4.221102e-01 -7.636199e-01 -9.802114e-02 -3.656079e-01 4.221102e-01 -7.224383e-01 -1.239426e-01
-3.656079e-01 4.221102e-01 -7.224383e-01 -1.239426e-01 -3.656079e-01 4.221102e-01 -6.789966e-01 -1.472046e-01
-3.656079e-01 4.221102e-01 -6.789966e-01 -1.472046e-01 -3.656079e-01 4.221102e-01 -6.335122e-01 -1.675933e-01
-3.656079e-01 4.221102e-01 -6.335122e-01 -1.675933e-01 -3.656079e-01 4.221102e-01 -5.862403e-01 -1.849101e-01
-3.656079e-01 4.221102e-01 -5.862403e-01 -1.849101e-01 -3.656079e-01 4.221102e-01 -5.374721e-01 -1.989781e-01
-3.656079e-01 4.221102e-01 -5.374721e-01 -1.989781e-01 -3.656079e-01 4.221102e-01 -4.875313e-01 -2.096495e-01
-3.656079e-01 4.221102e-01 -4.875313e-01 -2.096495e-01 -3.656079e-01 4.221102e-01 -4.367683e-01 -2.168118e-01
-3.656079e-01 4.221102e-01 -4.367683e-01 -2.168118e-01 -3.656079e-01 4.221102e-01 -3.855519e-01 -2.203932e-01
-3.656079e-01 4.221102e-01 -3.855519e-01 -2.203932e-01 -3.656079e-01 4.221102e-01 -3.342599e-01 -2.203653e-01
-3.656079e-01 4.221102e-01 -3.342599e-01 -2.203653e-01 -3.656079e-01 4.221102e-01 -2.832687e-01 -2.167443e-01
-3.656079e-01 4.221102e-01 -2.832687e-01 -2.167443e-01 -3.656079e-01 4.221102e-01 -2.329436e-01 -2.095893e-01
-3.656079e-01 4.221102e-01 -2.329436e-01 -2.095893e-01 -3.656079e-01 4.221102e-01 -1.836295e-01 -1.989992e-01
-3.656079e-01 4.221102e-01 -1.836295e-01 -1.989992e-01 -3.656079e-01 4.221102e-01 -1.356440e-01 -1.851068e-01
-3.656079e-01 4.221102e-01 -1.356440e-01 -1.851068e-01 -3.656079e-01 4.221102e-01 -8.927208e-02 -1.680725e-01
-3.656079e-01 4.221102e-01 -8.927208e-02 -1.680725e-01 -3.656079e-01 4.221102e-01 -4.476386e-02 -1.480778e-01
-3.656079e-01 4.221102e-01 -4.476386e-02 -1.480778e-01 -3.656079e-01 4.221102e-01 -2.333571e-03 -1.253184e-01
-3.656079e-01 4.221102e-01 -2.333571e-03 -1.253184e-01 -3.656079e-01 4.221102e-01 3.783914e-02 -9.999822e-02
-3.656079e-01 4.221102e-01 3.783914e-02 -9.999822e-02 -3.656079e-01 4.221102e-01 7.560678e-02 -7.232392e-02
-3.656079e-01 4.221102e-01 7.560678e-02 -7.232392e-02 -3.656079e-01 4.221102e-01 1.108507e-01 -4.250118e-02
-3.656079e-01 4.221102e-01 1.108507e-01 -4.250118e-02 -3.656079e-01 4.221102e-01 1.434773e-01 -1.073131e-02
-3.656079e-01 4.221102e-01 1.434773e-01 -1.073131e-02 -3.656079e-01 4.221102e-01 1.734142e-01 2.279083e-02
-3.656079e-01 4.221102e-01 1.734142e-01 2.279083e-02 -3.656079e-01 4.221102e-01 2.006064e-01 5.787808e-02
-3.656079e-01 4.221102e-01 2.006064e-01 5.787808e-02 -3.656079e-01 4.221102e-01 2.250131e-01 9.435168e-02
-3.656079e-01 4.221102e-01 2.250131e-01 9.435168e-02 -3.656079e-01 4.221102e-01 2.466038e-01 1.320412e-01
-3.656079e-01 4.221102e-01 2.466038e-01 1.320412e-01 -3.656079e-01 4.221102e-01 2.653567e-01 1.707843e-01
-3.656079e-01 4.221102e-01 2.653567e-01 1.707843e-01 -3.656079e-01 4.221102e-01 2.812554e-01 2.104258e-01
-3.656079e-01 4.221102e-01 2.812554e-01 2.104258e-01 -3.656079e-01 4.221102e-01 2.942877e-01 2.508170e-01
-3.656079e-01 4.221102e-01 2.942877e-01 2.508170e-01 -3.656079e-01 4.221102e-01 3.044437e-01 2.918146e-01
-3.656079e-01 4.221102e-01 3.044437e-01 2.918146e-01 -3.656079e-01 4.221102e-01 3.117148e-01 3.332792e-01
-3.656079e-01 4.221102e-01 3.117148e-01 3.332792e-01 -3.656079e-01 4.221102e-01 3.160930e-01 3.750744e-01
-3.656079e-01 4.221102e-01 3.160930e-01 3.750744e-01 -3.656079e-01 4.221102e-01 3.175701e-01 4.170651e-01
-3.656079e-01 4.221102e-01 3.175701e-01 4.170651e-01 -3.656079e-01 4.221102e-01 3.161374e-01 4.591167e-01
-3.656079e-01 4.221102e-01 3.161374e-01 4.591167e-01 -3.656079e-01 4.221102e-01 3.117862e-01 5.010930e-01
-3.656079e-01 4.221102e-01 3.117862e-01 5.010930e-01 -3.656079e-01 4.221102e-01 3.045074e-01 5.428556e-01
-3.656079e-01 4.221102e-01 3.045074e-01 5.428556e-01 -3.656079e-01 4.221102e-01 2.942929e-01 5.842619e-01
-3.656079e-01 4.221102e-01 2.942929e-01 5.842619e-01 -3.656079e-01 4.221102e-01 2.811358e-01 6.251641e-01
-3.656079e-01 4.221102e-01 2.811358e-01 6.251641e-01 -3.656079e-01 4.221102e-01 2.650321e-01 6.654079e-01
-3.656079e-01 4.221102e-01 2.650321e-01 6.654079e-01 -3.656079e-01 4.221102e-01 2.459825e-01 7.048312e-01
-3.656079e-01 4.221102e-01 2.459825e-01 7.048312e-01 -3.656079e-01 4.221102e-01 2.239938e-01 7.432631e-01
-3.656079e-01 4.221102e-01 2.239938e-01 7.432631e-01 -3.656079e-01 4.221102e-01 1.990823e-01 7.805233e-01
-3.656079e-01 4.221102e-01 1.990823e-01 7.805233e-01 -3.656079e-01 4.221102e-01 1.712762e-01 8.164214e-01
-3.656079e-01 4.221102e-01 1.712762e-01 8.164214e-01 -3.656079e-01 4.221102e-01 1.406192e-01 8.507571e-01
-3.656079e-01 4.221102e-01 1.406192e-01 8.507571e-01 -3.656079e-01 4.221102e-01 1.071744e-01 8.833209e-01
-3.656079e-01 4.221102e-01 1.071744e-01 8.833209e-01 -3.656079e-01 4.221102e-01 7.102852e-02 9.138953e-01
-3.656079e-01 4.221102e-01 7.102852e-02 9.138953e-01 -3.656079e-01 4.221102e-01 3.229559e-02 9.422576e-01
-3.656079e-01 4.221102e-01 3.229559e-02 9.422576e-01 -3.656079e-01 4.221102e-01 -8.878694e-03 9.681832e-01
-3.656079e-01 4.221102e-01 -8.878694e-03 9.681832e-01 -3.656079e-01 4.221102e-01 -5.231393e-02 9.914498e-01
-3.656079e-01 4.221102e-01 -5.231393e-02 9.914498e-01 -3.656079e-01 4.221102e-01 -9.779274e-02 1.011844e+00
-3.656079e-01 4.221102e-01 -9.779274e-02 1.011844e+00 -3.656079e-01 4.221102e-01 -1.450602e-01 1.029166e+00
-3.656079e-01 4.221102e-01 -1.450602e-01 1.029166e+00 -3.656079e-01 4.221102e-01 -1.938252e-01 1.043240e+00
-3.656079e-01 4.221102e-01 -1.938252e-01 1.043240e+00 -3.656079e-01 4.221102e-01 -2.437640e-01 1.053918e+00
-3.656079e-01 4.221102e-01 -2.437640e-01 1.053918e+00 -3.656079e-01 4.221102e-01 -2.945265e-01 1.061087e+00
-3.656079e-01 4.221102e-01 -2.945265e-01 1.061087e+00 -3.656079e-01 4.221102e-01 -3.457437e-01 1.064674e+00
-3.656079e-01 4.221102e-01 -3.457437e-01 1.064674e+00 -3.656079e-01 4.221102e-01 -3.970380e-01 1.064652e+00
-3.656079e-01 4.221102e-01 -3.970380e-01 1.064652e+00 -3.656079e-01 4.221102e-01 -4.480328e-01 1.061037e+00
-3.656079e-01 4.221102e-01 -4.480328e-01 1.061037e+00 -3.656079e-01 4.221102e-01 -4.983628e-01 1.053887e+00
-3.656079e-01 4.221102e-01 -4.983628e-01 1.053887e+00 -3.656079e-01 4.221102e-01 -5.476829e-01 1.043301e+00
-3.656079e-01 4.221102e-01 -5.476829e-01 1.043301e+00 -3.656079e-01 4.221102e-01 -5.956756e-01 1.029413e+00
-3.656079e-01 4.221102e-01 -5.956756e-01 1.029413e+00 -3.656079e-01 4.221102e-01 -6.420554e-01 1.012381e+00
-3.656079e-01 4.221102e-01 -6.420554e-01 1.012381e+00 -3.656079e-01 4.221102e-01 -6.865722e-01 9.923882e-01
-3.656079e-01 4.221102e-01 -6.865722e-01 9.923882e-01 -3.656079e-01 4.221102e-01 -7.290115e-01 9.696297e-01
-3.656079e-01 4.221102e-01 -7.290115e-01 9.696297e-01 -3.656079e-01 4.221102e-01 -7.691935e-01 9.443094e-01
-3.656079e-01 4.221102e-01 -7.691935e-01 9.443094e-01 -3.656079e-01 4.221102e-01 -8.069705e-01 9.166341e-01
-3.656079e-01 4.221102e-01 -8.069705e-01 9.166341e-01 -3.656079e-01 4.221102e-01 -8.422236e-01 8.868094e-01
-3.656079e-01 4.221102e-01 -8.422236e-01 8.868094e-01 -3.656079e-01 4.221102e-01 -8.748590e-01 8.550368e-01
-3.656079e-01 4.221102e-01 -8.748590e-01 8.550368e-01 -3.656079e-01 4.221102e-01 -9.048042e-01 8.215112e-01
-3.656079e-01 4.221102e-01 -9.048042e-01 8.215112e-01 -3.656079e-01 4.221102e-01 -9.320040e-01 7.864199e-01
-3.656079e-01 4.221102e-01 -9.320040e-01 7.864199e-01 -3.656079e-01 4.221102e-01 -9.564174e-01 7.499417e-01
-3.656079e-01 4.221102e-01 -9.564174e-01 7.499417e-01 -3.656079e-01 4.221102e-01 -9.780141e-01 7.122471e-01
-3.656079e-01 4.221102e-01 -9.780141e-01 7.122471e-01 -3.656079e-01 4.221102e-01 -9.967718e-01 6.734988e-01
-3.656079e-01 4.221102e-01 -9.967718e-01 6.734988e-01 -3.656079e-01 4.221102e-01 -1.012674e+00 6.338518e-01
-3.656079e-01 4.221102e-01 -1.012674e+00 6.338518e-01 -3.656079e-01 4.221102e-01 -1.025709e+00 5.934550e-01
-3.656079e-01 4.221102e-01 -1.025709e+00 5.934550e-01 -3.656079e-01 4.221102e-01 -1.035867e+00 5.524519e-01
-3.656079e-01 4.221102e-01 -1.035867e+00 5.524519e-01 -3.656079e-01 4.221102e-01 -1.043138e+00 5.109819e-01
-3.656079e-01 4.221102e-01 -1.043138e+00 5.109819e-01 -3.656079e-01 4.221102e-01 -1.047516e+00 4.691815e-01
-3.656079e-01 4.221102e-01 -1.047516e+00 4.691815e-01 -3.656079e-01 4.221102e-01 -1.048991e+00 4.271859e-01
