-2.925000e-01 -1.020000e-01 -2.758928e-01 3.532447e-01 -2.930000e-01 -1.015000e-01 -2.758878e-01 3.536237e-01
-2.925000e-01 -1.020000e-01 -2.758928e-01 3.532447e-01 -2.915000e-01 -1.020000e-01 -2.758921e-01 3.532541e-01
-2.915000e-01 -1.020000e-01 -2.758921e-01 3.532541e-01 -2.905000e-01 -1.020000e-01 -2.758916e-01 3.532621e-01
-2.905000e-01 -1.020000e-01 -2.758916e-01 3.532621e-01 -2.895000e-01 -1.020000e-01 -2.758912e-01 3.532686e-01
-2.895000e-01 -1.020000e-01 -2.758912e-01 3.532686e-01 -2.885000e-01 -1.020000e-01 -2.758909e-01 3.532737e-01
-2.885000e-01 -1.020000e-01 -2.758909e-01 3.532737e-01 -2.875000e-01 -1.020000e-01 -2.758907e-01 3.532774e-01
-2.875000e-01 -1.020000e-01 -2.758907e-01 3.532774e-01 -2.865000e-01 -1.020000e-01 -2.758906e-01 3.532796e-01
-2.865000e-01 -1.020000e-01 -2.758906e-01 3.532796e-01 -2.855000e-01 -1.020000e-01 -2.758907e-01 3.532803e-01
-2.855000e-01 -1.020000e-01 -2.758907e-01 3.532803e-01 -2.845000e-01 -1.020000e-01 -2.758908e-01 3.532796e-01
-2.845000e-01 -1.020000e-01 -2.758908e-01 3.532796e-01 -2.835000e-01 -1.020000e-01 -2.758909e-01 3.532775e-01
-2.835000e-01 -1.020000e-01 -2.758909e-01 3.532775e-01 -2.825000e-01 -1.020000e-01 -2.758911e-01 3.532739e-01
-2.825000e-01 -1.020000e-01 -2.758911e-01 3.532739e-01 -2.815000e-01 -1.020000e-01 -2.758914e-01 3.532689e-01
-2.815000e-01 -1.020000e-01 -2.758914e-01 3.532689e-01 -2.805000e-01 -1.020000e-01 -2.758917e-01 3.532624e-01
-2.805000e-01 -1.020000e-01 -2.758917e-01 3.532624e-01 -2.795000e-01 -1.020000e-01 -2.758920e-01 3.532544e-01
-2.795000e-01 -1.020000e-01 -2.758920e-01 3.532544e-01 -2.785000e-01 -1.020000e-01 -2.758924e-01 3.532450e-01
-2.785000e-01 -1.020000e-01 -2.758924e-01 3.532450e-01 -2.775000e-01 -1.020000e-01 -2.758927e-01 3.532342e-01
-2.775000e-01 -1.020000e-01 -2.758927e-01 3.532342e-01 -2.765000e-01 -1.020000e-01 -2.758931e-01 3.532219e-01
-2.765000e-01 -1.020000e-01 -2.758931e-01 3.532219e-01 -2.755000e-01 -1.020000e-01 -2.758934e-01 3.532082e-01
-2.755000e-01 -1.020000e-01 -2.758934e-01 3.532082e-01 -2.745000e-01 -1.020000e-01 -2.758937e-01 3.531930e-01
-2.745000e-01 -1.020000e-01 -2.758937e-01 3.531930e-01 -2.735000e-01 -1.020000e-01 -2.758940e-01 3.531764e-01
-2.735000e-01 -1.020000e-01 -2.758940e-01 3.531764e-01 -2.725000e-01 -1.020000e-01 -2.758942e-01 3.531582e-01
-2.725000e-01 -1.020000e-01 -2.758942e-01 3.531582e-01 -2.715000e-01 -1.020000e-01 -2.758943e-01 3.531387e-01
-2.715000e-01 -1.020000e-01 -2.758943e-01 3.531387e-01 -2.705000e-01 -1.020000e-01 -2.758944e-01 3.531178e-01
-2.705000e-01 -1.020000e-01 -2.758944e-01 3.531178e-01 -2.695000e-01 -1.020000e-01 -2.758944e-01 3.530953e-01
-2.695000e-01 -1.020000e-01 -2.758944e-01 3.530953e-01 -2.685000e-01 -1.020000e-01 -2.758943e-01 3.530714e-01
-2.685000e-01 -1.020000e-01 -2.758943e-01 3.530714e-01 -2.675000e-01 -1.020000e-01 -2.758941e-01 3.530461e-01
-2.675000e-01 -1.020000e-01 -2.758941e-01 3.530461e-01 -2.665000e-01 -1.020000e-01 -2.758938e-01 3.530194e-01
-2.665000e-01 -1.020000e-01 -2.758938e-01 3.530194e-01 -2.655000e-01 -1.020000e-01 -2.758934e-01 3.529912e-01
-2.655000e-01 -1.020000e-01 -2.758934e-01 3.529912e-01 -2.645000e-01 -1.020000e-01 -2.758929e-01 3.529615e-01
-2.645000e-01 -1.020000e-01 -2.758929e-01 3.529615e-01 -2.635000e-01 -1.020000e-01 -2.758922e-01 3.529304e-01
-2.635000e-01 -1.020000e-01 -2.758922e-01 3.529304e-01 -2.625000e-01 -1.020000e-01 -2.758913e-01 3.528979e-01
-2.625000e-01 -1.020000e-01 -2.758913e-01 3.528979e-01 -2.615000e-01 -1.020000e-01 -2.758903e-01 3.528639e-01
-2.615000e-01 -1.020000e-01 -2.758903e-01 3.528639e-01 -2.605000e-01 -1.020000e-01 -2.758891e-01 3.528285e-01
-2.605000e-01 -1.020000e-01 -2.758891e-01 3.528285e-01 -2.595000e-01 -1.020000e-01 -2.758877e-01 3.527916e-01
-2.595000e-01 -1.020000e-01 -2.758877e-01 3.527916e-01 -2.585000e-01 -1.020000e-01 -2.758862e-01 3.527533e-01
-2.585000e-01 -1.020000e-01 -2.758862e-01 3.527533e-01 -2.575000e-01 -1.020000e-01 -2.758844e-01 3.527136e-01
-2.575000e-01 -1.020000e-01 -2.758844e-01 3.527136e-01 -2.565000e-01 -1.020000e-01 -2.758824e-01 3.526724e-01
-2.565000e-01 -1.020000e-01 -2.758824e-01 3.526724e-01 -2.555000e-01 -1.020000e-01 -2.758802e-01 3.526298e-01
-2.555000e-01 -1.020000e-01 -2.758802e-01 3.526298e-01 -2.545000e-01 -1.020000e-01 -2.758777e-01 3.525858e-01
-2.545000e-01 -1.020000e-01 -2.758777e-01 3.525858e-01 -2.535000e-01 -1.020000e-01 -2.758750e-01 3.525403e-01
-2.535000e-01 -1.020000e-01 -2.758750e-01 3.525403e-01 -2.525000e-01 -1.020000e-01 -2.758720e-01 3.524934e-01
-2.525000e-01 -1.020000e-01 -2.758720e-01 3.524934e-01 -2.515000e-01 -1.020000e-01 -2.758688e-01 3.524451e-01
-2.515000e-01 -1.020000e-01 -2.758688e-01 3.524451e-01 -2.505000e-01 -1.020000e-01 -2.758653e-01 3.523953e-01
-2.505000e-01 -1.020000e-01 -2.758653e-01 3.523953e-01 -2.495000e-01 -1.020000e-01 -2.758615e-01 3.523442e-01
-2.495000e-01 -1.020000e-01 -2.758615e-01 3.523442e-01 -2.485000e-01 -1.020000e-01 -2.758574e-01 3.522916e-01
-2.485000e-01 -1.020000e-01 -2.758574e-01 3.522916e-01 -2.475000e-01 -1.020000e-01 -2.758530e-01 3.522375e-01
-2.475000e-01 -1.020000e-01 -2.758530e-01 3.522375e-01 -2.470000e-01 -1.015000e-01 -2.758783e-01 3.525928e-01
-3.025000e-01 -1.010000e-01 -2.758851e-01 3.538390e-01 -3.030000e-01 -1.005000e-01 -2.758732e-01 3.542102e-01
-3.025000e-01 -1.010000e-01 -2.758851e-01 3.538390e-01 -3.015000e-01 -1.010000e-01 -2.758839e-01 3.538630e-01
-3.015000e-01 -1.010000e-01 -2.758839e-01 3.538630e-01 -3.005000e-01 -1.010000e-01 -2.758829e-01 3.538854e-01
-3.005000e-01 -1.010000e-01 -2.758829e-01 3.538854e-01 -2.995000e-01 -1.010000e-01 -2.758821e-01 3.539065e-01
-2.995000e-01 -1.010000e-01 -2.758821e-01 3.539065e-01 -2.985000e-01 -1.010000e-01 -2.758816e-01 3.539261e-01
-2.985000e-01 -1.010000e-01 -2.758816e-01 3.539261e-01 -2.975000e-01 -1.010000e-01 -2.758813e-01 3.539443e-01
-2.975000e-01 -1.010000e-01 -2.758813e-01 3.539443e-01 -2.965000e-01 -1.010000e-01 -2.758812e-01 3.539610e-01
-2.965000e-01 -1.010000e-01 -2.758812e-01 3.539610e-01 -2.955000e-01 -1.010000e-01 -2.758813e-01 3.539763e-01
-2.955000e-01 -1.010000e-01 -2.758813e-01 3.539763e-01 -2.945000e-01 -1.010000e-01 -2.758816e-01 3.539901e-01
-2.945000e-01 -1.010000e-01 -2.758816e-01 3.539901e-01 -2.935000e-01 -1.010000e-01 -2.758820e-01 3.540025e-01
-2.930000e-01 -1.015000e-01 -2.758878e-01 3.536237e-01 -2.935000e-01 -1.010000e-01 -2.758820e-01 3.540025e-01
-2.470000e-01 -1.015000e-01 -2.758783e-01 3.525928e-01 -2.465000e-01 -1.010000e-01 -2.759045e-01 3.529479e-01
-2.465000e-01 -1.010000e-01 -2.759045e-01 3.529479e-01 -2.455000e-01 -1.010000e-01 -2.759009e-01 3.528909e-01
-2.455000e-01 -1.010000e-01 -2.759009e-01 3.528909e-01 -2.445000e-01 -1.010000e-01 -2.758969e-01 3.528324e-01
-2.445000e-01 -1.010000e-01 -2.758969e-01 3.528324e-01 -2.435000e-01 -1.010000e-01 -2.758926e-01 3.527725e-01
-2.435000e-01 -1.010000e-01 -2.758926e-01 3.527725e-01 -2.425000e-01 -1.010000e-01 -2.758879e-01 3.527112e-01
-2.425000e-01 -1.010000e-01 -2.758879e-01 3.527112e-01 -2.415000e-01 -1.010000e-01 -2.758828e-01 3.526484e-01
-2.415000e-01 -1.010000e-01 -2.758828e-01 3.526484e-01 -2.405000e-01 -1.010000e-01 -2.758774e-01 3.525843e-01
-2.405000e-01 -1.010000e-01 -2.758774e-01 3.525843e-01 -2.395000e-01 -1.010000e-01 -2.758715e-01 3.525187e-01
-2.395000e-01 -1.010000e-01 -2.758715e-01 3.525187e-01 -2.385000e-01 -1.010000e-01 -2.758653e-01 3.524518e-01
-2.385000e-01 -1.010000e-01 -2.758653e-01 3.524518e-01 -2.375000e-01 -1.010000e-01 -2.758586e-01 3.523834e-01
-2.375000e-01 -1.010000e-01 -2.758586e-01 3.523834e-01 -2.370000e-01 -1.005000e-01 -2.758900e-01 3.527304e-01
-3.105000e-01 -1.000000e-01 -2.758691e-01 3.543626e-01 -3.110000e-01 -9.950000e-02 -2.758519e-01 3.547273e-01
-3.105000e-01 -1.000000e-01 -2.758691e-01 3.543626e-01 -3.095000e-01 -1.000000e-01 -2.758670e-01 3.543981e-01
-3.095000e-01 -1.000000e-01 -2.758670e-01 3.543981e-01 -3.085000e-01 -1.000000e-01 -2.758651e-01 3.544322e-01
-3.085000e-01 -1.000000e-01 -2.758651e-01 3.544322e-01 -3.075000e-01 -1.000000e-01 -2.758636e-01 3.544649e-01
-3.075000e-01 -1.000000e-01 -2.758636e-01 3.544649e-01 -3.065000e-01 -1.000000e-01 -2.758624e-01 3.544961e-01
-3.065000e-01 -1.000000e-01 -2.758624e-01 3.544961e-01 -3.055000e-01 -1.000000e-01 -2.758615e-01 3.545259e-01
-3.055000e-01 -1.000000e-01 -2.758615e-01 3.545259e-01 -3.045000e-01 -1.000000e-01 -2.758608e-01 3.545543e-01
-3.045000e-01 -1.000000e-01 -2.758608e-01 3.545543e-01 -3.035000e-01 -1.000000e-01 -2.758605e-01 3.545812e-01
-3.030000e-01 -1.005000e-01 -2.758732e-01 3.542102e-01 -3.035000e-01 -1.000000e-01 -2.758605e-01 3.545812e-01
-2.370000e-01 -1.005000e-01 -2.758900e-01 3.527304e-01 -2.365000e-01 -1.000000e-01 -2.759222e-01 3.530772e-01
-2.365000e-01 -1.000000e-01 -2.759222e-01 3.530772e-01 -2.355000e-01 -1.000000e-01 -2.759161e-01 3.530058e-01
-2.355000e-01 -1.000000e-01 -2.759161e-01 3.530058e-01 -2.345000e-01 -1.000000e-01 -2.759095e-01 3.529330e-01
-2.345000e-01 -1.000000e-01 -2.759095e-01 3.529330e-01 -2.335000e-01 -1.000000e-01 -2.759025e-01 3.528587e-01
-2.335000e-01 -1.000000e-01 -2.759025e-01 3.528587e-01 -2.325000e-01 -1.000000e-01 -2.758950e-01 3.527831e-01
-2.325000e-01 -1.000000e-01 -2.758950e-01 3.527831e-01 -2.315000e-01 -1.000000e-01 -2.758871e-01 3.527061e-01
-2.315000e-01 -1.000000e-01 -2.758871e-01 3.527061e-01 -2.305000e-01 -1.000000e-01 -2.758787e-01 3.526277e-01
-2.305000e-01 -1.000000e-01 -2.758787e-01 3.526277e-01 -2.295000e-01 -1.000000e-01 -2.758698e-01 3.525479e-01
-2.295000e-01 -1.000000e-01 -2.758698e-01 3.525479e-01 -2.290000e-01 -9.950000e-02 -2.759057e-01 3.528881e-01
-3.165000e-01 -9.900000e-02 -2.758449e-01 3.548847e-01 -3.170000e-01 -9.850000e-02 -2.758238e-01 3.552445e-01
-3.165000e-01 -9.900000e-02 -2.758449e-01 3.548847e-01 -3.155000e-01 -9.900000e-02 -2.758419e-01 3.549290e-01
-3.155000e-01 -9.900000e-02 -2.758419e-01 3.549290e-01 -3.145000e-01 -9.900000e-02 -2.758394e-01 3.549719e-01
-3.145000e-01 -9.900000e-02 -2.758394e-01 3.549719e-01 -3.135000e-01 -9.900000e-02 -2.758372e-01 3.550133e-01
-3.135000e-01 -9.900000e-02 -2.758372e-01 3.550133e-01 -3.125000e-01 -9.900000e-02 -2.758354e-01 3.550533e-01
-3.125000e-01 -9.900000e-02 -2.758354e-01 3.550533e-01 -3.115000e-01 -9.900000e-02 -2.758339e-01 3.550918e-01
-3.110000e-01 -9.950000e-02 -2.758519e-01 3.547273e-01 -3.115000e-01 -9.900000e-02 -2.758339e-01 3.550918e-01
-2.290000e-01 -9.950000e-02 -2.759057e-01 3.528881e-01 -2.285000e-01 -9.900000e-02 -2.759424e-01 3.532280e-01
-2.285000e-01 -9.900000e-02 -2.759424e-01 3.532280e-01 -2.275000e-01 -9.900000e-02 -2.759338e-01 3.531451e-01
-2.275000e-01 -9.900000e-02 -2.759338e-01 3.531451e-01 -2.265000e-01 -9.900000e-02 -2.759248e-01 3.530609e-01
-2.265000e-01 -9.900000e-02 -2.759248e-01 3.530609e-01 -2.255000e-01 -9.900000e-02 -2.759152e-01 3.529753e-01
-2.255000e-01 -9.900000e-02 -2.759152e-01 3.529753e-01 -2.245000e-01 -9.900000e-02 -2.759050e-01 3.528883e-01
-2.245000e-01 -9.900000e-02 -2.759050e-01 3.528883e-01 -2.235000e-01 -9.900000e-02 -2.758943e-01 3.527999e-01
-2.235000e-01 -9.900000e-02 -2.758943e-01 3.527999e-01 -2.230000e-01 -9.850000e-02 -2.759336e-01 3.531348e-01
-3.225000e-01 -9.800000e-02 -2.758182e-01 3.553533e-01 -3.230000e-01 -9.750000e-02 -2.757933e-01 3.557079e-01
-3.225000e-01 -9.800000e-02 -2.758182e-01 3.553533e-01 -3.215000e-01 -9.800000e-02 -2.758140e-01 3.554062e-01
-3.215000e-01 -9.800000e-02 -2.758140e-01 3.554062e-01 -3.205000e-01 -9.800000e-02 -2.758103e-01 3.554578e-01
-3.205000e-01 -9.800000e-02 -2.758103e-01 3.554578e-01 -3.195000e-01 -9.800000e-02 -2.758070e-01 3.555080e-01
-3.195000e-01 -9.800000e-02 -2.758070e-01 3.555080e-01 -3.185000e-01 -9.800000e-02 -2.758042e-01 3.555567e-01
-3.185000e-01 -9.800000e-02 -2.758042e-01 3.555567e-01 -3.175000e-01 -9.800000e-02 -2.758018e-01 3.556040e-01
-3.170000e-01 -9.850000e-02 -2.758238e-01 3.552445e-01 -3.175000e-01 -9.800000e-02 -2.758018e-01 3.556040e-01
-2.230000e-01 -9.850000e-02 -2.759336e-01 3.531348e-01 -2.225000e-01 -9.800000e-02 -2.759736e-01 3.534694e-01
-2.225000e-01 -9.800000e-02 -2.759736e-01 3.534694e-01 -2.215000e-01 -9.800000e-02 -2.759632e-01 3.533779e-01
-2.215000e-01 -9.800000e-02 -2.759632e-01 3.533779e-01 -2.205000e-01 -9.800000e-02 -2.759521e-01 3.532852e-01
-2.205000e-01 -9.800000e-02 -2.759521e-01 3.532852e-01 -2.195000e-01 -9.800000e-02 -2.759405e-01 3.531910e-01
-2.195000e-01 -9.800000e-02 -2.759405e-01 3.531910e-01 -2.185000e-01 -9.800000e-02 -2.759282e-01 3.530955e-01
-2.185000e-01 -9.800000e-02 -2.759282e-01 3.530955e-01 -2.175000e-01 -9.800000e-02 -2.759153e-01 3.529985e-01
-2.175000e-01 -9.800000e-02 -2.759153e-01 3.529985e-01 -2.170000e-01 -9.750000e-02 -2.759577e-01 3.533281e-01
-3.275000e-01 -9.700000e-02 -2.757855e-01 3.558298e-01 -3.280000e-01 -9.650000e-02 -2.757575e-01 3.561801e-01
-3.275000e-01 -9.700000e-02 -2.757855e-01 3.558298e-01 -3.265000e-01 -9.700000e-02 -2.757802e-01 3.558900e-01
-3.265000e-01 -9.700000e-02 -2.757802e-01 3.558900e-01 -3.255000e-01 -9.700000e-02 -2.757755e-01 3.559489e-01
-3.255000e-01 -9.700000e-02 -2.757755e-01 3.559489e-01 -3.245000e-01 -9.700000e-02 -2.757713e-01 3.560063e-01
-3.245000e-01 -9.700000e-02 -2.757713e-01 3.560063e-01 -3.235000e-01 -9.700000e-02 -2.757676e-01 3.560623e-01
-3.230000e-01 -9.750000e-02 -2.757933e-01 3.557079e-01 -3.235000e-01 -9.700000e-02 -2.757676e-01 3.560623e-01
-2.170000e-01 -9.750000e-02 -2.759577e-01 3.533281e-01 -2.165000e-01 -9.700000e-02 -2.760010e-01 3.536573e-01
-2.165000e-01 -9.700000e-02 -2.760010e-01 3.536573e-01 -2.155000e-01 -9.700000e-02 -2.759882e-01 3.535574e-01
-2.155000e-01 -9.700000e-02 -2.759882e-01 3.535574e-01 -2.145000e-01 -9.700000e-02 -2.759748e-01 3.534561e-01
-2.145000e-01 -9.700000e-02 -2.759748e-01 3.534561e-01 -2.135000e-01 -9.700000e-02 -2.759607e-01 3.533534e-01
-2.135000e-01 -9.700000e-02 -2.759607e-01 3.533534e-01 -2.125000e-01 -9.700000e-02 -2.759460e-01 3.532494e-01
-2.125000e-01 -9.700000e-02 -2.759460e-01 3.532494e-01 -2.120000e-01 -9.650000e-02 -2.759910e-01 3.535744e-01
-3.315000e-01 -9.600000e-02 -2.757451e-01 3.563360e-01 -3.320000e-01 -9.550000e-02 -2.757146e-01 3.566828e-01
-3.315000e-01 -9.600000e-02 -2.757451e-01 3.563360e-01 -3.305000e-01 -9.600000e-02 -2.757391e-01 3.564021e-01
-3.305000e-01 -9.600000e-02 -2.757391e-01 3.564021e-01 -3.295000e-01 -9.600000e-02 -2.757336e-01 3.564668e-01
-3.295000e-01 -9.600000e-02 -2.757336e-01 3.564668e-01 -3.285000e-01 -9.600000e-02 -2.757287e-01 3.565301e-01
-3.280000e-01 -9.650000e-02 -2.757575e-01 3.561801e-01 -3.285000e-01 -9.600000e-02 -2.757287e-01 3.565301e-01
-2.120000e-01 -9.650000e-02 -2.759910e-01 3.535744e-01 -2.115000e-01 -9.600000e-02 -2.760368e-01 3.538990e-01
-2.115000e-01 -9.600000e-02 -2.760368e-01 3.538990e-01 -2.105000e-01 -9.600000e-02 -2.760221e-01 3.537920e-01
-2.105000e-01 -9.600000e-02 -2.760221e-01 3.537920e-01 -2.095000e-01 -9.600000e-02 -2.760066e-01 3.536836e-01
-2.095000e-01 -9.600000e-02 -2.760066e-01 3.536836e-01 -2.085000e-01 -9.600000e-02 -2.759905e-01 3.535738e-01
-2.085000e-01 -9.600000e-02 -2.759905e-01 3.535738e-01 -2.075000e-01 -9.600000e-02 -2.759736e-01 3.534628e-01
-2.075000e-01 -9.600000e-02 -2.759736e-01 3.534628e-01 -2.070000e-01 -9.550000e-02 -2.760211e-01 3.537832e-01
-3.365000e-01 -9.500000e-02 -2.757099e-01 3.567441e-01 -3.370000e-01 -9.450000e-02 -2.756766e-01 3.570865e-01
-3.365000e-01 -9.500000e-02 -2.757099e-01 3.567441e-01 -3.355000e-01 -9.500000e-02 -2.757023e-01 3.568175e-01
-3.355000e-01 -9.500000e-02 -2.757023e-01 3.568175e-01 -3.345000e-01 -9.500000e-02 -2.756954e-01 3.568895e-01
-3.345000e-01 -9.500000e-02 -2.756954e-01 3.568895e-01 -3.335000e-01 -9.500000e-02 -2.756890e-01 3.569600e-01
-3.335000e-01 -9.500000e-02 -2.756890e-01 3.569600e-01 -3.325000e-01 -9.500000e-02 -2.756833e-01 3.570292e-01
-3.320000e-01 -9.550000e-02 -2.757146e-01 3.566828e-01 -3.325000e-01 -9.500000e-02 -2.756833e-01 3.570292e-01
-2.070000e-01 -9.550000e-02 -2.760211e-01 3.537832e-01 -2.065000e-01 -9.500000e-02 -2.760693e-01 3.541032e-01
-2.065000e-01 -9.500000e-02 -2.760693e-01 3.541032e-01 -2.055000e-01 -9.500000e-02 -2.760524e-01 3.539891e-01
-2.055000e-01 -9.500000e-02 -2.760524e-01 3.539891e-01 -2.045000e-01 -9.500000e-02 -2.760346e-01 3.538736e-01
-2.045000e-01 -9.500000e-02 -2.760346e-01 3.538736e-01 -2.035000e-01 -9.500000e-02 -2.760162e-01 3.537569e-01
-2.035000e-01 -9.500000e-02 -2.760162e-01 3.537569e-01 -2.030000e-01 -9.450000e-02 -2.760656e-01 3.540735e-01
-3.405000e-01 -9.400000e-02 -2.756666e-01 3.571951e-01 -3.410000e-01 -9.350000e-02 -2.756310e-01 3.575338e-01
-3.405000e-01 -9.400000e-02 -2.756666e-01 3.571951e-01 -3.395000e-01 -9.400000e-02 -2.756579e-01 3.572743e-01
-3.395000e-01 -9.400000e-02 -2.756579e-01 3.572743e-01 -3.385000e-01 -9.400000e-02 -2.756499e-01 3.573521e-01
-3.385000e-01 -9.400000e-02 -2.756499e-01 3.573521e-01 -3.375000e-01 -9.400000e-02 -2.756424e-01 3.574285e-01
-3.370000e-01 -9.450000e-02 -2.756766e-01 3.570865e-01 -3.375000e-01 -9.400000e-02 -2.756424e-01 3.574285e-01
-2.030000e-01 -9.450000e-02 -2.760656e-01 3.540735e-01 -2.025000e-01 -9.400000e-02 -2.761159e-01 3.543898e-01
-2.025000e-01 -9.400000e-02 -2.761159e-01 3.543898e-01 -2.015000e-01 -9.400000e-02 -2.760972e-01 3.542700e-01
-2.015000e-01 -9.400000e-02 -2.760972e-01 3.542700e-01 -2.005000e-01 -9.400000e-02 -2.760777e-01 3.541488e-01
-2.005000e-01 -9.400000e-02 -2.760777e-01 3.541488e-01 -1.995000e-01 -9.400000e-02 -2.760575e-01 3.540264e-01
-1.995000e-01 -9.400000e-02 -2.760575e-01 3.540264e-01 -1.990000e-01 -9.350000e-02 -2.761088e-01 3.543393e-01
-3.445000e-01 -9.300000e-02 -2.756227e-01 3.576213e-01 -3.450000e-01 -9.250000e-02 -2.755849e-01 3.579563e-01
-3.445000e-01 -9.300000e-02 -2.756227e-01 3.576213e-01 -3.435000e-01 -9.300000e-02 -2.756126e-01 3.577063e-01
-3.435000e-01 -9.300000e-02 -2.756126e-01 3.577063e-01 -3.425000e-01 -9.300000e-02 -2.756033e-01 3.577899e-01
-3.425000e-01 -9.300000e-02 -2.756033e-01 3.577899e-01 -3.415000e-01 -9.300000e-02 -2.755946e-01 3.578721e-01
-3.410000e-01 -9.350000e-02 -2.756310e-01 3.575338e-01 -3.415000e-01 -9.300000e-02 -2.755946e-01 3.578721e-01
-1.990000e-01 -9.350000e-02 -2.761088e-01 3.543393e-01 -1.985000e-01 -9.300000e-02 -2.761610e-01 3.546517e-01
-1.985000e-01 -9.300000e-02 -2.761610e-01 3.546517e-01 -1.975000e-01 -9.300000e-02 -2.761405e-01 3.545263e-01
-1.975000e-01 -9.300000e-02 -2.761405e-01 3.545263e-01 -1.965000e-01 -9.300000e-02 -2.761191e-01 3.543995e-01
-1.965000e-01 -9.300000e-02 -2.761191e-01 3.543995e-01 -1.955000e-01 -9.300000e-02 -2.760969e-01 3.542714e-01
-1.955000e-01 -9.300000e-02 -2.760969e-01 3.542714e-01 -1.950000e-01 -9.250000e-02 -2.761500e-01 3.545805e-01
-3.475000e-01 -9.200000e-02 -2.755672e-01 3.581135e-01 -3.480000e-01 -9.150000e-02 -2.755276e-01 3.584456e-01
-3.475000e-01 -9.200000e-02 -2.755672e-01 3.581135e-01 -3.465000e-01 -9.200000e-02 -2.755564e-01 3.582029e-01
-3.465000e-01 -9.200000e-02 -2.755564e-01 3.582029e-01 -3.455000e-01 -9.200000e-02 -2.755463e-01 3.582909e-01
-3.450000e-01 -9.250000e-02 -2.755849e-01 3.579563e-01 -3.455000e-01 -9.200000e-02 -2.755463e-01 3.582909e-01
-1.950000e-01 -9.250000e-02 -2.761500e-01 3.545805e-01 -1.945000e-01 -9.200000e-02 -2.762040e-01 3.548891e-01
-1.945000e-01 -9.200000e-02 -2.762040e-01 3.548891e-01 -1.935000e-01 -9.200000e-02 -2.761814e-01 3.547580e-01
-1.935000e-01 -9.200000e-02 -2.761814e-01 3.547580e-01 -1.925000e-01 -9.200000e-02 -2.761580e-01 3.546256e-01
-1.925000e-01 -9.200000e-02 -2.761580e-01 3.546256e-01 -1.915000e-01 -9.200000e-02 -2.761336e-01 3.544920e-01
-1.915000e-01 -9.200000e-02 -2.761336e-01 3.544920e-01 -1.910000e-01 -9.150000e-02 -2.761885e-01 3.547971e-01
-3.515000e-01 -9.100000e-02 -2.755224e-01 3.584959e-01 -3.520000e-01 -9.050000e-02 -2.754807e-01 3.588243e-01
-3.515000e-01 -9.100000e-02 -2.755224e-01 3.584959e-01 -3.505000e-01 -9.100000e-02 -2.755099e-01 3.585911e-01
-3.505000e-01 -9.100000e-02 -2.755099e-01 3.585911e-01 -3.495000e-01 -9.100000e-02 -2.754982e-01 3.586849e-01
-3.495000e-01 -9.100000e-02 -2.754982e-01 3.586849e-01 -3.485000e-01 -9.100000e-02 -2.754872e-01 3.587774e-01
-3.480000e-01 -9.150000e-02 -2.755276e-01 3.584456e-01 -3.485000e-01 -9.100000e-02 -2.754872e-01 3.587774e-01
-1.910000e-01 -9.150000e-02 -2.761885e-01 3.547971e-01 -1.905000e-01 -9.100000e-02 -2.762442e-01 3.551019e-01
-1.905000e-01 -9.100000e-02 -2.762442e-01 3.551019e-01 -1.895000e-01 -9.100000e-02 -2.762194e-01 3.549652e-01
-1.895000e-01 -9.100000e-02 -2.762194e-01 3.549652e-01 -1.885000e-01 -9.100000e-02 -2.761937e-01 3.548273e-01
-1.885000e-01 -9.100000e-02 -2.761937e-01 3.548273e-01 -1.880000e-01 -9.050000e-02 -2.762500e-01 3.551295e-01
-3.545000e-01 -9.000000e-02 -2.754645e-01 3.589545e-01 -3.550000e-01 -8.950000e-02 -2.754212e-01 3.592800e-01
-3.545000e-01 -9.000000e-02 -2.754645e-01 3.589545e-01 -3.535000e-01 -9.000000e-02 -2.754510e-01 3.590541e-01
-3.535000e-01 -9.000000e-02 -2.754510e-01 3.590541e-01 -3.525000e-01 -9.000000e-02 -2.754383e-01 3.591523e-01
-3.520000e-01 -9.050000e-02 -2.754807e-01 3.588243e-01 -3.525000e-01 -9.000000e-02 -2.754383e-01 3.591523e-01
-1.880000e-01 -9.050000e-02 -2.762500e-01 3.551295e-01 -1.875000e-01 -9.000000e-02 -2.763071e-01 3.554312e-01
-1.875000e-01 -9.000000e-02 -2.763071e-01 3.554312e-01 -1.865000e-01 -9.000000e-02 -2.762809e-01 3.552903e-01
-1.865000e-01 -9.000000e-02 -2.762809e-01 3.552903e-01 -1.855000e-01 -9.000000e-02 -2.762537e-01 3.551481e-01
-1.855000e-01 -9.000000e-02 -2.762537e-01 3.551481e-01 -1.845000e-01 -9.000000e-02 -2.762255e-01 3.550046e-01
-1.845000e-01 -9.000000e-02 -2.762255e-01 3.550046e-01 -1.840000e-01 -8.950000e-02 -2.762834e-01 3.553029e-01
-3.575000e-01 -8.900000e-02 -2.754056e-01 3.593985e-01 -3.580000e-01 -8.850000e-02 -2.753606e-01 3.597210e-01
-3.575000e-01 -8.900000e-02 -2.754056e-01 3.593985e-01 -3.565000e-01 -8.900000e-02 -2.753909e-01 3.595025e-01
-3.565000e-01 -8.900000e-02 -2.753909e-01 3.595025e-01 -3.555000e-01 -8.900000e-02 -2.753771e-01 3.596051e-01
-3.550000e-01 -8.950000e-02 -2.754212e-01 3.592800e-01 -3.555000e-01 -8.900000e-02 -2.753771e-01 3.596051e-01
-1.840000e-01 -8.950000e-02 -2.762834e-01 3.553029e-01 -1.835000e-01 -8.900000e-02 -2.763421e-01 3.556008e-01
-1.835000e-01 -8.900000e-02 -2.763421e-01 3.556008e-01 -1.825000e-01 -8.900000e-02 -2.763133e-01 3.554543e-01
-1.825000e-01 -8.900000e-02 -2.763133e-01 3.554543e-01 -1.815000e-01 -8.900000e-02 -2.762835e-01 3.553066e-01
-1.815000e-01 -8.900000e-02 -2.762835e-01 3.553066e-01 -1.810000e-01 -8.850000e-02 -2.763427e-01 3.556019e-01
-3.605000e-01 -8.800000e-02 -2.753458e-01 3.598278e-01 -3.610000e-01 -8.750000e-02 -2.752993e-01 3.601474e-01
-3.605000e-01 -8.800000e-02 -2.753458e-01 3.598278e-01 -3.595000e-01 -8.800000e-02 -2.753299e-01 3.599362e-01
-3.595000e-01 -8.800000e-02 -2.753299e-01 3.599362e-01 -3.585000e-01 -8.800000e-02 -2.753149e-01 3.600432e-01
-3.580000e-01 -8.850000e-02 -2.753606e-01 3.597210e-01 -3.585000e-01 -8.800000e-02 -2.753149e-01 3.600432e-01
-1.810000e-01 -8.850000e-02 -2.763427e-01 3.556019e-01 -1.805000e-01 -8.800000e-02 -2.764026e-01 3.558967e-01
-1.805000e-01 -8.800000e-02 -2.764026e-01 3.558967e-01 -1.795000e-01 -8.800000e-02 -2.763722e-01 3.557461e-01
-1.795000e-01 -8.800000e-02 -2.763722e-01 3.557461e-01 -1.785000e-01 -8.800000e-02 -2.763408e-01 3.555942e-01
-1.785000e-01 -8.800000e-02 -2.763408e-01 3.555942e-01 -1.780000e-01 -8.750000e-02 -2.764011e-01 3.558864e-01
-3.635000e-01 -8.700000e-02 -2.752856e-01 3.602425e-01 -3.640000e-01 -8.650000e-02 -2.752376e-01 3.605592e-01
-3.635000e-01 -8.700000e-02 -2.752856e-01 3.602425e-01 -3.625000e-01 -8.700000e-02 -2.752683e-01 3.603552e-01
-3.625000e-01 -8.700000e-02 -2.752683e-01 3.603552e-01 -3.615000e-01 -8.700000e-02 -2.752520e-01 3.604666e-01
-3.610000e-01 -8.750000e-02 -2.752993e-01 3.601474e-01 -3.615000e-01 -8.700000e-02 -2.752520e-01 3.604666e-01
-1.780000e-01 -8.750000e-02 -2.764011e-01 3.558864e-01 -1.775000e-01 -8.700000e-02 -2.764623e-01 3.561781e-01
-1.775000e-01 -8.700000e-02 -2.764623e-01 3.561781e-01 -1.765000e-01 -8.700000e-02 -2.764301e-01 3.560233e-01
-1.765000e-01 -8.700000e-02 -2.764301e-01 3.560233e-01 -1.755000e-01 -8.700000e-02 -2.763969e-01 3.558672e-01
-1.755000e-01 -8.700000e-02 -2.763969e-01 3.558672e-01 -1.750000e-01 -8.650000e-02 -2.764584e-01 3.561564e-01
-3.665000e-01 -8.600000e-02 -2.752252e-01 3.606425e-01 -3.670000e-01 -8.550000e-02 -2.751758e-01 3.609562e-01
-3.665000e-01 -8.600000e-02 -2.752252e-01 3.606425e-01 -3.655000e-01 -8.600000e-02 -2.752065e-01 3.607596e-01
-3.655000e-01 -8.600000e-02 -2.752065e-01 3.607596e-01 -3.645000e-01 -8.600000e-02 -2.751888e-01 3.608753e-01
-3.640000e-01 -8.650000e-02 -2.752376e-01 3.605592e-01 -3.645000e-01 -8.600000e-02 -2.751888e-01 3.608753e-01
-1.750000e-01 -8.650000e-02 -2.764584e-01 3.561564e-01 -1.745000e-01 -8.600000e-02 -2.765208e-01 3.564451e-01
-1.745000e-01 -8.600000e-02 -2.765208e-01 3.564451e-01 -1.735000e-01 -8.600000e-02 -2.764867e-01 3.562860e-01
-1.735000e-01 -8.600000e-02 -2.764867e-01 3.562860e-01 -1.725000e-01 -8.600000e-02 -2.764516e-01 3.561258e-01
-1.725000e-01 -8.600000e-02 -2.764516e-01 3.561258e-01 -1.720000e-01 -8.550000e-02 -2.765143e-01 3.564119e-01
-3.695000e-01 -8.500000e-02 -2.751651e-01 3.610279e-01 -3.700000e-01 -8.450000e-02 -2.751143e-01 3.613386e-01
-3.695000e-01 -8.500000e-02 -2.751651e-01 3.610279e-01 -3.685000e-01 -8.500000e-02 -2.751448e-01 3.611493e-01
-3.685000e-01 -8.500000e-02 -2.751448e-01 3.611493e-01 -3.675000e-01 -8.500000e-02 -2.751256e-01 3.612694e-01
-3.670000e-01 -8.550000e-02 -2.751758e-01 3.609562e-01 -3.675000e-01 -8.500000e-02 -2.751256e-01 3.612694e-01
-1.720000e-01 -8.550000e-02 -2.765143e-01 3.564119e-01 -1.715000e-01 -8.500000e-02 -2.765778e-01 3.566975e-01
-1.715000e-01 -8.500000e-02 -2.765778e-01 3.566975e-01 -1.705000e-01 -8.500000e-02 -2.765417e-01 3.565343e-01
-1.705000e-01 -8.500000e-02 -2.765417e-01 3.565343e-01 -1.695000e-01 -8.500000e-02 -2.765046e-01 3.563699e-01
-1.695000e-01 -8.500000e-02 -2.765046e-01 3.563699e-01 -1.690000e-01 -8.450000e-02 -2.765683e-01 3.566530e-01
-3.715000e-01 -8.400000e-02 -2.750836e-01 3.615244e-01 -3.720000e-01 -8.350000e-02 -2.750316e-01 3.618329e-01
-3.715000e-01 -8.400000e-02 -2.750836e-01 3.615244e-01 -3.705000e-01 -8.400000e-02 -2.750627e-01 3.616488e-01
-3.700000e-01 -8.450000e-02 -2.751143e-01 3.613386e-01 -3.705000e-01 -8.400000e-02 -2.750627e-01 3.616488e-01
-1.690000e-01 -8.450000e-02 -2.765683e-01 3.566530e-01 -1.685000e-01 -8.400000e-02 -2.766329e-01 3.569355e-01
-1.685000e-01 -8.400000e-02 -2.766329e-01 3.569355e-01 -1.675000e-01 -8.400000e-02 -2.765948e-01 3.567682e-01
-1.675000e-01 -8.400000e-02 -2.765948e-01 3.567682e-01 -1.665000e-01 -8.400000e-02 -2.765556e-01 3.565997e-01
-1.665000e-01 -8.400000e-02 -2.765556e-01 3.565997e-01 -1.660000e-01 -8.350000e-02 -2.766203e-01 3.568796e-01
-3.745000e-01 -8.300000e-02 -2.750230e-01 3.618848e-01 -3.750000e-01 -8.250000e-02 -2.749698e-01 3.621902e-01
-3.745000e-01 -8.300000e-02 -2.750230e-01 3.618848e-01 -3.735000e-01 -8.300000e-02 -2.750004e-01 3.620135e-01
-3.735000e-01 -8.300000e-02 -2.750004e-01 3.620135e-01 -3.725000e-01 -8.300000e-02 -2.749788e-01 3.621409e-01
-3.720000e-01 -8.350000e-02 -2.750316e-01 3.618329e-01 -3.725000e-01 -8.300000e-02 -2.749788e-01 3.621409e-01
-1.660000e-01 -8.350000e-02 -2.766203e-01 3.568796e-01 -1.655000e-01 -8.300000e-02 -2.766859e-01 3.571591e-01
-1.655000e-01 -8.300000e-02 -2.766859e-01 3.571591e-01 -1.645000e-01 -8.300000e-02 -2.766456e-01 3.569877e-01
-1.645000e-01 -8.300000e-02 -2.766456e-01 3.569877e-01 -1.635000e-01 -8.300000e-02 -2.766043e-01 3.568151e-01
-1.635000e-01 -8.300000e-02 -2.766043e-01 3.568151e-01 -1.630000e-01 -8.250000e-02 -2.766699e-01 3.570919e-01
-3.765000e-01 -8.200000e-02 -2.749391e-01 3.623635e-01 -3.770000e-01 -8.150000e-02 -2.748848e-01 3.626668e-01
-3.765000e-01 -8.200000e-02 -2.749391e-01 3.623635e-01 -3.755000e-01 -8.200000e-02 -2.749158e-01 3.624953e-01
-3.750000e-01 -8.250000e-02 -2.749698e-01 3.621902e-01 -3.755000e-01 -8.200000e-02 -2.749158e-01 3.624953e-01
-1.630000e-01 -8.250000e-02 -2.766699e-01 3.570919e-01 -1.625000e-01 -8.200000e-02 -2.767364e-01 3.573683e-01
-1.625000e-01 -8.200000e-02 -2.767364e-01 3.573683e-01 -1.615000e-01 -8.200000e-02 -2.766939e-01 3.571928e-01
-1.615000e-01 -8.200000e-02 -2.766939e-01 3.571928e-01 -1.610000e-01 -8.150000e-02 -2.767604e-01 3.574674e-01
-3.795000e-01 -8.100000e-02 -2.748792e-01 3.626989e-01 -3.800000e-01 -8.050000e-02 -2.748237e-01 3.629992e-01
-3.795000e-01 -8.100000e-02 -2.748792e-01 3.626989e-01 -3.785000e-01 -8.100000e-02 -2.748539e-01 3.628350e-01
-3.785000e-01 -8.100000e-02 -2.748539e-01 3.628350e-01 -3.775000e-01 -8.100000e-02 -2.748297e-01 3.629697e-01
-3.770000e-01 -8.150000e-02 -2.748848e-01 3.626668e-01 -3.775000e-01 -8.100000e-02 -2.748297e-01 3.629697e-01
-1.610000e-01 -8.150000e-02 -2.767604e-01 3.574674e-01 -1.605000e-01 -8.100000e-02 -2.768278e-01 3.577415e-01
-1.605000e-01 -8.100000e-02 -2.768278e-01 3.577415e-01 -1.595000e-01 -8.100000e-02 -2.767842e-01 3.575632e-01
-1.595000e-01 -8.100000e-02 -2.767842e-01 3.575632e-01 -1.585000e-01 -8.100000e-02 -2.767394e-01 3.573837e-01
-1.585000e-01 -8.100000e-02 -2.767394e-01 3.573837e-01 -1.580000e-01 -8.050000e-02 -2.768067e-01 3.576552e-01
-3.815000e-01 -8.000000e-02 -2.747936e-01 3.631600e-01 -3.820000e-01 -7.950000e-02 -2.747371e-01 3.634581e-01
-3.815000e-01 -8.000000e-02 -2.747936e-01 3.631600e-01 -3.805000e-01 -8.000000e-02 -2.747674e-01 3.632990e-01
-3.800000e-01 -8.050000e-02 -2.748237e-01 3.629992e-01 -3.805000e-01 -8.000000e-02 -2.747674e-01 3.632990e-01
-1.580000e-01 -8.050000e-02 -2.768067e-01 3.576552e-01 -1.575000e-01 -8.000000e-02 -2.768749e-01 3.579262e-01
-1.575000e-01 -8.000000e-02 -2.768749e-01 3.579262e-01 -1.565000e-01 -8.000000e-02 -2.768289e-01 3.577438e-01
-1.565000e-01 -8.000000e-02 -2.768289e-01 3.577438e-01 -1.560000e-01 -7.950000e-02 -2.768970e-01 3.580131e-01
-3.845000e-01 -7.900000e-02 -2.747351e-01 3.634704e-01 -3.850000e-01 -7.850000e-02 -2.746776e-01 3.637654e-01
-3.845000e-01 -7.900000e-02 -2.747351e-01 3.634704e-01 -3.835000e-01 -7.900000e-02 -2.747068e-01 3.636137e-01
-3.835000e-01 -7.900000e-02 -2.747068e-01 3.636137e-01 -3.825000e-01 -7.900000e-02 -2.746797e-01 3.637556e-01
-3.820000e-01 -7.950000e-02 -2.747371e-01 3.634581e-01 -3.825000e-01 -7.900000e-02 -2.746797e-01 3.637556e-01
-1.560000e-01 -7.950000e-02 -2.768970e-01 3.580131e-01 -1.555000e-01 -7.900000e-02 -2.769660e-01 3.582818e-01
-1.555000e-01 -7.900000e-02 -2.769660e-01 3.582818e-01 -1.545000e-01 -7.900000e-02 -2.769187e-01 3.580966e-01
-1.545000e-01 -7.900000e-02 -2.769187e-01 3.580966e-01 -1.535000e-01 -7.900000e-02 -2.768702e-01 3.579103e-01
-1.535000e-01 -7.900000e-02 -2.768702e-01 3.579103e-01 -1.530000e-01 -7.850000e-02 -2.769391e-01 3.581764e-01
-3.865000e-01 -7.800000e-02 -2.746484e-01 3.639137e-01 -3.870000e-01 -7.750000e-02 -2.745899e-01 3.642065e-01
-3.865000e-01 -7.800000e-02 -2.746484e-01 3.639137e-01 -3.855000e-01 -7.800000e-02 -2.746191e-01 3.640599e-01
-3.850000e-01 -7.850000e-02 -2.746776e-01 3.637654e-01 -3.855000e-01 -7.800000e-02 -2.746191e-01 3.640599e-01
-1.530000e-01 -7.850000e-02 -2.769391e-01 3.581764e-01 -1.525000e-01 -7.800000e-02 -2.770088e-01 3.584420e-01
-1.525000e-01 -7.800000e-02 -2.770088e-01 3.584420e-01 -1.515000e-01 -7.800000e-02 -2.769589e-01 3.582528e-01
-1.515000e-01 -7.800000e-02 -2.769589e-01 3.582528e-01 -1.510000e-01 -7.750000e-02 -2.770285e-01 3.585167e-01
-3.885000e-01 -7.700000e-02 -2.745609e-01 3.643496e-01 -3.890000e-01 -7.650000e-02 -2.745015e-01 3.646401e-01
-3.885000e-01 -7.700000e-02 -2.745609e-01 3.643496e-01 -3.875000e-01 -7.700000e-02 -2.745306e-01 3.644988e-01
-3.870000e-01 -7.750000e-02 -2.745899e-01 3.642065e-01 -3.875000e-01 -7.700000e-02 -2.745306e-01 3.644988e-01
-1.510000e-01 -7.750000e-02 -2.770285e-01 3.585167e-01 -1.505000e-01 -7.700000e-02 -2.770990e-01 3.587800e-01
-1.505000e-01 -7.700000e-02 -2.770990e-01 3.587800e-01 -1.495000e-01 -7.700000e-02 -2.770478e-01 3.585881e-01
-1.495000e-01 -7.700000e-02 -2.770478e-01 3.585881e-01 -1.490000e-01 -7.650000e-02 -2.771181e-01 3.588497e-01
-3.905000e-01 -7.600000e-02 -2.744727e-01 3.647781e-01 -3.910000e-01 -7.550000e-02 -2.744123e-01 3.650664e-01
-3.905000e-01 -7.600000e-02 -2.744727e-01 3.647781e-01 -3.895000e-01 -7.600000e-02 -2.744412e-01 3.649302e-01
-3.890000e-01 -7.650000e-02 -2.745015e-01 3.646401e-01 -3.895000e-01 -7.600000e-02 -2.744412e-01 3.649302e-01
-1.490000e-01 -7.650000e-02 -2.771181e-01 3.588497e-01 -1.485000e-01 -7.600000e-02 -2.771892e-01 3.591107e-01
-1.485000e-01 -7.600000e-02 -2.771892e-01 3.591107e-01 -1.475000e-01 -7.600000e-02 -2.771366e-01 3.589159e-01
-1.475000e-01 -7.600000e-02 -2.771366e-01 3.589159e-01 -1.465000e-01 -7.600000e-02 -2.770826e-01 3.587200e-01
-1.465000e-01 -7.600000e-02 -2.770826e-01 3.587200e-01 -1.460000e-01 -7.550000e-02 -2.771535e-01 3.589785e-01
-3.935000e-01 -7.500000e-02 -2.744176e-01 3.650429e-01 -3.940000e-01 -7.450000e-02 -2.743565e-01 3.653281e-01
-3.935000e-01 -7.500000e-02 -2.744176e-01 3.650429e-01 -3.925000e-01 -7.500000e-02 -2.743838e-01 3.651991e-01
-3.925000e-01 -7.500000e-02 -2.743838e-01 3.651991e-01 -3.915000e-01 -7.500000e-02 -2.743511e-01 3.653542e-01
-3.910000e-01 -7.550000e-02 -2.744123e-01 3.650664e-01 -3.915000e-01 -7.500000e-02 -2.743511e-01 3.653542e-01
-1.460000e-01 -7.550000e-02 -2.771535e-01 3.589785e-01 -1.455000e-01 -7.500000e-02 -2.772253e-01 3.592364e-01
-1.455000e-01 -7.500000e-02 -2.772253e-01 3.592364e-01 -1.445000e-01 -7.500000e-02 -2.771698e-01 3.590377e-01
-1.445000e-01 -7.500000e-02 -2.771698e-01 3.590377e-01 -1.440000e-01 -7.450000e-02 -2.772414e-01 3.592940e-01
-3.955000e-01 -7.400000e-02 -2.743295e-01 3.654536e-01 -3.960000e-01 -7.350000e-02 -2.742675e-01 3.657365e-01
-3.955000e-01 -7.400000e-02 -2.743295e-01 3.654536e-01 -3.945000e-01 -7.400000e-02 -2.742944e-01 3.656127e-01
-3.940000e-01 -7.450000e-02 -2.743565e-01 3.653281e-01 -3.945000e-01 -7.400000e-02 -2.742944e-01 3.656127e-01
-1.440000e-01 -7.450000e-02 -2.772414e-01 3.592940e-01 -1.435000e-01 -7.400000e-02 -2.773137e-01 3.595496e-01
-1.435000e-01 -7.400000e-02 -2.773137e-01 3.595496e-01 -1.425000e-01 -7.400000e-02 -2.772568e-01 3.593481e-01
-1.425000e-01 -7.400000e-02 -2.772568e-01 3.593481e-01 -1.420000e-01 -7.350000e-02 -2.773289e-01 3.596021e-01
-3.975000e-01 -7.300000e-02 -2.742411e-01 3.658568e-01 -3.980000e-01 -7.250000e-02 -2.741782e-01 3.661376e-01
-3.975000e-01 -7.300000e-02 -2.742411e-01 3.658568e-01 -3.965000e-01 -7.300000e-02 -2.742047e-01 3.660189e-01
-3.960000e-01 -7.350000e-02 -2.742675e-01 3.657365e-01 -3.965000e-01 -7.300000e-02 -2.742047e-01 3.660189e-01
-1.420000e-01 -7.350000e-02 -2.773289e-01 3.596021e-01 -1.415000e-01 -7.300000e-02 -2.774018e-01 3.598554e-01
-1.415000e-01 -7.300000e-02 -2.774018e-01 3.598554e-01 -1.405000e-01 -7.300000e-02 -2.773433e-01 3.596512e-01
-1.405000e-01 -7.300000e-02 -2.773433e-01 3.596512e-01 -1.400000e-01 -7.250000e-02 -2.774160e-01 3.599028e-01
-3.995000e-01 -7.200000e-02 -2.741523e-01 3.662527e-01 -4.000000e-01 -7.150000e-02 -2.740888e-01 3.665311e-01
-3.995000e-01 -7.200000e-02 -2.741523e-01 3.662527e-01 -3.985000e-01 -7.200000e-02 -2.741146e-01 3.664177e-01
-3.980000e-01 -7.250000e-02 -2.741782e-01 3.661376e-01 -3.985000e-01 -7.200000e-02 -2.741146e-01 3.664177e-01
-1.400000e-01 -7.250000e-02 -2.774160e-01 3.599028e-01 -1.395000e-01 -7.200000e-02 -2.774896e-01 3.601538e-01
-1.395000e-01 -7.200000e-02 -2.774896e-01 3.601538e-01 -1.385000e-01 -7.200000e-02 -2.774294e-01 3.599469e-01
-1.385000e-01 -7.200000e-02 -2.774294e-01 3.599469e-01 -1.375000e-01 -7.200000e-02 -2.773679e-01 3.597390e-01
-1.375000e-01 -7.200000e-02 -2.773679e-01 3.597390e-01 -1.370000e-01 -7.150000e-02 -2.774410e-01 3.599874e-01
-4.015000e-01 -7.100000e-02 -2.740635e-01 3.666411e-01 -4.020000e-01 -7.050000e-02 -2.739992e-01 3.669173e-01
-4.015000e-01 -7.100000e-02 -2.740635e-01 3.666411e-01 -4.005000e-01 -7.100000e-02 -2.740243e-01 3.668090e-01
-4.000000e-01 -7.150000e-02 -2.740888e-01 3.665311e-01 -4.005000e-01 -7.100000e-02 -2.740243e-01 3.668090e-01
-1.370000e-01 -7.150000e-02 -2.774410e-01 3.599874e-01 -1.365000e-01 -7.100000e-02 -2.775149e-01 3.602353e-01
-1.365000e-01 -7.100000e-02 -2.775149e-01 3.602353e-01 -1.355000e-01 -7.100000e-02 -2.774517e-01 3.600246e-01
-1.355000e-01 -7.100000e-02 -2.774517e-01 3.600246e-01 -1.350000e-01 -7.050000e-02 -2.775253e-01 3.602708e-01
-4.035000e-01 -7.000000e-02 -2.739747e-01 3.670221e-01 -4.040000e-01 -6.950000e-02 -2.739096e-01 3.672960e-01
-4.035000e-01 -7.000000e-02 -2.739747e-01 3.670221e-01 -4.025000e-01 -7.000000e-02 -2.739340e-01 3.671929e-01
-4.020000e-01 -7.050000e-02 -2.739992e-01 3.669173e-01 -4.025000e-01 -7.000000e-02 -2.739340e-01 3.671929e-01
-1.350000e-01 -7.050000e-02 -2.775253e-01 3.602708e-01 -1.345000e-01 -7.000000e-02 -2.775997e-01 3.605164e-01
-1.345000e-01 -7.000000e-02 -2.775997e-01 3.605164e-01 -1.335000e-01 -7.000000e-02 -2.775348e-01 3.603030e-01
-1.335000e-01 -7.000000e-02 -2.775348e-01 3.603030e-01 -1.330000e-01 -6.950000e-02 -2.776089e-01 3.605469e-01
-4.055000e-01 -6.900000e-02 -2.738859e-01 3.673957e-01 -4.060000e-01 -6.850000e-02 -2.738202e-01 3.676673e-01
-4.055000e-01 -6.900000e-02 -2.738859e-01 3.673957e-01 -4.045000e-01 -6.900000e-02 -2.738438e-01 3.675693e-01
-4.040000e-01 -6.950000e-02 -2.739096e-01 3.672960e-01 -4.045000e-01 -6.900000e-02 -2.738438e-01 3.675693e-01
-1.330000e-01 -6.950000e-02 -2.776089e-01 3.605469e-01 -1.325000e-01 -6.900000e-02 -2.776837e-01 3.607902e-01
-1.325000e-01 -6.900000e-02 -2.776837e-01 3.607902e-01 -1.315000e-01 -6.900000e-02 -2.776171e-01 3.605741e-01
-1.315000e-01 -6.900000e-02 -2.776171e-01 3.605741e-01 -1.310000e-01 -6.850000e-02 -2.776916e-01 3.608157e-01
-4.075000e-01 -6.800000e-02 -2.737973e-01 3.677618e-01 -4.080000e-01 -6.750000e-02 -2.737310e-01 3.680311e-01
-4.075000e-01 -6.800000e-02 -2.737973e-01 3.677618e-01 -4.065000e-01 -6.800000e-02 -2.737537e-01 3.679383e-01
-4.060000e-01 -6.850000e-02 -2.738202e-01 3.676673e-01 -4.065000e-01 -6.800000e-02 -2.737537e-01 3.679383e-01
-1.310000e-01 -6.850000e-02 -2.776916e-01 3.608157e-01 -1.305000e-01 -6.800000e-02 -2.777669e-01 3.610566e-01
-1.305000e-01 -6.800000e-02 -2.777669e-01 3.610566e-01 -1.295000e-01 -6.800000e-02 -2.776984e-01 3.608380e-01
-1.295000e-01 -6.800000e-02 -2.776984e-01 3.608380e-01 -1.290000e-01 -6.750000e-02 -2.777733e-01 3.610772e-01
-4.095000e-01 -6.700000e-02 -2.737091e-01 3.681205e-01 -4.100000e-01 -6.650000e-02 -2.736422e-01 3.683875e-01
-4.095000e-01 -6.700000e-02 -2.737091e-01 3.681205e-01 -4.085000e-01 -6.700000e-02 -2.736639e-01 3.682999e-01
-4.080000e-01 -6.750000e-02 -2.737310e-01 3.680311e-01 -4.085000e-01 -6.700000e-02 -2.736639e-01 3.682999e-01
-1.290000e-01 -6.750000e-02 -2.777733e-01 3.610772e-01 -1.285000e-01 -6.700000e-02 -2.778490e-01 3.613159e-01
-1.285000e-01 -6.700000e-02 -2.778490e-01 3.613159e-01 -1.275000e-01 -6.700000e-02 -2.777787e-01 3.610945e-01
-1.275000e-01 -6.700000e-02 -2.777787e-01 3.610945e-01 -1.270000e-01 -6.650000e-02 -2.778539e-01 3.613315e-01
-4.105000e-01 -6.600000e-02 -2.735744e-01 3.686540e-01 -4.110000e-01 -6.550000e-02 -2.735068e-01 3.689196e-01
-4.100000e-01 -6.650000e-02 -2.736422e-01 3.683875e-01 -4.105000e-01 -6.600000e-02 -2.735744e-01 3.686540e-01
-1.270000e-01 -6.650000e-02 -2.778539e-01 3.613315e-01 -1.265000e-01 -6.600000e-02 -2.779300e-01 3.615678e-01
-1.265000e-01 -6.600000e-02 -2.779300e-01 3.615678e-01 -1.255000e-01 -6.600000e-02 -2.778578e-01 3.613438e-01
-1.255000e-01 -6.600000e-02 -2.778578e-01 3.613438e-01 -1.250000e-01 -6.550000e-02 -2.779334e-01 3.615785e-01
-4.125000e-01 -6.500000e-02 -2.734855e-01 3.690007e-01 -4.130000e-01 -6.450000e-02 -2.734173e-01 3.692640e-01
-4.125000e-01 -6.500000e-02 -2.734855e-01 3.690007e-01 -4.115000e-01 -6.500000e-02 -2.734383e-01 3.691846e-01
-4.110000e-01 -6.550000e-02 -2.735068e-01 3.689196e-01 -4.115000e-01 -6.500000e-02 -2.734383e-01 3.691846e-01
-1.250000e-01 -6.550000e-02 -2.779334e-01 3.615785e-01 -1.245000e-01 -6.500000e-02 -2.780099e-01 3.618125e-01
-1.245000e-01 -6.500000e-02 -2.780099e-01 3.618125e-01 -1.235000e-01 -6.500000e-02 -2.779357e-01 3.615859e-01
-1.235000e-01 -6.500000e-02 -2.779357e-01 3.615859e-01 -1.230000e-01 -6.450000e-02 -2.780116e-01 3.618182e-01
-4.145000e-01 -6.400000e-02 -2.733972e-01 3.693400e-01 -4.150000e-01 -6.350000e-02 -2.733284e-01 3.696009e-01
-4.145000e-01 -6.400000e-02 -2.733972e-01 3.693400e-01 -4.135000e-01 -6.400000e-02 -2.733483e-01 3.695266e-01
-4.130000e-01 -6.450000e-02 -2.734173e-01 3.692640e-01 -4.135000e-01 -6.400000e-02 -2.733483e-01 3.695266e-01
-1.230000e-01 -6.450000e-02 -2.780116e-01 3.618182e-01 -1.225000e-01 -6.400000e-02 -2.780884e-01 3.620499e-01
-1.225000e-01 -6.400000e-02 -2.780884e-01 3.620499e-01 -1.215000e-01 -6.400000e-02 -2.780122e-01 3.618207e-01
-1.215000e-01 -6.400000e-02 -2.780122e-01 3.618207e-01 -1.210000e-01 -6.350000e-02 -2.780885e-01 3.620508e-01
-4.165000e-01 -6.300000e-02 -2.733096e-01 3.696718e-01 -4.170000e-01 -6.250000e-02 -2.732403e-01 3.699305e-01
-4.165000e-01 -6.300000e-02 -2.733096e-01 3.696718e-01 -4.155000e-01 -6.300000e-02 -2.732589e-01 3.698613e-01
-4.150000e-01 -6.350000e-02 -2.733284e-01 3.696009e-01 -4.155000e-01 -6.300000e-02 -2.732589e-01 3.698613e-01
-1.210000e-01 -6.350000e-02 -2.780885e-01 3.620508e-01 -1.205000e-01 -6.300000e-02 -2.781655e-01 3.622802e-01
-1.205000e-01 -6.300000e-02 -2.781655e-01 3.622802e-01 -1.195000e-01 -6.300000e-02 -2.780873e-01 3.620484e-01
-1.195000e-01 -6.300000e-02 -2.780873e-01 3.620484e-01 -1.190000e-01 -6.250000e-02 -2.781638e-01 3.622761e-01
-4.185000e-01 -6.200000e-02 -2.732228e-01 3.699963e-01 -4.190000e-01 -6.150000e-02 -2.731531e-01 3.702526e-01
-4.185000e-01 -6.200000e-02 -2.732228e-01 3.699963e-01 -4.175000e-01 -6.200000e-02 -2.731703e-01 3.701885e-01
-4.170000e-01 -6.250000e-02 -2.732403e-01 3.699305e-01 -4.175000e-01 -6.200000e-02 -2.731703e-01 3.701885e-01
-1.190000e-01 -6.250000e-02 -2.781638e-01 3.622761e-01 -1.185000e-01 -6.200000e-02 -2.782411e-01 3.625032e-01
-1.185000e-01 -6.200000e-02 -2.782411e-01 3.625032e-01 -1.175000e-01 -6.200000e-02 -2.781609e-01 3.622689e-01
-1.175000e-01 -6.200000e-02 -2.781609e-01 3.622689e-01 -1.170000e-01 -6.150000e-02 -2.782376e-01 3.624943e-01
-4.195000e-01 -6.100000e-02 -2.730826e-01 3.705084e-01 -4.200000e-01 -6.050000e-02 -2.730123e-01 3.707632e-01
-4.190000e-01 -6.150000e-02 -2.731531e-01 3.702526e-01 -4.195000e-01 -6.100000e-02 -2.730826e-01 3.705084e-01
-1.170000e-01 -6.150000e-02 -2.782376e-01 3.624943e-01 -1.165000e-01 -6.100000e-02 -2.783151e-01 3.627190e-01
-1.165000e-01 -6.100000e-02 -2.783151e-01 3.627190e-01 -1.160000e-01 -6.050000e-02 -2.783923e-01 3.629430e-01
-4.215000e-01 -6.000000e-02 -2.729959e-01 3.708208e-01 -4.220000e-01 -5.950000e-02 -2.729252e-01 3.710733e-01
-4.215000e-01 -6.000000e-02 -2.729959e-01 3.708208e-01 -4.205000e-01 -6.000000e-02 -2.729411e-01 3.710175e-01
-4.200000e-01 -6.050000e-02 -2.730123e-01 3.707632e-01 -4.205000e-01 -6.000000e-02 -2.729411e-01 3.710175e-01
-1.160000e-01 -6.050000e-02 -2.783923e-01 3.629430e-01 -1.155000e-01 -6.000000e-02 -2.784704e-01 3.631662e-01
-1.155000e-01 -6.000000e-02 -2.784704e-01 3.631662e-01 -1.145000e-01 -6.000000e-02 -2.783874e-01 3.629277e-01
-1.145000e-01 -6.000000e-02 -2.783874e-01 3.629277e-01 -1.140000e-01 -5.950000e-02 -2.784648e-01 3.631494e-01
-4.235000e-01 -5.900000e-02 -2.729104e-01 3.711258e-01 -4.240000e-01 -5.850000e-02 -2.728393e-01 3.713761e-01
-4.235000e-01 -5.900000e-02 -2.729104e-01 3.711258e-01 -4.225000e-01 -5.900000e-02 -2.728536e-01 3.713253e-01
-4.220000e-01 -5.950000e-02 -2.729252e-01 3.710733e-01 -4.225000e-01 -5.900000e-02 -2.728536e-01 3.713253e-01
-1.140000e-01 -5.950000e-02 -2.784648e-01 3.631494e-01 -1.135000e-01 -5.900000e-02 -2.785430e-01 3.633703e-01
-1.135000e-01 -5.900000e-02 -2.785430e-01 3.633703e-01 -1.125000e-01 -5.900000e-02 -2.784578e-01 3.631293e-01
-1.125000e-01 -5.900000e-02 -2.784578e-01 3.631293e-01 -1.120000e-01 -5.850000e-02 -2.785354e-01 3.633486e-01
-4.245000e-01 -5.800000e-02 -2.727673e-01 3.716256e-01 -4.250000e-01 -5.750000e-02 -2.726956e-01 3.718744e-01
-4.240000e-01 -5.850000e-02 -2.728393e-01 3.713761e-01 -4.245000e-01 -5.800000e-02 -2.727673e-01 3.716256e-01
-1.120000e-01 -5.850000e-02 -2.785354e-01 3.633486e-01 -1.115000e-01 -5.800000e-02 -2.786138e-01 3.635672e-01
-1.115000e-01 -5.800000e-02 -2.786138e-01 3.635672e-01 -1.105000e-01 -5.800000e-02 -2.785264e-01 3.633237e-01
-1.105000e-01 -5.800000e-02 -2.785264e-01 3.633237e-01 -1.100000e-01 -5.750000e-02 -2.786041e-01 3.635407e-01
-4.265000e-01 -5.700000e-02 -2.726823e-01 3.719187e-01 -4.270000e-01 -5.650000e-02 -2.726103e-01 3.721651e-01
-4.265000e-01 -5.700000e-02 -2.726823e-01 3.719187e-01 -4.255000e-01 -5.700000e-02 -2.726231e-01 3.721225e-01
-4.250000e-01 -5.750000e-02 -2.726956e-01 3.718744e-01 -4.255000e-01 -5.700000e-02 -2.726231e-01 3.721225e-01
-1.100000e-01 -5.750000e-02 -2.786041e-01 3.635407e-01 -1.095000e-01 -5.700000e-02 -2.786826e-01 3.637570e-01
-1.095000e-01 -5.700000e-02 -2.786826e-01 3.637570e-01 -1.085000e-01 -5.700000e-02 -2.785929e-01 3.635111e-01
-1.085000e-01 -5.700000e-02 -2.785929e-01 3.635111e-01 -1.080000e-01 -5.650000e-02 -2.786707e-01 3.637258e-01
-4.285000e-01 -5.600000e-02 -2.725988e-01 3.722043e-01 -4.290000e-01 -5.550000e-02 -2.725265e-01 3.724484e-01
-4.285000e-01 -5.600000e-02 -2.725988e-01 3.722043e-01 -4.275000e-01 -5.600000e-02 -2.725374e-01 3.724109e-01
-4.270000e-01 -5.650000e-02 -2.726103e-01 3.721651e-01 -4.275000e-01 -5.600000e-02 -2.725374e-01 3.724109e-01
-1.080000e-01 -5.650000e-02 -2.786707e-01 3.637258e-01 -1.075000e-01 -5.600000e-02 -2.787492e-01 3.639398e-01
-1.075000e-01 -5.600000e-02 -2.787492e-01 3.639398e-01 -1.070000e-01 -5.550000e-02 -2.788274e-01 3.641529e-01
-4.295000e-01 -5.500000e-02 -2.724533e-01 3.726918e-01 -4.300000e-01 -5.450000e-02 -2.723804e-01 3.729344e-01
-4.290000e-01 -5.550000e-02 -2.725265e-01 3.724484e-01 -4.295000e-01 -5.500000e-02 -2.724533e-01 3.726918e-01
-1.070000e-01 -5.550000e-02 -2.788274e-01 3.641529e-01 -1.065000e-01 -5.500000e-02 -2.789064e-01 3.643653e-01
-1.065000e-01 -5.500000e-02 -2.789064e-01 3.643653e-01 -1.055000e-01 -5.500000e-02 -2.788137e-01 3.641154e-01
-1.055000e-01 -5.500000e-02 -2.788137e-01 3.641154e-01 -1.050000e-01 -5.450000e-02 -2.788920e-01 3.643263e-01
-4.315000e-01 -5.400000e-02 -2.723708e-01 3.729655e-01 -4.320000e-01 -5.350000e-02 -2.722976e-01 3.732058e-01
-4.315000e-01 -5.400000e-02 -2.723708e-01 3.729655e-01 -4.305000e-01 -5.400000e-02 -2.723067e-01 3.731764e-01
-4.300000e-01 -5.450000e-02 -2.723804e-01 3.729344e-01 -4.305000e-01 -5.400000e-02 -2.723067e-01 3.731764e-01
-1.050000e-01 -5.450000e-02 -2.788920e-01 3.643263e-01 -1.045000e-01 -5.400000e-02 -2.789710e-01 3.645364e-01
-1.045000e-01 -5.400000e-02 -2.789710e-01 3.645364e-01 -1.035000e-01 -5.400000e-02 -2.788760e-01 3.642841e-01
-1.035000e-01 -5.400000e-02 -2.788760e-01 3.642841e-01 -1.030000e-01 -5.350000e-02 -2.789542e-01 3.644926e-01
-4.335000e-01 -5.300000e-02 -2.722899e-01 3.732318e-01 -4.340000e-01 -5.250000e-02 -2.722166e-01 3.734698e-01
-4.335000e-01 -5.300000e-02 -2.722899e-01 3.732318e-01 -4.325000e-01 -5.300000e-02 -2.722237e-01 3.734453e-01
-4.320000e-01 -5.350000e-02 -2.722976e-01 3.732058e-01 -4.325000e-01 -5.300000e-02 -2.722237e-01 3.734453e-01
-1.030000e-01 -5.350000e-02 -2.789542e-01 3.644926e-01 -1.025000e-01 -5.300000e-02 -2.790333e-01 3.647004e-01
-1.025000e-01 -5.300000e-02 -2.790333e-01 3.647004e-01 -1.020000e-01 -5.250000e-02 -2.791119e-01 3.649075e-01
-4.345000e-01 -5.200000e-02 -2.721425e-01 3.737070e-01 -4.350000e-01 -5.150000e-02 -2.720686e-01 3.739434e-01
-4.340000e-01 -5.250000e-02 -2.722166e-01 3.734698e-01 -4.345000e-01 -5.200000e-02 -2.721425e-01 3.737070e-01
-1.020000e-01 -5.250000e-02 -2.791119e-01 3.649075e-01 -1.015000e-01 -5.200000e-02 -2.791913e-01 3.651137e-01
-1.015000e-01 -5.200000e-02 -2.791913e-01 3.651137e-01 -1.005000e-01 -5.200000e-02 -2.790930e-01 3.648574e-01
-1.005000e-01 -5.200000e-02 -2.790930e-01 3.648574e-01 -1.000000e-01 -5.150000e-02 -2.791716e-01 3.650622e-01
-4.365000e-01 -5.100000e-02 -2.720631e-01 3.739614e-01 -4.370000e-01 -5.050000e-02 -2.719891e-01 3.741954e-01
-4.365000e-01 -5.100000e-02 -2.720631e-01 3.739614e-01 -4.355000e-01 -5.100000e-02 -2.719940e-01 3.741791e-01
-4.350000e-01 -5.150000e-02 -2.720686e-01 3.739434e-01 -4.355000e-01 -5.100000e-02 -2.719940e-01 3.741791e-01
-1.000000e-01 -5.150000e-02 -2.791716e-01 3.650622e-01 -9.950000e-02 -5.100000e-02 -2.792510e-01 3.652661e-01
-9.950000e-02 -5.100000e-02 -2.792510e-01 3.652661e-01 -9.850000e-02 -5.100000e-02 -2.791503e-01 3.650075e-01
-9.850000e-02 -5.100000e-02 -2.791503e-01 3.650075e-01 -9.800000e-02 -5.050000e-02 -2.792288e-01 3.652099e-01
-4.375000e-01 -5.000000e-02 -2.719143e-01 3.744288e-01 -4.380000e-01 -4.950000e-02 -2.718399e-01 3.746614e-01
-4.370000e-01 -5.050000e-02 -2.719891e-01 3.741954e-01 -4.375000e-01 -5.000000e-02 -2.719143e-01 3.744288e-01
-9.800000e-02 -5.050000e-02 -2.792288e-01 3.652099e-01 -9.750000e-02 -5.000000e-02 -2.793081e-01 3.654116e-01
-9.750000e-02 -5.000000e-02 -2.793081e-01 3.654116e-01 -9.700000e-02 -4.950000e-02 -2.793870e-01 3.656124e-01
-4.395000e-01 -4.900000e-02 -2.718368e-01 3.746712e-01 -4.400000e-01 -4.850000e-02 -2.717622e-01 3.749014e-01
-4.395000e-01 -4.900000e-02 -2.718368e-01 3.746712e-01 -4.385000e-01 -4.900000e-02 -2.717646e-01 3.748932e-01
-4.380000e-01 -4.950000e-02 -2.718399e-01 3.746614e-01 -4.385000e-01 -4.900000e-02 -2.717646e-01 3.748932e-01
-9.700000e-02 -4.950000e-02 -2.793870e-01 3.656124e-01 -9.650000e-02 -4.900000e-02 -2.794666e-01 3.658125e-01
-9.650000e-02 -4.900000e-02 -2.794666e-01 3.658125e-01 -9.550000e-02 -4.900000e-02 -2.793625e-01 3.655501e-01
-9.550000e-02 -4.900000e-02 -2.793625e-01 3.655501e-01 -9.500000e-02 -4.850000e-02 -2.794412e-01 3.657486e-01
-4.405000e-01 -4.800000e-02 -2.716868e-01 3.751309e-01 -4.410000e-01 -4.750000e-02 -2.716118e-01 3.753597e-01
-4.400000e-01 -4.850000e-02 -2.717622e-01 3.749014e-01 -4.405000e-01 -4.800000e-02 -2.716868e-01 3.751309e-01
-9.500000e-02 -4.850000e-02 -2.794412e-01 3.657486e-01 -9.450000e-02 -4.800000e-02 -2.795207e-01 3.659464e-01
-9.450000e-02 -4.800000e-02 -2.795207e-01 3.659464e-01 -9.350000e-02 -4.800000e-02 -2.794141e-01 3.656817e-01
-9.350000e-02 -4.800000e-02 -2.794141e-01 3.656817e-01 -9.300000e-02 -4.750000e-02 -2.794927e-01 3.658780e-01
-4.425000e-01 -4.700000e-02 -2.716113e-01 3.753614e-01 -4.430000e-01 -4.650000e-02 -2.715362e-01 3.755878e-01
-4.425000e-01 -4.700000e-02 -2.716113e-01 3.753614e-01 -4.415000e-01 -4.700000e-02 -2.715360e-01 3.755876e-01
-4.410000e-01 -4.750000e-02 -2.716118e-01 3.753597e-01 -4.415000e-01 -4.700000e-02 -2.715360e-01 3.755876e-01
-9.300000e-02 -4.750000e-02 -2.794927e-01 3.658780e-01 -9.250000e-02 -4.700000e-02 -2.795720e-01 3.660735e-01
-9.250000e-02 -4.700000e-02 -2.795720e-01 3.660735e-01 -9.200000e-02 -4.650000e-02 -2.796509e-01 3.662682e-01
-4.435000e-01 -4.600000e-02 -2.714604e-01 3.758134e-01 -4.440000e-01 -4.550000e-02 -2.713849e-01 3.760382e-01
-4.430000e-01 -4.650000e-02 -2.715362e-01 3.755878e-01 -4.435000e-01 -4.600000e-02 -2.714604e-01 3.758134e-01
-9.200000e-02 -4.650000e-02 -2.796509e-01 3.662682e-01 -9.150000e-02 -4.600000e-02 -2.797306e-01 3.664622e-01
-9.150000e-02 -4.600000e-02 -2.797306e-01 3.664622e-01 -9.050000e-02 -4.600000e-02 -2.796204e-01 3.661937e-01
-9.050000e-02 -4.600000e-02 -2.796204e-01 3.661937e-01 -9.000000e-02 -4.550000e-02 -2.796991e-01 3.663862e-01
-4.455000e-01 -4.500000e-02 -2.713872e-01 3.760320e-01 -4.460000e-01 -4.450000e-02 -2.713117e-01 3.762545e-01
-4.455000e-01 -4.500000e-02 -2.713872e-01 3.760320e-01 -4.445000e-01 -4.500000e-02 -2.713086e-01 3.762623e-01
-4.440000e-01 -4.550000e-02 -2.713849e-01 3.760382e-01 -4.445000e-01 -4.500000e-02 -2.713086e-01 3.762623e-01
-9.000000e-02 -4.550000e-02 -2.796991e-01 3.663862e-01 -8.950000e-02 -4.500000e-02 -2.797785e-01 3.665778e-01
-8.950000e-02 -4.500000e-02 -2.797785e-01 3.665778e-01 -8.900000e-02 -4.450000e-02 -2.798574e-01 3.667687e-01
-4.465000e-01 -4.400000e-02 -2.712354e-01 3.764762e-01 -4.470000e-01 -4.350000e-02 -2.711596e-01 3.766972e-01
-4.460000e-01 -4.450000e-02 -2.713117e-01 3.762545e-01 -4.465000e-01 -4.400000e-02 -2.712354e-01 3.764762e-01
-8.900000e-02 -4.450000e-02 -2.798574e-01 3.667687e-01 -8.850000e-02 -4.400000e-02 -2.799371e-01 3.669588e-01
-8.850000e-02 -4.400000e-02 -2.799371e-01 3.669588e-01 -8.750000e-02 -4.400000e-02 -2.798233e-01 3.666866e-01
-8.750000e-02 -4.400000e-02 -2.798233e-01 3.666866e-01 -8.700000e-02 -4.350000e-02 -2.799020e-01 3.668752e-01
-4.475000e-01 -4.300000e-02 -2.710829e-01 3.769174e-01 -4.480000e-01 -4.250000e-02 -2.710067e-01 3.771368e-01
-4.470000e-01 -4.350000e-02 -2.711596e-01 3.766972e-01 -4.475000e-01 -4.300000e-02 -2.710829e-01 3.769174e-01
-8.700000e-02 -4.350000e-02 -2.799020e-01 3.668752e-01 -8.650000e-02 -4.300000e-02 -2.799814e-01 3.670631e-01
-8.650000e-02 -4.300000e-02 -2.799814e-01 3.670631e-01 -8.600000e-02 -4.250000e-02 -2.800604e-01 3.672502e-01
-4.495000e-01 -4.200000e-02 -2.710125e-01 3.771194e-01 -4.500000e-01 -4.150000e-02 -2.709364e-01 3.773365e-01
-4.495000e-01 -4.200000e-02 -2.710125e-01 3.771194e-01 -4.485000e-01 -4.200000e-02 -2.709297e-01 3.773555e-01
-4.480000e-01 -4.250000e-02 -2.710067e-01 3.771368e-01 -4.485000e-01 -4.200000e-02 -2.709297e-01 3.773555e-01
-8.600000e-02 -4.250000e-02 -2.800604e-01 3.672502e-01 -8.550000e-02 -4.200000e-02 -2.801400e-01 3.674364e-01
-8.550000e-02 -4.200000e-02 -2.801400e-01 3.674364e-01 -8.450000e-02 -4.200000e-02 -2.800225e-01 3.671606e-01
-8.450000e-02 -4.200000e-02 -2.800225e-01 3.671606e-01 -8.400000e-02 -4.150000e-02 -2.801011e-01 3.673454e-01
-4.505000e-01 -4.100000e-02 -2.708594e-01 3.775528e-01 -4.510000e-01 -4.050000e-02 -2.707829e-01 3.777683e-01
-4.500000e-01 -4.150000e-02 -2.709364e-01 3.773365e-01 -4.505000e-01 -4.100000e-02 -2.708594e-01 3.775528e-01
-8.400000e-02 -4.150000e-02 -2.801011e-01 3.673454e-01 -8.350000e-02 -4.100000e-02 -2.801805e-01 3.675294e-01
-8.350000e-02 -4.100000e-02 -2.801805e-01 3.675294e-01 -8.300000e-02 -4.050000e-02 -2.802593e-01 3.677126e-01
-4.525000e-01 -4.000000e-02 -2.707920e-01 3.777430e-01 -4.530000e-01 -3.950000e-02 -2.707156e-01 3.779562e-01
-4.525000e-01 -4.000000e-02 -2.707920e-01 3.777430e-01 -4.515000e-01 -4.000000e-02 -2.707056e-01 3.779831e-01
-4.510000e-01 -4.050000e-02 -2.707829e-01 3.777683e-01 -4.515000e-01 -4.000000e-02 -2.707056e-01 3.779831e-01
-8.300000e-02 -4.050000e-02 -2.802593e-01 3.677126e-01 -8.250000e-02 -4.000000e-02 -2.803389e-01 3.678951e-01
-8.250000e-02 -4.000000e-02 -2.803389e-01 3.678951e-01 -8.150000e-02 -4.000000e-02 -2.802175e-01 3.676156e-01
-8.150000e-02 -4.000000e-02 -2.802175e-01 3.676156e-01 -8.100000e-02 -3.950000e-02 -2.802960e-01 3.677966e-01
-4.535000e-01 -3.900000e-02 -2.706385e-01 3.781686e-01 -4.540000e-01 -3.850000e-02 -2.705618e-01 3.783802e-01
-4.530000e-01 -3.950000e-02 -2.707156e-01 3.779562e-01 -4.535000e-01 -3.900000e-02 -2.706385e-01 3.781686e-01
-8.100000e-02 -3.950000e-02 -2.802960e-01 3.677966e-01 -8.050000e-02 -3.900000e-02 -2.803752e-01 3.679768e-01
-8.050000e-02 -3.900000e-02 -2.803752e-01 3.679768e-01 -8.000000e-02 -3.850000e-02 -2.804539e-01 3.681562e-01
-4.545000e-01 -3.800000e-02 -2.704843e-01 3.785911e-01 -4.550000e-01 -3.750000e-02 -2.704074e-01 3.788012e-01
-4.540000e-01 -3.850000e-02 -2.705618e-01 3.783802e-01 -4.545000e-01 -3.800000e-02 -2.704843e-01 3.785911e-01
-8.000000e-02 -3.850000e-02 -2.804539e-01 3.681562e-01 -7.950000e-02 -3.800000e-02 -2.805333e-01 3.683348e-01
-7.950000e-02 -3.800000e-02 -2.805333e-01 3.683348e-01 -7.850000e-02 -3.800000e-02 -2.804079e-01 3.680518e-01
-7.850000e-02 -3.800000e-02 -2.804079e-01 3.680518e-01 -7.800000e-02 -3.750000e-02 -2.804862e-01 3.682290e-01
-4.565000e-01 -3.700000e-02 -2.704206e-01 3.787649e-01 -4.570000e-01 -3.650000e-02 -2.703439e-01 3.789726e-01
-4.565000e-01 -3.700000e-02 -2.704206e-01 3.787649e-01 -4.555000e-01 -3.700000e-02 -2.703296e-01 3.790105e-01
-4.550000e-01 -3.750000e-02 -2.704074e-01 3.788012e-01 -4.555000e-01 -3.700000e-02 -2.703296e-01 3.790105e-01
-7.800000e-02 -3.750000e-02 -2.804862e-01 3.682290e-01 -7.750000e-02 -3.700000e-02 -2.805652e-01 3.684053e-01
-7.750000e-02 -3.700000e-02 -2.805652e-01 3.684053e-01 -7.700000e-02 -3.650000e-02 -2.806436e-01 3.685809e-01
-4.575000e-01 -3.600000e-02 -2.702663e-01 3.791796e-01 -4.580000e-01 -3.550000e-02 -2.701893e-01 3.793858e-01
-4.570000e-01 -3.650000e-02 -2.703439e-01 3.789726e-01 -4.575000e-01 -3.600000e-02 -2.702663e-01 3.791796e-01
-7.700000e-02 -3.650000e-02 -2.806436e-01 3.685809e-01 -7.650000e-02 -3.600000e-02 -2.807228e-01 3.687557e-01
-7.650000e-02 -3.600000e-02 -2.807228e-01 3.687557e-01 -7.550000e-02 -3.600000e-02 -2.805934e-01 3.684693e-01
-7.550000e-02 -3.600000e-02 -2.805934e-01 3.684693e-01 -7.500000e-02 -3.550000e-02 -2.806714e-01 3.686426e-01
-4.585000e-01 -3.500000e-02 -2.701114e-01 3.795912e-01 -4.590000e-01 -3.450000e-02 -2.700341e-01 3.797958e-01
-4.580000e-01 -3.550000e-02 -2.701893e-01 3.793858e-01 -4.585000e-01 -3.500000e-02 -2.701114e-01 3.795912e-01
-7.500000e-02 -3.550000e-02 -2.806714e-01 3.686426e-01 -7.450000e-02 -3.500000e-02 -2.807501e-01 3.688152e-01
-7.450000e-02 -3.500000e-02 -2.807501e-01 3.688152e-01 -7.400000e-02 -3.450000e-02 -2.808282e-01 3.689870e-01
-4.605000e-01 -3.400000e-02 -2.700520e-01 3.797486e-01 -4.610000e-01 -3.350000e-02 -2.699749e-01 3.799509e-01
-4.605000e-01 -3.400000e-02 -2.700520e-01 3.797486e-01 -4.595000e-01 -3.400000e-02 -2.699560e-01 3.799996e-01
-4.590000e-01 -3.450000e-02 -2.700341e-01 3.797958e-01 -4.595000e-01 -3.400000e-02 -2.699560e-01 3.799996e-01
-7.400000e-02 -3.450000e-02 -2.808282e-01 3.689870e-01 -7.350000e-02 -3.400000e-02 -2.809070e-01 3.691580e-01
-7.350000e-02 -3.400000e-02 -2.809070e-01 3.691580e-01 -7.250000e-02 -3.400000e-02 -2.807735e-01 3.688681e-01
-7.250000e-02 -3.400000e-02 -2.807735e-01 3.688681e-01 -7.200000e-02 -3.350000e-02 -2.808511e-01 3.690377e-01
-4.615000e-01 -3.300000e-02 -2.698971e-01 3.801524e-01 -4.620000e-01 -3.250000e-02 -2.698199e-01 3.803531e-01
-4.610000e-01 -3.350000e-02 -2.699749e-01 3.799509e-01 -4.615000e-01 -3.300000e-02 -2.698971e-01 3.801524e-01
-7.200000e-02 -3.350000e-02 -2.808511e-01 3.690377e-01 -7.150000e-02 -3.300000e-02 -2.809294e-01 3.692064e-01
-7.150000e-02 -3.300000e-02 -2.809294e-01 3.692064e-01 -7.100000e-02 -3.250000e-02 -2.810071e-01 3.693745e-01
-4.625000e-01 -3.200000e-02 -2.697419e-01 3.805530e-01 -4.630000e-01 -3.150000e-02 -2.696644e-01 3.807522e-01
-4.620000e-01 -3.250000e-02 -2.698199e-01 3.803531e-01 -4.625000e-01 -3.200000e-02 -2.697419e-01 3.805530e-01
-7.100000e-02 -3.250000e-02 -2.810071e-01 3.693745e-01 -7.050000e-02 -3.200000e-02 -2.810855e-01 3.695416e-01
-7.050000e-02 -3.200000e-02 -2.810855e-01 3.695416e-01 -7.000000e-02 -3.150000e-02 -2.811633e-01 3.697081e-01
-4.645000e-01 -3.100000e-02 -2.696872e-01 3.806942e-01 -4.650000e-01 -3.050000e-02 -2.696100e-01 3.808910e-01
-4.645000e-01 -3.100000e-02 -2.696872e-01 3.806942e-01 -4.635000e-01 -3.100000e-02 -2.695862e-01 3.809505e-01
-4.630000e-01 -3.150000e-02 -2.696644e-01 3.807522e-01 -4.635000e-01 -3.100000e-02 -2.695862e-01 3.809505e-01
-7.000000e-02 -3.150000e-02 -2.811633e-01 3.697081e-01 -6.950000e-02 -3.100000e-02 -2.812417e-01 3.698737e-01
-6.950000e-02 -3.100000e-02 -2.812417e-01 3.698737e-01 -6.850000e-02 -3.100000e-02 -2.811028e-01 3.695791e-01
-6.850000e-02 -3.100000e-02 -2.811028e-01 3.695791e-01 -6.800000e-02 -3.050000e-02 -2.811801e-01 3.697434e-01
-4.655000e-01 -3.000000e-02 -2.695322e-01 3.810870e-01 -4.660000e-01 -2.950000e-02 -2.694549e-01 3.812823e-01
-4.650000e-01 -3.050000e-02 -2.696100e-01 3.808910e-01 -4.655000e-01 -3.000000e-02 -2.695322e-01 3.810870e-01
-6.800000e-02 -3.050000e-02 -2.811801e-01 3.697434e-01 -6.750000e-02 -3.000000e-02 -2.812579e-01 3.699068e-01
-6.750000e-02 -3.000000e-02 -2.812579e-01 3.699068e-01 -6.700000e-02 -2.950000e-02 -2.813352e-01 3.700695e-01
-4.665000e-01 -2.900000e-02 -2.693768e-01 3.814767e-01 -4.670000e-01 -2.850000e-02 -2.692993e-01 3.816704e-01
-4.660000e-01 -2.950000e-02 -2.694549e-01 3.812823e-01 -4.665000e-01 -2.900000e-02 -2.693768e-01 3.814767e-01
-6.700000e-02 -2.950000e-02 -2.813352e-01 3.700695e-01 -6.650000e-02 -2.900000e-02 -2.814131e-01 3.702313e-01
-6.650000e-02 -2.900000e-02 -2.814131e-01 3.702313e-01 -6.550000e-02 -2.900000e-02 -2.812699e-01 3.699335e-01
-6.550000e-02 -2.900000e-02 -2.812699e-01 3.699335e-01 -6.500000e-02 -2.850000e-02 -2.813466e-01 3.700940e-01
-4.675000e-01 -2.800000e-02 -2.692211e-01 3.818633e-01 -4.680000e-01 -2.750000e-02 -2.691435e-01 3.820554e-01
-4.670000e-01 -2.850000e-02 -2.692993e-01 3.816704e-01 -4.675000e-01 -2.800000e-02 -2.692211e-01 3.818633e-01
-6.500000e-02 -2.850000e-02 -2.813466e-01 3.700940e-01 -6.450000e-02 -2.800000e-02 -2.814239e-01 3.702536e-01
-6.450000e-02 -2.800000e-02 -2.814239e-01 3.702536e-01 -6.400000e-02 -2.750000e-02 -2.815006e-01 3.704125e-01
-4.695000e-01 -2.700000e-02 -2.691726e-01 3.819837e-01 -4.700000e-01 -2.650000e-02 -2.690954e-01 3.821735e-01
-4.695000e-01 -2.700000e-02 -2.691726e-01 3.819837e-01 -4.685000e-01 -2.700000e-02 -2.690651e-01 3.822467e-01
-4.680000e-01 -2.750000e-02 -2.691435e-01 3.820554e-01 -4.685000e-01 -2.700000e-02 -2.690651e-01 3.822467e-01
-6.400000e-02 -2.750000e-02 -2.815006e-01 3.704125e-01 -6.350000e-02 -2.700000e-02 -2.815779e-01 3.705706e-01
-6.350000e-02 -2.700000e-02 -2.815779e-01 3.705706e-01 -6.300000e-02 -2.650000e-02 -2.816546e-01 3.707279e-01
-4.705000e-01 -2.600000e-02 -2.690175e-01 3.823624e-01 -4.710000e-01 -2.550000e-02 -2.689402e-01 3.825507e-01
-4.700000e-01 -2.650000e-02 -2.690954e-01 3.821735e-01 -4.705000e-01 -2.600000e-02 -2.690175e-01 3.823624e-01
-6.300000e-02 -2.650000e-02 -2.816546e-01 3.707279e-01 -6.250000e-02 -2.600000e-02 -2.817319e-01 3.708844e-01
-6.250000e-02 -2.600000e-02 -2.817319e-01 3.708844e-01 -6.150000e-02 -2.600000e-02 -2.815830e-01 3.705821e-01
-6.150000e-02 -2.600000e-02 -2.815830e-01 3.705821e-01 -6.100000e-02 -2.550000e-02 -2.816590e-01 3.707373e-01
-4.715000e-01 -2.500000e-02 -2.688621e-01 3.827381e-01 -4.720000e-01 -2.450000e-02 -2.687847e-01 3.829248e-01
-4.710000e-01 -2.550000e-02 -2.689402e-01 3.825507e-01 -4.715000e-01 -2.500000e-02 -2.688621e-01 3.827381e-01
-6.100000e-02 -2.550000e-02 -2.816590e-01 3.707373e-01 -6.050000e-02 -2.500000e-02 -2.817356e-01 3.708916e-01
-6.050000e-02 -2.500000e-02 -2.817356e-01 3.708916e-01 -6.000000e-02 -2.450000e-02 -2.818116e-01 3.710452e-01
-4.725000e-01 -2.400000e-02 -2.687065e-01 3.831106e-01 -4.730000e-01 -2.350000e-02 -2.686290e-01 3.832957e-01
-4.720000e-01 -2.450000e-02 -2.687847e-01 3.829248e-01 -4.725000e-01 -2.400000e-02 -2.687065e-01 3.831106e-01
-6.000000e-02 -2.450000e-02 -2.818116e-01 3.710452e-01 -5.950000e-02 -2.400000e-02 -2.818883e-01 3.711980e-01
-5.950000e-02 -2.400000e-02 -2.818883e-01 3.711980e-01 -5.900000e-02 -2.350000e-02 -2.819642e-01 3.713501e-01
-4.735000e-01 -2.300000e-02 -2.685507e-01 3.834799e-01 -4.740000e-01 -2.250000e-02 -2.684731e-01 3.836634e-01
-4.730000e-01 -2.350000e-02 -2.686290e-01 3.832957e-01 -4.735000e-01 -2.300000e-02 -2.685507e-01 3.834799e-01
-5.900000e-02 -2.350000e-02 -2.819642e-01 3.713501e-01 -5.850000e-02 -2.300000e-02 -2.820408e-01 3.715013e-01
-5.850000e-02 -2.300000e-02 -2.820408e-01 3.715013e-01 -5.750000e-02 -2.300000e-02 -2.818859e-01 3.711945e-01
-5.750000e-02 -2.300000e-02 -2.818859e-01 3.711945e-01 -5.700000e-02 -2.250000e-02 -2.819612e-01 3.713445e-01
-4.755000e-01 -2.200000e-02 -2.685103e-01 3.835750e-01 -4.760000e-01 -2.150000e-02 -2.684333e-01 3.837562e-01
-4.755000e-01 -2.200000e-02 -2.685103e-01 3.835750e-01 -4.745000e-01 -2.200000e-02 -2.683947e-01 3.838461e-01
-4.740000e-01 -2.250000e-02 -2.684731e-01 3.836634e-01 -4.745000e-01 -2.200000e-02 -2.683947e-01 3.838461e-01
-5.700000e-02 -2.250000e-02 -2.819612e-01 3.713445e-01 -5.650000e-02 -2.200000e-02 -2.820370e-01 3.714935e-01
-5.650000e-02 -2.200000e-02 -2.820370e-01 3.714935e-01 -5.600000e-02 -2.150000e-02 -2.821122e-01 3.716419e-01
-4.765000e-01 -2.100000e-02 -2.683555e-01 3.839366e-01 -4.770000e-01 -2.050000e-02 -2.682784e-01 3.841162e-01
-4.760000e-01 -2.150000e-02 -2.684333e-01 3.837562e-01 -4.765000e-01 -2.100000e-02 -2.683555e-01 3.839366e-01
-5.600000e-02 -2.150000e-02 -2.821122e-01 3.716419e-01 -5.550000e-02 -2.100000e-02 -2.821879e-01 3.717893e-01
-5.550000e-02 -2.100000e-02 -2.821879e-01 3.717893e-01 -5.500000e-02 -2.050000e-02 -2.822630e-01 3.719361e-01
-4.775000e-01 -2.000000e-02 -2.682005e-01 3.842950e-01 -4.780000e-01 -1.950000e-02 -2.681234e-01 3.844730e-01
-4.770000e-01 -2.050000e-02 -2.682784e-01 3.841162e-01 -4.775000e-01 -2.000000e-02 -2.682005e-01 3.842950e-01
-5.500000e-02 -2.050000e-02 -2.822630e-01 3.719361e-01 -5.450000e-02 -2.000000e-02 -2.823387e-01 3.720820e-01
-5.450000e-02 -2.000000e-02 -2.823387e-01 3.720820e-01 -5.400000e-02 -1.950000e-02 -2.824137e-01 3.722273e-01
-4.785000e-01 -1.900000e-02 -2.680455e-01 3.846502e-01 -4.790000e-01 -1.850000e-02 -2.679683e-01 3.848267e-01
-4.780000e-01 -1.950000e-02 -2.681234e-01 3.844730e-01 -4.785000e-01 -1.900000e-02 -2.680455e-01 3.846502e-01
-5.400000e-02 -1.950000e-02 -2.824137e-01 3.722273e-01 -5.350000e-02 -1.900000e-02 -2.824893e-01 3.723717e-01
-5.350000e-02 -1.900000e-02 -2.824893e-01 3.723717e-01 -5.250000e-02 -1.900000e-02 -2.823269e-01 3.720595e-01
-5.250000e-02 -1.900000e-02 -2.823269e-01 3.720595e-01 -5.200000e-02 -1.850000e-02 -2.824011e-01 3.722027e-01
-4.795000e-01 -1.800000e-02 -2.678904e-01 3.850023e-01 -4.800000e-01 -1.750000e-02 -2.678131e-01 3.851772e-01
-4.790000e-01 -1.850000e-02 -2.679683e-01 3.848267e-01 -4.795000e-01 -1.800000e-02 -2.678904e-01 3.850023e-01
-5.200000e-02 -1.850000e-02 -2.824011e-01 3.722027e-01 -5.150000e-02 -1.800000e-02 -2.824759e-01 3.723449e-01
-5.150000e-02 -1.800000e-02 -2.824759e-01 3.723449e-01 -5.100000e-02 -1.750000e-02 -2.825499e-01 3.724865e-01
-4.815000e-01 -1.700000e-02 -2.678595e-01 3.850724e-01 -4.820000e-01 -1.650000e-02 -2.677829e-01 3.852451e-01
-4.815000e-01 -1.700000e-02 -2.678595e-01 3.850724e-01 -4.805000e-01 -1.700000e-02 -2.677352e-01 3.853512e-01
-4.800000e-01 -1.750000e-02 -2.678131e-01 3.851772e-01 -4.805000e-01 -1.700000e-02 -2.677352e-01 3.853512e-01
-5.100000e-02 -1.750000e-02 -2.825499e-01 3.724865e-01 -5.050000e-02 -1.700000e-02 -2.826246e-01 3.726271e-01
-5.050000e-02 -1.700000e-02 -2.826246e-01 3.726271e-01 -5.000000e-02 -1.650000e-02 -2.826985e-01 3.727672e-01
-4.825000e-01 -1.600000e-02 -2.677057e-01 3.854168e-01 -4.830000e-01 -1.550000e-02 -2.676291e-01 3.855878e-01
-4.820000e-01 -1.650000e-02 -2.677829e-01 3.852451e-01 -4.825000e-01 -1.600000e-02 -2.677057e-01 3.854168e-01
-5.000000e-02 -1.650000e-02 -2.826985e-01 3.727672e-01 -4.950000e-02 -1.600000e-02 -2.827731e-01 3.729063e-01
-4.950000e-02 -1.600000e-02 -2.827731e-01 3.729063e-01 -4.850000e-02 -1.600000e-02 -2.826044e-01 3.725900e-01
-4.850000e-02 -1.600000e-02 -2.826044e-01 3.725900e-01 -4.800000e-02 -1.550000e-02 -2.826775e-01 3.727280e-01
-4.835000e-01 -1.500000e-02 -2.675519e-01 3.857580e-01 -4.840000e-01 -1.450000e-02 -2.674754e-01 3.859275e-01
-4.830000e-01 -1.550000e-02 -2.676291e-01 3.855878e-01 -4.835000e-01 -1.500000e-02 -2.675519e-01 3.857580e-01
-4.800000e-02 -1.550000e-02 -2.826775e-01 3.727280e-01 -4.750000e-02 -1.500000e-02 -2.827511e-01 3.728649e-01
-4.750000e-02 -1.500000e-02 -2.827511e-01 3.728649e-01 -4.700000e-02 -1.450000e-02 -2.828240e-01 3.730013e-01
-4.845000e-01 -1.400000e-02 -2.673982e-01 3.860960e-01 -4.850000e-01 -1.350000e-02 -2.673217e-01 3.862639e-01
-4.840000e-01 -1.450000e-02 -2.674754e-01 3.859275e-01 -4.845000e-01 -1.400000e-02 -2.673982e-01 3.860960e-01
-4.700000e-02 -1.450000e-02 -2.828240e-01 3.730013e-01 -4.650000e-02 -1.400000e-02 -2.828975e-01 3.731368e-01
-4.650000e-02 -1.400000e-02 -2.828975e-01 3.731368e-01 -4.600000e-02 -1.350000e-02 -2.829702e-01 3.732716e-01
-4.855000e-01 -1.300000e-02 -2.672445e-01 3.864308e-01 -4.860000e-01 -1.250000e-02 -2.671681e-01 3.865971e-01
-4.850000e-01 -1.350000e-02 -2.673217e-01 3.862639e-01 -4.855000e-01 -1.300000e-02 -2.672445e-01 3.864308e-01
-4.600000e-02 -1.350000e-02 -2.829702e-01 3.732716e-01 -4.550000e-02 -1.300000e-02 -2.830435e-01 3.734055e-01
-4.550000e-02 -1.300000e-02 -2.830435e-01 3.734055e-01 -4.500000e-02 -1.250000e-02 -2.831160e-01 3.735388e-01
-4.865000e-01 -1.200000e-02 -2.670910e-01 3.867625e-01 -4.870000e-01 -1.150000e-02 -2.670146e-01 3.869272e-01
-4.860000e-01 -1.250000e-02 -2.671681e-01 3.865971e-01 -4.865000e-01 -1.200000e-02 -2.670910e-01 3.867625e-01
-4.500000e-02 -1.250000e-02 -2.831160e-01 3.735388e-01 -4.450000e-02 -1.200000e-02 -2.831891e-01 3.736712e-01
-4.450000e-02 -1.200000e-02 -2.831891e-01 3.736712e-01 -4.350000e-02 -1.200000e-02 -2.830125e-01 3.733499e-01
-4.350000e-02 -1.200000e-02 -2.830125e-01 3.733499e-01 -4.300000e-02 -1.150000e-02 -2.830841e-01 3.734811e-01
-4.875000e-01 -1.100000e-02 -2.669375e-01 3.870910e-01 -4.880000e-01 -1.050000e-02 -2.668612e-01 3.872542e-01
-4.870000e-01 -1.150000e-02 -2.670146e-01 3.869272e-01 -4.875000e-01 -1.100000e-02 -2.669375e-01 3.870910e-01
-4.300000e-02 -1.150000e-02 -2.830841e-01 3.734811e-01 -4.250000e-02 -1.100000e-02 -2.831562e-01 3.736114e-01
-4.250000e-02 -1.100000e-02 -2.831562e-01 3.736114e-01 -4.200000e-02 -1.050000e-02 -2.832276e-01 3.737410e-01
-4.895000e-01 -1.000000e-02 -2.669206e-01 3.871276e-01 -4.900000e-01 -9.500000e-03 -2.668451e-01 3.872884e-01
-4.895000e-01 -1.000000e-02 -2.669206e-01 3.871276e-01 -4.885000e-01 -1.000000e-02 -2.667842e-01 3.874164e-01
-4.880000e-01 -1.050000e-02 -2.668612e-01 3.872542e-01 -4.885000e-01 -1.000000e-02 -2.667842e-01 3.874164e-01
-4.200000e-02 -1.050000e-02 -2.832276e-01 3.737410e-01 -4.150000e-02 -1.000000e-02 -2.832995e-01 3.738698e-01
-4.150000e-02 -1.000000e-02 -2.832995e-01 3.738698e-01 -4.100000e-02 -9.500000e-03 -2.833707e-01 3.739980e-01
-4.905000e-01 -9.000000e-03 -2.667690e-01 3.874484e-01 -4.910000e-01 -8.500000e-03 -2.666936e-01 3.876077e-01
-4.900000e-01 -9.500000e-03 -2.668451e-01 3.872884e-01 -4.905000e-01 -9.000000e-03 -2.667690e-01 3.874484e-01
-4.100000e-02 -9.500000e-03 -2.833707e-01 3.739980e-01 -4.050000e-02 -9.000000e-03 -2.834424e-01 3.741251e-01
-4.050000e-02 -9.000000e-03 -2.834424e-01 3.741251e-01 -4.000000e-02 -8.500000e-03 -2.835133e-01 3.742518e-01
-4.915000e-01 -8.000000e-03 -2.666176e-01 3.877661e-01 -4.920000e-01 -7.500000e-03 -2.665424e-01 3.879238e-01
-4.910000e-01 -8.500000e-03 -2.666936e-01 3.876077e-01 -4.915000e-01 -8.000000e-03 -2.666176e-01 3.877661e-01
-4.000000e-02 -8.500000e-03 -2.835133e-01 3.742518e-01 -3.950000e-02 -8.000000e-03 -2.835847e-01 3.743774e-01
-3.950000e-02 -8.000000e-03 -2.835847e-01 3.743774e-01 -3.900000e-02 -7.500000e-03 -2.836554e-01 3.745026e-01
-4.925000e-01 -7.000000e-03 -2.664665e-01 3.880806e-01 -4.930000e-01 -6.500000e-03 -2.663913e-01 3.882368e-01
-4.920000e-01 -7.500000e-03 -2.665424e-01 3.879238e-01 -4.925000e-01 -7.000000e-03 -2.664665e-01 3.880806e-01
-3.900000e-02 -7.500000e-03 -2.836554e-01 3.745026e-01 -3.850000e-02 -7.000000e-03 -2.837266e-01 3.746267e-01
-3.850000e-02 -7.000000e-03 -2.837266e-01 3.746267e-01 -3.750000e-02 -7.000000e-03 -2.835402e-01 3.742994e-01
-3.750000e-02 -7.000000e-03 -2.835402e-01 3.742994e-01 -3.700000e-02 -6.500000e-03 -2.836098e-01 3.744225e-01
-4.935000e-01 -6.000000e-03 -2.663156e-01 3.883920e-01 -4.940000e-01 -5.500000e-03 -2.662406e-01 3.885465e-01
-4.930000e-01 -6.500000e-03 -2.663913e-01 3.882368e-01 -4.935000e-01 -6.000000e-03 -2.663156e-01 3.883920e-01
-3.700000e-02 -6.500000e-03 -2.836098e-01 3.744225e-01 -3.650000e-02 -6.000000e-03 -2.836799e-01 3.745446e-01
-3.650000e-02 -6.000000e-03 -2.836799e-01 3.745446e-01 -3.600000e-02 -5.500000e-03 -2.837492e-01 3.746661e-01
-4.945000e-01 -5.000000e-03 -2.661650e-01 3.887002e-01 -4.950000e-01 -4.500000e-03 -2.660901e-01 3.888532e-01
-4.940000e-01 -5.500000e-03 -2.662406e-01 3.885465e-01 -4.945000e-01 -5.000000e-03 -2.661650e-01 3.887002e-01
-3.600000e-02 -5.500000e-03 -2.837492e-01 3.746661e-01 -3.550000e-02 -5.000000e-03 -2.838191e-01 3.747867e-01
-3.550000e-02 -5.000000e-03 -2.838191e-01 3.747867e-01 -3.500000e-02 -4.500000e-03 -2.838881e-01 3.749067e-01
-4.955000e-01 -4.000000e-03 -2.660147e-01 3.890053e-01 -4.960000e-01 -3.500000e-03 -2.659400e-01 3.891567e-01
-4.950000e-01 -4.500000e-03 -2.660901e-01 3.888532e-01 -4.955000e-01 -4.000000e-03 -2.660147e-01 3.890053e-01
-3.500000e-02 -4.500000e-03 -2.838881e-01 3.749067e-01 -3.450000e-02 -4.000000e-03 -2.839577e-01 3.750258e-01
-3.450000e-02 -4.000000e-03 -2.839577e-01 3.750258e-01 -3.400000e-02 -3.500000e-03 -2.840265e-01 3.751443e-01
-4.965000e-01 -3.000000e-03 -2.658647e-01 3.893071e-01 -4.970000e-01 -2.500000e-03 -2.657902e-01 3.894570e-01
-4.960000e-01 -3.500000e-03 -2.659400e-01 3.891567e-01 -4.965000e-01 -3.000000e-03 -2.658647e-01 3.893071e-01
-3.400000e-02 -3.500000e-03 -2.840265e-01 3.751443e-01 -3.350000e-02 -3.000000e-03 -2.840957e-01 3.752618e-01
-3.350000e-02 -3.000000e-03 -2.840957e-01 3.752618e-01 -3.300000e-02 -2.500000e-03 -2.841642e-01 3.753788e-01
-4.975000e-01 -2.000000e-03 -2.657151e-01 3.896059e-01 -4.980000e-01 -1.500000e-03 -2.656409e-01 3.897541e-01
-4.970000e-01 -2.500000e-03 -2.657902e-01 3.894570e-01 -4.975000e-01 -2.000000e-03 -2.657151e-01 3.896059e-01
-3.300000e-02 -2.500000e-03 -2.841642e-01 3.753788e-01 -3.250000e-02 -2.000000e-03 -2.842331e-01 3.754948e-01
-3.250000e-02 -2.000000e-03 -2.842331e-01 3.754948e-01 -3.200000e-02 -1.500000e-03 -2.843013e-01 3.756103e-01
-4.985000e-01 -1.000000e-03 -2.655659e-01 3.899014e-01 -4.990000e-01 -5.000000e-04 -2.654919e-01 3.900481e-01
-4.980000e-01 -1.500000e-03 -2.656409e-01 3.897541e-01 -4.985000e-01 -1.000000e-03 -2.655659e-01 3.899014e-01
-3.200000e-02 -1.500000e-03 -2.843013e-01 3.756103e-01 -3.150000e-02 -1.000000e-03 -2.843699e-01 3.757248e-01
-3.150000e-02 -1.000000e-03 -2.843699e-01 3.757248e-01 -3.050000e-02 -1.000000e-03 -2.841716e-01 3.753909e-01
-3.050000e-02 -1.000000e-03 -2.841716e-01 3.753909e-01 -3.000000e-02 -5.000000e-04 -2.842385e-01 3.755044e-01
-4.995000e-01 -1.387779e-17 -2.654172e-01 3.901938e-01 -5.000000e-01 5.000000e-04 -2.653433e-01 3.903389e-01
-4.990000e-01 -5.000000e-04 -2.654919e-01 3.900481e-01 -4.995000e-01 -1.387779e-17 -2.654172e-01 3.901938e-01
-3.000000e-02 -5.000000e-04 -2.842385e-01 3.755044e-01 -2.950000e-02 -1.387779e-17 -2.843060e-01 3.756169e-01
-2.950000e-02 -1.387779e-17 -2.843060e-01 3.756169e-01 -2.900000e-02 5.000000e-04 -2.843726e-01 3.757289e-01
-5.005000e-01 1.000000e-03 -2.652688e-01 3.904831e-01 -5.010000e-01 1.500000e-03 -2.651952e-01 3.906266e-01
-5.000000e-01 5.000000e-04 -2.653433e-01 3.903389e-01 -5.005000e-01 1.000000e-03 -2.652688e-01 3.904831e-01
-2.900000e-02 5.000000e-04 -2.843726e-01 3.757289e-01 -2.850000e-02 1.000000e-03 -2.844397e-01 3.758399e-01
-2.850000e-02 1.000000e-03 -2.844397e-01 3.758399e-01 -2.800000e-02 1.500000e-03 -2.845059e-01 3.759504e-01
-5.015000e-01 2.000000e-03 -2.651209e-01 3.907692e-01 -5.020000e-01 2.500000e-03 -2.650476e-01 3.909112e-01
-5.010000e-01 1.500000e-03 -2.651952e-01 3.906266e-01 -5.015000e-01 2.000000e-03 -2.651209e-01 3.907692e-01
-2.800000e-02 1.500000e-03 -2.845059e-01 3.759504e-01 -2.750000e-02 2.000000e-03 -2.845726e-01 3.760599e-01
-2.750000e-02 2.000000e-03 -2.845726e-01 3.760599e-01 -2.700000e-02 2.500000e-03 -2.846385e-01 3.761688e-01
-5.025000e-01 3.000000e-03 -2.649736e-01 3.910522e-01 -5.030000e-01 3.500000e-03 -2.649004e-01 3.911925e-01
-5.020000e-01 2.500000e-03 -2.650476e-01 3.909112e-01 -5.025000e-01 3.000000e-03 -2.649736e-01 3.910522e-01
-2.700000e-02 2.500000e-03 -2.846385e-01 3.761688e-01 -2.650000e-02 3.000000e-03 -2.847048e-01 3.762768e-01
-2.650000e-02 3.000000e-03 -2.847048e-01 3.762768e-01 -2.600000e-02 3.500000e-03 -2.847703e-01 3.763843e-01
-5.035000e-01 4.000000e-03 -2.648267e-01 3.913320e-01 -5.040000e-01 4.500000e-03 -2.647538e-01 3.914708e-01
-5.030000e-01 3.500000e-03 -2.649004e-01 3.911925e-01 -5.035000e-01 4.000000e-03 -2.648267e-01 3.913320e-01
-2.600000e-02 3.500000e-03 -2.847703e-01 3.763843e-01 -2.550000e-02 4.000000e-03 -2.848363e-01 3.764909e-01
-2.550000e-02 4.000000e-03 -2.848363e-01 3.764909e-01 -2.500000e-02 4.500000e-03 -2.849014e-01 3.765969e-01
-5.055000e-01 5.000000e-03 -2.648433e-01 3.913006e-01 -5.060000e-01 5.500000e-03 -2.647715e-01 3.914372e-01
-5.055000e-01 5.000000e-03 -2.648433e-01 3.913006e-01 -5.045000e-01 5.000000e-03 -2.646804e-01 3.916086e-01
-5.040000e-01 4.500000e-03 -2.647538e-01 3.914708e-01 -5.045000e-01 5.000000e-03 -2.646804e-01 3.916086e-01
-2.500000e-02 4.500000e-03 -2.849014e-01 3.765969e-01 -2.450000e-02 5.000000e-03 -2.849670e-01 3.767019e-01
-2.450000e-02 5.000000e-03 -2.849670e-01 3.767019e-01 -2.400000e-02 5.500000e-03 -2.850317e-01 3.768064e-01
-5.065000e-01 6.000000e-03 -2.646992e-01 3.915729e-01 -5.070000e-01 6.500000e-03 -2.646278e-01 3.917080e-01
-5.060000e-01 5.500000e-03 -2.647715e-01 3.914372e-01 -5.065000e-01 6.000000e-03 -2.646992e-01 3.915729e-01
-2.400000e-02 5.500000e-03 -2.850317e-01 3.768064e-01 -2.350000e-02 6.000000e-03 -2.850968e-01 3.769099e-01
-2.350000e-02 6.000000e-03 -2.850968e-01 3.769099e-01 -2.250000e-02 6.000000e-03 -2.848844e-01 3.765689e-01
-2.250000e-02 6.000000e-03 -2.848844e-01 3.765689e-01 -2.200000e-02 6.500000e-03 -2.849477e-01 3.766715e-01
-5.075000e-01 7.000000e-03 -2.645558e-01 3.918421e-01 -5.080000e-01 7.500000e-03 -2.644847e-01 3.919756e-01
-5.070000e-01 6.500000e-03 -2.646278e-01 3.917080e-01 -5.075000e-01 7.000000e-03 -2.645558e-01 3.918421e-01
-2.200000e-02 6.500000e-03 -2.849477e-01 3.766715e-01 -2.150000e-02 7.000000e-03 -2.850116e-01 3.767731e-01
-2.150000e-02 7.000000e-03 -2.850116e-01 3.767731e-01 -2.100000e-02 7.500000e-03 -2.850745e-01 3.768742e-01
-5.085000e-01 8.000000e-03 -2.644131e-01 3.921082e-01 -5.090000e-01 8.500000e-03 -2.643423e-01 3.922402e-01
-5.080000e-01 7.500000e-03 -2.644847e-01 3.919756e-01 -5.085000e-01 8.000000e-03 -2.644131e-01 3.921082e-01
-2.100000e-02 7.500000e-03 -2.850745e-01 3.768742e-01 -2.050000e-02 8.000000e-03 -2.851379e-01 3.769743e-01
-2.050000e-02 8.000000e-03 -2.851379e-01 3.769743e-01 -2.000000e-02 8.500000e-03 -2.852004e-01 3.770739e-01
-5.095000e-01 9.000000e-03 -2.642710e-01 3.923712e-01 -5.100000e-01 9.500000e-03 -2.642005e-01 3.925016e-01
-5.090000e-01 8.500000e-03 -2.643423e-01 3.922402e-01 -5.095000e-01 9.000000e-03 -2.642710e-01 3.923712e-01
-2.000000e-02 8.500000e-03 -2.852004e-01 3.770739e-01 -1.950000e-02 9.000000e-03 -2.852634e-01 3.771725e-01
-1.950000e-02 9.000000e-03 -2.852634e-01 3.771725e-01 -1.900000e-02 9.500000e-03 -2.853254e-01 3.772707e-01
-5.105000e-01 1.000000e-02 -2.641296e-01 3.926310e-01 -5.110000e-01 1.050000e-02 -2.640595e-01 3.927599e-01
-5.100000e-01 9.500000e-03 -2.642005e-01 3.925016e-01 -5.105000e-01 1.000000e-02 -2.641296e-01 3.926310e-01
-1.900000e-02 9.500000e-03 -2.853254e-01 3.772707e-01 -1.850000e-02 1.000000e-02 -2.853879e-01 3.773678e-01
-1.850000e-02 1.000000e-02 -2.853879e-01 3.773678e-01 -1.800000e-02 1.050000e-02 -2.854495e-01 3.774645e-01
-5.115000e-01 1.100000e-02 -2.639888e-01 3.928877e-01 -5.120000e-01 1.150000e-02 -2.639191e-01 3.930151e-01
-5.110000e-01 1.050000e-02 -2.640595e-01 3.927599e-01 -5.115000e-01 1.100000e-02 -2.639888e-01 3.928877e-01
-1.800000e-02 1.050000e-02 -2.854495e-01 3.774645e-01 -1.750000e-02 1.100000e-02 -2.855115e-01 3.775602e-01
-1.750000e-02 1.100000e-02 -2.855115e-01 3.775602e-01 -1.700000e-02 1.150000e-02 -2.855726e-01 3.776554e-01
-5.125000e-01 1.200000e-02 -2.638489e-01 3.931414e-01 -5.130000e-01 1.250000e-02 -2.637795e-01 3.932671e-01
-5.120000e-01 1.150000e-02 -2.639191e-01 3.930151e-01 -5.125000e-01 1.200000e-02 -2.638489e-01 3.931414e-01
-1.700000e-02 1.150000e-02 -2.855726e-01 3.776554e-01 -1.650000e-02 1.200000e-02 -2.856342e-01 3.777496e-01
-1.650000e-02 1.200000e-02 -2.856342e-01 3.777496e-01 -1.600000e-02 1.250000e-02 -2.856947e-01 3.778434e-01
-5.135000e-01 1.300000e-02 -2.637096e-01 3.933919e-01 -5.140000e-01 1.350000e-02 -2.636407e-01 3.935161e-01
-5.130000e-01 1.250000e-02 -2.637795e-01 3.932671e-01 -5.135000e-01 1.300000e-02 -2.637096e-01 3.933919e-01
-1.600000e-02 1.250000e-02 -2.856947e-01 3.778434e-01 -1.550000e-02 1.300000e-02 -2.857558e-01 3.779361e-01
-1.550000e-02 1.300000e-02 -2.857558e-01 3.779361e-01 -1.500000e-02 1.350000e-02 -2.858159e-01 3.780285e-01
-5.145000e-01 1.400000e-02 -2.635712e-01 3.936393e-01 -5.150000e-01 1.450000e-02 -2.635026e-01 3.937619e-01
-5.140000e-01 1.350000e-02 -2.636407e-01 3.935161e-01 -5.145000e-01 1.400000e-02 -2.635712e-01 3.936393e-01
-1.500000e-02 1.350000e-02 -2.858159e-01 3.780285e-01 -1.450000e-02 1.400000e-02 -2.858764e-01 3.781198e-01
-1.450000e-02 1.400000e-02 -2.858764e-01 3.781198e-01 -1.400000e-02 1.450000e-02 -2.859361e-01 3.782106e-01
-5.155000e-01 1.500000e-02 -2.634336e-01 3.938836e-01 -5.160000e-01 1.550000e-02 -2.633654e-01 3.940047e-01
-5.150000e-01 1.450000e-02 -2.635026e-01 3.937619e-01 -5.155000e-01 1.500000e-02 -2.634336e-01 3.938836e-01
-1.400000e-02 1.450000e-02 -2.859361e-01 3.782106e-01 -1.350000e-02 1.500000e-02 -2.859960e-01 3.783004e-01
-1.350000e-02 1.500000e-02 -2.859960e-01 3.783004e-01 -1.300000e-02 1.550000e-02 -2.860551e-01 3.783899e-01
-5.165000e-01 1.600000e-02 -2.632968e-01 3.941248e-01 -5.170000e-01 1.650000e-02 -2.632291e-01 3.942443e-01
-5.160000e-01 1.550000e-02 -2.633654e-01 3.940047e-01 -5.165000e-01 1.600000e-02 -2.632968e-01 3.941248e-01
-1.300000e-02 1.550000e-02 -2.860551e-01 3.783899e-01 -1.250000e-02 1.600000e-02 -2.861146e-01 3.784783e-01
-1.250000e-02 1.600000e-02 -2.861146e-01 3.784783e-01 -1.150000e-02 1.600000e-02 -2.858818e-01 3.781283e-01
-1.150000e-02 1.600000e-02 -2.858818e-01 3.781283e-01 -1.100000e-02 1.650000e-02 -2.859394e-01 3.782159e-01
-5.170000e-01 1.650000e-02 -2.632291e-01 3.942443e-01 -5.170000e-01 1.750000e-02 -2.629077e-01 3.948028e-01
-1.100000e-02 1.650000e-02 -2.859394e-01 3.782159e-01 -1.050000e-02 1.700000e-02 -2.859974e-01 3.783024e-01
-1.050000e-02 1.700000e-02 -2.859974e-01 3.783024e-01 -1.000000e-02 1.750000e-02 -2.860544e-01 3.783886e-01
-5.175000e-01 1.800000e-02 -2.628390e-01 3.949203e-01 -5.180000e-01 1.850000e-02 -2.627712e-01 3.950373e-01
-5.170000e-01 1.750000e-02 -2.629077e-01 3.948028e-01 -5.175000e-01 1.800000e-02 -2.628390e-01 3.949203e-01
-1.000000e-02 1.750000e-02 -2.860544e-01 3.783886e-01 -9.500000e-03 1.800000e-02 -2.861119e-01 3.784737e-01
-9.500000e-03 1.800000e-02 -2.861119e-01 3.784737e-01 -9.000000e-03 1.850000e-02 -2.861683e-01 3.785584e-01
-5.185000e-01 1.900000e-02 -2.627029e-01 3.951532e-01 -5.190000e-01 1.950000e-02 -2.626356e-01 3.952687e-01
-5.180000e-01 1.850000e-02 -2.627712e-01 3.950373e-01 -5.185000e-01 1.900000e-02 -2.627029e-01 3.951532e-01
-9.000000e-03 1.850000e-02 -2.861683e-01 3.785584e-01 -8.500000e-03 1.900000e-02 -2.862252e-01 3.786420e-01
-8.500000e-03 1.900000e-02 -2.862252e-01 3.786420e-01 -8.000000e-03 1.950000e-02 -2.862811e-01 3.787253e-01
-5.195000e-01 2.000000e-02 -2.625678e-01 3.953831e-01 -5.200000e-01 2.050000e-02 -2.625010e-01 3.954970e-01
-5.190000e-01 1.950000e-02 -2.626356e-01 3.952687e-01 -5.195000e-01 2.000000e-02 -2.625678e-01 3.953831e-01
-8.000000e-03 1.950000e-02 -2.862811e-01 3.787253e-01 -7.500000e-03 2.000000e-02 -2.863374e-01 3.788075e-01
-7.500000e-03 2.000000e-02 -2.863374e-01 3.788075e-01 -7.000000e-03 2.050000e-02 -2.863927e-01 3.788894e-01
-5.205000e-01 2.100000e-02 -2.624336e-01 3.956099e-01 -5.210000e-01 2.150000e-02 -2.623672e-01 3.957223e-01
-5.200000e-01 2.050000e-02 -2.625010e-01 3.954970e-01 -5.205000e-01 2.100000e-02 -2.624336e-01 3.956099e-01
-7.000000e-03 2.050000e-02 -2.863927e-01 3.788894e-01 -6.500000e-03 2.100000e-02 -2.864484e-01 3.789702e-01
-6.500000e-03 2.100000e-02 -2.864484e-01 3.789702e-01 -6.000000e-03 2.150000e-02 -2.865032e-01 3.790506e-01
-5.215000e-01 2.200000e-02 -2.623004e-01 3.958336e-01 -5.220000e-01 2.250000e-02 -2.622345e-01 3.959445e-01
-5.210000e-01 2.150000e-02 -2.623672e-01 3.957223e-01 -5.215000e-01 2.200000e-02 -2.623004e-01 3.958336e-01
-6.000000e-03 2.150000e-02 -2.865032e-01 3.790506e-01 -5.500000e-03 2.200000e-02 -2.865583e-01 3.791300e-01
-5.500000e-03 2.200000e-02 -2.865583e-01 3.791300e-01 -5.000000e-03 2.250000e-02 -2.866124e-01 3.792090e-01
-5.225000e-01 2.300000e-02 -2.621681e-01 3.960543e-01 -5.230000e-01 2.350000e-02 -2.621028e-01 3.961636e-01
-5.220000e-01 2.250000e-02 -2.622345e-01 3.959445e-01 -5.225000e-01 2.300000e-02 -2.621681e-01 3.960543e-01
-5.000000e-03 2.250000e-02 -2.866124e-01 3.792090e-01 -4.500000e-03 2.300000e-02 -2.866669e-01 3.792870e-01
-4.500000e-03 2.300000e-02 -2.866669e-01 3.792870e-01 -4.000000e-03 2.350000e-02 -2.867204e-01 3.793646e-01
-5.235000e-01 2.400000e-02 -2.620370e-01 3.962719e-01 -5.240000e-01 2.450000e-02 -2.619721e-01 3.963796e-01
-5.230000e-01 2.350000e-02 -2.621028e-01 3.961636e-01 -5.235000e-01 2.400000e-02 -2.620370e-01 3.962719e-01
-4.000000e-03 2.350000e-02 -2.867204e-01 3.793646e-01 -3.500000e-03 2.400000e-02 -2.867742e-01 3.794412e-01
-3.500000e-03 2.400000e-02 -2.867742e-01 3.794412e-01 -3.000000e-03 2.450000e-02 -2.868271e-01 3.795174e-01
-5.245000e-01 2.500000e-02 -2.619068e-01 3.964864e-01 -5.250000e-01 2.550000e-02 -2.618425e-01 3.965927e-01
-5.240000e-01 2.450000e-02 -2.619721e-01 3.963796e-01 -5.245000e-01 2.500000e-02 -2.619068e-01 3.964864e-01
-3.000000e-03 2.450000e-02 -2.868271e-01 3.795174e-01 -2.500000e-03 2.500000e-02 -2.868803e-01 3.795925e-01
-2.500000e-03 2.500000e-02 -2.868803e-01 3.795925e-01 -2.000000e-03 2.550000e-02 -2.869326e-01 3.796673e-01
-5.255000e-01 2.600000e-02 -2.617777e-01 3.966979e-01 -5.260000e-01 2.650000e-02 -2.617140e-01 3.968026e-01
-5.250000e-01 2.550000e-02 -2.618425e-01 3.965927e-01 -5.255000e-01 2.600000e-02 -2.617777e-01 3.966979e-01
-2.000000e-03 2.550000e-02 -2.869326e-01 3.796673e-01 -1.500000e-03 2.600000e-02 -2.869851e-01 3.797410e-01
-1.500000e-03 2.600000e-02 -2.869851e-01 3.797410e-01 -1.000000e-03 2.650000e-02 -2.870367e-01 3.798145e-01
-5.265000e-01 2.700000e-02 -2.616497e-01 3.969063e-01 -5.270000e-01 2.750000e-02 -2.615866e-01 3.970095e-01
-5.260000e-01 2.650000e-02 -2.617140e-01 3.968026e-01 -5.265000e-01 2.700000e-02 -2.616497e-01 3.969063e-01
-1.000000e-03 2.650000e-02 -2.870367e-01 3.798145e-01 -5.000000e-04 2.700000e-02 -2.870887e-01 3.798868e-01
-5.000000e-04 2.700000e-02 -2.870887e-01 3.798868e-01 2.081668e-17 2.750000e-02 -2.871396e-01 3.799588e-01
-5.275000e-01 2.800000e-02 -2.615229e-01 3.971117e-01 -5.280000e-01 2.850000e-02 -2.614603e-01 3.972134e-01
-5.270000e-01 2.750000e-02 -2.615866e-01 3.970095e-01 -5.275000e-01 2.800000e-02 -2.615229e-01 3.971117e-01
2.081668e-17 2.750000e-02 -2.871396e-01 3.799588e-01 5.000000e-04 2.800000e-02 -2.871909e-01 3.800297e-01
5.000000e-04 2.800000e-02 -2.871909e-01 3.800297e-01 1.000000e-03 2.850000e-02 -2.872411e-01 3.801003e-01
-5.285000e-01 2.900000e-02 -2.613972e-01 3.973141e-01 -5.290000e-01 2.950000e-02 -2.613352e-01 3.974143e-01
-5.280000e-01 2.850000e-02 -2.614603e-01 3.972134e-01 -5.285000e-01 2.900000e-02 -2.613972e-01 3.973141e-01
1.000000e-03 2.850000e-02 -2.872411e-01 3.801003e-01 1.500000e-03 2.900000e-02 -2.872917e-01 3.801699e-01
1.500000e-03 2.900000e-02 -2.872917e-01 3.801699e-01 2.000000e-03 2.950000e-02 -2.873413e-01 3.802392e-01
-5.295000e-01 3.000000e-02 -2.612727e-01 3.975134e-01 -5.300000e-01 3.050000e-02 -2.612112e-01 3.976121e-01
-5.290000e-01 2.950000e-02 -2.613352e-01 3.974143e-01 -5.295000e-01 3.000000e-02 -2.612727e-01 3.975134e-01
2.000000e-03 2.950000e-02 -2.873413e-01 3.802392e-01 2.500000e-03 3.000000e-02 -2.873912e-01 3.803073e-01
2.500000e-03 3.000000e-02 -2.873912e-01 3.803073e-01 3.000000e-03 3.050000e-02 -2.874400e-01 3.803752e-01
-5.305000e-01 3.100000e-02 -2.611494e-01 3.977097e-01 -5.310000e-01 3.150000e-02 -2.610885e-01 3.978069e-01
-5.300000e-01 3.050000e-02 -2.612112e-01 3.976121e-01 -5.305000e-01 3.100000e-02 -2.611494e-01 3.977097e-01
3.000000e-03 3.050000e-02 -2.874400e-01 3.803752e-01 3.500000e-03 3.100000e-02 -2.874892e-01 3.804420e-01
3.500000e-03 3.100000e-02 -2.874892e-01 3.804420e-01 4.000000e-03 3.150000e-02 -2.875374e-01 3.805085e-01
-5.315000e-01 3.200000e-02 -2.610273e-01 3.979031e-01 -5.320000e-01 3.250000e-02 -2.609671e-01 3.979988e-01
-5.310000e-01 3.150000e-02 -2.610885e-01 3.978069e-01 -5.315000e-01 3.200000e-02 -2.610273e-01 3.979031e-01
4.000000e-03 3.150000e-02 -2.875374e-01 3.805085e-01 4.500000e-03 3.200000e-02 -2.875859e-01 3.805739e-01
4.500000e-03 3.200000e-02 -2.875859e-01 3.805739e-01 5.000000e-03 3.250000e-02 -2.876333e-01 3.806390e-01
-5.325000e-01 3.300000e-02 -2.609064e-01 3.980934e-01 -5.330000e-01 3.350000e-02 -2.608468e-01 3.981876e-01
-5.320000e-01 3.250000e-02 -2.609671e-01 3.979988e-01 -5.325000e-01 3.300000e-02 -2.609064e-01 3.980934e-01
5.000000e-03 3.250000e-02 -2.876333e-01 3.806390e-01 5.500000e-03 3.300000e-02 -2.876811e-01 3.807031e-01
5.500000e-03 3.300000e-02 -2.876811e-01 3.807031e-01 6.000000e-03 3.350000e-02 -2.877278e-01 3.807669e-01
-5.330000e-01 3.350000e-02 -2.608468e-01 3.981876e-01 -5.330000e-01 3.450000e-02 -2.605097e-01 3.987110e-01
6.000000e-03 3.350000e-02 -2.877278e-01 3.807669e-01 6.500000e-03 3.400000e-02 -2.877749e-01 3.808296e-01
6.500000e-03 3.400000e-02 -2.877749e-01 3.808296e-01 7.000000e-03 3.450000e-02 -2.878208e-01 3.808920e-01
-5.335000e-01 3.500000e-02 -2.604493e-01 3.988030e-01 -5.340000e-01 3.550000e-02 -2.603900e-01 3.988946e-01
-5.330000e-01 3.450000e-02 -2.605097e-01 3.987110e-01 -5.335000e-01 3.500000e-02 -2.604493e-01 3.988030e-01
7.000000e-03 3.450000e-02 -2.878208e-01 3.808920e-01 7.500000e-03 3.500000e-02 -2.878671e-01 3.809533e-01
7.500000e-03 3.500000e-02 -2.878671e-01 3.809533e-01 8.000000e-03 3.550000e-02 -2.879124e-01 3.810144e-01
-5.345000e-01 3.600000e-02 -2.603303e-01 3.989852e-01 -5.350000e-01 3.650000e-02 -2.602716e-01 3.990753e-01
-5.340000e-01 3.550000e-02 -2.603900e-01 3.988946e-01 -5.345000e-01 3.600000e-02 -2.603303e-01 3.989852e-01
8.000000e-03 3.550000e-02 -2.879124e-01 3.810144e-01 8.500000e-03 3.600000e-02 -2.879579e-01 3.810744e-01
8.500000e-03 3.600000e-02 -2.879579e-01 3.810744e-01 9.000000e-03 3.650000e-02 -2.880024e-01 3.811341e-01
-5.355000e-01 3.700000e-02 -2.602125e-01 3.991644e-01 -5.360000e-01 3.750000e-02 -2.601545e-01 3.992530e-01
-5.350000e-01 3.650000e-02 -2.602716e-01 3.990753e-01 -5.355000e-01 3.700000e-02 -2.602125e-01 3.991644e-01
9.000000e-03 3.650000e-02 -2.880024e-01 3.811341e-01 9.500000e-03 3.700000e-02 -2.880471e-01 3.811927e-01
9.500000e-03 3.700000e-02 -2.880471e-01 3.811927e-01 1.000000e-02 3.750000e-02 -2.880909e-01 3.812511e-01
-5.365000e-01 3.800000e-02 -2.600961e-01 3.993406e-01 -5.370000e-01 3.850000e-02 -2.600388e-01 3.994278e-01
-5.360000e-01 3.750000e-02 -2.601545e-01 3.992530e-01 -5.365000e-01 3.800000e-02 -2.600961e-01 3.993406e-01
1.000000e-02 3.750000e-02 -2.880909e-01 3.812511e-01 1.050000e-02 3.800000e-02 -2.881348e-01 3.813084e-01
1.050000e-02 3.800000e-02 -2.881348e-01 3.813084e-01 1.100000e-02 3.850000e-02 -2.881778e-01 3.813655e-01
-5.375000e-01 3.900000e-02 -2.599811e-01 3.995139e-01 -5.380000e-01 3.950000e-02 -2.599244e-01 3.995996e-01
-5.370000e-01 3.850000e-02 -2.600388e-01 3.994278e-01 -5.375000e-01 3.900000e-02 -2.599811e-01 3.995139e-01
1.100000e-02 3.850000e-02 -2.881778e-01 3.813655e-01 1.150000e-02 3.900000e-02 -2.882210e-01 3.814214e-01
1.150000e-02 3.900000e-02 -2.882210e-01 3.814214e-01 1.200000e-02 3.950000e-02 -2.882631e-01 3.814772e-01
-5.385000e-01 4.000000e-02 -2.598674e-01 3.996842e-01 -5.390000e-01 4.050000e-02 -2.598115e-01 3.997685e-01
-5.380000e-01 3.950000e-02 -2.599244e-01 3.995996e-01 -5.385000e-01 4.000000e-02 -2.598674e-01 3.996842e-01
1.200000e-02 3.950000e-02 -2.882631e-01 3.814772e-01 1.250000e-02 4.000000e-02 -2.883055e-01 3.815318e-01
1.250000e-02 4.000000e-02 -2.883055e-01 3.815318e-01 1.300000e-02 4.050000e-02 -2.883469e-01 3.815862e-01
-5.395000e-01 4.100000e-02 -2.597553e-01 3.998516e-01 -5.400000e-01 4.150000e-02 -2.597001e-01 3.999344e-01
-5.390000e-01 4.050000e-02 -2.598115e-01 3.997685e-01 -5.395000e-01 4.100000e-02 -2.597553e-01 3.998516e-01
1.300000e-02 4.050000e-02 -2.883469e-01 3.815862e-01 1.350000e-02 4.100000e-02 -2.883885e-01 3.816395e-01
1.350000e-02 4.100000e-02 -2.883885e-01 3.816395e-01 1.400000e-02 4.150000e-02 -2.884290e-01 3.816926e-01
-5.405000e-01 4.200000e-02 -2.596446e-01 4.000160e-01 -5.410000e-01 4.250000e-02 -2.595901e-01 4.000974e-01
-5.400000e-01 4.150000e-02 -2.597001e-01 3.999344e-01 -5.405000e-01 4.200000e-02 -2.596446e-01 4.000160e-01
1.400000e-02 4.150000e-02 -2.884290e-01 3.816926e-01 1.450000e-02 4.200000e-02 -2.884698e-01 3.817446e-01
1.450000e-02 4.200000e-02 -2.884698e-01 3.817446e-01 1.500000e-02 4.250000e-02 -2.885095e-01 3.817964e-01
-5.415000e-01 4.300000e-02 -2.595353e-01 4.001776e-01 -5.420000e-01 4.350000e-02 -2.594816e-01 4.002574e-01
-5.410000e-01 4.250000e-02 -2.595901e-01 4.000974e-01 -5.415000e-01 4.300000e-02 -2.595353e-01 4.001776e-01
1.500000e-02 4.250000e-02 -2.885095e-01 3.817964e-01 1.550000e-02 4.300000e-02 -2.885495e-01 3.818471e-01
1.550000e-02 4.300000e-02 -2.885495e-01 3.818471e-01 1.600000e-02 4.350000e-02 -2.885884e-01 3.818975e-01
-5.420000e-01 4.350000e-02 -2.594816e-01 4.002574e-01 -5.420000e-01 4.450000e-02 -2.591369e-01 4.007597e-01
1.600000e-02 4.350000e-02 -2.885884e-01 3.818975e-01 1.650000e-02 4.400000e-02 -2.886275e-01 3.819469e-01
1.650000e-02 4.400000e-02 -2.886275e-01 3.819469e-01 1.700000e-02 4.450000e-02 -2.886655e-01 3.819961e-01
-5.425000e-01 4.500000e-02 -2.590825e-01 4.008373e-01 -5.430000e-01 4.550000e-02 -2.590292e-01 4.009147e-01
-5.420000e-01 4.450000e-02 -2.591369e-01 4.007597e-01 -5.425000e-01 4.500000e-02 -2.590825e-01 4.008373e-01
1.700000e-02 4.450000e-02 -2.886655e-01 3.819961e-01 1.750000e-02 4.500000e-02 -2.887038e-01 3.820442e-01
1.750000e-02 4.500000e-02 -2.887038e-01 3.820442e-01 1.800000e-02 4.550000e-02 -2.887410e-01 3.820921e-01
-5.435000e-01 4.600000e-02 -2.589756e-01 4.009908e-01 -5.440000e-01 4.650000e-02 -2.589231e-01 4.010667e-01
-5.430000e-01 4.550000e-02 -2.590292e-01 4.009147e-01 -5.435000e-01 4.600000e-02 -2.589756e-01 4.009908e-01
1.800000e-02 4.550000e-02 -2.887410e-01 3.820921e-01 1.850000e-02 4.600000e-02 -2.887784e-01 3.821389e-01
1.850000e-02 4.600000e-02 -2.887784e-01 3.821389e-01 1.900000e-02 4.650000e-02 -2.888147e-01 3.821855e-01
-5.445000e-01 4.700000e-02 -2.588703e-01 4.011415e-01 -5.450000e-01 4.750000e-02 -2.588186e-01 4.012159e-01
-5.440000e-01 4.650000e-02 -2.589231e-01 4.010667e-01 -5.445000e-01 4.700000e-02 -2.588703e-01 4.011415e-01
1.900000e-02 4.650000e-02 -2.888147e-01 3.821855e-01 1.900000e-02 4.750000e-02 -2.891837e-01 3.826455e-01
-5.455000e-01 4.800000e-02 -2.587666e-01 4.012892e-01 -5.460000e-01 4.850000e-02 -2.587156e-01 4.013621e-01
-5.450000e-01 4.750000e-02 -2.588186e-01 4.012159e-01 -5.455000e-01 4.800000e-02 -2.587666e-01 4.012892e-01
1.900000e-02 4.750000e-02 -2.891837e-01 3.826455e-01 1.950000e-02 4.800000e-02 -2.892204e-01 3.826900e-01
1.950000e-02 4.800000e-02 -2.892204e-01 3.826900e-01 2.000000e-02 4.850000e-02 -2.892561e-01 3.827342e-01
-5.465000e-01 4.900000e-02 -2.586644e-01 4.014340e-01 -5.470000e-01 4.950000e-02 -2.586143e-01 4.015055e-01
-5.460000e-01 4.850000e-02 -2.587156e-01 4.013621e-01 -5.465000e-01 4.900000e-02 -2.586644e-01 4.014340e-01
2.000000e-02 4.850000e-02 -2.892561e-01 3.827342e-01 2.050000e-02 4.900000e-02 -2.892920e-01 3.827774e-01
2.050000e-02 4.900000e-02 -2.892920e-01 3.827774e-01 2.100000e-02 4.950000e-02 -2.893267e-01 3.828204e-01
-5.475000e-01 5.000000e-02 -2.585639e-01 4.015760e-01 -5.480000e-01 5.050000e-02 -2.585147e-01 4.016461e-01
-5.470000e-01 4.950000e-02 -2.586143e-01 4.015055e-01 -5.475000e-01 5.000000e-02 -2.585639e-01 4.015760e-01
2.100000e-02 4.950000e-02 -2.893267e-01 3.828204e-01 2.150000e-02 5.000000e-02 -2.893617e-01 3.828623e-01
2.150000e-02 5.000000e-02 -2.893617e-01 3.828623e-01 2.200000e-02 5.050000e-02 -2.893956e-01 3.829040e-01
-5.485000e-01 5.100000e-02 -2.584651e-01 4.017151e-01 -5.490000e-01 5.150000e-02 -2.584167e-01 4.017838e-01
-5.480000e-01 5.050000e-02 -2.585147e-01 4.016461e-01 -5.485000e-01 5.100000e-02 -2.584651e-01 4.017151e-01
2.200000e-02 5.050000e-02 -2.893956e-01 3.829040e-01 2.250000e-02 5.100000e-02 -2.894296e-01 3.829446e-01
2.250000e-02 5.100000e-02 -2.894296e-01 3.829446e-01 2.300000e-02 5.150000e-02 -2.894626e-01 3.829851e-01
-5.490000e-01 5.150000e-02 -2.584167e-01 4.017838e-01 -5.490000e-01 5.250000e-02 -2.580667e-01 4.022691e-01
2.300000e-02 5.150000e-02 -2.894626e-01 3.829851e-01 2.350000e-02 5.200000e-02 -2.894957e-01 3.830244e-01
2.350000e-02 5.200000e-02 -2.894957e-01 3.830244e-01 2.400000e-02 5.250000e-02 -2.895277e-01 3.830637e-01
-5.495000e-01 5.300000e-02 -2.580177e-01 4.023355e-01 -5.500000e-01 5.350000e-02 -2.579698e-01 4.024017e-01
-5.490000e-01 5.250000e-02 -2.580667e-01 4.022691e-01 -5.495000e-01 5.300000e-02 -2.580177e-01 4.023355e-01
2.400000e-02 5.250000e-02 -2.895277e-01 3.830637e-01 2.450000e-02 5.300000e-02 -2.895599e-01 3.831018e-01
2.450000e-02 5.300000e-02 -2.895599e-01 3.831018e-01 2.500000e-02 5.350000e-02 -2.895911e-01 3.831397e-01
-5.505000e-01 5.400000e-02 -2.579216e-01 4.024667e-01 -5.510000e-01 5.450000e-02 -2.578746e-01 4.025315e-01
-5.500000e-01 5.350000e-02 -2.579698e-01 4.024017e-01 -5.505000e-01 5.400000e-02 -2.579216e-01 4.024667e-01
2.500000e-02 5.350000e-02 -2.895911e-01 3.831397e-01 2.550000e-02 5.400000e-02 -2.896223e-01 3.831766e-01
2.550000e-02 5.400000e-02 -2.896223e-01 3.831766e-01 2.600000e-02 5.450000e-02 -2.896525e-01 3.832134e-01
-5.515000e-01 5.500000e-02 -2.578274e-01 4.025951e-01 -5.520000e-01 5.550000e-02 -2.577813e-01 4.026585e-01
-5.510000e-01 5.450000e-02 -2.578746e-01 4.025315e-01 -5.515000e-01 5.500000e-02 -2.578274e-01 4.025951e-01
2.600000e-02 5.450000e-02 -2.896525e-01 3.832134e-01 2.650000e-02 5.500000e-02 -2.896828e-01 3.832490e-01
2.650000e-02 5.500000e-02 -2.896828e-01 3.832490e-01 2.700000e-02 5.550000e-02 -2.897120e-01 3.832845e-01
-5.525000e-01 5.600000e-02 -2.577349e-01 4.027207e-01 -5.530000e-01 5.650000e-02 -2.576897e-01 4.027827e-01
-5.520000e-01 5.550000e-02 -2.577813e-01 4.026585e-01 -5.525000e-01 5.600000e-02 -2.577349e-01 4.027207e-01
2.700000e-02 5.550000e-02 -2.897120e-01 3.832845e-01 2.750000e-02 5.600000e-02 -2.897414e-01 3.833190e-01
2.750000e-02 5.600000e-02 -2.897414e-01 3.833190e-01 2.800000e-02 5.650000e-02 -2.897696e-01 3.833532e-01
-5.535000e-01 5.700000e-02 -2.576442e-01 4.028435e-01 -5.540000e-01 5.750000e-02 -2.575998e-01 4.029041e-01
-5.530000e-01 5.650000e-02 -2.576897e-01 4.027827e-01 -5.535000e-01 5.700000e-02 -2.576442e-01 4.028435e-01
2.800000e-02 5.650000e-02 -2.897696e-01 3.833532e-01 2.850000e-02 5.700000e-02 -2.897980e-01 3.833865e-01
2.850000e-02 5.700000e-02 -2.897980e-01 3.833865e-01 2.900000e-02 5.750000e-02 -2.898254e-01 3.834195e-01
-5.545000e-01 5.800000e-02 -2.575553e-01 4.029635e-01 -5.550000e-01 5.850000e-02 -2.575118e-01 4.030227e-01
-5.540000e-01 5.750000e-02 -2.575998e-01 4.029041e-01 -5.545000e-01 5.800000e-02 -2.575553e-01 4.029635e-01
2.900000e-02 5.750000e-02 -2.898254e-01 3.834195e-01 2.950000e-02 5.800000e-02 -2.898528e-01 3.834515e-01
2.950000e-02 5.800000e-02 -2.898528e-01 3.834515e-01 3.000000e-02 5.850000e-02 -2.898791e-01 3.834834e-01
-5.550000e-01 5.850000e-02 -2.575118e-01 4.030227e-01 -5.550000e-01 5.950000e-02 -2.571578e-01 4.034928e-01
3.000000e-02 5.850000e-02 -2.898791e-01 3.834834e-01 3.000000e-02 5.950000e-02 -2.902522e-01 3.839181e-01
-5.555000e-01 6.000000e-02 -2.571139e-01 4.035498e-01 -5.560000e-01 6.050000e-02 -2.570712e-01 4.036064e-01
-5.550000e-01 5.950000e-02 -2.571578e-01 4.034928e-01 -5.555000e-01 6.000000e-02 -2.571139e-01 4.035498e-01
3.000000e-02 5.950000e-02 -2.902522e-01 3.839181e-01 3.050000e-02 6.000000e-02 -2.902788e-01 3.839478e-01
3.050000e-02 6.000000e-02 -2.902788e-01 3.839478e-01 3.100000e-02 6.050000e-02 -2.903043e-01 3.839774e-01
-5.565000e-01 6.100000e-02 -2.570282e-01 4.036620e-01 -5.570000e-01 6.150000e-02 -2.569864e-01 4.037173e-01
-5.560000e-01 6.050000e-02 -2.570712e-01 4.036064e-01 -5.565000e-01 6.100000e-02 -2.570282e-01 4.036620e-01
3.100000e-02 6.050000e-02 -2.903043e-01 3.839774e-01 3.150000e-02 6.100000e-02 -2.903298e-01 3.840060e-01
3.150000e-02 6.100000e-02 -2.903298e-01 3.840060e-01 3.200000e-02 6.150000e-02 -2.903543e-01 3.840344e-01
-5.575000e-01 6.200000e-02 -2.569444e-01 4.037715e-01 -5.580000e-01 6.250000e-02 -2.569036e-01 4.038254e-01
-5.570000e-01 6.150000e-02 -2.569864e-01 4.037173e-01 -5.575000e-01 6.200000e-02 -2.569444e-01 4.037715e-01
3.200000e-02 6.150000e-02 -2.903543e-01 3.840344e-01 3.250000e-02 6.200000e-02 -2.903788e-01 3.840617e-01
3.250000e-02 6.200000e-02 -2.903788e-01 3.840617e-01 3.300000e-02 6.250000e-02 -2.904022e-01 3.840889e-01
-5.585000e-01 6.300000e-02 -2.568625e-01 4.038782e-01 -5.590000e-01 6.350000e-02 -2.568227e-01 4.039308e-01
-5.580000e-01 6.250000e-02 -2.569036e-01 4.038254e-01 -5.585000e-01 6.300000e-02 -2.568625e-01 4.038782e-01
3.300000e-02 6.250000e-02 -2.904022e-01 3.840889e-01 3.350000e-02 6.300000e-02 -2.904258e-01 3.841151e-01
3.350000e-02 6.300000e-02 -2.904258e-01 3.841151e-01 3.400000e-02 6.350000e-02 -2.904482e-01 3.841411e-01
-5.595000e-01 6.400000e-02 -2.567826e-01 4.039822e-01 -5.600000e-01 6.450000e-02 -2.567437e-01 4.040334e-01
-5.590000e-01 6.350000e-02 -2.568227e-01 4.039308e-01 -5.595000e-01 6.400000e-02 -2.567826e-01 4.039822e-01
3.400000e-02 6.350000e-02 -2.904482e-01 3.841411e-01 3.450000e-02 6.400000e-02 -2.904707e-01 3.841661e-01
3.450000e-02 6.400000e-02 -2.904707e-01 3.841661e-01 3.500000e-02 6.450000e-02 -2.904920e-01 3.841910e-01
-5.600000e-01 6.450000e-02 -2.567437e-01 4.040334e-01 -5.600000e-01 6.550000e-02 -2.563866e-01 4.044907e-01
3.500000e-02 6.450000e-02 -2.904920e-01 3.841910e-01 3.550000e-02 6.500000e-02 -2.905135e-01 3.842148e-01
3.550000e-02 6.500000e-02 -2.905135e-01 3.842148e-01 3.600000e-02 6.550000e-02 -2.905338e-01 3.842385e-01
-5.605000e-01 6.600000e-02 -2.563473e-01 4.045396e-01 -5.610000e-01 6.650000e-02 -2.563093e-01 4.045884e-01
-5.600000e-01 6.550000e-02 -2.563866e-01 4.044907e-01 -5.605000e-01 6.600000e-02 -2.563473e-01 4.045396e-01
3.600000e-02 6.550000e-02 -2.905338e-01 3.842385e-01 3.650000e-02 6.600000e-02 -2.905542e-01 3.842612e-01
3.650000e-02 6.600000e-02 -2.905542e-01 3.842612e-01 3.700000e-02 6.650000e-02 -2.905735e-01 3.842838e-01
-5.615000e-01 6.700000e-02 -2.562709e-01 4.046360e-01 -5.620000e-01 6.750000e-02 -2.562338e-01 4.046834e-01
-5.610000e-01 6.650000e-02 -2.563093e-01 4.045884e-01 -5.615000e-01 6.700000e-02 -2.562709e-01 4.046360e-01
3.700000e-02 6.650000e-02 -2.905735e-01 3.842838e-01 3.700000e-02 6.750000e-02 -2.909485e-01 3.847018e-01
-5.625000e-01 6.800000e-02 -2.561966e-01 4.047296e-01 -5.630000e-01 6.850000e-02 -2.561605e-01 4.047757e-01
-5.620000e-01 6.750000e-02 -2.562338e-01 4.046834e-01 -5.625000e-01 6.800000e-02 -2.561966e-01 4.047296e-01
3.700000e-02 6.750000e-02 -2.909485e-01 3.847018e-01 3.750000e-02 6.800000e-02 -2.909679e-01 3.847222e-01
3.750000e-02 6.800000e-02 -2.909679e-01 3.847222e-01 3.800000e-02 6.850000e-02 -2.909862e-01 3.847426e-01
-5.635000e-01 6.900000e-02 -2.561242e-01 4.048206e-01 -5.640000e-01 6.950000e-02 -2.560891e-01 4.048654e-01
-5.630000e-01 6.850000e-02 -2.561605e-01 4.047757e-01 -5.635000e-01 6.900000e-02 -2.561242e-01 4.048206e-01
3.800000e-02 6.850000e-02 -2.909862e-01 3.847426e-01 3.850000e-02 6.900000e-02 -2.910045e-01 3.847619e-01
3.850000e-02 6.900000e-02 -2.910045e-01 3.847619e-01 3.900000e-02 6.950000e-02 -2.910217e-01 3.847812e-01
-5.645000e-01 7.000000e-02 -2.560539e-01 4.049090e-01 -5.650000e-01 7.050000e-02 -2.560199e-01 4.049524e-01
-5.640000e-01 6.950000e-02 -2.560891e-01 4.048654e-01 -5.645000e-01 7.000000e-02 -2.560539e-01 4.049090e-01
3.900000e-02 6.950000e-02 -2.910217e-01 3.847812e-01 3.950000e-02 7.000000e-02 -2.910390e-01 3.847993e-01
3.950000e-02 7.000000e-02 -2.910390e-01 3.847993e-01 4.000000e-02 7.050000e-02 -2.910551e-01 3.848175e-01
-5.650000e-01 7.050000e-02 -2.560199e-01 4.049524e-01 -5.650000e-01 7.150000e-02 -2.556603e-01 4.053966e-01
4.000000e-02 7.050000e-02 -2.910551e-01 3.848175e-01 4.050000e-02 7.100000e-02 -2.910713e-01 3.848345e-01
4.050000e-02 7.100000e-02 -2.910713e-01 3.848345e-01 4.100000e-02 7.150000e-02 -2.910863e-01 3.848515e-01
-5.655000e-01 7.200000e-02 -2.556259e-01 4.054377e-01 -5.660000e-01 7.250000e-02 -2.555928e-01 4.054787e-01
-5.650000e-01 7.150000e-02 -2.556603e-01 4.053966e-01 -5.655000e-01 7.200000e-02 -2.556259e-01 4.054377e-01
4.100000e-02 7.150000e-02 -2.910863e-01 3.848515e-01 4.150000e-02 7.200000e-02 -2.911014e-01 3.848675e-01
4.150000e-02 7.200000e-02 -2.911014e-01 3.848675e-01 4.200000e-02 7.250000e-02 -2.911153e-01 3.848834e-01
-5.665000e-01 7.300000e-02 -2.555595e-01 4.055185e-01 -5.670000e-01 7.350000e-02 -2.555275e-01 4.055582e-01
-5.660000e-01 7.250000e-02 -2.555928e-01 4.054787e-01 -5.665000e-01 7.300000e-02 -2.555595e-01 4.055185e-01
4.200000e-02 7.250000e-02 -2.911153e-01 3.848834e-01 4.250000e-02 7.300000e-02 -2.911292e-01 3.848982e-01
4.250000e-02 7.300000e-02 -2.911292e-01 3.848982e-01 4.300000e-02 7.350000e-02 -2.911420e-01 3.849130e-01
-5.675000e-01 7.400000e-02 -2.554953e-01 4.055967e-01 -5.680000e-01 7.450000e-02 -2.554642e-01 4.056351e-01
-5.670000e-01 7.350000e-02 -2.555275e-01 4.055582e-01 -5.675000e-01 7.400000e-02 -2.554953e-01 4.055967e-01
4.300000e-02 7.350000e-02 -2.911420e-01 3.849130e-01 4.300000e-02 7.450000e-02 -2.915180e-01 3.853165e-01
-5.685000e-01 7.500000e-02 -2.554331e-01 4.056723e-01 -5.690000e-01 7.550000e-02 -2.554032e-01 4.057094e-01
-5.680000e-01 7.450000e-02 -2.554642e-01 4.056351e-01 -5.685000e-01 7.500000e-02 -2.554331e-01 4.056723e-01
4.300000e-02 7.450000e-02 -2.915180e-01 3.853165e-01 4.350000e-02 7.500000e-02 -2.915309e-01 3.853292e-01
4.350000e-02 7.500000e-02 -2.915309e-01 3.853292e-01 4.400000e-02 7.550000e-02 -2.915426e-01 3.853418e-01
-5.690000e-01 7.550000e-02 -2.554032e-01 4.057094e-01 -5.690000e-01 7.650000e-02 -2.550418e-01 4.061427e-01
4.400000e-02 7.550000e-02 -2.915426e-01 3.853418e-01 4.450000e-02 7.600000e-02 -2.915543e-01 3.853534e-01
4.450000e-02 7.600000e-02 -2.915543e-01 3.853534e-01 4.500000e-02 7.650000e-02 -2.915649e-01 3.853650e-01
-5.695000e-01 7.700000e-02 -2.550116e-01 4.061775e-01 -5.700000e-01 7.750000e-02 -2.549827e-01 4.062122e-01
-5.690000e-01 7.650000e-02 -2.550418e-01 4.061427e-01 -5.695000e-01 7.700000e-02 -2.550116e-01 4.061775e-01
4.500000e-02 7.650000e-02 -2.915649e-01 3.853650e-01 4.550000e-02 7.700000e-02 -2.915754e-01 3.853755e-01
4.550000e-02 7.700000e-02 -2.915754e-01 3.853755e-01 4.600000e-02 7.750000e-02 -2.915849e-01 3.853860e-01
-5.705000e-01 7.800000e-02 -2.549536e-01 4.062457e-01 -5.710000e-01 7.850000e-02 -2.549258e-01 4.062791e-01
-5.700000e-01 7.750000e-02 -2.549827e-01 4.062122e-01 -5.705000e-01 7.800000e-02 -2.549536e-01 4.062457e-01
4.600000e-02 7.750000e-02 -2.915849e-01 3.853860e-01 4.650000e-02 7.800000e-02 -2.915943e-01 3.853955e-01
4.650000e-02 7.800000e-02 -2.915943e-01 3.853955e-01 4.700000e-02 7.850000e-02 -2.916025e-01 3.854049e-01
-5.715000e-01 7.900000e-02 -2.548978e-01 4.063113e-01 -5.720000e-01 7.950000e-02 -2.548711e-01 4.063435e-01
-5.710000e-01 7.850000e-02 -2.549258e-01 4.062791e-01 -5.715000e-01 7.900000e-02 -2.548978e-01 4.063113e-01
4.700000e-02 7.850000e-02 -2.916025e-01 3.854049e-01 4.750000e-02 7.900000e-02 -2.916108e-01 3.854133e-01
4.750000e-02 7.900000e-02 -2.916108e-01 3.854133e-01 4.800000e-02 7.950000e-02 -2.916179e-01 3.854217e-01
-5.725000e-01 8.000000e-02 -2.548443e-01 4.063744e-01 -5.730000e-01 8.050000e-02 -2.548187e-01 4.064053e-01
-5.720000e-01 7.950000e-02 -2.548711e-01 4.063435e-01 -5.725000e-01 8.000000e-02 -2.548443e-01 4.063744e-01
4.800000e-02 7.950000e-02 -2.916179e-01 3.854217e-01 4.800000e-02 8.050000e-02 -2.919943e-01 3.858129e-01
-5.735000e-01 8.100000e-02 -2.547931e-01 4.064350e-01 -5.740000e-01 8.150000e-02 -2.547687e-01 4.064647e-01
-5.730000e-01 8.050000e-02 -2.548187e-01 4.064053e-01 -5.735000e-01 8.100000e-02 -2.547931e-01 4.064350e-01
4.800000e-02 8.050000e-02 -2.919943e-01 3.858129e-01 4.850000e-02 8.100000e-02 -2.920014e-01 3.858192e-01
4.850000e-02 8.100000e-02 -2.920014e-01 3.858192e-01 4.900000e-02 8.150000e-02 -2.920073e-01 3.858255e-01
-5.740000e-01 8.150000e-02 -2.547687e-01 4.064647e-01 -5.740000e-01 8.250000e-02 -2.544055e-01 4.068847e-01
4.900000e-02 8.150000e-02 -2.920073e-01 3.858255e-01 4.950000e-02 8.200000e-02 -2.920132e-01 3.858307e-01
4.950000e-02 8.200000e-02 -2.920132e-01 3.858307e-01 5.000000e-02 8.250000e-02 -2.920179e-01 3.858360e-01
-5.745000e-01 8.300000e-02 -2.543809e-01 4.069121e-01 -5.750000e-01 8.350000e-02 -2.543575e-01 4.069393e-01
-5.740000e-01 8.250000e-02 -2.544055e-01 4.068847e-01 -5.745000e-01 8.300000e-02 -2.543809e-01 4.069121e-01
5.000000e-02 8.250000e-02 -2.920179e-01 3.858360e-01 5.050000e-02 8.300000e-02 -2.920226e-01 3.858402e-01
5.050000e-02 8.300000e-02 -2.920226e-01 3.858402e-01 5.100000e-02 8.350000e-02 -2.920261e-01 3.858445e-01
-5.755000e-01 8.400000e-02 -2.543341e-01 4.069654e-01 -5.760000e-01 8.450000e-02 -2.543119e-01 4.069914e-01
-5.750000e-01 8.350000e-02 -2.543575e-01 4.069393e-01 -5.755000e-01 8.400000e-02 -2.543341e-01 4.069654e-01
5.100000e-02 8.350000e-02 -2.920261e-01 3.858445e-01 5.150000e-02 8.400000e-02 -2.920296e-01 3.858477e-01
5.150000e-02 8.400000e-02 -2.920296e-01 3.858477e-01 5.200000e-02 8.450000e-02 -2.920319e-01 3.858510e-01
-5.765000e-01 8.500000e-02 -2.542896e-01 4.070163e-01 -5.770000e-01 8.550000e-02 -2.542686e-01 4.070411e-01
-5.760000e-01 8.450000e-02 -2.543119e-01 4.069914e-01 -5.765000e-01 8.500000e-02 -2.542896e-01 4.070163e-01
5.200000e-02 8.450000e-02 -2.920319e-01 3.858510e-01 5.200000e-02 8.550000e-02 -2.924085e-01 3.862319e-01
-5.775000e-01 8.600000e-02 -2.542476e-01 4.070647e-01 -5.780000e-01 8.650000e-02 -2.542277e-01 4.070883e-01
-5.770000e-01 8.550000e-02 -2.542686e-01 4.070411e-01 -5.775000e-01 8.600000e-02 -2.542476e-01 4.070647e-01
5.200000e-02 8.550000e-02 -2.924085e-01 3.862319e-01 5.250000e-02 8.600000e-02 -2.924107e-01 3.862331e-01
5.250000e-02 8.600000e-02 -2.924107e-01 3.862331e-01 5.300000e-02 8.650000e-02 -2.924117e-01 3.862343e-01
-5.780000e-01 8.650000e-02 -2.542277e-01 4.070883e-01 -5.780000e-01 8.750000e-02 -2.538634e-01 4.074974e-01
5.300000e-02 8.650000e-02 -2.924117e-01 3.862343e-01 5.350000e-02 8.700000e-02 -2.924127e-01 3.862344e-01
5.350000e-02 8.700000e-02 -2.924127e-01 3.862344e-01 5.400000e-02 8.750000e-02 -2.924125e-01 3.862347e-01
-5.785000e-01 8.800000e-02 -2.538435e-01 4.075187e-01 -5.790000e-01 8.850000e-02 -2.538248e-01 4.075399e-01
-5.780000e-01 8.750000e-02 -2.538634e-01 4.074974e-01 -5.785000e-01 8.800000e-02 -2.538435e-01 4.075187e-01
5.400000e-02 8.750000e-02 -2.924125e-01 3.862347e-01 5.450000e-02 8.800000e-02 -2.924123e-01 3.862338e-01
5.450000e-02 8.800000e-02 -2.924123e-01 3.862338e-01 5.500000e-02 8.850000e-02 -2.924109e-01 3.862331e-01
-5.795000e-01 8.900000e-02 -2.538061e-01 4.075599e-01 -5.800000e-01 8.950000e-02 -2.537887e-01 4.075800e-01
-5.790000e-01 8.850000e-02 -2.538248e-01 4.075399e-01 -5.795000e-01 8.900000e-02 -2.538061e-01 4.075599e-01
5.500000e-02 8.850000e-02 -2.924109e-01 3.862331e-01 5.550000e-02 8.900000e-02 -2.924094e-01 3.862313e-01
5.550000e-02 8.900000e-02 -2.924094e-01 3.862313e-01 5.600000e-02 8.950000e-02 -2.924067e-01 3.862296e-01
-5.805000e-01 9.000000e-02 -2.537712e-01 4.075988e-01 -5.810000e-01 9.050000e-02 -2.537549e-01 4.076177e-01
-5.800000e-01 8.950000e-02 -2.537887e-01 4.075800e-01 -5.805000e-01 9.000000e-02 -2.537712e-01 4.075988e-01
5.600000e-02 8.950000e-02 -2.924067e-01 3.862296e-01 5.600000e-02 9.050000e-02 -2.927831e-01 3.866004e-01
-5.815000e-01 9.100000e-02 -2.537386e-01 4.076354e-01 -5.820000e-01 9.150000e-02 -2.537237e-01 4.076530e-01
-5.810000e-01 9.050000e-02 -2.537549e-01 4.076177e-01 -5.815000e-01 9.100000e-02 -2.537386e-01 4.076354e-01
5.600000e-02 9.050000e-02 -2.927831e-01 3.866004e-01 5.650000e-02 9.100000e-02 -2.927802e-01 3.865966e-01
5.650000e-02 9.100000e-02 -2.927802e-01 3.865966e-01 5.700000e-02 9.150000e-02 -2.927763e-01 3.865929e-01
-5.820000e-01 9.150000e-02 -2.537237e-01 4.076530e-01 -5.820000e-01 9.250000e-02 -2.533585e-01 4.080512e-01
5.700000e-02 9.150000e-02 -2.927763e-01 3.865929e-01 5.750000e-02 9.200000e-02 -2.927722e-01 3.865881e-01
5.750000e-02 9.200000e-02 -2.927722e-01 3.865881e-01 5.800000e-02 9.250000e-02 -2.927669e-01 3.865834e-01
-5.825000e-01 9.300000e-02 -2.533435e-01 4.080665e-01 -5.830000e-01 9.350000e-02 -2.533297e-01 4.080819e-01
-5.820000e-01 9.250000e-02 -2.533585e-01 4.080512e-01 -5.825000e-01 9.300000e-02 -2.533435e-01 4.080665e-01
5.800000e-02 9.250000e-02 -2.927669e-01 3.865834e-01 5.850000e-02 9.300000e-02 -2.927615e-01 3.865777e-01
5.850000e-02 9.300000e-02 -2.927615e-01 3.865777e-01 5.900000e-02 9.350000e-02 -2.927550e-01 3.865721e-01
-5.835000e-01 9.400000e-02 -2.533159e-01 4.080961e-01 -5.840000e-01 9.450000e-02 -2.533034e-01 4.081103e-01
-5.830000e-01 9.350000e-02 -2.533297e-01 4.080819e-01 -5.835000e-01 9.400000e-02 -2.533159e-01 4.080961e-01
5.900000e-02 9.350000e-02 -2.927550e-01 3.865721e-01 5.950000e-02 9.400000e-02 -2.927483e-01 3.865655e-01
5.950000e-02 9.400000e-02 -2.927483e-01 3.865655e-01 6.000000e-02 9.450000e-02 -2.927405e-01 3.865589e-01
-5.845000e-01 9.500000e-02 -2.532909e-01 4.081233e-01 -5.850000e-01 9.550000e-02 -2.532796e-01 4.081363e-01
-5.840000e-01 9.450000e-02 -2.533034e-01 4.081103e-01 -5.845000e-01 9.500000e-02 -2.532909e-01 4.081233e-01
6.000000e-02 9.450000e-02 -2.927405e-01 3.865589e-01 6.000000e-02 9.550000e-02 -2.931164e-01 3.869197e-01
-5.850000e-01 9.550000e-02 -2.532796e-01 4.081363e-01 -5.850000e-01 9.650000e-02 -2.529140e-01 4.085258e-01
6.000000e-02 9.550000e-02 -2.931164e-01 3.869197e-01 6.050000e-02 9.600000e-02 -2.931083e-01 3.869111e-01
6.050000e-02 9.600000e-02 -2.931083e-01 3.869111e-01 6.100000e-02 9.650000e-02 -2.930991e-01 3.869027e-01
-5.855000e-01 9.700000e-02 -2.529027e-01 4.085365e-01 -5.860000e-01 9.750000e-02 -2.528928e-01 4.085473e-01
-5.850000e-01 9.650000e-02 -2.529140e-01 4.085258e-01 -5.855000e-01 9.700000e-02 -2.529027e-01 4.085365e-01
6.100000e-02 9.650000e-02 -2.930991e-01 3.869027e-01 6.150000e-02 9.700000e-02 -2.930897e-01 3.868932e-01
6.150000e-02 9.700000e-02 -2.930897e-01 3.868932e-01 6.200000e-02 9.750000e-02 -2.930792e-01 3.868838e-01
-5.865000e-01 9.800000e-02 -2.528828e-01 4.085569e-01 -5.870000e-01 9.850000e-02 -2.528742e-01 4.085665e-01
-5.860000e-01 9.750000e-02 -2.528928e-01 4.085473e-01 -5.865000e-01 9.800000e-02 -2.528828e-01 4.085569e-01
6.200000e-02 9.750000e-02 -2.930792e-01 3.868838e-01 6.250000e-02 9.800000e-02 -2.930685e-01 3.868734e-01
6.250000e-02 9.800000e-02 -2.930685e-01 3.868734e-01 6.300000e-02 9.850000e-02 -2.930567e-01 3.868632e-01
-5.875000e-01 9.900000e-02 -2.528655e-01 4.085750e-01 -5.880000e-01 9.950000e-02 -2.528582e-01 4.085835e-01
-5.870000e-01 9.850000e-02 -2.528742e-01 4.085665e-01 -5.875000e-01 9.900000e-02 -2.528655e-01 4.085750e-01
6.300000e-02 9.850000e-02 -2.930567e-01 3.868632e-01 6.300000e-02 9.950000e-02 -2.934321e-01 3.872160e-01
-5.885000e-01 1.000000e-01 -2.528508e-01 4.085908e-01 -5.890000e-01 1.005000e-01 -2.528448e-01 4.085982e-01
-5.880000e-01 9.950000e-02 -2.528582e-01 4.085835e-01 -5.885000e-01 1.000000e-01 -2.528508e-01 4.085908e-01
6.300000e-02 9.950000e-02 -2.934321e-01 3.872160e-01 6.350000e-02 1.000000e-01 -2.934199e-01 3.872037e-01
6.350000e-02 1.000000e-01 -2.934199e-01 3.872037e-01 6.400000e-02 1.005000e-01 -2.934066e-01 3.871915e-01
-5.890000e-01 1.005000e-01 -2.528448e-01 4.085982e-01 -5.890000e-01 1.015000e-01 -2.524789e-01 4.089766e-01
6.400000e-02 1.005000e-01 -2.934066e-01 3.871915e-01 6.450000e-02 1.010000e-01 -2.933931e-01 3.871784e-01
6.450000e-02 1.010000e-01 -2.933931e-01 3.871784e-01 6.500000e-02 1.015000e-01 -2.933785e-01 3.871653e-01
-5.895000e-01 1.020000e-01 -2.524729e-01 4.089817e-01 -5.900000e-01 1.025000e-01 -2.524682e-01 4.089869e-01
-5.890000e-01 1.015000e-01 -2.524789e-01 4.089766e-01 -5.895000e-01 1.020000e-01 -2.524729e-01 4.089817e-01
6.500000e-02 1.015000e-01 -2.933785e-01 3.871653e-01 6.550000e-02 1.020000e-01 -2.933637e-01 3.871513e-01
6.550000e-02 1.020000e-01 -2.933637e-01 3.871513e-01 6.600000e-02 1.025000e-01 -2.933477e-01 3.871375e-01
-5.905000e-01 1.030000e-01 -2.524635e-01 4.089909e-01 -5.910000e-01 1.035000e-01 -2.524602e-01 4.089949e-01
-5.900000e-01 1.025000e-01 -2.524682e-01 4.089869e-01 -5.905000e-01 1.030000e-01 -2.524635e-01 4.089909e-01
6.600000e-02 1.025000e-01 -2.933477e-01 3.871375e-01 6.600000e-02 1.035000e-01 -2.937224e-01 3.874823e-01
-5.915000e-01 1.040000e-01 -2.524569e-01 4.089979e-01 -5.920000e-01 1.045000e-01 -2.524549e-01 4.090008e-01
-5.910000e-01 1.035000e-01 -2.524602e-01 4.089949e-01 -5.915000e-01 1.040000e-01 -2.524569e-01 4.089979e-01
6.600000e-02 1.035000e-01 -2.937224e-01 3.874823e-01 6.650000e-02 1.040000e-01 -2.937061e-01 3.874665e-01
6.650000e-02 1.040000e-01 -2.937061e-01 3.874665e-01 6.700000e-02 1.045000e-01 -2.936886e-01 3.874508e-01
-5.920000e-01 1.045000e-01 -2.524549e-01 4.090008e-01 -5.920000e-01 1.055000e-01 -2.520888e-01 4.093706e-01
6.700000e-02 1.045000e-01 -2.936886e-01 3.874508e-01 6.750000e-02 1.050000e-01 -2.936709e-01 3.874340e-01
6.750000e-02 1.050000e-01 -2.936709e-01 3.874340e-01 6.800000e-02 1.055000e-01 -2.936520e-01 3.874175e-01
-5.925000e-01 1.060000e-01 -2.520870e-01 4.093713e-01 -5.930000e-01 1.065000e-01 -2.520863e-01 4.093720e-01
-5.920000e-01 1.055000e-01 -2.520888e-01 4.093706e-01 -5.925000e-01 1.060000e-01 -2.520870e-01 4.093713e-01
6.800000e-02 1.055000e-01 -2.936520e-01 3.874175e-01 6.850000e-02 1.060000e-01 -2.936330e-01 3.873999e-01
6.850000e-02 1.060000e-01 -2.936330e-01 3.873999e-01 6.900000e-02 1.065000e-01 -2.936127e-01 3.873825e-01
-5.935000e-01 1.070000e-01 -2.520858e-01 4.093716e-01 -5.940000e-01 1.075000e-01 -2.520866e-01 4.093714e-01
-5.930000e-01 1.065000e-01 -2.520863e-01 4.093720e-01 -5.935000e-01 1.070000e-01 -2.520858e-01 4.093716e-01
6.900000e-02 1.065000e-01 -2.936127e-01 3.873825e-01 6.900000e-02 1.075000e-01 -2.939865e-01 3.877196e-01
-5.945000e-01 1.080000e-01 -2.520875e-01 4.093699e-01 -5.950000e-01 1.085000e-01 -2.520896e-01 4.093686e-01
-5.940000e-01 1.075000e-01 -2.520866e-01 4.093714e-01 -5.945000e-01 1.080000e-01 -2.520875e-01 4.093699e-01
6.900000e-02 1.075000e-01 -2.939865e-01 3.877196e-01 6.950000e-02 1.080000e-01 -2.939659e-01 3.877002e-01
6.950000e-02 1.080000e-01 -2.939659e-01 3.877002e-01 7.000000e-02 1.085000e-01 -2.939441e-01 3.876811e-01
-5.955000e-01 1.090000e-01 -2.520919e-01 4.093661e-01 -5.960000e-01 1.095000e-01 -2.520954e-01 4.093637e-01
-5.950000e-01 1.085000e-01 -2.520896e-01 4.093686e-01 -5.955000e-01 1.090000e-01 -2.520919e-01 4.093661e-01
7.000000e-02 1.085000e-01 -2.939441e-01 3.876811e-01 7.050000e-02 1.090000e-01 -2.939221e-01 3.876609e-01
7.050000e-02 1.090000e-01 -2.939221e-01 3.876609e-01 7.100000e-02 1.095000e-01 -2.938989e-01 3.876409e-01
-5.960000e-01 1.095000e-01 -2.520954e-01 4.093637e-01 -5.960000e-01 1.105000e-01 -2.517297e-01 4.097225e-01
7.100000e-02 1.095000e-01 -2.938989e-01 3.876409e-01 7.150000e-02 1.100000e-01 -2.938755e-01 3.876200e-01
7.150000e-02 1.100000e-01 -2.938755e-01 3.876200e-01 7.200000e-02 1.105000e-01 -2.938509e-01 3.875993e-01
-5.965000e-01 1.110000e-01 -2.517334e-01 4.097178e-01 -5.970000e-01 1.115000e-01 -2.517384e-01 4.097133e-01
-5.960000e-01 1.105000e-01 -2.517297e-01 4.097225e-01 -5.965000e-01 1.110000e-01 -2.517334e-01 4.097178e-01
7.200000e-02 1.105000e-01 -2.938509e-01 3.875993e-01 7.200000e-02 1.115000e-01 -2.942236e-01 3.879285e-01
-5.975000e-01 1.120000e-01 -2.517435e-01 4.097076e-01 -5.980000e-01 1.125000e-01 -2.517499e-01 4.097021e-01
-5.970000e-01 1.115000e-01 -2.517384e-01 4.097133e-01 -5.975000e-01 1.120000e-01 -2.517435e-01 4.097076e-01
7.200000e-02 1.115000e-01 -2.942236e-01 3.879285e-01 7.250000e-02 1.120000e-01 -2.941986e-01 3.879058e-01
7.250000e-02 1.120000e-01 -2.941986e-01 3.879058e-01 7.300000e-02 1.125000e-01 -2.941724e-01 3.878833e-01
-5.985000e-01 1.130000e-01 -2.517565e-01 4.096954e-01 -5.990000e-01 1.135000e-01 -2.517644e-01 4.096888e-01
-5.980000e-01 1.125000e-01 -2.517499e-01 4.097021e-01 -5.985000e-01 1.130000e-01 -2.517565e-01 4.096954e-01
7.300000e-02 1.125000e-01 -2.941724e-01 3.878833e-01 7.350000e-02 1.130000e-01 -2.941459e-01 3.878598e-01
7.350000e-02 1.130000e-01 -2.941459e-01 3.878598e-01 7.400000e-02 1.135000e-01 -2.941183e-01 3.878365e-01
-5.990000e-01 1.135000e-01 -2.517644e-01 4.096888e-01 -5.990000e-01 1.145000e-01 -2.513989e-01 4.100389e-01
7.400000e-02 1.135000e-01 -2.941183e-01 3.878365e-01 7.400000e-02 1.145000e-01 -2.944903e-01 3.881600e-01
-5.995000e-01 1.150000e-01 -2.514070e-01 4.100301e-01 -6.000000e-01 1.155000e-01 -2.514164e-01 4.100214e-01
-5.990000e-01 1.145000e-01 -2.513989e-01 4.100389e-01 -5.995000e-01 1.150000e-01 -2.514070e-01 4.100301e-01
7.400000e-02 1.145000e-01 -2.944903e-01 3.881600e-01 7.450000e-02 1.150000e-01 -2.944622e-01 3.881348e-01
7.450000e-02 1.150000e-01 -2.944622e-01 3.881348e-01 7.500000e-02 1.155000e-01 -2.944329e-01 3.881099e-01
-6.005000e-01 1.160000e-01 -2.514260e-01 4.100116e-01 -6.010000e-01 1.165000e-01 -2.514368e-01 4.100019e-01
-6.000000e-01 1.155000e-01 -2.514164e-01 4.100214e-01 -6.005000e-01 1.160000e-01 -2.514260e-01 4.100116e-01
7.500000e-02 1.155000e-01 -2.944329e-01 3.881099e-01 7.550000e-02 1.160000e-01 -2.944033e-01 3.880839e-01
7.550000e-02 1.160000e-01 -2.944033e-01 3.880839e-01 7.600000e-02 1.165000e-01 -2.943727e-01 3.880582e-01
-6.015000e-01 1.170000e-01 -2.514478e-01 4.099912e-01 -6.020000e-01 1.175000e-01 -2.514600e-01 4.099805e-01
-6.010000e-01 1.165000e-01 -2.514368e-01 4.100019e-01 -6.015000e-01 1.170000e-01 -2.514478e-01 4.099912e-01
7.600000e-02 1.165000e-01 -2.943727e-01 3.880582e-01 7.600000e-02 1.175000e-01 -2.947437e-01 3.883760e-01
-6.020000e-01 1.175000e-01 -2.514600e-01 4.099805e-01 -6.020000e-01 1.185000e-01 -2.510952e-01 4.103219e-01
7.600000e-02 1.175000e-01 -2.947437e-01 3.883760e-01 7.650000e-02 1.180000e-01 -2.947125e-01 3.883483e-01
7.650000e-02 1.180000e-01 -2.947125e-01 3.883483e-01 7.700000e-02 1.185000e-01 -2.946801e-01 3.883210e-01
-6.025000e-01 1.190000e-01 -2.511077e-01 4.103090e-01 -6.030000e-01 1.195000e-01 -2.511216e-01 4.102963e-01
-6.020000e-01 1.185000e-01 -2.510952e-01 4.103219e-01 -6.025000e-01 1.190000e-01 -2.511077e-01 4.103090e-01
7.700000e-02 1.185000e-01 -2.946801e-01 3.883210e-01 7.750000e-02 1.190000e-01 -2.946474e-01 3.882927e-01
7.750000e-02 1.190000e-01 -2.946474e-01 3.882927e-01 7.800000e-02 1.195000e-01 -2.946135e-01 3.882646e-01
-6.035000e-01 1.200000e-01 -2.511356e-01 4.102825e-01 -6.040000e-01 1.205000e-01 -2.511510e-01 4.102688e-01
-6.030000e-01 1.195000e-01 -2.511216e-01 4.102963e-01 -6.035000e-01 1.200000e-01 -2.511356e-01 4.102825e-01
7.800000e-02 1.195000e-01 -2.946135e-01 3.882646e-01 7.850000e-02 1.200000e-01 -2.945794e-01 3.882355e-01
7.850000e-02 1.200000e-01 -2.945794e-01 3.882355e-01 7.900000e-02 1.205000e-01 -2.945440e-01 3.882068e-01
-6.045000e-01 1.210000e-01 -2.511665e-01 4.102541e-01 -6.050000e-01 1.215000e-01 -2.511833e-01 4.102395e-01
-6.040000e-01 1.205000e-01 -2.511510e-01 4.102688e-01 -6.045000e-01 1.210000e-01 -2.511665e-01 4.102541e-01
7.900000e-02 1.205000e-01 -2.945440e-01 3.882068e-01 7.900000e-02 1.215000e-01 -2.949136e-01 3.885169e-01
-6.055000e-01 1.220000e-01 -2.512003e-01 4.102237e-01 -6.060000e-01 1.225000e-01 -2.512186e-01 4.102082e-01
-6.050000e-01 1.215000e-01 -2.511833e-01 4.102395e-01 -6.055000e-01 1.220000e-01 -2.512003e-01 4.102237e-01
7.900000e-02 1.215000e-01 -2.949136e-01 3.885169e-01 7.950000e-02 1.220000e-01 -2.948777e-01 3.884862e-01
7.950000e-02 1.220000e-01 -2.948777e-01 3.884862e-01 8.000000e-02 1.225000e-01 -2.948406e-01 3.884559e-01
-6.060000e-01 1.225000e-01 -2.512186e-01 4.102082e-01 -6.060000e-01 1.235000e-01 -2.508548e-01 4.105387e-01
8.000000e-02 1.225000e-01 -2.948406e-01 3.884559e-01 8.050000e-02 1.230000e-01 -2.948033e-01 3.884245e-01
8.050000e-02 1.230000e-01 -2.948033e-01 3.884245e-01 8.100000e-02 1.235000e-01 -2.947647e-01 3.883935e-01
-6.065000e-01 1.240000e-01 -2.508735e-01 4.105210e-01 -6.070000e-01 1.245000e-01 -2.508934e-01 4.105035e-01
-6.060000e-01 1.235000e-01 -2.508548e-01 4.105387e-01 -6.065000e-01 1.240000e-01 -2.508735e-01 4.105210e-01
8.100000e-02 1.235000e-01 -2.947647e-01 3.883935e-01 8.100000e-02 1.245000e-01 -2.951331e-01 3.886980e-01
-6.075000e-01 1.250000e-01 -2.509136e-01 4.104849e-01 -6.080000e-01 1.255000e-01 -2.509350e-01 4.104664e-01
-6.070000e-01 1.245000e-01 -2.508934e-01 4.105035e-01 -6.075000e-01 1.250000e-01 -2.509136e-01 4.104849e-01
8.100000e-02 1.245000e-01 -2.951331e-01 3.886980e-01 8.150000e-02 1.250000e-01 -2.950940e-01 3.886650e-01
8.150000e-02 1.250000e-01 -2.950940e-01 3.886650e-01 8.200000e-02 1.255000e-01 -2.950537e-01 3.886324e-01
-6.085000e-01 1.260000e-01 -2.509567e-01 4.104468e-01 -6.090000e-01 1.265000e-01 -2.509796e-01 4.104275e-01
-6.080000e-01 1.255000e-01 -2.509350e-01 4.104664e-01 -6.085000e-01 1.260000e-01 -2.509567e-01 4.104468e-01
8.200000e-02 1.255000e-01 -2.950537e-01 3.886324e-01 8.250000e-02 1.260000e-01 -2.950130e-01 3.885989e-01
8.250000e-02 1.260000e-01 -2.950130e-01 3.885989e-01 8.300000e-02 1.265000e-01 -2.949712e-01 3.885656e-01
-6.090000e-01 1.265000e-01 -2.509796e-01 4.104275e-01 -6.090000e-01 1.275000e-01 -2.506169e-01 4.107494e-01
8.300000e-02 1.265000e-01 -2.949712e-01 3.885656e-01 8.300000e-02 1.275000e-01 -2.953384e-01 3.888645e-01
-6.095000e-01 1.280000e-01 -2.506403e-01 4.107279e-01 -6.100000e-01 1.285000e-01 -2.506649e-01 4.107066e-01
-6.090000e-01 1.275000e-01 -2.506169e-01 4.107494e-01 -6.095000e-01 1.280000e-01 -2.506403e-01 4.107279e-01
8.300000e-02 1.275000e-01 -2.953384e-01 3.888645e-01 8.350000e-02 1.280000e-01 -2.952960e-01 3.888293e-01
8.350000e-02 1.280000e-01 -2.952960e-01 3.888293e-01 8.400000e-02 1.285000e-01 -2.952523e-01 3.887946e-01
-6.105000e-01 1.290000e-01 -2.506898e-01 4.106842e-01 -6.110000e-01 1.295000e-01 -2.507160e-01 4.106620e-01
-6.100000e-01 1.285000e-01 -2.506649e-01 4.107066e-01 -6.105000e-01 1.290000e-01 -2.506898e-01 4.106842e-01
8.400000e-02 1.285000e-01 -2.952523e-01 3.887946e-01 8.450000e-02 1.290000e-01 -2.952083e-01 3.887588e-01
8.450000e-02 1.290000e-01 -2.952083e-01 3.887588e-01 8.500000e-02 1.295000e-01 -2.951632e-01 3.887235e-01
-6.115000e-01 1.300000e-01 -2.507425e-01 4.106388e-01 -6.120000e-01 1.305000e-01 -2.507702e-01 4.106157e-01
-6.110000e-01 1.295000e-01 -2.507160e-01 4.106620e-01 -6.115000e-01 1.300000e-01 -2.507425e-01 4.106388e-01
8.500000e-02 1.295000e-01 -2.951632e-01 3.887235e-01 8.500000e-02 1.305000e-01 -2.955291e-01 3.890167e-01
-6.120000e-01 1.305000e-01 -2.507702e-01 4.106157e-01 -6.120000e-01 1.315000e-01 -2.504086e-01 4.109291e-01
8.500000e-02 1.305000e-01 -2.955291e-01 3.890167e-01 8.550000e-02 1.310000e-01 -2.954833e-01 3.889795e-01
8.550000e-02 1.310000e-01 -2.954833e-01 3.889795e-01 8.600000e-02 1.315000e-01 -2.954363e-01 3.889426e-01
-6.125000e-01 1.320000e-01 -2.504368e-01 4.109039e-01 -6.130000e-01 1.325000e-01 -2.504663e-01 4.108790e-01
-6.120000e-01 1.315000e-01 -2.504086e-01 4.109291e-01 -6.125000e-01 1.320000e-01 -2.504368e-01 4.109039e-01
8.600000e-02 1.315000e-01 -2.954363e-01 3.889426e-01 8.650000e-02 1.320000e-01 -2.953889e-01 3.889048e-01
8.650000e-02 1.320000e-01 -2.953889e-01 3.889048e-01 8.700000e-02 1.325000e-01 -2.953404e-01 3.888673e-01
-6.135000e-01 1.330000e-01 -2.504961e-01 4.108529e-01 -6.140000e-01 1.335000e-01 -2.505272e-01 4.108271e-01
-6.130000e-01 1.325000e-01 -2.504663e-01 4.108790e-01 -6.135000e-01 1.330000e-01 -2.504961e-01 4.108529e-01
8.700000e-02 1.325000e-01 -2.953404e-01 3.888673e-01 8.700000e-02 1.335000e-01 -2.957049e-01 3.891551e-01
-6.145000e-01 1.340000e-01 -2.505584e-01 4.108003e-01 -6.150000e-01 1.345000e-01 -2.505911e-01 4.107737e-01
-6.140000e-01 1.335000e-01 -2.505272e-01 4.108271e-01 -6.145000e-01 1.340000e-01 -2.505584e-01 4.108003e-01
8.700000e-02 1.335000e-01 -2.957049e-01 3.891551e-01 8.750000e-02 1.340000e-01 -2.956556e-01 3.891158e-01
8.750000e-02 1.340000e-01 -2.956556e-01 3.891158e-01 8.800000e-02 1.345000e-01 -2.956052e-01 3.890769e-01
-6.150000e-01 1.345000e-01 -2.505911e-01 4.107737e-01 -6.150000e-01 1.355000e-01 -2.502309e-01 4.110785e-01
8.800000e-02 1.345000e-01 -2.956052e-01 3.890769e-01 8.800000e-02 1.355000e-01 -2.959690e-01 3.893610e-01
-6.155000e-01 1.360000e-01 -2.502640e-01 4.110498e-01 -6.160000e-01 1.365000e-01 -2.502984e-01 4.110213e-01
-6.150000e-01 1.355000e-01 -2.502309e-01 4.110785e-01 -6.155000e-01 1.360000e-01 -2.502640e-01 4.110498e-01
8.800000e-02 1.355000e-01 -2.959690e-01 3.893610e-01 8.850000e-02 1.360000e-01 -2.959179e-01 3.893203e-01
8.850000e-02 1.360000e-01 -2.959179e-01 3.893203e-01 8.900000e-02 1.365000e-01 -2.958655e-01 3.892799e-01
-6.165000e-01 1.370000e-01 -2.503332e-01 4.109918e-01 -6.170000e-01 1.375000e-01 -2.503691e-01 4.109625e-01
-6.160000e-01 1.365000e-01 -2.502984e-01 4.110213e-01 -6.165000e-01 1.370000e-01 -2.503332e-01 4.109918e-01
8.900000e-02 1.365000e-01 -2.958655e-01 3.892799e-01 8.950000e-02 1.370000e-01 -2.958128e-01 3.892386e-01
8.950000e-02 1.370000e-01 -2.958128e-01 3.892386e-01 9.000000e-02 1.375000e-01 -2.957589e-01 3.891977e-01
-6.170000e-01 1.375000e-01 -2.503691e-01 4.109625e-01 -6.170000e-01 1.385000e-01 -2.500100e-01 4.112610e-01
9.000000e-02 1.375000e-01 -2.957589e-01 3.891977e-01 9.000000e-02 1.385000e-01 -2.961212e-01 3.894764e-01
-6.175000e-01 1.390000e-01 -2.500465e-01 4.112297e-01 -6.180000e-01 1.395000e-01 -2.500844e-01 4.111986e-01
-6.170000e-01 1.385000e-01 -2.500100e-01 4.112610e-01 -6.175000e-01 1.390000e-01 -2.500465e-01 4.112297e-01
9.000000e-02 1.385000e-01 -2.961212e-01 3.894764e-01 9.050000e-02 1.390000e-01 -2.960665e-01 3.894337e-01
9.050000e-02 1.390000e-01 -2.960665e-01 3.894337e-01 9.100000e-02 1.395000e-01 -2.960106e-01 3.893915e-01
-6.185000e-01 1.400000e-01 -2.501226e-01 4.111664e-01 -6.190000e-01 1.405000e-01 -2.501620e-01 4.111346e-01
-6.180000e-01 1.395000e-01 -2.500844e-01 4.111986e-01 -6.185000e-01 1.400000e-01 -2.501226e-01 4.111664e-01
9.100000e-02 1.395000e-01 -2.960106e-01 3.893915e-01 9.150000e-02 1.400000e-01 -2.959544e-01 3.893483e-01
9.150000e-02 1.400000e-01 -2.959544e-01 3.893483e-01 9.200000e-02 1.405000e-01 -2.958970e-01 3.893055e-01
-6.195000e-01 1.410000e-01 -2.502018e-01 4.111016e-01 -6.200000e-01 1.415000e-01 -2.502428e-01 4.110690e-01
-6.190000e-01 1.405000e-01 -2.501620e-01 4.111346e-01 -6.195000e-01 1.410000e-01 -2.502018e-01 4.111016e-01
9.200000e-02 1.405000e-01 -2.958970e-01 3.893055e-01 9.200000e-02 1.415000e-01 -2.962576e-01 3.895788e-01
-6.200000e-01 1.415000e-01 -2.502428e-01 4.110690e-01 -6.200000e-01 1.425000e-01 -2.498853e-01 4.113591e-01
9.200000e-02 1.415000e-01 -2.962576e-01 3.895788e-01 9.250000e-02 1.420000e-01 -2.961994e-01 3.895343e-01
9.250000e-02 1.420000e-01 -2.961994e-01 3.895343e-01 9.300000e-02 1.425000e-01 -2.961400e-01 3.894902e-01
-6.205000e-01 1.430000e-01 -2.499270e-01 4.113244e-01 -6.210000e-01 1.435000e-01 -2.499700e-01 4.112900e-01
-6.200000e-01 1.425000e-01 -2.498853e-01 4.113591e-01 -6.205000e-01 1.430000e-01 -2.499270e-01 4.113244e-01
9.300000e-02 1.425000e-01 -2.961400e-01 3.894902e-01 9.300000e-02 1.435000e-01 -2.964997e-01 3.897599e-01
-6.215000e-01 1.440000e-01 -2.500132e-01 4.112546e-01 -6.220000e-01 1.445000e-01 -2.500578e-01 4.112195e-01
-6.210000e-01 1.435000e-01 -2.499700e-01 4.112900e-01 -6.215000e-01 1.440000e-01 -2.500132e-01 4.112546e-01
9.300000e-02 1.435000e-01 -2.964997e-01 3.897599e-01 9.350000e-02 1.440000e-01 -2.964395e-01 3.897140e-01
9.350000e-02 1.440000e-01 -2.964395e-01 3.897140e-01 9.400000e-02 1.445000e-01 -2.963781e-01 3.896686e-01
-6.225000e-01 1.450000e-01 -2.501027e-01 4.111833e-01 -6.230000e-01 1.455000e-01 -2.501488e-01 4.111475e-01
-6.220000e-01 1.445000e-01 -2.500578e-01 4.112195e-01 -6.225000e-01 1.450000e-01 -2.501027e-01 4.111833e-01
9.400000e-02 1.445000e-01 -2.963781e-01 3.896686e-01 9.450000e-02 1.450000e-01 -2.963163e-01 3.896223e-01
9.450000e-02 1.450000e-01 -2.963163e-01 3.896223e-01 9.500000e-02 1.455000e-01 -2.962533e-01 3.895764e-01
-6.230000e-01 1.455000e-01 -2.501488e-01 4.111475e-01 -6.230000e-01 1.465000e-01 -2.497933e-01 4.114293e-01
9.500000e-02 1.455000e-01 -2.962533e-01 3.895764e-01 9.500000e-02 1.465000e-01 -2.966112e-01 3.898408e-01
-6.235000e-01 1.470000e-01 -2.498402e-01 4.113914e-01 -6.240000e-01 1.475000e-01 -2.498883e-01 4.113538e-01
-6.230000e-01 1.465000e-01 -2.497933e-01 4.114293e-01 -6.235000e-01 1.470000e-01 -2.498402e-01 4.113914e-01
9.500000e-02 1.465000e-01 -2.966112e-01 3.898408e-01 9.550000e-02 1.470000e-01 -2.965473e-01 3.897932e-01
9.550000e-02 1.470000e-01 -2.965473e-01 3.897932e-01 9.600000e-02 1.475000e-01 -2.964823e-01 3.897461e-01
-6.245000e-01 1.480000e-01 -2.499367e-01 4.113152e-01 -6.250000e-01 1.485000e-01 -2.499865e-01 4.112770e-01
-6.240000e-01 1.475000e-01 -2.498883e-01 4.113538e-01 -6.245000e-01 1.480000e-01 -2.499367e-01 4.113152e-01
9.600000e-02 1.475000e-01 -2.964823e-01 3.897461e-01 9.600000e-02 1.485000e-01 -2.968392e-01 3.900069e-01
-6.255000e-01 1.490000e-01 -2.500366e-01 4.112377e-01 -6.260000e-01 1.495000e-01 -2.500880e-01 4.111988e-01
-6.250000e-01 1.485000e-01 -2.499865e-01 4.112770e-01 -6.255000e-01 1.490000e-01 -2.500366e-01 4.112377e-01
9.600000e-02 1.485000e-01 -2.968392e-01 3.900069e-01 9.650000e-02 1.490000e-01 -2.967733e-01 3.899580e-01
9.650000e-02 1.490000e-01 -2.967733e-01 3.899580e-01 9.700000e-02 1.495000e-01 -2.967062e-01 3.899096e-01
-6.260000e-01 1.495000e-01 -2.500880e-01 4.111988e-01 -6.260000e-01 1.505000e-01 -2.497345e-01 4.114723e-01
9.700000e-02 1.495000e-01 -2.967062e-01 3.899096e-01 9.750000e-02 1.500000e-01 -2.966387e-01 3.898604e-01
9.750000e-02 1.500000e-01 -2.966387e-01 3.898604e-01 9.800000e-02 1.505000e-01 -2.965701e-01 3.898116e-01
-6.265000e-01 1.510000e-01 -2.497867e-01 4.114314e-01 -6.270000e-01 1.515000e-01 -2.498400e-01 4.113908e-01
-6.260000e-01 1.505000e-01 -2.497345e-01 4.114723e-01 -6.265000e-01 1.510000e-01 -2.497867e-01 4.114314e-01
9.800000e-02 1.505000e-01 -2.965701e-01 3.898116e-01 9.800000e-02 1.515000e-01 -2.969249e-01 3.900673e-01
-6.275000e-01 1.520000e-01 -2.498938e-01 4.113492e-01 -6.280000e-01 1.525000e-01 -2.499488e-01 4.113080e-01
-6.270000e-01 1.515000e-01 -2.498400e-01 4.113908e-01 -6.275000e-01 1.520000e-01 -2.498938e-01 4.113492e-01
9.800000e-02 1.515000e-01 -2.969249e-01 3.900673e-01 9.850000e-02 1.520000e-01 -2.968553e-01 3.900168e-01
9.850000e-02 1.520000e-01 -2.968553e-01 3.900168e-01 9.900000e-02 1.525000e-01 -2.967846e-01 3.899668e-01
-6.280000e-01 1.525000e-01 -2.499488e-01 4.113080e-01 -6.280000e-01 1.535000e-01 -2.495969e-01 4.115754e-01
9.900000e-02 1.525000e-01 -2.967846e-01 3.899668e-01 9.900000e-02 1.535000e-01 -2.971384e-01 3.902190e-01
-6.285000e-01 1.540000e-01 -2.496527e-01 4.115321e-01 -6.290000e-01 1.545000e-01 -2.497098e-01 4.114892e-01
-6.280000e-01 1.535000e-01 -2.495969e-01 4.115754e-01 -6.285000e-01 1.540000e-01 -2.496527e-01 4.115321e-01
9.900000e-02 1.535000e-01 -2.971384e-01 3.902190e-01 9.950000e-02 1.540000e-01 -2.970667e-01 3.901673e-01
9.950000e-02 1.540000e-01 -2.970667e-01 3.901673e-01 1.000000e-01 1.545000e-01 -2.969938e-01 3.901162e-01
-6.295000e-01 1.550000e-01 -2.497672e-01 4.114453e-01 -6.300000e-01 1.555000e-01 -2.498260e-01 4.114019e-01
-6.290000e-01 1.545000e-01 -2.497098e-01 4.114892e-01 -6.295000e-01 1.550000e-01 -2.497672e-01 4.114453e-01
1.000000e-01 1.545000e-01 -2.969938e-01 3.901162e-01 1.000000e-01 1.555000e-01 -2.973465e-01 3.903649e-01
-6.305000e-01 1.560000e-01 -2.498851e-01 4.113574e-01 -6.310000e-01 1.565000e-01 -2.499455e-01 4.113133e-01
-6.300000e-01 1.555000e-01 -2.498260e-01 4.114019e-01 -6.305000e-01 1.560000e-01 -2.498851e-01 4.113574e-01
1.000000e-01 1.555000e-01 -2.973465e-01 3.903649e-01 1.005000e-01 1.560000e-01 -2.972726e-01 3.903121e-01
1.005000e-01 1.560000e-01 -2.972726e-01 3.903121e-01 1.010000e-01 1.565000e-01 -2.971977e-01 3.902598e-01
-6.310000e-01 1.565000e-01 -2.499455e-01 4.113133e-01 -6.310000e-01 1.575000e-01 -2.495960e-01 4.115727e-01
1.010000e-01 1.565000e-01 -2.971977e-01 3.902598e-01 1.015000e-01 1.570000e-01 -2.971222e-01 3.902067e-01
1.015000e-01 1.570000e-01 -2.971222e-01 3.902067e-01 1.020000e-01 1.575000e-01 -2.970456e-01 3.901541e-01
-6.315000e-01 1.580000e-01 -2.496572e-01 4.115266e-01 -6.320000e-01 1.585000e-01 -2.497197e-01 4.114809e-01
-6.310000e-01 1.575000e-01 -2.495960e-01 4.115727e-01 -6.315000e-01 1.580000e-01 -2.496572e-01 4.115266e-01
1.020000e-01 1.575000e-01 -2.970456e-01 3.901541e-01 1.020000e-01 1.585000e-01 -2.973960e-01 3.903977e-01
-6.325000e-01 1.590000e-01 -2.497826e-01 4.114343e-01 -6.330000e-01 1.595000e-01 -2.498467e-01 4.113880e-01
-6.320000e-01 1.585000e-01 -2.497197e-01 4.114809e-01 -6.325000e-01 1.590000e-01 -2.497826e-01 4.114343e-01
1.020000e-01 1.585000e-01 -2.973960e-01 3.903977e-01 1.025000e-01 1.590000e-01 -2.973184e-01 3.903435e-01
1.025000e-01 1.590000e-01 -2.973184e-01 3.903435e-01 1.030000e-01 1.595000e-01 -2.972396e-01 3.902898e-01
-6.330000e-01 1.595000e-01 -2.498467e-01 4.113880e-01 -6.330000e-01 1.605000e-01 -2.494990e-01 4.116413e-01
1.030000e-01 1.595000e-01 -2.972396e-01 3.902898e-01 1.030000e-01 1.605000e-01 -2.975888e-01 3.905300e-01
-6.335000e-01 1.610000e-01 -2.495640e-01 4.115931e-01 -6.340000e-01 1.615000e-01 -2.496302e-01 4.115454e-01
-6.330000e-01 1.605000e-01 -2.494990e-01 4.116413e-01 -6.335000e-01 1.610000e-01 -2.495640e-01 4.115931e-01
1.030000e-01 1.605000e-01 -2.975888e-01 3.905300e-01 1.035000e-01 1.610000e-01 -2.975091e-01 3.904747e-01
1.035000e-01 1.610000e-01 -2.975091e-01 3.904747e-01 1.040000e-01 1.615000e-01 -2.974281e-01 3.904199e-01
-6.345000e-01 1.620000e-01 -2.496969e-01 4.114966e-01 -6.350000e-01 1.625000e-01 -2.497649e-01 4.114483e-01
-6.340000e-01 1.615000e-01 -2.496302e-01 4.115454e-01 -6.345000e-01 1.620000e-01 -2.496969e-01 4.114966e-01
1.040000e-01 1.615000e-01 -2.974281e-01 3.904199e-01 1.040000e-01 1.625000e-01 -2.977760e-01 3.906567e-01
-6.355000e-01 1.630000e-01 -2.498332e-01 4.113991e-01 -6.360000e-01 1.635000e-01 -2.499028e-01 4.113503e-01
-6.350000e-01 1.625000e-01 -2.497649e-01 4.114483e-01 -6.355000e-01 1.630000e-01 -2.498332e-01 4.113991e-01
1.040000e-01 1.625000e-01 -2.977760e-01 3.906567e-01 1.045000e-01 1.630000e-01 -2.976941e-01 3.906004e-01
1.045000e-01 1.630000e-01 -2.976941e-01 3.906004e-01 1.050000e-01 1.635000e-01 -2.976110e-01 3.905446e-01
-6.360000e-01 1.635000e-01 -2.499028e-01 4.113503e-01 -6.360000e-01 1.645000e-01 -2.495579e-01 4.115956e-01
1.050000e-01 1.635000e-01 -2.976110e-01 3.905446e-01 1.050000e-01 1.645000e-01 -2.979576e-01 3.907780e-01
-6.365000e-01 1.650000e-01 -2.496284e-01 4.115449e-01 -6.370000e-01 1.655000e-01 -2.497002e-01 4.114946e-01
-6.360000e-01 1.645000e-01 -2.495579e-01 4.115956e-01 -6.365000e-01 1.650000e-01 -2.496284e-01 4.115449e-01
1.050000e-01 1.645000e-01 -2.979576e-01 3.907780e-01 1.055000e-01 1.650000e-01 -2.978734e-01 3.907207e-01
1.055000e-01 1.650000e-01 -2.978734e-01 3.907207e-01 1.060000e-01 1.655000e-01 -2.977880e-01 3.906639e-01
-6.375000e-01 1.660000e-01 -2.497724e-01 4.114433e-01 -6.380000e-01 1.665000e-01 -2.498459e-01 4.113925e-01
-6.370000e-01 1.655000e-01 -2.497002e-01 4.114946e-01 -6.375000e-01 1.660000e-01 -2.497724e-01 4.114433e-01
1.060000e-01 1.655000e-01 -2.977880e-01 3.906639e-01 1.060000e-01 1.665000e-01 -2.981333e-01 3.908940e-01
-6.380000e-01 1.665000e-01 -2.498459e-01 4.113925e-01 -6.380000e-01 1.675000e-01 -2.495029e-01 4.116320e-01
1.060000e-01 1.665000e-01 -2.981333e-01 3.908940e-01 1.065000e-01 1.670000e-01 -2.980469e-01 3.908357e-01
1.065000e-01 1.670000e-01 -2.980469e-01 3.908357e-01 1.070000e-01 1.675000e-01 -2.979593e-01 3.907779e-01
-6.385000e-01 1.680000e-01 -2.495774e-01 4.115793e-01 -6.390000e-01 1.685000e-01 -2.496530e-01 4.115271e-01
-6.380000e-01 1.675000e-01 -2.495029e-01 4.116320e-01 -6.385000e-01 1.680000e-01 -2.495774e-01 4.115793e-01
1.070000e-01 1.675000e-01 -2.979593e-01 3.907779e-01 1.075000e-01 1.680000e-01 -2.978712e-01 3.907194e-01
1.075000e-01 1.680000e-01 -2.978712e-01 3.907194e-01 1.080000e-01 1.685000e-01 -2.977820e-01 3.906614e-01
-6.395000e-01 1.690000e-01 -2.497292e-01 4.114739e-01 -6.400000e-01 1.695000e-01 -2.498065e-01 4.114212e-01
-6.390000e-01 1.685000e-01 -2.496530e-01 4.115271e-01 -6.395000e-01 1.690000e-01 -2.497292e-01 4.114739e-01
1.080000e-01 1.685000e-01 -2.977820e-01 3.906614e-01 1.080000e-01 1.695000e-01 -2.981247e-01 3.908867e-01
-6.405000e-01 1.700000e-01 -2.498844e-01 4.113676e-01 -6.410000e-01 1.705000e-01 -2.499634e-01 4.113145e-01
-6.400000e-01 1.695000e-01 -2.498065e-01 4.114212e-01 -6.405000e-01 1.700000e-01 -2.498844e-01 4.113676e-01
1.080000e-01 1.695000e-01 -2.981247e-01 3.908867e-01 1.085000e-01 1.700000e-01 -2.980343e-01 3.908272e-01
1.085000e-01 1.700000e-01 -2.980343e-01 3.908272e-01 1.090000e-01 1.705000e-01 -2.979428e-01 3.907684e-01
-6.410000e-01 1.705000e-01 -2.499634e-01 4.113145e-01 -6.410000e-01 1.715000e-01 -2.496236e-01 4.115462e-01
1.090000e-01 1.705000e-01 -2.979428e-01 3.907684e-01 1.090000e-01 1.715000e-01 -2.982841e-01 3.909904e-01
-6.415000e-01 1.720000e-01 -2.497036e-01 4.114912e-01 -6.420000e-01 1.725000e-01 -2.497849e-01 4.114367e-01
-6.410000e-01 1.715000e-01 -2.496236e-01 4.115462e-01 -6.415000e-01 1.720000e-01 -2.497036e-01 4.114912e-01
1.090000e-01 1.715000e-01 -2.982841e-01 3.909904e-01 1.095000e-01 1.720000e-01 -2.981915e-01 3.909300e-01
1.095000e-01 1.720000e-01 -2.981915e-01 3.909300e-01 1.100000e-01 1.725000e-01 -2.980977e-01 3.908702e-01
-6.425000e-01 1.730000e-01 -2.498667e-01 4.113813e-01 -6.430000e-01 1.735000e-01 -2.499497e-01 4.113264e-01
-6.420000e-01 1.725000e-01 -2.497849e-01 4.114367e-01 -6.425000e-01 1.730000e-01 -2.498667e-01 4.113813e-01
1.100000e-01 1.725000e-01 -2.980977e-01 3.908702e-01 1.100000e-01 1.735000e-01 -2.984375e-01 3.910890e-01
-6.430000e-01 1.735000e-01 -2.499497e-01 4.113264e-01 -6.430000e-01 1.745000e-01 -2.496121e-01 4.115523e-01
1.100000e-01 1.735000e-01 -2.984375e-01 3.910890e-01 1.105000e-01 1.740000e-01 -2.983426e-01 3.910278e-01
1.105000e-01 1.740000e-01 -2.983426e-01 3.910278e-01 1.110000e-01 1.745000e-01 -2.982466e-01 3.909672e-01
-6.435000e-01 1.750000e-01 -2.496961e-01 4.114956e-01 -6.440000e-01 1.755000e-01 -2.497813e-01 4.114394e-01
-6.430000e-01 1.745000e-01 -2.496121e-01 4.115523e-01 -6.435000e-01 1.750000e-01 -2.496961e-01 4.114956e-01
1.110000e-01 1.745000e-01 -2.982466e-01 3.909672e-01 1.110000e-01 1.755000e-01 -2.985848e-01 3.911827e-01
-6.445000e-01 1.760000e-01 -2.498671e-01 4.113822e-01 -6.450000e-01 1.765000e-01 -2.499541e-01 4.113256e-01
-6.440000e-01 1.755000e-01 -2.497813e-01 4.114394e-01 -6.445000e-01 1.760000e-01 -2.498671e-01 4.113822e-01
1.110000e-01 1.755000e-01 -2.985848e-01 3.911827e-01 1.115000e-01 1.760000e-01 -2.984876e-01 3.911207e-01
1.115000e-01 1.760000e-01 -2.984876e-01 3.911207e-01 1.120000e-01 1.765000e-01 -2.983892e-01 3.910592e-01
-6.450000e-01 1.765000e-01 -2.499541e-01 4.113256e-01 -6.450000e-01 1.775000e-01 -2.496188e-01 4.115458e-01
1.120000e-01 1.765000e-01 -2.983892e-01 3.910592e-01 1.120000e-01 1.775000e-01 -2.987259e-01 3.912716e-01
-6.455000e-01 1.780000e-01 -2.497068e-01 4.114874e-01 -6.460000e-01 1.785000e-01 -2.497961e-01 4.114295e-01
-6.450000e-01 1.775000e-01 -2.496188e-01 4.115458e-01 -6.455000e-01 1.780000e-01 -2.497068e-01 4.114874e-01
1.120000e-01 1.775000e-01 -2.987259e-01 3.912716e-01 1.125000e-01 1.780000e-01 -2.986264e-01 3.912087e-01
1.125000e-01 1.780000e-01 -2.986264e-01 3.912087e-01 1.130000e-01 1.785000e-01 -2.985257e-01 3.911465e-01
-6.465000e-01 1.790000e-01 -2.498858e-01 4.113707e-01 -6.470000e-01 1.795000e-01 -2.499768e-01 4.113125e-01
-6.460000e-01 1.785000e-01 -2.497961e-01 4.114295e-01 -6.465000e-01 1.790000e-01 -2.498858e-01 4.113707e-01
1.130000e-01 1.785000e-01 -2.985257e-01 3.911465e-01 1.130000e-01 1.795000e-01 -2.988608e-01 3.913557e-01
-6.470000e-01 1.795000e-01 -2.499768e-01 4.113125e-01 -6.470000e-01 1.805000e-01 -2.496439e-01 4.115271e-01
1.130000e-01 1.795000e-01 -2.988608e-01 3.913557e-01 1.135000e-01 1.800000e-01 -2.987589e-01 3.912921e-01
1.135000e-01 1.800000e-01 -2.987589e-01 3.912921e-01 1.140000e-01 1.805000e-01 -2.986559e-01 3.912291e-01
-6.475000e-01 1.810000e-01 -2.497360e-01 4.114671e-01 -6.480000e-01 1.815000e-01 -2.498293e-01 4.114076e-01
-6.470000e-01 1.805000e-01 -2.496439e-01 4.115271e-01 -6.475000e-01 1.810000e-01 -2.497360e-01 4.114671e-01
1.140000e-01 1.805000e-01 -2.986559e-01 3.912291e-01 1.140000e-01 1.815000e-01 -2.989894e-01 3.914352e-01
-6.485000e-01 1.820000e-01 -2.499231e-01 4.113473e-01 -6.490000e-01 1.825000e-01 -2.500181e-01 4.112875e-01
-6.480000e-01 1.815000e-01 -2.498293e-01 4.114076e-01 -6.485000e-01 1.820000e-01 -2.499231e-01 4.113473e-01
1.140000e-01 1.815000e-01 -2.989894e-01 3.914352e-01 1.140000e-01 1.825000e-01 -2.993224e-01 3.916395e-01
-6.490000e-01 1.825000e-01 -2.500181e-01 4.112875e-01 -6.490000e-01 1.835000e-01 -2.496877e-01 4.114966e-01
1.140000e-01 1.825000e-01 -2.993224e-01 3.916395e-01 1.145000e-01 1.830000e-01 -2.992175e-01 3.915744e-01
1.145000e-01 1.830000e-01 -2.992175e-01 3.915744e-01 1.150000e-01 1.835000e-01 -2.991116e-01 3.915101e-01
-6.495000e-01 1.840000e-01 -2.497839e-01 4.114350e-01 -6.500000e-01 1.845000e-01 -2.498812e-01 4.113741e-01
-6.490000e-01 1.835000e-01 -2.496877e-01 4.114966e-01 -6.495000e-01 1.840000e-01 -2.497839e-01 4.114350e-01
1.150000e-01 1.835000e-01 -2.991116e-01 3.915101e-01 1.150000e-01 1.845000e-01 -2.994429e-01 3.917113e-01
-6.505000e-01 1.850000e-01 -2.499791e-01 4.113122e-01 -6.510000e-01 1.855000e-01 -2.500782e-01 4.112510e-01
-6.500000e-01 1.845000e-01 -2.498812e-01 4.113741e-01 -6.505000e-01 1.850000e-01 -2.499791e-01 4.113122e-01
1.150000e-01 1.845000e-01 -2.994429e-01 3.917113e-01 1.155000e-01 1.850000e-01 -2.993357e-01 3.916456e-01
1.155000e-01 1.850000e-01 -2.993357e-01 3.916456e-01 1.160000e-01 1.855000e-01 -2.992274e-01 3.915805e-01
-6.510000e-01 1.855000e-01 -2.500782e-01 4.112510e-01 -6.510000e-01 1.865000e-01 -2.497505e-01 4.114545e-01
1.160000e-01 1.855000e-01 -2.992274e-01 3.915805e-01 1.160000e-01 1.865000e-01 -2.995569e-01 3.917787e-01
-6.515000e-01 1.870000e-01 -2.498507e-01 4.113915e-01 -6.520000e-01 1.875000e-01 -2.499521e-01 4.113292e-01
-6.510000e-01 1.865000e-01 -2.497505e-01 4.114545e-01 -6.515000e-01 1.870000e-01 -2.498507e-01 4.113915e-01
1.160000e-01 1.865000e-01 -2.995569e-01 3.917787e-01 1.165000e-01 1.870000e-01 -2.994473e-01 3.917123e-01
1.165000e-01 1.870000e-01 -2.994473e-01 3.917123e-01 1.170000e-01 1.875000e-01 -2.993366e-01 3.916466e-01
-6.525000e-01 1.880000e-01 -2.500541e-01 4.112659e-01 -6.530000e-01 1.885000e-01 -2.501573e-01 4.112033e-01
-6.520000e-01 1.875000e-01 -2.499521e-01 4.113292e-01 -6.525000e-01 1.880000e-01 -2.500541e-01 4.112659e-01
1.170000e-01 1.875000e-01 -2.993366e-01 3.916466e-01 1.170000e-01 1.885000e-01 -2.996644e-01 3.918417e-01
-6.530000e-01 1.885000e-01 -2.501573e-01 4.112033e-01 -6.530000e-01 1.895000e-01 -2.498323e-01 4.114014e-01
1.170000e-01 1.885000e-01 -2.996644e-01 3.918417e-01 1.175000e-01 1.890000e-01 -2.995524e-01 3.917747e-01
1.175000e-01 1.890000e-01 -2.995524e-01 3.917747e-01 1.180000e-01 1.895000e-01 -2.994393e-01 3.917084e-01
-6.535000e-01 1.900000e-01 -2.499366e-01 4.113371e-01 -6.540000e-01 1.905000e-01 -2.500422e-01 4.112734e-01
-6.530000e-01 1.895000e-01 -2.498323e-01 4.114014e-01 -6.535000e-01 1.900000e-01 -2.499366e-01 4.113371e-01
1.180000e-01 1.895000e-01 -2.994393e-01 3.917084e-01 1.180000e-01 1.905000e-01 -2.997653e-01 3.919006e-01
-6.545000e-01 1.910000e-01 -2.501483e-01 4.112089e-01 -6.550000e-01 1.915000e-01 -2.502556e-01 4.111450e-01
-6.540000e-01 1.905000e-01 -2.500422e-01 4.112734e-01 -6.545000e-01 1.910000e-01 -2.501483e-01 4.112089e-01
1.180000e-01 1.905000e-01 -2.997653e-01 3.919006e-01 1.185000e-01 1.910000e-01 -2.996508e-01 3.918330e-01
1.185000e-01 1.910000e-01 -2.996508e-01 3.918330e-01 1.190000e-01 1.915000e-01 -2.995353e-01 3.917661e-01
-6.550000e-01 1.915000e-01 -2.502556e-01 4.111450e-01 -6.550000e-01 1.925000e-01 -2.499333e-01 4.113377e-01
1.190000e-01 1.915000e-01 -2.995353e-01 3.917661e-01 1.190000e-01 1.925000e-01 -2.998595e-01 3.919553e-01
-6.555000e-01 1.930000e-01 -2.500419e-01 4.112722e-01 -6.560000e-01 1.935000e-01 -2.501516e-01 4.112072e-01
-6.550000e-01 1.925000e-01 -2.499333e-01 4.113377e-01 -6.555000e-01 1.930000e-01 -2.500419e-01 4.112722e-01
1.190000e-01 1.925000e-01 -2.998595e-01 3.919553e-01 1.190000e-01 1.935000e-01 -3.001831e-01 3.921427e-01
-6.565000e-01 1.940000e-01 -2.502619e-01 4.111414e-01 -6.570000e-01 1.945000e-01 -2.503733e-01 4.110763e-01
-6.560000e-01 1.935000e-01 -2.501516e-01 4.112072e-01 -6.565000e-01 1.940000e-01 -2.502619e-01 4.111414e-01
1.190000e-01 1.935000e-01 -3.001831e-01 3.921427e-01 1.195000e-01 1.940000e-01 -3.000655e-01 3.920740e-01
1.195000e-01 1.940000e-01 -3.000655e-01 3.920740e-01 1.200000e-01 1.945000e-01 -2.999469e-01 3.920060e-01
-6.570000e-01 1.945000e-01 -2.503733e-01 4.110763e-01 -6.570000e-01 1.955000e-01 -2.500539e-01 4.112638e-01
1.200000e-01 1.945000e-01 -2.999469e-01 3.920060e-01 1.200000e-01 1.955000e-01 -3.002687e-01 3.921905e-01
-6.575000e-01 1.960000e-01 -2.501666e-01 4.111971e-01 -6.580000e-01 1.965000e-01 -2.502805e-01 4.111310e-01
-6.570000e-01 1.955000e-01 -2.500539e-01 4.112638e-01 -6.575000e-01 1.960000e-01 -2.501666e-01 4.111971e-01
1.200000e-01 1.955000e-01 -3.002687e-01 3.921905e-01 1.205000e-01 1.960000e-01 -3.001487e-01 3.921213e-01
1.205000e-01 1.960000e-01 -3.001487e-01 3.921213e-01 1.210000e-01 1.965000e-01 -3.000276e-01 3.920528e-01
-6.585000e-01 1.970000e-01 -2.503950e-01 4.110641e-01 -6.590000e-01 1.975000e-01 -2.505106e-01 4.109978e-01
-6.580000e-01 1.965000e-01 -2.502805e-01 4.111310e-01 -6.585000e-01 1.970000e-01 -2.503950e-01 4.110641e-01
1.210000e-01 1.965000e-01 -3.000276e-01 3.920528e-01 1.210000e-01 1.975000e-01 -3.003474e-01 3.922344e-01
-6.590000e-01 1.975000e-01 -2.505106e-01 4.109978e-01 -6.590000e-01 1.985000e-01 -2.501942e-01 4.111801e-01
1.210000e-01 1.975000e-01 -3.003474e-01 3.922344e-01 1.215000e-01 1.980000e-01 -3.002249e-01 3.921648e-01
1.215000e-01 1.980000e-01 -3.002249e-01 3.921648e-01 1.220000e-01 1.985000e-01 -3.001014e-01 3.920958e-01
-6.595000e-01 1.990000e-01 -2.503111e-01 4.111123e-01 -6.600000e-01 1.995000e-01 -2.504291e-01 4.110451e-01
-6.590000e-01 1.985000e-01 -2.501942e-01 4.111801e-01 -6.595000e-01 1.990000e-01 -2.503111e-01 4.111123e-01
1.220000e-01 1.985000e-01 -3.001014e-01 3.920958e-01 1.220000e-01 1.995000e-01 -3.004193e-01 3.922746e-01
-6.605000e-01 2.000000e-01 -2.505478e-01 4.109771e-01 -6.610000e-01 2.005000e-01 -2.506676e-01 4.109098e-01
-6.600000e-01 1.995000e-01 -2.504291e-01 4.110451e-01 -6.605000e-01 2.000000e-01 -2.505478e-01 4.109771e-01
1.220000e-01 1.995000e-01 -3.004193e-01 3.922746e-01 1.220000e-01 2.005000e-01 -3.007365e-01 3.924516e-01
-6.610000e-01 2.005000e-01 -2.506676e-01 4.109098e-01 -6.610000e-01 2.015000e-01 -2.503543e-01 4.110870e-01
1.220000e-01 2.005000e-01 -3.007365e-01 3.924516e-01 1.225000e-01 2.010000e-01 -3.006109e-01 3.923810e-01
1.225000e-01 2.010000e-01 -3.006109e-01 3.923810e-01 1.230000e-01 2.015000e-01 -3.004841e-01 3.923111e-01
-6.615000e-01 2.020000e-01 -2.504754e-01 4.110182e-01 -6.620000e-01 2.025000e-01 -2.505977e-01 4.109500e-01
-6.610000e-01 2.015000e-01 -2.503543e-01 4.110870e-01 -6.615000e-01 2.020000e-01 -2.504754e-01 4.110182e-01
1.230000e-01 2.015000e-01 -3.004841e-01 3.923111e-01 1.230000e-01 2.025000e-01 -3.007994e-01 3.924853e-01
-6.625000e-01 2.030000e-01 -2.507206e-01 4.108811e-01 -6.630000e-01 2.035000e-01 -2.508446e-01 4.108128e-01
-6.620000e-01 2.025000e-01 -2.505977e-01 4.109500e-01 -6.625000e-01 2.030000e-01 -2.507206e-01 4.108811e-01
1.230000e-01 2.025000e-01 -3.007994e-01 3.924853e-01 1.235000e-01 2.030000e-01 -3.006713e-01 3.924143e-01
1.235000e-01 2.030000e-01 -3.006713e-01 3.924143e-01 1.240000e-01 2.035000e-01 -3.005421e-01 3.923440e-01
-6.630000e-01 2.035000e-01 -2.508446e-01 4.108128e-01 -6.630000e-01 2.045000e-01 -2.505344e-01 4.109850e-01
1.240000e-01 2.035000e-01 -3.005421e-01 3.923440e-01 1.240000e-01 2.045000e-01 -3.008553e-01 3.925155e-01
-6.635000e-01 2.050000e-01 -2.506598e-01 4.109153e-01 -6.640000e-01 2.055000e-01 -2.507863e-01 4.108462e-01
-6.630000e-01 2.045000e-01 -2.505344e-01 4.109850e-01 -6.635000e-01 2.050000e-01 -2.506598e-01 4.109153e-01
1.240000e-01 2.045000e-01 -3.008553e-01 3.925155e-01 1.240000e-01 2.055000e-01 -3.011679e-01 3.926854e-01
-6.640000e-01 2.055000e-01 -2.507863e-01 4.108462e-01 -6.640000e-01 2.065000e-01 -2.504779e-01 4.110149e-01
1.240000e-01 2.055000e-01 -3.011679e-01 3.926854e-01 1.245000e-01 2.060000e-01 -3.010365e-01 3.926135e-01
1.245000e-01 2.060000e-01 -3.010365e-01 3.926135e-01 1.250000e-01 2.065000e-01 -3.009040e-01 3.925423e-01
-6.645000e-01 2.070000e-01 -2.506058e-01 4.109444e-01 -6.650000e-01 2.075000e-01 -2.507347e-01 4.108745e-01
-6.640000e-01 2.065000e-01 -2.504779e-01 4.110149e-01 -6.645000e-01 2.070000e-01 -2.506058e-01 4.109444e-01
1.250000e-01 2.065000e-01 -3.009040e-01 3.925423e-01 1.250000e-01 2.075000e-01 -3.012145e-01 3.927095e-01
-6.655000e-01 2.080000e-01 -2.508643e-01 4.108039e-01 -6.660000e-01 2.085000e-01 -2.509951e-01 4.107341e-01
-6.650000e-01 2.075000e-01 -2.507347e-01 4.108745e-01 -6.655000e-01 2.080000e-01 -2.508643e-01 4.108039e-01
1.250000e-01 2.075000e-01 -3.012145e-01 3.927095e-01 1.255000e-01 2.080000e-01 -3.010806e-01 3.926373e-01
1.255000e-01 2.080000e-01 -3.010806e-01 3.926373e-01 1.260000e-01 2.085000e-01 -3.009456e-01 3.925658e-01
-6.660000e-01 2.085000e-01 -2.509951e-01 4.107341e-01 -6.660000e-01 2.095000e-01 -2.506900e-01 4.108979e-01
1.260000e-01 2.085000e-01 -3.009456e-01 3.925658e-01 1.260000e-01 2.095000e-01 -3.012540e-01 3.927303e-01
-6.665000e-01 2.100000e-01 -2.508222e-01 4.108266e-01 -6.670000e-01 2.105000e-01 -2.509553e-01 4.107560e-01
-6.660000e-01 2.095000e-01 -2.506900e-01 4.108979e-01 -6.665000e-01 2.100000e-01 -2.508222e-01 4.108266e-01
1.260000e-01 2.095000e-01 -3.012540e-01 3.927303e-01 1.260000e-01 2.105000e-01 -3.015617e-01 3.928931e-01
-6.675000e-01 2.110000e-01 -2.510893e-01 4.106847e-01 -6.680000e-01 2.115000e-01 -2.512242e-01 4.106141e-01
-6.670000e-01 2.105000e-01 -2.509553e-01 4.107560e-01 -6.675000e-01 2.110000e-01 -2.510893e-01 4.106847e-01
1.260000e-01 2.105000e-01 -3.015617e-01 3.928931e-01 1.265000e-01 2.110000e-01 -3.014245e-01 3.928202e-01
1.265000e-01 2.110000e-01 -3.014245e-01 3.928202e-01 1.270000e-01 2.115000e-01 -3.012863e-01 3.927480e-01
-6.680000e-01 2.115000e-01 -2.512242e-01 4.106141e-01 -6.680000e-01 2.125000e-01 -2.509225e-01 4.107731e-01
1.270000e-01 2.115000e-01 -3.012863e-01 3.927480e-01 1.270000e-01 2.125000e-01 -3.015917e-01 3.929082e-01
-6.685000e-01 2.130000e-01 -2.510590e-01 4.107011e-01 -6.690000e-01 2.135000e-01 -2.511964e-01 4.106299e-01
-6.680000e-01 2.125000e-01 -2.509225e-01 4.107731e-01 -6.685000e-01 2.130000e-01 -2.510590e-01 4.107011e-01
1.270000e-01 2.125000e-01 -3.015917e-01 3.929082e-01 1.270000e-01 2.135000e-01 -3.018966e-01 3.930668e-01
-6.690000e-01 2.135000e-01 -2.511964e-01 4.106299e-01 -6.690000e-01 2.145000e-01 -2.508967e-01 4.107856e-01
1.270000e-01 2.135000e-01 -3.018966e-01 3.930668e-01 1.275000e-01 2.140000e-01 -3.017560e-01 3.929932e-01
1.275000e-01 2.140000e-01 -3.017560e-01 3.929932e-01 1.280000e-01 2.145000e-01 -3.016145e-01 3.929203e-01
-6.695000e-01 2.150000e-01 -2.510357e-01 4.107130e-01 -6.700000e-01 2.155000e-01 -2.511757e-01 4.106411e-01
-6.690000e-01 2.145000e-01 -2.508967e-01 4.107856e-01 -6.695000e-01 2.150000e-01 -2.510357e-01 4.107130e-01
1.280000e-01 2.145000e-01 -3.016145e-01 3.929203e-01 1.280000e-01 2.155000e-01 -3.019171e-01 3.930763e-01
-6.705000e-01 2.160000e-01 -2.513164e-01 4.105685e-01 -6.710000e-01 2.165000e-01 -2.514581e-01 4.104966e-01
-6.700000e-01 2.155000e-01 -2.511757e-01 4.106411e-01 -6.705000e-01 2.160000e-01 -2.513164e-01 4.105685e-01
1.280000e-01 2.155000e-01 -3.019171e-01 3.930763e-01 1.280000e-01 2.165000e-01 -3.022190e-01 3.932307e-01
-6.710000e-01 2.165000e-01 -2.514581e-01 4.104966e-01 -6.710000e-01 2.175000e-01 -2.511619e-01 4.106477e-01
1.280000e-01 2.165000e-01 -3.022190e-01 3.932307e-01 1.285000e-01 2.170000e-01 -3.020751e-01 3.931565e-01
1.285000e-01 2.170000e-01 -3.020751e-01 3.931565e-01 1.290000e-01 2.175000e-01 -3.019302e-01 3.930831e-01
-6.715000e-01 2.180000e-01 -2.513052e-01 4.105746e-01 -6.720000e-01 2.185000e-01 -2.514495e-01 4.105021e-01
-6.710000e-01 2.175000e-01 -2.511619e-01 4.106477e-01 -6.715000e-01 2.180000e-01 -2.513052e-01 4.105746e-01
1.290000e-01 2.175000e-01 -3.019302e-01 3.930831e-01 1.290000e-01 2.185000e-01 -3.022298e-01 3.932350e-01
-6.720000e-01 2.185000e-01 -2.514495e-01 4.105021e-01 -6.720000e-01 2.195000e-01 -2.511553e-01 4.106500e-01
1.290000e-01 2.185000e-01 -3.022298e-01 3.932350e-01 1.295000e-01 2.190000e-01 -3.020833e-01 3.931606e-01
1.295000e-01 2.190000e-01 -3.020833e-01 3.931606e-01 1.300000e-01 2.195000e-01 -3.019358e-01 3.930871e-01
-6.725000e-01 2.200000e-01 -2.513011e-01 4.105763e-01 -6.730000e-01 2.205000e-01 -2.514479e-01 4.105033e-01
-6.720000e-01 2.195000e-01 -2.511553e-01 4.106500e-01 -6.725000e-01 2.200000e-01 -2.513011e-01 4.105763e-01
1.300000e-01 2.195000e-01 -3.019358e-01 3.930871e-01 1.300000e-01 2.205000e-01 -3.022332e-01 3.932365e-01
-6.735000e-01 2.210000e-01 -2.515955e-01 4.104297e-01 -6.740000e-01 2.215000e-01 -2.517441e-01 4.103568e-01
-6.730000e-01 2.205000e-01 -2.514479e-01 4.105033e-01 -6.735000e-01 2.210000e-01 -2.515955e-01 4.104297e-01
1.300000e-01 2.205000e-01 -3.022332e-01 3.932365e-01 1.300000e-01 2.215000e-01 -3.025297e-01 3.933844e-01
-6.740000e-01 2.215000e-01 -2.517441e-01 4.103568e-01 -6.740000e-01 2.225000e-01 -2.514536e-01 4.105003e-01
1.300000e-01 2.215000e-01 -3.025297e-01 3.933844e-01 1.305000e-01 2.220000e-01 -3.023799e-01 3.933096e-01
1.305000e-01 2.220000e-01 -3.023799e-01 3.933096e-01 1.310000e-01 2.225000e-01 -3.022290e-01 3.932356e-01
-6.745000e-01 2.230000e-01 -2.516037e-01 4.104261e-01 -6.750000e-01 2.235000e-01 -2.517548e-01 4.103528e-01
-6.740000e-01 2.225000e-01 -2.514536e-01 4.105003e-01 -6.745000e-01 2.230000e-01 -2.516037e-01 4.104261e-01
1.310000e-01 2.225000e-01 -3.022290e-01 3.932356e-01 1.310000e-01 2.235000e-01 -3.025232e-01 3.933810e-01
-6.750000e-01 2.235000e-01 -2.517548e-01 4.103528e-01 -6.750000e-01 2.245000e-01 -2.514665e-01 4.104931e-01
1.310000e-01 2.235000e-01 -3.025232e-01 3.933810e-01 1.310000e-01 2.245000e-01 -3.028166e-01 3.935249e-01
-6.755000e-01 2.250000e-01 -2.516191e-01 4.104185e-01 -6.760000e-01 2.255000e-01 -2.517728e-01 4.103447e-01
-6.750000e-01 2.245000e-01 -2.514665e-01 4.104931e-01 -6.755000e-01 2.250000e-01 -2.516191e-01 4.104185e-01
1.310000e-01 2.245000e-01 -3.028166e-01 3.935249e-01 1.315000e-01 2.250000e-01 -3.026633e-01 3.934497e-01
1.315000e-01 2.250000e-01 -3.026633e-01 3.934497e-01 1.320000e-01 2.255000e-01 -3.025090e-01 3.933753e-01
-6.760000e-01 2.255000e-01 -2.517728e-01 4.103447e-01 -6.760000e-01 2.265000e-01 -2.514867e-01 4.104819e-01
1.320000e-01 2.255000e-01 -3.025090e-01 3.933753e-01 1.320000e-01 2.265000e-01 -3.028001e-01 3.935168e-01
-6.765000e-01 2.270000e-01 -2.516419e-01 4.104069e-01 -6.770000e-01 2.275000e-01 -2.517982e-01 4.103326e-01
-6.760000e-01 2.265000e-01 -2.514867e-01 4.104819e-01 -6.765000e-01 2.270000e-01 -2.516419e-01 4.104069e-01
1.320000e-01 2.265000e-01 -3.028001e-01 3.935168e-01 1.320000e-01 2.275000e-01 -3.030903e-01 3.936568e-01
-6.775000e-01 2.280000e-01 -2.519551e-01 4.102578e-01 -6.780000e-01 2.285000e-01 -2.521131e-01 4.101837e-01
-6.770000e-01 2.275000e-01 -2.517982e-01 4.103326e-01 -6.775000e-01 2.280000e-01 -2.519551e-01 4.102578e-01
1.320000e-01 2.275000e-01 -3.030903e-01 3.936568e-01 1.320000e-01 2.285000e-01 -3.033797e-01 3.937952e-01
-6.780000e-01 2.285000e-01 -2.521131e-01 4.101837e-01 -6.780000e-01 2.295000e-01 -2.518308e-01 4.103167e-01
1.320000e-01 2.285000e-01 -3.033797e-01 3.937952e-01 1.325000e-01 2.290000e-01 -3.032222e-01 3.937193e-01
1.325000e-01 2.290000e-01 -3.032222e-01 3.937193e-01 1.330000e-01 2.295000e-01 -3.030636e-01 3.936442e-01
-6.785000e-01 2.300000e-01 -2.519904e-01 4.102415e-01 -6.790000e-01 2.305000e-01 -2.521510e-01 4.101671e-01
-6.780000e-01 2.295000e-01 -2.518308e-01 4.103167e-01 -6.785000e-01 2.300000e-01 -2.519904e-01 4.102415e-01
1.330000e-01 2.295000e-01 -3.030636e-01 3.936442e-01 1.330000e-01 2.305000e-01 -3.033506e-01 3.937804e-01
-6.790000e-01 2.305000e-01 -2.521510e-01 4.101671e-01 -6.790000e-01 2.315000e-01 -2.518709e-01 4.102971e-01
1.330000e-01 2.305000e-01 -3.033506e-01 3.937804e-01 1.330000e-01 2.315000e-01 -3.036367e-01 3.939150e-01
-6.795000e-01 2.320000e-01 -2.520331e-01 4.102216e-01 -6.800000e-01 2.325000e-01 -2.521962e-01 4.101468e-01
-6.790000e-01 2.315000e-01 -2.518709e-01 4.102971e-01 -6.795000e-01 2.320000e-01 -2.520331e-01 4.102216e-01
1.330000e-01 2.315000e-01 -3.036367e-01 3.939150e-01 1.335000e-01 2.320000e-01 -3.034757e-01 3.938388e-01
1.335000e-01 2.320000e-01 -3.034757e-01 3.938388e-01 1.340000e-01 2.325000e-01 -3.033137e-01 3.937636e-01
-6.800000e-01 2.325000e-01 -2.521962e-01 4.101468e-01 -6.800000e-01 2.335000e-01 -2.519185e-01 4.102739e-01
1.340000e-01 2.325000e-01 -3.033137e-01 3.937636e-01 1.340000e-01 2.335000e-01 -3.035973e-01 3.938960e-01
-6.805000e-01 2.340000e-01 -2.520832e-01 4.101981e-01 -6.810000e-01 2.345000e-01 -2.522489e-01 4.101230e-01
-6.800000e-01 2.335000e-01 -2.519185e-01 4.102739e-01 -6.805000e-01 2.340000e-01 -2.520832e-01 4.101981e-01
1.340000e-01 2.335000e-01 -3.035973e-01 3.938960e-01 1.340000e-01 2.345000e-01 -3.038801e-01 3.940269e-01
-6.815000e-01 2.350000e-01 -2.524154e-01 4.100474e-01 -6.820000e-01 2.355000e-01 -2.525829e-01 4.099726e-01
-6.810000e-01 2.345000e-01 -2.522489e-01 4.101230e-01 -6.815000e-01 2.350000e-01 -2.524154e-01 4.100474e-01
1.340000e-01 2.345000e-01 -3.038801e-01 3.940269e-01 1.345000e-01 2.350000e-01 -3.037156e-01 3.939506e-01
1.345000e-01 2.350000e-01 -3.037156e-01 3.939506e-01 1.350000e-01 2.355000e-01 -3.035501e-01 3.938752e-01
-6.820000e-01 2.355000e-01 -2.525829e-01 4.099726e-01 -6.820000e-01 2.365000e-01 -2.523091e-01 4.100957e-01
1.350000e-01 2.355000e-01 -3.035501e-01 3.938752e-01 1.350000e-01 2.365000e-01 -3.038303e-01 3.940039e-01
-6.825000e-01 2.370000e-01 -2.524782e-01 4.100199e-01 -6.830000e-01 2.375000e-01 -2.526483e-01 4.099449e-01
-6.820000e-01 2.365000e-01 -2.523091e-01 4.100957e-01 -6.825000e-01 2.370000e-01 -2.524782e-01 4.100199e-01
1.350000e-01 2.365000e-01 -3.038303e-01 3.940039e-01 1.350000e-01 2.375000e-01 -3.041096e-01 3.941312e-01
-6.830000e-01 2.375000e-01 -2.526483e-01 4.099449e-01 -6.830000e-01 2.385000e-01 -2.523769e-01 4.100651e-01
1.350000e-01 2.375000e-01 -3.041096e-01 3.941312e-01 1.350000e-01 2.385000e-01 -3.043880e-01 3.942570e-01
-6.835000e-01 2.390000e-01 -2.525486e-01 4.099891e-01 -6.840000e-01 2.395000e-01 -2.527212e-01 4.099139e-01
-6.830000e-01 2.385000e-01 -2.523769e-01 4.100651e-01 -6.835000e-01 2.390000e-01 -2.525486e-01 4.099891e-01
1.350000e-01 2.385000e-01 -3.043880e-01 3.942570e-01 1.355000e-01 2.390000e-01 -3.042191e-01 3.941803e-01
1.355000e-01 2.390000e-01 -3.042191e-01 3.941803e-01 1.360000e-01 2.395000e-01 -3.040493e-01 3.941046e-01
-6.840000e-01 2.395000e-01 -2.527212e-01 4.099139e-01 -6.840000e-01 2.405000e-01 -2.524523e-01 4.100313e-01
1.360000e-01 2.395000e-01 -3.040493e-01 3.941046e-01 1.360000e-01 2.405000e-01 -3.043251e-01 3.942283e-01
-6.845000e-01 2.410000e-01 -2.526266e-01 4.099551e-01 -6.850000e-01 2.415000e-01 -2.528018e-01 4.098797e-01
-6.840000e-01 2.405000e-01 -2.524523e-01 4.100313e-01 -6.845000e-01 2.410000e-01 -2.526266e-01 4.099551e-01
1.360000e-01 2.405000e-01 -3.043251e-01 3.942283e-01 1.360000e-01 2.415000e-01 -3.046001e-01 3.943505e-01
-6.850000e-01 2.415000e-01 -2.528018e-01 4.098797e-01 -6.850000e-01 2.425000e-01 -2.525353e-01 4.099945e-01
1.360000e-01 2.415000e-01 -3.046001e-01 3.943505e-01 1.360000e-01 2.425000e-01 -3.048741e-01 3.944713e-01
-6.855000e-01 2.430000e-01 -2.527122e-01 4.099181e-01 -6.860000e-01 2.435000e-01 -2.528900e-01 4.098426e-01
-6.850000e-01 2.425000e-01 -2.525353e-01 4.099945e-01 -6.855000e-01 2.430000e-01 -2.527122e-01 4.099181e-01
1.360000e-01 2.425000e-01 -3.048741e-01 3.944713e-01 1.365000e-01 2.430000e-01 -3.047008e-01 3.943945e-01
1.365000e-01 2.430000e-01 -3.047008e-01 3.943945e-01 1.370000e-01 2.435000e-01 -3.045265e-01 3.943185e-01
-6.860000e-01 2.435000e-01 -2.528900e-01 4.098426e-01 -6.860000e-01 2.445000e-01 -2.526260e-01 4.099546e-01
1.370000e-01 2.435000e-01 -3.045265e-01 3.943185e-01 1.370000e-01 2.445000e-01 -3.047979e-01 3.944373e-01
-6.865000e-01 2.450000e-01 -2.528055e-01 4.098781e-01 -6.870000e-01 2.455000e-01 -2.529859e-01 4.098025e-01
-6.860000e-01 2.445000e-01 -2.526260e-01 4.099546e-01 -6.865000e-01 2.450000e-01 -2.528055e-01 4.098781e-01
1.370000e-01 2.445000e-01 -3.047979e-01 3.944373e-01 1.370000e-01 2.455000e-01 -3.050683e-01 3.945547e-01
-6.870000e-01 2.455000e-01 -2.529859e-01 4.098025e-01 -6.870000e-01 2.465000e-01 -2.527244e-01 4.099119e-01
1.370000e-01 2.455000e-01 -3.050683e-01 3.945547e-01 1.370000e-01 2.465000e-01 -3.053378e-01 3.946707e-01
-6.875000e-01 2.470000e-01 -2.529064e-01 4.098353e-01 -6.880000e-01 2.475000e-01 -2.530895e-01 4.097597e-01
-6.870000e-01 2.465000e-01 -2.527244e-01 4.099119e-01 -6.875000e-01 2.470000e-01 -2.529064e-01 4.098353e-01
1.370000e-01 2.465000e-01 -3.053378e-01 3.946707e-01 1.375000e-01 2.470000e-01 -3.051599e-01 3.945936e-01
1.375000e-01 2.470000e-01 -3.051599e-01 3.945936e-01 1.380000e-01 2.475000e-01 -3.049812e-01 3.945176e-01
-6.880000e-01 2.475000e-01 -2.530895e-01 4.097597e-01 -6.880000e-01 2.485000e-01 -2.528305e-01 4.098664e-01
1.380000e-01 2.475000e-01 -3.049812e-01 3.945176e-01 1.380000e-01 2.485000e-01 -3.052480e-01 3.946316e-01
-6.885000e-01 2.490000e-01 -2.530152e-01 4.097898e-01 -6.890000e-01 2.495000e-01 -2.532008e-01 4.097142e-01
-6.880000e-01 2.485000e-01 -2.528305e-01 4.098664e-01 -6.885000e-01 2.490000e-01 -2.530152e-01 4.097898e-01
1.380000e-01 2.485000e-01 -3.052480e-01 3.946316e-01 1.380000e-01 2.495000e-01 -3.055138e-01 3.947443e-01
-6.890000e-01 2.495000e-01 -2.532008e-01 4.097142e-01 -6.890000e-01 2.505000e-01 -2.529444e-01 4.098183e-01
1.380000e-01 2.495000e-01 -3.055138e-01 3.947443e-01 1.380000e-01 2.505000e-01 -3.057786e-01 3.948556e-01
-6.895000e-01 2.510000e-01 -2.531317e-01 4.097417e-01 -6.900000e-01 2.515000e-01 -2.533199e-01 4.096661e-01
-6.890000e-01 2.505000e-01 -2.529444e-01 4.098183e-01 -6.895000e-01 2.510000e-01 -2.531317e-01 4.097417e-01
1.380000e-01 2.505000e-01 -3.057786e-01 3.948556e-01 1.385000e-01 2.510000e-01 -3.055963e-01 3.947786e-01
1.385000e-01 2.510000e-01 -3.055963e-01 3.947786e-01 1.390000e-01 2.515000e-01 -3.054131e-01 3.947026e-01
-6.900000e-01 2.515000e-01 -2.533199e-01 4.096661e-01 -6.900000e-01 2.525000e-01 -2.530662e-01 4.097677e-01
1.390000e-01 2.515000e-01 -3.054131e-01 3.947026e-01 1.390000e-01 2.525000e-01 -3.056751e-01 3.948120e-01
-6.905000e-01 2.530000e-01 -2.532561e-01 4.096912e-01 -6.910000e-01 2.535000e-01 -2.534469e-01 4.096156e-01
-6.900000e-01 2.525000e-01 -2.530662e-01 4.097677e-01 -6.905000e-01 2.530000e-01 -2.532561e-01 4.096912e-01
1.390000e-01 2.525000e-01 -3.056751e-01 3.948120e-01 1.390000e-01 2.535000e-01 -3.059362e-01 3.949202e-01
-6.910000e-01 2.535000e-01 -2.534469e-01 4.096156e-01 -6.910000e-01 2.545000e-01 -2.531957e-01 4.097147e-01
1.390000e-01 2.535000e-01 -3.059362e-01 3.949202e-01 1.390000e-01 2.545000e-01 -3.061962e-01 3.950269e-01
-6.915000e-01 2.550000e-01 -2.533883e-01 4.096383e-01 -6.920000e-01 2.555000e-01 -2.535817e-01 4.095627e-01
-6.910000e-01 2.545000e-01 -2.531957e-01 4.097147e-01 -6.915000e-01 2.550000e-01 -2.533883e-01 4.096383e-01
1.390000e-01 2.545000e-01 -3.061962e-01 3.950269e-01 1.390000e-01 2.555000e-01 -3.064552e-01 3.951323e-01
-6.920000e-01 2.555000e-01 -2.535817e-01 4.095627e-01 -6.920000e-01 2.565000e-01 -2.533332e-01 4.096594e-01
1.390000e-01 2.555000e-01 -3.064552e-01 3.951323e-01 1.395000e-01 2.560000e-01 -3.062675e-01 3.950553e-01
1.395000e-01 2.560000e-01 -3.062675e-01 3.950553e-01 1.400000e-01 2.565000e-01 -3.060788e-01 3.949792e-01
-6.925000e-01 2.570000e-01 -2.535283e-01 4.095831e-01 -6.930000e-01 2.575000e-01 -2.537244e-01 4.095077e-01
-6.920000e-01 2.565000e-01 -2.533332e-01 4.096594e-01 -6.925000e-01 2.570000e-01 -2.535283e-01 4.095831e-01
1.400000e-01 2.565000e-01 -3.060788e-01 3.949792e-01 1.400000e-01 2.575000e-01 -3.063350e-01 3.950830e-01
-6.930000e-01 2.575000e-01 -2.537244e-01 4.095077e-01 -6.930000e-01 2.585000e-01 -2.534785e-01 4.096020e-01
1.400000e-01 2.575000e-01 -3.063350e-01 3.950830e-01 1.400000e-01 2.585000e-01 -3.065901e-01 3.951853e-01
-6.935000e-01 2.590000e-01 -2.536763e-01 4.095259e-01 -6.940000e-01 2.595000e-01 -2.538750e-01 4.094506e-01
-6.930000e-01 2.585000e-01 -2.534785e-01 4.096020e-01 -6.935000e-01 2.590000e-01 -2.536763e-01 4.095259e-01
1.400000e-01 2.585000e-01 -3.065901e-01 3.951853e-01 1.400000e-01 2.595000e-01 -3.068442e-01 3.952864e-01
-6.940000e-01 2.595000e-01 -2.538750e-01 4.094506e-01 -6.940000e-01 2.605000e-01 -2.536318e-01 4.095425e-01
1.400000e-01 2.595000e-01 -3.068442e-01 3.952864e-01 1.400000e-01 2.605000e-01 -3.070972e-01 3.953861e-01
-6.945000e-01 2.610000e-01 -2.538322e-01 4.094666e-01 -6.950000e-01 2.615000e-01 -2.540335e-01 4.093916e-01
-6.940000e-01 2.605000e-01 -2.536318e-01 4.095425e-01 -6.945000e-01 2.610000e-01 -2.538322e-01 4.094666e-01
1.400000e-01 2.605000e-01 -3.070972e-01 3.953861e-01 1.405000e-01 2.610000e-01 -3.069040e-01 3.953093e-01
1.405000e-01 2.610000e-01 -3.069040e-01 3.953093e-01 1.410000e-01 2.615000e-01 -3.067099e-01 3.952334e-01
-6.950000e-01 2.615000e-01 -2.540335e-01 4.093916e-01 -6.950000e-01 2.625000e-01 -2.537930e-01 4.094812e-01
1.410000e-01 2.615000e-01 -3.067099e-01 3.952334e-01 1.410000e-01 2.625000e-01 -3.069601e-01 3.953316e-01
-6.955000e-01 2.630000e-01 -2.539961e-01 4.094055e-01 -6.960000e-01 2.635000e-01 -2.541999e-01 4.093307e-01
-6.950000e-01 2.625000e-01 -2.537930e-01 4.094812e-01 -6.955000e-01 2.630000e-01 -2.539961e-01 4.094055e-01
1.410000e-01 2.625000e-01 -3.069601e-01 3.953316e-01 1.410000e-01 2.635000e-01 -3.072091e-01 3.954284e-01
-6.960000e-01 2.635000e-01 -2.541999e-01 4.093307e-01 -6.960000e-01 2.645000e-01 -2.539622e-01 4.094181e-01
1.410000e-01 2.635000e-01 -3.072091e-01 3.954284e-01 1.410000e-01 2.645000e-01 -3.074571e-01 3.955240e-01
-6.965000e-01 2.650000e-01 -2.541679e-01 4.093427e-01 -6.970000e-01 2.655000e-01 -2.543743e-01 4.092681e-01
-6.960000e-01 2.645000e-01 -2.539622e-01 4.094181e-01 -6.965000e-01 2.650000e-01 -2.541679e-01 4.093427e-01
1.410000e-01 2.645000e-01 -3.074571e-01 3.955240e-01 1.410000e-01 2.655000e-01 -3.077039e-01 3.956183e-01
-6.970000e-01 2.655000e-01 -2.543743e-01 4.092681e-01 -6.970000e-01 2.665000e-01 -2.541395e-01 4.093533e-01
1.410000e-01 2.655000e-01 -3.077039e-01 3.956183e-01 1.415000e-01 2.660000e-01 -3.075052e-01 3.955419e-01
1.415000e-01 2.660000e-01 -3.075052e-01 3.955419e-01 1.420000e-01 2.665000e-01 -3.073056e-01 3.954664e-01
-6.975000e-01 2.670000e-01 -2.543477e-01 4.092782e-01 -6.980000e-01 2.675000e-01 -2.545568e-01 4.092039e-01
-6.970000e-01 2.665000e-01 -2.541395e-01 4.093533e-01 -6.975000e-01 2.670000e-01 -2.543477e-01 4.092782e-01
1.420000e-01 2.665000e-01 -3.073056e-01 3.954664e-01 1.420000e-01 2.675000e-01 -3.075495e-01 3.955593e-01
-6.980000e-01 2.675000e-01 -2.545568e-01 4.092039e-01 -6.980000e-01 2.685000e-01 -2.543247e-01 4.092870e-01
1.420000e-01 2.675000e-01 -3.075495e-01 3.955593e-01 1.420000e-01 2.685000e-01 -3.077923e-01 3.956508e-01
-6.980000e-01 2.685000e-01 -2.543247e-01 4.092870e-01 -6.980000e-01 2.695000e-01 -2.540936e-01 4.093685e-01
1.420000e-01 2.685000e-01 -3.077923e-01 3.956508e-01 1.420000e-01 2.695000e-01 -3.080340e-01 3.957412e-01
-6.985000e-01 2.700000e-01 -2.543053e-01 4.092934e-01 -6.990000e-01 2.705000e-01 -2.545179e-01 4.092193e-01
-6.980000e-01 2.695000e-01 -2.540936e-01 4.093685e-01 -6.985000e-01 2.700000e-01 -2.543053e-01 4.092934e-01
1.420000e-01 2.695000e-01 -3.080340e-01 3.957412e-01 1.420000e-01 2.705000e-01 -3.082745e-01 3.958303e-01
-6.990000e-01 2.705000e-01 -2.545179e-01 4.092193e-01 -6.990000e-01 2.715000e-01 -2.542897e-01 4.092987e-01
1.420000e-01 2.705000e-01 -3.082745e-01 3.958303e-01 1.420000e-01 2.715000e-01 -3.085140e-01 3.959181e-01
-6.995000e-01 2.720000e-01 -2.545041e-01 4.092240e-01 -7.000000e-01 2.725000e-01 -2.547192e-01 4.091503e-01
-6.990000e-01 2.715000e-01 -2.542897e-01 4.092987e-01 -6.995000e-01 2.720000e-01 -2.545041e-01 4.092240e-01
1.420000e-01 2.715000e-01 -3.085140e-01 3.959181e-01 1.425000e-01 2.720000e-01 -3.083087e-01 3.958423e-01
1.425000e-01 2.720000e-01 -3.083087e-01 3.958423e-01 1.430000e-01 2.725000e-01 -3.081026e-01 3.957675e-01
-7.000000e-01 2.725000e-01 -2.547192e-01 4.091503e-01 -7.000000e-01 2.735000e-01 -2.544938e-01 4.092277e-01
1.430000e-01 2.725000e-01 -3.081026e-01 3.957675e-01 1.430000e-01 2.735000e-01 -3.083389e-01 3.958540e-01
-7.005000e-01 2.740000e-01 -2.547108e-01 4.091534e-01 -7.010000e-01 2.745000e-01 -2.549286e-01 4.090801e-01
-7.000000e-01 2.735000e-01 -2.544938e-01 4.092277e-01 -7.005000e-01 2.740000e-01 -2.547108e-01 4.091534e-01
1.430000e-01 2.735000e-01 -3.083389e-01 3.958540e-01 1.430000e-01 2.745000e-01 -3.085742e-01 3.959394e-01
-7.010000e-01 2.745000e-01 -2.549286e-01 4.090801e-01 -7.010000e-01 2.755000e-01 -2.547061e-01 4.091555e-01
1.430000e-01 2.745000e-01 -3.085742e-01 3.959394e-01 1.430000e-01 2.755000e-01 -3.088083e-01 3.960236e-01
-7.010000e-01 2.755000e-01 -2.547061e-01 4.091555e-01 -7.010000e-01 2.765000e-01 -2.544847e-01 4.092294e-01
1.430000e-01 2.755000e-01 -3.088083e-01 3.960236e-01 1.430000e-01 2.765000e-01 -3.090411e-01 3.961065e-01
-7.015000e-01 2.770000e-01 -2.547051e-01 4.091554e-01 -7.020000e-01 2.775000e-01 -2.549264e-01 4.090824e-01
-7.010000e-01 2.765000e-01 -2.544847e-01 4.092294e-01 -7.015000e-01 2.770000e-01 -2.547051e-01 4.091554e-01
1.430000e-01 2.765000e-01 -3.090411e-01 3.961065e-01 1.430000e-01 2.775000e-01 -3.092729e-01 3.961883e-01
-7.020000e-01 2.775000e-01 -2.549264e-01 4.090824e-01 -7.020000e-01 2.785000e-01 -2.547079e-01 4.091544e-01
1.430000e-01 2.775000e-01 -3.092729e-01 3.961883e-01 1.430000e-01 2.785000e-01 -3.095034e-01 3.962690e-01
-7.025000e-01 2.790000e-01 -2.549310e-01 4.090810e-01 -7.030000e-01 2.795000e-01 -2.551549e-01 4.090084e-01
-7.020000e-01 2.785000e-01 -2.547079e-01 4.091544e-01 -7.025000e-01 2.790000e-01 -2.549310e-01 4.090810e-01
1.430000e-01 2.785000e-01 -3.095034e-01 3.962690e-01 1.435000e-01 2.790000e-01 -3.092906e-01 3.961940e-01
1.435000e-01 2.790000e-01 -3.092906e-01 3.961940e-01 1.440000e-01 2.795000e-01 -3.090770e-01 3.961201e-01
-7.030000e-01 2.795000e-01 -2.551549e-01 4.090084e-01 -7.030000e-01 2.805000e-01 -2.549393e-01 4.090786e-01
1.440000e-01 2.795000e-01 -3.090770e-01 3.961201e-01 1.440000e-01 2.805000e-01 -3.093044e-01 3.961996e-01
-7.030000e-01 2.805000e-01 -2.549393e-01 4.090786e-01 -7.030000e-01 2.815000e-01 -2.547249e-01 4.091473e-01
1.440000e-01 2.805000e-01 -3.093044e-01 3.961996e-01 1.440000e-01 2.815000e-01 -3.095306e-01 3.962779e-01
-7.035000e-01 2.820000e-01 -2.549514e-01 4.090742e-01 -7.040000e-01 2.825000e-01 -2.551788e-01 4.090021e-01
-7.030000e-01 2.815000e-01 -2.547249e-01 4.091473e-01 -7.035000e-01 2.820000e-01 -2.549514e-01 4.090742e-01
1.440000e-01 2.815000e-01 -3.095306e-01 3.962779e-01 1.440000e-01 2.825000e-01 -3.097557e-01 3.963552e-01
-7.040000e-01 2.825000e-01 -2.551788e-01 4.090021e-01 -7.040000e-01 2.835000e-01 -2.549673e-01 4.090690e-01
1.440000e-01 2.825000e-01 -3.097557e-01 3.963552e-01 1.440000e-01 2.835000e-01 -3.099794e-01 3.964313e-01
-7.045000e-01 2.840000e-01 -2.551966e-01 4.089966e-01 -7.050000e-01 2.845000e-01 -2.554265e-01 4.089250e-01
-7.040000e-01 2.835000e-01 -2.549673e-01 4.090690e-01 -7.045000e-01 2.840000e-01 -2.551966e-01 4.089966e-01
1.440000e-01 2.835000e-01 -3.099794e-01 3.964313e-01 1.440000e-01 2.845000e-01 -3.102020e-01 3.965063e-01
-7.050000e-01 2.845000e-01 -2.554265e-01 4.089250e-01 -7.050000e-01 2.855000e-01 -2.552180e-01 4.089902e-01
1.440000e-01 2.845000e-01 -3.102020e-01 3.965063e-01 1.440000e-01 2.855000e-01 -3.104234e-01 3.965802e-01
-7.050000e-01 2.855000e-01 -2.552180e-01 4.089902e-01 -7.050000e-01 2.865000e-01 -2.550106e-01 4.090540e-01
1.440000e-01 2.855000e-01 -3.104234e-01 3.965802e-01 1.440000e-01 2.865000e-01 -3.106435e-01 3.966530e-01
-7.055000e-01 2.870000e-01 -2.552433e-01 4.089821e-01 -7.060000e-01 2.875000e-01 -2.554768e-01 4.089111e-01
-7.050000e-01 2.865000e-01 -2.550106e-01 4.090540e-01 -7.055000e-01 2.870000e-01 -2.552433e-01 4.089821e-01
1.440000e-01 2.865000e-01 -3.106435e-01 3.966530e-01 1.440000e-01 2.875000e-01 -3.108624e-01 3.967247e-01
-7.060000e-01 2.875000e-01 -2.554768e-01 4.089111e-01 -7.060000e-01 2.885000e-01 -2.552724e-01 4.089732e-01
1.440000e-01 2.875000e-01 -3.108624e-01 3.967247e-01 1.445000e-01 2.880000e-01 -3.106400e-01 3.966512e-01
1.445000e-01 2.880000e-01 -3.106400e-01 3.966512e-01 1.450000e-01 2.885000e-01 -3.104168e-01 3.965787e-01
-7.065000e-01 2.890000e-01 -2.555077e-01 4.089020e-01 -7.070000e-01 2.895000e-01 -2.557438e-01 4.088317e-01
-7.060000e-01 2.885000e-01 -2.552724e-01 4.089732e-01 -7.065000e-01 2.890000e-01 -2.555077e-01 4.089020e-01
1.450000e-01 2.885000e-01 -3.104168e-01 3.965787e-01 1.450000e-01 2.895000e-01 -3.106324e-01 3.966495e-01
-7.070000e-01 2.895000e-01 -2.557438e-01 4.088317e-01 -7.070000e-01 2.905000e-01 -2.555424e-01 4.088923e-01
1.450000e-01 2.895000e-01 -3.106324e-01 3.966495e-01 1.450000e-01 2.905000e-01 -3.108468e-01 3.967192e-01
-7.070000e-01 2.905000e-01 -2.555424e-01 4.088923e-01 -7.070000e-01 2.915000e-01 -2.553423e-01 4.089515e-01
1.450000e-01 2.905000e-01 -3.108468e-01 3.967192e-01 1.450000e-01 2.915000e-01 -3.110600e-01 3.967879e-01
-7.075000e-01 2.920000e-01 -2.555811e-01 4.088809e-01 -7.080000e-01 2.925000e-01 -2.558207e-01 4.088112e-01
-7.070000e-01 2.915000e-01 -2.553423e-01 4.089515e-01 -7.075000e-01 2.920000e-01 -2.555811e-01 4.088809e-01
1.450000e-01 2.915000e-01 -3.110600e-01 3.967879e-01 1.450000e-01 2.925000e-01 -3.112718e-01 3.968556e-01
-7.080000e-01 2.925000e-01 -2.558207e-01 4.088112e-01 -7.080000e-01 2.935000e-01 -2.556235e-01 4.088689e-01
1.450000e-01 2.925000e-01 -3.112718e-01 3.968556e-01 1.450000e-01 2.935000e-01 -3.114824e-01 3.969223e-01
-7.080000e-01 2.935000e-01 -2.556235e-01 4.088689e-01 -7.080000e-01 2.945000e-01 -2.554276e-01 4.089253e-01
1.450000e-01 2.935000e-01 -3.114824e-01 3.969223e-01 1.450000e-01 2.945000e-01 -3.116917e-01 3.969879e-01
-7.085000e-01 2.950000e-01 -2.556699e-01 4.088554e-01 -7.090000e-01 2.955000e-01 -2.559130e-01 4.087865e-01
-7.080000e-01 2.945000e-01 -2.554276e-01 4.089253e-01 -7.085000e-01 2.950000e-01 -2.556699e-01 4.088554e-01
1.450000e-01 2.945000e-01 -3.116917e-01 3.969879e-01 1.450000e-01 2.955000e-01 -3.118997e-01 3.970525e-01
-7.090000e-01 2.955000e-01 -2.559130e-01 4.087865e-01 -7.090000e-01 2.965000e-01 -2.557201e-01 4.088414e-01
1.450000e-01 2.955000e-01 -3.118997e-01 3.970525e-01 1.450000e-01 2.965000e-01 -3.121064e-01 3.971161e-01
-7.090000e-01 2.965000e-01 -2.557201e-01 4.088414e-01 -7.090000e-01 2.975000e-01 -2.555285e-01 4.088950e-01
1.450000e-01 2.965000e-01 -3.121064e-01 3.971161e-01 1.450000e-01 2.975000e-01 -3.123117e-01 3.971787e-01
-7.095000e-01 2.980000e-01 -2.557744e-01 4.088260e-01 -7.100000e-01 2.985000e-01 -2.560209e-01 4.087578e-01
-7.090000e-01 2.975000e-01 -2.555285e-01 4.088950e-01 -7.095000e-01 2.980000e-01 -2.557744e-01 4.088260e-01
1.450000e-01 2.975000e-01 -3.123117e-01 3.971787e-01 1.450000e-01 2.985000e-01 -3.125158e-01 3.972404e-01
-7.100000e-01 2.985000e-01 -2.560209e-01 4.087578e-01 -7.100000e-01 2.995000e-01 -2.558323e-01 4.088101e-01
1.450000e-01 2.985000e-01 -3.125158e-01 3.972404e-01 1.450000e-01 2.995000e-01 -3.127186e-01 3.973010e-01
-7.100000e-01 2.995000e-01 -2.558323e-01 4.088101e-01 -7.100000e-01 3.005000e-01 -2.556451e-01 4.088611e-01
1.450000e-01 2.995000e-01 -3.127186e-01 3.973010e-01 1.450000e-01 3.005000e-01 -3.129200e-01 3.973607e-01
-7.105000e-01 3.010000e-01 -2.558944e-01 4.087929e-01 -7.110000e-01 3.015000e-01 -2.561444e-01 4.087257e-01
-7.100000e-01 3.005000e-01 -2.556451e-01 4.088611e-01 -7.105000e-01 3.010000e-01 -2.558944e-01 4.087929e-01
1.450000e-01 3.005000e-01 -3.129200e-01 3.973607e-01 1.450000e-01 3.015000e-01 -3.131201e-01 3.974195e-01
-7.110000e-01 3.015000e-01 -2.561444e-01 4.087257e-01 -7.110000e-01 3.025000e-01 -2.559603e-01 4.087754e-01
1.450000e-01 3.015000e-01 -3.131201e-01 3.974195e-01 1.455000e-01 3.020000e-01 -3.128830e-01 3.973490e-01
1.455000e-01 3.020000e-01 -3.128830e-01 3.973490e-01 1.460000e-01 3.025000e-01 -3.126451e-01 3.972796e-01
-7.110000e-01 3.025000e-01 -2.559603e-01 4.087754e-01 -7.110000e-01 3.035000e-01 -2.557773e-01 4.088239e-01
1.460000e-01 3.025000e-01 -3.126451e-01 3.972796e-01 1.460000e-01 3.035000e-01 -3.128419e-01 3.973378e-01
-7.115000e-01 3.040000e-01 -2.560302e-01 4.087567e-01 -7.120000e-01 3.045000e-01 -2.562837e-01 4.086904e-01
-7.110000e-01 3.035000e-01 -2.557773e-01 4.088239e-01 -7.115000e-01 3.040000e-01 -2.560302e-01 4.087567e-01
1.460000e-01 3.035000e-01 -3.128419e-01 3.973378e-01 1.460000e-01 3.045000e-01 -3.130372e-01 3.973951e-01
-7.120000e-01 3.045000e-01 -2.562837e-01 4.086904e-01 -7.120000e-01 3.055000e-01 -2.561039e-01 4.087377e-01
1.460000e-01 3.045000e-01 -3.130372e-01 3.973951e-01 1.460000e-01 3.055000e-01 -3.132313e-01 3.974515e-01
-7.120000e-01 3.055000e-01 -2.561039e-01 4.087377e-01 -7.120000e-01 3.065000e-01 -2.559254e-01 4.087837e-01
1.460000e-01 3.055000e-01 -3.132313e-01 3.974515e-01 1.460000e-01 3.065000e-01 -3.134239e-01 3.975070e-01
-7.125000e-01 3.070000e-01 -2.561817e-01 4.087175e-01 -7.130000e-01 3.075000e-01 -2.564387e-01 4.086523e-01
-7.120000e-01 3.065000e-01 -2.559254e-01 4.087837e-01 -7.125000e-01 3.070000e-01 -2.561817e-01 4.087175e-01
1.460000e-01 3.065000e-01 -3.134239e-01 3.975070e-01 1.460000e-01 3.075000e-01 -3.136152e-01 3.975616e-01
-7.130000e-01 3.075000e-01 -2.564387e-01 4.086523e-01 -7.130000e-01 3.085000e-01 -2.562634e-01 4.086973e-01
1.460000e-01 3.075000e-01 -3.136152e-01 3.975616e-01 1.460000e-01 3.085000e-01 -3.138051e-01 3.976153e-01
-7.130000e-01 3.085000e-01 -2.562634e-01 4.086973e-01 -7.130000e-01 3.095000e-01 -2.560893e-01 4.087410e-01
1.460000e-01 3.085000e-01 -3.138051e-01 3.976153e-01 1.460000e-01 3.095000e-01 -3.139937e-01 3.976682e-01
-7.130000e-01 3.095000e-01 -2.560893e-01 4.087410e-01 -7.130000e-01 3.105000e-01 -2.559165e-01 4.087836e-01
1.460000e-01 3.095000e-01 -3.139937e-01 3.976682e-01 1.460000e-01 3.105000e-01 -3.141808e-01 3.977202e-01
-7.135000e-01 3.110000e-01 -2.561773e-01 4.087186e-01 -7.140000e-01 3.115000e-01 -2.564387e-01 4.086546e-01
-7.130000e-01 3.105000e-01 -2.559165e-01 4.087836e-01 -7.135000e-01 3.110000e-01 -2.561773e-01 4.087186e-01
1.460000e-01 3.105000e-01 -3.141808e-01 3.977202e-01 1.460000e-01 3.115000e-01 -3.143666e-01 3.977714e-01
-7.140000e-01 3.115000e-01 -2.564387e-01 4.086546e-01 -7.140000e-01 3.125000e-01 -2.562691e-01 4.086962e-01
1.460000e-01 3.115000e-01 -3.143666e-01 3.977714e-01 1.460000e-01 3.125000e-01 -3.145509e-01 3.978217e-01
-7.140000e-01 3.125000e-01 -2.562691e-01 4.086962e-01 -7.140000e-01 3.135000e-01 -2.561008e-01 4.087367e-01
1.460000e-01 3.125000e-01 -3.145509e-01 3.978217e-01 1.460000e-01 3.135000e-01 -3.147339e-01 3.978712e-01
-7.145000e-01 3.140000e-01 -2.563651e-01 4.086729e-01 -7.150000e-01 3.145000e-01 -2.566299e-01 4.086100e-01
-7.140000e-01 3.135000e-01 -2.561008e-01 4.087367e-01 -7.145000e-01 3.140000e-01 -2.563651e-01 4.086729e-01
1.460000e-01 3.135000e-01 -3.147339e-01 3.978712e-01 1.460000e-01 3.145000e-01 -3.149154e-01 3.979199e-01
-7.150000e-01 3.145000e-01 -2.566299e-01 4.086100e-01 -7.150000e-01 3.155000e-01 -2.564649e-01 4.086496e-01
1.460000e-01 3.145000e-01 -3.149154e-01 3.979199e-01 1.460000e-01 3.155000e-01 -3.150956e-01 3.979678e-01
-7.150000e-01 3.155000e-01 -2.564649e-01 4.086496e-01 -7.150000e-01 3.165000e-01 -2.563011e-01 4.086880e-01
1.460000e-01 3.155000e-01 -3.150956e-01 3.979678e-01 1.460000e-01 3.165000e-01 -3.152743e-01 3.980149e-01
-7.150000e-01 3.165000e-01 -2.563011e-01 4.086880e-01 -7.150000e-01 3.175000e-01 -2.561387e-01 4.087254e-01
1.460000e-01 3.165000e-01 -3.152743e-01 3.980149e-01 1.460000e-01 3.175000e-01 -3.154515e-01 3.980612e-01
-7.155000e-01 3.180000e-01 -2.564074e-01 4.086630e-01 -7.160000e-01 3.185000e-01 -2.566766e-01 4.086015e-01
-7.150000e-01 3.175000e-01 -2.561387e-01 4.087254e-01 -7.155000e-01 3.180000e-01 -2.564074e-01 4.086630e-01
1.460000e-01 3.175000e-01 -3.154515e-01 3.980612e-01 1.460000e-01 3.185000e-01 -3.156274e-01 3.981068e-01
-7.160000e-01 3.185000e-01 -2.566766e-01 4.086015e-01 -7.160000e-01 3.195000e-01 -2.565174e-01 4.086381e-01
1.460000e-01 3.185000e-01 -3.156274e-01 3.981068e-01 1.460000e-01 3.195000e-01 -3.158018e-01 3.981516e-01
-7.160000e-01 3.195000e-01 -2.565174e-01 4.086381e-01 -7.160000e-01 3.205000e-01 -2.563596e-01 4.086736e-01
1.460000e-01 3.195000e-01 -3.158018e-01 3.981516e-01 1.460000e-01 3.205000e-01 -3.159747e-01 3.981956e-01
-7.160000e-01 3.205000e-01 -2.563596e-01 4.086736e-01 -7.160000e-01 3.215000e-01 -2.562031e-01 4.087080e-01
1.460000e-01 3.205000e-01 -3.159747e-01 3.981956e-01 1.460000e-01 3.215000e-01 -3.161462e-01 3.982389e-01
-7.165000e-01 3.220000e-01 -2.564761e-01 4.086472e-01 -7.170000e-01 3.225000e-01 -2.567497e-01 4.085873e-01
-7.160000e-01 3.215000e-01 -2.562031e-01 4.087080e-01 -7.165000e-01 3.220000e-01 -2.564761e-01 4.086472e-01
1.460000e-01 3.215000e-01 -3.161462e-01 3.982389e-01 1.460000e-01 3.225000e-01 -3.163162e-01 3.982815e-01
-7.170000e-01 3.225000e-01 -2.567497e-01 4.085873e-01 -7.170000e-01 3.235000e-01 -2.565965e-01 4.086210e-01
1.460000e-01 3.225000e-01 -3.163162e-01 3.982815e-01 1.460000e-01 3.235000e-01 -3.164848e-01 3.983234e-01
-7.170000e-01 3.235000e-01 -2.565965e-01 4.086210e-01 -7.170000e-01 3.245000e-01 -2.564447e-01 4.086538e-01
1.460000e-01 3.235000e-01 -3.164848e-01 3.983234e-01 1.460000e-01 3.245000e-01 -3.166519e-01 3.983645e-01
-7.170000e-01 3.245000e-01 -2.564447e-01 4.086538e-01 -7.170000e-01 3.255000e-01 -2.562942e-01 4.086855e-01
1.460000e-01 3.245000e-01 -3.166519e-01 3.983645e-01 1.460000e-01 3.255000e-01 -3.168175e-01 3.984050e-01
-7.175000e-01 3.260000e-01 -2.565716e-01 4.086263e-01 -7.180000e-01 3.265000e-01 -2.568495e-01 4.085681e-01
-7.170000e-01 3.255000e-01 -2.562942e-01 4.086855e-01 -7.175000e-01 3.260000e-01 -2.565716e-01 4.086263e-01
1.460000e-01 3.255000e-01 -3.168175e-01 3.984050e-01 1.460000e-01 3.265000e-01 -3.169817e-01 3.984448e-01
-7.180000e-01 3.265000e-01 -2.568495e-01 4.085681e-01 -7.180000e-01 3.275000e-01 -2.567023e-01 4.085992e-01
1.460000e-01 3.265000e-01 -3.169817e-01 3.984448e-01 1.460000e-01 3.275000e-01 -3.171444e-01 3.984839e-01
-7.180000e-01 3.275000e-01 -2.567023e-01 4.085992e-01 -7.180000e-01 3.285000e-01 -2.565565e-01 4.086294e-01
1.460000e-01 3.275000e-01 -3.171444e-01 3.984839e-01 1.460000e-01 3.285000e-01 -3.173056e-01 3.985224e-01
-7.180000e-01 3.285000e-01 -2.565565e-01 4.086294e-01 -7.180000e-01 3.295000e-01 -2.564121e-01 4.086586e-01
1.455000e-01 3.290000e-01 -3.177306e-01 3.986211e-01 1.450000e-01 3.295000e-01 -3.181554e-01 3.987194e-01
1.460000e-01 3.285000e-01 -3.173056e-01 3.985224e-01 1.455000e-01 3.290000e-01 -3.177306e-01 3.986211e-01
-7.185000e-01 3.300000e-01 -2.566938e-01 4.086012e-01 -7.190000e-01 3.305000e-01 -2.569761e-01 4.085448e-01
-7.180000e-01 3.295000e-01 -2.564121e-01 4.086586e-01 -7.185000e-01 3.300000e-01 -2.566938e-01 4.086012e-01
1.450000e-01 3.295000e-01 -3.181554e-01 3.987194e-01 1.450000e-01 3.305000e-01 -3.183142e-01 3.987551e-01
-7.190000e-01 3.305000e-01 -2.569761e-01 4.085448e-01 -7.190000e-01 3.315000e-01 -2.568349e-01 4.085735e-01
1.450000e-01 3.305000e-01 -3.183142e-01 3.987551e-01 1.450000e-01 3.315000e-01 -3.184714e-01 3.987901e-01
-7.190000e-01 3.315000e-01 -2.568349e-01 4.085735e-01 -7.190000e-01 3.325000e-01 -2.566952e-01 4.086013e-01
1.450000e-01 3.315000e-01 -3.184714e-01 3.987901e-01 1.450000e-01 3.325000e-01 -3.186271e-01 3.988246e-01
-7.190000e-01 3.325000e-01 -2.566952e-01 4.086013e-01 -7.190000e-01 3.335000e-01 -2.565569e-01 4.086283e-01
1.450000e-01 3.325000e-01 -3.186271e-01 3.988246e-01 1.450000e-01 3.335000e-01 -3.187813e-01 3.988584e-01
-7.190000e-01 3.335000e-01 -2.565569e-01 4.086283e-01 -7.190000e-01 3.345000e-01 -2.564199e-01 4.086543e-01
1.450000e-01 3.335000e-01 -3.187813e-01 3.988584e-01 1.450000e-01 3.345000e-01 -3.189340e-01 3.988916e-01
-7.195000e-01 3.350000e-01 -2.567069e-01 4.085991e-01 -7.200000e-01 3.355000e-01 -2.569945e-01 4.085449e-01
-7.190000e-01 3.345000e-01 -2.564199e-01 4.086543e-01 -7.195000e-01 3.350000e-01 -2.567069e-01 4.085991e-01
1.450000e-01 3.345000e-01 -3.189340e-01 3.988916e-01 1.450000e-01 3.355000e-01 -3.190851e-01 3.989243e-01
-7.200000e-01 3.355000e-01 -2.569945e-01 4.085449e-01 -7.200000e-01 3.365000e-01 -2.568609e-01 4.085705e-01
1.450000e-01 3.355000e-01 -3.190851e-01 3.989243e-01 1.450000e-01 3.365000e-01 -3.192347e-01 3.989564e-01
-7.200000e-01 3.365000e-01 -2.568609e-01 4.085705e-01 -7.200000e-01 3.375000e-01 -2.567287e-01 4.085953e-01
1.450000e-01 3.365000e-01 -3.192347e-01 3.989564e-01 1.450000e-01 3.375000e-01 -3.193828e-01 3.989879e-01
-7.200000e-01 3.375000e-01 -2.567287e-01 4.085953e-01 -7.200000e-01 3.385000e-01 -2.565979e-01 4.086193e-01
1.450000e-01 3.375000e-01 -3.193828e-01 3.989879e-01 1.450000e-01 3.385000e-01 -3.195293e-01 3.990189e-01
-7.200000e-01 3.385000e-01 -2.565979e-01 4.086193e-01 -7.200000e-01 3.395000e-01 -2.564686e-01 4.086424e-01
1.450000e-01 3.385000e-01 -3.195293e-01 3.990189e-01 1.450000e-01 3.395000e-01 -3.196742e-01 3.990493e-01
-7.200000e-01 3.395000e-01 -2.564686e-01 4.086424e-01 -7.200000e-01 3.405000e-01 -2.563407e-01 4.086647e-01
1.450000e-01 3.395000e-01 -3.196742e-01 3.990493e-01 1.450000e-01 3.405000e-01 -3.198176e-01 3.990793e-01
-7.205000e-01 3.410000e-01 -2.566339e-01 4.086122e-01 -7.210000e-01 3.415000e-01 -2.569276e-01 4.085607e-01
-7.200000e-01 3.405000e-01 -2.563407e-01 4.086647e-01 -7.205000e-01 3.410000e-01 -2.566339e-01 4.086122e-01
1.450000e-01 3.405000e-01 -3.198176e-01 3.990793e-01 1.450000e-01 3.415000e-01 -3.199595e-01 3.991087e-01
-7.210000e-01 3.415000e-01 -2.569276e-01 4.085607e-01 -7.210000e-01 3.425000e-01 -2.568030e-01 4.085828e-01
1.450000e-01 3.415000e-01 -3.199595e-01 3.991087e-01 1.450000e-01 3.425000e-01 -3.200998e-01 3.991376e-01
-7.210000e-01 3.425000e-01 -2.568030e-01 4.085828e-01 -7.210000e-01 3.435000e-01 -2.566799e-01 4.086042e-01
1.445000e-01 3.430000e-01 -3.205176e-01 3.992212e-01 1.440000e-01 3.435000e-01 -3.209353e-01 3.993043e-01
1.450000e-01 3.425000e-01 -3.200998e-01 3.991376e-01 1.445000e-01 3.430000e-01 -3.205176e-01 3.992212e-01
-7.210000e-01 3.435000e-01 -2.566799e-01 4.086042e-01 -7.210000e-01 3.445000e-01 -2.565583e-01 4.086247e-01
-2.935000e-01 3.440000e-01 -2.390239e-01 6.117028e-01 -2.940000e-01 3.445000e-01 -2.371343e-01 6.113896e-01
-2.935000e-01 3.440000e-01 -2.390239e-01 6.117028e-01 -2.925000e-01 3.440000e-01 -2.422894e-01 6.122039e-01
-2.925000e-01 3.440000e-01 -2.422894e-01 6.122039e-01 -2.915000e-01 3.440000e-01 -2.455805e-01 6.126636e-01
-2.915000e-01 3.440000e-01 -2.455805e-01 6.126636e-01 -2.905000e-01 3.440000e-01 -2.488953e-01 6.130809e-01
-2.905000e-01 3.440000e-01 -2.488953e-01 6.130809e-01 -2.895000e-01 3.440000e-01 -2.522318e-01 6.134552e-01
-2.895000e-01 3.440000e-01 -2.522318e-01 6.134552e-01 -2.885000e-01 3.440000e-01 -2.555877e-01 6.137855e-01
-2.885000e-01 3.440000e-01 -2.555877e-01 6.137855e-01 -2.875000e-01 3.440000e-01 -2.589610e-01 6.140713e-01
-2.875000e-01 3.440000e-01 -2.589610e-01 6.140713e-01 -2.865000e-01 3.440000e-01 -2.623494e-01 6.143119e-01
-2.865000e-01 3.440000e-01 -2.623494e-01 6.143119e-01 -2.855000e-01 3.440000e-01 -2.657505e-01 6.145067e-01
-2.855000e-01 3.440000e-01 -2.657505e-01 6.145067e-01 -2.845000e-01 3.440000e-01 -2.691622e-01 6.146555e-01
-2.845000e-01 3.440000e-01 -2.691622e-01 6.146555e-01 -2.835000e-01 3.440000e-01 -2.725819e-01 6.147577e-01
-2.835000e-01 3.440000e-01 -2.725819e-01 6.147577e-01 -2.825000e-01 3.440000e-01 -2.760074e-01 6.148132e-01
-2.825000e-01 3.440000e-01 -2.760074e-01 6.148132e-01 -2.815000e-01 3.440000e-01 -2.794362e-01 6.148219e-01
-2.815000e-01 3.440000e-01 -2.794362e-01 6.148219e-01 -2.805000e-01 3.440000e-01 -2.828659e-01 6.147835e-01
-2.805000e-01 3.440000e-01 -2.828659e-01 6.147835e-01 -2.795000e-01 3.440000e-01 -2.862941e-01 6.146982e-01
-2.795000e-01 3.440000e-01 -2.862941e-01 6.146982e-01 -2.785000e-01 3.440000e-01 -2.897184e-01 6.145661e-01
-2.785000e-01 3.440000e-01 -2.897184e-01 6.145661e-01 -2.775000e-01 3.440000e-01 -2.931363e-01 6.143874e-01
-2.775000e-01 3.440000e-01 -2.931363e-01 6.143874e-01 -2.765000e-01 3.440000e-01 -2.965455e-01 6.141624e-01
-2.765000e-01 3.440000e-01 -2.965455e-01 6.141624e-01 -2.755000e-01 3.440000e-01 -2.999438e-01 6.138915e-01
-2.755000e-01 3.440000e-01 -2.999438e-01 6.138915e-01 -2.745000e-01 3.440000e-01 -3.033286e-01 6.135751e-01
-2.745000e-01 3.440000e-01 -3.033286e-01 6.135751e-01 -2.740000e-01 3.445000e-01 -3.051938e-01 6.133777e-01
1.440000e-01 3.435000e-01 -3.209353e-01 3.993043e-01 1.440000e-01 3.445000e-01 -3.210729e-01 3.993307e-01
-7.210000e-01 3.445000e-01 -2.565583e-01 4.086247e-01 -7.210000e-01 3.455000e-01 -2.564381e-01 4.086445e-01
-2.995000e-01 3.450000e-01 -2.193174e-01 6.077100e-01 -3.000000e-01 3.455000e-01 -2.173931e-01 6.072251e-01
-2.995000e-01 3.450000e-01 -2.193174e-01 6.077100e-01 -2.985000e-01 3.450000e-01 -2.224267e-01 6.084539e-01
-2.985000e-01 3.450000e-01 -2.224267e-01 6.084539e-01 -2.975000e-01 3.450000e-01 -2.255729e-01 6.091624e-01
-2.975000e-01 3.450000e-01 -2.255729e-01 6.091624e-01 -2.965000e-01 3.450000e-01 -2.287545e-01 6.098342e-01
-2.965000e-01 3.450000e-01 -2.287545e-01 6.098342e-01 -2.955000e-01 3.450000e-01 -2.319701e-01 6.104681e-01
-2.955000e-01 3.450000e-01 -2.319701e-01 6.104681e-01 -2.945000e-01 3.450000e-01 -2.352179e-01 6.110629e-01
-2.940000e-01 3.445000e-01 -2.371343e-01 6.113896e-01 -2.945000e-01 3.450000e-01 -2.352179e-01 6.110629e-01
-2.740000e-01 3.445000e-01 -3.051938e-01 6.133777e-01 -2.735000e-01 3.450000e-01 -3.070859e-01 6.131699e-01
-2.735000e-01 3.450000e-01 -3.070859e-01 6.131699e-01 -2.725000e-01 3.450000e-01 -3.104818e-01 6.127548e-01
-2.725000e-01 3.450000e-01 -3.104818e-01 6.127548e-01 -2.715000e-01 3.450000e-01 -3.138570e-01 6.122951e-01
-2.715000e-01 3.450000e-01 -3.138570e-01 6.122951e-01 -2.705000e-01 3.450000e-01 -3.172092e-01 6.117919e-01
-2.705000e-01 3.450000e-01 -3.172092e-01 6.117919e-01 -2.695000e-01 3.450000e-01 -3.205366e-01 6.112458e-01
-2.695000e-01 3.450000e-01 -3.205366e-01 6.112458e-01 -2.685000e-01 3.450000e-01 -3.238370e-01 6.106581e-01
-2.685000e-01 3.450000e-01 -3.238370e-01 6.106581e-01 -2.675000e-01 3.450000e-01 -3.271086e-01 6.100297e-01
-2.675000e-01 3.450000e-01 -3.271086e-01 6.100297e-01 -2.670000e-01 3.455000e-01 -3.290630e-01 6.096298e-01
1.440000e-01 3.445000e-01 -3.210729e-01 3.993307e-01 1.440000e-01 3.455000e-01 -3.212090e-01 3.993566e-01
-7.210000e-01 3.455000e-01 -2.564381e-01 4.086445e-01 -7.210000e-01 3.465000e-01 -2.563193e-01 4.086636e-01
-3.035000e-01 3.460000e-01 -2.063799e-01 6.041414e-01 -3.040000e-01 3.465000e-01 -2.044529e-01 6.035390e-01
-3.035000e-01 3.460000e-01 -2.063799e-01 6.041414e-01 -3.025000e-01 3.460000e-01 -2.093580e-01 6.050327e-01
-3.025000e-01 3.460000e-01 -2.093580e-01 6.050327e-01 -3.015000e-01 3.460000e-01 -2.123794e-01 6.058935e-01
-3.015000e-01 3.460000e-01 -2.123794e-01 6.058935e-01 -3.005000e-01 3.460000e-01 -2.154430e-01 6.067225e-01
-3.000000e-01 3.455000e-01 -2.173931e-01 6.072251e-01 -3.005000e-01 3.460000e-01 -2.154430e-01 6.067225e-01
-2.670000e-01 3.455000e-01 -3.290630e-01 6.096298e-01 -2.665000e-01 3.460000e-01 -3.310449e-01 6.092144e-01
-2.665000e-01 3.460000e-01 -3.310449e-01 6.092144e-01 -2.655000e-01 3.460000e-01 -3.342917e-01 6.084916e-01
-2.655000e-01 3.460000e-01 -3.342917e-01 6.084916e-01 -2.645000e-01 3.460000e-01 -3.375032e-01 6.077309e-01
-2.645000e-01 3.460000e-01 -3.375032e-01 6.077309e-01 -2.635000e-01 3.460000e-01 -3.406780e-01 6.069336e-01
-2.635000e-01 3.460000e-01 -3.406780e-01 6.069336e-01 -2.630000e-01 3.465000e-01 -3.426624e-01 6.064092e-01
1.440000e-01 3.455000e-01 -3.212090e-01 3.993566e-01 1.440000e-01 3.465000e-01 -3.213434e-01 3.993821e-01
-7.215000e-01 3.470000e-01 -2.566187e-01 4.086141e-01 -7.220000e-01 3.475000e-01 -2.569185e-01 4.085655e-01
-7.210000e-01 3.465000e-01 -2.563193e-01 4.086636e-01 -7.215000e-01 3.470000e-01 -2.566187e-01 4.086141e-01
-3.075000e-01 3.470000e-01 -1.938973e-01 5.999348e-01 -3.080000e-01 3.475000e-01 -1.919902e-01 5.992201e-01
-3.075000e-01 3.470000e-01 -1.938973e-01 5.999348e-01 -3.065000e-01 3.470000e-01 -1.967177e-01 6.009540e-01
-3.065000e-01 3.470000e-01 -1.967177e-01 6.009540e-01 -3.055000e-01 3.470000e-01 -1.995860e-01 6.019483e-01
-3.055000e-01 3.470000e-01 -1.995860e-01 6.019483e-01 -3.045000e-01 3.470000e-01 -2.025018e-01 6.029162e-01
-3.040000e-01 3.465000e-01 -2.044529e-01 6.035390e-01 -3.045000e-01 3.470000e-01 -2.025018e-01 6.029162e-01
-2.630000e-01 3.465000e-01 -3.426624e-01 6.064092e-01 -2.625000e-01 3.470000e-01 -3.446737e-01 6.058663e-01
-2.625000e-01 3.470000e-01 -3.446737e-01 6.058663e-01 -2.615000e-01 3.470000e-01 -3.478041e-01 6.049805e-01
-2.615000e-01 3.470000e-01 -3.478041e-01 6.049805e-01 -2.605000e-01 3.470000e-01 -3.508921e-01 6.040618e-01
-2.605000e-01 3.470000e-01 -3.508921e-01 6.040618e-01 -2.595000e-01 3.470000e-01 -3.539368e-01 6.031116e-01
-2.595000e-01 3.470000e-01 -3.539368e-01 6.031116e-01 -2.590000e-01 3.475000e-01 -3.559269e-01 6.024643e-01
1.440000e-01 3.465000e-01 -3.213434e-01 3.993821e-01 1.440000e-01 3.475000e-01 -3.214763e-01 3.994072e-01
-7.220000e-01 3.475000e-01 -2.569185e-01 4.085655e-01 -7.220000e-01 3.485000e-01 -2.568031e-01 4.085846e-01
-3.105000e-01 3.480000e-01 -1.846242e-01 5.962916e-01 -3.110000e-01 3.485000e-01 -1.827407e-01 5.954922e-01
-3.105000e-01 3.480000e-01 -1.846242e-01 5.962916e-01 -3.095000e-01 3.480000e-01 -1.873173e-01 5.973976e-01
-3.095000e-01 3.480000e-01 -1.873173e-01 5.973976e-01 -3.085000e-01 3.480000e-01 -1.900613e-01 5.984831e-01
-3.080000e-01 3.475000e-01 -1.919902e-01 5.992201e-01 -3.085000e-01 3.480000e-01 -1.900613e-01 5.984831e-01
-2.590000e-01 3.475000e-01 -3.559269e-01 6.024643e-01 -2.585000e-01 3.480000e-01 -3.579423e-01 6.017957e-01
-2.585000e-01 3.480000e-01 -3.579423e-01 6.017957e-01 -2.575000e-01 3.480000e-01 -3.609250e-01 6.007657e-01
-2.575000e-01 3.480000e-01 -3.609250e-01 6.007657e-01 -2.565000e-01 3.480000e-01 -3.638600e-01 5.997084e-01
-2.565000e-01 3.480000e-01 -3.638600e-01 5.997084e-01 -2.560000e-01 3.485000e-01 -3.658447e-01 5.989666e-01
1.440000e-01 3.475000e-01 -3.214763e-01 3.994072e-01 1.440000e-01 3.485000e-01 -3.216076e-01 3.994318e-01
-7.220000e-01 3.485000e-01 -2.568031e-01 4.085846e-01 -7.220000e-01 3.495000e-01 -2.566892e-01 4.086029e-01
-3.135000e-01 3.490000e-01 -1.756750e-01 5.923257e-01 -3.140000e-01 3.495000e-01 -1.738267e-01 5.914469e-01
-3.135000e-01 3.490000e-01 -1.756750e-01 5.923257e-01 -3.125000e-01 3.490000e-01 -1.782299e-01 5.935054e-01
-3.125000e-01 3.490000e-01 -1.782299e-01 5.935054e-01 -3.115000e-01 3.490000e-01 -1.808375e-01 5.946691e-01
-3.110000e-01 3.485000e-01 -1.827407e-01 5.954922e-01 -3.115000e-01 3.490000e-01 -1.808375e-01 5.946691e-01
-2.560000e-01 3.485000e-01 -3.658447e-01 5.989666e-01 -2.555000e-01 3.490000e-01 -3.678529e-01 5.982015e-01
-2.555000e-01 3.490000e-01 -3.678529e-01 5.982015e-01 -2.545000e-01 3.490000e-01 -3.707140e-01 5.970722e-01
-2.545000e-01 3.490000e-01 -3.707140e-01 5.970722e-01 -2.535000e-01 3.490000e-01 -3.735240e-01 5.959203e-01
-2.535000e-01 3.490000e-01 -3.735240e-01 5.959203e-01 -2.530000e-01 3.495000e-01 -3.754897e-01 5.950876e-01
1.440000e-01 3.485000e-01 -3.216076e-01 3.994318e-01 1.440000e-01 3.495000e-01 -3.217373e-01 3.994560e-01
-7.220000e-01 3.495000e-01 -2.566892e-01 4.086029e-01 -7.220000e-01 3.505000e-01 -2.565767e-01 4.086205e-01
-3.155000e-01 3.500000e-01 -1.694989e-01 5.893151e-01 -3.160000e-01 3.505000e-01 -1.676748e-01 5.883785e-01
-3.155000e-01 3.500000e-01 -1.694989e-01 5.893151e-01 -3.145000e-01 3.500000e-01 -1.719611e-01 5.905434e-01
-3.140000e-01 3.495000e-01 -1.738267e-01 5.914469e-01 -3.145000e-01 3.500000e-01 -1.719611e-01 5.905434e-01
-2.530000e-01 3.495000e-01 -3.754897e-01 5.950876e-01 -2.525000e-01 3.500000e-01 -3.774769e-01 5.942301e-01
-2.525000e-01 3.500000e-01 -3.774769e-01 5.942301e-01 -2.515000e-01 3.500000e-01 -3.802026e-01 5.930149e-01
-2.515000e-01 3.500000e-01 -3.802026e-01 5.930149e-01 -2.510000e-01 3.505000e-01 -3.821553e-01 5.921160e-01
1.440000e-01 3.495000e-01 -3.217373e-01 3.994560e-01 1.440000e-01 3.505000e-01 -3.218654e-01 3.994799e-01
-7.220000e-01 3.505000e-01 -2.565767e-01 4.086205e-01 -7.220000e-01 3.515000e-01 -2.564658e-01 4.086374e-01
-3.175000e-01 3.510000e-01 -1.634703e-01 5.861459e-01 -3.180000e-01 3.515000e-01 -1.616755e-01 5.851543e-01
-3.175000e-01 3.510000e-01 -1.634703e-01 5.861459e-01 -3.165000e-01 3.510000e-01 -1.658349e-01 5.874164e-01
-3.160000e-01 3.505000e-01 -1.676748e-01 5.883785e-01 -3.165000e-01 3.510000e-01 -1.658349e-01 5.874164e-01
-2.510000e-01 3.505000e-01 -3.821553e-01 5.921160e-01 -2.505000e-01 3.510000e-01 -3.841279e-01 5.911911e-01
-2.505000e-01 3.510000e-01 -3.841279e-01 5.911911e-01 -2.495000e-01 3.510000e-01 -3.867624e-01 5.899190e-01
-2.495000e-01 3.510000e-01 -3.867624e-01 5.899190e-01 -2.485000e-01 3.510000e-01 -3.893421e-01 5.886322e-01
-2.485000e-01 3.510000e-01 -3.893421e-01 5.886322e-01 -2.480000e-01 3.515000e-01 -3.912546e-01 5.876514e-01
1.440000e-01 3.505000e-01 -3.218654e-01 3.994799e-01 1.440000e-01 3.515000e-01 -3.219919e-01 3.995033e-01
-7.220000e-01 3.515000e-01 -2.564658e-01 4.086374e-01 -7.220000e-01 3.525000e-01 -2.563563e-01 4.086536e-01
-3.195000e-01 3.520000e-01 -1.576036e-01 5.828305e-01 -3.200000e-01 3.525000e-01 -1.558432e-01 5.817869e-01
-3.195000e-01 3.520000e-01 -1.576036e-01 5.828305e-01 -3.185000e-01 3.520000e-01 -1.598669e-01 5.841367e-01
-3.180000e-01 3.515000e-01 -1.616755e-01 5.851543e-01 -3.185000e-01 3.520000e-01 -1.598669e-01 5.841367e-01
-2.480000e-01 3.515000e-01 -3.912546e-01 5.876514e-01 -2.475000e-01 3.520000e-01 -3.931844e-01 5.866438e-01
-2.475000e-01 3.520000e-01 -3.931844e-01 5.866438e-01 -2.465000e-01 3.520000e-01 -3.956659e-01 5.853100e-01
-2.465000e-01 3.520000e-01 -3.956659e-01 5.853100e-01 -2.460000e-01 3.525000e-01 -3.975508e-01 5.842697e-01
1.435000e-01 3.520000e-01 -3.224045e-01 3.995773e-01 1.430000e-01 3.525000e-01 -3.228170e-01 3.996507e-01
1.440000e-01 3.515000e-01 -3.219919e-01 3.995033e-01 1.435000e-01 3.520000e-01 -3.224045e-01 3.995773e-01
-7.220000e-01 3.525000e-01 -2.563563e-01 4.086536e-01 -7.220000e-01 3.535000e-01 -2.562483e-01 4.086692e-01
-3.215000e-01 3.530000e-01 -1.519118e-01 5.793819e-01 -3.220000e-01 3.535000e-01 -1.501903e-01 5.782898e-01
-3.215000e-01 3.530000e-01 -1.519118e-01 5.793819e-01 -3.205000e-01 3.530000e-01 -1.540708e-01 5.807170e-01
-3.200000e-01 3.525000e-01 -1.558432e-01 5.817869e-01 -3.205000e-01 3.530000e-01 -1.540708e-01 5.807170e-01
-2.460000e-01 3.525000e-01 -3.975508e-01 5.842697e-01 -2.455000e-01 3.530000e-01 -3.994511e-01 5.832019e-01
-2.455000e-01 3.530000e-01 -3.994511e-01 5.832019e-01 -2.445000e-01 3.530000e-01 -4.018299e-01 5.818281e-01
-2.445000e-01 3.530000e-01 -4.018299e-01 5.818281e-01 -2.440000e-01 3.535000e-01 -4.036817e-01 5.807314e-01
1.430000e-01 3.525000e-01 -3.228170e-01 3.996507e-01 1.430000e-01 3.535000e-01 -3.229407e-01 3.996718e-01
-7.225000e-01 3.540000e-01 -2.565546e-01 4.086234e-01 -7.230000e-01 3.545000e-01 -2.568615e-01 4.085786e-01
-7.220000e-01 3.535000e-01 -2.562483e-01 4.086692e-01 -7.225000e-01 3.540000e-01 -2.565546e-01 4.086234e-01
-3.235000e-01 3.540000e-01 -1.464061e-01 5.758136e-01 -3.240000e-01 3.545000e-01 -1.447276e-01 5.746768e-01
-3.235000e-01 3.540000e-01 -1.464061e-01 5.758136e-01 -3.225000e-01 3.540000e-01 -1.484587e-01 5.771713e-01
-3.220000e-01 3.535000e-01 -1.501903e-01 5.782898e-01 -3.225000e-01 3.540000e-01 -1.484587e-01 5.771713e-01
-2.440000e-01 3.535000e-01 -4.036817e-01 5.807314e-01 -2.435000e-01 3.540000e-01 -4.055469e-01 5.796069e-01
-2.435000e-01 3.540000e-01 -4.055469e-01 5.796069e-01 -2.425000e-01 3.540000e-01 -4.078194e-01 5.782002e-01
-2.425000e-01 3.540000e-01 -4.078194e-01 5.782002e-01 -2.420000e-01 3.545000e-01 -4.096330e-01 5.770508e-01
1.430000e-01 3.535000e-01 -3.229407e-01 3.996718e-01 1.430000e-01 3.545000e-01 -3.230628e-01 3.996925e-01
-7.230000e-01 3.545000e-01 -2.568615e-01 4.085786e-01 -7.230000e-01 3.555000e-01 -2.567568e-01 4.085943e-01
-3.255000e-01 3.550000e-01 -1.410958e-01 5.721398e-01 -3.260000e-01 3.555000e-01 -1.394638e-01 5.709620e-01
-3.255000e-01 3.550000e-01 -1.410958e-01 5.721398e-01 -3.245000e-01 3.550000e-01 -1.430409e-01 5.735134e-01
-3.240000e-01 3.545000e-01 -1.447276e-01 5.746768e-01 -3.245000e-01 3.550000e-01 -1.430409e-01 5.735134e-01
-2.420000e-01 3.545000e-01 -4.096330e-01 5.770508e-01 -2.415000e-01 3.550000e-01 -4.114580e-01 5.758733e-01
-2.415000e-01 3.550000e-01 -4.114580e-01 5.758733e-01 -2.410000e-01 3.555000e-01 -4.132559e-01 5.746850e-01
1.430000e-01 3.545000e-01 -3.230628e-01 3.996925e-01 1.430000e-01 3.555000e-01 -3.231832e-01 3.997129e-01
-7.230000e-01 3.555000e-01 -2.567568e-01 4.085943e-01 -7.230000e-01 3.565000e-01 -2.566537e-01 4.086095e-01
-3.265000e-01 3.560000e-01 -1.378255e-01 5.697579e-01 -3.270000e-01 3.565000e-01 -1.362152e-01 5.685481e-01
-3.260000e-01 3.555000e-01 -1.394638e-01 5.709620e-01 -3.265000e-01 3.560000e-01 -1.378255e-01 5.697579e-01
-2.410000e-01 3.555000e-01 -4.132559e-01 5.746850e-01 -2.405000e-01 3.560000e-01 -4.150640e-01 5.734683e-01
-2.405000e-01 3.560000e-01 -4.150640e-01 5.734683e-01 -2.395000e-01 3.560000e-01 -4.171723e-01 5.720164e-01
-2.395000e-01 3.560000e-01 -4.171723e-01 5.720164e-01 -2.390000e-01 3.565000e-01 -4.189242e-01 5.707814e-01
1.430000e-01 3.555000e-01 -3.231832e-01 3.997129e-01 1.430000e-01 3.565000e-01 -3.233020e-01 3.997330e-01
-7.230000e-01 3.565000e-01 -2.566537e-01 4.086095e-01 -7.230000e-01 3.575000e-01 -2.565521e-01 4.086240e-01
-3.285000e-01 3.570000e-01 -1.328191e-01 5.659191e-01 -3.290000e-01 3.575000e-01 -1.312607e-01 5.646746e-01
-3.285000e-01 3.570000e-01 -1.328191e-01 5.659191e-01 -3.275000e-01 3.570000e-01 -1.345998e-01 5.673120e-01
-3.270000e-01 3.565000e-01 -1.362152e-01 5.685481e-01 -3.275000e-01 3.570000e-01 -1.345998e-01 5.673120e-01
-2.390000e-01 3.565000e-01 -4.189242e-01 5.707814e-01 -2.385000e-01 3.570000e-01 -4.206842e-01 5.695181e-01
-2.385000e-01 3.570000e-01 -4.206842e-01 5.695181e-01 -2.380000e-01 3.575000e-01 -4.224153e-01 5.682475e-01
1.430000e-01 3.565000e-01 -3.233020e-01 3.997330e-01 1.430000e-01 3.575000e-01 -3.234192e-01 3.997528e-01
-7.230000e-01 3.575000e-01 -2.565521e-01 4.086240e-01 -7.230000e-01 3.585000e-01 -2.564519e-01 4.086379e-01
-3.295000e-01 3.580000e-01 -1.296990e-01 5.634043e-01 -3.300000e-01 3.585000e-01 -1.281662e-01 5.621313e-01
-3.290000e-01 3.575000e-01 -1.312607e-01 5.646746e-01 -3.295000e-01 3.580000e-01 -1.296990e-01 5.634043e-01
-2.380000e-01 3.575000e-01 -4.224153e-01 5.682475e-01 -2.375000e-01 3.580000e-01 -4.241531e-01 5.669483e-01
-2.375000e-01 3.580000e-01 -4.241531e-01 5.669483e-01 -2.365000e-01 3.580000e-01 -4.260902e-01 5.654692e-01
-2.365000e-01 3.580000e-01 -4.260902e-01 5.654692e-01 -2.360000e-01 3.585000e-01 -4.277687e-01 5.641586e-01
1.430000e-01 3.575000e-01 -3.234192e-01 3.997528e-01 1.430000e-01 3.585000e-01 -3.235348e-01 3.997722e-01
-7.230000e-01 3.585000e-01 -2.564519e-01 4.086379e-01 -7.230000e-01 3.595000e-01 -2.563533e-01 4.086512e-01
-3.305000e-01 3.590000e-01 -1.266312e-01 5.608325e-01 -3.310000e-01 3.595000e-01 -1.251254e-01 5.595322e-01
-3.300000e-01 3.585000e-01 -1.281662e-01 5.621313e-01 -3.305000e-01 3.590000e-01 -1.266312e-01 5.608325e-01
-2.360000e-01 3.585000e-01 -4.277687e-01 5.641586e-01 -2.355000e-01 3.590000e-01 -4.294519e-01 5.628201e-01
-2.355000e-01 3.590000e-01 -4.294519e-01 5.628201e-01 -2.350000e-01 3.595000e-01 -4.311048e-01 5.614776e-01
1.430000e-01 3.585000e-01 -3.235348e-01 3.997722e-01 1.430000e-01 3.595000e-01 -3.236487e-01 3.997914e-01
-7.230000e-01 3.595000e-01 -2.563533e-01 4.086512e-01 -7.230000e-01 3.605000e-01 -2.562562e-01 4.086639e-01
-3.325000e-01 3.600000e-01 -1.220621e-01 5.568085e-01 -3.330000e-01 3.605000e-01 -1.206140e-01 5.554825e-01
-3.325000e-01 3.600000e-01 -1.220621e-01 5.568085e-01 -3.315000e-01 3.600000e-01 -1.236187e-01 5.582064e-01
-3.310000e-01 3.595000e-01 -1.251254e-01 5.595322e-01 -3.315000e-01 3.600000e-01 -1.236187e-01 5.582064e-01
-2.350000e-01 3.595000e-01 -4.311048e-01 5.614776e-01 -2.345000e-01 3.600000e-01 -4.327611e-01 5.601072e-01
-2.345000e-01 3.600000e-01 -4.327611e-01 5.601072e-01 -2.335000e-01 3.600000e-01 -4.345236e-01 5.586186e-01
-2.335000e-01 3.600000e-01 -4.345236e-01 5.586186e-01 -2.330000e-01 3.605000e-01 -4.361187e-01 5.572436e-01
1.425000e-01 3.600000e-01 -3.240563e-01 3.998570e-01 1.420000e-01 3.605000e-01 -3.244638e-01 3.999220e-01
1.430000e-01 3.595000e-01 -3.236487e-01 3.997914e-01 1.425000e-01 3.600000e-01 -3.240563e-01 3.998570e-01
-7.230000e-01 3.605000e-01 -2.562562e-01 4.086639e-01 -7.230000e-01 3.615000e-01 -2.561606e-01 4.086761e-01
-3.335000e-01 3.610000e-01 -1.191666e-01 5.541318e-01 -3.340000e-01 3.615000e-01 -1.177485e-01 5.527825e-01
-3.330000e-01 3.605000e-01 -1.206140e-01 5.554825e-01 -3.335000e-01 3.610000e-01 -1.191666e-01 5.541318e-01
-2.330000e-01 3.605000e-01 -4.361187e-01 5.572436e-01 -2.325000e-01 3.610000e-01 -4.377151e-01 5.558415e-01
-2.325000e-01 3.610000e-01 -4.377151e-01 5.558415e-01 -2.320000e-01 3.615000e-01 -4.392807e-01 5.544388e-01
1.420000e-01 3.605000e-01 -3.244638e-01 3.999220e-01 1.420000e-01 3.615000e-01 -3.245748e-01 3.999390e-01
-7.230000e-01 3.615000e-01 -2.561606e-01 4.086761e-01 -7.230000e-01 3.625000e-01 -2.560665e-01 4.086877e-01
-3.345000e-01 3.620000e-01 -1.163323e-01 5.514087e-01 -3.350000e-01 3.625000e-01 -1.149454e-01 5.500374e-01
-3.340000e-01 3.615000e-01 -1.177485e-01 5.527825e-01 -3.345000e-01 3.620000e-01 -1.163323e-01 5.514087e-01
-2.320000e-01 3.615000e-01 -4.392807e-01 5.544388e-01 -2.315000e-01 3.620000e-01 -4.408463e-01 5.530092e-01
-2.315000e-01 3.620000e-01 -4.408463e-01 5.530092e-01 -2.310000e-01 3.625000e-01 -4.423808e-01 5.515803e-01
1.420000e-01 3.615000e-01 -3.245748e-01 3.999390e-01 1.420000e-01 3.625000e-01 -3.246842e-01 3.999557e-01
-7.235000e-01 3.630000e-01 -2.563816e-01 4.086469e-01 -7.240000e-01 3.635000e-01 -2.566971e-01 4.086071e-01
-7.230000e-01 3.625000e-01 -2.560665e-01 4.086877e-01 -7.235000e-01 3.630000e-01 -2.563816e-01 4.086469e-01
-3.355000e-01 3.630000e-01 -1.135616e-01 5.486422e-01 -3.360000e-01 3.635000e-01 -1.122070e-01 5.472504e-01
-3.350000e-01 3.625000e-01 -1.149454e-01 5.500374e-01 -3.355000e-01 3.630000e-01 -1.135616e-01 5.486422e-01
-2.310000e-01 3.625000e-01 -4.423808e-01 5.515803e-01 -2.305000e-01 3.630000e-01 -4.439140e-01 5.501249e-01
-2.305000e-01 3.630000e-01 -4.439140e-01 5.501249e-01 -2.300000e-01 3.635000e-01 -4.454159e-01 5.486715e-01
1.420000e-01 3.625000e-01 -3.246842e-01 3.999557e-01 1.420000e-01 3.635000e-01 -3.247919e-01 3.999722e-01
-7.240000e-01 3.635000e-01 -2.566971e-01 4.086071e-01 -7.240000e-01 3.645000e-01 -2.566064e-01 4.086191e-01
-3.365000e-01 3.640000e-01 -1.108565e-01 5.458352e-01 -3.370000e-01 3.645000e-01 -1.095352e-01 5.444246e-01
-3.360000e-01 3.635000e-01 -1.122070e-01 5.472504e-01 -3.365000e-01 3.640000e-01 -1.108565e-01 5.458352e-01
-2.300000e-01 3.635000e-01 -4.454159e-01 5.486715e-01 -2.295000e-01 3.640000e-01 -4.469153e-01 5.471922e-01
-2.295000e-01 3.640000e-01 -4.469153e-01 5.471922e-01 -2.285000e-01 3.640000e-01 -4.483792e-01 5.457201e-01
-2.285000e-01 3.640000e-01 -4.483792e-01 5.457201e-01 -2.280000e-01 3.645000e-01 -4.498165e-01 5.442477e-01
1.420000e-01 3.635000e-01 -3.247919e-01 3.999722e-01 1.420000e-01 3.645000e-01 -3.248979e-01 3.999885e-01
-7.240000e-01 3.645000e-01 -2.566064e-01 4.086191e-01 -7.240000e-01 3.655000e-01 -2.565173e-01 4.086307e-01
-3.375000e-01 3.650000e-01 -1.082191e-01 5.429910e-01 -3.380000e-01 3.655000e-01 -1.069321e-01 5.415631e-01
-3.370000e-01 3.645000e-01 -1.095352e-01 5.444246e-01 -3.375000e-01 3.650000e-01 -1.082191e-01 5.429910e-01
-2.280000e-01 3.645000e-01 -4.498165e-01 5.442477e-01 -2.275000e-01 3.650000e-01 -4.512493e-01 5.427506e-01
-2.275000e-01 3.650000e-01 -4.512493e-01 5.427506e-01 -2.270000e-01 3.655000e-01 -4.526513e-01 5.412585e-01
1.420000e-01 3.645000e-01 -3.248979e-01 3.999885e-01 1.420000e-01 3.655000e-01 -3.250023e-01 4.000046e-01
-7.240000e-01 3.655000e-01 -2.565173e-01 4.086307e-01 -7.240000e-01 3.665000e-01 -2.564296e-01 4.086417e-01
-3.385000e-01 3.660000e-01 -1.056512e-01 5.401127e-01 -3.390000e-01 3.665000e-01 -1.043992e-01 5.386691e-01
-3.380000e-01 3.655000e-01 -1.069321e-01 5.415631e-01 -3.385000e-01 3.660000e-01 -1.056512e-01 5.401127e-01
-2.270000e-01 3.655000e-01 -4.526513e-01 5.412585e-01 -2.265000e-01 3.660000e-01 -4.540478e-01 5.397423e-01
-2.265000e-01 3.660000e-01 -4.540478e-01 5.397423e-01 -2.260000e-01 3.665000e-01 -4.554136e-01 5.382322e-01
1.415000e-01 3.660000e-01 -3.254060e-01 4.000639e-01 1.410000e-01 3.665000e-01 -3.258095e-01 4.001226e-01
1.420000e-01 3.655000e-01 -3.250023e-01 4.000046e-01 1.415000e-01 3.660000e-01 -3.254060e-01 4.000639e-01
-7.240000e-01 3.665000e-01 -2.564296e-01 4.086417e-01 -7.240000e-01 3.675000e-01 -2.563434e-01 4.086522e-01
-3.395000e-01 3.670000e-01 -1.031544e-01 5.372036e-01 -3.400000e-01 3.675000e-01 -1.019381e-01 5.357459e-01
-3.390000e-01 3.665000e-01 -1.043992e-01 5.386691e-01 -3.395000e-01 3.670000e-01 -1.031544e-01 5.372036e-01
-2.260000e-01 3.665000e-01 -4.554136e-01 5.382322e-01 -2.255000e-01 3.670000e-01 -4.567727e-01 5.366988e-01
-2.255000e-01 3.670000e-01 -4.567727e-01 5.366988e-01 -2.250000e-01 3.675000e-01 -4.581013e-01 5.351727e-01
1.410000e-01 3.665000e-01 -3.258095e-01 4.001226e-01 1.410000e-01 3.675000e-01 -3.259109e-01 4.001366e-01
-7.240000e-01 3.675000e-01 -2.563434e-01 4.086522e-01 -7.240000e-01 3.685000e-01 -2.562589e-01 4.086623e-01
-3.405000e-01 3.680000e-01 -1.007299e-01 5.342670e-01 -3.410000e-01 3.685000e-01 -9.954999e-02 5.327968e-01
-3.400000e-01 3.675000e-01 -1.019381e-01 5.357459e-01 -3.405000e-01 3.680000e-01 -1.007299e-01 5.342670e-01
-2.250000e-01 3.675000e-01 -4.581013e-01 5.351727e-01 -2.245000e-01 3.680000e-01 -4.594221e-01 5.336240e-01
-2.245000e-01 3.680000e-01 -4.594221e-01 5.336240e-01 -2.240000e-01 3.685000e-01 -4.607127e-01 5.320836e-01
1.410000e-01 3.675000e-01 -3.259109e-01 4.001366e-01 1.410000e-01 3.685000e-01 -3.260106e-01 4.001505e-01
-7.240000e-01 3.685000e-01 -2.562589e-01 4.086623e-01 -7.240000e-01 3.695000e-01 -2.561758e-01 4.086718e-01
-3.415000e-01 3.690000e-01 -9.837911e-02 5.313062e-01 -3.420000e-01 3.695000e-01 -9.723601e-02 5.298251e-01
-3.410000e-01 3.685000e-01 -9.954999e-02 5.327968e-01 -3.415000e-01 3.690000e-01 -9.837911e-02 5.313062e-01
-2.240000e-01 3.685000e-01 -4.607127e-01 5.320836e-01 -2.235000e-01 3.690000e-01 -4.619944e-01 5.305215e-01
-2.235000e-01 3.690000e-01 -4.619944e-01 5.305215e-01 -2.230000e-01 3.695000e-01 -4.632462e-01 5.289689e-01
1.410000e-01 3.685000e-01 -3.260106e-01 4.001505e-01 1.410000e-01 3.695000e-01 -3.261086e-01 4.001642e-01
-7.240000e-01 3.695000e-01 -2.561758e-01 4.086718e-01 -7.240000e-01 3.705000e-01 -2.560943e-01 4.086810e-01
-3.420000e-01 3.695000e-01 -9.723601e-02 5.298251e-01 -3.420000e-01 3.705000e-01 -9.594492e-02 5.281148e-01
-2.230000e-01 3.695000e-01 -4.632462e-01 5.289689e-01 -2.225000e-01 3.700000e-01 -4.644881e-01 5.273954e-01
-2.225000e-01 3.700000e-01 -4.644881e-01 5.273954e-01 -2.220000e-01 3.705000e-01 -4.657005e-01 5.258323e-01
1.410000e-01 3.695000e-01 -3.261086e-01 4.001642e-01 1.410000e-01 3.705000e-01 -3.262049e-01 4.001778e-01
-7.240000e-01 3.705000e-01 -2.560943e-01 4.086810e-01 -7.240000e-01 3.715000e-01 -2.560143e-01 4.086896e-01
-3.425000e-01 3.710000e-01 -9.482235e-02 5.265947e-01 -3.430000e-01 3.715000e-01 -9.372727e-02 5.250857e-01
-3.420000e-01 3.705000e-01 -9.594492e-02 5.281148e-01 -3.425000e-01 3.710000e-01 -9.482235e-02 5.265947e-01
-2.220000e-01 3.705000e-01 -4.657005e-01 5.258323e-01 -2.220000e-01 3.715000e-01 -4.670666e-01 5.240324e-01
1.405000e-01 3.710000e-01 -3.266051e-01 4.002318e-01 1.400000e-01 3.715000e-01 -3.270052e-01 4.002852e-01
1.410000e-01 3.705000e-01 -3.262049e-01 4.001778e-01 1.405000e-01 3.710000e-01 -3.266051e-01 4.002318e-01
-7.240000e-01 3.715000e-01 -2.560143e-01 4.086896e-01 -7.240000e-01 3.725000e-01 -2.559359e-01 4.086979e-01
-3.435000e-01 3.720000e-01 -9.264360e-02 5.235581e-01 -3.440000e-01 3.725000e-01 -9.158691e-02 5.220423e-01
-3.430000e-01 3.715000e-01 -9.372727e-02 5.250857e-01 -3.435000e-01 3.720000e-01 -9.264360e-02 5.235581e-01
-2.220000e-01 3.715000e-01 -4.670666e-01 5.240324e-01 -2.215000e-01 3.720000e-01 -4.682565e-01 5.224297e-01
-2.215000e-01 3.720000e-01 -4.682565e-01 5.224297e-01 -2.210000e-01 3.725000e-01 -4.694172e-01 5.208392e-01
1.400000e-01 3.715000e-01 -3.270052e-01 4.002852e-01 1.400000e-01 3.725000e-01 -3.270985e-01 4.002968e-01
-7.240000e-01 3.725000e-01 -2.559359e-01 4.086979e-01 -7.240000e-01 3.735000e-01 -2.558590e-01 4.087057e-01
-3.445000e-01 3.730000e-01 -9.054237e-02 5.205089e-01 -3.450000e-01 3.735000e-01 -8.952418e-02 5.189881e-01
-3.440000e-01 3.725000e-01 -9.158691e-02 5.220423e-01 -3.445000e-01 3.730000e-01 -9.054237e-02 5.205089e-01
-2.210000e-01 3.725000e-01 -4.694172e-01 5.208392e-01 -2.205000e-01 3.730000e-01 -4.705653e-01 5.192301e-01
-2.205000e-01 3.730000e-01 -4.705653e-01 5.192301e-01 -2.200000e-01 3.735000e-01 -4.716848e-01 5.176340e-01
1.400000e-01 3.725000e-01 -3.270985e-01 4.002968e-01 1.400000e-01 3.735000e-01 -3.271901e-01 4.003083e-01
-7.240000e-01 3.735000e-01 -2.558590e-01 4.087057e-01 -7.240000e-01 3.745000e-01 -2.557837e-01 4.087132e-01
-3.450000e-01 3.735000e-01 -8.952418e-02 5.189881e-01 -3.450000e-01 3.745000e-01 -8.830887e-02 5.171282e-01
-2.200000e-01 3.735000e-01 -4.716848e-01 5.176340e-01 -2.195000e-01 3.740000e-01 -4.727909e-01 5.160203e-01
-2.195000e-01 3.740000e-01 -4.727909e-01 5.160203e-01 -2.190000e-01 3.745000e-01 -4.738691e-01 5.144206e-01
1.400000e-01 3.735000e-01 -3.271901e-01 4.003083e-01 1.400000e-01 3.745000e-01 -3.272799e-01 4.003198e-01
-7.240000e-01 3.745000e-01 -2.557837e-01 4.087132e-01 -7.240000e-01 3.755000e-01 -2.557099e-01 4.087202e-01
-3.455000e-01 3.750000e-01 -8.731715e-02 5.155742e-01 -3.460000e-01 3.755000e-01 -8.635114e-02 5.140341e-01
-3.450000e-01 3.745000e-01 -8.830887e-02 5.171282e-01 -3.455000e-01 3.750000e-01 -8.731715e-02 5.155742e-01
-2.190000e-01 3.745000e-01 -4.738691e-01 5.144206e-01 -2.185000e-01 3.750000e-01 -4.749331e-01 5.128043e-01
-2.185000e-01 3.750000e-01 -4.749331e-01 5.128043e-01 -2.180000e-01 3.755000e-01 -4.759698e-01 5.112027e-01
1.400000e-01 3.745000e-01 -3.272799e-01 4.003198e-01 1.400000e-01 3.755000e-01 -3.273682e-01 4.003311e-01
-7.240000e-01 3.755000e-01 -2.557099e-01 4.087202e-01 -7.240000e-01 3.765000e-01 -2.556377e-01 4.087269e-01
-3.465000e-01 3.760000e-01 -8.539932e-02 5.124787e-01 -3.470000e-01 3.765000e-01 -8.447253e-02 5.109377e-01
-3.460000e-01 3.755000e-01 -8.635114e-02 5.140341e-01 -3.465000e-01 3.760000e-01 -8.539932e-02 5.124787e-01
-2.180000e-01 3.755000e-01 -4.759698e-01 5.112027e-01 -2.180000e-01 3.765000e-01 -4.772217e-01 5.092207e-01
1.400000e-01 3.755000e-01 -3.273682e-01 4.003311e-01 1.400000e-01 3.765000e-01 -3.274546e-01 4.003424e-01
-7.240000e-01 3.765000e-01 -2.556377e-01 4.087269e-01 -7.240000e-01 3.775000e-01 -2.555670e-01 4.087332e-01
-3.470000e-01 3.765000e-01 -8.447253e-02 5.109377e-01 -3.470000e-01 3.775000e-01 -8.332318e-02 5.089763e-01
-2.180000e-01 3.765000e-01 -4.772217e-01 5.092207e-01 -2.175000e-01 3.770000e-01 -4.782278e-01 5.075889e-01
-2.175000e-01 3.770000e-01 -4.782278e-01 5.075889e-01 -2.170000e-01 3.775000e-01 -4.792074e-01 5.059732e-01
1.395000e-01 3.770000e-01 -3.278505e-01 4.003904e-01 1.390000e-01 3.775000e-01 -3.282462e-01 4.004377e-01
1.400000e-01 3.765000e-01 -3.274546e-01 4.003424e-01 1.395000e-01 3.770000e-01 -3.278505e-01 4.003904e-01
-7.240000e-01 3.775000e-01 -2.555670e-01 4.087332e-01 -7.240000e-01 3.785000e-01 -2.554980e-01 4.087391e-01
-3.475000e-01 3.780000e-01 -8.242652e-02 5.074070e-01 -3.480000e-01 3.785000e-01 -8.155410e-02 5.058534e-01
-3.470000e-01 3.775000e-01 -8.332318e-02 5.089763e-01 -3.475000e-01 3.780000e-01 -8.242652e-02 5.074070e-01
-2.170000e-01 3.775000e-01 -4.792074e-01 5.059732e-01 -2.165000e-01 3.780000e-01 -4.801708e-01 5.043438e-01
-2.165000e-01 3.780000e-01 -4.801708e-01 5.043438e-01 -2.160000e-01 3.785000e-01 -4.811085e-01 5.027310e-01
1.390000e-01 3.775000e-01 -3.282462e-01 4.004377e-01 1.390000e-01 3.785000e-01 -3.283296e-01 4.004472e-01
-7.240000e-01 3.785000e-01 -2.554980e-01 4.087391e-01 -7.240000e-01 3.795000e-01 -2.554304e-01 4.087447e-01
-3.485000e-01 3.790000e-01 -8.069758e-02 5.042869e-01 -3.490000e-01 3.795000e-01 -7.986444e-02 5.027365e-01
-3.480000e-01 3.785000e-01 -8.155410e-02 5.058534e-01 -3.485000e-01 3.790000e-01 -8.069758e-02 5.042869e-01
-2.160000e-01 3.785000e-01 -4.811085e-01 5.027310e-01 -2.155000e-01 3.790000e-01 -4.820293e-01 5.011058e-01
-2.155000e-01 3.790000e-01 -4.820293e-01 5.011058e-01 -2.150000e-01 3.795000e-01 -4.829253e-01 4.994978e-01
1.390000e-01 3.785000e-01 -3.283296e-01 4.004472e-01 1.390000e-01 3.795000e-01 -3.284112e-01 4.004567e-01
-7.240000e-01 3.795000e-01 -2.554304e-01 4.087447e-01 -7.240000e-01 3.805000e-01 -2.553644e-01 4.087500e-01
-3.490000e-01 3.795000e-01 -7.986444e-02 5.027365e-01 -3.490000e-01 3.805000e-01 -7.879122e-02 5.006852e-01
-2.150000e-01 3.795000e-01 -4.829253e-01 4.994978e-01 -2.150000e-01 3.805000e-01 -4.840650e-01 4.973988e-01
1.390000e-01 3.795000e-01 -3.284112e-01 4.004567e-01 1.390000e-01 3.805000e-01 -3.284911e-01 4.004661e-01
-7.240000e-01 3.805000e-01 -2.553644e-01 4.087500e-01 -7.240000e-01 3.815000e-01 -2.553001e-01 4.087549e-01
-3.495000e-01 3.810000e-01 -7.799134e-02 4.991117e-01 -3.500000e-01 3.815000e-01 -7.721386e-02 4.975554e-01
-3.490000e-01 3.805000e-01 -7.879122e-02 5.006852e-01 -3.495000e-01 3.810000e-01 -7.799134e-02 4.991117e-01
-2.150000e-01 3.805000e-01 -4.840650e-01 4.973988e-01 -2.145000e-01 3.810000e-01 -4.849257e-01 4.957690e-01
-2.145000e-01 3.810000e-01 -4.849257e-01 4.957690e-01 -2.140000e-01 3.815000e-01 -4.857625e-01 4.941573e-01
1.385000e-01 3.810000e-01 -3.288840e-01 4.005100e-01 1.380000e-01 3.815000e-01 -3.292766e-01 4.005531e-01
1.390000e-01 3.805000e-01 -3.284911e-01 4.004661e-01 1.385000e-01 3.810000e-01 -3.288840e-01 4.005100e-01
-7.240000e-01 3.815000e-01 -2.553001e-01 4.087549e-01 -7.240000e-01 3.825000e-01 -2.552372e-01 4.087596e-01
-3.500000e-01 3.815000e-01 -7.721386e-02 4.975554e-01 -3.500000e-01 3.825000e-01 -7.619015e-02 4.954459e-01
-2.140000e-01 3.815000e-01 -4.857625e-01 4.941573e-01 -2.140000e-01 3.825000e-01 -4.868497e-01 4.920022e-01
1.380000e-01 3.815000e-01 -3.292766e-01 4.005531e-01 1.380000e-01 3.825000e-01 -3.293534e-01 4.005608e-01
-7.240000e-01 3.825000e-01 -2.552372e-01 4.087596e-01 -7.240000e-01 3.835000e-01 -2.551760e-01 4.087640e-01
-3.505000e-01 3.830000e-01 -7.544769e-02 4.938698e-01 -3.510000e-01 3.835000e-01 -7.472657e-02 4.923116e-01
-3.500000e-01 3.825000e-01 -7.619015e-02 4.954459e-01 -3.505000e-01 3.830000e-01 -7.544769e-02 4.938698e-01
-2.140000e-01 3.825000e-01 -4.868497e-01 4.920022e-01 -2.135000e-01 3.830000e-01 -4.876492e-01 4.903725e-01
-2.135000e-01 3.830000e-01 -4.876492e-01 4.903725e-01 -2.130000e-01 3.835000e-01 -4.884262e-01 4.887619e-01
1.380000e-01 3.825000e-01 -3.293534e-01 4.005608e-01 1.380000e-01 3.835000e-01 -3.294284e-01 4.005686e-01
-7.240000e-01 3.835000e-01 -2.551760e-01 4.087640e-01 -7.240000e-01 3.845000e-01 -2.551163e-01 4.087680e-01
-3.510000e-01 3.835000e-01 -7.472657e-02 4.923116e-01 -3.510000e-01 3.845000e-01 -7.375597e-02 4.901487e-01
-2.130000e-01 3.835000e-01 -4.884262e-01 4.887619e-01 -2.125000e-01 3.840000e-01 -4.891839e-01 4.871439e-01
-2.125000e-01 3.840000e-01 -4.891839e-01 4.871439e-01 -2.120000e-01 3.845000e-01 -4.899199e-01 4.855452e-01
1.380000e-01 3.835000e-01 -3.294284e-01 4.005686e-01 1.380000e-01 3.845000e-01 -3.295017e-01 4.005764e-01
-7.240000e-01 3.845000e-01 -2.551163e-01 4.087680e-01 -7.240000e-01 3.855000e-01 -2.550583e-01 4.087719e-01
-3.515000e-01 3.850000e-01 -7.307145e-02 4.885742e-01 -3.520000e-01 3.855000e-01 -7.240707e-02 4.870184e-01
-3.510000e-01 3.845000e-01 -7.375597e-02 4.901487e-01 -3.515000e-01 3.850000e-01 -7.307145e-02 4.885742e-01
-2.120000e-01 3.845000e-01 -4.899199e-01 4.855452e-01 -2.120000e-01 3.855000e-01 -4.909114e-01 4.833268e-01
1.380000e-01 3.845000e-01 -3.295017e-01 4.005764e-01 1.380000e-01 3.855000e-01 -3.295732e-01 4.005843e-01
-7.240000e-01 3.855000e-01 -2.550583e-01 4.087719e-01 -7.240000e-01 3.865000e-01 -2.550017e-01 4.087755e-01
-3.520000e-01 3.855000e-01 -7.240707e-02 4.870184e-01 -3.520000e-01 3.865000e-01 -7.149297e-02 4.848073e-01
-2.120000e-01 3.855000e-01 -4.909114e-01 4.833268e-01 -2.115000e-01 3.860000e-01 -4.916081e-01 4.817165e-01
-2.115000e-01 3.860000e-01 -4.916081e-01 4.817165e-01 -2.110000e-01 3.865000e-01 -4.922843e-01 4.801262e-01
1.375000e-01 3.860000e-01 -3.299622e-01 4.006232e-01 1.370000e-01 3.865000e-01 -3.303510e-01 4.006613e-01
1.380000e-01 3.855000e-01 -3.295732e-01 4.005843e-01 1.375000e-01 3.860000e-01 -3.299622e-01 4.006232e-01
-7.240000e-01 3.865000e-01 -2.550017e-01 4.087755e-01 -7.240000e-01 3.875000e-01 -2.549468e-01 4.087788e-01
-3.525000e-01 3.870000e-01 -7.086641e-02 4.832388e-01 -3.530000e-01 3.875000e-01 -7.025884e-02 4.816894e-01
-3.520000e-01 3.865000e-01 -7.149297e-02 4.848073e-01 -3.525000e-01 3.870000e-01 -7.086641e-02 4.832388e-01
-2.110000e-01 3.865000e-01 -4.922843e-01 4.801262e-01 -2.110000e-01 3.875000e-01 -4.932144e-01 4.778672e-01
1.370000e-01 3.865000e-01 -3.303510e-01 4.006613e-01 1.370000e-01 3.875000e-01 -3.304193e-01 4.006676e-01
-7.240000e-01 3.875000e-01 -2.549468e-01 4.087788e-01 -7.240000e-01 3.885000e-01 -2.548934e-01 4.087819e-01
-3.530000e-01 3.875000e-01 -7.025884e-02 4.816894e-01 -3.530000e-01 3.885000e-01 -6.940408e-02 4.794356e-01
-2.110000e-01 3.875000e-01 -4.932144e-01 4.778672e-01 -2.105000e-01 3.880000e-01 -4.938503e-01 4.762692e-01
-2.105000e-01 3.880000e-01 -4.938503e-01 4.762692e-01 -2.100000e-01 3.885000e-01 -4.944670e-01 4.746918e-01
1.370000e-01 3.875000e-01 -3.304193e-01 4.006676e-01 1.370000e-01 3.885000e-01 -3.304858e-01 4.006740e-01
-7.240000e-01 3.885000e-01 -2.548934e-01 4.087819e-01 -7.240000e-01 3.895000e-01 -2.548417e-01 4.087848e-01
-3.530000e-01 3.885000e-01 -6.940408e-02 4.794356e-01 -3.530000e-01 3.895000e-01 -6.857176e-02 4.771511e-01
-2.100000e-01 3.885000e-01 -4.944670e-01 4.746918e-01 -2.100000e-01 3.895000e-01 -4.953332e-01 4.723984e-01
1.370000e-01 3.885000e-01 -3.304858e-01 4.006740e-01 1.370000e-01 3.895000e-01 -3.305507e-01 4.006805e-01
-7.240000e-01 3.895000e-01 -2.548417e-01 4.087848e-01 -7.240000e-01 3.905000e-01 -2.547915e-01 4.087876e-01
-3.535000e-01 3.900000e-01 -6.802284e-02 4.755895e-01 -3.540000e-01 3.905000e-01 -6.749126e-02 4.740477e-01
-3.530000e-01 3.895000e-01 -6.857176e-02 4.771511e-01 -3.535000e-01 3.900000e-01 -6.802284e-02 4.755895e-01
-2.100000e-01 3.895000e-01 -4.953332e-01 4.723984e-01 -2.095000e-01 3.900000e-01 -4.959087e-01 4.708173e-01
-2.095000e-01 3.900000e-01 -4.959087e-01 4.708173e-01 -2.090000e-01 3.905000e-01 -4.964665e-01 4.692569e-01
1.365000e-01 3.900000e-01 -3.309364e-01 4.007154e-01 1.360000e-01 3.905000e-01 -3.313220e-01 4.007495e-01
1.370000e-01 3.895000e-01 -3.305507e-01 4.006805e-01 1.365000e-01 3.900000e-01 -3.309364e-01 4.007154e-01
-7.240000e-01 3.905000e-01 -2.547915e-01 4.087876e-01 -7.240000e-01 3.915000e-01 -2.547429e-01 4.087901e-01
-3.540000e-01 3.905000e-01 -6.749126e-02 4.740477e-01 -3.540000e-01 3.915000e-01 -6.672236e-02 4.717284e-01
-2.090000e-01 3.905000e-01 -4.964665e-01 4.692569e-01 -2.090000e-01 3.915000e-01 -4.972665e-01 4.669356e-01
1.360000e-01 3.905000e-01 -3.313220e-01 4.007495e-01 1.360000e-01 3.915000e-01 -3.313835e-01 4.007545e-01
-7.240000e-01 3.915000e-01 -2.547429e-01 4.087901e-01 -7.240000e-01 3.925000e-01 -2.546959e-01 4.087925e-01
-3.540000e-01 3.915000e-01 -6.672236e-02 4.717284e-01 -3.540000e-01 3.925000e-01 -6.597832e-02 4.693813e-01
-2.090000e-01 3.915000e-01 -4.972665e-01 4.669356e-01 -2.085000e-01 3.920000e-01 -4.977827e-01 4.653756e-01
-2.085000e-01 3.920000e-01 -4.977827e-01 4.653756e-01 -2.080000e-01 3.925000e-01 -4.982825e-01 4.638364e-01
1.360000e-01 3.915000e-01 -3.313835e-01 4.007545e-01 1.360000e-01 3.925000e-01 -3.314433e-01 4.007597e-01
-7.240000e-01 3.925000e-01 -2.546959e-01 4.087925e-01 -7.240000e-01 3.935000e-01 -2.546505e-01 4.087947e-01
-3.545000e-01 3.930000e-01 -6.550712e-02 4.678352e-01 -3.550000e-01 3.935000e-01 -6.505160e-02 4.663094e-01
-3.540000e-01 3.925000e-01 -6.597832e-02 4.693813e-01 -3.545000e-01 3.930000e-01 -6.550712e-02 4.678352e-01
-2.080000e-01 3.925000e-01 -4.982825e-01 4.638364e-01 -2.080000e-01 3.935000e-01 -4.990147e-01 4.614936e-01
1.360000e-01 3.925000e-01 -3.314433e-01 4.007597e-01 1.360000e-01 3.935000e-01 -3.315013e-01 4.007650e-01
-7.240000e-01 3.935000e-01 -2.546505e-01 4.087947e-01 -7.240000e-01 3.945000e-01 -2.546067e-01 4.087967e-01
-3.550000e-01 3.935000e-01 -6.505160e-02 4.663094e-01 -3.550000e-01 3.945000e-01 -6.437419e-02 4.639360e-01
-2.080000e-01 3.935000e-01 -4.990147e-01 4.614936e-01 -2.080000e-01 3.945000e-01 -4.997197e-01 4.591287e-01
1.355000e-01 3.940000e-01 -3.318837e-01 4.007960e-01 1.350000e-01 3.945000e-01 -3.322659e-01 4.008261e-01
1.360000e-01 3.935000e-01 -3.315013e-01 4.007650e-01 1.355000e-01 3.940000e-01 -3.318837e-01 4.007960e-01
-7.240000e-01 3.945000e-01 -2.546067e-01 4.087967e-01 -7.240000e-01 3.955000e-01 -2.545645e-01 4.087987e-01
-3.550000e-01 3.945000e-01 -6.437419e-02 4.639360e-01 -3.550000e-01 3.955000e-01 -6.372384e-02 4.615380e-01
-2.080000e-01 3.945000e-01 -4.997197e-01 4.591287e-01 -2.075000e-01 3.950000e-01 -5.001567e-01 4.575973e-01
-2.075000e-01 3.950000e-01 -5.001567e-01 4.575973e-01 -2.070000e-01 3.955000e-01 -5.005792e-01 4.560868e-01
1.350000e-01 3.945000e-01 -3.322659e-01 4.008261e-01 1.350000e-01 3.955000e-01 -3.323206e-01 4.008300e-01
-7.240000e-01 3.955000e-01 -2.545645e-01 4.087987e-01 -7.240000e-01 3.965000e-01 -2.545239e-01 4.088005e-01
-3.555000e-01 3.960000e-01 -6.332951e-02 4.600161e-01 -3.560000e-01 3.965000e-01 -6.294908e-02 4.585146e-01
-3.550000e-01 3.955000e-01 -6.372384e-02 4.615380e-01 -3.555000e-01 3.960000e-01 -6.332951e-02 4.600161e-01
-2.070000e-01 3.955000e-01 -5.005792e-01 4.560868e-01 -2.070000e-01 3.965000e-01 -5.012142e-01 4.537095e-01
1.350000e-01 3.955000e-01 -3.323206e-01 4.008300e-01 1.350000e-01 3.965000e-01 -3.323735e-01 4.008342e-01
-7.240000e-01 3.965000e-01 -2.545239e-01 4.088005e-01 -7.240000e-01 3.975000e-01 -2.544849e-01 4.088022e-01
-3.560000e-01 3.965000e-01 -6.294908e-02 4.585146e-01 -3.560000e-01 3.975000e-01 -6.236755e-02 4.560992e-01
-2.070000e-01 3.965000e-01 -5.012142e-01 4.537095e-01 -2.070000e-01 3.975000e-01 -5.018203e-01 4.513140e-01
1.345000e-01 3.970000e-01 -3.327534e-01 4.008620e-01 1.340000e-01 3.975000e-01 -3.331330e-01 4.008890e-01
1.350000e-01 3.965000e-01 -3.323735e-01 4.008342e-01 1.345000e-01 3.970000e-01 -3.327534e-01 4.008620e-01
-7.240000e-01 3.975000e-01 -2.544849e-01 4.088022e-01 -7.240000e-01 3.985000e-01 -2.544474e-01 4.088038e-01
-3.560000e-01 3.975000e-01 -6.236755e-02 4.560992e-01 -3.560000e-01 3.985000e-01 -6.181484e-02 4.536629e-01
-2.070000e-01 3.975000e-01 -5.018203e-01 4.513140e-01 -2.065000e-01 3.980000e-01 -5.021802e-01 4.498193e-01
-2.065000e-01 3.980000e-01 -5.021802e-01 4.498193e-01 -2.060000e-01 3.985000e-01 -5.025273e-01 4.483455e-01
1.340000e-01 3.975000e-01 -3.331330e-01 4.008890e-01 1.340000e-01 3.985000e-01 -3.331825e-01 4.008918e-01
-7.240000e-01 3.985000e-01 -2.544474e-01 4.088038e-01 -7.240000e-01 3.995000e-01 -2.544116e-01 4.088054e-01
-3.565000e-01 3.990000e-01 -6.149557e-02 4.521733e-01 -3.570000e-01 3.995000e-01 -6.118841e-02 4.507040e-01
-3.560000e-01 3.985000e-01 -6.181484e-02 4.536629e-01 -3.565000e-01 3.990000e-01 -6.149557e-02 4.521733e-01
-2.060000e-01 3.985000e-01 -5.025273e-01 4.483455e-01 -2.060000e-01 3.995000e-01 -5.030623e-01 4.459467e-01
1.340000e-01 3.985000e-01 -3.331825e-01 4.008918e-01 1.340000e-01 3.995000e-01 -3.332303e-01 4.008949e-01
-7.240000e-01 3.995000e-01 -2.544116e-01 4.088054e-01 -7.240000e-01 4.005000e-01 -2.543773e-01 4.088068e-01
-3.570000e-01 3.995000e-01 -6.118841e-02 4.507040e-01 -3.570000e-01 4.005000e-01 -6.070579e-02 4.482594e-01
-2.060000e-01 3.995000e-01 -5.030623e-01 4.459467e-01 -2.060000e-01 4.005000e-01 -5.035670e-01 4.435335e-01
1.340000e-01 3.995000e-01 -3.332303e-01 4.008949e-01 1.340000e-01 4.005000e-01 -3.332763e-01 4.008983e-01
-7.240000e-01 4.005000e-01 -2.543773e-01 4.088068e-01 -7.240000e-01 4.015000e-01 -2.543447e-01 4.088083e-01
-3.570000e-01 4.005000e-01 -6.070579e-02 4.482594e-01 -3.570000e-01 4.015000e-01 -6.025339e-02 4.457977e-01
-2.060000e-01 4.005000e-01 -5.035670e-01 4.435335e-01 -2.055000e-01 4.010000e-01 -5.038526e-01 4.420834e-01
-2.055000e-01 4.010000e-01 -5.038526e-01 4.420834e-01 -2.050000e-01 4.015000e-01 -5.041272e-01 4.406534e-01
1.335000e-01 4.010000e-01 -3.336527e-01 4.009223e-01 1.330000e-01 4.015000e-01 -3.340288e-01 4.009454e-01
1.340000e-01 4.005000e-01 -3.332763e-01 4.008983e-01 1.335000e-01 4.010000e-01 -3.336527e-01 4.009223e-01
-7.240000e-01 4.015000e-01 -2.543447e-01 4.088083e-01 -7.240000e-01 4.025000e-01 -2.543137e-01 4.088097e-01
-3.570000e-01 4.015000e-01 -6.025339e-02 4.457977e-01 -3.570000e-01 4.025000e-01 -5.983175e-02 4.433202e-01
-2.050000e-01 4.015000e-01 -5.041272e-01 4.406534e-01 -2.050000e-01 4.025000e-01 -5.045607e-01 4.382460e-01
1.330000e-01 4.015000e-01 -3.340288e-01 4.009454e-01 1.330000e-01 4.025000e-01 -3.340714e-01 4.009476e-01
-7.240000e-01 4.025000e-01 -2.543137e-01 4.088097e-01 -7.240000e-01 4.035000e-01 -2.542842e-01 4.088111e-01
-3.570000e-01 4.025000e-01 -5.983175e-02 4.433202e-01 -3.570000e-01 4.035000e-01 -5.944145e-02 4.408279e-01
-2.050000e-01 4.025000e-01 -5.045607e-01 4.382460e-01 -2.050000e-01 4.035000e-01 -5.049631e-01 4.358281e-01
1.330000e-01 4.025000e-01 -3.340714e-01 4.009476e-01 1.330000e-01 4.035000e-01 -3.341122e-01 4.009501e-01
-7.240000e-01 4.035000e-01 -2.542842e-01 4.088111e-01 -7.240000e-01 4.045000e-01 -2.542564e-01 4.088124e-01
-3.575000e-01 4.040000e-01 -5.923439e-02 4.393958e-01 -3.580000e-01 4.045000e-01 -5.903681e-02 4.379833e-01
-3.570000e-01 4.035000e-01 -5.944145e-02 4.408279e-01 -3.575000e-01 4.040000e-01 -5.923439e-02 4.393958e-01
-2.050000e-01 4.035000e-01 -5.049631e-01 4.358281e-01 -2.050000e-01 4.045000e-01 -5.053340e-01 4.334010e-01
1.325000e-01 4.040000e-01 -3.344859e-01 4.009710e-01 1.320000e-01 4.045000e-01 -3.348593e-01 4.009911e-01
1.330000e-01 4.035000e-01 -3.341122e-01 4.009501e-01 1.325000e-01 4.040000e-01 -3.344859e-01 4.009710e-01
-7.240000e-01 4.045000e-01 -2.542564e-01 4.088124e-01 -7.240000e-01 4.055000e-01 -2.542302e-01 4.088138e-01
-3.580000e-01 4.045000e-01 -5.903681e-02 4.379833e-01 -3.580000e-01 4.055000e-01 -5.871751e-02 4.354975e-01
-2.050000e-01 4.045000e-01 -5.053340e-01 4.334010e-01 -2.045000e-01 4.050000e-01 -5.055294e-01 4.320139e-01
-2.045000e-01 4.050000e-01 -5.055294e-01 4.320139e-01 -2.040000e-01 4.055000e-01 -5.057160e-01 4.306461e-01
1.320000e-01 4.045000e-01 -3.348593e-01 4.009911e-01 1.320000e-01 4.055000e-01 -3.348967e-01 4.009925e-01
-7.240000e-01 4.055000e-01 -2.542302e-01 4.088138e-01 -7.240000e-01 4.065000e-01 -2.542055e-01 4.088152e-01
-3.580000e-01 4.055000e-01 -5.871751e-02 4.354975e-01 -3.580000e-01 4.065000e-01 -5.843021e-02 4.330010e-01
-2.040000e-01 4.055000e-01 -5.057160e-01 4.306461e-01 -2.040000e-01 4.065000e-01 -5.060166e-01 4.282361e-01
1.320000e-01 4.055000e-01 -3.348967e-01 4.009925e-01 1.320000e-01 4.065000e-01 -3.349322e-01 4.009942e-01
-7.240000e-01 4.065000e-01 -2.542055e-01 4.088152e-01 -7.240000e-01 4.075000e-01 -2.541825e-01 4.088166e-01
-3.580000e-01 4.065000e-01 -5.843021e-02 4.330010e-01 -3.580000e-01 4.075000e-01 -5.817523e-02 4.304952e-01
-2.040000e-01 4.065000e-01 -5.060166e-01 4.282361e-01 -2.040000e-01 4.075000e-01 -5.062853e-01 4.258207e-01
1.320000e-01 4.065000e-01 -3.349322e-01 4.009942e-01 1.320000e-01 4.075000e-01 -3.349660e-01 4.009963e-01
-7.240000e-01 4.075000e-01 -2.541825e-01 4.088166e-01 -7.235000e-01 4.080000e-01 -2.538061e-01 4.088281e-01
-7.235000e-01 4.080000e-01 -2.538061e-01 4.088281e-01 -7.230000e-01 4.085000e-01 -2.534298e-01 4.088387e-01
-3.580000e-01 4.075000e-01 -5.817523e-02 4.304952e-01 -3.580000e-01 4.085000e-01 -5.795296e-02 4.279814e-01
-2.040000e-01 4.075000e-01 -5.062853e-01 4.258207e-01 -2.040000e-01 4.085000e-01 -5.065220e-01 4.234011e-01
1.315000e-01 4.080000e-01 -3.353361e-01 4.010135e-01 1.310000e-01 4.085000e-01 -3.357059e-01 4.010299e-01
1.320000e-01 4.075000e-01 -3.349660e-01 4.009963e-01 1.315000e-01 4.080000e-01 -3.353361e-01 4.010135e-01
-7.230000e-01 4.085000e-01 -2.534298e-01 4.088387e-01 -7.230000e-01 4.095000e-01 -2.534100e-01 4.088387e-01
-3.580000e-01 4.085000e-01 -5.795296e-02 4.279814e-01 -3.580000e-01 4.095000e-01 -5.776366e-02 4.254608e-01
-2.040000e-01 4.085000e-01 -5.065220e-01 4.234011e-01 -2.040000e-01 4.095000e-01 -5.067263e-01 4.209787e-01
1.310000e-01 4.085000e-01 -3.357059e-01 4.010299e-01 1.310000e-01 4.095000e-01 -3.357362e-01 4.010310e-01
-7.230000e-01 4.095000e-01 -2.534100e-01 4.088387e-01 -7.230000e-01 4.105000e-01 -2.533917e-01 4.088386e-01
-3.580000e-01 4.095000e-01 -5.776366e-02 4.254608e-01 -3.580000e-01 4.105000e-01 -5.760755e-02 4.229349e-01
-2.040000e-01 4.095000e-01 -5.067263e-01 4.209787e-01 -2.040000e-01 4.105000e-01 -5.068983e-01 4.185546e-01
1.310000e-01 4.095000e-01 -3.357362e-01 4.010310e-01 1.310000e-01 4.105000e-01 -3.357647e-01 4.010324e-01
-7.230000e-01 4.105000e-01 -2.533917e-01 4.088386e-01 -7.230000e-01 4.115000e-01 -2.533751e-01 4.088387e-01
-3.580000e-01 4.105000e-01 -5.760755e-02 4.229349e-01 -3.580000e-01 4.115000e-01 -5.748477e-02 4.204049e-01
-2.040000e-01 4.105000e-01 -5.068983e-01 4.185546e-01 -2.035000e-01 4.110000e-01 -5.069747e-01 4.172726e-01
-2.035000e-01 4.110000e-01 -5.069747e-01 4.172726e-01 -2.030000e-01 4.115000e-01 -5.070450e-01 4.160079e-01
1.305000e-01 4.110000e-01 -3.361319e-01 4.010467e-01 1.300000e-01 4.115000e-01 -3.364988e-01 4.010602e-01
1.310000e-01 4.105000e-01 -3.357647e-01 4.010324e-01 1.305000e-01 4.110000e-01 -3.361319e-01 4.010467e-01
-7.230000e-01 4.115000e-01 -2.533751e-01 4.088387e-01 -7.230000e-01 4.125000e-01 -2.533600e-01 4.088389e-01
-3.580000e-01 4.115000e-01 -5.748477e-02 4.204049e-01 -3.580000e-01 4.125000e-01 -5.739554e-02 4.178722e-01
-2.030000e-01 4.115000e-01 -5.070450e-01 4.160079e-01 -2.030000e-01 4.125000e-01 -5.071500e-01 4.136164e-01
1.300000e-01 4.115000e-01 -3.364988e-01 4.010602e-01 1.300000e-01 4.125000e-01 -3.365238e-01 4.010607e-01
-7.230000e-01 4.125000e-01 -2.533600e-01 4.088389e-01 -7.230000e-01 4.135000e-01 -2.533466e-01 4.088392e-01
-3.580000e-01 4.125000e-01 -5.739554e-02 4.178722e-01 -3.580000e-01 4.135000e-01 -5.733990e-02 4.153381e-01
-2.030000e-01 4.125000e-01 -5.071500e-01 4.136164e-01 -2.030000e-01 4.135000e-01 -5.072232e-01 4.112269e-01
1.300000e-01 4.125000e-01 -3.365238e-01 4.010607e-01 1.300000e-01 4.135000e-01 -3.365470e-01 4.010617e-01
-7.230000e-01 4.135000e-01 -2.533466e-01 4.088392e-01 -7.230000e-01 4.145000e-01 -2.533348e-01 4.088396e-01
-3.585000e-01 4.140000e-01 -5.732625e-02 4.140601e-01 -3.590000e-01 4.145000e-01 -5.731756e-02 4.127988e-01
-3.580000e-01 4.135000e-01 -5.733990e-02 4.153381e-01 -3.585000e-01 4.140000e-01 -5.732625e-02 4.140601e-01
-2.030000e-01 4.135000e-01 -5.072232e-01 4.112269e-01 -2.030000e-01 4.145000e-01 -5.072645e-01 4.088406e-01
1.295000e-01 4.140000e-01 -3.369114e-01 4.010732e-01 1.290000e-01 4.145000e-01 -3.372754e-01 4.010837e-01
1.300000e-01 4.135000e-01 -3.365470e-01 4.010617e-01 1.295000e-01 4.140000e-01 -3.369114e-01 4.010732e-01
-7.230000e-01 4.145000e-01 -2.533348e-01 4.088396e-01 -7.230000e-01 4.155000e-01 -2.533246e-01 4.088402e-01
-3.590000e-01 4.145000e-01 -5.731756e-02 4.127988e-01 -3.590000e-01 4.155000e-01 -5.732861e-02 4.102994e-01
-2.030000e-01 4.145000e-01 -5.072645e-01 4.088406e-01 -2.030000e-01 4.155000e-01 -5.072740e-01 4.064587e-01
1.290000e-01 4.145000e-01 -3.372754e-01 4.010837e-01 1.290000e-01 4.155000e-01 -3.372951e-01 4.010839e-01
-7.230000e-01 4.155000e-01 -2.533246e-01 4.088402e-01 -7.230000e-01 4.165000e-01 -2.533160e-01 4.088409e-01
-3.590000e-01 4.155000e-01 -5.732861e-02 4.102994e-01 -3.590000e-01 4.165000e-01 -5.737254e-02 4.078027e-01
-2.030000e-01 4.155000e-01 -5.072740e-01 4.064587e-01 -2.030000e-01 4.165000e-01 -5.072517e-01 4.040823e-01
1.290000e-01 4.155000e-01 -3.372951e-01 4.010839e-01 1.290000e-01 4.165000e-01 -3.373129e-01 4.010845e-01
-7.230000e-01 4.165000e-01 -2.533160e-01 4.088409e-01 -7.225000e-01 4.170000e-01 -2.529469e-01 4.088448e-01
-7.225000e-01 4.170000e-01 -2.529469e-01 4.088448e-01 -7.220000e-01 4.175000e-01 -2.525781e-01 4.088479e-01
-3.590000e-01 4.165000e-01 -5.737254e-02 4.078027e-01 -3.590000e-01 4.175000e-01 -5.744919e-02 4.053100e-01
-2.030000e-01 4.165000e-01 -5.072517e-01 4.040823e-01 -2.030000e-01 4.175000e-01 -5.071978e-01 4.017125e-01
1.285000e-01 4.170000e-01 -3.376743e-01 4.010931e-01 1.280000e-01 4.175000e-01 -3.380354e-01 4.011008e-01
1.290000e-01 4.165000e-01 -3.373129e-01 4.010845e-01 1.285000e-01 4.170000e-01 -3.376743e-01 4.010931e-01
-7.220000e-01 4.175000e-01 -2.525781e-01 4.088479e-01 -7.220000e-01 4.185000e-01 -2.525727e-01 4.088474e-01
-3.590000e-01 4.175000e-01 -5.744919e-02 4.053100e-01 -3.590000e-01 4.185000e-01 -5.755842e-02 4.028225e-01
-2.030000e-01 4.175000e-01 -5.071978e-01 4.017125e-01 -2.030000e-01 4.185000e-01 -5.071126e-01 3.993506e-01
1.280000e-01 4.175000e-01 -3.380354e-01 4.011008e-01 1.280000e-01 4.185000e-01 -3.380497e-01 4.011007e-01
-7.220000e-01 4.185000e-01 -2.525727e-01 4.088474e-01 -7.220000e-01 4.195000e-01 -2.525690e-01 4.088470e-01
-3.590000e-01 4.185000e-01 -5.755842e-02 4.028225e-01 -3.590000e-01 4.195000e-01 -5.770007e-02 4.003417e-01
-2.030000e-01 4.185000e-01 -5.071126e-01 3.993506e-01 -2.030000e-01 4.195000e-01 -5.069961e-01 3.969975e-01
1.280000e-01 4.185000e-01 -3.380497e-01 4.011007e-01 1.280000e-01 4.195000e-01 -3.380622e-01 4.011011e-01
-7.220000e-01 4.195000e-01 -2.525690e-01 4.088470e-01 -7.220000e-01 4.205000e-01 -2.525668e-01 4.088469e-01
-3.590000e-01 4.195000e-01 -5.770007e-02 4.003417e-01 -3.590000e-01 4.205000e-01 -5.787394e-02 3.978687e-01
-2.030000e-01 4.195000e-01 -5.069961e-01 3.969975e-01 -2.030000e-01 4.205000e-01 -5.068486e-01 3.946545e-01
1.275000e-01 4.200000e-01 -3.384206e-01 4.011069e-01 1.270000e-01 4.205000e-01 -3.387787e-01 4.011118e-01
1.280000e-01 4.195000e-01 -3.380622e-01 4.011011e-01 1.275000e-01 4.200000e-01 -3.384206e-01 4.011069e-01
-7.220000e-01 4.205000e-01 -2.525668e-01 4.088469e-01 -7.220000e-01 4.215000e-01 -2.525663e-01 4.088469e-01
-3.590000e-01 4.205000e-01 -5.787394e-02 3.978687e-01 -3.585000e-01 4.210000e-01 -5.798298e-02 3.965339e-01
-3.585000e-01 4.210000e-01 -5.798298e-02 3.965339e-01 -3.580000e-01 4.215000e-01 -5.809965e-02 3.951806e-01
-2.030000e-01 4.205000e-01 -5.068486e-01 3.946545e-01 -2.030000e-01 4.215000e-01 -5.066705e-01 3.923225e-01
1.270000e-01 4.205000e-01 -3.387787e-01 4.011118e-01 1.270000e-01 4.215000e-01 -3.387876e-01 4.011115e-01
-7.220000e-01 4.215000e-01 -2.525663e-01 4.088469e-01 -7.220000e-01 4.225000e-01 -2.525673e-01 4.088472e-01
-3.580000e-01 4.215000e-01 -5.809965e-02 3.951806e-01 -3.580000e-01 4.225000e-01 -5.834271e-02 3.926953e-01
-2.030000e-01 4.215000e-01 -5.066705e-01 3.923225e-01 -2.030000e-01 4.225000e-01 -5.064621e-01 3.900027e-01
1.270000e-01 4.215000e-01 -3.387876e-01 4.011115e-01 1.270000e-01 4.225000e-01 -3.387947e-01 4.011118e-01
-7.220000e-01 4.225000e-01 -2.525673e-01 4.088472e-01 -7.220000e-01 4.235000e-01 -2.525700e-01 4.088478e-01
-3.580000e-01 4.225000e-01 -5.834271e-02 3.926953e-01 -3.580000e-01 4.235000e-01 -5.861773e-02 3.902219e-01
-2.030000e-01 4.225000e-01 -5.064621e-01 3.900027e-01 -2.030000e-01 4.235000e-01 -5.062237e-01 3.876959e-01
1.265000e-01 4.230000e-01 -3.391500e-01 4.011149e-01 1.260000e-01 4.235000e-01 -3.395051e-01 4.011171e-01
1.270000e-01 4.225000e-01 -3.387947e-01 4.011118e-01 1.265000e-01 4.230000e-01 -3.391500e-01 4.011149e-01
-7.220000e-01 4.235000e-01 -2.525700e-01 4.088478e-01 -7.215000e-01 4.240000e-01 -2.522069e-01 4.088460e-01
-7.215000e-01 4.240000e-01 -2.522069e-01 4.088460e-01 -7.210000e-01 4.245000e-01 -2.518442e-01 4.088435e-01
-3.580000e-01 4.235000e-01 -5.861773e-02 3.902219e-01 -3.580000e-01 4.245000e-01 -5.892428e-02 3.877618e-01
-2.030000e-01 4.235000e-01 -5.062237e-01 3.876959e-01 -2.030000e-01 4.245000e-01 -5.059556e-01 3.854033e-01
1.260000e-01 4.235000e-01 -3.395051e-01 4.011171e-01 1.260000e-01 4.245000e-01 -3.395085e-01 4.011168e-01
-7.210000e-01 4.245000e-01 -2.518442e-01 4.088435e-01 -7.210000e-01 4.255000e-01 -2.518501e-01 4.088430e-01
-3.580000e-01 4.245000e-01 -5.892428e-02 3.877618e-01 -3.580000e-01 4.255000e-01 -5.926188e-02 3.853159e-01
-2.030000e-01 4.245000e-01 -5.059556e-01 3.854033e-01 -2.030000e-01 4.255000e-01 -5.056584e-01 3.831257e-01
1.260000e-01 4.245000e-01 -3.395085e-01 4.011168e-01 1.260000e-01 4.255000e-01 -3.395102e-01 4.011171e-01
-7.210000e-01 4.255000e-01 -2.518501e-01 4.088430e-01 -7.210000e-01 4.265000e-01 -2.518577e-01 4.088427e-01
-3.580000e-01 4.255000e-01 -5.926188e-02 3.853159e-01 -3.580000e-01 4.265000e-01 -5.963012e-02 3.828857e-01
-2.030000e-01 4.255000e-01 -5.056584e-01 3.831257e-01 -2.030000e-01 4.265000e-01 -5.053325e-01 3.808640e-01
1.255000e-01 4.260000e-01 -3.398625e-01 4.011175e-01 1.250000e-01 4.265000e-01 -3.402145e-01 4.011170e-01
1.260000e-01 4.255000e-01 -3.395102e-01 4.011171e-01 1.255000e-01 4.260000e-01 -3.398625e-01 4.011175e-01
-7.210000e-01 4.265000e-01 -2.518577e-01 4.088427e-01 -7.210000e-01 4.275000e-01 -2.518669e-01 4.088428e-01
-3.580000e-01 4.265000e-01 -5.963012e-02 3.828857e-01 -3.580000e-01 4.275000e-01 -6.002845e-02 3.804720e-01
-2.030000e-01 4.265000e-01 -5.053325e-01 3.808640e-01 -2.030000e-01 4.275000e-01 -5.049783e-01 3.786192e-01
1.250000e-01 4.265000e-01 -3.402145e-01 4.011170e-01 1.250000e-01 4.275000e-01 -3.402125e-01 4.011168e-01
-7.210000e-01 4.275000e-01 -2.518669e-01 4.088428e-01 -7.210000e-01 4.285000e-01 -2.518776e-01 4.088432e-01
-3.580000e-01 4.275000e-01 -6.002845e-02 3.804720e-01 -3.580000e-01 4.285000e-01 -6.045633e-02 3.780761e-01
-2.035000e-01 4.280000e-01 -5.047567e-01 3.773148e-01 -2.040000e-01 4.285000e-01 -5.045248e-01 3.759920e-01
-2.030000e-01 4.275000e-01 -5.049783e-01 3.786192e-01 -2.035000e-01 4.280000e-01 -5.047567e-01 3.773148e-01
1.250000e-01 4.275000e-01 -3.402125e-01 4.011168e-01 1.250000e-01 4.285000e-01 -3.402086e-01 4.011173e-01
-7.210000e-01 4.285000e-01 -2.518776e-01 4.088432e-01 -7.210000e-01 4.295000e-01 -2.518900e-01 4.088439e-01
-3.580000e-01 4.285000e-01 -6.045633e-02 3.780761e-01 -3.580000e-01 4.295000e-01 -6.091317e-02 3.756990e-01
-2.040000e-01 4.285000e-01 -5.045248e-01 3.759920e-01 -2.040000e-01 4.295000e-01 -5.041063e-01 3.737561e-01
1.245000e-01 4.290000e-01 -3.405578e-01 4.011151e-01 1.240000e-01 4.295000e-01 -3.409066e-01 4.011119e-01
1.250000e-01 4.285000e-01 -3.402086e-01 4.011173e-01 1.245000e-01 4.290000e-01 -3.405578e-01 4.011151e-01
-7.210000e-01 4.295000e-01 -2.518900e-01 4.088439e-01 -7.205000e-01 4.300000e-01 -2.515323e-01 4.088375e-01
-7.205000e-01 4.300000e-01 -2.515323e-01 4.088375e-01 -7.200000e-01 4.305000e-01 -2.511748e-01 4.088302e-01
-3.580000e-01 4.295000e-01 -6.091317e-02 3.756990e-01 -3.575000e-01 4.300000e-01 -6.120299e-02 3.742777e-01
-3.575000e-01 4.300000e-01 -6.120299e-02 3.742777e-01 -3.570000e-01 4.305000e-01 -6.150479e-02 3.728370e-01
-2.040000e-01 4.295000e-01 -5.041063e-01 3.737561e-01 -2.040000e-01 4.305000e-01 -5.036605e-01 3.715402e-01
1.240000e-01 4.295000e-01 -3.409066e-01 4.011119e-01 1.240000e-01 4.305000e-01 -3.408991e-01 4.011120e-01
-7.200000e-01 4.305000e-01 -2.511748e-01 4.088302e-01 -7.200000e-01 4.315000e-01 -2.511905e-01 4.088300e-01
-3.570000e-01 4.305000e-01 -6.150479e-02 3.728370e-01 -3.570000e-01 4.315000e-01 -6.202898e-02 3.704727e-01
-2.040000e-01 4.305000e-01 -5.036605e-01 3.715402e-01 -2.040000e-01 4.315000e-01 -5.031881e-01 3.693448e-01
1.235000e-01 4.310000e-01 -3.412461e-01 4.011077e-01 1.230000e-01 4.315000e-01 -3.415927e-01 4.011025e-01
1.240000e-01 4.305000e-01 -3.408991e-01 4.011120e-01 1.235000e-01 4.310000e-01 -3.412461e-01 4.011077e-01
-7.200000e-01 4.315000e-01 -2.511905e-01 4.088300e-01 -7.200000e-01 4.325000e-01 -2.512078e-01 4.088302e-01
-3.570000e-01 4.315000e-01 -6.202898e-02 3.704727e-01 -3.570000e-01 4.325000e-01 -6.258071e-02 3.681308e-01
-2.040000e-01 4.315000e-01 -5.031881e-01 3.693448e-01 -2.040000e-01 4.325000e-01 -5.026898e-01 3.671708e-01
1.230000e-01 4.315000e-01 -3.415927e-01 4.011025e-01 1.230000e-01 4.325000e-01 -3.415815e-01 4.011022e-01
-7.200000e-01 4.325000e-01 -2.512078e-01 4.088302e-01 -7.200000e-01 4.335000e-01 -2.512268e-01 4.088308e-01
-3.570000e-01 4.325000e-01 -6.258071e-02 3.681308e-01 -3.570000e-01 4.335000e-01 -6.315926e-02 3.658121e-01
-2.040000e-01 4.325000e-01 -5.026898e-01 3.671708e-01 -2.040000e-01 4.335000e-01 -5.021660e-01 3.650188e-01
1.230000e-01 4.325000e-01 -3.415815e-01 4.011022e-01 1.230000e-01 4.335000e-01 -3.415685e-01 4.011026e-01
-7.200000e-01 4.335000e-01 -2.512268e-01 4.088308e-01 -7.200000e-01 4.345000e-01 -2.512473e-01 4.088317e-01
-3.570000e-01 4.335000e-01 -6.315926e-02 3.658121e-01 -3.565000e-01 4.340000e-01 -6.353930e-02 3.643625e-01
-3.565000e-01 4.340000e-01 -6.353930e-02 3.643625e-01 -3.560000e-01 4.345000e-01 -6.393340e-02 3.628935e-01
-2.045000e-01 4.340000e-01 -5.018240e-01 3.636799e-01 -2.050000e-01 4.345000e-01 -5.014690e-01 3.623227e-01
-2.040000e-01 4.335000e-01 -5.021660e-01 3.650188e-01 -2.045000e-01 4.340000e-01 -5.018240e-01 3.636799e-01
1.225000e-01 4.340000e-01 -3.419122e-01 4.010958e-01 1.220000e-01 4.345000e-01 -3.422556e-01 4.010881e-01
1.230000e-01 4.335000e-01 -3.415685e-01 4.011026e-01 1.225000e-01 4.340000e-01 -3.419122e-01 4.010958e-01
-7.200000e-01 4.345000e-01 -2.512473e-01 4.088317e-01 -7.195000e-01 4.350000e-01 -2.508941e-01 4.088214e-01
-7.195000e-01 4.350000e-01 -2.508941e-01 4.088214e-01 -7.190000e-01 4.355000e-01 -2.505412e-01 4.088101e-01
-3.560000e-01 4.345000e-01 -6.393340e-02 3.628935e-01 -3.560000e-01 4.355000e-01 -6.457686e-02 3.605986e-01
-2.050000e-01 4.345000e-01 -5.014690e-01 3.623227e-01 -2.050000e-01 4.355000e-01 -5.008840e-01 3.601926e-01
1.220000e-01 4.345000e-01 -3.422556e-01 4.010881e-01 1.220000e-01 4.355000e-01 -3.422389e-01 4.010882e-01
-7.190000e-01 4.355000e-01 -2.505412e-01 4.088101e-01 -7.190000e-01 4.365000e-01 -2.505651e-01 4.088104e-01
-3.560000e-01 4.355000e-01 -6.457686e-02 3.605986e-01 -3.560000e-01 4.365000e-01 -6.524520e-02 3.583301e-01
-2.050000e-01 4.355000e-01 -5.008840e-01 3.601926e-01 -2.050000e-01 4.365000e-01 -5.002753e-01 3.580870e-01
1.220000e-01 4.355000e-01 -3.422389e-01 4.010882e-01 1.220000e-01 4.365000e-01 -3.422204e-01 4.010891e-01
-7.190000e-01 4.365000e-01 -2.505651e-01 4.088104e-01 -7.190000e-01 4.375000e-01 -2.505906e-01 4.088110e-01
-3.560000e-01 4.365000e-01 -6.524520e-02 3.583301e-01 -3.560000e-01 4.375000e-01 -6.593772e-02 3.560888e-01
-2.055000e-01 4.370000e-01 -4.998655e-01 3.567308e-01 -2.060000e-01 4.375000e-01 -4.994412e-01 3.553565e-01
-2.050000e-01 4.365000e-01 -5.002753e-01 3.580870e-01 -2.055000e-01 4.370000e-01 -4.998655e-01 3.567308e-01
1.215000e-01 4.370000e-01 -3.425608e-01 4.010798e-01 1.210000e-01 4.375000e-01 -3.429009e-01 4.010696e-01
1.220000e-01 4.365000e-01 -3.422204e-01 4.010891e-01 1.215000e-01 4.370000e-01 -3.425608e-01 4.010798e-01
-7.190000e-01 4.375000e-01 -2.505906e-01 4.088110e-01 -7.190000e-01 4.385000e-01 -2.506176e-01 4.088121e-01
-3.560000e-01 4.375000e-01 -6.593772e-02 3.560888e-01 -3.555000e-01 4.380000e-01 -6.640889e-02 3.546241e-01
-3.555000e-01 4.380000e-01 -6.640889e-02 3.546241e-01 -3.550000e-01 4.385000e-01 -6.689612e-02 3.531405e-01
-2.060000e-01 4.375000e-01 -4.994412e-01 3.553565e-01 -2.060000e-01 4.385000e-01 -4.987732e-01 3.532791e-01
1.210000e-01 4.375000e-01 -3.429009e-01 4.010696e-01 1.210000e-01 4.385000e-01 -3.428787e-01 4.010703e-01
-7.190000e-01 4.385000e-01 -2.506176e-01 4.088121e-01 -7.190000e-01 4.395000e-01 -2.506463e-01 4.088137e-01
-3.550000e-01 4.385000e-01 -6.689612e-02 3.531405e-01 -3.550000e-01 4.395000e-01 -6.764958e-02 3.509331e-01
-2.060000e-01 4.385000e-01 -4.987732e-01 3.532791e-01 -2.060000e-01 4.395000e-01 -4.980833e-01 3.512285e-01
1.205000e-01 4.390000e-01 -3.432168e-01 4.010591e-01 1.200000e-01 4.395000e-01 -3.435546e-01 4.010469e-01
1.210000e-01 4.385000e-01 -3.428787e-01 4.010703e-01 1.205000e-01 4.390000e-01 -3.432168e-01 4.010591e-01
-7.190000e-01 4.395000e-01 -2.506463e-01 4.088137e-01 -7.185000e-01 4.400000e-01 -2.502978e-01 4.087996e-01
-7.185000e-01 4.400000e-01 -2.502978e-01 4.087996e-01 -7.180000e-01 4.405000e-01 -2.499496e-01 4.087846e-01
-3.550000e-01 4.395000e-01 -6.764958e-02 3.509331e-01 -3.550000e-01 4.405000e-01 -6.842492e-02 3.487554e-01
-2.065000e-01 4.400000e-01 -4.976050e-01 3.498611e-01 -2.070000e-01 4.405000e-01 -4.971106e-01 3.484760e-01
-2.060000e-01 4.395000e-01 -4.980833e-01 3.512285e-01 -2.065000e-01 4.400000e-01 -4.976050e-01 3.498611e-01
1.200000e-01 4.395000e-01 -3.435546e-01 4.010469e-01 1.200000e-01 4.405000e-01 -3.435286e-01 4.010475e-01
-7.180000e-01 4.405000e-01 -2.499496e-01 4.087846e-01 -7.180000e-01 4.415000e-01 -2.499816e-01 4.087856e-01
-3.550000e-01 4.405000e-01 -6.842492e-02 3.487554e-01 -3.545000e-01 4.410000e-01 -6.896824e-02 3.472836e-01
-3.545000e-01 4.410000e-01 -6.896824e-02 3.472836e-01 -3.540000e-01 4.415000e-01 -6.952914e-02 3.457934e-01
-2.070000e-01 4.405000e-01 -4.971106e-01 3.484760e-01 -2.070000e-01 4.415000e-01 -4.963640e-01 3.464596e-01
1.200000e-01 4.405000e-01 -3.435286e-01 4.010475e-01 1.200000e-01 4.415000e-01 -3.435008e-01 4.010490e-01
-7.180000e-01 4.415000e-01 -2.499816e-01 4.087856e-01 -7.180000e-01 4.425000e-01 -2.500153e-01 4.087871e-01
-3.540000e-01 4.415000e-01 -6.952914e-02 3.457934e-01 -3.540000e-01 4.425000e-01 -7.036188e-02 3.436570e-01
-2.070000e-01 4.415000e-01 -4.963640e-01 3.464596e-01 -2.070000e-01 4.425000e-01 -4.955974e-01 3.444718e-01
1.195000e-01 4.420000e-01 -3.438356e-01 4.010353e-01 1.190000e-01 4.425000e-01 -3.441700e-01 4.010207e-01
1.200000e-01 4.415000e-01 -3.435008e-01 4.010490e-01 1.195000e-01 4.420000e-01 -3.438356e-01 4.010353e-01
-7.180000e-01 4.425000e-01 -2.500153e-01 4.087871e-01 -7.180000e-01 4.435000e-01 -2.500505e-01 4.087891e-01
-3.540000e-01 4.425000e-01 -7.036188e-02 3.436570e-01 -3.540000e-01 4.435000e-01 -7.121408e-02 3.415526e-01
-2.075000e-01 4.430000e-01 -4.950503e-01 3.430994e-01 -2.080000e-01 4.435000e-01 -4.944858e-01 3.417098e-01
-2.070000e-01 4.425000e-01 -4.955974e-01 3.444718e-01 -2.075000e-01 4.430000e-01 -4.950503e-01 3.430994e-01
1.190000e-01 4.425000e-01 -3.441700e-01 4.010207e-01 1.190000e-01 4.435000e-01 -3.441384e-01 4.010222e-01
-7.180000e-01 4.435000e-01 -2.500505e-01 4.087891e-01 -7.175000e-01 4.440000e-01 -2.497059e-01 4.087719e-01
-7.175000e-01 4.440000e-01 -2.497059e-01 4.087719e-01 -7.170000e-01 4.445000e-01 -2.493616e-01 4.087539e-01
-3.540000e-01 4.435000e-01 -7.121408e-02 3.415526e-01 -3.535000e-01 4.440000e-01 -7.182883e-02 3.400812e-01
-3.535000e-01 4.440000e-01 -7.182883e-02 3.400812e-01 -3.530000e-01 4.445000e-01 -7.246269e-02 3.385924e-01
-2.080000e-01 4.435000e-01 -4.944858e-01 3.417098e-01 -2.080000e-01 4.445000e-01 -4.936658e-01 3.397618e-01
1.185000e-01 4.440000e-01 -3.444709e-01 4.010066e-01 1.180000e-01 4.445000e-01 -3.448029e-01 4.009901e-01
1.190000e-01 4.435000e-01 -3.441384e-01 4.010222e-01 1.185000e-01 4.440000e-01 -3.444709e-01 4.010066e-01
-7.170000e-01 4.445000e-01 -2.493616e-01 4.087539e-01 -7.170000e-01 4.455000e-01 -2.494001e-01 4.087554e-01
-3.530000e-01 4.445000e-01 -7.246269e-02 3.385924e-01 -3.530000e-01 4.455000e-01 -7.336803e-02 3.365358e-01
-2.085000e-01 4.450000e-01 -4.930670e-01 3.383839e-01 -2.090000e-01 4.455000e-01 -4.924496e-01 3.369892e-01
-2.080000e-01 4.445000e-01 -4.936658e-01 3.397618e-01 -2.085000e-01 4.450000e-01 -4.930670e-01 3.383839e-01
1.180000e-01 4.445000e-01 -3.448029e-01 4.009901e-01 1.180000e-01 4.455000e-01 -3.447675e-01 4.009916e-01
-7.170000e-01 4.455000e-01 -2.494001e-01 4.087554e-01 -7.170000e-01 4.465000e-01 -2.494404e-01 4.087575e-01
-3.530000e-01 4.455000e-01 -7.336803e-02 3.365358e-01 -3.525000e-01 4.460000e-01 -7.403628e-02 3.350633e-01
-3.525000e-01 4.460000e-01 -7.403628e-02 3.350633e-01 -3.520000e-01 4.465000e-01 -7.472468e-02 3.335740e-01
-2.090000e-01 4.455000e-01 -4.924496e-01 3.369892e-01 -2.090000e-01 4.465000e-01 -4.915785e-01 3.350848e-01
1.180000e-01 4.455000e-01 -3.447675e-01 4.009916e-01 1.180000e-01 4.465000e-01 -3.447304e-01 4.009940e-01
-7.170000e-01 4.465000e-01 -2.494404e-01 4.087575e-01 -7.170000e-01 4.475000e-01 -2.494821e-01 4.087601e-01
-3.520000e-01 4.465000e-01 -7.472468e-02 3.335740e-01 -3.520000e-01 4.475000e-01 -7.568020e-02 3.315697e-01
-2.095000e-01 4.470000e-01 -4.909278e-01 3.337044e-01 -2.100000e-01 4.475000e-01 -4.902575e-01 3.323077e-01
-2.090000e-01 4.465000e-01 -4.915785e-01 3.350848e-01 -2.095000e-01 4.470000e-01 -4.909278e-01 3.337044e-01
1.175000e-01 4.470000e-01 -3.450594e-01 4.009762e-01 1.170000e-01 4.475000e-01 -3.453879e-01 4.009573e-01
1.180000e-01 4.465000e-01 -3.447304e-01 4.009940e-01 1.175000e-01 4.470000e-01 -3.450594e-01 4.009762e-01
-7.170000e-01 4.475000e-01 -2.494821e-01 4.087601e-01 -7.165000e-01 4.480000e-01 -2.491414e-01 4.087401e-01
-7.165000e-01 4.480000e-01 -2.491414e-01 4.087401e-01 -7.160000e-01 4.485000e-01 -2.488010e-01 4.087191e-01
-3.520000e-01 4.475000e-01 -7.568020e-02 3.315697e-01 -3.515000e-01 4.480000e-01 -7.640168e-02 3.300998e-01
-3.515000e-01 4.480000e-01 -7.640168e-02 3.300998e-01 -3.510000e-01 4.485000e-01 -7.714425e-02 3.286138e-01
-2.105000e-01 4.480000e-01 -4.895708e-01 3.309192e-01 -2.110000e-01 4.485000e-01 -4.888637e-01 3.295145e-01
-2.100000e-01 4.475000e-01 -4.902575e-01 3.323077e-01 -2.105000e-01 4.480000e-01 -4.895708e-01 3.309192e-01
1.170000e-01 4.475000e-01 -3.453879e-01 4.009573e-01 1.170000e-01 4.485000e-01 -3.453470e-01 4.009598e-01
-7.160000e-01 4.485000e-01 -2.488010e-01 4.087191e-01 -7.160000e-01 4.495000e-01 -2.488462e-01 4.087214e-01
-3.510000e-01 4.485000e-01 -7.714425e-02 3.286138e-01 -3.510000e-01 4.495000e-01 -7.814669e-02 3.266660e-01
-2.110000e-01 4.485000e-01 -4.888637e-01 3.295145e-01 -2.110000e-01 4.495000e-01 -4.879118e-01 3.276750e-01
1.165000e-01 4.490000e-01 -3.456736e-01 4.009402e-01 1.160000e-01 4.495000e-01 -3.459997e-01 4.009196e-01
1.170000e-01 4.485000e-01 -3.453470e-01 4.009598e-01 1.165000e-01 4.490000e-01 -3.456736e-01 4.009402e-01
-7.160000e-01 4.495000e-01 -2.488462e-01 4.087214e-01 -7.160000e-01 4.505000e-01 -2.488930e-01 4.087242e-01
-3.510000e-01 4.495000e-01 -7.814669e-02 3.266660e-01 -3.505000e-01 4.500000e-01 -7.892079e-02 3.252024e-01
-3.505000e-01 4.500000e-01 -7.892079e-02 3.252024e-01 -3.500000e-01 4.505000e-01 -7.971696e-02 3.237235e-01
-2.115000e-01 4.500000e-01 -4.871729e-01 3.262889e-01 -2.120000e-01 4.505000e-01 -4.864125e-01 3.248872e-01
-2.110000e-01 4.495000e-01 -4.879118e-01 3.276750e-01 -2.115000e-01 4.500000e-01 -4.871729e-01 3.262889e-01
1.160000e-01 4.495000e-01 -3.459997e-01 4.009196e-01 1.160000e-01 4.505000e-01 -3.459549e-01 4.009222e-01
-7.160000e-01 4.505000e-01 -2.488930e-01 4.087242e-01 -7.160000e-01 4.515000e-01 -2.489413e-01 4.087278e-01
-3.500000e-01 4.505000e-01 -7.971696e-02 3.237235e-01 -3.495000e-01 4.510000e-01 -8.052826e-02 3.222570e-01
-3.495000e-01 4.510000e-01 -8.052826e-02 3.222570e-01 -3.490000e-01 4.515000e-01 -8.136242e-02 3.207756e-01
-2.120000e-01 4.505000e-01 -4.864125e-01 3.248872e-01 -2.120000e-01 4.515000e-01 -4.854160e-01 3.231008e-01
1.155000e-01 4.510000e-01 -3.462790e-01 4.009008e-01 1.150000e-01 4.515000e-01 -3.466026e-01 4.008783e-01
1.160000e-01 4.505000e-01 -3.459549e-01 4.009222e-01 1.155000e-01 4.510000e-01 -3.462790e-01 4.009008e-01
-7.160000e-01 4.515000e-01 -2.489413e-01 4.087278e-01 -7.155000e-01 4.520000e-01 -2.486046e-01 4.087049e-01
-7.155000e-01 4.520000e-01 -2.486046e-01 4.087049e-01 -7.150000e-01 4.525000e-01 -2.482682e-01 4.086811e-01
-3.490000e-01 4.515000e-01 -8.136242e-02 3.207756e-01 -3.490000e-01 4.525000e-01 -8.243745e-02 3.189143e-01
-2.125000e-01 4.520000e-01 -4.846252e-01 3.217200e-01 -2.130000e-01 4.525000e-01 -4.838121e-01 3.203245e-01
-2.120000e-01 4.515000e-01 -4.854160e-01 3.231008e-01 -2.125000e-01 4.520000e-01 -4.846252e-01 3.217200e-01
1.150000e-01 4.515000e-01 -3.466026e-01 4.008783e-01 1.150000e-01 4.525000e-01 -3.465541e-01 4.008812e-01
-7.150000e-01 4.525000e-01 -2.482682e-01 4.086811e-01 -7.150000e-01 4.535000e-01 -2.483200e-01 4.086843e-01
-3.490000e-01 4.525000e-01 -8.243745e-02 3.189143e-01 -3.485000e-01 4.530000e-01 -8.330046e-02 3.174599e-01
-3.485000e-01 4.530000e-01 -8.330046e-02 3.174599e-01 -3.480000e-01 4.535000e-01 -8.418710e-02 3.159915e-01
-2.135000e-01 4.530000e-01 -4.829843e-01 3.189404e-01 -2.140000e-01 4.535000e-01 -4.821334e-01 3.175418e-01
-2.130000e-01 4.525000e-01 -4.838121e-01 3.203245e-01 -2.135000e-01 4.530000e-01 -4.829843e-01 3.189404e-01
1.150000e-01 4.525000e-01 -3.465541e-01 4.008812e-01 1.150000e-01 4.535000e-01 -3.465037e-01 4.008851e-01
-7.150000e-01 4.535000e-01 -2.483200e-01 4.086843e-01 -7.150000e-01 4.545000e-01 -2.483733e-01 4.086883e-01
-3.480000e-01 4.535000e-01 -8.418710e-02 3.159915e-01 -3.480000e-01 4.545000e-01 -8.529959e-02 3.141965e-01
-2.145000e-01 4.540000e-01 -4.812682e-01 3.161555e-01 -2.150000e-01 4.545000e-01 -4.803792e-01 3.147552e-01
-2.140000e-01 4.535000e-01 -4.821334e-01 3.175418e-01 -2.145000e-01 4.540000e-01 -4.812682e-01 3.161555e-01
1.145000e-01 4.540000e-01 -3.468243e-01 4.008616e-01 1.140000e-01 4.545000e-01 -3.471444e-01 4.008370e-01
1.150000e-01 4.535000e-01 -3.465037e-01 4.008851e-01 1.145000e-01 4.540000e-01 -3.468243e-01 4.008616e-01
-7.150000e-01 4.545000e-01 -2.483733e-01 4.086883e-01 -7.150000e-01 4.555000e-01 -2.484283e-01 4.086929e-01
-3.480000e-01 4.545000e-01 -8.529959e-02 3.141965e-01 -3.475000e-01 4.550000e-01 -8.621297e-02 3.127577e-01
-3.475000e-01 4.550000e-01 -8.621297e-02 3.127577e-01 -3.470000e-01 4.555000e-01 -8.715075e-02 3.113061e-01
-2.150000e-01 4.545000e-01 -4.803792e-01 3.147552e-01 -2.150000e-01 4.555000e-01 -4.792852e-01 3.130745e-01
1.140000e-01 4.545000e-01 -3.471444e-01 4.008370e-01 1.140000e-01 4.555000e-01 -3.470902e-01 4.008412e-01
-7.150000e-01 4.555000e-01 -2.484283e-01 4.086929e-01 -7.145000e-01 4.560000e-01 -2.480955e-01 4.086673e-01
-7.145000e-01 4.560000e-01 -2.480955e-01 4.086673e-01 -7.140000e-01 4.565000e-01 -2.477632e-01 4.086408e-01
-3.470000e-01 4.555000e-01 -8.715075e-02 3.113061e-01 -3.465000e-01 4.560000e-01 -8.810102e-02 3.098702e-01
-3.465000e-01 4.560000e-01 -8.810102e-02 3.098702e-01 -3.460000e-01 4.565000e-01 -8.907626e-02 3.084221e-01
-2.155000e-01 4.560000e-01 -4.783691e-01 3.117005e-01 -2.160000e-01 4.565000e-01 -4.774282e-01 3.103135e-01
-2.150000e-01 4.555000e-01 -4.792852e-01 3.130745e-01 -2.155000e-01 4.560000e-01 -4.783691e-01 3.117005e-01
1.135000e-01 4.560000e-01 -3.474082e-01 4.008159e-01 1.130000e-01 4.565000e-01 -3.477258e-01 4.007895e-01
1.140000e-01 4.555000e-01 -3.470902e-01 4.008412e-01 1.135000e-01 4.560000e-01 -3.474082e-01 4.008159e-01
-7.140000e-01 4.565000e-01 -2.477632e-01 4.086408e-01 -7.140000e-01 4.575000e-01 -2.478215e-01 4.086453e-01
-3.460000e-01 4.565000e-01 -8.907626e-02 3.084221e-01 -3.455000e-01 4.570000e-01 -9.006346e-02 3.069905e-01
-3.455000e-01 4.570000e-01 -9.006346e-02 3.069905e-01 -3.450000e-01 4.575000e-01 -9.107623e-02 3.055474e-01
-2.165000e-01 4.570000e-01 -4.764746e-01 3.089406e-01 -2.170000e-01 4.575000e-01 -4.754957e-01 3.075551e-01
-2.160000e-01 4.565000e-01 -4.774282e-01 3.103135e-01 -2.165000e-01 4.570000e-01 -4.764746e-01 3.089406e-01
1.130000e-01 4.565000e-01 -3.477258e-01 4.007895e-01 1.130000e-01 4.575000e-01 -3.476677e-01 4.007942e-01
-7.140000e-01 4.575000e-01 -2.478215e-01 4.086453e-01 -7.140000e-01 4.585000e-01 -2.478814e-01 4.086505e-01
-3.450000e-01 4.575000e-01 -9.107623e-02 3.055474e-01 -3.450000e-01 4.585000e-01 -9.226862e-02 3.038880e-01
-2.175000e-01 4.580000e-01 -4.745045e-01 3.061844e-01 -2.180000e-01 4.585000e-01 -4.734873e-01 3.048017e-01
-2.170000e-01 4.575000e-01 -4.754957e-01 3.075551e-01 -2.175000e-01 4.580000e-01 -4.745045e-01 3.061844e-01
1.125000e-01 4.580000e-01 -3.479832e-01 4.007671e-01 1.120000e-01 4.585000e-01 -3.482982e-01 4.007391e-01
1.130000e-01 4.575000e-01 -3.476677e-01 4.007942e-01 1.125000e-01 4.580000e-01 -3.479832e-01 4.007671e-01
-7.140000e-01 4.585000e-01 -2.478814e-01 4.086505e-01 -7.135000e-01 4.590000e-01 -2.475518e-01 4.086227e-01
-7.135000e-01 4.590000e-01 -2.475518e-01 4.086227e-01 -7.130000e-01 4.595000e-01 -2.472227e-01 4.085940e-01
-3.450000e-01 4.585000e-01 -9.226862e-02 3.038880e-01 -3.445000e-01 4.590000e-01 -9.330332e-02 3.024798e-01
-3.445000e-01 4.590000e-01 -9.330332e-02 3.024798e-01 -3.440000e-01 4.595000e-01 -9.436412e-02 3.010612e-01
-2.185000e-01 4.590000e-01 -4.724584e-01 3.034346e-01 -2.190000e-01 4.595000e-01 -4.714030e-01 3.020561e-01
-2.180000e-01 4.585000e-01 -4.734873e-01 3.048017e-01 -2.185000e-01 4.590000e-01 -4.724584e-01 3.034346e-01
1.120000e-01 4.585000e-01 -3.482982e-01 4.007391e-01 1.120000e-01 4.595000e-01 -3.482363e-01 4.007441e-01
-7.130000e-01 4.595000e-01 -2.472227e-01 4.085940e-01 -7.130000e-01 4.605000e-01 -2.472860e-01 4.085992e-01
-3.440000e-01 4.595000e-01 -9.436412e-02 3.010612e-01 -3.435000e-01 4.600000e-01 -9.543489e-02 2.996608e-01
-3.435000e-01 4.600000e-01 -9.543489e-02 2.996608e-01 -3.430000e-01 4.605000e-01 -9.653223e-02 2.982509e-01
-2.195000e-01 4.600000e-01 -4.703366e-01 3.006938e-01 -2.200000e-01 4.605000e-01 -4.692430e-01 2.993209e-01
-2.190000e-01 4.595000e-01 -4.714030e-01 3.020561e-01 -2.195000e-01 4.600000e-01 -4.703366e-01 3.006938e-01
1.120000e-01 4.595000e-01 -3.482363e-01 4.007441e-01 1.120000e-01 4.605000e-01 -3.481727e-01 4.007504e-01
-7.130000e-01 4.605000e-01 -2.472860e-01 4.085992e-01 -7.130000e-01 4.615000e-01 -2.473509e-01 4.086051e-01
-3.430000e-01 4.605000e-01 -9.653223e-02 2.982509e-01 -3.425000e-01 4.610000e-01 -9.763878e-02 2.968599e-01
-3.425000e-01 4.610000e-01 -9.763878e-02 2.968599e-01 -3.420000e-01 4.615000e-01 -9.877237e-02 2.954600e-01
-2.205000e-01 4.610000e-01 -4.681390e-01 2.979649e-01 -2.210000e-01 4.615000e-01 -4.670074e-01 2.965989e-01
-2.200000e-01 4.605000e-01 -4.692430e-01 2.993209e-01 -2.205000e-01 4.610000e-01 -4.681390e-01 2.979649e-01
1.115000e-01 4.610000e-01 -3.484845e-01 4.007213e-01 1.110000e-01 4.615000e-01 -3.487958e-01 4.006913e-01
1.120000e-01 4.605000e-01 -3.481727e-01 4.007504e-01 1.115000e-01 4.610000e-01 -3.484845e-01 4.007213e-01
-7.130000e-01 4.615000e-01 -2.473509e-01 4.086051e-01 -7.125000e-01 4.620000e-01 -2.470245e-01 4.085752e-01
-7.125000e-01 4.620000e-01 -2.470245e-01 4.085752e-01 -7.120000e-01 4.625000e-01 -2.466985e-01 4.085444e-01
-3.420000e-01 4.615000e-01 -9.877237e-02 2.954600e-01 -3.415000e-01 4.620000e-01 -9.991439e-02 2.940798e-01
-3.415000e-01 4.620000e-01 -9.991439e-02 2.940798e-01 -3.410000e-01 4.625000e-01 -1.010838e-01 2.926915e-01
-2.215000e-01 4.620000e-01 -4.658661e-01 2.952505e-01 -2.220000e-01 4.625000e-01 -4.646967e-01 2.938928e-01
-2.210000e-01 4.615000e-01 -4.670074e-01 2.965989e-01 -2.215000e-01 4.620000e-01 -4.658661e-01 2.952505e-01
1.110000e-01 4.615000e-01 -3.487958e-01 4.006913e-01 1.110000e-01 4.625000e-01 -3.487283e-01 4.006980e-01
-7.120000e-01 4.625000e-01 -2.466985e-01 4.085444e-01 -7.120000e-01 4.635000e-01 -2.467669e-01 4.085504e-01
-3.410000e-01 4.625000e-01 -1.010838e-01 2.926915e-01 -3.405000e-01 4.630000e-01 -1.022609e-01 2.913235e-01
-3.405000e-01 4.630000e-01 -1.022609e-01 2.913235e-01 -3.400000e-01 4.635000e-01 -1.034658e-01 2.899482e-01
-2.225000e-01 4.630000e-01 -4.635184e-01 2.925534e-01 -2.230000e-01 4.635000e-01 -4.623115e-01 2.912055e-01
-2.220000e-01 4.625000e-01 -4.646967e-01 2.938928e-01 -2.225000e-01 4.630000e-01 -4.635184e-01 2.925534e-01
1.105000e-01 4.630000e-01 -3.490376e-01 4.006673e-01 1.100000e-01 4.635000e-01 -3.493463e-01 4.006356e-01
1.110000e-01 4.625000e-01 -3.487283e-01 4.006980e-01 1.105000e-01 4.630000e-01 -3.490376e-01 4.006673e-01
-7.120000e-01 4.635000e-01 -2.467669e-01 4.085504e-01 -7.120000e-01 4.645000e-01 -2.468367e-01 4.085571e-01
-3.400000e-01 4.635000e-01 -1.034658e-01 2.899482e-01 -3.395000e-01 4.640000e-01 -1.046774e-01 2.885937e-01
-3.395000e-01 4.640000e-01 -1.046774e-01 2.885937e-01 -3.390000e-01 4.645000e-01 -1.059172e-01 2.872329e-01
-2.245000e-01 4.640000e-01 -4.598977e-01 2.885876e-01 -2.250000e-01 4.645000e-01 -4.586241e-01 2.872437e-01
-2.245000e-01 4.640000e-01 -4.598977e-01 2.885876e-01 -2.235000e-01 4.640000e-01 -4.610965e-01 2.898765e-01
-2.230000e-01 4.635000e-01 -4.623115e-01 2.912055e-01 -2.235000e-01 4.640000e-01 -4.610965e-01 2.898765e-01
1.100000e-01 4.635000e-01 -3.493463e-01 4.006356e-01 1.100000e-01 4.645000e-01 -3.492749e-01 4.006430e-01
-7.120000e-01 4.645000e-01 -2.468367e-01 4.085571e-01 -7.120000e-01 4.655000e-01 -2.469082e-01 4.085647e-01
-3.390000e-01 4.645000e-01 -1.059172e-01 2.872329e-01 -3.385000e-01 4.650000e-01 -1.071628e-01 2.858934e-01
-3.385000e-01 4.650000e-01 -1.071628e-01 2.858934e-01 -3.380000e-01 4.655000e-01 -1.084368e-01 2.845485e-01
-2.255000e-01 4.650000e-01 -4.573437e-01 2.859197e-01 -2.260000e-01 4.655000e-01 -4.560334e-01 2.845893e-01
-2.250000e-01 4.645000e-01 -4.586241e-01 2.872437e-01 -2.255000e-01 4.650000e-01 -4.573437e-01 2.859197e-01
1.095000e-01 4.650000e-01 -3.495815e-01 4.006107e-01 1.090000e-01 4.655000e-01 -3.498876e-01 4.005773e-01
1.100000e-01 4.645000e-01 -3.492749e-01 4.006430e-01 1.095000e-01 4.650000e-01 -3.495815e-01 4.006107e-01
-7.120000e-01 4.655000e-01 -2.469082e-01 4.085647e-01 -7.115000e-01 4.660000e-01 -2.465859e-01 4.085325e-01
-7.115000e-01 4.660000e-01 -2.465859e-01 4.085325e-01 -7.110000e-01 4.665000e-01 -2.462641e-01 4.084993e-01
-3.380000e-01 4.655000e-01 -1.084368e-01 2.845485e-01 -3.375000e-01 4.660000e-01 -1.097158e-01 2.832254e-01
-3.375000e-01 4.660000e-01 -1.097158e-01 2.832254e-01 -3.365000e-01 4.660000e-01 -1.110133e-01 2.819079e-01
-3.365000e-01 4.660000e-01 -1.110133e-01 2.819079e-01 -3.360000e-01 4.665000e-01 -1.123499e-01 2.805761e-01
-2.265000e-01 4.660000e-01 -4.547172e-01 2.832795e-01 -2.270000e-01 4.665000e-01 -4.533708e-01 2.819642e-01
-2.260000e-01 4.655000e-01 -4.560334e-01 2.845893e-01 -2.265000e-01 4.660000e-01 -4.547172e-01 2.832795e-01
1.090000e-01 4.655000e-01 -3.498876e-01 4.005773e-01 1.090000e-01 4.665000e-01 -3.498123e-01 4.005854e-01
-7.110000e-01 4.665000e-01 -2.462641e-01 4.084993e-01 -7.110000e-01 4.675000e-01 -2.463390e-01 4.085070e-01
-3.360000e-01 4.665000e-01 -1.123499e-01 2.805761e-01 -3.355000e-01 4.670000e-01 -1.136902e-01 2.792672e-01
-3.355000e-01 4.670000e-01 -1.136902e-01 2.792672e-01 -3.350000e-01 4.675000e-01 -1.150596e-01 2.779551e-01
-2.285000e-01 4.670000e-01 -4.505955e-01 2.793305e-01 -2.290000e-01 4.675000e-01 -4.491830e-01 2.780277e-01
-2.285000e-01 4.670000e-01 -4.505955e-01 2.793305e-01 -2.275000e-01 4.670000e-01 -4.520194e-01 2.806700e-01
-2.270000e-01 4.665000e-01 -4.533708e-01 2.819642e-01 -2.275000e-01 4.670000e-01 -4.520194e-01 2.806700e-01
1.085000e-01 4.670000e-01 -3.501163e-01 4.005515e-01 1.080000e-01 4.675000e-01 -3.504197e-01 4.005166e-01
1.090000e-01 4.665000e-01 -3.498123e-01 4.005854e-01 1.085000e-01 4.670000e-01 -3.501163e-01 4.005515e-01
-7.110000e-01 4.675000e-01 -2.463390e-01 4.085070e-01 -7.110000e-01 4.685000e-01 -2.464154e-01 4.085156e-01
-3.350000e-01 4.675000e-01 -1.150596e-01 2.779551e-01 -3.345000e-01 4.680000e-01 -1.164317e-01 2.766663e-01
-3.345000e-01 4.680000e-01 -1.164317e-01 2.766663e-01 -3.340000e-01 4.685000e-01 -1.178330e-01 2.753753e-01
-2.305000e-01 4.680000e-01 -4.462329e-01 2.753872e-01 -2.310000e-01 4.685000e-01 -4.447546e-01 2.741011e-01
-2.305000e-01 4.680000e-01 -4.462329e-01 2.753872e-01 -2.295000e-01 4.680000e-01 -4.477670e-01 2.767470e-01
-2.290000e-01 4.675000e-01 -4.491830e-01 2.780277e-01 -2.295000e-01 4.680000e-01 -4.477670e-01 2.767470e-01
1.080000e-01 4.675000e-01 -3.504197e-01 4.005166e-01 1.080000e-01 4.685000e-01 -3.503405e-01 4.005253e-01
-7.110000e-01 4.685000e-01 -2.464154e-01 4.085156e-01 -7.105000e-01 4.690000e-01 -2.460964e-01 4.084814e-01
-7.105000e-01 4.690000e-01 -2.460964e-01 4.084814e-01 -7.100000e-01 4.695000e-01 -2.457779e-01 4.084463e-01
-3.340000e-01 4.685000e-01 -1.178330e-01 2.753753e-01 -3.335000e-01 4.690000e-01 -1.192360e-01 2.741077e-01
-3.335000e-01 4.690000e-01 -1.192360e-01 2.741077e-01 -3.325000e-01 4.690000e-01 -1.207549e-01 2.727624e-01
-3.325000e-01 4.690000e-01 -1.207549e-01 2.727624e-01 -3.320000e-01 4.695000e-01 -1.222167e-01 2.714932e-01
-2.315000e-01 4.690000e-01 -4.432744e-01 2.728380e-01 -2.320000e-01 4.695000e-01 -4.417629e-01 2.715735e-01
-2.310000e-01 4.685000e-01 -4.447546e-01 2.741011e-01 -2.315000e-01 4.690000e-01 -4.432744e-01 2.728380e-01
1.080000e-01 4.685000e-01 -3.503405e-01 4.005253e-01 1.080000e-01 4.695000e-01 -3.502597e-01 4.005353e-01
-7.100000e-01 4.695000e-01 -2.457779e-01 4.084463e-01 -7.100000e-01 4.705000e-01 -2.458578e-01 4.084551e-01
-3.320000e-01 4.695000e-01 -1.222167e-01 2.714932e-01 -3.315000e-01 4.700000e-01 -1.236785e-01 2.702483e-01
-3.315000e-01 4.700000e-01 -1.236785e-01 2.702483e-01 -3.310000e-01 4.705000e-01 -1.251698e-01 2.690038e-01
-2.335000e-01 4.700000e-01 -4.385401e-01 2.689559e-01 -2.340000e-01 4.705000e-01 -4.369652e-01 2.677150e-01
-2.335000e-01 4.700000e-01 -4.385401e-01 2.689559e-01 -2.325000e-01 4.700000e-01 -4.402506e-01 2.703323e-01
-2.320000e-01 4.695000e-01 -4.417629e-01 2.715735e-01 -2.325000e-01 4.700000e-01 -4.402506e-01 2.703323e-01
1.075000e-01 4.700000e-01 -3.505598e-01 4.004997e-01 1.070000e-01 4.705000e-01 -3.508595e-01 4.004629e-01
1.080000e-01 4.695000e-01 -3.502597e-01 4.005353e-01 1.075000e-01 4.700000e-01 -3.505598e-01 4.004997e-01
-7.100000e-01 4.705000e-01 -2.458578e-01 4.084551e-01 -7.100000e-01 4.715000e-01 -2.459392e-01 4.084649e-01
-3.310000e-01 4.705000e-01 -1.251698e-01 2.690038e-01 -3.305000e-01 4.710000e-01 -1.266601e-01 2.677838e-01
-3.305000e-01 4.710000e-01 -1.266601e-01 2.677838e-01 -3.295000e-01 4.710000e-01 -1.283467e-01 2.664312e-01
-3.295000e-01 4.710000e-01 -1.283467e-01 2.664312e-01 -3.290000e-01 4.715000e-01 -1.298959e-01 2.652150e-01
-2.355000e-01 4.710000e-01 -4.335643e-01 2.651148e-01 -2.360000e-01 4.715000e-01 -4.319277e-01 2.639019e-01
-2.355000e-01 4.710000e-01 -4.335643e-01 2.651148e-01 -2.345000e-01 4.710000e-01 -4.353913e-01 2.664981e-01
-2.340000e-01 4.705000e-01 -4.369652e-01 2.677150e-01 -2.345000e-01 4.710000e-01 -4.353913e-01 2.664981e-01
1.070000e-01 4.705000e-01 -3.508595e-01 4.004629e-01 1.070000e-01 4.715000e-01 -3.507748e-01 4.004737e-01
-7.100000e-01 4.715000e-01 -2.459392e-01 4.084649e-01 -7.095000e-01 4.720000e-01 -2.456235e-01 4.084288e-01
-7.095000e-01 4.720000e-01 -2.456235e-01 4.084288e-01 -7.090000e-01 4.725000e-01 -2.453082e-01 4.083917e-01
-3.290000e-01 4.715000e-01 -1.298959e-01 2.652150e-01 -3.285000e-01 4.720000e-01 -1.314423e-01 2.640237e-01
-3.285000e-01 4.720000e-01 -1.314423e-01 2.640237e-01 -3.275000e-01 4.720000e-01 -1.332397e-01 2.626696e-01
-3.275000e-01 4.720000e-01 -1.332397e-01 2.626696e-01 -3.270000e-01 4.725000e-01 -1.348449e-01 2.614856e-01
-2.375000e-01 4.720000e-01 -4.283491e-01 2.613293e-01 -2.380000e-01 4.725000e-01 -4.266533e-01 2.601488e-01
-2.375000e-01 4.720000e-01 -4.283491e-01 2.613293e-01 -2.365000e-01 4.720000e-01 -4.302941e-01 2.627136e-01
-2.360000e-01 4.715000e-01 -4.319277e-01 2.639019e-01 -2.365000e-01 4.720000e-01 -4.302941e-01 2.627136e-01
1.065000e-01 4.720000e-01 -3.510722e-01 4.004366e-01 1.060000e-01 4.725000e-01 -3.513691e-01 4.003983e-01
1.070000e-01 4.715000e-01 -3.507748e-01 4.004737e-01 1.065000e-01 4.720000e-01 -3.510722e-01 4.004366e-01
-7.090000e-01 4.725000e-01 -2.453082e-01 4.083917e-01 -7.090000e-01 4.735000e-01 -2.453930e-01 4.084019e-01
-3.270000e-01 4.725000e-01 -1.348449e-01 2.614856e-01 -3.265000e-01 4.730000e-01 -1.364456e-01 2.603270e-01
-3.265000e-01 4.730000e-01 -1.364456e-01 2.603270e-01 -3.255000e-01 4.730000e-01 -1.383551e-01 2.589770e-01
-3.255000e-01 4.730000e-01 -1.383551e-01 2.589770e-01 -3.250000e-01 4.735000e-01 -1.400140e-01 2.578293e-01
-2.395000e-01 4.730000e-01 -4.228985e-01 2.576145e-01 -2.400000e-01 4.735000e-01 -4.211465e-01 2.564711e-01
-2.395000e-01 4.730000e-01 -4.228985e-01 2.576145e-01 -2.385000e-01 4.730000e-01 -4.249624e-01 2.589936e-01
-2.380000e-01 4.725000e-01 -4.266533e-01 2.601488e-01 -2.385000e-01 4.730000e-01 -4.249624e-01 2.589936e-01
1.060000e-01 4.725000e-01 -3.513691e-01 4.003983e-01 1.060000e-01 4.735000e-01 -3.512805e-01 4.004100e-01
-7.090000e-01 4.735000e-01 -2.453930e-01 4.084019e-01 -7.085000e-01 4.740000e-01 -2.450797e-01 4.083642e-01
-7.085000e-01 4.740000e-01 -2.450797e-01 4.083642e-01 -7.080000e-01 4.745000e-01 -2.447669e-01 4.083256e-01
-3.250000e-01 4.735000e-01 -1.400140e-01 2.578293e-01 -3.245000e-01 4.740000e-01 -1.416665e-01 2.567072e-01
-3.245000e-01 4.740000e-01 -1.416665e-01 2.567072e-01 -3.235000e-01 4.740000e-01 -1.436888e-01 2.553673e-01
-3.235000e-01 4.740000e-01 -1.436888e-01 2.553673e-01 -3.230000e-01 4.745000e-01 -1.453985e-01 2.542598e-01
-2.425000e-01 4.740000e-01 -4.149768e-01 2.526188e-01 -2.430000e-01 4.745000e-01 -4.131426e-01 2.515263e-01
-2.425000e-01 4.740000e-01 -4.149768e-01 2.526188e-01 -2.415000e-01 4.740000e-01 -4.172188e-01 2.539861e-01
-2.415000e-01 4.740000e-01 -4.172188e-01 2.539861e-01 -2.405000e-01 4.740000e-01 -4.194014e-01 2.553533e-01
-2.400000e-01 4.735000e-01 -4.211465e-01 2.564711e-01 -2.405000e-01 4.740000e-01 -4.194014e-01 2.553533e-01
1.055000e-01 4.740000e-01 -3.515752e-01 4.003714e-01 1.050000e-01 4.745000e-01 -3.518694e-01 4.003316e-01
1.060000e-01 4.735000e-01 -3.512805e-01 4.004100e-01 1.055000e-01 4.740000e-01 -3.515752e-01 4.003714e-01
-7.080000e-01 4.745000e-01 -2.447669e-01 4.083256e-01 -7.080000e-01 4.755000e-01 -2.448551e-01 4.083361e-01
-3.230000e-01 4.745000e-01 -1.453985e-01 2.542598e-01 -3.225000e-01 4.750000e-01 -1.470999e-01 2.531782e-01
-3.225000e-01 4.750000e-01 -1.470999e-01 2.531782e-01 -3.215000e-01 4.750000e-01 -1.492347e-01 2.518545e-01
-3.215000e-01 4.750000e-01 -1.492347e-01 2.518545e-01 -3.210000e-01 4.755000e-01 -1.509918e-01 2.507913e-01
-2.455000e-01 4.750000e-01 -4.065373e-01 2.477729e-01 -2.460000e-01 4.755000e-01 -4.046283e-01 2.467410e-01
-2.455000e-01 4.750000e-01 -4.065373e-01 2.477729e-01 -2.445000e-01 4.750000e-01 -4.089582e-01 2.491144e-01
-2.445000e-01 4.750000e-01 -4.089582e-01 2.491144e-01 -2.435000e-01 4.750000e-01 -4.113184e-01 2.504599e-01
-2.430000e-01 4.745000e-01 -4.131426e-01 2.515263e-01 -2.435000e-01 4.750000e-01 -4.113184e-01 2.504599e-01
1.050000e-01 4.745000e-01 -3.518694e-01 4.003316e-01 1.050000e-01 4.755000e-01 -3.517769e-01 4.003443e-01
-7.080000e-01 4.755000e-01 -2.448551e-01 4.083361e-01 -7.080000e-01 4.765000e-01 -2.449449e-01 4.083476e-01
-3.210000e-01 4.755000e-01 -1.509918e-01 2.507913e-01 -3.205000e-01 4.760000e-01 -1.527386e-01 2.497539e-01
-3.205000e-01 4.760000e-01 -1.527386e-01 2.497539e-01 -3.195000e-01 4.760000e-01 -1.549851e-01 2.484528e-01
-3.195000e-01 4.760000e-01 -1.549851e-01 2.484528e-01 -3.185000e-01 4.760000e-01 -1.572892e-01 2.471560e-01
-3.185000e-01 4.760000e-01 -1.572892e-01 2.471560e-01 -3.180000e-01 4.765000e-01 -1.591160e-01 2.461531e-01
-2.485000e-01 4.760000e-01 -3.975984e-01 2.431259e-01 -2.490000e-01 4.765000e-01 -3.956239e-01 2.421639e-01
-2.485000e-01 4.760000e-01 -3.975984e-01 2.431259e-01 -2.475000e-01 4.760000e-01 -4.001958e-01 2.444262e-01
-2.475000e-01 4.760000e-01 -4.001958e-01 2.444262e-01 -2.465000e-01 4.760000e-01 -4.027323e-01 2.457352e-01
-2.460000e-01 4.755000e-01 -4.046283e-01 2.467410e-01 -2.465000e-01 4.760000e-01 -4.027323e-01 2.457352e-01
1.045000e-01 4.760000e-01 -3.520688e-01 4.003042e-01 1.040000e-01 4.765000e-01 -3.523602e-01 4.002630e-01
1.050000e-01 4.755000e-01 -3.517769e-01 4.003443e-01 1.045000e-01 4.760000e-01 -3.520688e-01 4.003042e-01
-7.080000e-01 4.765000e-01 -2.449449e-01 4.083476e-01 -7.075000e-01 4.770000e-01 -2.446349e-01 4.083082e-01
-7.075000e-01 4.770000e-01 -2.446349e-01 4.083082e-01 -7.070000e-01 4.775000e-01 -2.443254e-01 4.082679e-01
-3.180000e-01 4.765000e-01 -1.591160e-01 2.461531e-01 -3.175000e-01 4.770000e-01 -1.609300e-01 2.451760e-01
-3.175000e-01 4.770000e-01 -1.609300e-01 2.451760e-01 -3.165000e-01 4.770000e-01 -1.633439e-01 2.439114e-01
-3.165000e-01 4.770000e-01 -1.633439e-01 2.439114e-01 -3.160000e-01 4.775000e-01 -1.652081e-01 2.429619e-01
-2.515000e-01 4.770000e-01 -3.881892e-01 2.387276e-01 -2.520000e-01 4.775000e-01 -3.861609e-01 2.378441e-01
-2.515000e-01 4.770000e-01 -3.881892e-01 2.387276e-01 -2.505000e-01 4.770000e-01 -3.909576e-01 2.399707e-01
-2.505000e-01 4.770000e-01 -3.909576e-01 2.399707e-01 -2.495000e-01 4.770000e-01 -3.936656e-01 2.412276e-01
-2.490000e-01 4.765000e-01 -3.956239e-01 2.421639e-01 -2.495000e-01 4.770000e-01 -3.936656e-01 2.412276e-01
1.040000e-01 4.765000e-01 -3.523602e-01 4.002630e-01 1.040000e-01 4.775000e-01 -3.522638e-01 4.002766e-01
-7.070000e-01 4.775000e-01 -2.443254e-01 4.082679e-01 -7.070000e-01 4.785000e-01 -2.444186e-01 4.082799e-01
-3.160000e-01 4.775000e-01 -1.652081e-01 2.429619e-01 -3.155000e-01 4.780000e-01 -1.670575e-01 2.420377e-01
-3.155000e-01 4.780000e-01 -1.670575e-01 2.420377e-01 -3.145000e-01 4.780000e-01 -1.695780e-01 2.408119e-01
-3.145000e-01 4.780000e-01 -1.695780e-01 2.408119e-01 -3.135000e-01 4.780000e-01 -1.721563e-01 2.395976e-01
-3.135000e-01 4.780000e-01 -1.721563e-01 2.395976e-01 -3.125000e-01 4.780000e-01 -1.747928e-01 2.383963e-01
-3.125000e-01 4.780000e-01 -1.747928e-01 2.383963e-01 -3.120000e-01 4.785000e-01 -1.767336e-01 2.375383e-01
-2.555000e-01 4.780000e-01 -3.753624e-01 2.334779e-01 -2.560000e-01 4.785000e-01 -3.732761e-01 2.327031e-01
-2.555000e-01 4.780000e-01 -3.753624e-01 2.334779e-01 -2.545000e-01 4.780000e-01 -3.783505e-01 2.346271e-01
-2.545000e-01 4.780000e-01 -3.783505e-01 2.346271e-01 -2.535000e-01 4.780000e-01 -3.812804e-01 2.357970e-01
-2.535000e-01 4.780000e-01 -3.812804e-01 2.357970e-01 -2.525000e-01 4.780000e-01 -3.841517e-01 2.369857e-01
-2.520000e-01 4.775000e-01 -3.861609e-01 2.378441e-01 -2.525000e-01 4.780000e-01 -3.841517e-01 2.369857e-01
1.035000e-01 4.780000e-01 -3.525530e-01 4.002351e-01 1.030000e-01 4.785000e-01 -3.528416e-01 4.001925e-01
1.040000e-01 4.775000e-01 -3.522638e-01 4.002766e-01 1.035000e-01 4.780000e-01 -3.525530e-01 4.002351e-01
-7.070000e-01 4.785000e-01 -2.444186e-01 4.082799e-01 -7.070000e-01 4.795000e-01 -2.445134e-01 4.082929e-01
-3.120000e-01 4.785000e-01 -1.767336e-01 2.375383e-01 -3.115000e-01 4.790000e-01 -1.786562e-01 2.367048e-01
-3.115000e-01 4.790000e-01 -1.786562e-01 2.367048e-01 -3.105000e-01 4.790000e-01 -1.813928e-01 2.355553e-01
-3.105000e-01 4.790000e-01 -1.813928e-01 2.355553e-01 -3.095000e-01 4.790000e-01 -1.841865e-01 2.344235e-01
-3.095000e-01 4.790000e-01 -1.841865e-01 2.344235e-01 -3.085000e-01 4.790000e-01 -1.870370e-01 2.333110e-01
-3.085000e-01 4.790000e-01 -1.870370e-01 2.333110e-01 -3.080000e-01 4.795000e-01 -1.890364e-01 2.325572e-01
-2.605000e-01 4.790000e-01 -3.585748e-01 2.277908e-01 -2.610000e-01 4.795000e-01 -3.564457e-01 2.271622e-01
-2.605000e-01 4.790000e-01 -3.585748e-01 2.277908e-01 -2.595000e-01 4.790000e-01 -3.618145e-01 2.287888e-01
-2.595000e-01 4.790000e-01 -3.618145e-01 2.287888e-01 -2.585000e-01 4.790000e-01 -3.650013e-01 2.298161e-01
-2.585000e-01 4.790000e-01 -3.650013e-01 2.298161e-01 -2.575000e-01 4.790000e-01 -3.681342e-01 2.308710e-01
-2.575000e-01 4.790000e-01 -3.681342e-01 2.308710e-01 -2.565000e-01 4.790000e-01 -3.712124e-01 2.319518e-01
-2.560000e-01 4.785000e-01 -3.732761e-01 2.327031e-01 -2.565000e-01 4.790000e-01 -3.712124e-01 2.319518e-01
1.030000e-01 4.785000e-01 -3.528416e-01 4.001925e-01 1.030000e-01 4.795000e-01 -3.527413e-01 4.002072e-01
-7.070000e-01 4.795000e-01 -2.445134e-01 4.082929e-01 -7.065000e-01 4.800000e-01 -2.442067e-01 4.082518e-01
-7.065000e-01 4.800000e-01 -2.442067e-01 4.082518e-01 -7.060000e-01 4.805000e-01 -2.439006e-01 4.082097e-01
-3.080000e-01 4.795000e-01 -1.890364e-01 2.325572e-01 -3.075000e-01 4.800000e-01 -1.910143e-01 2.318265e-01
-3.075000e-01 4.800000e-01 -1.910143e-01 2.318265e-01 -3.065000e-01 4.800000e-01 -1.939546e-01 2.307786e-01
-3.065000e-01 4.800000e-01 -1.939546e-01 2.307786e-01 -3.055000e-01 4.800000e-01 -1.969491e-01 2.297548e-01
-3.055000e-01 4.800000e-01 -1.969491e-01 2.297548e-01 -3.045000e-01 4.800000e-01 -1.999974e-01 2.287566e-01
-3.045000e-01 4.800000e-01 -1.999974e-01 2.287566e-01 -3.035000e-01 4.800000e-01 -2.030986e-01 2.277858e-01
-3.035000e-01 4.800000e-01 -2.030986e-01 2.277858e-01 -3.025000e-01 4.800000e-01 -2.062519e-01 2.268438e-01
-3.025000e-01 4.800000e-01 -2.062519e-01 2.268438e-01 -3.020000e-01 4.805000e-01 -2.083097e-01 2.262551e-01
-2.665000e-01 4.800000e-01 -3.373436e-01 2.223441e-01 -2.670000e-01 4.805000e-01 -3.352162e-01 2.219032e-01
-2.665000e-01 4.800000e-01 -3.373436e-01 2.223441e-01 -2.655000e-01 4.800000e-01 -3.408315e-01 2.231114e-01
-2.655000e-01 4.800000e-01 -3.408315e-01 2.231114e-01 -2.645000e-01 4.800000e-01 -3.442771e-01 2.239177e-01
-2.645000e-01 4.800000e-01 -3.442771e-01 2.239177e-01 -2.635000e-01 4.800000e-01 -3.476787e-01 2.247615e-01
-2.635000e-01 4.800000e-01 -3.476787e-01 2.247615e-01 -2.625000e-01 4.800000e-01 -3.510344e-01 2.256410e-01
-2.625000e-01 4.800000e-01 -3.510344e-01 2.256410e-01 -2.615000e-01 4.800000e-01 -3.543429e-01 2.265547e-01
-2.610000e-01 4.795000e-01 -3.564457e-01 2.271622e-01 -2.615000e-01 4.800000e-01 -3.543429e-01 2.265547e-01
1.025000e-01 4.800000e-01 -3.530277e-01 4.001643e-01 1.020000e-01 4.805000e-01 -3.533135e-01 4.001203e-01
1.030000e-01 4.795000e-01 -3.527413e-01 4.002072e-01 1.025000e-01 4.800000e-01 -3.530277e-01 4.001643e-01
-7.060000e-01 4.805000e-01 -2.439006e-01 4.082097e-01 -7.060000e-01 4.815000e-01 -2.439988e-01 4.082233e-01
-3.020000e-01 4.805000e-01 -2.083097e-01 2.262551e-01 -3.015000e-01 4.810000e-01 -2.103419e-01 2.256866e-01
-3.015000e-01 4.810000e-01 -2.103419e-01 2.256866e-01 -3.005000e-01 4.810000e-01 -2.135636e-01 2.248270e-01
-3.005000e-01 4.810000e-01 -2.135636e-01 2.248270e-01 -2.995000e-01 4.810000e-01 -2.168324e-01 2.240008e-01
-2.995000e-01 4.810000e-01 -2.168324e-01 2.240008e-01 -2.985000e-01 4.810000e-01 -2.201471e-01 2.232095e-01
-2.985000e-01 4.810000e-01 -2.201471e-01 2.232095e-01 -2.975000e-01 4.810000e-01 -2.235061e-01 2.224547e-01
-2.975000e-01 4.810000e-01 -2.235061e-01 2.224547e-01 -2.965000e-01 4.810000e-01 -2.269077e-01 2.217378e-01
-2.965000e-01 4.810000e-01 -2.269077e-01 2.217378e-01 -2.955000e-01 4.810000e-01 -2.303504e-01 2.210604e-01
-2.955000e-01 4.810000e-01 -2.303504e-01 2.210604e-01 -2.945000e-01 4.810000e-01 -2.338320e-01 2.204238e-01
-2.945000e-01 4.810000e-01 -2.338320e-01 2.204238e-01 -2.935000e-01 4.810000e-01 -2.373506e-01 2.198293e-01
-2.935000e-01 4.810000e-01 -2.373506e-01 2.198293e-01 -2.930000e-01 4.815000e-01 -2.394028e-01 2.195083e-01
-2.775000e-01 4.810000e-01 -2.966201e-01 2.168459e-01 -2.780000e-01 4.815000e-01 -2.946455e-01 2.167404e-01
-2.775000e-01 4.810000e-01 -2.966201e-01 2.168459e-01 -2.765000e-01 4.810000e-01 -3.003638e-01 2.170919e-01
-2.765000e-01 4.810000e-01 -3.003638e-01 2.170919e-01 -2.755000e-01 4.810000e-01 -3.040942e-01 2.173884e-01
-2.755000e-01 4.810000e-01 -3.040942e-01 2.173884e-01 -2.745000e-01 4.810000e-01 -3.078081e-01 2.177348e-01
-2.745000e-01 4.810000e-01 -3.078081e-01 2.177348e-01 -2.735000e-01 4.810000e-01 -3.115029e-01 2.181302e-01
-2.735000e-01 4.810000e-01 -3.115029e-01 2.181302e-01 -2.725000e-01 4.810000e-01 -3.151757e-01 2.185739e-01
-2.725000e-01 4.810000e-01 -3.151757e-01 2.185739e-01 -2.715000e-01 4.810000e-01 -3.188237e-01 2.190648e-01
-2.715000e-01 4.810000e-01 -3.188237e-01 2.190648e-01 -2.705000e-01 4.810000e-01 -3.224444e-01 2.196019e-01
-2.705000e-01 4.810000e-01 -3.224444e-01 2.196019e-01 -2.695000e-01 4.810000e-01 -3.260352e-01 2.201842e-01
-2.695000e-01 4.810000e-01 -3.260352e-01 2.201842e-01 -2.685000e-01 4.810000e-01 -3.295937e-01 2.208103e-01
-2.685000e-01 4.810000e-01 -3.295937e-01 2.208103e-01 -2.675000e-01 4.810000e-01 -3.331177e-01 2.214790e-01
-2.670000e-01 4.805000e-01 -3.352162e-01 2.219032e-01 -2.675000e-01 4.810000e-01 -3.331177e-01 2.214790e-01
1.020000e-01 4.805000e-01 -3.533135e-01 4.001203e-01 1.020000e-01 4.815000e-01 -3.532093e-01 4.001361e-01
-7.060000e-01 4.815000e-01 -2.439988e-01 4.082233e-01 -7.055000e-01 4.820000e-01 -2.436946e-01 4.081808e-01
-7.055000e-01 4.820000e-01 -2.436946e-01 4.081808e-01 -7.050000e-01 4.825000e-01 -2.433909e-01 4.081373e-01
-2.930000e-01 4.815000e-01 -2.394028e-01 2.195083e-01 -2.925000e-01 4.820000e-01 -2.414264e-01 2.192012e-01
-2.925000e-01 4.820000e-01 -2.414264e-01 2.192012e-01 -2.915000e-01 4.820000e-01 -2.449676e-01 2.187076e-01
-2.915000e-01 4.820000e-01 -2.449676e-01 2.187076e-01 -2.905000e-01 4.820000e-01 -2.485381e-01 2.182587e-01
-2.905000e-01 4.820000e-01 -2.485381e-01 2.182587e-01 -2.895000e-01 4.820000e-01 -2.521352e-01 2.178557e-01
-2.895000e-01 4.820000e-01 -2.521352e-01 2.178557e-01 -2.885000e-01 4.820000e-01 -2.557565e-01 2.174994e-01
-2.885000e-01 4.820000e-01 -2.557565e-01 2.174994e-01 -2.875000e-01 4.820000e-01 -2.593994e-01 2.171908e-01
-2.875000e-01 4.820000e-01 -2.593994e-01 2.171908e-01 -2.865000e-01 4.820000e-01 -2.630613e-01 2.169306e-01
-2.865000e-01 4.820000e-01 -2.630613e-01 2.169306e-01 -2.855000e-01 4.820000e-01 -2.667394e-01 2.167193e-01
-2.855000e-01 4.820000e-01 -2.667394e-01 2.167193e-01 -2.845000e-01 4.820000e-01 -2.704309e-01 2.165575e-01
-2.845000e-01 4.820000e-01 -2.704309e-01 2.165575e-01 -2.835000e-01 4.820000e-01 -2.741328e-01 2.164458e-01
-2.835000e-01 4.820000e-01 -2.741328e-01 2.164458e-01 -2.825000e-01 4.820000e-01 -2.778425e-01 2.163842e-01
-2.825000e-01 4.820000e-01 -2.778425e-01 2.163842e-01 -2.815000e-01 4.820000e-01 -2.815568e-01 2.163732e-01
-2.815000e-01 4.820000e-01 -2.815568e-01 2.163732e-01 -2.805000e-01 4.820000e-01 -2.852728e-01 2.164127e-01
-2.805000e-01 4.820000e-01 -2.852728e-01 2.164127e-01 -2.795000e-01 4.820000e-01 -2.889877e-01 2.165027e-01
-2.795000e-01 4.820000e-01 -2.889877e-01 2.165027e-01 -2.785000e-01 4.820000e-01 -2.926984e-01 2.166430e-01
-2.780000e-01 4.815000e-01 -2.946455e-01 2.167404e-01 -2.785000e-01 4.820000e-01 -2.926984e-01 2.166430e-01
1.015000e-01 4.820000e-01 -3.534929e-01 4.000919e-01 1.010000e-01 4.825000e-01 -3.537758e-01 4.000465e-01
1.020000e-01 4.815000e-01 -3.532093e-01 4.001361e-01 1.015000e-01 4.820000e-01 -3.534929e-01 4.000919e-01
-7.050000e-01 4.825000e-01 -2.433909e-01 4.081373e-01 -7.050000e-01 4.835000e-01 -2.434925e-01 4.081516e-01
1.010000e-01 4.825000e-01 -3.537758e-01 4.000465e-01 1.010000e-01 4.835000e-01 -3.536678e-01 4.000635e-01
-7.050000e-01 4.835000e-01 -2.434925e-01 4.081516e-01 -7.050000e-01 4.845000e-01 -2.435956e-01 4.081669e-01
1.005000e-01 4.840000e-01 -3.539485e-01 4.000179e-01 1.000000e-01 4.845000e-01 -3.542286e-01 3.999712e-01
1.010000e-01 4.835000e-01 -3.536678e-01 4.000635e-01 1.005000e-01 4.840000e-01 -3.539485e-01 4.000179e-01
-7.050000e-01 4.845000e-01 -2.435956e-01 4.081669e-01 -7.045000e-01 4.850000e-01 -2.432948e-01 4.081229e-01
-7.045000e-01 4.850000e-01 -2.432948e-01 4.081229e-01 -7.040000e-01 4.855000e-01 -2.429946e-01 4.080778e-01
1.000000e-01 4.845000e-01 -3.542286e-01 3.999712e-01 1.000000e-01 4.855000e-01 -3.541166e-01 3.999895e-01
-7.040000e-01 4.855000e-01 -2.429946e-01 4.080778e-01 -7.040000e-01 4.865000e-01 -2.431011e-01 4.080939e-01
9.950000e-02 4.860000e-01 -3.543945e-01 3.999426e-01 9.900000e-02 4.865000e-01 -3.546717e-01 3.998946e-01
1.000000e-01 4.855000e-01 -3.541166e-01 3.999895e-01 9.950000e-02 4.860000e-01 -3.543945e-01 3.999426e-01
-7.040000e-01 4.865000e-01 -2.431011e-01 4.080939e-01 -7.035000e-01 4.870000e-01 -2.428028e-01 4.080485e-01
-7.035000e-01 4.870000e-01 -2.428028e-01 4.080485e-01 -7.030000e-01 4.875000e-01 -2.425049e-01 4.080021e-01
9.900000e-02 4.865000e-01 -3.546717e-01 3.998946e-01 9.900000e-02 4.875000e-01 -3.545559e-01 3.999142e-01
-7.030000e-01 4.875000e-01 -2.425049e-01 4.080021e-01 -7.030000e-01 4.885000e-01 -2.426149e-01 4.080190e-01
9.900000e-02 4.875000e-01 -3.545559e-01 3.999142e-01 9.900000e-02 4.885000e-01 -3.544383e-01 3.999353e-01
-7.030000e-01 4.885000e-01 -2.426149e-01 4.080190e-01 -7.030000e-01 4.895000e-01 -2.427263e-01 4.080370e-01
9.850000e-02 4.890000e-01 -3.547122e-01 3.998871e-01 9.800000e-02 4.895000e-01 -3.549854e-01 3.998377e-01
9.900000e-02 4.885000e-01 -3.544383e-01 3.999353e-01 9.850000e-02 4.890000e-01 -3.547122e-01 3.998871e-01
-7.030000e-01 4.895000e-01 -2.427263e-01 4.080370e-01 -7.025000e-01 4.900000e-01 -2.424315e-01 4.079902e-01
-7.025000e-01 4.900000e-01 -2.424315e-01 4.079902e-01 -7.020000e-01 4.905000e-01 -2.421372e-01 4.079424e-01
9.800000e-02 4.895000e-01 -3.549854e-01 3.998377e-01 9.800000e-02 4.905000e-01 -3.548641e-01 3.998603e-01
-7.020000e-01 4.905000e-01 -2.421372e-01 4.079424e-01 -7.020000e-01 4.915000e-01 -2.422520e-01 4.079613e-01
9.750000e-02 4.910000e-01 -3.551350e-01 3.998108e-01 9.700000e-02 4.915000e-01 -3.554052e-01 3.997603e-01
9.800000e-02 4.905000e-01 -3.548641e-01 3.998603e-01 9.750000e-02 4.910000e-01 -3.551350e-01 3.998108e-01
-7.020000e-01 4.915000e-01 -2.422520e-01 4.079613e-01 -7.015000e-01 4.920000e-01 -2.419596e-01 4.079132e-01
-7.015000e-01 4.920000e-01 -2.419596e-01 4.079132e-01 -7.010000e-01 4.925000e-01 -2.416678e-01 4.078642e-01
9.700000e-02 4.915000e-01 -3.554052e-01 3.997603e-01 9.700000e-02 4.925000e-01 -3.552800e-01 3.997843e-01
-7.010000e-01 4.925000e-01 -2.416678e-01 4.078642e-01 -7.010000e-01 4.935000e-01 -2.417861e-01 4.078841e-01
9.650000e-02 4.930000e-01 -3.555480e-01 3.997336e-01 9.600000e-02 4.935000e-01 -3.558154e-01 3.996819e-01
9.700000e-02 4.925000e-01 -3.552800e-01 3.997843e-01 9.650000e-02 4.930000e-01 -3.555480e-01 3.997336e-01
-7.010000e-01 4.935000e-01 -2.417861e-01 4.078841e-01 -7.005000e-01 4.940000e-01 -2.414962e-01 4.078348e-01
-7.005000e-01 4.940000e-01 -2.414962e-01 4.078348e-01 -7.000000e-01 4.945000e-01 -2.412070e-01 4.077845e-01
9.600000e-02 4.935000e-01 -3.558154e-01 3.996819e-01 9.600000e-02 4.945000e-01 -3.556863e-01 3.997074e-01
-7.000000e-01 4.945000e-01 -2.412070e-01 4.077845e-01 -7.000000e-01 4.955000e-01 -2.413286e-01 4.078054e-01
9.550000e-02 4.950000e-01 -3.559513e-01 3.996556e-01 9.500000e-02 4.955000e-01 -3.562157e-01 3.996027e-01
9.600000e-02 4.945000e-01 -3.556863e-01 3.997074e-01 9.550000e-02 4.950000e-01 -3.559513e-01 3.996556e-01
-7.000000e-01 4.955000e-01 -2.413286e-01 4.078054e-01 -7.000000e-01 4.965000e-01 -2.414517e-01 4.078276e-01
9.500000e-02 4.955000e-01 -3.562157e-01 3.996027e-01 9.500000e-02 4.965000e-01 -3.560827e-01 3.996299e-01
-7.000000e-01 4.965000e-01 -2.414517e-01 4.078276e-01 -6.995000e-01 4.970000e-01 -2.411654e-01 4.077770e-01
-6.995000e-01 4.970000e-01 -2.411654e-01 4.077770e-01 -6.990000e-01 4.975000e-01 -2.408796e-01 4.077255e-01
9.450000e-02 4.970000e-01 -3.563448e-01 3.995770e-01 9.400000e-02 4.975000e-01 -3.566062e-01 3.995229e-01
9.500000e-02 4.965000e-01 -3.560827e-01 3.996299e-01 9.450000e-02 4.970000e-01 -3.563448e-01 3.995770e-01
-6.990000e-01 4.975000e-01 -2.408796e-01 4.077255e-01 -6.990000e-01 4.985000e-01 -2.410061e-01 4.077488e-01
9.400000e-02 4.975000e-01 -3.566062e-01 3.995229e-01 9.400000e-02 4.985000e-01 -3.564694e-01 3.995517e-01
-6.990000e-01 4.985000e-01 -2.410061e-01 4.077488e-01 -6.985000e-01 4.990000e-01 -2.407223e-01 4.076971e-01
-6.985000e-01 4.990000e-01 -2.407223e-01 4.076971e-01 -6.980000e-01 4.995000e-01 -2.404391e-01 4.076444e-01
9.350000e-02 4.990000e-01 -3.567285e-01 3.994977e-01 9.300000e-02 4.995000e-01 -3.569868e-01 3.994426e-01
9.400000e-02 4.985000e-01 -3.564694e-01 3.995517e-01 9.350000e-02 4.990000e-01 -3.567285e-01 3.994977e-01
-6.980000e-01 4.995000e-01 -2.404391e-01 4.076444e-01 -6.980000e-01 5.005000e-01 -2.405690e-01 4.076689e-01
9.300000e-02 4.995000e-01 -3.569868e-01 3.994426e-01 9.300000e-02 5.005000e-01 -3.568462e-01 3.994731e-01
-6.980000e-01 5.005000e-01 -2.405690e-01 4.076689e-01 -6.975000e-01 5.010000e-01 -2.402878e-01 4.076161e-01
-6.975000e-01 5.010000e-01 -2.402878e-01 4.076161e-01 -6.970000e-01 5.015000e-01 -2.400072e-01 4.075624e-01
9.250000e-02 5.010000e-01 -3.571023e-01 3.994181e-01 9.200000e-02 5.015000e-01 -3.573576e-01 3.993619e-01
9.300000e-02 5.005000e-01 -3.568462e-01 3.994731e-01 9.250000e-02 5.010000e-01 -3.571023e-01 3.994181e-01
-6.970000e-01 5.015000e-01 -2.400072e-01 4.075624e-01 -6.970000e-01 5.025000e-01 -2.401404e-01 4.075881e-01
9.200000e-02 5.015000e-01 -3.573576e-01 3.993619e-01 9.200000e-02 5.025000e-01 -3.572131e-01 3.993942e-01
-6.970000e-01 5.025000e-01 -2.401404e-01 4.075881e-01 -6.965000e-01 5.030000e-01 -2.398618e-01 4.075343e-01
-6.965000e-01 5.030000e-01 -2.398618e-01 4.075343e-01 -6.960000e-01 5.035000e-01 -2.395838e-01 4.074795e-01
9.150000e-02 5.030000e-01 -3.574662e-01 3.993381e-01 9.100000e-02 5.035000e-01 -3.577185e-01 3.992810e-01
9.200000e-02 5.025000e-01 -3.572131e-01 3.993942e-01 9.150000e-02 5.030000e-01 -3.574662e-01 3.993381e-01
-6.960000e-01 5.035000e-01 -2.395838e-01 4.074795e-01 -6.960000e-01 5.045000e-01 -2.397204e-01 4.075065e-01
9.100000e-02 5.035000e-01 -3.577185e-01 3.992810e-01 9.100000e-02 5.045000e-01 -3.575703e-01 3.993150e-01
-6.960000e-01 5.045000e-01 -2.397204e-01 4.075065e-01 -6.955000e-01 5.050000e-01 -2.394444e-01 4.074517e-01
-6.955000e-01 5.050000e-01 -2.394444e-01 4.074517e-01 -6.950000e-01 5.055000e-01 -2.391689e-01 4.073959e-01
9.050000e-02 5.050000e-01 -3.578203e-01 3.992580e-01 9.000000e-02 5.055000e-01 -3.580695e-01 3.991999e-01
9.100000e-02 5.045000e-01 -3.575703e-01 3.993150e-01 9.050000e-02 5.050000e-01 -3.578203e-01 3.992580e-01
-6.950000e-01 5.055000e-01 -2.391689e-01 4.073959e-01 -6.950000e-01 5.065000e-01 -2.393089e-01 4.074242e-01
9.000000e-02 5.055000e-01 -3.580695e-01 3.991999e-01 9.000000e-02 5.065000e-01 -3.579174e-01 3.992358e-01
-6.950000e-01 5.065000e-01 -2.393089e-01 4.074242e-01 -6.945000e-01 5.070000e-01 -2.390355e-01 4.073684e-01
-6.945000e-01 5.070000e-01 -2.390355e-01 4.073684e-01 -6.940000e-01 5.075000e-01 -2.387627e-01 4.073116e-01
8.950000e-02 5.070000e-01 -3.581644e-01 3.991779e-01 8.900000e-02 5.075000e-01 -3.584105e-01 3.991188e-01
9.000000e-02 5.065000e-01 -3.579174e-01 3.992358e-01 8.950000e-02 5.070000e-01 -3.581644e-01 3.991779e-01
-6.940000e-01 5.075000e-01 -2.387627e-01 4.073116e-01 -6.940000e-01 5.085000e-01 -2.389060e-01 4.073414e-01
8.900000e-02 5.075000e-01 -3.584105e-01 3.991188e-01 8.900000e-02 5.085000e-01 -3.582546e-01 3.991567e-01
-6.940000e-01 5.085000e-01 -2.389060e-01 4.073414e-01 -6.935000e-01 5.090000e-01 -2.386352e-01 4.072847e-01
-6.935000e-01 5.090000e-01 -2.386352e-01 4.072847e-01 -6.930000e-01 5.095000e-01 -2.383650e-01 4.072270e-01
8.850000e-02 5.090000e-01 -3.584985e-01 3.990978e-01 8.800000e-02 5.095000e-01 -3.587416e-01 3.990378e-01
8.900000e-02 5.085000e-01 -3.582546e-01 3.991567e-01 8.850000e-02 5.090000e-01 -3.584985e-01 3.990978e-01
-6.930000e-01 5.095000e-01 -2.383650e-01 4.072270e-01 -6.930000e-01 5.105000e-01 -2.385117e-01 4.072583e-01
8.800000e-02 5.095000e-01 -3.587416e-01 3.990378e-01 8.800000e-02 5.105000e-01 -3.585819e-01 3.990777e-01
-6.930000e-01 5.105000e-01 -2.385117e-01 4.072583e-01 -6.925000e-01 5.110000e-01 -2.382435e-01 4.072006e-01
-6.925000e-01 5.110000e-01 -2.382435e-01 4.072006e-01 -6.920000e-01 5.115000e-01 -2.379760e-01 4.071420e-01
8.750000e-02 5.110000e-01 -3.588227e-01 3.990179e-01 8.700000e-02 5.115000e-01 -3.590627e-01 3.989570e-01
8.800000e-02 5.105000e-01 -3.585819e-01 3.990777e-01 8.750000e-02 5.110000e-01 -3.588227e-01 3.990179e-01
-6.920000e-01 5.115000e-01 -2.379760e-01 4.071420e-01 -6.920000e-01 5.125000e-01 -2.381260e-01 4.071748e-01
8.700000e-02 5.115000e-01 -3.590627e-01 3.989570e-01 8.700000e-02 5.125000e-01 -3.588992e-01 3.989990e-01
-6.920000e-01 5.125000e-01 -2.381260e-01 4.071748e-01 -6.915000e-01 5.130000e-01 -2.378604e-01 4.071163e-01
-6.915000e-01 5.130000e-01 -2.378604e-01 4.071163e-01 -6.910000e-01 5.135000e-01 -2.375955e-01 4.070568e-01
8.650000e-02 5.130000e-01 -3.591369e-01 3.989384e-01 8.600000e-02 5.135000e-01 -3.593737e-01 3.988767e-01
8.700000e-02 5.125000e-01 -3.588992e-01 3.989990e-01 8.650000e-02 5.130000e-01 -3.591369e-01 3.989384e-01
-6.910000e-01 5.135000e-01 -2.375955e-01 4.070568e-01 -6.910000e-01 5.145000e-01 -2.377489e-01 4.070913e-01
8.600000e-02 5.135000e-01 -3.593737e-01 3.988767e-01 8.600000e-02 5.145000e-01 -3.592065e-01 3.989208e-01
-6.910000e-01 5.145000e-01 -2.377489e-01 4.070913e-01 -6.905000e-01 5.150000e-01 -2.374860e-01 4.070319e-01
-6.905000e-01 5.150000e-01 -2.374860e-01 4.070319e-01 -6.900000e-01 5.155000e-01 -2.372237e-01 4.069716e-01
8.550000e-02 5.150000e-01 -3.594410e-01 3.988594e-01 8.500000e-02 5.155000e-01 -3.596748e-01 3.987969e-01
8.600000e-02 5.145000e-01 -3.592065e-01 3.989208e-01 8.550000e-02 5.150000e-01 -3.594410e-01 3.988594e-01
-6.900000e-01 5.155000e-01 -2.372237e-01 4.069716e-01 -6.900000e-01 5.165000e-01 -2.373804e-01 4.070078e-01
8.500000e-02 5.155000e-01 -3.596748e-01 3.987969e-01 8.500000e-02 5.165000e-01 -3.595038e-01 3.988431e-01
-6.900000e-01 5.165000e-01 -2.373804e-01 4.070078e-01 -6.895000e-01 5.170000e-01 -2.371202e-01 4.069476e-01
-6.895000e-01 5.170000e-01 -2.371202e-01 4.069476e-01 -6.890000e-01 5.175000e-01 -2.368606e-01 4.068864e-01
8.450000e-02 5.170000e-01 -3.597352e-01 3.987810e-01 8.400000e-02 5.175000e-01 -3.599658e-01 3.987177e-01
8.500000e-02 5.165000e-01 -3.595038e-01 3.988431e-01 8.450000e-02 5.170000e-01 -3.597352e-01 3.987810e-01
-6.890000e-01 5.175000e-01 -2.368606e-01 4.068864e-01 -6.890000e-01 5.185000e-01 -2.370206e-01 4.069244e-01
8.400000e-02 5.175000e-01 -3.599658e-01 3.987177e-01 8.400000e-02 5.185000e-01 -3.597910e-01 3.987662e-01
-6.890000e-01 5.185000e-01 -2.370206e-01 4.069244e-01 -6.885000e-01 5.190000e-01 -2.367630e-01 4.068635e-01
-6.885000e-01 5.190000e-01 -2.367630e-01 4.068635e-01 -6.880000e-01 5.195000e-01 -2.365061e-01 4.068016e-01
8.350000e-02 5.190000e-01 -3.600194e-01 3.987033e-01 8.300000e-02 5.195000e-01 -3.602467e-01 3.986392e-01
8.400000e-02 5.185000e-01 -3.597910e-01 3.987662e-01 8.350000e-02 5.190000e-01 -3.600194e-01 3.987033e-01
-6.880000e-01 5.195000e-01 -2.365061e-01 4.068016e-01 -6.880000e-01 5.205000e-01 -2.366695e-01 4.068413e-01
8.300000e-02 5.195000e-01 -3.602467e-01 3.986392e-01 8.300000e-02 5.205000e-01 -3.600683e-01 3.986900e-01
-6.880000e-01 5.205000e-01 -2.366695e-01 4.068413e-01 -6.875000e-01 5.210000e-01 -2.364145e-01 4.067797e-01
-6.875000e-01 5.210000e-01 -2.364145e-01 4.067797e-01 -6.870000e-01 5.215000e-01 -2.361603e-01 4.067171e-01
8.250000e-02 5.210000e-01 -3.602934e-01 3.986264e-01 8.200000e-02 5.215000e-01 -3.605176e-01 3.985617e-01
8.300000e-02 5.205000e-01 -3.600683e-01 3.986900e-01 8.250000e-02 5.210000e-01 -3.602934e-01 3.986264e-01
-6.870000e-01 5.215000e-01 -2.361603e-01 4.067171e-01 -6.865000e-01 5.220000e-01 -2.359071e-01 4.066546e-01
-6.865000e-01 5.220000e-01 -2.359071e-01 4.066546e-01 -6.860000e-01 5.225000e-01 -2.356546e-01 4.065912e-01
8.200000e-02 5.215000e-01 -3.605176e-01 3.985617e-01 8.200000e-02 5.225000e-01 -3.603355e-01 3.986148e-01
-6.860000e-01 5.225000e-01 -2.356546e-01 4.065912e-01 -6.860000e-01 5.235000e-01 -2.358232e-01 4.066331e-01
8.150000e-02 5.230000e-01 -3.605574e-01 3.985505e-01 8.100000e-02 5.235000e-01 -3.607784e-01 3.984851e-01
8.200000e-02 5.225000e-01 -3.603355e-01 3.986148e-01 8.150000e-02 5.230000e-01 -3.605574e-01 3.985505e-01
-6.860000e-01 5.235000e-01 -2.358232e-01 4.066331e-01 -6.855000e-01 5.240000e-01 -2.355727e-01 4.065700e-01
-6.855000e-01 5.240000e-01 -2.355727e-01 4.065700e-01 -6.850000e-01 5.245000e-01 -2.353229e-01 4.065059e-01
8.100000e-02 5.235000e-01 -3.607784e-01 3.984851e-01 8.100000e-02 5.245000e-01 -3.605926e-01 3.985406e-01
-6.850000e-01 5.245000e-01 -2.353229e-01 4.065059e-01 -6.850000e-01 5.255000e-01 -2.354947e-01 4.065498e-01
8.050000e-02 5.250000e-01 -3.608114e-01 3.984757e-01 8.000000e-02 5.255000e-01 -3.610291e-01 3.984097e-01
8.100000e-02 5.245000e-01 -3.605926e-01 3.985406e-01 8.050000e-02 5.250000e-01 -3.608114e-01 3.984757e-01
-6.850000e-01 5.255000e-01 -2.354947e-01 4.065498e-01 -6.845000e-01 5.260000e-01 -2.352469e-01 4.064860e-01
-6.845000e-01 5.260000e-01 -2.352469e-01 4.064860e-01 -6.840000e-01 5.265000e-01 -2.349998e-01 4.064213e-01
8.000000e-02 5.255000e-01 -3.610291e-01 3.984097e-01 8.000000e-02 5.265000e-01 -3.608396e-01 3.984677e-01
-6.840000e-01 5.265000e-01 -2.349998e-01 4.064213e-01 -6.840000e-01 5.275000e-01 -2.351748e-01 4.064672e-01
7.950000e-02 5.270000e-01 -3.610552e-01 3.984022e-01 7.900000e-02 5.275000e-01 -3.612698e-01 3.983356e-01
8.000000e-02 5.265000e-01 -3.608396e-01 3.984677e-01 7.950000e-02 5.270000e-01 -3.610552e-01 3.984022e-01
-6.840000e-01 5.275000e-01 -2.351748e-01 4.064672e-01 -6.835000e-01 5.280000e-01 -2.349297e-01 4.064029e-01
-6.835000e-01 5.280000e-01 -2.349297e-01 4.064029e-01 -6.830000e-01 5.285000e-01 -2.346855e-01 4.063376e-01
7.900000e-02 5.275000e-01 -3.612698e-01 3.983356e-01 7.900000e-02 5.285000e-01 -3.610766e-01 3.983961e-01
-6.830000e-01 5.285000e-01 -2.346855e-01 4.063376e-01 -6.830000e-01 5.295000e-01 -2.348637e-01 4.063857e-01
7.850000e-02 5.290000e-01 -3.612890e-01 3.983300e-01 7.800000e-02 5.295000e-01 -3.615003e-01 3.982628e-01
7.900000e-02 5.285000e-01 -3.610766e-01 3.983961e-01 7.850000e-02 5.290000e-01 -3.612890e-01 3.983300e-01
-6.830000e-01 5.295000e-01 -2.348637e-01 4.063857e-01 -6.825000e-01 5.300000e-01 -2.346213e-01 4.063208e-01
-6.825000e-01 5.300000e-01 -2.346213e-01 4.063208e-01 -6.820000e-01 5.305000e-01 -2.343797e-01 4.062549e-01
7.800000e-02 5.295000e-01 -3.615003e-01 3.982628e-01 7.800000e-02 5.305000e-01 -3.613035e-01 3.983259e-01
-6.820000e-01 5.305000e-01 -2.343797e-01 4.062549e-01 -6.815000e-01 5.310000e-01 -2.341391e-01 4.061893e-01
-6.815000e-01 5.310000e-01 -2.341391e-01 4.061893e-01 -6.810000e-01 5.315000e-01 -2.338993e-01 4.061227e-01
7.750000e-02 5.310000e-01 -3.615126e-01 3.982593e-01 7.700000e-02 5.315000e-01 -3.617208e-01 3.981916e-01
7.800000e-02 5.305000e-01 -3.613035e-01 3.983259e-01 7.750000e-02 5.310000e-01 -3.615126e-01 3.982593e-01
-6.810000e-01 5.315000e-01 -2.338993e-01 4.061227e-01 -6.810000e-01 5.325000e-01 -2.340827e-01 4.061734e-01
7.700000e-02 5.315000e-01 -3.617208e-01 3.981916e-01 7.700000e-02 5.325000e-01 -3.615204e-01 3.982572e-01
-6.810000e-01 5.325000e-01 -2.340827e-01 4.061734e-01 -6.805000e-01 5.330000e-01 -2.338448e-01 4.061073e-01
-6.805000e-01 5.330000e-01 -2.338448e-01 4.061073e-01 -6.800000e-01 5.335000e-01 -2.336078e-01 4.060402e-01
7.650000e-02 5.330000e-01 -3.617263e-01 3.981902e-01 7.600000e-02 5.335000e-01 -3.619311e-01 3.981220e-01
7.700000e-02 5.325000e-01 -3.615204e-01 3.982572e-01 7.650000e-02 5.330000e-01 -3.617263e-01 3.981902e-01
-6.800000e-01 5.335000e-01 -2.336078e-01 4.060402e-01 -6.800000e-01 5.345000e-01 -2.337943e-01 4.060932e-01
7.600000e-02 5.335000e-01 -3.619311e-01 3.981220e-01 7.600000e-02 5.345000e-01 -3.617272e-01 3.981903e-01
-6.800000e-01 5.345000e-01 -2.337943e-01 4.060932e-01 -6.795000e-01 5.350000e-01 -2.335592e-01 4.060267e-01
-6.795000e-01 5.350000e-01 -2.335592e-01 4.060267e-01 -6.790000e-01 5.355000e-01 -2.333249e-01 4.059591e-01
7.550000e-02 5.350000e-01 -3.619298e-01 3.981228e-01 7.500000e-02 5.355000e-01 -3.621313e-01 3.980542e-01
7.600000e-02 5.345000e-01 -3.617272e-01 3.981903e-01 7.550000e-02 5.350000e-01 -3.619298e-01 3.981228e-01
-6.790000e-01 5.355000e-01 -2.333249e-01 4.059591e-01 -6.785000e-01 5.360000e-01 -2.330915e-01 4.058919e-01
-6.785000e-01 5.360000e-01 -2.330915e-01 4.058919e-01 -6.780000e-01 5.365000e-01 -2.328590e-01 4.058237e-01
7.500000e-02 5.355000e-01 -3.621313e-01 3.980542e-01 7.500000e-02 5.365000e-01 -3.619238e-01 3.981251e-01
-6.780000e-01 5.365000e-01 -2.328590e-01 4.058237e-01 -6.780000e-01 5.375000e-01 -2.330507e-01 4.058795e-01
7.450000e-02 5.370000e-01 -3.621232e-01 3.980572e-01 7.400000e-02 5.375000e-01 -3.623215e-01 3.979882e-01
7.500000e-02 5.365000e-01 -3.619238e-01 3.981251e-01 7.450000e-02 5.370000e-01 -3.621232e-01 3.980572e-01
-6.780000e-01 5.375000e-01 -2.330507e-01 4.058795e-01 -6.775000e-01 5.380000e-01 -2.328201e-01 4.058119e-01
-6.775000e-01 5.380000e-01 -2.328201e-01 4.058119e-01 -6.770000e-01 5.385000e-01 -2.325904e-01 4.057433e-01
7.400000e-02 5.375000e-01 -3.623215e-01 3.979882e-01 7.400000e-02 5.385000e-01 -3.621104e-01 3.980619e-01
-6.770000e-01 5.385000e-01 -2.325904e-01 4.057433e-01 -6.770000e-01 5.395000e-01 -2.327852e-01 4.058016e-01
7.350000e-02 5.390000e-01 -3.623065e-01 3.979936e-01 7.300000e-02 5.395000e-01 -3.625016e-01 3.979242e-01
7.400000e-02 5.385000e-01 -3.621104e-01 3.980619e-01 7.350000e-02 5.390000e-01 -3.623065e-01 3.979936e-01
-6.770000e-01 5.395000e-01 -2.327852e-01 4.058016e-01 -6.765000e-01 5.400000e-01 -2.325573e-01 4.057337e-01
-6.765000e-01 5.400000e-01 -2.325573e-01 4.057337e-01 -6.760000e-01 5.405000e-01 -2.323304e-01 4.056648e-01
7.300000e-02 5.395000e-01 -3.625016e-01 3.979242e-01 7.300000e-02 5.405000e-01 -3.622870e-01 3.980008e-01
-6.760000e-01 5.405000e-01 -2.323304e-01 4.056648e-01 -6.755000e-01 5.410000e-01 -2.321044e-01 4.055962e-01
-6.755000e-01 5.410000e-01 -2.321044e-01 4.055962e-01 -6.750000e-01 5.415000e-01 -2.318792e-01 4.055266e-01
7.250000e-02 5.410000e-01 -3.624798e-01 3.979322e-01 7.200000e-02 5.415000e-01 -3.626715e-01 3.978624e-01
7.300000e-02 5.405000e-01 -3.622870e-01 3.980008e-01 7.250000e-02 5.410000e-01 -3.624798e-01 3.979322e-01
-6.750000e-01 5.415000e-01 -2.318792e-01 4.055266e-01 -6.750000e-01 5.425000e-01 -2.320790e-01 4.055880e-01
7.200000e-02 5.415000e-01 -3.626715e-01 3.978624e-01 7.200000e-02 5.425000e-01 -3.624535e-01 3.979418e-01
-6.750000e-01 5.425000e-01 -2.320790e-01 4.055880e-01 -6.745000e-01 5.430000e-01 -2.318558e-01 4.055192e-01
-6.745000e-01 5.430000e-01 -2.318558e-01 4.055192e-01 -6.740000e-01 5.435000e-01 -2.316335e-01 4.054493e-01
7.150000e-02 5.430000e-01 -3.626430e-01 3.978729e-01 7.100000e-02 5.435000e-01 -3.628314e-01 3.978028e-01
7.200000e-02 5.425000e-01 -3.624535e-01 3.979418e-01 7.150000e-02 5.430000e-01 -3.626430e-01 3.978729e-01
-6.740000e-01 5.435000e-01 -2.316335e-01 4.054493e-01 -6.740000e-01 5.445000e-01 -2.318364e-01 4.055133e-01
7.100000e-02 5.435000e-01 -3.628314e-01 3.978028e-01 7.100000e-02 5.445000e-01 -3.626099e-01 3.978851e-01
-6.740000e-01 5.445000e-01 -2.318364e-01 4.055133e-01 -6.735000e-01 5.450000e-01 -2.316159e-01 4.054442e-01
-6.735000e-01 5.450000e-01 -2.316159e-01 4.054442e-01 -6.730000e-01 5.455000e-01 -2.313963e-01 4.053741e-01
7.050000e-02 5.450000e-01 -3.627961e-01 3.978159e-01 7.000000e-02 5.455000e-01 -3.629812e-01 3.977456e-01
7.100000e-02 5.445000e-01 -3.626099e-01 3.978851e-01 7.050000e-02 5.450000e-01 -3.627961e-01 3.978159e-01
-6.730000e-01 5.455000e-01 -2.313963e-01 4.053741e-01 -6.725000e-01 5.460000e-01 -2.311777e-01 4.053045e-01
-6.725000e-01 5.460000e-01 -2.311777e-01 4.053045e-01 -6.720000e-01 5.465000e-01 -2.309600e-01 4.052338e-01
7.000000e-02 5.455000e-01 -3.629812e-01 3.977456e-01 7.000000e-02 5.465000e-01 -3.627562e-01 3.978308e-01
-6.720000e-01 5.465000e-01 -2.309600e-01 4.052338e-01 -6.720000e-01 5.475000e-01 -2.311678e-01 4.053012e-01
6.950000e-02 5.470000e-01 -3.629392e-01 3.977614e-01 6.900000e-02 5.475000e-01 -3.631210e-01 3.976908e-01
7.000000e-02 5.465000e-01 -3.627562e-01 3.978308e-01 6.950000e-02 5.470000e-01 -3.629392e-01 3.977614e-01
-6.720000e-01 5.475000e-01 -2.311678e-01 4.053012e-01 -6.715000e-01 5.480000e-01 -2.309520e-01 4.052313e-01
-6.715000e-01 5.480000e-01 -2.309520e-01 4.052313e-01 -6.710000e-01 5.485000e-01 -2.307370e-01 4.051605e-01
6.900000e-02 5.475000e-01 -3.631210e-01 3.976908e-01 6.900000e-02 5.485000e-01 -3.628926e-01 3.977790e-01
-6.710000e-01 5.485000e-01 -2.307370e-01 4.051605e-01 -6.705000e-01 5.490000e-01 -2.305231e-01 4.050901e-01
-6.705000e-01 5.490000e-01 -2.305231e-01 4.050901e-01 -6.700000e-01 5.495000e-01 -2.303099e-01 4.050188e-01
6.850000e-02 5.490000e-01 -3.630722e-01 3.977094e-01 6.800000e-02 5.495000e-01 -3.632507e-01 3.976387e-01
6.900000e-02 5.485000e-01 -3.628926e-01 3.977790e-01 6.850000e-02 5.490000e-01 -3.630722e-01 3.977094e-01
-6.700000e-01 5.495000e-01 -2.303099e-01 4.050188e-01 -6.700000e-01 5.505000e-01 -2.305227e-01 4.050897e-01
6.800000e-02 5.495000e-01 -3.632507e-01 3.976387e-01 6.800000e-02 5.505000e-01 -3.630189e-01 3.977299e-01
-6.700000e-01 5.505000e-01 -2.305227e-01 4.050897e-01 -6.695000e-01 5.510000e-01 -2.303116e-01 4.050192e-01
-6.695000e-01 5.510000e-01 -2.303116e-01 4.050192e-01 -6.690000e-01 5.515000e-01 -2.301013e-01 4.049477e-01
6.750000e-02 5.510000e-01 -3.631952e-01 3.976601e-01 6.700000e-02 5.515000e-01 -3.633704e-01 3.975892e-01
6.800000e-02 5.505000e-01 -3.630189e-01 3.977299e-01 6.750000e-02 5.510000e-01 -3.631952e-01 3.976601e-01
-6.690000e-01 5.515000e-01 -2.301013e-01 4.049477e-01 -6.685000e-01 5.520000e-01 -2.298919e-01 4.048767e-01
-6.685000e-01 5.520000e-01 -2.298919e-01 4.048767e-01 -6.680000e-01 5.525000e-01 -2.296835e-01 4.048047e-01
6.700000e-02 5.515000e-01 -3.633704e-01 3.975892e-01 6.700000e-02 5.525000e-01 -3.631353e-01 3.976835e-01
-6.680000e-01 5.525000e-01 -2.296835e-01 4.048047e-01 -6.680000e-01 5.535000e-01 -2.299012e-01 4.048793e-01
6.700000e-02 5.525000e-01 -3.631353e-01 3.976835e-01 6.700000e-02 5.535000e-01 -3.628990e-01 3.977799e-01
-6.680000e-01 5.535000e-01 -2.299012e-01 4.048793e-01 -6.675000e-01 5.540000e-01 -2.296947e-01 4.048082e-01
-6.675000e-01 5.540000e-01 -2.296947e-01 4.048082e-01 -6.670000e-01 5.545000e-01 -2.294891e-01 4.047362e-01
6.650000e-02 5.540000e-01 -3.630709e-01 3.977105e-01 6.600000e-02 5.545000e-01 -3.632416e-01 3.976400e-01
6.700000e-02 5.535000e-01 -3.628990e-01 3.977799e-01 6.650000e-02 5.540000e-01 -3.630709e-01 3.977105e-01
-6.670000e-01 5.545000e-01 -2.294891e-01 4.047362e-01 -6.670000e-01 5.555000e-01 -2.297097e-01 4.048137e-01
6.600000e-02 5.545000e-01 -3.632416e-01 3.976400e-01 6.600000e-02 5.555000e-01 -3.630020e-01 3.977396e-01
-6.670000e-01 5.555000e-01 -2.297097e-01 4.048137e-01 -6.665000e-01 5.560000e-01 -2.295060e-01 4.047426e-01
-6.665000e-01 5.560000e-01 -2.295060e-01 4.047426e-01 -6.660000e-01 5.565000e-01 -2.293032e-01 4.046706e-01
6.550000e-02 5.560000e-01 -3.631706e-01 3.976700e-01 6.500000e-02 5.565000e-01 -3.633379e-01 3.975994e-01
6.600000e-02 5.555000e-01 -3.630020e-01 3.977396e-01 6.550000e-02 5.560000e-01 -3.631706e-01 3.976700e-01
-6.660000e-01 5.565000e-01 -2.293032e-01 4.046706e-01 -6.655000e-01 5.570000e-01 -2.291013e-01 4.045991e-01
-6.655000e-01 5.570000e-01 -2.291013e-01 4.045991e-01 -6.650000e-01 5.575000e-01 -2.289004e-01 4.045266e-01
6.500000e-02 5.565000e-01 -3.633379e-01 3.975994e-01 6.500000e-02 5.575000e-01 -3.630951e-01 3.977022e-01
-6.650000e-01 5.575000e-01 -2.289004e-01 4.045266e-01 -6.650000e-01 5.585000e-01 -2.291258e-01 4.046080e-01
6.450000e-02 5.580000e-01 -3.632603e-01 3.976326e-01 6.400000e-02 5.585000e-01 -3.634243e-01 3.975620e-01
6.500000e-02 5.575000e-01 -3.630951e-01 3.977022e-01 6.450000e-02 5.580000e-01 -3.632603e-01 3.976326e-01
-6.650000e-01 5.585000e-01 -2.291258e-01 4.046080e-01 -6.645000e-01 5.590000e-01 -2.289268e-01 4.045366e-01
-6.645000e-01 5.590000e-01 -2.289268e-01 4.045366e-01 -6.640000e-01 5.595000e-01 -2.287287e-01 4.044642e-01
6.400000e-02 5.585000e-01 -3.634243e-01 3.975620e-01 6.400000e-02 5.595000e-01 -3.631782e-01 3.976679e-01
-6.640000e-01 5.595000e-01 -2.287287e-01 4.044642e-01 -6.635000e-01 5.600000e-01 -2.285316e-01 4.043923e-01
-6.635000e-01 5.600000e-01 -2.285316e-01 4.043923e-01 -6.630000e-01 5.605000e-01 -2.283354e-01 4.043195e-01
6.350000e-02 5.600000e-01 -3.633401e-01 3.975984e-01 6.300000e-02 5.605000e-01 -3.635008e-01 3.975278e-01
6.400000e-02 5.595000e-01 -3.631782e-01 3.976679e-01 6.350000e-02 5.600000e-01 -3.633401e-01 3.975984e-01
-6.630000e-01 5.605000e-01 -2.283354e-01 4.043195e-01 -6.630000e-01 5.615000e-01 -2.285655e-01 4.044050e-01
6.300000e-02 5.605000e-01 -3.635008e-01 3.975278e-01 6.300000e-02 5.615000e-01 -3.632515e-01 3.976369e-01
-6.630000e-01 5.615000e-01 -2.285655e-01 4.044050e-01 -6.625000e-01 5.620000e-01 -2.283712e-01 4.043332e-01
-6.625000e-01 5.620000e-01 -2.283712e-01 4.043332e-01 -6.620000e-01 5.625000e-01 -2.281778e-01 4.042605e-01
6.250000e-02 5.620000e-01 -3.634101e-01 3.975674e-01 6.200000e-02 5.625000e-01 -3.635674e-01 3.974968e-01
6.300000e-02 5.615000e-01 -3.632515e-01 3.976369e-01 6.250000e-02 5.620000e-01 -3.634101e-01 3.975674e-01
-6.620000e-01 5.625000e-01 -2.281778e-01 4.042605e-01 -6.615000e-01 5.630000e-01 -2.279854e-01 4.041883e-01
-6.615000e-01 5.630000e-01 -2.279854e-01 4.041883e-01 -6.610000e-01 5.635000e-01 -2.277940e-01 4.041153e-01
6.200000e-02 5.625000e-01 -3.635674e-01 3.974968e-01 6.200000e-02 5.635000e-01 -3.633148e-01 3.976093e-01
-6.610000e-01 5.635000e-01 -2.277940e-01 4.041153e-01 -6.610000e-01 5.645000e-01 -2.280288e-01 4.042050e-01
6.150000e-02 5.640000e-01 -3.634701e-01 3.975398e-01 6.100000e-02 5.645000e-01 -3.636241e-01 3.974693e-01
6.200000e-02 5.635000e-01 -3.633148e-01 3.976093e-01 6.150000e-02 5.640000e-01 -3.634701e-01 3.975398e-01
-6.610000e-01 5.645000e-01 -2.280288e-01 4.042050e-01 -6.605000e-01 5.650000e-01 -2.278391e-01 4.041330e-01
-6.605000e-01 5.650000e-01 -2.278391e-01 4.041330e-01 -6.600000e-01 5.655000e-01 -2.276505e-01 4.040601e-01
6.100000e-02 5.645000e-01 -3.636241e-01 3.974693e-01 6.100000e-02 5.655000e-01 -3.633684e-01 3.975851e-01
-6.600000e-01 5.655000e-01 -2.276505e-01 4.040601e-01 -6.595000e-01 5.660000e-01 -2.274628e-01 4.039878e-01
-6.595000e-01 5.660000e-01 -2.274628e-01 4.039878e-01 -6.590000e-01 5.665000e-01 -2.272762e-01 4.039146e-01
6.100000e-02 5.655000e-01 -3.633684e-01 3.975851e-01 6.100000e-02 5.665000e-01 -3.631117e-01 3.977031e-01
-6.590000e-01 5.665000e-01 -2.272762e-01 4.039146e-01 -6.590000e-01 5.675000e-01 -2.275155e-01 4.040087e-01
6.050000e-02 5.670000e-01 -3.632625e-01 3.976343e-01 6.000000e-02 5.675000e-01 -3.634121e-01 3.975644e-01
6.100000e-02 5.665000e-01 -3.631117e-01 3.977031e-01 6.050000e-02 5.670000e-01 -3.632625e-01 3.976343e-01
-6.590000e-01 5.675000e-01 -2.275155e-01 4.040087e-01 -6.585000e-01 5.680000e-01 -2.273306e-01 4.039366e-01
-6.585000e-01 5.680000e-01 -2.273306e-01 4.039366e-01 -6.580000e-01 5.685000e-01 -2.271468e-01 4.038636e-01
6.000000e-02 5.675000e-01 -3.634121e-01 3.975644e-01 6.000000e-02 5.685000e-01 -3.631523e-01 3.976858e-01
-6.580000e-01 5.685000e-01 -2.271468e-01 4.038636e-01 -6.575000e-01 5.690000e-01 -2.269638e-01 4.037913e-01
-6.575000e-01 5.690000e-01 -2.269638e-01 4.037913e-01 -6.570000e-01 5.695000e-01 -2.267819e-01 4.037180e-01
5.950000e-02 5.690000e-01 -3.632998e-01 3.976172e-01 5.900000e-02 5.695000e-01 -3.634460e-01 3.975475e-01
6.000000e-02 5.685000e-01 -3.631523e-01 3.976858e-01 5.950000e-02 5.690000e-01 -3.632998e-01 3.976172e-01
-6.570000e-01 5.695000e-01 -2.267819e-01 4.037180e-01 -6.565000e-01 5.700000e-01 -2.266009e-01 4.036453e-01
-6.565000e-01 5.700000e-01 -2.266009e-01 4.036453e-01 -6.560000e-01 5.705000e-01 -2.264209e-01 4.035718e-01
5.900000e-02 5.695000e-01 -3.634460e-01 3.975475e-01 5.900000e-02 5.705000e-01 -3.631831e-01 3.976722e-01
-6.560000e-01 5.705000e-01 -2.264209e-01 4.035718e-01 -6.560000e-01 5.715000e-01 -2.266666e-01 4.036715e-01
5.850000e-02 5.710000e-01 -3.633273e-01 3.976038e-01 5.800000e-02 5.715000e-01 -3.634701e-01 3.975343e-01
5.900000e-02 5.705000e-01 -3.631831e-01 3.976722e-01 5.850000e-02 5.710000e-01 -3.633273e-01 3.976038e-01
-6.560000e-01 5.715000e-01 -2.266666e-01 4.036715e-01 -6.555000e-01 5.720000e-01 -2.264884e-01 4.035992e-01
-6.555000e-01 5.720000e-01 -2.264884e-01 4.035992e-01 -6.550000e-01 5.725000e-01 -2.263112e-01 4.035260e-01
5.800000e-02 5.715000e-01 -3.634701e-01 3.975343e-01 5.800000e-02 5.725000e-01 -3.632042e-01 3.976625e-01
-6.550000e-01 5.725000e-01 -2.263112e-01 4.035260e-01 -6.545000e-01 5.730000e-01 -2.261349e-01 4.034534e-01
-6.545000e-01 5.730000e-01 -2.261349e-01 4.034534e-01 -6.540000e-01 5.735000e-01 -2.259598e-01 4.033799e-01
5.800000e-02 5.725000e-01 -3.632042e-01 3.976625e-01 5.800000e-02 5.735000e-01 -3.629373e-01 3.977929e-01
-6.540000e-01 5.735000e-01 -2.259598e-01 4.033799e-01 -6.540000e-01 5.745000e-01 -2.262099e-01 4.034843e-01
5.750000e-02 5.740000e-01 -3.630771e-01 3.977252e-01 5.700000e-02 5.745000e-01 -3.632156e-01 3.976566e-01
5.800000e-02 5.735000e-01 -3.629373e-01 3.977929e-01 5.750000e-02 5.740000e-01 -3.630771e-01 3.977252e-01
-6.540000e-01 5.745000e-01 -2.262099e-01 4.034843e-01 -6.535000e-01 5.750000e-01 -2.260364e-01 4.034122e-01
-6.535000e-01 5.750000e-01 -2.260364e-01 4.034122e-01 -6.530000e-01 5.755000e-01 -2.258641e-01 4.033391e-01
5.700000e-02 5.745000e-01 -3.632156e-01 3.976566e-01 5.700000e-02 5.755000e-01 -3.629457e-01 3.977905e-01
-6.530000e-01 5.755000e-01 -2.258641e-01 4.033391e-01 -6.525000e-01 5.760000e-01 -2.256926e-01 4.032667e-01
-6.525000e-01 5.760000e-01 -2.256926e-01 4.032667e-01 -6.520000e-01 5.765000e-01 -2.255222e-01 4.031934e-01
5.650000e-02 5.760000e-01 -3.630822e-01 3.977231e-01 5.600000e-02 5.765000e-01 -3.632173e-01 3.976547e-01
5.700000e-02 5.755000e-01 -3.629457e-01 3.977905e-01 5.650000e-02 5.760000e-01 -3.630822e-01 3.977231e-01
-6.520000e-01 5.765000e-01 -2.255222e-01 4.031934e-01 -6.520000e-01 5.775000e-01 -2.257766e-01 4.033026e-01
5.600000e-02 5.765000e-01 -3.632173e-01 3.976547e-01 5.600000e-02 5.775000e-01 -3.629445e-01 3.977921e-01
-6.520000e-01 5.775000e-01 -2.257766e-01 4.033026e-01 -6.515000e-01 5.780000e-01 -2.256079e-01 4.032307e-01
-6.515000e-01 5.780000e-01 -2.256079e-01 4.032307e-01 -6.510000e-01 5.785000e-01 -2.254404e-01 4.031579e-01
5.550000e-02 5.780000e-01 -3.630776e-01 3.977251e-01 5.500000e-02 5.785000e-01 -3.632094e-01 3.976570e-01
5.600000e-02 5.775000e-01 -3.629445e-01 3.977921e-01 5.550000e-02 5.780000e-01 -3.630776e-01 3.977251e-01
-6.510000e-01 5.785000e-01 -2.254404e-01 4.031579e-01 -6.505000e-01 5.790000e-01 -2.252737e-01 4.030857e-01
-6.505000e-01 5.790000e-01 -2.252737e-01 4.030857e-01 -6.500000e-01 5.795000e-01 -2.251080e-01 4.030127e-01
5.500000e-02 5.785000e-01 -3.632094e-01 3.976570e-01 5.500000e-02 5.795000e-01 -3.629337e-01 3.977979e-01
-6.500000e-01 5.795000e-01 -2.251080e-01 4.030127e-01 -6.495000e-01 5.800000e-01 -2.249432e-01 4.029404e-01
-6.495000e-01 5.800000e-01 -2.249432e-01 4.029404e-01 -6.490000e-01 5.805000e-01 -2.247796e-01 4.028673e-01
5.500000e-02 5.795000e-01 -3.629337e-01 3.977979e-01 5.500000e-02 5.805000e-01 -3.626571e-01 3.979411e-01
-6.490000e-01 5.805000e-01 -2.247796e-01 4.028673e-01 -6.490000e-01 5.815000e-01 -2.250401e-01 4.029828e-01
5.450000e-02 5.810000e-01 -3.627859e-01 3.978750e-01 5.400000e-02 5.815000e-01 -3.629133e-01 3.978080e-01
5.500000e-02 5.805000e-01 -3.626571e-01 3.979411e-01 5.450000e-02 5.810000e-01 -3.627859e-01 3.978750e-01
-6.490000e-01 5.815000e-01 -2.250401e-01 4.029828e-01 -6.485000e-01 5.820000e-01 -2.248781e-01 4.029111e-01
-6.485000e-01 5.820000e-01 -2.248781e-01 4.029111e-01 -6.480000e-01 5.825000e-01 -2.247173e-01 4.028385e-01
5.400000e-02 5.815000e-01 -3.629133e-01 3.978080e-01 5.400000e-02 5.825000e-01 -3.626338e-01 3.979547e-01
-6.480000e-01 5.825000e-01 -2.247173e-01 4.028385e-01 -6.475000e-01 5.830000e-01 -2.245573e-01 4.027666e-01
-6.475000e-01 5.830000e-01 -2.245573e-01 4.027666e-01 -6.470000e-01 5.835000e-01 -2.243984e-01 4.026938e-01
5.350000e-02 5.830000e-01 -3.627593e-01 3.978890e-01 5.300000e-02 5.835000e-01 -3.628834e-01 3.978223e-01
5.400000e-02 5.825000e-01 -3.626338e-01 3.979547e-01 5.350000e-02 5.830000e-01 -3.627593e-01 3.978890e-01
-6.470000e-01 5.835000e-01 -2.243984e-01 4.026938e-01 -6.470000e-01 5.845000e-01 -2.246632e-01 4.028145e-01
5.300000e-02 5.835000e-01 -3.628834e-01 3.978223e-01 5.300000e-02 5.845000e-01 -3.626011e-01 3.979727e-01
-6.470000e-01 5.845000e-01 -2.246632e-01 4.028145e-01 -6.465000e-01 5.850000e-01 -2.245060e-01 4.027432e-01
-6.465000e-01 5.850000e-01 -2.245060e-01 4.027432e-01 -6.460000e-01 5.855000e-01 -2.243499e-01 4.026711e-01
5.300000e-02 5.845000e-01 -3.626011e-01 3.979727e-01 5.300000e-02 5.855000e-01 -3.623180e-01 3.981253e-01
-6.460000e-01 5.855000e-01 -2.243499e-01 4.026711e-01 -6.455000e-01 5.860000e-01 -2.241947e-01 4.025998e-01
-6.455000e-01 5.860000e-01 -2.241947e-01 4.025998e-01 -6.450000e-01 5.865000e-01 -2.240406e-01 4.025275e-01
5.250000e-02 5.860000e-01 -3.624391e-01 3.980607e-01 5.200000e-02 5.865000e-01 -3.625589e-01 3.979951e-01
5.300000e-02 5.855000e-01 -3.623180e-01 3.981253e-01 5.250000e-02 5.860000e-01 -3.624391e-01 3.980607e-01
-6.450000e-01 5.865000e-01 -2.240406e-01 4.025275e-01 -6.445000e-01 5.870000e-01 -2.238874e-01 4.024561e-01
-6.445000e-01 5.870000e-01 -2.238874e-01 4.024561e-01 -6.440000e-01 5.875000e-01 -2.237353e-01 4.023838e-01
5.200000e-02 5.865000e-01 -3.625589e-01 3.979951e-01 5.200000e-02 5.875000e-01 -3.622730e-01 3.981513e-01
-6.440000e-01 5.875000e-01 -2.237353e-01 4.023838e-01 -6.440000e-01 5.885000e-01 -2.240059e-01 4.025112e-01
5.150000e-02 5.880000e-01 -3.623909e-01 3.980872e-01 5.100000e-02 5.885000e-01 -3.625073e-01 3.980221e-01
5.200000e-02 5.875000e-01 -3.622730e-01 3.981513e-01 5.150000e-02 5.880000e-01 -3.623909e-01 3.980872e-01
-6.440000e-01 5.885000e-01 -2.240059e-01 4.025112e-01 -6.435000e-01 5.890000e-01 -2.238554e-01 4.024405e-01
-6.435000e-01 5.890000e-01 -2.238554e-01 4.024405e-01 -6.430000e-01 5.895000e-01 -2.237061e-01 4.023689e-01
5.100000e-02 5.885000e-01 -3.625073e-01 3.980221e-01 5.100000e-02 5.895000e-01 -3.622187e-01 3.981820e-01
-6.430000e-01 5.895000e-01 -2.237061e-01 4.023689e-01 -6.425000e-01 5.900000e-01 -2.235577e-01 4.022981e-01
-6.425000e-01 5.900000e-01 -2.235577e-01 4.022981e-01 -6.420000e-01 5.905000e-01 -2.234104e-01 4.022264e-01
5.100000e-02 5.895000e-01 -3.622187e-01 3.981820e-01 5.100000e-02 5.905000e-01 -3.619293e-01 3.983441e-01
-6.420000e-01 5.905000e-01 -2.234104e-01 4.022264e-01 -6.420000e-01 5.915000e-01 -2.236849e-01 4.023593e-01
5.050000e-02 5.910000e-01 -3.620429e-01 3.982812e-01 5.000000e-02 5.915000e-01 -3.621551e-01 3.982173e-01
5.100000e-02 5.905000e-01 -3.619293e-01 3.983441e-01 5.050000e-02 5.910000e-01 -3.620429e-01 3.982812e-01
-6.420000e-01 5.915000e-01 -2.236849e-01 4.023593e-01 -6.415000e-01 5.920000e-01 -2.235393e-01 4.022892e-01
-6.415000e-01 5.920000e-01 -2.235393e-01 4.022892e-01 -6.410000e-01 5.925000e-01 -2.233948e-01 4.022184e-01
5.000000e-02 5.915000e-01 -3.621551e-01 3.982173e-01 5.000000e-02 5.925000e-01 -3.618630e-01 3.983831e-01
-6.410000e-01 5.925000e-01 -2.233948e-01 4.022184e-01 -6.405000e-01 5.930000e-01 -2.232511e-01 4.021483e-01
-6.405000e-01 5.930000e-01 -2.232511e-01 4.021483e-01 -6.400000e-01 5.935000e-01 -2.231086e-01 4.020774e-01
4.950000e-02 5.930000e-01 -3.619733e-01 3.983207e-01 4.900000e-02 5.935000e-01 -3.620821e-01 3.982574e-01
5.000000e-02 5.925000e-01 -3.618630e-01 3.983831e-01 4.950000e-02 5.930000e-01 -3.619733e-01 3.983207e-01
-6.400000e-01 5.935000e-01 -2.231086e-01 4.020774e-01 -6.395000e-01 5.940000e-01 -2.229669e-01 4.020074e-01
-6.395000e-01 5.940000e-01 -2.229669e-01 4.020074e-01 -6.390000e-01 5.945000e-01 -2.228264e-01 4.019365e-01
4.900000e-02 5.935000e-01 -3.620821e-01 3.982574e-01 4.900000e-02 5.945000e-01 -3.617874e-01 3.984269e-01
-6.390000e-01 5.945000e-01 -2.228264e-01 4.019365e-01 -6.390000e-01 5.955000e-01 -2.231065e-01 4.020765e-01
4.900000e-02 5.945000e-01 -3.617874e-01 3.984269e-01 4.900000e-02 5.955000e-01 -3.614919e-01 3.985987e-01
-6.390000e-01 5.955000e-01 -2.231065e-01 4.020765e-01 -6.385000e-01 5.960000e-01 -2.229676e-01 4.020073e-01
-6.385000e-01 5.960000e-01 -2.229676e-01 4.020073e-01 -6.380000e-01 5.965000e-01 -2.228299e-01 4.019373e-01
4.850000e-02 5.960000e-01 -3.615980e-01 3.985376e-01 4.800000e-02 5.965000e-01 -3.617027e-01 3.984755e-01
4.900000e-02 5.955000e-01 -3.614919e-01 3.985987e-01 4.850000e-02 5.960000e-01 -3.615980e-01 3.985376e-01
-6.380000e-01 5.965000e-01 -2.228299e-01 4.019373e-01 -6.375000e-01 5.970000e-01 -2.226929e-01 4.018681e-01
-6.375000e-01 5.970000e-01 -2.226929e-01 4.018681e-01 -6.370000e-01 5.975000e-01 -2.225572e-01 4.017981e-01
4.800000e-02 5.965000e-01 -3.617027e-01 3.984755e-01 4.800000e-02 5.975000e-01 -3.614046e-01 3.986511e-01
-6.370000e-01 5.975000e-01 -2.225572e-01 4.017981e-01 -6.370000e-01 5.985000e-01 -2.228411e-01 4.019438e-01
4.800000e-02 5.975000e-01 -3.614046e-01 3.986511e-01 4.800000e-02 5.985000e-01 -3.611059e-01 3.988289e-01
-6.370000e-01 5.985000e-01 -2.228411e-01 4.019438e-01 -6.365000e-01 5.990000e-01 -2.227070e-01 4.018755e-01
-6.365000e-01 5.990000e-01 -2.227070e-01 4.018755e-01 -6.360000e-01 5.995000e-01 -2.225740e-01 4.018065e-01
4.750000e-02 5.990000e-01 -3.612078e-01 3.987691e-01 4.700000e-02 5.995000e-01 -3.613082e-01 3.987085e-01
4.800000e-02 5.985000e-01 -3.611059e-01 3.988289e-01 4.750000e-02 5.990000e-01 -3.612078e-01 3.987691e-01
-6.360000e-01 5.995000e-01 -2.225740e-01 4.018065e-01 -6.355000e-01 6.000000e-01 -2.224419e-01 4.017383e-01
-6.355000e-01 6.000000e-01 -2.224419e-01 4.017383e-01 -6.350000e-01 6.005000e-01 -2.223110e-01 4.016693e-01
4.700000e-02 5.995000e-01 -3.613082e-01 3.987085e-01 4.700000e-02 6.005000e-01 -3.610069e-01 3.988900e-01
-6.350000e-01 6.005000e-01 -2.223110e-01 4.016693e-01 -6.345000e-01 6.010000e-01 -2.221808e-01 4.016012e-01
-6.345000e-01 6.010000e-01 -2.221808e-01 4.016012e-01 -6.340000e-01 6.015000e-01 -2.220519e-01 4.015324e-01
4.650000e-02 6.010000e-01 -3.611056e-01 3.988309e-01 4.600000e-02 6.015000e-01 -3.612028e-01 3.987709e-01
4.700000e-02 6.005000e-01 -3.610069e-01 3.988900e-01 4.650000e-02 6.010000e-01 -3.611056e-01 3.988309e-01
-6.340000e-01 6.015000e-01 -2.220519e-01 4.015324e-01 -6.340000e-01 6.025000e-01 -2.223410e-01 4.016855e-01
4.600000e-02 6.015000e-01 -3.612028e-01 3.987709e-01 4.600000e-02 6.025000e-01 -3.608990e-01 3.989562e-01
-6.340000e-01 6.025000e-01 -2.223410e-01 4.016855e-01 -6.335000e-01 6.030000e-01 -2.222136e-01 4.016184e-01
-6.335000e-01 6.030000e-01 -2.222136e-01 4.016184e-01 -6.330000e-01 6.035000e-01 -2.220875e-01 4.015505e-01
4.600000e-02 6.025000e-01 -3.608990e-01 3.989562e-01 4.600000e-02 6.035000e-01 -3.605946e-01 3.991438e-01
-6.330000e-01 6.035000e-01 -2.220875e-01 4.015505e-01 -6.325000e-01 6.040000e-01 -2.219620e-01 4.014835e-01
-6.325000e-01 6.040000e-01 -2.219620e-01 4.014835e-01 -6.320000e-01 6.045000e-01 -2.218379e-01 4.014158e-01
4.550000e-02 6.040000e-01 -3.606891e-01 3.990862e-01 4.500000e-02 6.045000e-01 -3.607821e-01 3.990277e-01
4.600000e-02 6.035000e-01 -3.605946e-01 3.991438e-01 4.550000e-02 6.040000e-01 -3.606891e-01 3.990862e-01
-6.320000e-01 6.045000e-01 -2.218379e-01 4.014158e-01 -6.320000e-01 6.055000e-01 -2.221306e-01 4.015749e-01
4.500000e-02 6.045000e-01 -3.607821e-01 3.990277e-01 4.500000e-02 6.055000e-01 -3.604753e-01 3.992191e-01
-6.320000e-01 6.055000e-01 -2.221306e-01 4.015749e-01 -6.315000e-01 6.060000e-01 -2.220080e-01 4.015089e-01
-6.315000e-01 6.060000e-01 -2.220080e-01 4.015089e-01 -6.310000e-01 6.065000e-01 -2.218865e-01 4.014422e-01
4.500000e-02 6.055000e-01 -3.604753e-01 3.992191e-01 4.500000e-02 6.065000e-01 -3.601678e-01 3.994127e-01
-6.310000e-01 6.065000e-01 -2.218865e-01 4.014422e-01 -6.305000e-01 6.070000e-01 -2.217659e-01 4.013765e-01
-6.305000e-01 6.070000e-01 -2.217659e-01 4.013765e-01 -6.300000e-01 6.075000e-01 -2.216465e-01 4.013100e-01
4.450000e-02 6.070000e-01 -3.602582e-01 3.993566e-01 4.400000e-02 6.075000e-01 -3.603471e-01 3.992996e-01
4.500000e-02 6.065000e-01 -3.601678e-01 3.994127e-01 4.450000e-02 6.070000e-01 -3.602582e-01 3.993566e-01
-6.300000e-01 6.075000e-01 -2.216465e-01 4.013100e-01 -6.295000e-01 6.080000e-01 -2.215278e-01 4.012444e-01
-6.295000e-01 6.080000e-01 -2.215278e-01 4.012444e-01 -6.290000e-01 6.085000e-01 -2.214104e-01 4.011780e-01
4.400000e-02 6.075000e-01 -3.603471e-01 3.992996e-01 4.400000e-02 6.085000e-01 -3.600372e-01 3.994970e-01
-6.290000e-01 6.085000e-01 -2.214104e-01 4.011780e-01 -6.290000e-01 6.095000e-01 -2.217081e-01 4.013449e-01
4.400000e-02 6.085000e-01 -3.600372e-01 3.994970e-01 4.400000e-02 6.095000e-01 -3.597268e-01 3.996967e-01
-6.290000e-01 6.095000e-01 -2.217081e-01 4.013449e-01 -6.285000e-01 6.100000e-01 -2.215922e-01 4.012805e-01
-6.285000e-01 6.100000e-01 -2.215922e-01 4.012805e-01 -6.280000e-01 6.105000e-01 -2.214775e-01 4.012153e-01
4.350000e-02 6.100000e-01 -3.598131e-01 3.996421e-01 4.300000e-02 6.105000e-01 -3.598979e-01 3.995867e-01
4.400000e-02 6.095000e-01 -3.597268e-01 3.996967e-01 4.350000e-02 6.100000e-01 -3.598131e-01 3.996421e-01
-6.280000e-01 6.105000e-01 -2.214775e-01 4.012153e-01 -6.275000e-01 6.110000e-01 -2.213636e-01 4.011510e-01
-6.275000e-01 6.110000e-01 -2.213636e-01 4.011510e-01 -6.270000e-01 6.115000e-01 -2.212509e-01 4.010861e-01
4.300000e-02 6.105000e-01 -3.598979e-01 3.995867e-01 4.300000e-02 6.115000e-01 -3.595852e-01 3.997903e-01
-6.270000e-01 6.115000e-01 -2.212509e-01 4.010861e-01 -6.265000e-01 6.120000e-01 -2.211390e-01 4.010220e-01
-6.265000e-01 6.120000e-01 -2.211390e-01 4.010220e-01 -6.260000e-01 6.125000e-01 -2.210283e-01 4.009573e-01
4.250000e-02 6.120000e-01 -3.596683e-01 3.997365e-01 4.200000e-02 6.125000e-01 -3.597498e-01 3.996819e-01
4.300000e-02 6.115000e-01 -3.595852e-01 3.997903e-01 4.250000e-02 6.120000e-01 -3.596683e-01 3.997365e-01
-6.260000e-01 6.125000e-01 -2.210283e-01 4.009573e-01 -6.260000e-01 6.135000e-01 -2.213308e-01 4.011322e-01
4.200000e-02 6.125000e-01 -3.597498e-01 3.996819e-01 4.200000e-02 6.135000e-01 -3.594349e-01 3.998893e-01
-6.260000e-01 6.135000e-01 -2.213308e-01 4.011322e-01 -6.255000e-01 6.140000e-01 -2.212216e-01 4.010694e-01
-6.255000e-01 6.140000e-01 -2.212216e-01 4.010694e-01 -6.250000e-01 6.145000e-01 -2.211137e-01 4.010059e-01
4.200000e-02 6.135000e-01 -3.594349e-01 3.998893e-01 4.200000e-02 6.145000e-01 -3.591194e-01 4.000989e-01
-6.250000e-01 6.145000e-01 -2.211137e-01 4.010059e-01 -6.245000e-01 6.150000e-01 -2.210064e-01 4.009433e-01
-6.245000e-01 6.150000e-01 -2.210064e-01 4.009433e-01 -6.240000e-01 6.155000e-01 -2.209005e-01 4.008801e-01
4.150000e-02 6.150000e-01 -3.591984e-01 4.000468e-01 4.100000e-02 6.155000e-01 -3.592759e-01 3.999938e-01
4.200000e-02 6.145000e-01 -3.591194e-01 4.000989e-01 4.150000e-02 6.150000e-01 -3.591984e-01 4.000468e-01
-6.240000e-01 6.155000e-01 -2.209005e-01 4.008801e-01 -6.240000e-01 6.165000e-01 -2.212062e-01 4.010612e-01
4.100000e-02 6.155000e-01 -3.592759e-01 3.999938e-01 4.100000e-02 6.165000e-01 -3.589583e-01 4.002074e-01
-6.240000e-01 6.165000e-01 -2.212062e-01 4.010612e-01 -6.235000e-01 6.170000e-01 -2.211017e-01 4.009999e-01
-6.235000e-01 6.170000e-01 -2.211017e-01 4.009999e-01 -6.230000e-01 6.175000e-01 -2.209984e-01 4.009379e-01
4.100000e-02 6.165000e-01 -3.589583e-01 4.002074e-01 4.100000e-02 6.175000e-01 -3.586400e-01 4.004231e-01
-6.230000e-01 6.175000e-01 -2.209984e-01 4.009379e-01 -6.225000e-01 6.180000e-01 -2.208959e-01 4.008769e-01
-6.225000e-01 6.180000e-01 -2.208959e-01 4.008769e-01 -6.220000e-01 6.185000e-01 -2.207946e-01 4.008153e-01
4.050000e-02 6.180000e-01 -3.587151e-01 4.003727e-01 4.000000e-02 6.185000e-01 -3.587886e-01 4.003215e-01
4.100000e-02 6.175000e-01 -3.586400e-01 4.004231e-01 4.050000e-02 6.180000e-01 -3.587151e-01 4.003727e-01
-6.220000e-01 6.185000e-01 -2.207946e-01 4.008153e-01 -6.215000e-01 6.190000e-01 -2.206941e-01 4.007546e-01
-6.215000e-01 6.190000e-01 -2.206941e-01 4.007546e-01 -6.210000e-01 6.195000e-01 -2.205949e-01 4.006932e-01
4.000000e-02 6.185000e-01 -3.587886e-01 4.003215e-01 4.000000e-02 6.195000e-01 -3.584683e-01 4.005411e-01
-6.210000e-01 6.195000e-01 -2.205949e-01 4.006932e-01 -6.210000e-01 6.205000e-01 -2.209051e-01 4.008827e-01
4.000000e-02 6.195000e-01 -3.584683e-01 4.005411e-01 4.000000e-02 6.205000e-01 -3.581474e-01 4.007629e-01
-6.210000e-01 6.205000e-01 -2.209051e-01 4.008827e-01 -6.205000e-01 6.210000e-01 -2.208072e-01 4.008233e-01
-6.205000e-01 6.210000e-01 -2.208072e-01 4.008233e-01 -6.200000e-01 6.215000e-01 -2.207106e-01 4.007633e-01
3.950000e-02 6.210000e-01 -3.582185e-01 4.007143e-01 3.900000e-02 6.215000e-01 -3.582881e-01 4.006648e-01
4.000000e-02 6.205000e-01 -3.581474e-01 4.007629e-01 3.950000e-02 6.210000e-01 -3.582185e-01 4.007143e-01
-6.200000e-01 6.215000e-01 -2.207106e-01 4.007633e-01 -6.195000e-01 6.220000e-01 -2.206147e-01 4.007043e-01
-6.195000e-01 6.220000e-01 -2.206147e-01 4.007043e-01 -6.190000e-01 6.225000e-01 -2.205202e-01 4.006447e-01
3.900000e-02 6.215000e-01 -3.582881e-01 4.006648e-01 3.900000e-02 6.225000e-01 -3.579651e-01 4.008906e-01
-6.190000e-01 6.225000e-01 -2.205202e-01 4.006447e-01 -6.190000e-01 6.235000e-01 -2.208333e-01 4.008406e-01
3.900000e-02 6.225000e-01 -3.579651e-01 4.008906e-01 3.900000e-02 6.235000e-01 -3.576417e-01 4.011185e-01
-6.190000e-01 6.235000e-01 -2.208333e-01 4.008406e-01 -6.185000e-01 6.240000e-01 -2.207401e-01 4.007830e-01
-6.185000e-01 6.240000e-01 -2.207401e-01 4.007830e-01 -6.180000e-01 6.245000e-01 -2.206482e-01 4.007247e-01
3.850000e-02 6.240000e-01 -3.577089e-01 4.010716e-01 3.800000e-02 6.245000e-01 -3.577745e-01 4.010240e-01
3.900000e-02 6.235000e-01 -3.576417e-01 4.011185e-01 3.850000e-02 6.240000e-01 -3.577089e-01 4.010716e-01
-6.180000e-01 6.245000e-01 -2.206482e-01 4.007247e-01 -6.175000e-01 6.250000e-01 -2.205569e-01 4.006675e-01
-6.175000e-01 6.250000e-01 -2.205569e-01 4.006675e-01 -6.170000e-01 6.255000e-01 -2.204670e-01 4.006096e-01
3.800000e-02 6.245000e-01 -3.577745e-01 4.010240e-01 3.800000e-02 6.255000e-01 -3.574491e-01 4.012559e-01
-6.170000e-01 6.255000e-01 -2.204670e-01 4.006096e-01 -6.165000e-01 6.260000e-01 -2.203778e-01 4.005528e-01
-6.165000e-01 6.260000e-01 -2.203778e-01 4.005528e-01 -6.160000e-01 6.265000e-01 -2.202898e-01 4.004953e-01
3.800000e-02 6.255000e-01 -3.574491e-01 4.012559e-01 3.800000e-02 6.265000e-01 -3.571233e-01 4.014899e-01
-6.160000e-01 6.265000e-01 -2.202898e-01 4.004953e-01 -6.160000e-01 6.275000e-01 -2.206072e-01 4.006998e-01
3.750000e-02 6.270000e-01 -3.571866e-01 4.014449e-01 3.700000e-02 6.275000e-01 -3.572484e-01 4.013991e-01
3.800000e-02 6.265000e-01 -3.571233e-01 4.014899e-01 3.750000e-02 6.270000e-01 -3.571866e-01 4.014449e-01
-6.160000e-01 6.275000e-01 -2.206072e-01 4.006998e-01 -6.155000e-01 6.280000e-01 -2.205205e-01 4.006444e-01
-6.155000e-01 6.280000e-01 -2.205205e-01 4.006444e-01 -6.150000e-01 6.285000e-01 -2.204352e-01 4.005884e-01
3.700000e-02 6.275000e-01 -3.572484e-01 4.013991e-01 3.700000e-02 6.285000e-01 -3.569205e-01 4.016371e-01
-6.150000e-01 6.285000e-01 -2.204352e-01 4.005884e-01 -6.145000e-01 6.290000e-01 -2.203505e-01 4.005335e-01
-6.145000e-01 6.290000e-01 -2.203505e-01 4.005335e-01 -6.140000e-01 6.295000e-01 -2.202672e-01 4.004779e-01
3.700000e-02 6.285000e-01 -3.569205e-01 4.016371e-01 3.700000e-02 6.295000e-01 -3.565924e-01 4.018773e-01
-6.140000e-01 6.295000e-01 -2.202672e-01 4.004779e-01 -6.140000e-01 6.305000e-01 -2.205874e-01 4.006890e-01
3.650000e-02 6.300000e-01 -3.566518e-01 4.018342e-01 3.600000e-02 6.305000e-01 -3.567097e-01 4.017903e-01
3.700000e-02 6.295000e-01 -3.565924e-01 4.018773e-01 3.650000e-02 6.300000e-01 -3.566518e-01 4.018342e-01
-6.140000e-01 6.305000e-01 -2.205874e-01 4.006890e-01 -6.135000e-01 6.310000e-01 -2.205052e-01 4.006355e-01
-6.135000e-01 6.310000e-01 -2.205052e-01 4.006355e-01 -6.130000e-01 6.315000e-01 -2.204246e-01 4.005815e-01
3.600000e-02 6.305000e-01 -3.567097e-01 4.017903e-01 3.600000e-02 6.315000e-01 -3.563796e-01 4.020344e-01
-6.130000e-01 6.315000e-01 -2.204246e-01 4.005815e-01 -6.125000e-01 6.320000e-01 -2.203444e-01 4.005285e-01
-6.125000e-01 6.320000e-01 -2.203444e-01 4.005285e-01 -6.120000e-01 6.325000e-01 -2.202657e-01 4.004749e-01
3.600000e-02 6.315000e-01 -3.563796e-01 4.020344e-01 3.600000e-02 6.325000e-01 -3.560491e-01 4.022807e-01
-6.120000e-01 6.325000e-01 -2.202657e-01 4.004749e-01 -6.120000e-01 6.335000e-01 -2.205885e-01 4.006927e-01
3.600000e-02 6.325000e-01 -3.560491e-01 4.022807e-01 3.600000e-02 6.335000e-01 -3.557183e-01 4.025291e-01
-6.120000e-01 6.335000e-01 -2.205885e-01 4.006927e-01 -6.115000e-01 6.340000e-01 -2.205109e-01 4.006413e-01
-6.115000e-01 6.340000e-01 -2.205109e-01 4.006413e-01 -6.110000e-01 6.345000e-01 -2.204348e-01 4.005892e-01
3.550000e-02 6.340000e-01 -3.557733e-01 4.024888e-01 3.500000e-02 6.345000e-01 -3.558266e-01 4.024478e-01
3.600000e-02 6.335000e-01 -3.557183e-01 4.025291e-01 3.550000e-02 6.340000e-01 -3.557733e-01 4.024888e-01
-6.110000e-01 6.345000e-01 -2.204348e-01 4.005892e-01 -6.105000e-01 6.350000e-01 -2.203592e-01 4.005383e-01
-6.105000e-01 6.350000e-01 -2.203592e-01 4.005383e-01 -6.100000e-01 6.355000e-01 -2.202850e-01 4.004868e-01
3.500000e-02 6.345000e-01 -3.558266e-01 4.024478e-01 3.500000e-02 6.355000e-01 -3.554939e-01 4.027002e-01
-6.100000e-01 6.355000e-01 -2.202850e-01 4.004868e-01 -6.095000e-01 6.360000e-01 -2.202115e-01 4.004364e-01
-6.095000e-01 6.360000e-01 -2.202115e-01 4.004364e-01 -6.090000e-01 6.365000e-01 -2.201393e-01 4.003854e-01
3.500000e-02 6.355000e-01 -3.554939e-01 4.027002e-01 3.500000e-02 6.365000e-01 -3.551610e-01 4.029548e-01
-6.090000e-01 6.365000e-01 -2.201393e-01 4.003854e-01 -6.090000e-01 6.375000e-01 -2.204657e-01 4.006121e-01
3.450000e-02 6.370000e-01 -3.552122e-01 4.029164e-01 3.400000e-02 6.375000e-01 -3.552618e-01 4.028774e-01
3.500000e-02 6.365000e-01 -3.551610e-01 4.029548e-01 3.450000e-02 6.370000e-01 -3.552122e-01 4.029164e-01
-6.090000e-01 6.375000e-01 -2.204657e-01 4.006121e-01 -6.085000e-01 6.380000e-01 -2.203946e-01 4.005633e-01
-6.085000e-01 6.380000e-01 -2.203946e-01 4.005633e-01 -6.080000e-01 6.385000e-01 -2.203250e-01 4.005139e-01
3.400000e-02 6.375000e-01 -3.552618e-01 4.028774e-01 3.400000e-02 6.385000e-01 -3.549270e-01 4.031359e-01
-6.080000e-01 6.385000e-01 -2.203250e-01 4.005139e-01 -6.075000e-01 6.390000e-01 -2.202559e-01 4.004657e-01
-6.075000e-01 6.390000e-01 -2.202559e-01 4.004657e-01 -6.070000e-01 6.395000e-01 -2.201882e-01 4.004169e-01
3.400000e-02 6.385000e-01 -3.549270e-01 4.031359e-01 3.400000e-02 6.395000e-01 -3.545919e-01 4.033966e-01
-6.070000e-01 6.395000e-01 -2.201882e-01 4.004169e-01 -6.070000e-01 6.405000e-01 -2.205170e-01 4.006503e-01
3.350000e-02 6.400000e-01 -3.546395e-01 4.033603e-01 3.300000e-02 6.405000e-01 -3.546854e-01 4.033233e-01
3.400000e-02 6.395000e-01 -3.545919e-01 4.033966e-01 3.350000e-02 6.400000e-01 -3.546395e-01 4.033603e-01
-6.070000e-01 6.405000e-01 -2.205170e-01 4.006503e-01 -6.065000e-01 6.410000e-01 -2.204504e-01 4.006037e-01
-6.065000e-01 6.410000e-01 -2.204504e-01 4.006037e-01 -6.060000e-01 6.415000e-01 -2.203852e-01 4.005566e-01
3.300000e-02 6.405000e-01 -3.546854e-01 4.033233e-01 3.300000e-02 6.415000e-01 -3.543486e-01 4.035879e-01
-6.060000e-01 6.415000e-01 -2.203852e-01 4.005566e-01 -6.055000e-01 6.420000e-01 -2.203206e-01 4.005106e-01
-6.055000e-01 6.420000e-01 -2.203206e-01 4.005106e-01 -6.050000e-01 6.425000e-01 -2.202574e-01 4.004641e-01
3.300000e-02 6.415000e-01 -3.543486e-01 4.035879e-01 3.300000e-02 6.425000e-01 -3.540116e-01 4.038546e-01
-6.050000e-01 6.425000e-01 -2.202574e-01 4.004641e-01 -6.050000e-01 6.435000e-01 -2.205885e-01 4.007043e-01
3.300000e-02 6.425000e-01 -3.540116e-01 4.038546e-01 3.300000e-02 6.435000e-01 -3.536742e-01 4.041235e-01
-6.050000e-01 6.435000e-01 -2.205885e-01 4.007043e-01 -6.045000e-01 6.440000e-01 -2.205263e-01 4.006600e-01
-6.045000e-01 6.440000e-01 -2.205263e-01 4.006600e-01 -6.040000e-01 6.445000e-01 -2.204656e-01 4.006152e-01
3.250000e-02 6.440000e-01 -3.537174e-01 4.040902e-01 3.200000e-02 6.445000e-01 -3.537590e-01 4.040562e-01
3.300000e-02 6.435000e-01 -3.536742e-01 4.041235e-01 3.250000e-02 6.440000e-01 -3.537174e-01 4.040902e-01
-6.040000e-01 6.445000e-01 -2.204656e-01 4.006152e-01 -6.035000e-01 6.450000e-01 -2.204054e-01 4.005715e-01
-6.035000e-01 6.450000e-01 -2.204054e-01 4.005715e-01 -6.030000e-01 6.455000e-01 -2.203466e-01 4.005273e-01
3.200000e-02 6.445000e-01 -3.537590e-01 4.040562e-01 3.200000e-02 6.455000e-01 -3.534201e-01 4.043290e-01
-6.030000e-01 6.455000e-01 -2.203466e-01 4.005273e-01 -6.030000e-01 6.465000e-01 -2.206799e-01 4.007744e-01
3.200000e-02 6.455000e-01 -3.534201e-01 4.043290e-01 3.200000e-02 6.465000e-01 -3.530809e-01 4.046039e-01
-6.030000e-01 6.465000e-01 -2.206799e-01 4.007744e-01 -6.025000e-01 6.470000e-01 -2.206221e-01 4.007325e-01
-6.025000e-01 6.470000e-01 -2.206221e-01 4.007325e-01 -6.020000e-01 6.475000e-01 -2.205658e-01 4.006901e-01
3.150000e-02 6.470000e-01 -3.531205e-01 4.045727e-01 3.100000e-02 6.475000e-01 -3.531584e-01 4.045409e-01
3.200000e-02 6.465000e-01 -3.530809e-01 4.046039e-01 3.150000e-02 6.470000e-01 -3.531205e-01 4.045727e-01
-6.020000e-01 6.475000e-01 -2.205658e-01 4.006901e-01 -6.015000e-01 6.480000e-01 -2.205100e-01 4.006488e-01
-6.015000e-01 6.480000e-01 -2.205100e-01 4.006488e-01 -6.010000e-01 6.485000e-01 -2.204556e-01 4.006070e-01
3.100000e-02 6.475000e-01 -3.531584e-01 4.045409e-01 3.100000e-02 6.485000e-01 -3.528177e-01 4.048198e-01
-6.010000e-01 6.485000e-01 -2.204556e-01 4.006070e-01 -6.010000e-01 6.495000e-01 -2.207910e-01 4.008610e-01
3.100000e-02 6.485000e-01 -3.528177e-01 4.048198e-01 3.100000e-02 6.495000e-01 -3.524767e-01 4.051008e-01
-6.010000e-01 6.495000e-01 -2.207910e-01 4.008610e-01 -6.005000e-01 6.500000e-01 -2.207376e-01 4.008215e-01
-6.005000e-01 6.500000e-01 -2.207376e-01 4.008215e-01 -6.000000e-01 6.505000e-01 -2.206856e-01 4.007816e-01
3.050000e-02 6.500000e-01 -3.525128e-01 4.050717e-01 3.000000e-02 6.505000e-01 -3.525472e-01 4.050420e-01
3.100000e-02 6.495000e-01 -3.524767e-01 4.051008e-01 3.050000e-02 6.500000e-01 -3.525128e-01 4.050717e-01
-6.000000e-01 6.505000e-01 -2.206856e-01 4.007816e-01 -5.995000e-01 6.510000e-01 -2.206342e-01 4.007427e-01
-5.995000e-01 6.510000e-01 -2.206342e-01 4.007427e-01 -5.990000e-01 6.515000e-01 -2.205842e-01 4.007034e-01
3.000000e-02 6.505000e-01 -3.525472e-01 4.050420e-01 3.000000e-02 6.515000e-01 -3.522047e-01 4.053270e-01
-5.990000e-01 6.515000e-01 -2.205842e-01 4.007034e-01 -5.990000e-01 6.525000e-01 -2.209214e-01 4.009644e-01
3.000000e-02 6.515000e-01 -3.522047e-01 4.053270e-01 3.000000e-02 6.525000e-01 -3.518621e-01 4.056140e-01
-5.990000e-01 6.525000e-01 -2.209214e-01 4.009644e-01 -5.985000e-01 6.530000e-01 -2.208723e-01 4.009274e-01
-5.985000e-01 6.530000e-01 -2.208723e-01 4.009274e-01 -5.980000e-01 6.535000e-01 -2.208247e-01 4.008900e-01
3.000000e-02 6.525000e-01 -3.518621e-01 4.056140e-01 3.000000e-02 6.535000e-01 -3.515192e-01 4.059032e-01
-5.980000e-01 6.535000e-01 -2.208247e-01 4.008900e-01 -5.975000e-01 6.540000e-01 -2.207776e-01 4.008537e-01
-5.975000e-01 6.540000e-01 -2.207776e-01 4.008537e-01 -5.970000e-01 6.545000e-01 -2.207319e-01 4.008170e-01
2.950000e-02 6.540000e-01 -3.515512e-01 4.058772e-01 2.900000e-02 6.545000e-01 -3.515815e-01 4.058507e-01
3.000000e-02 6.535000e-01 -3.515192e-01 4.059032e-01 2.950000e-02 6.540000e-01 -3.515512e-01 4.058772e-01
-5.970000e-01 6.545000e-01 -2.207319e-01 4.008170e-01 -5.970000e-01 6.555000e-01 -2.210710e-01 4.010849e-01
2.900000e-02 6.545000e-01 -3.515815e-01 4.058507e-01 2.900000e-02 6.555000e-01 -3.512372e-01 4.061438e-01
-5.970000e-01 6.555000e-01 -2.210710e-01 4.010849e-01 -5.965000e-01 6.560000e-01 -2.210262e-01 4.010505e-01
-5.965000e-01 6.560000e-01 -2.210262e-01 4.010505e-01 -5.960000e-01 6.565000e-01 -2.209828e-01 4.010156e-01
2.900000e-02 6.555000e-01 -3.512372e-01 4.061438e-01 2.900000e-02 6.565000e-01 -3.508928e-01 4.064389e-01
-5.960000e-01 6.565000e-01 -2.209828e-01 4.010156e-01 -5.955000e-01 6.570000e-01 -2.209400e-01 4.009820e-01
-5.955000e-01 6.570000e-01 -2.209400e-01 4.009820e-01 -5.950000e-01 6.575000e-01 -2.208986e-01 4.009478e-01
2.850000e-02 6.570000e-01 -3.509212e-01 4.064152e-01 2.800000e-02 6.575000e-01 -3.509481e-01 4.063909e-01
2.900000e-02 6.565000e-01 -3.508928e-01 4.064389e-01 2.850000e-02 6.570000e-01 -3.509212e-01 4.064152e-01
-5.950000e-01 6.575000e-01 -2.208986e-01 4.009478e-01 -5.950000e-01 6.585000e-01 -2.212394e-01 4.012227e-01
2.800000e-02 6.575000e-01 -3.509481e-01 4.063909e-01 2.800000e-02 6.585000e-01 -3.506023e-01 4.066900e-01
-5.950000e-01 6.585000e-01 -2.212394e-01 4.012227e-01 -5.945000e-01 6.590000e-01 -2.211988e-01 4.011910e-01
-5.945000e-01 6.590000e-01 -2.211988e-01 4.011910e-01 -5.940000e-01 6.595000e-01 -2.211597e-01 4.011588e-01
2.800000e-02 6.585000e-01 -3.506023e-01 4.066900e-01 2.800000e-02 6.595000e-01 -3.502564e-01 4.069912e-01
-5.940000e-01 6.595000e-01 -2.211597e-01 4.011588e-01 -5.935000e-01 6.600000e-01 -2.211211e-01 4.011278e-01
-5.935000e-01 6.600000e-01 -2.211211e-01 4.011278e-01 -5.930000e-01 6.605000e-01 -2.210839e-01 4.010964e-01
2.800000e-02 6.595000e-01 -3.502564e-01 4.069912e-01 2.800000e-02 6.605000e-01 -3.499103e-01 4.072943e-01
-5.930000e-01 6.605000e-01 -2.210839e-01 4.010964e-01 -5.930000e-01 6.615000e-01 -2.214263e-01 4.013784e-01
2.750000e-02 6.610000e-01 -3.499348e-01 4.072739e-01 2.700000e-02 6.615000e-01 -3.499578e-01 4.072528e-01
2.800000e-02 6.605000e-01 -3.499103e-01 4.072943e-01 2.750000e-02 6.610000e-01 -3.499348e-01 4.072739e-01
-5.930000e-01 6.615000e-01 -2.214263e-01 4.013784e-01 -5.925000e-01 6.620000e-01 -2.213899e-01 4.013493e-01
-5.925000e-01 6.620000e-01 -2.213899e-01 4.013493e-01 -5.920000e-01 6.625000e-01 -2.213551e-01 4.013198e-01
2.700000e-02 6.615000e-01 -3.499578e-01 4.072528e-01 2.700000e-02 6.625000e-01 -3.496104e-01 4.075600e-01
-5.920000e-01 6.625000e-01 -2.213551e-01 4.013198e-01 -5.915000e-01 6.630000e-01 -2.213206e-01 4.012916e-01
-5.915000e-01 6.630000e-01 -2.213206e-01 4.012916e-01 -5.910000e-01 6.635000e-01 -2.212876e-01 4.012629e-01
2.700000e-02 6.625000e-01 -3.496104e-01 4.075600e-01 2.700000e-02 6.635000e-01 -3.492629e-01 4.078691e-01
-5.910000e-01 6.635000e-01 -2.212876e-01 4.012629e-01 -5.910000e-01 6.645000e-01 -2.216315e-01 4.015518e-01
2.650000e-02 6.640000e-01 -3.492842e-01 4.078509e-01 2.600000e-02 6.645000e-01 -3.493037e-01 4.078322e-01
2.700000e-02 6.635000e-01 -3.492629e-01 4.078691e-01 2.650000e-02 6.640000e-01 -3.492842e-01 4.078509e-01
-5.910000e-01 6.645000e-01 -2.216315e-01 4.015518e-01 -5.905000e-01 6.650000e-01 -2.215993e-01 4.015256e-01
-5.905000e-01 6.650000e-01 -2.215993e-01 4.015256e-01 -5.900000e-01 6.655000e-01 -2.215686e-01 4.014989e-01
2.600000e-02 6.645000e-01 -3.493037e-01 4.078322e-01 2.600000e-02 6.655000e-01 -3.489551e-01 4.081453e-01
-5.900000e-01 6.655000e-01 -2.215686e-01 4.014989e-01 -5.895000e-01 6.660000e-01 -2.215382e-01 4.014735e-01
-5.895000e-01 6.660000e-01 -2.215382e-01 4.014735e-01 -5.890000e-01 6.665000e-01 -2.215093e-01 4.014476e-01
2.600000e-02 6.655000e-01 -3.489551e-01 4.081453e-01 2.600000e-02 6.665000e-01 -3.486063e-01 4.084605e-01
-5.890000e-01 6.665000e-01 -2.215093e-01 4.014476e-01 -5.890000e-01 6.675000e-01 -2.218546e-01 4.017436e-01
2.600000e-02 6.665000e-01 -3.486063e-01 4.084605e-01 2.600000e-02 6.675000e-01 -3.482574e-01 4.087776e-01
-5.890000e-01 6.675000e-01 -2.218546e-01 4.017436e-01 -5.885000e-01 6.680000e-01 -2.218265e-01 4.017202e-01
-5.885000e-01 6.680000e-01 -2.218265e-01 4.017202e-01 -5.880000e-01 6.685000e-01 -2.217999e-01 4.016964e-01
2.550000e-02 6.680000e-01 -3.482748e-01 4.087627e-01 2.500000e-02 6.685000e-01 -3.482906e-01 4.087473e-01
2.600000e-02 6.675000e-01 -3.482574e-01 4.087776e-01 2.550000e-02 6.680000e-01 -3.482748e-01 4.087627e-01
-5.880000e-01 6.685000e-01 -2.217999e-01 4.016964e-01 -5.880000e-01 6.695000e-01 -2.221458e-01 4.019971e-01
2.500000e-02 6.685000e-01 -3.482906e-01 4.087473e-01 2.500000e-02 6.695000e-01 -3.479406e-01 4.090684e-01
-5.880000e-01 6.695000e-01 -2.221458e-01 4.019971e-01 -5.875000e-01 6.700000e-01 -2.221199e-01 4.019757e-01
-5.875000e-01 6.700000e-01 -2.221199e-01 4.019757e-01 -5.870000e-01 6.705000e-01 -2.220954e-01 4.019540e-01
2.500000e-02 6.695000e-01 -3.479406e-01 4.090684e-01 2.500000e-02 6.705000e-01 -3.475905e-01 4.093915e-01
-5.870000e-01 6.705000e-01 -2.220954e-01 4.019540e-01 -5.865000e-01 6.710000e-01 -2.220714e-01 4.019334e-01
-5.865000e-01 6.710000e-01 -2.220714e-01 4.019334e-01 -5.860000e-01 6.715000e-01 -2.220488e-01 4.019125e-01
2.500000e-02 6.705000e-01 -3.475905e-01 4.093915e-01 2.500000e-02 6.715000e-01 -3.472404e-01 4.097166e-01
-5.860000e-01 6.715000e-01 -2.220488e-01 4.019125e-01 -5.860000e-01 6.725000e-01 -2.223959e-01 4.022203e-01
2.450000e-02 6.720000e-01 -3.472541e-01 4.097050e-01 2.400000e-02 6.725000e-01 -3.472662e-01 4.096929e-01
2.500000e-02 6.715000e-01 -3.472404e-01 4.097166e-01 2.450000e-02 6.720000e-01 -3.472541e-01 4.097050e-01
-5.860000e-01 6.725000e-01 -2.223959e-01 4.022203e-01 -5.855000e-01 6.730000e-01 -2.223740e-01 4.022018e-01
-5.855000e-01 6.730000e-01 -2.223740e-01 4.022018e-01 -5.850000e-01 6.735000e-01 -2.223536e-01 4.021830e-01
2.400000e-02 6.725000e-01 -3.472662e-01 4.096929e-01 2.400000e-02 6.735000e-01 -3.469150e-01 4.100220e-01
-5.850000e-01 6.735000e-01 -2.223536e-01 4.021830e-01 -5.845000e-01 6.740000e-01 -2.223335e-01 4.021654e-01
-5.845000e-01 6.740000e-01 -2.223335e-01 4.021654e-01 -5.840000e-01 6.745000e-01 -2.223149e-01 4.021475e-01
2.400000e-02 6.735000e-01 -3.469150e-01 4.100220e-01 2.400000e-02 6.745000e-01 -3.465637e-01 4.103529e-01
-5.840000e-01 6.745000e-01 -2.223149e-01 4.021475e-01 -5.840000e-01 6.755000e-01 -2.226631e-01 4.024623e-01
2.350000e-02 6.750000e-01 -3.465744e-01 4.103438e-01 2.300000e-02 6.755000e-01 -3.465833e-01 4.103341e-01
2.400000e-02 6.745000e-01 -3.465637e-01 4.103529e-01 2.350000e-02 6.750000e-01 -3.465744e-01 4.103438e-01
-5.840000e-01 6.755000e-01 -2.226631e-01 4.024623e-01 -5.835000e-01 6.760000e-01 -2.226452e-01 4.024468e-01
-5.835000e-01 6.760000e-01 -2.226452e-01 4.024468e-01 -5.830000e-01 6.765000e-01 -2.226287e-01 4.024310e-01
2.300000e-02 6.755000e-01 -3.465833e-01 4.103341e-01 2.300000e-02 6.765000e-01 -3.462311e-01 4.106690e-01
-5.830000e-01 6.765000e-01 -2.226287e-01 4.024310e-01 -5.830000e-01 6.775000e-01 -2.229774e-01 4.027505e-01
2.300000e-02 6.765000e-01 -3.462311e-01 4.106690e-01 2.300000e-02 6.775000e-01 -3.458788e-01 4.110058e-01
-5.830000e-01 6.775000e-01 -2.229774e-01 4.027505e-01 -5.825000e-01 6.780000e-01 -2.229615e-01 4.027371e-01
-5.825000e-01 6.780000e-01 -2.229615e-01 4.027371e-01 -5.820000e-01 6.785000e-01 -2.229472e-01 4.027234e-01
2.300000e-02 6.775000e-01 -3.458788e-01 4.110058e-01 2.300000e-02 6.785000e-01 -3.455266e-01 4.113447e-01
-5.820000e-01 6.785000e-01 -2.229472e-01 4.027234e-01 -5.815000e-01 6.790000e-01 -2.229331e-01 4.027110e-01
-5.815000e-01 6.790000e-01 -2.229331e-01 4.027110e-01 -5.810000e-01 6.795000e-01 -2.229206e-01 4.026982e-01
2.250000e-02 6.790000e-01 -3.455336e-01 4.113389e-01 2.200000e-02 6.795000e-01 -3.455390e-01 4.113327e-01
2.300000e-02 6.785000e-01 -3.455266e-01 4.113447e-01 2.250000e-02 6.790000e-01 -3.455336e-01 4.113389e-01
-5.810000e-01 6.795000e-01 -2.229206e-01 4.026982e-01 -5.810000e-01 6.805000e-01 -2.232702e-01 4.030248e-01
2.200000e-02 6.795000e-01 -3.455390e-01 4.113327e-01 2.200000e-02 6.805000e-01 -3.451858e-01 4.116754e-01
-5.810000e-01 6.805000e-01 -2.232702e-01 4.030248e-01 -5.805000e-01 6.810000e-01 -2.232582e-01 4.030145e-01
-5.805000e-01 6.810000e-01 -2.232582e-01 4.030145e-01 -5.800000e-01 6.815000e-01 -2.232477e-01 4.030039e-01
2.200000e-02 6.805000e-01 -3.451858e-01 4.116754e-01 2.200000e-02 6.815000e-01 -3.448327e-01 4.120200e-01
-5.800000e-01 6.815000e-01 -2.232477e-01 4.030039e-01 -5.800000e-01 6.825000e-01 -2.235976e-01 4.033351e-01
2.200000e-02 6.815000e-01 -3.448327e-01 4.120200e-01 2.200000e-02 6.825000e-01 -3.444795e-01 4.123666e-01
-5.800000e-01 6.825000e-01 -2.235976e-01 4.033351e-01 -5.795000e-01 6.830000e-01 -2.235877e-01 4.033269e-01
-5.795000e-01 6.830000e-01 -2.235877e-01 4.033269e-01 -5.790000e-01 6.835000e-01 -2.235792e-01 4.033185e-01
2.150000e-02 6.830000e-01 -3.444831e-01 4.123643e-01 2.100000e-02 6.835000e-01 -3.444851e-01 4.123615e-01
2.200000e-02 6.825000e-01 -3.444795e-01 4.123666e-01 2.150000e-02 6.830000e-01 -3.444831e-01 4.123643e-01
-5.790000e-01 6.835000e-01 -2.235792e-01 4.033185e-01 -5.785000e-01 6.840000e-01 -2.235711e-01 4.033113e-01
-5.785000e-01 6.840000e-01 -2.235711e-01 4.033113e-01 -5.780000e-01 6.845000e-01 -2.235644e-01 4.033039e-01
2.100000e-02 6.835000e-01 -3.444851e-01 4.123615e-01 2.100000e-02 6.845000e-01 -3.441311e-01 4.127120e-01
-5.780000e-01 6.845000e-01 -2.235644e-01 4.033039e-01 -5.780000e-01 6.855000e-01 -2.239151e-01 4.036421e-01
2.100000e-02 6.845000e-01 -3.441311e-01 4.127120e-01 2.100000e-02 6.855000e-01 -3.437771e-01 4.130643e-01
-5.780000e-01 6.855000e-01 -2.239151e-01 4.036421e-01 -5.775000e-01 6.860000e-01 -2.239089e-01 4.036371e-01
-5.775000e-01 6.860000e-01 -2.239089e-01 4.036371e-01 -5.770000e-01 6.865000e-01 -2.239043e-01 4.036319e-01
2.050000e-02 6.860000e-01 -3.437778e-01 4.130645e-01 2.000000e-02 6.865000e-01 -3.437768e-01 4.130643e-01
2.100000e-02 6.855000e-01 -3.437771e-01 4.130643e-01 2.050000e-02 6.860000e-01 -3.437778e-01 4.130645e-01
-5.770000e-01 6.865000e-01 -2.239043e-01 4.036319e-01 -5.770000e-01 6.875000e-01 -2.242551e-01 4.039747e-01
2.000000e-02 6.865000e-01 -3.437768e-01 4.130643e-01 2.000000e-02 6.875000e-01 -3.434220e-01 4.134205e-01
-5.770000e-01 6.875000e-01 -2.242551e-01 4.039747e-01 -5.765000e-01 6.880000e-01 -2.242509e-01 4.039719e-01
-5.765000e-01 6.880000e-01 -2.242509e-01 4.039719e-01 -5.760000e-01 6.885000e-01 -2.242483e-01 4.039689e-01
2.000000e-02 6.875000e-01 -3.434220e-01 4.134205e-01 2.000000e-02 6.885000e-01 -3.430673e-01 4.137787e-01
-5.760000e-01 6.885000e-01 -2.242483e-01 4.039689e-01 -5.755000e-01 6.890000e-01 -2.242458e-01 4.039671e-01
-5.755000e-01 6.890000e-01 -2.242458e-01 4.039671e-01 -5.750000e-01 6.895000e-01 -2.242449e-01 4.039651e-01
2.000000e-02 6.885000e-01 -3.430673e-01 4.137787e-01 2.000000e-02 6.895000e-01 -3.427127e-01 4.141387e-01
-5.750000e-01 6.895000e-01 -2.242449e-01 4.039651e-01 -5.750000e-01 6.905000e-01 -2.245963e-01 4.043149e-01
1.950000e-02 6.900000e-01 -3.427101e-01 4.141424e-01 1.900000e-02 6.905000e-01 -3.427058e-01 4.141457e-01
2.000000e-02 6.895000e-01 -3.427127e-01 4.141387e-01 1.950000e-02 6.900000e-01 -3.427101e-01 4.141424e-01
-5.750000e-01 6.905000e-01 -2.245963e-01 4.043149e-01 -5.745000e-01 6.910000e-01 -2.245958e-01 4.043154e-01
-5.745000e-01 6.910000e-01 -2.245958e-01 4.043154e-01 -5.740000e-01 6.915000e-01 -2.245968e-01 4.043156e-01
1.900000e-02 6.905000e-01 -3.427058e-01 4.141457e-01 1.900000e-02 6.915000e-01 -3.423504e-01 4.145096e-01
-5.740000e-01 6.915000e-01 -2.245968e-01 4.043156e-01 -5.740000e-01 6.925000e-01 -2.249483e-01 4.046700e-01
1.900000e-02 6.915000e-01 -3.423504e-01 4.145096e-01 1.900000e-02 6.925000e-01 -3.419952e-01 4.148753e-01
-5.740000e-01 6.925000e-01 -2.249483e-01 4.046700e-01 -5.735000e-01 6.930000e-01 -2.249497e-01 4.046727e-01
-5.735000e-01 6.930000e-01 -2.249497e-01 4.046727e-01 -5.730000e-01 6.935000e-01 -2.249527e-01 4.046751e-01
1.900000e-02 6.925000e-01 -3.419952e-01 4.148753e-01 1.900000e-02 6.935000e-01 -3.416400e-01 4.152430e-01
-5.730000e-01 6.935000e-01 -2.249527e-01 4.046751e-01 -5.725000e-01 6.940000e-01 -2.249558e-01 4.046789e-01
-5.725000e-01 6.940000e-01 -2.249558e-01 4.046789e-01 -5.720000e-01 6.945000e-01 -2.249604e-01 4.046824e-01
1.850000e-02 6.940000e-01 -3.416342e-01 4.152502e-01 1.800000e-02 6.945000e-01 -3.416267e-01 4.152570e-01
1.900000e-02 6.935000e-01 -3.416400e-01 4.152430e-01 1.850000e-02 6.940000e-01 -3.416342e-01 4.152502e-01
-5.720000e-01 6.945000e-01 -2.249604e-01 4.046824e-01 -5.720000e-01 6.955000e-01 -2.253123e-01 4.050438e-01
1.800000e-02 6.945000e-01 -3.416267e-01 4.152570e-01 1.800000e-02 6.955000e-01 -3.412709e-01 4.156285e-01
-5.720000e-01 6.955000e-01 -2.253123e-01 4.050438e-01 -5.715000e-01 6.960000e-01 -2.253173e-01 4.050498e-01
-5.715000e-01 6.960000e-01 -2.253173e-01 4.050498e-01 -5.710000e-01 6.965000e-01 -2.253239e-01 4.050556e-01
1.800000e-02 6.955000e-01 -3.412709e-01 4.156285e-01 1.800000e-02 6.965000e-01 -3.409152e-01 4.160018e-01
-5.710000e-01 6.965000e-01 -2.253239e-01 4.050556e-01 -5.710000e-01 6.975000e-01 -2.256757e-01 4.054215e-01
1.750000e-02 6.970000e-01 -3.409066e-01 4.160116e-01 1.700000e-02 6.975000e-01 -3.408964e-01 4.160210e-01
1.800000e-02 6.965000e-01 -3.409152e-01 4.160018e-01 1.750000e-02 6.970000e-01 -3.409066e-01 4.160116e-01
-5.710000e-01 6.975000e-01 -2.256757e-01 4.054215e-01 -5.705000e-01 6.980000e-01 -2.256826e-01 4.054298e-01
-5.705000e-01 6.980000e-01 -2.256826e-01 4.054298e-01 -5.700000e-01 6.985000e-01 -2.256910e-01 4.054378e-01
1.700000e-02 6.975000e-01 -3.408964e-01 4.160210e-01 1.700000e-02 6.985000e-01 -3.405401e-01 4.163982e-01
-5.700000e-01 6.985000e-01 -2.256910e-01 4.054378e-01 -5.700000e-01 6.995000e-01 -2.260428e-01 4.058083e-01
1.700000e-02 6.985000e-01 -3.405401e-01 4.163982e-01 1.700000e-02 6.995000e-01 -3.401839e-01 4.167772e-01
-5.700000e-01 6.995000e-01 -2.260428e-01 4.058083e-01 -5.695000e-01 7.000000e-01 -2.260515e-01 4.058189e-01
-5.695000e-01 7.000000e-01 -2.260515e-01 4.058189e-01 -5.690000e-01 7.005000e-01 -2.260617e-01 4.058292e-01
1.700000e-02 6.995000e-01 -3.401839e-01 4.167772e-01 1.700000e-02 7.005000e-01 -3.398278e-01 4.171580e-01
-5.690000e-01 7.005000e-01 -2.260617e-01 4.058292e-01 -5.685000e-01 7.010000e-01 -2.260720e-01 4.058408e-01
-5.685000e-01 7.010000e-01 -2.260720e-01 4.058408e-01 -5.680000e-01 7.015000e-01 -2.260839e-01 4.058523e-01
1.650000e-02 7.010000e-01 -3.398163e-01 4.171714e-01 1.600000e-02 7.015000e-01 -3.398031e-01 4.171844e-01
1.700000e-02 7.005000e-01 -3.398278e-01 4.171580e-01 1.650000e-02 7.010000e-01 -3.398163e-01 4.171714e-01
-5.680000e-01 7.015000e-01 -2.260839e-01 4.058523e-01 -5.680000e-01 7.025000e-01 -2.264359e-01 4.062297e-01
1.600000e-02 7.015000e-01 -3.398031e-01 4.171844e-01 1.600000e-02 7.025000e-01 -3.394465e-01 4.175690e-01
-5.680000e-01 7.025000e-01 -2.264359e-01 4.062297e-01 -5.675000e-01 7.030000e-01 -2.264479e-01 4.062437e-01
-5.675000e-01 7.030000e-01 -2.264479e-01 4.062437e-01 -5.670000e-01 7.035000e-01 -2.264616e-01 4.062575e-01
1.600000e-02 7.025000e-01 -3.394465e-01 4.175690e-01 1.600000e-02 7.035000e-01 -3.390900e-01 4.179555e-01
-5.670000e-01 7.035000e-01 -2.264616e-01 4.062575e-01 -5.670000e-01 7.045000e-01 -2.268135e-01 4.066393e-01
1.600000e-02 7.035000e-01 -3.390900e-01 4.179555e-01 1.600000e-02 7.045000e-01 -3.387337e-01 4.183437e-01
-5.670000e-01 7.045000e-01 -2.268135e-01 4.066393e-01 -5.665000e-01 7.050000e-01 -2.268273e-01 4.066556e-01
-5.665000e-01 7.050000e-01 -2.268273e-01 4.066556e-01 -5.660000e-01 7.055000e-01 -2.268427e-01 4.066717e-01
1.550000e-02 7.050000e-01 -3.387193e-01 4.183607e-01 1.500000e-02 7.055000e-01 -3.387031e-01 4.183773e-01
1.600000e-02 7.045000e-01 -3.387337e-01 4.183437e-01 1.550000e-02 7.050000e-01 -3.387193e-01 4.183607e-01
-5.660000e-01 7.055000e-01 -2.268427e-01 4.066717e-01 -5.660000e-01 7.065000e-01 -2.271944e-01 4.070581e-01
1.500000e-02 7.055000e-01 -3.387031e-01 4.183773e-01 1.500000e-02 7.065000e-01 -3.383463e-01 4.187694e-01
-5.660000e-01 7.065000e-01 -2.271944e-01 4.070581e-01 -5.655000e-01 7.070000e-01 -2.272100e-01 4.070766e-01
-5.655000e-01 7.070000e-01 -2.272100e-01 4.070766e-01 -5.650000e-01 7.075000e-01 -2.272271e-01 4.070951e-01
1.500000e-02 7.065000e-01 -3.383463e-01 4.187694e-01 1.500000e-02 7.075000e-01 -3.379898e-01 4.191632e-01
-5.650000e-01 7.075000e-01 -2.272271e-01 4.070951e-01 -5.645000e-01 7.080000e-01 -2.272443e-01 4.071147e-01
-5.645000e-01 7.080000e-01 -2.272443e-01 4.071147e-01 -5.640000e-01 7.085000e-01 -2.272630e-01 4.071343e-01
1.500000e-02 7.075000e-01 -3.379898e-01 4.191632e-01 1.500000e-02 7.085000e-01 -3.376334e-01 4.195588e-01
-5.640000e-01 7.085000e-01 -2.272630e-01 4.071343e-01 -5.640000e-01 7.095000e-01 -2.276146e-01 4.075276e-01
1.450000e-02 7.090000e-01 -3.376161e-01 4.195794e-01 1.400000e-02 7.095000e-01 -3.375971e-01 4.195997e-01
1.500000e-02 7.085000e-01 -3.376334e-01 4.195588e-01 1.450000e-02 7.090000e-01 -3.376161e-01 4.195794e-01
-5.640000e-01 7.095000e-01 -2.276146e-01 4.075276e-01 -5.635000e-01 7.100000e-01 -2.276335e-01 4.075496e-01
-5.635000e-01 7.100000e-01 -2.276335e-01 4.075496e-01 -5.630000e-01 7.105000e-01 -2.276540e-01 4.075715e-01
1.400000e-02 7.095000e-01 -3.375971e-01 4.195997e-01 1.400000e-02 7.105000e-01 -3.372403e-01 4.199991e-01
-5.630000e-01 7.105000e-01 -2.276540e-01 4.075715e-01 -5.630000e-01 7.115000e-01 -2.280053e-01 4.079692e-01
1.400000e-02 7.105000e-01 -3.372403e-01 4.199991e-01 1.400000e-02 7.115000e-01 -3.368838e-01 4.204002e-01
-5.630000e-01 7.115000e-01 -2.280053e-01 4.079692e-01 -5.625000e-01 7.120000e-01 -2.280258e-01 4.079935e-01
-5.625000e-01 7.120000e-01 -2.280258e-01 4.079935e-01 -5.620000e-01 7.125000e-01 -2.280479e-01 4.080178e-01
1.350000e-02 7.120000e-01 -3.368640e-01 4.204235e-01 1.300000e-02 7.125000e-01 -3.368426e-01 4.204464e-01
1.400000e-02 7.115000e-01 -3.368838e-01 4.204002e-01 1.350000e-02 7.120000e-01 -3.368640e-01 4.204235e-01
-5.620000e-01 7.125000e-01 -2.280479e-01 4.080178e-01 -5.620000e-01 7.135000e-01 -2.283989e-01 4.084199e-01
1.300000e-02 7.125000e-01 -3.368426e-01 4.204464e-01 1.300000e-02 7.135000e-01 -3.364856e-01 4.208513e-01
-5.620000e-01 7.135000e-01 -2.283989e-01 4.084199e-01 -5.615000e-01 7.140000e-01 -2.284210e-01 4.084466e-01
-5.615000e-01 7.140000e-01 -2.284210e-01 4.084466e-01 -5.610000e-01 7.145000e-01 -2.284448e-01 4.084733e-01
1.300000e-02 7.135000e-01 -3.364856e-01 4.208513e-01 1.300000e-02 7.145000e-01 -3.361289e-01 4.212580e-01
-5.610000e-01 7.145000e-01 -2.284448e-01 4.084733e-01 -5.610000e-01 7.155000e-01 -2.287954e-01 4.088797e-01
1.300000e-02 7.145000e-01 -3.361289e-01 4.212580e-01 1.300000e-02 7.155000e-01 -3.357724e-01 4.216663e-01
-5.610000e-01 7.155000e-01 -2.287954e-01 4.088797e-01 -5.605000e-01 7.160000e-01 -2.288192e-01 4.089088e-01
-5.605000e-01 7.160000e-01 -2.288192e-01 4.089088e-01 -5.600000e-01 7.165000e-01 -2.288445e-01 4.089379e-01
1.250000e-02 7.160000e-01 -3.357500e-01 4.216932e-01 1.200000e-02 7.165000e-01 -3.357260e-01 4.217199e-01
1.300000e-02 7.155000e-01 -3.357724e-01 4.216663e-01 1.250000e-02 7.160000e-01 -3.357500e-01 4.216932e-01
-5.600000e-01 7.165000e-01 -2.288445e-01 4.089379e-01 -5.595000e-01 7.170000e-01 -2.288698e-01 4.089681e-01
-5.595000e-01 7.170000e-01 -2.288698e-01 4.089681e-01 -5.590000e-01 7.175000e-01 -2.288966e-01 4.089983e-01
1.200000e-02 7.165000e-01 -3.357260e-01 4.217199e-01 1.200000e-02 7.175000e-01 -3.353692e-01 4.221320e-01
-5.590000e-01 7.175000e-01 -2.288966e-01 4.089983e-01 -5.590000e-01 7.185000e-01 -2.292470e-01 4.094115e-01
1.200000e-02 7.175000e-01 -3.353692e-01 4.221320e-01 1.200000e-02 7.185000e-01 -3.350126e-01 4.225458e-01
-5.590000e-01 7.185000e-01 -2.292470e-01 4.094115e-01 -5.585000e-01 7.190000e-01 -2.292738e-01 4.094442e-01
-5.585000e-01 7.190000e-01 -2.292738e-01 4.094442e-01 -5.580000e-01 7.195000e-01 -2.293022e-01 4.094768e-01
1.200000e-02 7.185000e-01 -3.350126e-01 4.225458e-01 1.200000e-02 7.195000e-01 -3.346563e-01 4.229614e-01
-5.580000e-01 7.195000e-01 -2.293022e-01 4.094768e-01 -5.580000e-01 7.205000e-01 -2.296521e-01 4.098944e-01
1.150000e-02 7.200000e-01 -3.346313e-01 4.229920e-01 1.100000e-02 7.205000e-01 -3.346047e-01 4.230223e-01
1.200000e-02 7.195000e-01 -3.346563e-01 4.229614e-01 1.150000e-02 7.200000e-01 -3.346313e-01 4.229920e-01
-5.580000e-01 7.205000e-01 -2.296521e-01 4.098944e-01 -5.575000e-01 7.210000e-01 -2.296805e-01 4.099294e-01
-5.575000e-01 7.210000e-01 -2.296805e-01 4.099294e-01 -5.570000e-01 7.215000e-01 -2.297104e-01 4.099644e-01
1.100000e-02 7.205000e-01 -3.346047e-01 4.230223e-01 1.100000e-02 7.215000e-01 -3.342482e-01 4.234416e-01
-5.570000e-01 7.215000e-01 -2.297104e-01 4.099644e-01 -5.570000e-01 7.225000e-01 -2.300598e-01 4.103862e-01
1.100000e-02 7.215000e-01 -3.342482e-01 4.234416e-01 1.100000e-02 7.225000e-01 -3.338919e-01 4.238626e-01
-5.570000e-01 7.225000e-01 -2.300598e-01 4.103862e-01 -5.565000e-01 7.230000e-01 -2.300897e-01 4.104236e-01
-5.565000e-01 7.230000e-01 -2.300897e-01 4.104236e-01 -5.560000e-01 7.235000e-01 -2.301211e-01 4.104611e-01
1.050000e-02 7.230000e-01 -3.338647e-01 4.238958e-01 1.000000e-02 7.235000e-01 -3.338358e-01 4.239290e-01
1.100000e-02 7.225000e-01 -3.338919e-01 4.238626e-01 1.050000e-02 7.230000e-01 -3.338647e-01 4.238958e-01
-5.560000e-01 7.235000e-01 -2.301211e-01 4.104611e-01 -5.560000e-01 7.245000e-01 -2.304700e-01 4.108872e-01
1.000000e-02 7.235000e-01 -3.338358e-01 4.239290e-01 1.000000e-02 7.245000e-01 -3.334794e-01 4.243536e-01
-5.560000e-01 7.245000e-01 -2.304700e-01 4.108872e-01 -5.555000e-01 7.250000e-01 -2.305014e-01 4.109270e-01
-5.555000e-01 7.250000e-01 -2.305014e-01 4.109270e-01 -5.550000e-01 7.255000e-01 -2.305343e-01 4.109669e-01
1.000000e-02 7.245000e-01 -3.334794e-01 4.243536e-01 1.000000e-02 7.255000e-01 -3.331233e-01 4.247799e-01
-5.550000e-01 7.255000e-01 -2.305343e-01 4.109669e-01 -5.550000e-01 7.265000e-01 -2.308826e-01 4.113972e-01
1.000000e-02 7.255000e-01 -3.331233e-01 4.247799e-01 1.000000e-02 7.265000e-01 -3.327674e-01 4.252079e-01
-5.550000e-01 7.265000e-01 -2.308826e-01 4.113972e-01 -5.545000e-01 7.270000e-01 -2.309155e-01 4.114395e-01
-5.545000e-01 7.270000e-01 -2.309155e-01 4.114395e-01 -5.540000e-01 7.275000e-01 -2.309498e-01 4.114817e-01
9.500000e-03 7.270000e-01 -3.327377e-01 4.252449e-01 9.000000e-03 7.275000e-01 -3.327065e-01 4.252817e-01
1.000000e-02 7.265000e-01 -3.327674e-01 4.252079e-01 9.500000e-03 7.270000e-01 -3.327377e-01 4.252449e-01
-5.540000e-01 7.275000e-01 -2.309498e-01 4.114817e-01 -5.535000e-01 7.280000e-01 -2.309841e-01 4.115252e-01
-5.535000e-01 7.280000e-01 -2.309841e-01 4.115252e-01 -5.530000e-01 7.285000e-01 -2.310199e-01 4.115687e-01
9.000000e-03 7.275000e-01 -3.327065e-01 4.252817e-01 9.000000e-03 7.285000e-01 -3.323505e-01 4.257134e-01
-5.530000e-01 7.285000e-01 -2.310199e-01 4.115687e-01 -5.530000e-01 7.295000e-01 -2.313676e-01 4.120057e-01
9.000000e-03 7.285000e-01 -3.323505e-01 4.257134e-01 9.000000e-03 7.295000e-01 -3.319948e-01 4.261466e-01
-5.530000e-01 7.295000e-01 -2.313676e-01 4.120057e-01 -5.525000e-01 7.300000e-01 -2.314033e-01 4.120515e-01
-5.525000e-01 7.300000e-01 -2.314033e-01 4.120515e-01 -5.520000e-01 7.305000e-01 -2.314405e-01 4.120975e-01
8.500000e-03 7.300000e-01 -3.319630e-01 4.261864e-01 8.000000e-03 7.305000e-01 -3.319297e-01 4.262260e-01
9.000000e-03 7.295000e-01 -3.319948e-01 4.261466e-01 8.500000e-03 7.300000e-01 -3.319630e-01 4.261864e-01
-5.520000e-01 7.305000e-01 -2.314405e-01 4.120975e-01 -5.520000e-01 7.315000e-01 -2.317875e-01 4.125387e-01
8.000000e-03 7.305000e-01 -3.319297e-01 4.262260e-01 8.000000e-03 7.315000e-01 -3.315739e-01 4.266630e-01
-5.520000e-01 7.315000e-01 -2.317875e-01 4.125387e-01 -5.515000e-01 7.320000e-01 -2.318246e-01 4.125869e-01
-5.515000e-01 7.320000e-01 -2.318246e-01 4.125869e-01 -5.510000e-01 7.325000e-01 -2.318631e-01 4.126353e-01
8.000000e-03 7.315000e-01 -3.315739e-01 4.266630e-01 8.000000e-03 7.325000e-01 -3.312185e-01 4.271015e-01
-5.510000e-01 7.325000e-01 -2.318631e-01 4.126353e-01 -5.510000e-01 7.335000e-01 -2.322095e-01 4.130807e-01
8.000000e-03 7.325000e-01 -3.312185e-01 4.271015e-01 8.000000e-03 7.335000e-01 -3.308633e-01 4.275417e-01
-5.510000e-01 7.335000e-01 -2.322095e-01 4.130807e-01 -5.505000e-01 7.340000e-01 -2.322479e-01 4.131314e-01
-5.505000e-01 7.340000e-01 -2.322479e-01 4.131314e-01 -5.500000e-01 7.345000e-01 -2.322878e-01 4.131821e-01
7.500000e-03 7.340000e-01 -3.308293e-01 4.275852e-01 7.000000e-03 7.345000e-01 -3.307938e-01 4.276286e-01
8.000000e-03 7.335000e-01 -3.308633e-01 4.275417e-01 7.500000e-03 7.340000e-01 -3.308293e-01 4.275852e-01
-5.500000e-01 7.345000e-01 -2.322878e-01 4.131821e-01 -5.500000e-01 7.355000e-01 -2.326335e-01 4.136317e-01
7.000000e-03 7.345000e-01 -3.307938e-01 4.276286e-01 7.000000e-03 7.355000e-01 -3.304386e-01 4.280724e-01
-5.500000e-01 7.355000e-01 -2.326335e-01 4.136317e-01 -5.495000e-01 7.360000e-01 -2.326732e-01 4.136848e-01
-5.495000e-01 7.360000e-01 -2.326732e-01 4.136848e-01 -5.490000e-01 7.365000e-01 -2.327144e-01 4.137381e-01
7.000000e-03 7.355000e-01 -3.304386e-01 4.280724e-01 7.000000e-03 7.365000e-01 -3.300838e-01 4.285179e-01
-5.490000e-01 7.365000e-01 -2.327144e-01 4.137381e-01 -5.490000e-01 7.375000e-01 -2.330594e-01 4.141918e-01
6.500000e-03 7.370000e-01 -3.300479e-01 4.285641e-01 6.000000e-03 7.375000e-01 -3.300103e-01 4.286103e-01
7.000000e-03 7.365000e-01 -3.300838e-01 4.285179e-01 6.500000e-03 7.370000e-01 -3.300479e-01 4.285641e-01
-5.490000e-01 7.375000e-01 -2.330594e-01 4.141918e-01 -5.485000e-01 7.380000e-01 -2.331004e-01 4.142473e-01
-5.485000e-01 7.380000e-01 -2.331004e-01 4.142473e-01 -5.480000e-01 7.385000e-01 -2.331429e-01 4.143030e-01
6.000000e-03 7.375000e-01 -3.300103e-01 4.286103e-01 6.000000e-03 7.385000e-01 -3.296556e-01 4.290593e-01
-5.480000e-01 7.385000e-01 -2.331429e-01 4.143030e-01 -5.480000e-01 7.395000e-01 -2.334871e-01 4.147608e-01
6.000000e-03 7.385000e-01 -3.296556e-01 4.290593e-01 6.000000e-03 7.395000e-01 -3.293011e-01 4.295099e-01
-5.480000e-01 7.395000e-01 -2.334871e-01 4.147608e-01 -5.475000e-01 7.400000e-01 -2.335294e-01 4.148188e-01
-5.475000e-01 7.400000e-01 -2.335294e-01 4.148188e-01 -5.470000e-01 7.405000e-01 -2.335732e-01 4.148769e-01
6.000000e-03 7.395000e-01 -3.293011e-01 4.295099e-01 6.000000e-03 7.405000e-01 -3.289470e-01 4.299621e-01
-5.470000e-01 7.405000e-01 -2.335732e-01 4.148769e-01 -5.465000e-01 7.410000e-01 -2.336169e-01 4.149362e-01
-5.465000e-01 7.410000e-01 -2.336169e-01 4.149362e-01 -5.460000e-01 7.415000e-01 -2.336620e-01 4.149955e-01
5.500000e-03 7.410000e-01 -3.289090e-01 4.300122e-01 5.000000e-03 7.415000e-01 -3.288695e-01 4.300621e-01
6.000000e-03 7.405000e-01 -3.289470e-01 4.299621e-01 5.500000e-03 7.410000e-01 -3.289090e-01 4.300122e-01
-5.460000e-01 7.415000e-01 -2.336620e-01 4.149955e-01 -5.460000e-01 7.425000e-01 -2.340051e-01 4.154597e-01
5.000000e-03 7.415000e-01 -3.288695e-01 4.300621e-01 5.000000e-03 7.425000e-01 -3.285155e-01 4.305179e-01
-5.460000e-01 7.425000e-01 -2.340051e-01 4.154597e-01 -5.455000e-01 7.430000e-01 -2.340500e-01 4.155215e-01
-5.455000e-01 7.430000e-01 -2.340500e-01 4.155215e-01 -5.450000e-01 7.435000e-01 -2.340963e-01 4.155833e-01
5.000000e-03 7.425000e-01 -3.285155e-01 4.305179e-01 5.000000e-03 7.435000e-01 -3.281618e-01 4.309752e-01
-5.450000e-01 7.435000e-01 -2.340963e-01 4.155833e-01 -5.450000e-01 7.445000e-01 -2.344386e-01 4.160516e-01
4.500000e-03 7.440000e-01 -3.281219e-01 4.310281e-01 4.000000e-03 7.445000e-01 -3.280805e-01 4.310808e-01
5.000000e-03 7.435000e-01 -3.281618e-01 4.309752e-01 4.500000e-03 7.440000e-01 -3.281219e-01 4.310281e-01
-5.450000e-01 7.445000e-01 -2.344386e-01 4.160516e-01 -5.445000e-01 7.450000e-01 -2.344847e-01 4.161157e-01
-5.445000e-01 7.450000e-01 -2.344847e-01 4.161157e-01 -5.440000e-01 7.455000e-01 -2.345322e-01 4.161800e-01
4.000000e-03 7.445000e-01 -3.280805e-01 4.310808e-01 4.000000e-03 7.455000e-01 -3.277270e-01 4.315417e-01
-5.440000e-01 7.455000e-01 -2.345322e-01 4.161800e-01 -5.440000e-01 7.465000e-01 -2.348736e-01 4.166523e-01
4.000000e-03 7.455000e-01 -3.277270e-01 4.315417e-01 4.000000e-03 7.465000e-01 -3.273739e-01 4.320041e-01
-5.440000e-01 7.465000e-01 -2.348736e-01 4.166523e-01 -5.435000e-01 7.470000e-01 -2.349209e-01 4.167189e-01
-5.435000e-01 7.470000e-01 -2.349209e-01 4.167189e-01 -5.430000e-01 7.475000e-01 -2.349695e-01 4.167857e-01
3.500000e-03 7.470000e-01 -3.273322e-01 4.320598e-01 3.000000e-03 7.475000e-01 -3.272890e-01 4.321153e-01
4.000000e-03 7.465000e-01 -3.273739e-01 4.320041e-01 3.500000e-03 7.470000e-01 -3.273322e-01 4.320598e-01
-5.430000e-01 7.475000e-01 -2.349695e-01 4.167857e-01 -5.430000e-01 7.485000e-01 -2.353100e-01 4.172620e-01
3.000000e-03 7.475000e-01 -3.272890e-01 4.321153e-01 3.000000e-03 7.485000e-01 -3.269361e-01 4.325813e-01
-5.430000e-01 7.485000e-01 -2.353100e-01 4.172620e-01 -5.425000e-01 7.490000e-01 -2.353584e-01 4.173310e-01
-5.425000e-01 7.490000e-01 -2.353584e-01 4.173310e-01 -5.420000e-01 7.495000e-01 -2.354083e-01 4.174002e-01
3.000000e-03 7.485000e-01 -3.269361e-01 4.325813e-01 3.000000e-03 7.495000e-01 -3.265836e-01 4.330488e-01
-5.420000e-01 7.495000e-01 -2.354083e-01 4.174002e-01 -5.420000e-01 7.505000e-01 -2.357478e-01 4.178805e-01
3.000000e-03 7.495000e-01 -3.265836e-01 4.330488e-01 3.000000e-03 7.505000e-01 -3.262314e-01 4.335178e-01
-5.420000e-01 7.505000e-01 -2.357478e-01 4.178805e-01 -5.415000e-01 7.510000e-01 -2.357973e-01 4.179520e-01
-5.415000e-01 7.510000e-01 -2.357973e-01 4.179520e-01 -5.410000e-01 7.515000e-01 -2.358482e-01 4.180236e-01
2.500000e-03 7.510000e-01 -3.261879e-01 4.335773e-01 2.000000e-03 7.515000e-01 -3.261429e-01 4.336366e-01
3.000000e-03 7.505000e-01 -3.262314e-01 4.335178e-01 2.500000e-03 7.510000e-01 -3.261879e-01 4.335773e-01
-5.410000e-01 7.515000e-01 -2.358482e-01 4.180236e-01 -5.410000e-01 7.525000e-01 -2.361869e-01 4.185079e-01
2.000000e-03 7.515000e-01 -3.261429e-01 4.336366e-01 2.000000e-03 7.525000e-01 -3.257910e-01 4.341092e-01
-5.410000e-01 7.525000e-01 -2.361869e-01 4.185079e-01 -5.405000e-01 7.530000e-01 -2.362374e-01 4.185818e-01
-5.405000e-01 7.530000e-01 -2.362374e-01 4.185818e-01 -5.400000e-01 7.535000e-01 -2.362894e-01 4.186559e-01
2.000000e-03 7.525000e-01 -3.257910e-01 4.341092e-01 2.000000e-03 7.535000e-01 -3.254395e-01 4.345832e-01
-5.400000e-01 7.535000e-01 -2.362894e-01 4.186559e-01 -5.400000e-01 7.545000e-01 -2.366271e-01 4.191441e-01
1.500000e-03 7.540000e-01 -3.253943e-01 4.346455e-01 1.000000e-03 7.545000e-01 -3.253476e-01 4.347077e-01
2.000000e-03 7.535000e-01 -3.254395e-01 4.345832e-01 1.500000e-03 7.540000e-01 -3.253943e-01 4.346455e-01
-5.400000e-01 7.545000e-01 -2.366271e-01 4.191441e-01 -5.395000e-01 7.550000e-01 -2.366787e-01 4.192205e-01
-5.395000e-01 7.550000e-01 -2.366787e-01 4.192205e-01 -5.390000e-01 7.555000e-01 -2.367317e-01 4.192971e-01
1.000000e-03 7.545000e-01 -3.253476e-01 4.347077e-01 1.000000e-03 7.555000e-01 -3.249964e-01 4.351852e-01
-5.390000e-01 7.555000e-01 -2.367317e-01 4.192971e-01 -5.385000e-01 7.560000e-01 -2.367846e-01 4.193748e-01
-5.385000e-01 7.560000e-01 -2.367846e-01 4.193748e-01 -5.380000e-01 7.565000e-01 -2.368388e-01 4.194527e-01
1.000000e-03 7.555000e-01 -3.249964e-01 4.351852e-01 1.000000e-03 7.565000e-01 -3.246456e-01 4.356642e-01
-5.380000e-01 7.565000e-01 -2.368388e-01 4.194527e-01 -5.380000e-01 7.575000e-01 -2.371751e-01 4.199470e-01
5.000000e-04 7.570000e-01 -3.245988e-01 4.357292e-01 2.081668e-17 7.575000e-01 -3.245504e-01 4.357943e-01
1.000000e-03 7.565000e-01 -3.246456e-01 4.356642e-01 5.000000e-04 7.570000e-01 -3.245988e-01 4.357292e-01
-5.380000e-01 7.575000e-01 -2.371751e-01 4.199470e-01 -5.375000e-01 7.580000e-01 -2.372289e-01 4.200271e-01
-5.375000e-01 7.580000e-01 -2.372289e-01 4.200271e-01 -5.370000e-01 7.585000e-01 -2.372842e-01 4.201075e-01
2.081668e-17 7.575000e-01 -3.245504e-01 4.357943e-01 2.081668e-17 7.585000e-01 -3.242000e-01 4.362768e-01
-5.370000e-01 7.585000e-01 -2.372842e-01 4.201075e-01 -5.370000e-01 7.595000e-01 -2.376193e-01 4.206057e-01
2.081668e-17 7.585000e-01 -3.242000e-01 4.362768e-01 2.081668e-17 7.595000e-01 -3.238499e-01 4.367607e-01
-5.370000e-01 7.595000e-01 -2.376193e-01 4.206057e-01 -5.365000e-01 7.600000e-01 -2.376741e-01 4.206883e-01
-5.365000e-01 7.600000e-01 -2.376741e-01 4.206883e-01 -5.360000e-01 7.605000e-01 -2.377304e-01 4.207711e-01
-5.000000e-04 7.600000e-01 -3.238016e-01 4.368286e-01 -1.000000e-03 7.605000e-01 -3.237517e-01 4.368965e-01
2.081668e-17 7.595000e-01 -3.238499e-01 4.367607e-01 -5.000000e-04 7.600000e-01 -3.238016e-01 4.368286e-01
-5.360000e-01 7.605000e-01 -2.377304e-01 4.207711e-01 -5.360000e-01 7.615000e-01 -2.380645e-01 4.212731e-01
-1.000000e-03 7.605000e-01 -3.237517e-01 4.368965e-01 -1.000000e-03 7.615000e-01 -3.234020e-01 4.373838e-01
-5.360000e-01 7.615000e-01 -2.380645e-01 4.212731e-01 -5.355000e-01 7.620000e-01 -2.381203e-01 4.213581e-01
-5.355000e-01 7.620000e-01 -2.381203e-01 4.213581e-01 -5.350000e-01 7.625000e-01 -2.381775e-01 4.214434e-01
-1.000000e-03 7.615000e-01 -3.234020e-01 4.373838e-01 -1.000000e-03 7.625000e-01 -3.230528e-01 4.378727e-01
-5.350000e-01 7.625000e-01 -2.381775e-01 4.214434e-01 -5.350000e-01 7.635000e-01 -2.385104e-01 4.219492e-01
-1.000000e-03 7.625000e-01 -3.230528e-01 4.378727e-01 -1.000000e-03 7.635000e-01 -3.227040e-01 4.383630e-01
-5.350000e-01 7.635000e-01 -2.385104e-01 4.219492e-01 -5.345000e-01 7.640000e-01 -2.385671e-01 4.220368e-01
-5.345000e-01 7.640000e-01 -2.385671e-01 4.220368e-01 -5.340000e-01 7.645000e-01 -2.386252e-01 4.221245e-01
-1.500000e-03 7.640000e-01 -3.226541e-01 4.384347e-01 -2.000000e-03 7.645000e-01 -3.226028e-01 4.385063e-01
-1.000000e-03 7.635000e-01 -3.227040e-01 4.383630e-01 -1.500000e-03 7.640000e-01 -3.226541e-01 4.384347e-01
-5.340000e-01 7.645000e-01 -2.386252e-01 4.221245e-01 -5.340000e-01 7.655000e-01 -2.389571e-01 4.226341e-01
-2.000000e-03 7.645000e-01 -3.226028e-01 4.385063e-01 -2.000000e-03 7.655000e-01 -3.222544e-01 4.390000e-01
-5.340000e-01 7.655000e-01 -2.389571e-01 4.226341e-01 -5.335000e-01 7.660000e-01 -2.390147e-01 4.227240e-01
-5.335000e-01 7.660000e-01 -2.390147e-01 4.227240e-01 -5.330000e-01 7.665000e-01 -2.390736e-01 4.228143e-01
-2.000000e-03 7.655000e-01 -3.222544e-01 4.390000e-01 -2.000000e-03 7.665000e-01 -3.219064e-01 4.394952e-01
-5.330000e-01 7.665000e-01 -2.390736e-01 4.228143e-01 -5.330000e-01 7.675000e-01 -2.394043e-01 4.233276e-01
-2.500000e-03 7.670000e-01 -3.218551e-01 4.395697e-01 -3.000000e-03 7.675000e-01 -3.218024e-01 4.396443e-01
-2.000000e-03 7.665000e-01 -3.219064e-01 4.394952e-01 -2.500000e-03 7.670000e-01 -3.218551e-01 4.395697e-01
-5.330000e-01 7.675000e-01 -2.394043e-01 4.233276e-01 -5.325000e-01 7.680000e-01 -2.394628e-01 4.234200e-01
-5.325000e-01 7.680000e-01 -2.394628e-01 4.234200e-01 -5.320000e-01 7.685000e-01 -2.395226e-01 4.235127e-01
-3.000000e-03 7.675000e-01 -3.218024e-01 4.396443e-01 -3.000000e-03 7.685000e-01 -3.214549e-01 4.401428e-01
-5.320000e-01 7.685000e-01 -2.395226e-01 4.235127e-01 -5.320000e-01 7.695000e-01 -2.398522e-01 4.240297e-01
-3.000000e-03 7.685000e-01 -3.214549e-01 4.401428e-01 -3.000000e-03 7.695000e-01 -3.211078e-01 4.406427e-01
-5.320000e-01 7.695000e-01 -2.398522e-01 4.240297e-01 -5.315000e-01 7.700000e-01 -2.399115e-01 4.241246e-01
-5.315000e-01 7.700000e-01 -2.399115e-01 4.241246e-01 -5.310000e-01 7.705000e-01 -2.399722e-01 4.242197e-01
-3.500000e-03 7.700000e-01 -3.210551e-01 4.407201e-01 -4.000000e-03 7.705000e-01 -3.210010e-01 4.407975e-01
-3.000000e-03 7.695000e-01 -3.211078e-01 4.406427e-01 -3.500000e-03 7.700000e-01 -3.210551e-01 4.407201e-01
-5.310000e-01 7.705000e-01 -2.399722e-01 4.242197e-01 -5.310000e-01 7.715000e-01 -2.403005e-01 4.247404e-01
-4.000000e-03 7.705000e-01 -3.210010e-01 4.407975e-01 -4.000000e-03 7.715000e-01 -3.206545e-01 4.413008e-01
-5.310000e-01 7.715000e-01 -2.403005e-01 4.247404e-01 -5.305000e-01 7.720000e-01 -2.403606e-01 4.248378e-01
-5.305000e-01 7.720000e-01 -2.403606e-01 4.248378e-01 -5.300000e-01 7.725000e-01 -2.404221e-01 4.249353e-01
-4.000000e-03 7.715000e-01 -3.206545e-01 4.413008e-01 -4.000000e-03 7.725000e-01 -3.203084e-01 4.418054e-01
-5.300000e-01 7.725000e-01 -2.404221e-01 4.249353e-01 -5.295000e-01 7.730000e-01 -2.404833e-01 4.250340e-01
-5.295000e-01 7.730000e-01 -2.404833e-01 4.250340e-01 -5.290000e-01 7.735000e-01 -2.405458e-01 4.251329e-01
-4.500000e-03 7.730000e-01 -3.202544e-01 4.418856e-01 -5.000000e-03 7.735000e-01 -3.201990e-01 4.419660e-01
-4.000000e-03 7.725000e-01 -3.203084e-01 4.418054e-01 -4.500000e-03 7.730000e-01 -3.202544e-01 4.418856e-01
-5.290000e-01 7.735000e-01 -2.405458e-01 4.251329e-01 -5.290000e-01 7.745000e-01 -2.408723e-01 4.256595e-01
-5.000000e-03 7.735000e-01 -3.201990e-01 4.419660e-01 -5.000000e-03 7.745000e-01 -3.198535e-01 4.424739e-01
-5.290000e-01 7.745000e-01 -2.408723e-01 4.256595e-01 -5.285000e-01 7.750000e-01 -2.409343e-01 4.257606e-01
-5.285000e-01 7.750000e-01 -2.409343e-01 4.257606e-01 -5.280000e-01 7.755000e-01 -2.409976e-01 4.258620e-01
-5.000000e-03 7.745000e-01 -3.198535e-01 4.424739e-01 -5.000000e-03 7.755000e-01 -3.195084e-01 4.429833e-01
-5.280000e-01 7.755000e-01 -2.409976e-01 4.258620e-01 -5.280000e-01 7.765000e-01 -2.413229e-01 4.263922e-01
-5.500000e-03 7.760000e-01 -3.194531e-01 4.430664e-01 -6.000000e-03 7.765000e-01 -3.193964e-01 4.431496e-01
-5.000000e-03 7.755000e-01 -3.195084e-01 4.429833e-01 -5.500000e-03 7.760000e-01 -3.194531e-01 4.430664e-01
-5.280000e-01 7.765000e-01 -2.413229e-01 4.263922e-01 -5.275000e-01 7.770000e-01 -2.413855e-01 4.264958e-01
-5.275000e-01 7.770000e-01 -2.413855e-01 4.264958e-01 -5.270000e-01 7.775000e-01 -2.414496e-01 4.265996e-01
-6.000000e-03 7.765000e-01 -3.193964e-01 4.431496e-01 -6.000000e-03 7.775000e-01 -3.190519e-01 4.436622e-01
-5.270000e-01 7.775000e-01 -2.414496e-01 4.265996e-01 -5.270000e-01 7.785000e-01 -2.417736e-01 4.271334e-01
-6.000000e-03 7.775000e-01 -3.190519e-01 4.436622e-01 -6.000000e-03 7.785000e-01 -3.187080e-01 4.441763e-01
-5.270000e-01 7.785000e-01 -2.417736e-01 4.271334e-01 -5.265000e-01 7.790000e-01 -2.418370e-01 4.272394e-01
-5.265000e-01 7.790000e-01 -2.418370e-01 4.272394e-01 -5.260000e-01 7.795000e-01 -2.419017e-01 4.273457e-01
-6.500000e-03 7.790000e-01 -3.186514e-01 4.442622e-01 -7.000000e-03 7.795000e-01 -3.185935e-01 4.443483e-01
-6.000000e-03 7.785000e-01 -3.187080e-01 4.441763e-01 -6.500000e-03 7.790000e-01 -3.186514e-01 4.442622e-01
-5.260000e-01 7.795000e-01 -2.419017e-01 4.273457e-01 -5.260000e-01 7.805000e-01 -2.422244e-01 4.278831e-01
-7.000000e-03 7.795000e-01 -3.185935e-01 4.443483e-01 -7.000000e-03 7.805000e-01 -3.182502e-01 4.448655e-01
-5.260000e-01 7.805000e-01 -2.422244e-01 4.278831e-01 -5.255000e-01 7.810000e-01 -2.422885e-01 4.279916e-01
-5.255000e-01 7.810000e-01 -2.422885e-01 4.279916e-01 -5.250000e-01 7.815000e-01 -2.423539e-01 4.281002e-01
-7.000000e-03 7.805000e-01 -3.182502e-01 4.448655e-01 -7.000000e-03 7.815000e-01 -3.179073e-01 4.453842e-01
-5.250000e-01 7.815000e-01 -2.423539e-01 4.281002e-01 -5.250000e-01 7.825000e-01 -2.426753e-01 4.286412e-01
-7.500000e-03 7.820000e-01 -3.178496e-01 4.454731e-01 -8.000000e-03 7.825000e-01 -3.177906e-01 4.455620e-01
-7.000000e-03 7.815000e-01 -3.179073e-01 4.453842e-01 -7.500000e-03 7.820000e-01 -3.178496e-01 4.454731e-01
-5.250000e-01 7.825000e-01 -2.426753e-01 4.286412e-01 -5.245000e-01 7.830000e-01 -2.427400e-01 4.287520e-01
-5.245000e-01 7.830000e-01 -2.427400e-01 4.287520e-01 -5.240000e-01 7.835000e-01 -2.428061e-01 4.288632e-01
-8.000000e-03 7.825000e-01 -3.177906e-01 4.455620e-01 -8.000000e-03 7.835000e-01 -3.174484e-01 4.460839e-01
-5.240000e-01 7.835000e-01 -2.428061e-01 4.288632e-01 -5.240000e-01 7.845000e-01 -2.431261e-01 4.294077e-01
-8.000000e-03 7.835000e-01 -3.174484e-01 4.460839e-01 -8.000000e-03 7.845000e-01 -3.171066e-01 4.466071e-01
-5.240000e-01 7.845000e-01 -2.431261e-01 4.294077e-01 -5.235000e-01 7.850000e-01 -2.431915e-01 4.295209e-01
-5.235000e-01 7.850000e-01 -2.431915e-01 4.295209e-01 -5.230000e-01 7.855000e-01 -2.432582e-01 4.296346e-01
-8.500000e-03 7.850000e-01 -3.170479e-01 4.466988e-01 -9.000000e-03 7.855000e-01 -3.169877e-01 4.467906e-01
-8.000000e-03 7.845000e-01 -3.171066e-01 4.466071e-01 -8.500000e-03 7.850000e-01 -3.170479e-01 4.466988e-01
-5.230000e-01 7.855000e-01 -2.432582e-01 4.296346e-01 -5.225000e-01 7.860000e-01 -2.433245e-01 4.297492e-01
-5.225000e-01 7.860000e-01 -2.433245e-01 4.297492e-01 -5.220000e-01 7.865000e-01 -2.433922e-01 4.298642e-01
-9.000000e-03 7.855000e-01 -3.169877e-01 4.467906e-01 -9.000000e-03 7.865000e-01 -3.166467e-01 4.473170e-01
-5.220000e-01 7.865000e-01 -2.433922e-01 4.298642e-01 -5.220000e-01 7.875000e-01 -2.437101e-01 4.304143e-01
-9.500000e-03 7.870000e-01 -3.165867e-01 4.474107e-01 -1.000000e-02 7.875000e-01 -3.165254e-01 4.475044e-01
-9.000000e-03 7.865000e-01 -3.166467e-01 4.473170e-01 -9.500000e-03 7.870000e-01 -3.165867e-01 4.474107e-01
-5.220000e-01 7.875000e-01 -2.437101e-01 4.304143e-01 -5.215000e-01 7.880000e-01 -2.437770e-01 4.305313e-01
-5.215000e-01 7.880000e-01 -2.437770e-01 4.305313e-01 -5.210000e-01 7.885000e-01 -2.438453e-01 4.306488e-01
-1.000000e-02 7.875000e-01 -3.165254e-01 4.475044e-01 -1.000000e-02 7.885000e-01 -3.161851e-01 4.480340e-01
-5.210000e-01 7.885000e-01 -2.438453e-01 4.306488e-01 -5.210000e-01 7.895000e-01 -2.441618e-01 4.312023e-01
-1.000000e-02 7.885000e-01 -3.161851e-01 4.480340e-01 -1.000000e-02 7.895000e-01 -3.158453e-01 4.485650e-01
-5.210000e-01 7.895000e-01 -2.441618e-01 4.312023e-01 -5.205000e-01 7.900000e-01 -2.442293e-01 4.313218e-01
-5.205000e-01 7.900000e-01 -2.442293e-01 4.313218e-01 -5.200000e-01 7.905000e-01 -2.442980e-01 4.314416e-01
-1.050000e-02 7.900000e-01 -3.157844e-01 4.486615e-01 -1.100000e-02 7.905000e-01 -3.157220e-01 4.487581e-01
-1.000000e-02 7.895000e-01 -3.158453e-01 4.485650e-01 -1.050000e-02 7.900000e-01 -3.157844e-01 4.486615e-01
-5.200000e-01 7.905000e-01 -2.442980e-01 4.314416e-01 -5.200000e-01 7.915000e-01 -2.446131e-01 4.319985e-01
-1.100000e-02 7.905000e-01 -3.157220e-01 4.487581e-01 -1.100000e-02 7.915000e-01 -3.153830e-01 4.492923e-01
-5.200000e-01 7.915000e-01 -2.446131e-01 4.319985e-01 -5.195000e-01 7.920000e-01 -2.446812e-01 4.321204e-01
-5.195000e-01 7.920000e-01 -2.446812e-01 4.321204e-01 -5.190000e-01 7.925000e-01 -2.447504e-01 4.322427e-01
-1.100000e-02 7.915000e-01 -3.153830e-01 4.492923e-01 -1.100000e-02 7.925000e-01 -3.150445e-01 4.498277e-01
-5.190000e-01 7.925000e-01 -2.447504e-01 4.322427e-01 -5.190000e-01 7.935000e-01 -2.450641e-01 4.328031e-01
-1.150000e-02 7.930000e-01 -3.149825e-01 4.499271e-01 -1.200000e-02 7.935000e-01 -3.149193e-01 4.500266e-01
-1.100000e-02 7.925000e-01 -3.150445e-01 4.498277e-01 -1.150000e-02 7.930000e-01 -3.149825e-01 4.499271e-01
-5.190000e-01 7.935000e-01 -2.450641e-01 4.328031e-01 -5.185000e-01 7.940000e-01 -2.451327e-01 4.329274e-01
-5.185000e-01 7.940000e-01 -2.451327e-01 4.329274e-01 -5.180000e-01 7.945000e-01 -2.452025e-01 4.330521e-01
-1.200000e-02 7.935000e-01 -3.149193e-01 4.500266e-01 -1.200000e-02 7.945000e-01 -3.145815e-01 4.505652e-01
-5.180000e-01 7.945000e-01 -2.452025e-01 4.330521e-01 -5.180000e-01 7.955000e-01 -2.455147e-01 4.336158e-01
-1.200000e-02 7.945000e-01 -3.145815e-01 4.505652e-01 -1.200000e-02 7.955000e-01 -3.142444e-01 4.511050e-01
-5.180000e-01 7.955000e-01 -2.455147e-01 4.336158e-01 -5.175000e-01 7.960000e-01 -2.455837e-01 4.337425e-01
-5.175000e-01 7.960000e-01 -2.455837e-01 4.337425e-01 -5.170000e-01 7.965000e-01 -2.456540e-01 4.338696e-01
-1.250000e-02 7.960000e-01 -3.141815e-01 4.512073e-01 -1.300000e-02 7.965000e-01 -3.141173e-01 4.513097e-01
-1.200000e-02 7.955000e-01 -3.142444e-01 4.511050e-01 -1.250000e-02 7.960000e-01 -3.141815e-01 4.512073e-01
-5.170000e-01 7.965000e-01 -2.456540e-01 4.338696e-01 -5.165000e-01 7.970000e-01 -2.457238e-01 4.339978e-01
-5.165000e-01 7.970000e-01 -2.457238e-01 4.339978e-01 -5.160000e-01 7.975000e-01 -2.457950e-01 4.341263e-01
-1.300000e-02 7.965000e-01 -3.141173e-01 4.513097e-01 -1.300000e-02 7.975000e-01 -3.137810e-01 4.518526e-01
-5.160000e-01 7.975000e-01 -2.457950e-01 4.341263e-01 -5.160000e-01 7.985000e-01 -2.461049e-01 4.346953e-01
-1.350000e-02 7.980000e-01 -3.137171e-01 4.519568e-01 -1.400000e-02 7.985000e-01 -3.136519e-01 4.520612e-01
-1.300000e-02 7.975000e-01 -3.137810e-01 4.518526e-01 -1.350000e-02 7.980000e-01 -3.137171e-01 4.519568e-01
-5.160000e-01 7.985000e-01 -2.461049e-01 4.346953e-01 -5.155000e-01 7.990000e-01 -2.461752e-01 4.348258e-01
-5.155000e-01 7.990000e-01 -2.461752e-01 4.348258e-01 -5.150000e-01 7.995000e-01 -2.462468e-01 4.349568e-01
-1.400000e-02 7.985000e-01 -3.136519e-01 4.520612e-01 -1.400000e-02 7.995000e-01 -3.133163e-01 4.526073e-01
-5.150000e-01 7.995000e-01 -2.462468e-01 4.349568e-01 -5.150000e-01 8.005000e-01 -2.465552e-01 4.355291e-01
-1.400000e-02 7.995000e-01 -3.133163e-01 4.526073e-01 -1.400000e-02 8.005000e-01 -3.129814e-01 4.531546e-01
-5.150000e-01 8.005000e-01 -2.465552e-01 4.355291e-01 -5.145000e-01 8.010000e-01 -2.466259e-01 4.356620e-01
-5.145000e-01 8.010000e-01 -2.466259e-01 4.356620e-01 -5.140000e-01 8.015000e-01 -2.466979e-01 4.357953e-01
-1.450000e-02 8.010000e-01 -3.129167e-01 4.532617e-01 -1.500000e-02 8.015000e-01 -3.128507e-01 4.533689e-01
-1.400000e-02 8.005000e-01 -3.129814e-01 4.531546e-01 -1.450000e-02 8.010000e-01 -3.129167e-01 4.532617e-01
-5.140000e-01 8.015000e-01 -2.466979e-01 4.357953e-01 -5.140000e-01 8.025000e-01 -2.470048e-01 4.363709e-01
-1.500000e-02 8.015000e-01 -3.128507e-01 4.533689e-01 -1.500000e-02 8.025000e-01 -3.125166e-01 4.539193e-01
-5.140000e-01 8.025000e-01 -2.470048e-01 4.363709e-01 -5.135000e-01 8.030000e-01 -2.470759e-01 4.365062e-01
-5.135000e-01 8.030000e-01 -2.470759e-01 4.365062e-01 -5.130000e-01 8.035000e-01 -2.471482e-01 4.366420e-01
-1.500000e-02 8.025000e-01 -3.125166e-01 4.539193e-01 -1.500000e-02 8.035000e-01 -3.121830e-01 4.544710e-01
-5.130000e-01 8.035000e-01 -2.471482e-01 4.366420e-01 -5.130000e-01 8.045000e-01 -2.474536e-01 4.372208e-01
-1.550000e-02 8.040000e-01 -3.121175e-01 4.545809e-01 -1.600000e-02 8.045000e-01 -3.120508e-01 4.546910e-01
-1.500000e-02 8.035000e-01 -3.121830e-01 4.544710e-01 -1.550000e-02 8.040000e-01 -3.121175e-01 4.545809e-01
-5.130000e-01 8.045000e-01 -2.474536e-01 4.372208e-01 -5.125000e-01 8.050000e-01 -2.475250e-01 4.373585e-01
-5.125000e-01 8.050000e-01 -2.475250e-01 4.373585e-01 -5.120000e-01 8.055000e-01 -2.475977e-01 4.374966e-01
-1.600000e-02 8.045000e-01 -3.120508e-01 4.546910e-01 -1.600000e-02 8.055000e-01 -3.117181e-01 4.552457e-01
-5.120000e-01 8.055000e-01 -2.475977e-01 4.374966e-01 -5.115000e-01 8.060000e-01 -2.476700e-01 4.376358e-01
-5.115000e-01 8.060000e-01 -2.476700e-01 4.376358e-01 -5.110000e-01 8.065000e-01 -2.477434e-01 4.377753e-01
-1.650000e-02 8.060000e-01 -3.116518e-01 4.553576e-01 -1.700000e-02 8.065000e-01 -3.115841e-01 4.554697e-01
-1.600000e-02 8.055000e-01 -3.117181e-01 4.552457e-01 -1.650000e-02 8.060000e-01 -3.116518e-01 4.553576e-01
-5.110000e-01 8.065000e-01 -2.477434e-01 4.377753e-01 -5.110000e-01 8.075000e-01 -2.480464e-01 4.383593e-01
-1.700000e-02 8.065000e-01 -3.115841e-01 4.554697e-01 -1.700000e-02 8.075000e-01 -3.112524e-01 4.560274e-01
-5.110000e-01 8.075000e-01 -2.480464e-01 4.383593e-01 -5.105000e-01 8.080000e-01 -2.481189e-01 4.385008e-01
-5.105000e-01 8.080000e-01 -2.481189e-01 4.385008e-01 -5.100000e-01 8.085000e-01 -2.481927e-01 4.386427e-01
-1.700000e-02 8.075000e-01 -3.112524e-01 4.560274e-01 -1.700000e-02 8.085000e-01 -3.109212e-01 4.565864e-01
-5.100000e-01 8.085000e-01 -2.481927e-01 4.386427e-01 -5.100000e-01 8.095000e-01 -2.484940e-01 4.392299e-01
-1.750000e-02 8.090000e-01 -3.108542e-01 4.567011e-01 -1.800000e-02 8.095000e-01 -3.107858e-01 4.568161e-01
-1.700000e-02 8.085000e-01 -3.109212e-01 4.565864e-01 -1.750000e-02 8.090000e-01 -3.108542e-01 4.567011e-01
-5.100000e-01 8.095000e-01 -2.484940e-01 4.392299e-01 -5.095000e-01 8.100000e-01 -2.485669e-01 4.393737e-01
-5.095000e-01 8.100000e-01 -2.485669e-01 4.393737e-01 -5.090000e-01 8.105000e-01 -2.486409e-01 4.395180e-01
-1.800000e-02 8.095000e-01 -3.107858e-01 4.568161e-01 -1.800000e-02 8.105000e-01 -3.104556e-01 4.573781e-01
-5.090000e-01 8.105000e-01 -2.486409e-01 4.395180e-01 -5.090000e-01 8.115000e-01 -2.489407e-01 4.401083e-01
-1.850000e-02 8.110000e-01 -3.103877e-01 4.574948e-01 -1.900000e-02 8.115000e-01 -3.103185e-01 4.576118e-01
-1.800000e-02 8.105000e-01 -3.104556e-01 4.573781e-01 -1.850000e-02 8.110000e-01 -3.103877e-01 4.574948e-01
-5.090000e-01 8.115000e-01 -2.489407e-01 4.401083e-01 -5.085000e-01 8.120000e-01 -2.490138e-01 4.402545e-01
-5.085000e-01 8.120000e-01 -2.490138e-01 4.402545e-01 -5.080000e-01 8.125000e-01 -2.490881e-01 4.404012e-01
-1.900000e-02 8.115000e-01 -3.103185e-01 4.576118e-01 -1.900000e-02 8.125000e-01 -3.099893e-01 4.581767e-01
-5.080000e-01 8.125000e-01 -2.490881e-01 4.404012e-01 -5.075000e-01 8.130000e-01 -2.491619e-01 4.405488e-01
-5.075000e-01 8.130000e-01 -2.491619e-01 4.405488e-01 -5.070000e-01 8.135000e-01 -2.492369e-01 4.406969e-01
-1.900000e-02 8.125000e-01 -3.099893e-01 4.581767e-01 -1.900000e-02 8.135000e-01 -3.096606e-01 4.587428e-01
-5.070000e-01 8.135000e-01 -2.492369e-01 4.406969e-01 -5.070000e-01 8.145000e-01 -2.495342e-01 4.412922e-01
-1.950000e-02 8.140000e-01 -3.095922e-01 4.588624e-01 -2.000000e-02 8.145000e-01 -3.095224e-01 4.589822e-01
-1.900000e-02 8.135000e-01 -3.096606e-01 4.587428e-01 -1.950000e-02 8.140000e-01 -3.095922e-01 4.588624e-01
-5.070000e-01 8.145000e-01 -2.495342e-01 4.412922e-01 -5.065000e-01 8.150000e-01 -2.496082e-01 4.414422e-01
-5.065000e-01 8.150000e-01 -2.496082e-01 4.414422e-01 -5.060000e-01 8.155000e-01 -2.496834e-01 4.415927e-01
-2.000000e-02 8.145000e-01 -3.095224e-01 4.589822e-01 -2.000000e-02 8.155000e-01 -3.091948e-01 4.595513e-01
-5.060000e-01 8.155000e-01 -2.496834e-01 4.415927e-01 -5.060000e-01 8.165000e-01 -2.499790e-01 4.421911e-01
-2.050000e-02 8.160000e-01 -3.091255e-01 4.596729e-01 -2.100000e-02 8.165000e-01 -3.090550e-01 4.597947e-01
-2.000000e-02 8.155000e-01 -3.091948e-01 4.595513e-01 -2.050000e-02 8.160000e-01 -3.091255e-01 4.596729e-01
-5.060000e-01 8.165000e-01 -2.499790e-01 4.421911e-01 -5.055000e-01 8.170000e-01 -2.500533e-01 4.423434e-01
-5.055000e-01 8.170000e-01 -2.500533e-01 4.423434e-01 -5.050000e-01 8.175000e-01 -2.501287e-01 4.424962e-01
-2.100000e-02 8.165000e-01 -3.090550e-01 4.597947e-01 -2.100000e-02 8.175000e-01 -3.087284e-01 4.603667e-01
-5.050000e-01 8.175000e-01 -2.501287e-01 4.424962e-01 -5.045000e-01 8.180000e-01 -2.502036e-01 4.426499e-01
-5.045000e-01 8.180000e-01 -2.502036e-01 4.426499e-01 -5.040000e-01 8.185000e-01 -2.502796e-01 4.428041e-01
-2.100000e-02 8.175000e-01 -3.087284e-01 4.603667e-01 -2.100000e-02 8.185000e-01 -3.084023e-01 4.609399e-01
-5.040000e-01 8.185000e-01 -2.502796e-01 4.428041e-01 -5.040000e-01 8.195000e-01 -2.505726e-01 4.434074e-01
-2.150000e-02 8.190000e-01 -3.083326e-01 4.610643e-01 -2.200000e-02 8.195000e-01 -3.082616e-01 4.611890e-01
-2.100000e-02 8.185000e-01 -3.084023e-01 4.609399e-01 -2.150000e-02 8.190000e-01 -3.083326e-01 4.610643e-01
-5.040000e-01 8.195000e-01 -2.505726e-01 4.434074e-01 -5.035000e-01 8.200000e-01 -2.506477e-01 4.435635e-01
-5.035000e-01 8.200000e-01 -2.506477e-01 4.435635e-01 -5.030000e-01 8.205000e-01 -2.507239e-01 4.437201e-01
-2.200000e-02 8.195000e-01 -3.082616e-01 4.611890e-01 -2.200000e-02 8.205000e-01 -3.079366e-01 4.617651e-01
-5.030000e-01 8.205000e-01 -2.507239e-01 4.437201e-01 -5.030000e-01 8.215000e-01 -2.510152e-01 4.443264e-01
-2.250000e-02 8.210000e-01 -3.078661e-01 4.618915e-01 -2.300000e-02 8.215000e-01 -3.077944e-01 4.620182e-01
-2.200000e-02 8.205000e-01 -3.079366e-01 4.617651e-01 -2.250000e-02 8.210000e-01 -3.078661e-01 4.618915e-01
-5.030000e-01 8.215000e-01 -2.510152e-01 4.443264e-01 -5.025000e-01 8.220000e-01 -2.510904e-01 4.444848e-01
-5.025000e-01 8.220000e-01 -2.510904e-01 4.444848e-01 -5.020000e-01 8.225000e-01 -2.511667e-01 4.446437e-01
-2.300000e-02 8.215000e-01 -3.077944e-01 4.620182e-01 -2.300000e-02 8.225000e-01 -3.074704e-01 4.625971e-01
-5.020000e-01 8.225000e-01 -2.511667e-01 4.446437e-01 -5.020000e-01 8.235000e-01 -2.514563e-01 4.452530e-01
-2.350000e-02 8.230000e-01 -3.073993e-01 4.627255e-01 -2.400000e-02 8.235000e-01 -3.073269e-01 4.628542e-01
-2.300000e-02 8.225000e-01 -3.074704e-01 4.625971e-01 -2.350000e-02 8.230000e-01 -3.073993e-01 4.627255e-01
-5.020000e-01 8.235000e-01 -2.514563e-01 4.452530e-01 -5.015000e-01 8.240000e-01 -2.515317e-01 4.454138e-01
-5.015000e-01 8.240000e-01 -2.515317e-01 4.454138e-01 -5.010000e-01 8.245000e-01 -2.516081e-01 4.455750e-01
-2.400000e-02 8.235000e-01 -3.073269e-01 4.628542e-01 -2.400000e-02 8.245000e-01 -3.070041e-01 4.634360e-01
-5.010000e-01 8.245000e-01 -2.516081e-01 4.455750e-01 -5.005000e-01 8.250000e-01 -2.516840e-01 4.457371e-01
-5.005000e-01 8.250000e-01 -2.516840e-01 4.457371e-01 -5.000000e-01 8.255000e-01 -2.517610e-01 4.458998e-01
-2.400000e-02 8.245000e-01 -3.070041e-01 4.634360e-01 -2.400000e-02 8.255000e-01 -3.066819e-01 4.640190e-01
-5.000000e-01 8.255000e-01 -2.517610e-01 4.458998e-01 -5.000000e-01 8.265000e-01 -2.520479e-01 4.465139e-01
-2.450000e-02 8.260000e-01 -3.066103e-01 4.641502e-01 -2.500000e-02 8.265000e-01 -3.065376e-01 4.642818e-01
-2.400000e-02 8.255000e-01 -3.066819e-01 4.640190e-01 -2.450000e-02 8.260000e-01 -3.066103e-01 4.641502e-01
-5.000000e-01 8.265000e-01 -2.520479e-01 4.465139e-01 -4.995000e-01 8.270000e-01 -2.521239e-01 4.466783e-01
-4.995000e-01 8.270000e-01 -2.521239e-01 4.466783e-01 -4.990000e-01 8.275000e-01 -2.522010e-01 4.468433e-01
-2.500000e-02 8.265000e-01 -3.065376e-01 4.642818e-01 -2.500000e-02 8.275000e-01 -3.062165e-01 4.648676e-01
-4.990000e-01 8.275000e-01 -2.522010e-01 4.468433e-01 -4.990000e-01 8.285000e-01 -2.524862e-01 4.474603e-01
-2.550000e-02 8.280000e-01 -3.061443e-01 4.650008e-01 -2.600000e-02 8.285000e-01 -3.060709e-01 4.651343e-01
-2.500000e-02 8.275000e-01 -3.062165e-01 4.648676e-01 -2.550000e-02 8.280000e-01 -3.061443e-01 4.650008e-01
-4.990000e-01 8.285000e-01 -2.524862e-01 4.474603e-01 -4.985000e-01 8.290000e-01 -2.525622e-01 4.476270e-01
-4.985000e-01 8.290000e-01 -2.525622e-01 4.476270e-01 -4.980000e-01 8.295000e-01 -2.526393e-01 4.477943e-01
-2.600000e-02 8.285000e-01 -3.060709e-01 4.651343e-01 -2.600000e-02 8.295000e-01 -3.057510e-01 4.657230e-01
-4.980000e-01 8.295000e-01 -2.526393e-01 4.477943e-01 -4.975000e-01 8.300000e-01 -2.527159e-01 4.479625e-01
-4.975000e-01 8.300000e-01 -2.527159e-01 4.479625e-01 -4.970000e-01 8.305000e-01 -2.527935e-01 4.481312e-01
-2.650000e-02 8.300000e-01 -3.056782e-01 4.658582e-01 -2.700000e-02 8.305000e-01 -3.056043e-01 4.659937e-01
-2.600000e-02 8.295000e-01 -3.057510e-01 4.657230e-01 -2.650000e-02 8.300000e-01 -3.056782e-01 4.658582e-01
-4.970000e-01 8.305000e-01 -2.527935e-01 4.481312e-01 -4.970000e-01 8.315000e-01 -2.530760e-01 4.487528e-01
-2.700000e-02 8.305000e-01 -3.056043e-01 4.659937e-01 -2.700000e-02 8.315000e-01 -3.052855e-01 4.665851e-01
-4.970000e-01 8.315000e-01 -2.530760e-01 4.487528e-01 -4.965000e-01 8.320000e-01 -2.531526e-01 4.489233e-01
-4.965000e-01 8.320000e-01 -2.531526e-01 4.489233e-01 -4.960000e-01 8.325000e-01 -2.532302e-01 4.490943e-01
-2.750000e-02 8.320000e-01 -3.052121e-01 4.667223e-01 -2.800000e-02 8.325000e-01 -3.051376e-01 4.668598e-01
-2.700000e-02 8.315000e-01 -3.052855e-01 4.665851e-01 -2.750000e-02 8.320000e-01 -3.052121e-01 4.667223e-01
-4.960000e-01 8.325000e-01 -2.532302e-01 4.490943e-01 -4.960000e-01 8.335000e-01 -2.535109e-01 4.497187e-01
-2.800000e-02 8.325000e-01 -3.051376e-01 4.668598e-01 -2.800000e-02 8.335000e-01 -3.048201e-01 4.674540e-01
-4.960000e-01 8.335000e-01 -2.535109e-01 4.497187e-01 -4.955000e-01 8.340000e-01 -2.535875e-01 4.498915e-01
-4.955000e-01 8.340000e-01 -2.535875e-01 4.498915e-01 -4.950000e-01 8.345000e-01 -2.536651e-01 4.500648e-01
-2.800000e-02 8.335000e-01 -3.048201e-01 4.674540e-01 -2.800000e-02 8.345000e-01 -3.045030e-01 4.680494e-01
-4.950000e-01 8.345000e-01 -2.536651e-01 4.500648e-01 -4.945000e-01 8.350000e-01 -2.537421e-01 4.502390e-01
-4.945000e-01 8.350000e-01 -2.537421e-01 4.502390e-01 -4.940000e-01 8.355000e-01 -2.538202e-01 4.504136e-01
-2.850000e-02 8.350000e-01 -3.044295e-01 4.681894e-01 -2.900000e-02 8.355000e-01 -3.043547e-01 4.683297e-01
-2.800000e-02 8.345000e-01 -3.045030e-01 4.680494e-01 -2.850000e-02 8.350000e-01 -3.044295e-01 4.681894e-01
-4.940000e-01 8.355000e-01 -2.538202e-01 4.504136e-01 -4.940000e-01 8.365000e-01 -2.540981e-01 4.510427e-01
-2.900000e-02 8.355000e-01 -3.043547e-01 4.683297e-01 -2.900000e-02 8.365000e-01 -3.040390e-01 4.689278e-01
-4.940000e-01 8.365000e-01 -2.540981e-01 4.510427e-01 -4.935000e-01 8.370000e-01 -2.541751e-01 4.512191e-01
-4.935000e-01 8.370000e-01 -2.541751e-01 4.512191e-01 -4.930000e-01 8.375000e-01 -2.542531e-01 4.513961e-01
-2.950000e-02 8.370000e-01 -3.039648e-01 4.690698e-01 -3.000000e-02 8.375000e-01 -3.038896e-01 4.692121e-01
-2.900000e-02 8.365000e-01 -3.040390e-01 4.689278e-01 -2.950000e-02 8.370000e-01 -3.039648e-01 4.690698e-01
-4.930000e-01 8.375000e-01 -2.542531e-01 4.513961e-01 -4.925000e-01 8.380000e-01 -2.543306e-01 4.515740e-01
-4.925000e-01 8.380000e-01 -2.543306e-01 4.515740e-01 -4.920000e-01 8.385000e-01 -2.544091e-01 4.517523e-01
-3.000000e-02 8.375000e-01 -3.038896e-01 4.692121e-01 -3.000000e-02 8.385000e-01 -3.035751e-01 4.698130e-01
-4.920000e-01 8.385000e-01 -2.544091e-01 4.517523e-01 -4.920000e-01 8.395000e-01 -2.546841e-01 4.523859e-01
-3.050000e-02 8.390000e-01 -3.035005e-01 4.699570e-01 -3.100000e-02 8.395000e-01 -3.034248e-01 4.701013e-01
-3.000000e-02 8.385000e-01 -3.035751e-01 4.698130e-01 -3.050000e-02 8.390000e-01 -3.035005e-01 4.699570e-01
-4.920000e-01 8.395000e-01 -2.546841e-01 4.523859e-01 -4.915000e-01 8.400000e-01 -2.547615e-01 4.525660e-01
-4.915000e-01 8.400000e-01 -2.547615e-01 4.525660e-01 -4.910000e-01 8.405000e-01 -2.548399e-01 4.527466e-01
-3.100000e-02 8.395000e-01 -3.034248e-01 4.701013e-01 -3.100000e-02 8.405000e-01 -3.031115e-01 4.707049e-01
-4.910000e-01 8.405000e-01 -2.548399e-01 4.527466e-01 -4.910000e-01 8.415000e-01 -2.551131e-01 4.533829e-01
-3.150000e-02 8.410000e-01 -3.030365e-01 4.708508e-01 -3.200000e-02 8.415000e-01 -3.029604e-01 4.709971e-01
-3.100000e-02 8.405000e-01 -3.031115e-01 4.707049e-01 -3.150000e-02 8.410000e-01 -3.030365e-01 4.708508e-01
-4.910000e-01 8.415000e-01 -2.551131e-01 4.533829e-01 -4.905000e-01 8.420000e-01 -2.551904e-01 4.535652e-01
-4.905000e-01 8.420000e-01 -2.551904e-01 4.535652e-01 -4.900000e-01 8.425000e-01 -2.552687e-01 4.537482e-01
-3.200000e-02 8.415000e-01 -3.029604e-01 4.709971e-01 -3.200000e-02 8.425000e-01 -3.026483e-01 4.716034e-01
-4.900000e-01 8.425000e-01 -2.552687e-01 4.537482e-01 -4.895000e-01 8.430000e-01 -2.553464e-01 4.539319e-01
-4.895000e-01 8.430000e-01 -2.553464e-01 4.539319e-01 -4.890000e-01 8.435000e-01 -2.554251e-01 4.541163e-01
-3.250000e-02 8.430000e-01 -3.025729e-01 4.717513e-01 -3.300000e-02 8.435000e-01 -3.024963e-01 4.718996e-01
-3.200000e-02 8.425000e-01 -3.026483e-01 4.716034e-01 -3.250000e-02 8.430000e-01 -3.025729e-01 4.717513e-01
-4.890000e-01 8.435000e-01 -2.554251e-01 4.541163e-01 -4.890000e-01 8.445000e-01 -2.556954e-01 4.547569e-01
-3.300000e-02 8.435000e-01 -3.024963e-01 4.718996e-01 -3.300000e-02 8.445000e-01 -3.021855e-01 4.725086e-01
-4.890000e-01 8.445000e-01 -2.556954e-01 4.547569e-01 -4.885000e-01 8.450000e-01 -2.557729e-01 4.549429e-01
-4.885000e-01 8.450000e-01 -2.557729e-01 4.549429e-01 -4.880000e-01 8.455000e-01 -2.558514e-01 4.551295e-01
-3.350000e-02 8.450000e-01 -3.021097e-01 4.726585e-01 -3.400000e-02 8.455000e-01 -3.020328e-01 4.728088e-01
-3.300000e-02 8.445000e-01 -3.021855e-01 4.725086e-01 -3.350000e-02 8.450000e-01 -3.021097e-01 4.726585e-01
-4.880000e-01 8.455000e-01 -2.558514e-01 4.551295e-01 -4.875000e-01 8.460000e-01 -2.559294e-01 4.553169e-01
-4.875000e-01 8.460000e-01 -2.559294e-01 4.553169e-01 -4.870000e-01 8.465000e-01 -2.560083e-01 4.555049e-01
-3.400000e-02 8.455000e-01 -3.020328e-01 4.728088e-01 -3.400000e-02 8.465000e-01 -3.017233e-01 4.734204e-01
-4.870000e-01 8.465000e-01 -2.560083e-01 4.555049e-01 -4.870000e-01 8.475000e-01 -2.562756e-01 4.561498e-01
-3.450000e-02 8.470000e-01 -3.016471e-01 4.735723e-01 -3.500000e-02 8.475000e-01 -3.015698e-01 4.737246e-01
-3.400000e-02 8.465000e-01 -3.017233e-01 4.734204e-01 -3.450000e-02 8.470000e-01 -3.016471e-01 4.735723e-01
-4.870000e-01 8.475000e-01 -2.562756e-01 4.561498e-01 -4.865000e-01 8.480000e-01 -2.563534e-01 4.563394e-01
-4.865000e-01 8.480000e-01 -2.563534e-01 4.563394e-01 -4.860000e-01 8.485000e-01 -2.564321e-01 4.565297e-01
-3.500000e-02 8.475000e-01 -3.015698e-01 4.737246e-01 -3.500000e-02 8.485000e-01 -3.012616e-01 4.743389e-01
-4.860000e-01 8.485000e-01 -2.564321e-01 4.565297e-01 -4.855000e-01 8.490000e-01 -2.565102e-01 4.567207e-01
-4.855000e-01 8.490000e-01 -2.565102e-01 4.567207e-01 -4.850000e-01 8.495000e-01 -2.565892e-01 4.569123e-01
-3.550000e-02 8.490000e-01 -3.011851e-01 4.744928e-01 -3.600000e-02 8.495000e-01 -3.011074e-01 4.746470e-01
-3.500000e-02 8.485000e-01 -3.012616e-01 4.743389e-01 -3.550000e-02 8.490000e-01 -3.011851e-01 4.744928e-01
-4.850000e-01 8.495000e-01 -2.565892e-01 4.569123e-01 -4.850000e-01 8.505000e-01 -2.568536e-01 4.575616e-01
-3.600000e-02 8.495000e-01 -3.011074e-01 4.746470e-01 -3.600000e-02 8.505000e-01 -3.008006e-01 4.752640e-01
-4.850000e-01 8.505000e-01 -2.568536e-01 4.575616e-01 -4.845000e-01 8.510000e-01 -2.569315e-01 4.577548e-01
-4.845000e-01 8.510000e-01 -2.569315e-01 4.577548e-01 -4.840000e-01 8.515000e-01 -2.570103e-01 4.579486e-01
-3.650000e-02 8.510000e-01 -3.007237e-01 4.754198e-01 -3.700000e-02 8.515000e-01 -3.006457e-01 4.755761e-01
-3.600000e-02 8.505000e-01 -3.008006e-01 4.752640e-01 -3.650000e-02 8.510000e-01 -3.007237e-01 4.754198e-01
-4.840000e-01 8.515000e-01 -2.570103e-01 4.579486e-01 -4.835000e-01 8.520000e-01 -2.570886e-01 4.581433e-01
-4.835000e-01 8.520000e-01 -2.570886e-01 4.581433e-01 -4.830000e-01 8.525000e-01 -2.571677e-01 4.583385e-01
-3.700000e-02 8.515000e-01 -3.006457e-01 4.755761e-01 -3.700000e-02 8.525000e-01 -3.003403e-01 4.761956e-01
-4.830000e-01 8.525000e-01 -2.571677e-01 4.583385e-01 -4.830000e-01 8.535000e-01 -2.574291e-01 4.589919e-01
-3.750000e-02 8.530000e-01 -3.002631e-01 4.763535e-01 -3.800000e-02 8.535000e-01 -3.001849e-01 4.765117e-01
-3.700000e-02 8.525000e-01 -3.003403e-01 4.761956e-01 -3.750000e-02 8.530000e-01 -3.002631e-01 4.763535e-01
-4.830000e-01 8.535000e-01 -2.574291e-01 4.589919e-01 -4.825000e-01 8.540000e-01 -2.575070e-01 4.591888e-01
-4.825000e-01 8.540000e-01 -2.575070e-01 4.591888e-01 -4.820000e-01 8.545000e-01 -2.575859e-01 4.593862e-01
-3.800000e-02 8.535000e-01 -3.001849e-01 4.765117e-01 -3.800000e-02 8.545000e-01 -2.998807e-01 4.771338e-01
-4.820000e-01 8.545000e-01 -2.575859e-01 4.593862e-01 -4.820000e-01 8.555000e-01 -2.578454e-01 4.600422e-01
-3.850000e-02 8.550000e-01 -2.998032e-01 4.772937e-01 -3.900000e-02 8.555000e-01 -2.997248e-01 4.774538e-01
-3.800000e-02 8.545000e-01 -2.998807e-01 4.771338e-01 -3.850000e-02 8.550000e-01 -2.998032e-01 4.772937e-01
-4.820000e-01 8.555000e-01 -2.578454e-01 4.600422e-01 -4.815000e-01 8.560000e-01 -2.579231e-01 4.602412e-01
-4.815000e-01 8.560000e-01 -2.579231e-01 4.602412e-01 -4.810000e-01 8.565000e-01 -2.580016e-01 4.604408e-01
-3.900000e-02 8.555000e-01 -2.997248e-01 4.774538e-01 -3.900000e-02 8.565000e-01 -2.994221e-01 4.780786e-01
-4.810000e-01 8.565000e-01 -2.580016e-01 4.604408e-01 -4.805000e-01 8.570000e-01 -2.580796e-01 4.606413e-01
-4.805000e-01 8.570000e-01 -2.580796e-01 4.606413e-01 -4.800000e-01 8.575000e-01 -2.581585e-01 4.608423e-01
-3.950000e-02 8.570000e-01 -2.993443e-01 4.782403e-01 -4.000000e-02 8.575000e-01 -2.992656e-01 4.784025e-01
-3.900000e-02 8.565000e-01 -2.994221e-01 4.780786e-01 -3.950000e-02 8.570000e-01 -2.993443e-01 4.782403e-01
-4.800000e-01 8.575000e-01 -2.581585e-01 4.608423e-01 -4.800000e-01 8.585000e-01 -2.584149e-01 4.615024e-01
-4.000000e-02 8.575000e-01 -2.992656e-01 4.784025e-01 -4.000000e-02 8.585000e-01 -2.989642e-01 4.790298e-01
-4.800000e-01 8.585000e-01 -2.584149e-01 4.615024e-01 -4.795000e-01 8.590000e-01 -2.584926e-01 4.617049e-01
-4.795000e-01 8.590000e-01 -2.584926e-01 4.617049e-01 -4.790000e-01 8.595000e-01 -2.585711e-01 4.619082e-01
-4.050000e-02 8.590000e-01 -2.988863e-01 4.791936e-01 -4.100000e-02 8.595000e-01 -2.988073e-01 4.793577e-01
-4.000000e-02 8.585000e-01 -2.989642e-01 4.790298e-01 -4.050000e-02 8.590000e-01 -2.988863e-01 4.791936e-01
-4.790000e-01 8.595000e-01 -2.585711e-01 4.619082e-01 -4.785000e-01 8.600000e-01 -2.586491e-01 4.621121e-01
-4.785000e-01 8.600000e-01 -2.586491e-01 4.621121e-01 -4.780000e-01 8.605000e-01 -2.587279e-01 4.623167e-01
-4.100000e-02 8.595000e-01 -2.988073e-01 4.793577e-01 -4.100000e-02 8.605000e-01 -2.985074e-01 4.799876e-01
-4.780000e-01 8.605000e-01 -2.587279e-01 4.623167e-01 -4.775000e-01 8.610000e-01 -2.588061e-01 4.625221e-01
-4.775000e-01 8.610000e-01 -2.588061e-01 4.625221e-01 -4.770000e-01 8.615000e-01 -2.588851e-01 4.627281e-01
-4.150000e-02 8.610000e-01 -2.984293e-01 4.801533e-01 -4.200000e-02 8.615000e-01 -2.983501e-01 4.803194e-01
-4.100000e-02 8.605000e-01 -2.985074e-01 4.799876e-01 -4.150000e-02 8.610000e-01 -2.984293e-01 4.801533e-01
-4.770000e-01 8.615000e-01 -2.588851e-01 4.627281e-01 -4.770000e-01 8.625000e-01 -2.591372e-01 4.633937e-01
-4.200000e-02 8.615000e-01 -2.983501e-01 4.803194e-01 -4.200000e-02 8.625000e-01 -2.980516e-01 4.809517e-01
-4.770000e-01 8.625000e-01 -2.591372e-01 4.633937e-01 -4.765000e-01 8.630000e-01 -2.592151e-01 4.636013e-01
-4.765000e-01 8.630000e-01 -2.592151e-01 4.636013e-01 -4.760000e-01 8.635000e-01 -2.592937e-01 4.638094e-01
-4.250000e-02 8.630000e-01 -2.979733e-01 4.811194e-01 -4.300000e-02 8.635000e-01 -2.978940e-01 4.812875e-01
-4.200000e-02 8.625000e-01 -2.980516e-01 4.809517e-01 -4.250000e-02 8.630000e-01 -2.979733e-01 4.811194e-01
-4.760000e-01 8.635000e-01 -2.592937e-01 4.638094e-01 -4.755000e-01 8.640000e-01 -2.593718e-01 4.640183e-01
-4.755000e-01 8.640000e-01 -2.593718e-01 4.640183e-01 -4.750000e-01 8.645000e-01 -2.594506e-01 4.642278e-01
-4.300000e-02 8.635000e-01 -2.978940e-01 4.812875e-01 -4.300000e-02 8.645000e-01 -2.975969e-01 4.819224e-01
-4.750000e-01 8.645000e-01 -2.594506e-01 4.642278e-01 -4.750000e-01 8.655000e-01 -2.596996e-01 4.648974e-01
-4.350000e-02 8.650000e-01 -2.975185e-01 4.820920e-01 -4.400000e-02 8.655000e-01 -2.974390e-01 4.822621e-01
-4.300000e-02 8.645000e-01 -2.975969e-01 4.819224e-01 -4.350000e-02 8.650000e-01 -2.975185e-01 4.820920e-01
-4.750000e-01 8.655000e-01 -2.596996e-01 4.648974e-01 -4.745000e-01 8.660000e-01 -2.597773e-01 4.651085e-01
-4.745000e-01 8.660000e-01 -2.597773e-01 4.651085e-01 -4.740000e-01 8.665000e-01 -2.598558e-01 4.653201e-01
-4.450000e-02 8.660000e-01 -2.973600e-01 4.824330e-01 -4.500000e-02 8.665000e-01 -2.972801e-01 4.826042e-01
-4.400000e-02 8.655000e-01 -2.974390e-01 4.822621e-01 -4.450000e-02 8.660000e-01 -2.973600e-01 4.824330e-01
-4.740000e-01 8.665000e-01 -2.598558e-01 4.653201e-01 -4.735000e-01 8.670000e-01 -2.599336e-01 4.655326e-01
-4.735000e-01 8.670000e-01 -2.599336e-01 4.655326e-01 -4.730000e-01 8.675000e-01 -2.600123e-01 4.657456e-01
-4.500000e-02 8.665000e-01 -2.972801e-01 4.826042e-01 -4.500000e-02 8.675000e-01 -2.969853e-01 4.832431e-01
-4.730000e-01 8.675000e-01 -2.600123e-01 4.657456e-01 -4.730000e-01 8.685000e-01 -2.602581e-01 4.664191e-01
-4.550000e-02 8.680000e-01 -2.969061e-01 4.834159e-01 -4.600000e-02 8.685000e-01 -2.968261e-01 4.835891e-01
-4.500000e-02 8.675000e-01 -2.969853e-01 4.832431e-01 -4.550000e-02 8.680000e-01 -2.969061e-01 4.834159e-01
-4.730000e-01 8.685000e-01 -2.602581e-01 4.664191e-01 -4.725000e-01 8.690000e-01 -2.603356e-01 4.666337e-01
-4.725000e-01 8.690000e-01 -2.603356e-01 4.666337e-01 -4.720000e-01 8.695000e-01 -2.604138e-01 4.668489e-01
-4.600000e-02 8.685000e-01 -2.968261e-01 4.835891e-01 -4.600000e-02 8.695000e-01 -2.965327e-01 4.842305e-01
-4.720000e-01 8.695000e-01 -2.604138e-01 4.668489e-01 -4.715000e-01 8.700000e-01 -2.604914e-01 4.670648e-01
-4.715000e-01 8.700000e-01 -2.604914e-01 4.670648e-01 -4.710000e-01 8.705000e-01 -2.605697e-01 4.672813e-01
-4.650000e-02 8.700000e-01 -2.964536e-01 4.844052e-01 -4.700000e-02 8.705000e-01 -2.963734e-01 4.845804e-01
-4.600000e-02 8.695000e-01 -2.965327e-01 4.842305e-01 -4.650000e-02 8.700000e-01 -2.964536e-01 4.844052e-01
-4.710000e-01 8.705000e-01 -2.605697e-01 4.672813e-01 -4.705000e-01 8.710000e-01 -2.606475e-01 4.674986e-01
-4.705000e-01 8.710000e-01 -2.606475e-01 4.674986e-01 -4.700000e-01 8.715000e-01 -2.607260e-01 4.677166e-01
-4.700000e-02 8.705000e-01 -2.963734e-01 4.845804e-01 -4.700000e-02 8.715000e-01 -2.960816e-01 4.852242e-01
-4.700000e-01 8.715000e-01 -2.607260e-01 4.677166e-01 -4.700000e-01 8.725000e-01 -2.609675e-01 4.683953e-01
-4.750000e-02 8.720000e-01 -2.960023e-01 4.854009e-01 -4.800000e-02 8.725000e-01 -2.959221e-01 4.855781e-01
-4.700000e-02 8.715000e-01 -2.960816e-01 4.852242e-01 -4.750000e-02 8.720000e-01 -2.960023e-01 4.854009e-01
-4.700000e-01 8.725000e-01 -2.609675e-01 4.683953e-01 -4.695000e-01 8.730000e-01 -2.610447e-01 4.686148e-01
-4.695000e-01 8.730000e-01 -2.610447e-01 4.686148e-01 -4.690000e-01 8.735000e-01 -2.611228e-01 4.688348e-01
-4.850000e-02 8.730000e-01 -2.958424e-01 4.857560e-01 -4.900000e-02 8.735000e-01 -2.957617e-01 4.859343e-01
-4.800000e-02 8.725000e-01 -2.959221e-01 4.855781e-01 -4.850000e-02 8.730000e-01 -2.958424e-01 4.857560e-01
-4.690000e-01 8.735000e-01 -2.611228e-01 4.688348e-01 -4.685000e-01 8.740000e-01 -2.612002e-01 4.690556e-01
-4.685000e-01 8.740000e-01 -2.612002e-01 4.690556e-01 -4.680000e-01 8.745000e-01 -2.612783e-01 4.692770e-01
-4.900000e-02 8.735000e-01 -2.957617e-01 4.859343e-01 -4.900000e-02 8.745000e-01 -2.954723e-01 4.865820e-01
-4.680000e-01 8.745000e-01 -2.612783e-01 4.692770e-01 -4.680000e-01 8.755000e-01 -2.615166e-01 4.699595e-01
-4.950000e-02 8.750000e-01 -2.953925e-01 4.867619e-01 -5.000000e-02 8.755000e-01 -2.953119e-01 4.869422e-01
-4.900000e-02 8.745000e-01 -2.954723e-01 4.865820e-01 -4.950000e-02 8.750000e-01 -2.953925e-01 4.867619e-01
-4.680000e-01 8.755000e-01 -2.615166e-01 4.699595e-01 -4.675000e-01 8.760000e-01 -2.615935e-01 4.701824e-01
-4.675000e-01 8.760000e-01 -2.615935e-01 4.701824e-01 -4.670000e-01 8.765000e-01 -2.616711e-01 4.704059e-01
-5.000000e-02 8.755000e-01 -2.953119e-01 4.869422e-01 -5.000000e-02 8.765000e-01 -2.950239e-01 4.875923e-01
-4.670000e-01 8.765000e-01 -2.616711e-01 4.704059e-01 -4.665000e-01 8.770000e-01 -2.617481e-01 4.706301e-01
-4.665000e-01 8.770000e-01 -2.617481e-01 4.706301e-01 -4.660000e-01 8.775000e-01 -2.618259e-01 4.708549e-01
-5.050000e-02 8.770000e-01 -2.949441e-01 4.877741e-01 -5.100000e-02 8.775000e-01 -2.948635e-01 4.879563e-01
-5.000000e-02 8.765000e-01 -2.950239e-01 4.875923e-01 -5.050000e-02 8.770000e-01 -2.949441e-01 4.877741e-01
-4.660000e-01 8.775000e-01 -2.618259e-01 4.708549e-01 -4.655000e-01 8.780000e-01 -2.619030e-01 4.710805e-01
-4.655000e-01 8.780000e-01 -2.619030e-01 4.710805e-01 -4.650000e-01 8.785000e-01 -2.619808e-01 4.713067e-01
-5.100000e-02 8.775000e-01 -2.948635e-01 4.879563e-01 -5.100000e-02 8.785000e-01 -2.945771e-01 4.886088e-01
-4.650000e-01 8.785000e-01 -2.619808e-01 4.713067e-01 -4.650000e-01 8.795000e-01 -2.622145e-01 4.719944e-01
-5.150000e-02 8.790000e-01 -2.944973e-01 4.887925e-01 -5.200000e-02 8.795000e-01 -2.944167e-01 4.889767e-01
-5.100000e-02 8.785000e-01 -2.945771e-01 4.886088e-01 -5.150000e-02 8.790000e-01 -2.944973e-01 4.887925e-01
-4.650000e-01 8.795000e-01 -2.622145e-01 4.719944e-01 -4.645000e-01 8.800000e-01 -2.622911e-01 4.722220e-01
-4.645000e-01 8.800000e-01 -2.622911e-01 4.722220e-01 -4.640000e-01 8.805000e-01 -2.623683e-01 4.724503e-01
-5.250000e-02 8.800000e-01 -2.943366e-01 4.891617e-01 -5.300000e-02 8.805000e-01 -2.942556e-01 4.893471e-01
-5.200000e-02 8.795000e-01 -2.944167e-01 4.889767e-01 -5.250000e-02 8.800000e-01 -2.943366e-01 4.891617e-01
-4.640000e-01 8.805000e-01 -2.623683e-01 4.724503e-01 -4.635000e-01 8.810000e-01 -2.624450e-01 4.726793e-01
-4.635000e-01 8.810000e-01 -2.624450e-01 4.726793e-01 -4.630000e-01 8.815000e-01 -2.625223e-01 4.729089e-01
-5.300000e-02 8.805000e-01 -2.942556e-01 4.893471e-01 -5.300000e-02 8.815000e-01 -2.939716e-01 4.900034e-01
-4.630000e-01 8.815000e-01 -2.625223e-01 4.729089e-01 -4.625000e-01 8.820000e-01 -2.625990e-01 4.731393e-01
-4.625000e-01 8.820000e-01 -2.625990e-01 4.731393e-01 -4.620000e-01 8.825000e-01 -2.626763e-01 4.733703e-01
-5.350000e-02 8.820000e-01 -2.938915e-01 4.901903e-01 -5.400000e-02 8.825000e-01 -2.938106e-01 4.903776e-01
-5.300000e-02 8.815000e-01 -2.939716e-01 4.900034e-01 -5.350000e-02 8.820000e-01 -2.938915e-01 4.901903e-01
-4.620000e-01 8.825000e-01 -2.626763e-01 4.733703e-01 -4.620000e-01 8.835000e-01 -2.629056e-01 4.740629e-01
-5.450000e-02 8.830000e-01 -2.937301e-01 4.905658e-01 -5.500000e-02 8.835000e-01 -2.936488e-01 4.907543e-01
-5.400000e-02 8.825000e-01 -2.938106e-01 4.903776e-01 -5.450000e-02 8.830000e-01 -2.937301e-01 4.905658e-01
-4.620000e-01 8.835000e-01 -2.629056e-01 4.740629e-01 -4.615000e-01 8.840000e-01 -2.629816e-01 4.742953e-01
-4.615000e-01 8.840000e-01 -2.629816e-01 4.742953e-01 -4.610000e-01 8.845000e-01 -2.630584e-01 4.745283e-01
-5.500000e-02 8.835000e-01 -2.936488e-01 4.907543e-01 -5.500000e-02 8.845000e-01 -2.933673e-01 4.914143e-01
-4.610000e-01 8.845000e-01 -2.630584e-01 4.745283e-01 -4.605000e-01 8.850000e-01 -2.631345e-01 4.747621e-01
-4.605000e-01 8.850000e-01 -2.631345e-01 4.747621e-01 -4.600000e-01 8.855000e-01 -2.632113e-01 4.749964e-01
-5.550000e-02 8.850000e-01 -2.932870e-01 4.916044e-01 -5.600000e-02 8.855000e-01 -2.932058e-01 4.917949e-01
-5.500000e-02 8.845000e-01 -2.933673e-01 4.914143e-01 -5.550000e-02 8.850000e-01 -2.932870e-01 4.916044e-01
-4.600000e-01 8.855000e-01 -2.632113e-01 4.749964e-01 -4.595000e-01 8.860000e-01 -2.632874e-01 4.752316e-01
-4.595000e-01 8.860000e-01 -2.632874e-01 4.752316e-01 -4.590000e-01 8.865000e-01 -2.633642e-01 4.754673e-01
-5.600000e-02 8.855000e-01 -2.932058e-01 4.917949e-01 -5.600000e-02 8.865000e-01 -2.929259e-01 4.924572e-01
-4.590000e-01 8.865000e-01 -2.633642e-01 4.754673e-01 -4.590000e-01 8.875000e-01 -2.635889e-01 4.761648e-01
-5.650000e-02 8.870000e-01 -2.928456e-01 4.926492e-01 -5.700000e-02 8.875000e-01 -2.927646e-01 4.928416e-01
-5.600000e-02 8.865000e-01 -2.929259e-01 4.924572e-01 -5.650000e-02 8.870000e-01 -2.928456e-01 4.926492e-01
-4.590000e-01 8.875000e-01 -2.635889e-01 4.761648e-01 -4.585000e-01 8.880000e-01 -2.636644e-01 4.764019e-01
-4.585000e-01 8.880000e-01 -2.636644e-01 4.764019e-01 -4.580000e-01 8.885000e-01 -2.637405e-01 4.766397e-01
-5.750000e-02 8.880000e-01 -2.926840e-01 4.930348e-01 -5.800000e-02 8.885000e-01 -2.926026e-01 4.932285e-01
-5.700000e-02 8.875000e-01 -2.927646e-01 4.928416e-01 -5.750000e-02 8.880000e-01 -2.926840e-01 4.930348e-01
-4.580000e-01 8.885000e-01 -2.637405e-01 4.766397e-01 -4.575000e-01 8.890000e-01 -2.638160e-01 4.768781e-01
-4.575000e-01 8.890000e-01 -2.638160e-01 4.768781e-01 -4.570000e-01 8.895000e-01 -2.638922e-01 4.771172e-01
-5.800000e-02 8.885000e-01 -2.926026e-01 4.932285e-01 -5.800000e-02 8.895000e-01 -2.923253e-01 4.938945e-01
-4.570000e-01 8.895000e-01 -2.638922e-01 4.771172e-01 -4.565000e-01 8.900000e-01 -2.639677e-01 4.773570e-01
-4.565000e-01 8.900000e-01 -2.639677e-01 4.773570e-01 -4.560000e-01 8.905000e-01 -2.640438e-01 4.775974e-01
-5.850000e-02 8.900000e-01 -2.922449e-01 4.940896e-01 -5.900000e-02 8.905000e-01 -2.921636e-01 4.942852e-01
-5.800000e-02 8.895000e-01 -2.923253e-01 4.938945e-01 -5.850000e-02 8.900000e-01 -2.922449e-01 4.940896e-01
-4.560000e-01 8.905000e-01 -2.640438e-01 4.775974e-01 -4.555000e-01 8.910000e-01 -2.641193e-01 4.778385e-01
-4.555000e-01 8.910000e-01 -2.641193e-01 4.778385e-01 -4.550000e-01 8.915000e-01 -2.641954e-01 4.780803e-01
-5.950000e-02 8.910000e-01 -2.920829e-01 4.944814e-01 -6.000000e-02 8.915000e-01 -2.920014e-01 4.946782e-01
-5.900000e-02 8.905000e-01 -2.921636e-01 4.942852e-01 -5.950000e-02 8.910000e-01 -2.920829e-01 4.944814e-01
-4.550000e-01 8.915000e-01 -2.641954e-01 4.780803e-01 -4.550000e-01 8.925000e-01 -2.644141e-01 4.787839e-01
-6.000000e-02 8.915000e-01 -2.920014e-01 4.946782e-01 -6.000000e-02 8.925000e-01 -2.917267e-01 4.953479e-01
-4.550000e-01 8.925000e-01 -2.644141e-01 4.787839e-01 -4.545000e-01 8.930000e-01 -2.644888e-01 4.790270e-01
-4.545000e-01 8.930000e-01 -2.644888e-01 4.790270e-01 -4.540000e-01 8.935000e-01 -2.645642e-01 4.792707e-01
-6.050000e-02 8.930000e-01 -2.916462e-01 4.955461e-01 -6.100000e-02 8.935000e-01 -2.915648e-01 4.957449e-01
-6.000000e-02 8.925000e-01 -2.917267e-01 4.953479e-01 -6.050000e-02 8.930000e-01 -2.916462e-01 4.955461e-01
-4.540000e-01 8.935000e-01 -2.645642e-01 4.792707e-01 -4.535000e-01 8.940000e-01 -2.646389e-01 4.795151e-01
-4.535000e-01 8.940000e-01 -2.646389e-01 4.795151e-01 -4.530000e-01 8.945000e-01 -2.647143e-01 4.797602e-01
-6.150000e-02 8.940000e-01 -2.914840e-01 4.959443e-01 -6.200000e-02 8.945000e-01 -2.914024e-01 4.961442e-01
-6.100000e-02 8.935000e-01 -2.915648e-01 4.957449e-01 -6.150000e-02 8.940000e-01 -2.914840e-01 4.959443e-01
-4.530000e-01 8.945000e-01 -2.647143e-01 4.797602e-01 -4.525000e-01 8.950000e-01 -2.647890e-01 4.800060e-01
-4.525000e-01 8.950000e-01 -2.647890e-01 4.800060e-01 -4.520000e-01 8.955000e-01 -2.648642e-01 4.802524e-01
-6.200000e-02 8.945000e-01 -2.914024e-01 4.961442e-01 -6.200000e-02 8.955000e-01 -2.911303e-01 4.968175e-01
-4.520000e-01 8.955000e-01 -2.648642e-01 4.802524e-01 -4.515000e-01 8.960000e-01 -2.649388e-01 4.804995e-01
-4.515000e-01 8.960000e-01 -2.649388e-01 4.804995e-01 -4.510000e-01 8.965000e-01 -2.650140e-01 4.807472e-01
-6.250000e-02 8.960000e-01 -2.910498e-01 4.970188e-01 -6.300000e-02 8.965000e-01 -2.909684e-01 4.972206e-01
-6.200000e-02 8.955000e-01 -2.911303e-01 4.968175e-01 -6.250000e-02 8.960000e-01 -2.910498e-01 4.970188e-01
-4.510000e-01 8.965000e-01 -2.650140e-01 4.807472e-01 -4.510000e-01 8.975000e-01 -2.652267e-01 4.814567e-01
-6.350000e-02 8.970000e-01 -2.908876e-01 4.974232e-01 -6.400000e-02 8.975000e-01 -2.908060e-01 4.976262e-01
-6.300000e-02 8.965000e-01 -2.909684e-01 4.972206e-01 -6.350000e-02 8.970000e-01 -2.908876e-01 4.974232e-01
-4.510000e-01 8.975000e-01 -2.652267e-01 4.814567e-01 -4.505000e-01 8.980000e-01 -2.653006e-01 4.817058e-01
-4.505000e-01 8.980000e-01 -2.653006e-01 4.817058e-01 -4.500000e-01 8.985000e-01 -2.653750e-01 4.819554e-01
-6.400000e-02 8.975000e-01 -2.908060e-01 4.976262e-01 -6.400000e-02 8.985000e-01 -2.905366e-01 4.983031e-01
-4.500000e-01 8.985000e-01 -2.653750e-01 4.819554e-01 -4.495000e-01 8.990000e-01 -2.654488e-01 4.822058e-01
-4.495000e-01 8.990000e-01 -2.654488e-01 4.822058e-01 -4.490000e-01 8.995000e-01 -2.655231e-01 4.824568e-01
-6.450000e-02 8.990000e-01 -2.904560e-01 4.985075e-01 -6.500000e-02 8.995000e-01 -2.903747e-01 4.987125e-01
-6.400000e-02 8.985000e-01 -2.905366e-01 4.983031e-01 -6.450000e-02 8.990000e-01 -2.904560e-01 4.985075e-01
-4.490000e-01 8.995000e-01 -2.655231e-01 4.824568e-01 -4.485000e-01 9.000000e-01 -2.655968e-01 4.827085e-01
-4.485000e-01 9.000000e-01 -2.655968e-01 4.827085e-01 -4.480000e-01 9.005000e-01 -2.656710e-01 4.829608e-01
-6.550000e-02 9.000000e-01 -2.902939e-01 4.989181e-01 -6.600000e-02 9.005000e-01 -2.902124e-01 4.991243e-01
-6.500000e-02 8.995000e-01 -2.903747e-01 4.987125e-01 -6.550000e-02 9.000000e-01 -2.902939e-01 4.989181e-01
-4.480000e-01 9.005000e-01 -2.656710e-01 4.829608e-01 -4.475000e-01 9.010000e-01 -2.657446e-01 4.832138e-01
-4.475000e-01 9.010000e-01 -2.657446e-01 4.832138e-01 -4.470000e-01 9.015000e-01 -2.658187e-01 4.834674e-01
-6.600000e-02 9.005000e-01 -2.902124e-01 4.991243e-01 -6.600000e-02 9.015000e-01 -2.899457e-01 4.998047e-01
-4.470000e-01 9.015000e-01 -2.658187e-01 4.834674e-01 -4.470000e-01 9.025000e-01 -2.660254e-01 4.841827e-01
-6.650000e-02 9.020000e-01 -2.898652e-01 5.000122e-01 -6.700000e-02 9.025000e-01 -2.897840e-01 5.002203e-01
-6.600000e-02 9.015000e-01 -2.899457e-01 4.998047e-01 -6.650000e-02 9.020000e-01 -2.898652e-01 5.000122e-01
-4.470000e-01 9.025000e-01 -2.660254e-01 4.841827e-01 -4.465000e-01 9.030000e-01 -2.660981e-01 4.844376e-01
-4.465000e-01 9.030000e-01 -2.660981e-01 4.844376e-01 -4.460000e-01 9.035000e-01 -2.661714e-01 4.846931e-01
-6.750000e-02 9.030000e-01 -2.897033e-01 5.004290e-01 -6.800000e-02 9.035000e-01 -2.896219e-01 5.006383e-01
-6.700000e-02 9.025000e-01 -2.897840e-01 5.002203e-01 -6.750000e-02 9.030000e-01 -2.897033e-01 5.004290e-01
-4.460000e-01 9.035000e-01 -2.661714e-01 4.846931e-01 -4.455000e-01 9.040000e-01 -2.662441e-01 4.849493e-01
-4.455000e-01 9.040000e-01 -2.662441e-01 4.849493e-01 -4.450000e-01 9.045000e-01 -2.663172e-01 4.852062e-01
-6.850000e-02 9.040000e-01 -2.895411e-01 5.008482e-01 -6.900000e-02 9.045000e-01 -2.894595e-01 5.010587e-01
-6.800000e-02 9.035000e-01 -2.896219e-01 5.006383e-01 -6.850000e-02 9.040000e-01 -2.895411e-01 5.008482e-01
-4.450000e-01 9.045000e-01 -2.663172e-01 4.852062e-01 -4.445000e-01 9.050000e-01 -2.663897e-01 4.854637e-01
-4.445000e-01 9.050000e-01 -2.663897e-01 4.854637e-01 -4.440000e-01 9.055000e-01 -2.664627e-01 4.857219e-01
-6.900000e-02 9.045000e-01 -2.894595e-01 5.010587e-01 -6.900000e-02 9.055000e-01 -2.891966e-01 5.017439e-01
-4.440000e-01 9.055000e-01 -2.664627e-01 4.857219e-01 -4.435000e-01 9.060000e-01 -2.665350e-01 4.859807e-01
-4.435000e-01 9.060000e-01 -2.665350e-01 4.859807e-01 -4.430000e-01 9.065000e-01 -2.666079e-01 4.862402e-01
-6.950000e-02 9.060000e-01 -2.891161e-01 5.019558e-01 -7.000000e-02 9.065000e-01 -2.890349e-01 5.021681e-01
-6.900000e-02 9.055000e-01 -2.891966e-01 5.017439e-01 -6.950000e-02 9.060000e-01 -2.891161e-01 5.019558e-01
-4.430000e-01 9.065000e-01 -2.666079e-01 4.862402e-01 -4.425000e-01 9.070000e-01 -2.666801e-01 4.865003e-01
-4.425000e-01 9.070000e-01 -2.666801e-01 4.865003e-01 -4.420000e-01 9.075000e-01 -2.667527e-01 4.867610e-01
-7.050000e-02 9.070000e-01 -2.889542e-01 5.023812e-01 -7.100000e-02 9.075000e-01 -2.888728e-01 5.025948e-01
-7.000000e-02 9.065000e-01 -2.890349e-01 5.021681e-01 -7.050000e-02 9.070000e-01 -2.889542e-01 5.023812e-01
-4.420000e-01 9.075000e-01 -2.667527e-01 4.867610e-01 -4.415000e-01 9.080000e-01 -2.668247e-01 4.870224e-01
-4.415000e-01 9.080000e-01 -2.668247e-01 4.870224e-01 -4.410000e-01 9.085000e-01 -2.668972e-01 4.872845e-01
-7.150000e-02 9.080000e-01 -2.887920e-01 5.028090e-01 -7.200000e-02 9.085000e-01 -2.887105e-01 5.030238e-01
-7.100000e-02 9.075000e-01 -2.888728e-01 5.025948e-01 -7.150000e-02 9.080000e-01 -2.887920e-01 5.028090e-01
-4.410000e-01 9.085000e-01 -2.668972e-01 4.872845e-01 -4.405000e-01 9.090000e-01 -2.669691e-01 4.875471e-01
-4.405000e-01 9.090000e-01 -2.669691e-01 4.875471e-01 -4.400000e-01 9.095000e-01 -2.670414e-01 4.878105e-01
-7.200000e-02 9.085000e-01 -2.887105e-01 5.030238e-01 -7.200000e-02 9.095000e-01 -2.884514e-01 5.037138e-01
-4.400000e-01 9.095000e-01 -2.670414e-01 4.878105e-01 -4.400000e-01 9.105000e-01 -2.672378e-01 4.885348e-01
-7.250000e-02 9.100000e-01 -2.883710e-01 5.039299e-01 -7.300000e-02 9.105000e-01 -2.882899e-01 5.041466e-01
-7.200000e-02 9.095000e-01 -2.884514e-01 5.037138e-01 -7.250000e-02 9.100000e-01 -2.883710e-01 5.039299e-01
-4.400000e-01 9.105000e-01 -2.672378e-01 4.885348e-01 -4.395000e-01 9.110000e-01 -2.673088e-01 4.887994e-01
-4.395000e-01 9.110000e-01 -2.673088e-01 4.887994e-01 -4.390000e-01 9.115000e-01 -2.673802e-01 4.890646e-01
-7.350000e-02 9.110000e-01 -2.882094e-01 5.043639e-01 -7.400000e-02 9.115000e-01 -2.881282e-01 5.045818e-01
-7.300000e-02 9.105000e-01 -2.882899e-01 5.041466e-01 -7.350000e-02 9.110000e-01 -2.882094e-01 5.043639e-01
-4.390000e-01 9.115000e-01 -2.673802e-01 4.890646e-01 -4.385000e-01 9.120000e-01 -2.674509e-01 4.893305e-01
-4.385000e-01 9.120000e-01 -2.674509e-01 4.893305e-01 -4.380000e-01 9.125000e-01 -2.675221e-01 4.895970e-01
-7.450000e-02 9.120000e-01 -2.880476e-01 5.048003e-01 -7.500000e-02 9.125000e-01 -2.879662e-01 5.050194e-01
-7.400000e-02 9.115000e-01 -2.881282e-01 5.045818e-01 -7.450000e-02 9.120000e-01 -2.880476e-01 5.048003e-01
-4.380000e-01 9.125000e-01 -2.675221e-01 4.895970e-01 -4.375000e-01 9.130000e-01 -2.675926e-01 4.898641e-01
-4.375000e-01 9.130000e-01 -2.675926e-01 4.898641e-01 -4.370000e-01 9.135000e-01 -2.676636e-01 4.901319e-01
-7.500000e-02 9.125000e-01 -2.879662e-01 5.050194e-01 -7.500000e-02 9.135000e-01 -2.877111e-01 5.057140e-01
-4.370000e-01 9.135000e-01 -2.676636e-01 4.901319e-01 -4.365000e-01 9.140000e-01 -2.677339e-01 4.904003e-01
-4.365000e-01 9.140000e-01 -2.677339e-01 4.904003e-01 -4.360000e-01 9.145000e-01 -2.678047e-01 4.906693e-01
-7.550000e-02 9.140000e-01 -2.876309e-01 5.059344e-01 -7.600000e-02 9.145000e-01 -2.875501e-01 5.061554e-01
-7.500000e-02 9.135000e-01 -2.877111e-01 5.057140e-01 -7.550000e-02 9.140000e-01 -2.876309e-01 5.059344e-01
-4.360000e-01 9.145000e-01 -2.678047e-01 4.906693e-01 -4.355000e-01 9.150000e-01 -2.678748e-01 4.909390e-01
-4.355000e-01 9.150000e-01 -2.678748e-01 4.909390e-01 -4.350000e-01 9.155000e-01 -2.679453e-01 4.912093e-01
-7.650000e-02 9.150000e-01 -2.874698e-01 5.063770e-01 -7.700000e-02 9.155000e-01 -2.873889e-01 5.065992e-01
-7.600000e-02 9.145000e-01 -2.875501e-01 5.061554e-01 -7.650000e-02 9.150000e-01 -2.874698e-01 5.063770e-01
-4.350000e-01 9.155000e-01 -2.679453e-01 4.912093e-01 -4.345000e-01 9.160000e-01 -2.680151e-01 4.914802e-01
-4.345000e-01 9.160000e-01 -2.680151e-01 4.914802e-01 -4.340000e-01 9.165000e-01 -2.680854e-01 4.917519e-01
-7.750000e-02 9.160000e-01 -2.873085e-01 5.068220e-01 -7.800000e-02 9.165000e-01 -2.872276e-01 5.070454e-01
-7.700000e-02 9.155000e-01 -2.873889e-01 5.065992e-01 -7.750000e-02 9.160000e-01 -2.873085e-01 5.068220e-01
-4.340000e-01 9.165000e-01 -2.680854e-01 4.917519e-01 -4.335000e-01 9.170000e-01 -2.681549e-01 4.920241e-01
-4.335000e-01 9.170000e-01 -2.681549e-01 4.920241e-01 -4.330000e-01 9.175000e-01 -2.682250e-01 4.922969e-01
-7.800000e-02 9.165000e-01 -2.872276e-01 5.070454e-01 -7.800000e-02 9.175000e-01 -2.869764e-01 5.077446e-01
-4.330000e-01 9.175000e-01 -2.682250e-01 4.922969e-01 -4.325000e-01 9.180000e-01 -2.682943e-01 4.925704e-01
-4.325000e-01 9.180000e-01 -2.682943e-01 4.925704e-01 -4.320000e-01 9.185000e-01 -2.683640e-01 4.928445e-01
-7.850000e-02 9.180000e-01 -2.868966e-01 5.079692e-01 -7.900000e-02 9.185000e-01 -2.868161e-01 5.081944e-01
-7.800000e-02 9.175000e-01 -2.869764e-01 5.077446e-01 -7.850000e-02 9.180000e-01 -2.868966e-01 5.079692e-01
-4.320000e-01 9.185000e-01 -2.683640e-01 4.928445e-01 -4.315000e-01 9.190000e-01 -2.684330e-01 4.931192e-01
-4.315000e-01 9.190000e-01 -2.684330e-01 4.931192e-01 -4.310000e-01 9.195000e-01 -2.685025e-01 4.933946e-01
-7.950000e-02 9.190000e-01 -2.867362e-01 5.084203e-01 -8.000000e-02 9.195000e-01 -2.866557e-01 5.086467e-01
-7.900000e-02 9.185000e-01 -2.868161e-01 5.081944e-01 -7.950000e-02 9.190000e-01 -2.867362e-01 5.084203e-01
-4.310000e-01 9.195000e-01 -2.685025e-01 4.933946e-01 -4.305000e-01 9.200000e-01 -2.685713e-01 4.936706e-01
-4.305000e-01 9.200000e-01 -2.685713e-01 4.936706e-01 -4.300000e-01 9.205000e-01 -2.686405e-01 4.939473e-01
-8.050000e-02 9.200000e-01 -2.865758e-01 5.088738e-01 -8.100000e-02 9.205000e-01 -2.864952e-01 5.091014e-01
-8.000000e-02 9.195000e-01 -2.866557e-01 5.086467e-01 -8.050000e-02 9.200000e-01 -2.865758e-01 5.088738e-01
-4.300000e-01 9.205000e-01 -2.686405e-01 4.939473e-01 -4.300000e-01 9.215000e-01 -2.688224e-01 4.946836e-01
-8.150000e-02 9.210000e-01 -2.864153e-01 5.093297e-01 -8.200000e-02 9.215000e-01 -2.863347e-01 5.095585e-01
-8.100000e-02 9.205000e-01 -2.864952e-01 5.091014e-01 -8.150000e-02 9.210000e-01 -2.864153e-01 5.093297e-01
-4.300000e-01 9.215000e-01 -2.688224e-01 4.946836e-01 -4.295000e-01 9.220000e-01 -2.688901e-01 4.949614e-01
-4.295000e-01 9.220000e-01 -2.688901e-01 4.949614e-01 -4.290000e-01 9.225000e-01 -2.689583e-01 4.952398e-01
-8.250000e-02 9.220000e-01 -2.862547e-01 5.097880e-01 -8.300000e-02 9.225000e-01 -2.861742e-01 5.100181e-01
-8.200000e-02 9.215000e-01 -2.863347e-01 5.095585e-01 -8.250000e-02 9.220000e-01 -2.862547e-01 5.097880e-01
-4.290000e-01 9.225000e-01 -2.689583e-01 4.952398e-01 -4.285000e-01 9.230000e-01 -2.690258e-01 4.955189e-01
-4.285000e-01 9.230000e-01 -2.690258e-01 4.955189e-01 -4.280000e-01 9.235000e-01 -2.690937e-01 4.957986e-01
-8.300000e-02 9.225000e-01 -2.861742e-01 5.100181e-01 -8.300000e-02 9.235000e-01 -2.859293e-01 5.107242e-01
-4.280000e-01 9.235000e-01 -2.690937e-01 4.957986e-01 -4.275000e-01 9.240000e-01 -2.691608e-01 4.960788e-01
-4.275000e-01 9.240000e-01 -2.691608e-01 4.960788e-01 -4.270000e-01 9.245000e-01 -2.692284e-01 4.963598e-01
-8.350000e-02 9.240000e-01 -2.858499e-01 5.109555e-01 -8.400000e-02 9.245000e-01 -2.857700e-01 5.111874e-01
-8.300000e-02 9.235000e-01 -2.859293e-01 5.107242e-01 -8.350000e-02 9.240000e-01 -2.858499e-01 5.109555e-01
-4.270000e-01 9.245000e-01 -2.692284e-01 4.963598e-01 -4.265000e-01 9.250000e-01 -2.692953e-01 4.966413e-01
-4.265000e-01 9.250000e-01 -2.692953e-01 4.966413e-01 -4.260000e-01 9.255000e-01 -2.693625e-01 4.969235e-01
-8.450000e-02 9.250000e-01 -2.856906e-01 5.114199e-01 -8.500000e-02 9.255000e-01 -2.856106e-01 5.116530e-01
-8.400000e-02 9.245000e-01 -2.857700e-01 5.111874e-01 -8.450000e-02 9.250000e-01 -2.856906e-01 5.114199e-01
-4.260000e-01 9.255000e-01 -2.693625e-01 4.969235e-01 -4.255000e-01 9.260000e-01 -2.694290e-01 4.972062e-01
-4.255000e-01 9.260000e-01 -2.694290e-01 4.972062e-01 -4.250000e-01 9.265000e-01 -2.694959e-01 4.974897e-01
-8.550000e-02 9.260000e-01 -2.855313e-01 5.118867e-01 -8.600000e-02 9.265000e-01 -2.854513e-01 5.121210e-01
-8.500000e-02 9.255000e-01 -2.856106e-01 5.116530e-01 -8.550000e-02 9.260000e-01 -2.855313e-01 5.118867e-01
-4.250000e-01 9.265000e-01 -2.694959e-01 4.974897e-01 -4.245000e-01 9.270000e-01 -2.695621e-01 4.977736e-01
-4.245000e-01 9.270000e-01 -2.695621e-01 4.977736e-01 -4.240000e-01 9.275000e-01 -2.696287e-01 4.980583e-01
-8.650000e-02 9.270000e-01 -2.853720e-01 5.123559e-01 -8.700000e-02 9.275000e-01 -2.852921e-01 5.125914e-01
-8.600000e-02 9.265000e-01 -2.854513e-01 5.121210e-01 -8.650000e-02 9.270000e-01 -2.853720e-01 5.123559e-01
-4.240000e-01 9.275000e-01 -2.696287e-01 4.980583e-01 -4.235000e-01 9.280000e-01 -2.696945e-01 4.983435e-01
-4.235000e-01 9.280000e-01 -2.696945e-01 4.983435e-01 -4.230000e-01 9.285000e-01 -2.697607e-01 4.986294e-01
-8.750000e-02 9.280000e-01 -2.852128e-01 5.128275e-01 -8.800000e-02 9.285000e-01 -2.851330e-01 5.130642e-01
-8.700000e-02 9.275000e-01 -2.852921e-01 5.125914e-01 -8.750000e-02 9.280000e-01 -2.852128e-01 5.128275e-01
-4.230000e-01 9.285000e-01 -2.697607e-01 4.986294e-01 -4.225000e-01 9.290000e-01 -2.698262e-01 4.989158e-01
-4.225000e-01 9.290000e-01 -2.698262e-01 4.989158e-01 -4.220000e-01 9.295000e-01 -2.698921e-01 4.992030e-01
-8.850000e-02 9.290000e-01 -2.850537e-01 5.133015e-01 -8.900000e-02 9.295000e-01 -2.849740e-01 5.135394e-01
-8.800000e-02 9.285000e-01 -2.851330e-01 5.130642e-01 -8.850000e-02 9.290000e-01 -2.850537e-01 5.133015e-01
-4.220000e-01 9.295000e-01 -2.698921e-01 4.992030e-01 -4.215000e-01 9.300000e-01 -2.699572e-01 4.994906e-01
-4.215000e-01 9.300000e-01 -2.699572e-01 4.994906e-01 -4.210000e-01 9.305000e-01 -2.700227e-01 4.997790e-01
-8.900000e-02 9.295000e-01 -2.849740e-01 5.135394e-01 -8.900000e-02 9.305000e-01 -2.847368e-01 5.142535e-01
-4.210000e-01 9.305000e-01 -2.700227e-01 4.997790e-01 -4.205000e-01 9.310000e-01 -2.700875e-01 5.000679e-01
-4.205000e-01 9.310000e-01 -2.700875e-01 5.000679e-01 -4.200000e-01 9.315000e-01 -2.701526e-01 5.003575e-01
-8.950000e-02 9.310000e-01 -2.846582e-01 5.144926e-01 -9.000000e-02 9.315000e-01 -2.845791e-01 5.147323e-01
-8.900000e-02 9.305000e-01 -2.847368e-01 5.142535e-01 -8.950000e-02 9.310000e-01 -2.846582e-01 5.144926e-01
-4.200000e-01 9.315000e-01 -2.701526e-01 5.003575e-01 -4.195000e-01 9.320000e-01 -2.702170e-01 5.006476e-01
-4.195000e-01 9.320000e-01 -2.702170e-01 5.006476e-01 -4.190000e-01 9.325000e-01 -2.702817e-01 5.009384e-01
-9.050000e-02 9.320000e-01 -2.845006e-01 5.149726e-01 -9.100000e-02 9.325000e-01 -2.844216e-01 5.152135e-01
-9.000000e-02 9.315000e-01 -2.845791e-01 5.147323e-01 -9.050000e-02 9.320000e-01 -2.845006e-01 5.149726e-01
-4.190000e-01 9.325000e-01 -2.702817e-01 5.009384e-01 -4.185000e-01 9.330000e-01 -2.703458e-01 5.012297e-01
-4.185000e-01 9.330000e-01 -2.703458e-01 5.012297e-01 -4.180000e-01 9.335000e-01 -2.704101e-01 5.015217e-01
-9.150000e-02 9.330000e-01 -2.843432e-01 5.154550e-01 -9.200000e-02 9.335000e-01 -2.842643e-01 5.156971e-01
-9.100000e-02 9.325000e-01 -2.844216e-01 5.152135e-01 -9.150000e-02 9.330000e-01 -2.843432e-01 5.154550e-01
-4.180000e-01 9.335000e-01 -2.704101e-01 5.015217e-01 -4.175000e-01 9.340000e-01 -2.704737e-01 5.018142e-01
-4.175000e-01 9.340000e-01 -2.704737e-01 5.018142e-01 -4.170000e-01 9.345000e-01 -2.705376e-01 5.021074e-01
-9.250000e-02 9.340000e-01 -2.841859e-01 5.159398e-01 -9.300000e-02 9.345000e-01 -2.841071e-01 5.161830e-01
-9.200000e-02 9.335000e-01 -2.842643e-01 5.156971e-01 -9.250000e-02 9.340000e-01 -2.841859e-01 5.159398e-01
-4.170000e-01 9.345000e-01 -2.705376e-01 5.021074e-01 -4.165000e-01 9.350000e-01 -2.706009e-01 5.024011e-01
-4.165000e-01 9.350000e-01 -2.706009e-01 5.024011e-01 -4.155000e-01 9.350000e-01 -2.705659e-01 5.022391e-01
-4.155000e-01 9.350000e-01 -2.705659e-01 5.022391e-01 -4.150000e-01 9.355000e-01 -2.706297e-01 5.025343e-01
-9.350000e-02 9.350000e-01 -2.840289e-01 5.164269e-01 -9.400000e-02 9.355000e-01 -2.839502e-01 5.166714e-01
-9.300000e-02 9.345000e-01 -2.841071e-01 5.161830e-01 -9.350000e-02 9.350000e-01 -2.840289e-01 5.164269e-01
-4.150000e-01 9.355000e-01 -2.706297e-01 5.025343e-01 -4.145000e-01 9.360000e-01 -2.706928e-01 5.028299e-01
-4.145000e-01 9.360000e-01 -2.706928e-01 5.028299e-01 -4.140000e-01 9.365000e-01 -2.707562e-01 5.031263e-01
-9.450000e-02 9.360000e-01 -2.838721e-01 5.169165e-01 -9.500000e-02 9.365000e-01 -2.837936e-01 5.171622e-01
-9.400000e-02 9.355000e-01 -2.839502e-01 5.166714e-01 -9.450000e-02 9.360000e-01 -2.838721e-01 5.169165e-01
-4.140000e-01 9.365000e-01 -2.707562e-01 5.031263e-01 -4.135000e-01 9.370000e-01 -2.708189e-01 5.034231e-01
-4.135000e-01 9.370000e-01 -2.708189e-01 5.034231e-01 -4.130000e-01 9.375000e-01 -2.708818e-01 5.037207e-01
-9.550000e-02 9.370000e-01 -2.837156e-01 5.174084e-01 -9.600000e-02 9.375000e-01 -2.836372e-01 5.176553e-01
-9.500000e-02 9.365000e-01 -2.837936e-01 5.171622e-01 -9.550000e-02 9.370000e-01 -2.837156e-01 5.174084e-01
-4.130000e-01 9.375000e-01 -2.708818e-01 5.037207e-01 -4.125000e-01 9.380000e-01 -2.709441e-01 5.040187e-01
-4.125000e-01 9.380000e-01 -2.709441e-01 5.040187e-01 -4.120000e-01 9.385000e-01 -2.710066e-01 5.043174e-01
-9.650000e-02 9.380000e-01 -2.835593e-01 5.179027e-01 -9.700000e-02 9.385000e-01 -2.834811e-01 5.181508e-01
-9.600000e-02 9.375000e-01 -2.836372e-01 5.176553e-01 -9.650000e-02 9.380000e-01 -2.835593e-01 5.179027e-01
-4.120000e-01 9.385000e-01 -2.710066e-01 5.043174e-01 -4.115000e-01 9.390000e-01 -2.710684e-01 5.046167e-01
-4.115000e-01 9.390000e-01 -2.710684e-01 5.046167e-01 -4.110000e-01 9.395000e-01 -2.711305e-01 5.049166e-01
-9.750000e-02 9.390000e-01 -2.834034e-01 5.183994e-01 -9.800000e-02 9.395000e-01 -2.833253e-01 5.186487e-01
-9.700000e-02 9.385000e-01 -2.834811e-01 5.181508e-01 -9.750000e-02 9.390000e-01 -2.834034e-01 5.183994e-01
-4.110000e-01 9.395000e-01 -2.711305e-01 5.049166e-01 -4.105000e-01 9.400000e-01 -2.711918e-01 5.052170e-01
-4.105000e-01 9.400000e-01 -2.711918e-01 5.052170e-01 -4.100000e-01 9.405000e-01 -2.712534e-01 5.055181e-01
-9.850000e-02 9.400000e-01 -2.832478e-01 5.188985e-01 -9.900000e-02 9.405000e-01 -2.831698e-01 5.191490e-01
-9.800000e-02 9.395000e-01 -2.833253e-01 5.186487e-01 -9.850000e-02 9.400000e-01 -2.832478e-01 5.188985e-01
-4.100000e-01 9.405000e-01 -2.712534e-01 5.055181e-01 -4.095000e-01 9.410000e-01 -2.713143e-01 5.058198e-01
-4.095000e-01 9.410000e-01 -2.713143e-01 5.058198e-01 -4.090000e-01 9.415000e-01 -2.713754e-01 5.061220e-01
-9.950000e-02 9.410000e-01 -2.830924e-01 5.194000e-01 -1.000000e-01 9.415000e-01 -2.830147e-01 5.196516e-01
-9.900000e-02 9.405000e-01 -2.831698e-01 5.191490e-01 -9.950000e-02 9.410000e-01 -2.830924e-01 5.194000e-01
-4.090000e-01 9.415000e-01 -2.713754e-01 5.061220e-01 -4.085000e-01 9.420000e-01 -2.714359e-01 5.064248e-01
-4.085000e-01 9.420000e-01 -2.714359e-01 5.064248e-01 -4.080000e-01 9.425000e-01 -2.714965e-01 5.067283e-01
-1.005000e-01 9.420000e-01 -2.829375e-01 5.199038e-01 -1.010000e-01 9.425000e-01 -2.828599e-01 5.201566e-01
-1.000000e-01 9.415000e-01 -2.830147e-01 5.196516e-01 -1.005000e-01 9.420000e-01 -2.829375e-01 5.199038e-01
-4.080000e-01 9.425000e-01 -2.714965e-01 5.067283e-01 -4.075000e-01 9.430000e-01 -2.715565e-01 5.070323e-01
-4.075000e-01 9.430000e-01 -2.715565e-01 5.070323e-01 -4.070000e-01 9.435000e-01 -2.716166e-01 5.073369e-01
-1.015000e-01 9.430000e-01 -2.827829e-01 5.204100e-01 -1.020000e-01 9.435000e-01 -2.827055e-01 5.206640e-01
-1.010000e-01 9.425000e-01 -2.828599e-01 5.201566e-01 -1.015000e-01 9.430000e-01 -2.827829e-01 5.204100e-01
-4.070000e-01 9.435000e-01 -2.716166e-01 5.073369e-01 -4.065000e-01 9.440000e-01 -2.716761e-01 5.076421e-01
-4.065000e-01 9.440000e-01 -2.716761e-01 5.076421e-01 -4.060000e-01 9.445000e-01 -2.717358e-01 5.079479e-01
-1.025000e-01 9.440000e-01 -2.826288e-01 5.209186e-01 -1.030000e-01 9.445000e-01 -2.825516e-01 5.211737e-01
-1.020000e-01 9.435000e-01 -2.827055e-01 5.206640e-01 -1.025000e-01 9.440000e-01 -2.826288e-01 5.209186e-01
-4.060000e-01 9.445000e-01 -2.717358e-01 5.079479e-01 -4.055000e-01 9.450000e-01 -2.717948e-01 5.082542e-01
-4.055000e-01 9.450000e-01 -2.717948e-01 5.082542e-01 -4.045000e-01 9.450000e-01 -2.717665e-01 5.081075e-01
-4.045000e-01 9.450000e-01 -2.717665e-01 5.081075e-01 -4.040000e-01 9.455000e-01 -2.718259e-01 5.084152e-01
-1.035000e-01 9.450000e-01 -2.824750e-01 5.214295e-01 -1.040000e-01 9.455000e-01 -2.823981e-01 5.216859e-01
-1.030000e-01 9.445000e-01 -2.825516e-01 5.211737e-01 -1.035000e-01 9.450000e-01 -2.824750e-01 5.214295e-01
-4.040000e-01 9.455000e-01 -2.718259e-01 5.084152e-01 -4.035000e-01 9.460000e-01 -2.718846e-01 5.087234e-01
-4.035000e-01 9.460000e-01 -2.718846e-01 5.087234e-01 -4.030000e-01 9.465000e-01 -2.719435e-01 5.090323e-01
-1.045000e-01 9.460000e-01 -2.823217e-01 5.219428e-01 -1.050000e-01 9.465000e-01 -2.822450e-01 5.222003e-01
-1.040000e-01 9.455000e-01 -2.823981e-01 5.216859e-01 -1.045000e-01 9.460000e-01 -2.823217e-01 5.219428e-01
-4.030000e-01 9.465000e-01 -2.719435e-01 5.090323e-01 -4.025000e-01 9.470000e-01 -2.720017e-01 5.093416e-01
-4.025000e-01 9.470000e-01 -2.720017e-01 5.093416e-01 -4.020000e-01 9.475000e-01 -2.720600e-01 5.096517e-01
-1.055000e-01 9.470000e-01 -2.821689e-01 5.224585e-01 -1.060000e-01 9.475000e-01 -2.820924e-01 5.227172e-01
-1.050000e-01 9.465000e-01 -2.822450e-01 5.222003e-01 -1.055000e-01 9.470000e-01 -2.821689e-01 5.224585e-01
-4.020000e-01 9.475000e-01 -2.720600e-01 5.096517e-01 -4.015000e-01 9.480000e-01 -2.721177e-01 5.099622e-01
-4.015000e-01 9.480000e-01 -2.721177e-01 5.099622e-01 -4.010000e-01 9.485000e-01 -2.721756e-01 5.102734e-01
-1.065000e-01 9.480000e-01 -2.820165e-01 5.229764e-01 -1.070000e-01 9.485000e-01 -2.819403e-01 5.232364e-01
-1.060000e-01 9.475000e-01 -2.820924e-01 5.227172e-01 -1.065000e-01 9.480000e-01 -2.820165e-01 5.229764e-01
-4.010000e-01 9.485000e-01 -2.721756e-01 5.102734e-01 -4.005000e-01 9.490000e-01 -2.722327e-01 5.105850e-01
-4.005000e-01 9.490000e-01 -2.722327e-01 5.105850e-01 -4.000000e-01 9.495000e-01 -2.722900e-01 5.108974e-01
-1.075000e-01 9.490000e-01 -2.818646e-01 5.234968e-01 -1.080000e-01 9.495000e-01 -2.817886e-01 5.237579e-01
-1.070000e-01 9.485000e-01 -2.819403e-01 5.232364e-01 -1.075000e-01 9.490000e-01 -2.818646e-01 5.234968e-01
-4.000000e-01 9.495000e-01 -2.722900e-01 5.108974e-01 -3.995000e-01 9.500000e-01 -2.723466e-01 5.112102e-01
-3.995000e-01 9.500000e-01 -2.723466e-01 5.112102e-01 -3.985000e-01 9.500000e-01 -2.723216e-01 5.110717e-01
-3.985000e-01 9.500000e-01 -2.723216e-01 5.110717e-01 -3.980000e-01 9.505000e-01 -2.723786e-01 5.113859e-01
-1.085000e-01 9.500000e-01 -2.817133e-01 5.240196e-01 -1.090000e-01 9.505000e-01 -2.816376e-01 5.242818e-01
-1.080000e-01 9.495000e-01 -2.817886e-01 5.237579e-01 -1.085000e-01 9.500000e-01 -2.817133e-01 5.240196e-01
-3.980000e-01 9.505000e-01 -2.723786e-01 5.113859e-01 -3.975000e-01 9.510000e-01 -2.724348e-01 5.117005e-01
-3.975000e-01 9.510000e-01 -2.724348e-01 5.117005e-01 -3.970000e-01 9.515000e-01 -2.724912e-01 5.120159e-01
-1.095000e-01 9.510000e-01 -2.815625e-01 5.245446e-01 -1.100000e-01 9.515000e-01 -2.814870e-01 5.248081e-01
-1.090000e-01 9.505000e-01 -2.816376e-01 5.242818e-01 -1.095000e-01 9.510000e-01 -2.815625e-01 5.245446e-01
-3.970000e-01 9.515000e-01 -2.724912e-01 5.120159e-01 -3.965000e-01 9.520000e-01 -2.725469e-01 5.123317e-01
-3.965000e-01 9.520000e-01 -2.725469e-01 5.123317e-01 -3.960000e-01 9.525000e-01 -2.726027e-01 5.126482e-01
-1.105000e-01 9.520000e-01 -2.814122e-01 5.250720e-01 -1.110000e-01 9.525000e-01 -2.813371e-01 5.253366e-01
-1.100000e-01 9.515000e-01 -2.814870e-01 5.248081e-01 -1.105000e-01 9.520000e-01 -2.814122e-01 5.250720e-01
-3.960000e-01 9.525000e-01 -2.726027e-01 5.126482e-01 -3.955000e-01 9.530000e-01 -2.726578e-01 5.129651e-01
-3.955000e-01 9.530000e-01 -2.726578e-01 5.129651e-01 -3.950000e-01 9.535000e-01 -2.727130e-01 5.132827e-01
-1.125000e-01 9.530000e-01 -2.813213e-01 5.253933e-01 -1.130000e-01 9.535000e-01 -2.812461e-01 5.256597e-01
-1.125000e-01 9.530000e-01 -2.813213e-01 5.253933e-01 -1.115000e-01 9.530000e-01 -2.812625e-01 5.256018e-01
-1.110000e-01 9.525000e-01 -2.813371e-01 5.253366e-01 -1.115000e-01 9.530000e-01 -2.812625e-01 5.256018e-01
-3.950000e-01 9.535000e-01 -2.727130e-01 5.132827e-01 -3.945000e-01 9.540000e-01 -2.727676e-01 5.136008e-01
-3.945000e-01 9.540000e-01 -2.727676e-01 5.136008e-01 -3.940000e-01 9.545000e-01 -2.728222e-01 5.139196e-01
-1.135000e-01 9.540000e-01 -2.811715e-01 5.259267e-01 -1.140000e-01 9.545000e-01 -2.810966e-01 5.261943e-01
-1.130000e-01 9.535000e-01 -2.812461e-01 5.256597e-01 -1.135000e-01 9.540000e-01 -2.811715e-01 5.259267e-01
-3.940000e-01 9.545000e-01 -2.728222e-01 5.139196e-01 -3.935000e-01 9.550000e-01 -2.728762e-01 5.142387e-01
-3.935000e-01 9.550000e-01 -2.728762e-01 5.142387e-01 -3.925000e-01 9.550000e-01 -2.728541e-01 5.141084e-01
-3.925000e-01 9.550000e-01 -2.728541e-01 5.141084e-01 -3.920000e-01 9.555000e-01 -2.729083e-01 5.144290e-01
-1.145000e-01 9.550000e-01 -2.810224e-01 5.264623e-01 -1.150000e-01 9.555000e-01 -2.809478e-01 5.267311e-01
-1.140000e-01 9.545000e-01 -2.810966e-01 5.261943e-01 -1.145000e-01 9.550000e-01 -2.810224e-01 5.264623e-01
-3.920000e-01 9.555000e-01 -2.729083e-01 5.144290e-01 -3.915000e-01 9.560000e-01 -2.729618e-01 5.147501e-01
-3.915000e-01 9.560000e-01 -2.729618e-01 5.147501e-01 -3.910000e-01 9.565000e-01 -2.730154e-01 5.150718e-01
-1.155000e-01 9.560000e-01 -2.808738e-01 5.270004e-01 -1.160000e-01 9.565000e-01 -2.807996e-01 5.272703e-01
-1.150000e-01 9.555000e-01 -2.809478e-01 5.267311e-01 -1.155000e-01 9.560000e-01 -2.808738e-01 5.270004e-01
-3.910000e-01 9.565000e-01 -2.730154e-01 5.150718e-01 -3.905000e-01 9.570000e-01 -2.730683e-01 5.153939e-01
-3.905000e-01 9.570000e-01 -2.730683e-01 5.153939e-01 -3.900000e-01 9.575000e-01 -2.731213e-01 5.157168e-01
-1.165000e-01 9.570000e-01 -2.807260e-01 5.275407e-01 -1.170000e-01 9.575000e-01 -2.806521e-01 5.278118e-01
-1.160000e-01 9.565000e-01 -2.807996e-01 5.272703e-01 -1.165000e-01 9.570000e-01 -2.807260e-01 5.275407e-01
-3.900000e-01 9.575000e-01 -2.731213e-01 5.157168e-01 -3.895000e-01 9.580000e-01 -2.731736e-01 5.160400e-01
-3.895000e-01 9.580000e-01 -2.731736e-01 5.160400e-01 -3.885000e-01 9.580000e-01 -2.731534e-01 5.159150e-01
-3.885000e-01 9.580000e-01 -2.731534e-01 5.159150e-01 -3.880000e-01 9.585000e-01 -2.732060e-01 5.162397e-01
-1.175000e-01 9.580000e-01 -2.805789e-01 5.280834e-01 -1.180000e-01 9.585000e-01 -2.805053e-01 5.283556e-01
-1.170000e-01 9.575000e-01 -2.806521e-01 5.278118e-01 -1.175000e-01 9.580000e-01 -2.805789e-01 5.280834e-01
-3.880000e-01 9.585000e-01 -2.732060e-01 5.162397e-01 -3.875000e-01 9.590000e-01 -2.732577e-01 5.165648e-01
-3.875000e-01 9.590000e-01 -2.732577e-01 5.165648e-01 -3.870000e-01 9.595000e-01 -2.733096e-01 5.168905e-01
-1.195000e-01 9.590000e-01 -2.804859e-01 5.284285e-01 -1.200000e-01 9.595000e-01 -2.804125e-01 5.287025e-01
-1.195000e-01 9.590000e-01 -2.804859e-01 5.284285e-01 -1.185000e-01 9.590000e-01 -2.804324e-01 5.286284e-01
-1.180000e-01 9.585000e-01 -2.805053e-01 5.283556e-01 -1.185000e-01 9.590000e-01 -2.804324e-01 5.286284e-01
-3.870000e-01 9.595000e-01 -2.733096e-01 5.168905e-01 -3.865000e-01 9.600000e-01 -2.733608e-01 5.172167e-01
-3.865000e-01 9.600000e-01 -2.733608e-01 5.172167e-01 -3.860000e-01 9.605000e-01 -2.734120e-01 5.175436e-01
-1.205000e-01 9.600000e-01 -2.803397e-01 5.289771e-01 -1.210000e-01 9.605000e-01 -2.802666e-01 5.292523e-01
-1.200000e-01 9.595000e-01 -2.804125e-01 5.287025e-01 -1.205000e-01 9.600000e-01 -2.803397e-01 5.289771e-01
-3.860000e-01 9.605000e-01 -2.734120e-01 5.175436e-01 -3.855000e-01 9.610000e-01 -2.734625e-01 5.178708e-01
-3.855000e-01 9.610000e-01 -2.734625e-01 5.178708e-01 -3.845000e-01 9.610000e-01 -2.734441e-01 5.177512e-01
-3.845000e-01 9.610000e-01 -2.734441e-01 5.177512e-01 -3.840000e-01 9.615000e-01 -2.734948e-01 5.180799e-01
-1.215000e-01 9.610000e-01 -2.801941e-01 5.295280e-01 -1.220000e-01 9.615000e-01 -2.801214e-01 5.298044e-01
-1.210000e-01 9.605000e-01 -2.802666e-01 5.292523e-01 -1.215000e-01 9.610000e-01 -2.801941e-01 5.295280e-01
-3.840000e-01 9.615000e-01 -2.734948e-01 5.180799e-01 -3.835000e-01 9.620000e-01 -2.735448e-01 5.184090e-01
-3.835000e-01 9.620000e-01 -2.735448e-01 5.184090e-01 -3.830000e-01 9.625000e-01 -2.735948e-01 5.187388e-01
-1.225000e-01 9.620000e-01 -2.800493e-01 5.300812e-01 -1.230000e-01 9.625000e-01 -2.799770e-01 5.303587e-01
-1.220000e-01 9.615000e-01 -2.801214e-01 5.298044e-01 -1.225000e-01 9.620000e-01 -2.800493e-01 5.300812e-01
-3.830000e-01 9.625000e-01 -2.735948e-01 5.187388e-01 -3.825000e-01 9.630000e-01 -2.736441e-01 5.190689e-01
-3.825000e-01 9.630000e-01 -2.736441e-01 5.190689e-01 -3.820000e-01 9.635000e-01 -2.736935e-01 5.193998e-01
-1.245000e-01 9.630000e-01 -2.799554e-01 5.304429e-01 -1.250000e-01 9.635000e-01 -2.798832e-01 5.307222e-01
-1.245000e-01 9.630000e-01 -2.799554e-01 5.304429e-01 -1.235000e-01 9.630000e-01 -2.799054e-01 5.306367e-01
-1.230000e-01 9.625000e-01 -2.799770e-01 5.303587e-01 -1.235000e-01 9.630000e-01 -2.799054e-01 5.306367e-01
-3.820000e-01 9.635000e-01 -2.736935e-01 5.193998e-01 -3.815000e-01 9.640000e-01 -2.737421e-01 5.197310e-01
-3.815000e-01 9.640000e-01 -2.737421e-01 5.197310e-01 -3.805000e-01 9.640000e-01 -2.737253e-01 5.196167e-01
-3.805000e-01 9.640000e-01 -2.737253e-01 5.196167e-01 -3.800000e-01 9.645000e-01 -2.737740e-01 5.199494e-01
-1.255000e-01 9.640000e-01 -2.798117e-01 5.310020e-01 -1.260000e-01 9.645000e-01 -2.797399e-01 5.312825e-01
-1.250000e-01 9.635000e-01 -2.798832e-01 5.307222e-01 -1.255000e-01 9.640000e-01 -2.798117e-01 5.310020e-01
-3.800000e-01 9.645000e-01 -2.737740e-01 5.199494e-01 -3.795000e-01 9.650000e-01 -2.738220e-01 5.202824e-01
-3.795000e-01 9.650000e-01 -2.738220e-01 5.202824e-01 -3.790000e-01 9.655000e-01 -2.738701e-01 5.206161e-01
-1.265000e-01 9.650000e-01 -2.796688e-01 5.315634e-01 -1.270000e-01 9.655000e-01 -2.795975e-01 5.318450e-01
-1.260000e-01 9.645000e-01 -2.797399e-01 5.312825e-01 -1.265000e-01 9.650000e-01 -2.796688e-01 5.315634e-01
-3.790000e-01 9.655000e-01 -2.738701e-01 5.206161e-01 -3.785000e-01 9.660000e-01 -2.739175e-01 5.209502e-01
-3.785000e-01 9.660000e-01 -2.739175e-01 5.209502e-01 -3.775000e-01 9.660000e-01 -2.739019e-01 5.208399e-01
-3.775000e-01 9.660000e-01 -2.739019e-01 5.208399e-01 -3.770000e-01 9.665000e-01 -2.739493e-01 5.211754e-01
-1.285000e-01 9.660000e-01 -2.795741e-01 5.319381e-01 -1.290000e-01 9.665000e-01 -2.795030e-01 5.322215e-01
-1.285000e-01 9.660000e-01 -2.795741e-01 5.319381e-01 -1.275000e-01 9.660000e-01 -2.795269e-01 5.321271e-01
-1.270000e-01 9.655000e-01 -2.795975e-01 5.318450e-01 -1.275000e-01 9.660000e-01 -2.795269e-01 5.321271e-01
-3.770000e-01 9.665000e-01 -2.739493e-01 5.211754e-01 -3.765000e-01 9.670000e-01 -2.739960e-01 5.215112e-01
-3.765000e-01 9.670000e-01 -2.739960e-01 5.215112e-01 -3.760000e-01 9.675000e-01 -2.740427e-01 5.218479e-01
-1.295000e-01 9.670000e-01 -2.794325e-01 5.325054e-01 -1.300000e-01 9.675000e-01 -2.793619e-01 5.327900e-01
-1.290000e-01 9.665000e-01 -2.795030e-01 5.322215e-01 -1.295000e-01 9.670000e-01 -2.794325e-01 5.325054e-01
-3.760000e-01 9.675000e-01 -2.740427e-01 5.218479e-01 -3.755000e-01 9.680000e-01 -2.740887e-01 5.221848e-01
-3.755000e-01 9.680000e-01 -2.740887e-01 5.221848e-01 -3.745000e-01 9.680000e-01 -2.740743e-01 5.220783e-01
-3.745000e-01 9.680000e-01 -2.740743e-01 5.220783e-01 -3.740000e-01 9.685000e-01 -2.741204e-01 5.224167e-01
-1.305000e-01 9.680000e-01 -2.792919e-01 5.330750e-01 -1.310000e-01 9.685000e-01 -2.792217e-01 5.333607e-01
-1.300000e-01 9.675000e-01 -2.793619e-01 5.327900e-01 -1.305000e-01 9.680000e-01 -2.792919e-01 5.330750e-01
-3.740000e-01 9.685000e-01 -2.741204e-01 5.224167e-01 -3.735000e-01 9.690000e-01 -2.741657e-01 5.227554e-01
-3.735000e-01 9.690000e-01 -2.741657e-01 5.227554e-01 -3.730000e-01 9.695000e-01 -2.742110e-01 5.230948e-01
-1.325000e-01 9.690000e-01 -2.791969e-01 5.334627e-01 -1.330000e-01 9.695000e-01 -2.791270e-01 5.337502e-01
-1.325000e-01 9.690000e-01 -2.791969e-01 5.334627e-01 -1.315000e-01 9.690000e-01 -2.791522e-01 5.336469e-01
-1.310000e-01 9.685000e-01 -2.792217e-01 5.333607e-01 -1.315000e-01 9.690000e-01 -2.791522e-01 5.336469e-01
-3.730000e-01 9.695000e-01 -2.742110e-01 5.230948e-01 -3.725000e-01 9.700000e-01 -2.742556e-01 5.234346e-01
-3.725000e-01 9.700000e-01 -2.742556e-01 5.234346e-01 -3.715000e-01 9.700000e-01 -2.742422e-01 5.233320e-01
-3.715000e-01 9.700000e-01 -2.742422e-01 5.233320e-01 -3.710000e-01 9.705000e-01 -2.742868e-01 5.236732e-01
-1.335000e-01 9.700000e-01 -2.790577e-01 5.340382e-01 -1.340000e-01 9.705000e-01 -2.789883e-01 5.343268e-01
-1.330000e-01 9.695000e-01 -2.791270e-01 5.337502e-01 -1.335000e-01 9.700000e-01 -2.790577e-01 5.340382e-01
-3.710000e-01 9.705000e-01 -2.742868e-01 5.236732e-01 -3.705000e-01 9.710000e-01 -2.743307e-01 5.240147e-01
-3.705000e-01 9.710000e-01 -2.743307e-01 5.240147e-01 -3.700000e-01 9.715000e-01 -2.743745e-01 5.243569e-01
-1.345000e-01 9.710000e-01 -2.789195e-01 5.346159e-01 -1.350000e-01 9.715000e-01 -2.788506e-01 5.349056e-01
-1.340000e-01 9.705000e-01 -2.789883e-01 5.343268e-01 -1.345000e-01 9.710000e-01 -2.789195e-01 5.346159e-01
-3.700000e-01 9.715000e-01 -2.743745e-01 5.243569e-01 -3.695000e-01 9.720000e-01 -2.744177e-01 5.246994e-01
-3.695000e-01 9.720000e-01 -2.744177e-01 5.246994e-01 -3.685000e-01 9.720000e-01 -2.744053e-01 5.246009e-01
-3.685000e-01 9.720000e-01 -2.744053e-01 5.246009e-01 -3.680000e-01 9.725000e-01 -2.744484e-01 5.249448e-01
-1.365000e-01 9.720000e-01 -2.788247e-01 5.350165e-01 -1.370000e-01 9.725000e-01 -2.787561e-01 5.353081e-01
-1.365000e-01 9.720000e-01 -2.788247e-01 5.350165e-01 -1.355000e-01 9.720000e-01 -2.787823e-01 5.351958e-01
-1.350000e-01 9.715000e-01 -2.788506e-01 5.349056e-01 -1.355000e-01 9.720000e-01 -2.787823e-01 5.351958e-01
-3.680000e-01 9.725000e-01 -2.744484e-01 5.249448e-01 -3.675000e-01 9.730000e-01 -2.744907e-01 5.252891e-01
-3.675000e-01 9.730000e-01 -2.744907e-01 5.252891e-01 -3.670000e-01 9.735000e-01 -2.745331e-01 5.256341e-01
-1.375000e-01 9.730000e-01 -2.786882e-01 5.356001e-01 -1.380000e-01 9.735000e-01 -2.786201e-01 5.358928e-01
-1.370000e-01 9.725000e-01 -2.787561e-01 5.353081e-01 -1.375000e-01 9.730000e-01 -2.786882e-01 5.356001e-01
-3.670000e-01 9.735000e-01 -2.745331e-01 5.256341e-01 -3.665000e-01 9.740000e-01 -2.745747e-01 5.259794e-01
-3.665000e-01 9.740000e-01 -2.745747e-01 5.259794e-01 -3.655000e-01 9.740000e-01 -2.745632e-01 5.258847e-01
-3.655000e-01 9.740000e-01 -2.745632e-01 5.258847e-01 -3.650000e-01 9.745000e-01 -2.746047e-01 5.262314e-01
-1.395000e-01 9.740000e-01 -2.785933e-01 5.360102e-01 -1.400000e-01 9.745000e-01 -2.785255e-01 5.363046e-01
-1.395000e-01 9.740000e-01 -2.785933e-01 5.360102e-01 -1.385000e-01 9.740000e-01 -2.785527e-01 5.361859e-01
-1.380000e-01 9.735000e-01 -2.786201e-01 5.358928e-01 -1.385000e-01 9.740000e-01 -2.785527e-01 5.361859e-01
-3.650000e-01 9.745000e-01 -2.746047e-01 5.262314e-01 -3.645000e-01 9.750000e-01 -2.746455e-01 5.265785e-01
-3.645000e-01 9.750000e-01 -2.746455e-01 5.265785e-01 -3.635000e-01 9.750000e-01 -2.746349e-01 5.264863e-01
-3.635000e-01 9.750000e-01 -2.746349e-01 5.264863e-01 -3.630000e-01 9.755000e-01 -2.746755e-01 5.268347e-01
-1.405000e-01 9.750000e-01 -2.784585e-01 5.365995e-01 -1.410000e-01 9.755000e-01 -2.783914e-01 5.368951e-01
-1.400000e-01 9.745000e-01 -2.785255e-01 5.363046e-01 -1.405000e-01 9.750000e-01 -2.784585e-01 5.365995e-01
-3.630000e-01 9.755000e-01 -2.746755e-01 5.268347e-01 -3.625000e-01 9.760000e-01 -2.747155e-01 5.271835e-01
-3.625000e-01 9.760000e-01 -2.747155e-01 5.271835e-01 -3.620000e-01 9.765000e-01 -2.747554e-01 5.275329e-01
-1.425000e-01 9.760000e-01 -2.783637e-01 5.370190e-01 -1.430000e-01 9.765000e-01 -2.782970e-01 5.373164e-01
-1.425000e-01 9.760000e-01 -2.783637e-01 5.370190e-01 -1.415000e-01 9.760000e-01 -2.783249e-01 5.371911e-01
-1.410000e-01 9.755000e-01 -2.783914e-01 5.368951e-01 -1.415000e-01 9.760000e-01 -2.783249e-01 5.371911e-01
-3.620000e-01 9.765000e-01 -2.747554e-01 5.275329e-01 -3.615000e-01 9.770000e-01 -2.747947e-01 5.278827e-01
-3.615000e-01 9.770000e-01 -2.747947e-01 5.278827e-01 -3.605000e-01 9.770000e-01 -2.747847e-01 5.277944e-01
-3.605000e-01 9.770000e-01 -2.747847e-01 5.277944e-01 -3.600000e-01 9.775000e-01 -2.748237e-01 5.281456e-01
-1.445000e-01 9.770000e-01 -2.782684e-01 5.374444e-01 -1.450000e-01 9.775000e-01 -2.782021e-01 5.377435e-01
-1.445000e-01 9.770000e-01 -2.782684e-01 5.374444e-01 -1.435000e-01 9.770000e-01 -2.782309e-01 5.376142e-01
-1.430000e-01 9.765000e-01 -2.782970e-01 5.373164e-01 -1.435000e-01 9.770000e-01 -2.782309e-01 5.376142e-01
-3.600000e-01 9.775000e-01 -2.748237e-01 5.281456e-01 -3.595000e-01 9.780000e-01 -2.748621e-01 5.284971e-01
-3.595000e-01 9.780000e-01 -2.748621e-01 5.284971e-01 -3.585000e-01 9.780000e-01 -2.748529e-01 5.284113e-01
-3.585000e-01 9.780000e-01 -2.748529e-01 5.284113e-01 -3.580000e-01 9.785000e-01 -2.748910e-01 5.287642e-01
-1.455000e-01 9.780000e-01 -2.781365e-01 5.380431e-01 -1.460000e-01 9.785000e-01 -2.780708e-01 5.383433e-01
-1.450000e-01 9.775000e-01 -2.782021e-01 5.377435e-01 -1.455000e-01 9.780000e-01 -2.781365e-01 5.380431e-01
-3.580000e-01 9.785000e-01 -2.748910e-01 5.287642e-01 -3.575000e-01 9.790000e-01 -2.749285e-01 5.291173e-01
-3.575000e-01 9.790000e-01 -2.749285e-01 5.291173e-01 -3.570000e-01 9.795000e-01 -2.749658e-01 5.294712e-01
-1.475000e-01 9.790000e-01 -2.780417e-01 5.384778e-01 -1.480000e-01 9.795000e-01 -2.779765e-01 5.387798e-01
-1.475000e-01 9.790000e-01 -2.780417e-01 5.384778e-01 -1.465000e-01 9.790000e-01 -2.780058e-01 5.386440e-01
-1.460000e-01 9.785000e-01 -2.780708e-01 5.383433e-01 -1.465000e-01 9.790000e-01 -2.780058e-01 5.386440e-01
-3.570000e-01 9.795000e-01 -2.749658e-01 5.294712e-01 -3.565000e-01 9.800000e-01 -2.750025e-01 5.298253e-01
-3.565000e-01 9.800000e-01 -2.750025e-01 5.298253e-01 -3.555000e-01 9.800000e-01 -2.749938e-01 5.297435e-01
-3.555000e-01 9.800000e-01 -2.749938e-01 5.297435e-01 -3.550000e-01 9.805000e-01 -2.750302e-01 5.300991e-01
-1.495000e-01 9.800000e-01 -2.779466e-01 5.389184e-01 -1.500000e-01 9.805000e-01 -2.778819e-01 5.392222e-01
-1.495000e-01 9.800000e-01 -2.779466e-01 5.389184e-01 -1.485000e-01 9.800000e-01 -2.779120e-01 5.390823e-01
-1.480000e-01 9.795000e-01 -2.779765e-01 5.387798e-01 -1.485000e-01 9.800000e-01 -2.779120e-01 5.390823e-01
-3.550000e-01 9.805000e-01 -2.750302e-01 5.300991e-01 -3.545000e-01 9.810000e-01 -2.750660e-01 5.304549e-01
-3.545000e-01 9.810000e-01 -2.750660e-01 5.304549e-01 -3.535000e-01 9.810000e-01 -2.750579e-01 5.303756e-01
-3.535000e-01 9.810000e-01 -2.750579e-01 5.303756e-01 -3.530000e-01 9.815000e-01 -2.750934e-01 5.307328e-01
-1.505000e-01 9.810000e-01 -2.778179e-01 5.395264e-01 -1.510000e-01 9.815000e-01 -2.777539e-01 5.398313e-01
-1.500000e-01 9.805000e-01 -2.778819e-01 5.392222e-01 -1.505000e-01 9.810000e-01 -2.778179e-01 5.395264e-01
-3.530000e-01 9.815000e-01 -2.750934e-01 5.307328e-01 -3.525000e-01 9.820000e-01 -2.751282e-01 5.310903e-01
-3.525000e-01 9.820000e-01 -2.751282e-01 5.310903e-01 -3.515000e-01 9.820000e-01 -2.751207e-01 5.310135e-01
-3.515000e-01 9.820000e-01 -2.751207e-01 5.310135e-01 -3.510000e-01 9.825000e-01 -2.751553e-01 5.313724e-01
-1.525000e-01 9.820000e-01 -2.777238e-01 5.399764e-01 -1.530000e-01 9.825000e-01 -2.776603e-01 5.402831e-01
-1.525000e-01 9.820000e-01 -2.777238e-01 5.399764e-01 -1.515000e-01 9.820000e-01 -2.776905e-01 5.401366e-01
-1.510000e-01 9.815000e-01 -2.777539e-01 5.398313e-01 -1.515000e-01 9.820000e-01 -2.776905e-01 5.401366e-01
-3.510000e-01 9.825000e-01 -2.751553e-01 5.313724e-01 -3.505000e-01 9.830000e-01 -2.751891e-01 5.317315e-01
-3.505000e-01 9.830000e-01 -2.751891e-01 5.317315e-01 -3.495000e-01 9.830000e-01 -2.751822e-01 5.316572e-01
-3.495000e-01 9.830000e-01 -2.751822e-01 5.316572e-01 -3.490000e-01 9.835000e-01 -2.752157e-01 5.320178e-01
-1.545000e-01 9.830000e-01 -2.776296e-01 5.404322e-01 -1.550000e-01 9.835000e-01 -2.775667e-01 5.407407e-01
-1.545000e-01 9.830000e-01 -2.776296e-01 5.404322e-01 -1.535000e-01 9.830000e-01 -2.775974e-01 5.405901e-01
-1.530000e-01 9.825000e-01 -2.776603e-01 5.402831e-01 -1.535000e-01 9.830000e-01 -2.775974e-01 5.405901e-01
-3.490000e-01 9.835000e-01 -2.752157e-01 5.320178e-01 -3.485000e-01 9.840000e-01 -2.752486e-01 5.323786e-01
-3.485000e-01 9.840000e-01 -2.752486e-01 5.323786e-01 -3.475000e-01 9.840000e-01 -2.752422e-01 5.323068e-01
-3.475000e-01 9.840000e-01 -2.752422e-01 5.323068e-01 -3.470000e-01 9.845000e-01 -2.752747e-01 5.326690e-01
-1.565000e-01 9.840000e-01 -2.775355e-01 5.408939e-01 -1.570000e-01 9.845000e-01 -2.774732e-01 5.412041e-01
-1.565000e-01 9.840000e-01 -2.775355e-01 5.408939e-01 -1.555000e-01 9.840000e-01 -2.775045e-01 5.410495e-01
-1.550000e-01 9.835000e-01 -2.775667e-01 5.407407e-01 -1.555000e-01 9.840000e-01 -2.775045e-01 5.410495e-01
-3.470000e-01 9.845000e-01 -2.752747e-01 5.326690e-01 -3.465000e-01 9.850000e-01 -2.753065e-01 5.330314e-01
-3.465000e-01 9.850000e-01 -2.753065e-01 5.330314e-01 -3.455000e-01 9.850000e-01 -2.753006e-01 5.329622e-01
-3.455000e-01 9.850000e-01 -2.753006e-01 5.329622e-01 -3.450000e-01 9.855000e-01 -2.753321e-01 5.333260e-01
-1.575000e-01 9.850000e-01 -2.774116e-01 5.415147e-01 -1.580000e-01 9.855000e-01 -2.773500e-01 5.418260e-01
-1.570000e-01 9.845000e-01 -2.774732e-01 5.412041e-01 -1.575000e-01 9.850000e-01 -2.774116e-01 5.415147e-01
-3.450000e-01 9.855000e-01 -2.753321e-01 5.333260e-01 -3.445000e-01 9.860000e-01 -2.753629e-01 5.336901e-01
-3.445000e-01 9.860000e-01 -2.753629e-01 5.336901e-01 -3.435000e-01 9.860000e-01 -2.753574e-01 5.336234e-01
-3.435000e-01 9.860000e-01 -2.753574e-01 5.336234e-01 -3.430000e-01 9.865000e-01 -2.753878e-01 5.339888e-01
-1.595000e-01 9.860000e-01 -2.773190e-01 5.419857e-01 -1.600000e-01 9.865000e-01 -2.772580e-01 5.422988e-01
-1.595000e-01 9.860000e-01 -2.773190e-01 5.419857e-01 -1.585000e-01 9.860000e-01 -2.772890e-01 5.421377e-01
-1.580000e-01 9.855000e-01 -2.773500e-01 5.418260e-01 -1.585000e-01 9.860000e-01 -2.772890e-01 5.421377e-01
-3.430000e-01 9.865000e-01 -2.753878e-01 5.339888e-01 -3.425000e-01 9.870000e-01 -2.754176e-01 5.343545e-01
-3.425000e-01 9.870000e-01 -2.754176e-01 5.343545e-01 -3.415000e-01 9.870000e-01 -2.754125e-01 5.342903e-01
-3.415000e-01 9.870000e-01 -2.754125e-01 5.342903e-01 -3.410000e-01 9.875000e-01 -2.754418e-01 5.346574e-01
-1.615000e-01 9.870000e-01 -2.772267e-01 5.424626e-01 -1.620000e-01 9.875000e-01 -2.771664e-01 5.427774e-01
-1.615000e-01 9.870000e-01 -2.772267e-01 5.424626e-01 -1.605000e-01 9.870000e-01 -2.771978e-01 5.426122e-01
-1.600000e-01 9.865000e-01 -2.772580e-01 5.422988e-01 -1.605000e-01 9.870000e-01 -2.771978e-01 5.426122e-01
-3.410000e-01 9.875000e-01 -2.754418e-01 5.346574e-01 -3.405000e-01 9.880000e-01 -2.754705e-01 5.350247e-01
-3.405000e-01 9.880000e-01 -2.754705e-01 5.350247e-01 -3.395000e-01 9.880000e-01 -2.754658e-01 5.349630e-01
-3.395000e-01 9.880000e-01 -2.754658e-01 5.349630e-01 -3.390000e-01 9.885000e-01 -2.754940e-01 5.353317e-01
-1.635000e-01 9.880000e-01 -2.771349e-01 5.429454e-01 -1.640000e-01 9.885000e-01 -2.770753e-01 5.432619e-01
-1.635000e-01 9.880000e-01 -2.771349e-01 5.429454e-01 -1.625000e-01 9.880000e-01 -2.771068e-01 5.430926e-01
-1.620000e-01 9.875000e-01 -2.771664e-01 5.427774e-01 -1.625000e-01 9.880000e-01 -2.771068e-01 5.430926e-01
-3.390000e-01 9.885000e-01 -2.754940e-01 5.353317e-01 -3.385000e-01 9.890000e-01 -2.755216e-01 5.357006e-01
-3.385000e-01 9.890000e-01 -2.755216e-01 5.357006e-01 -3.375000e-01 9.890000e-01 -2.755172e-01 5.356414e-01
-3.375000e-01 9.890000e-01 -2.755172e-01 5.356414e-01 -3.370000e-01 9.895000e-01 -2.755443e-01 5.360117e-01
-1.655000e-01 9.890000e-01 -2.770436e-01 5.434340e-01 -1.660000e-01 9.895000e-01 -2.769847e-01 5.437523e-01
-1.655000e-01 9.890000e-01 -2.770436e-01 5.434340e-01 -1.645000e-01 9.890000e-01 -2.770164e-01 5.435788e-01
-1.640000e-01 9.885000e-01 -2.770753e-01 5.432619e-01 -1.645000e-01 9.890000e-01 -2.770164e-01 5.435788e-01
-3.370000e-01 9.895000e-01 -2.755443e-01 5.360117e-01 -3.365000e-01 9.900000e-01 -2.755708e-01 5.363822e-01
-3.365000e-01 9.900000e-01 -2.755708e-01 5.363822e-01 -3.355000e-01 9.900000e-01 -2.755666e-01 5.363255e-01
-3.355000e-01 9.900000e-01 -2.755666e-01 5.363255e-01 -3.350000e-01 9.905000e-01 -2.755926e-01 5.366974e-01
-1.685000e-01 9.900000e-01 -2.769782e-01 5.437869e-01 -1.690000e-01 9.905000e-01 -2.769202e-01 5.441076e-01
-1.685000e-01 9.900000e-01 -2.769782e-01 5.437869e-01 -1.675000e-01 9.900000e-01 -2.769528e-01 5.439284e-01
-1.675000e-01 9.900000e-01 -2.769528e-01 5.439284e-01 -1.665000e-01 9.900000e-01 -2.769266e-01 5.440709e-01
-1.660000e-01 9.895000e-01 -2.769847e-01 5.437523e-01 -1.665000e-01 9.900000e-01 -2.769266e-01 5.440709e-01
-3.350000e-01 9.905000e-01 -2.755926e-01 5.366974e-01 -3.345000e-01 9.910000e-01 -2.756179e-01 5.370694e-01
-3.345000e-01 9.910000e-01 -2.756179e-01 5.370694e-01 -3.335000e-01 9.910000e-01 -2.756139e-01 5.370153e-01
-3.335000e-01 9.910000e-01 -2.756139e-01 5.370153e-01 -3.325000e-01 9.910000e-01 -2.756106e-01 5.369623e-01
-3.325000e-01 9.910000e-01 -2.756106e-01 5.369623e-01 -3.320000e-01 9.915000e-01 -2.756352e-01 5.373364e-01
-1.705000e-01 9.910000e-01 -2.768874e-01 5.442896e-01 -1.710000e-01 9.915000e-01 -2.768302e-01 5.446120e-01
-1.705000e-01 9.910000e-01 -2.768874e-01 5.442896e-01 -1.695000e-01 9.910000e-01 -2.768628e-01 5.444287e-01
-1.690000e-01 9.905000e-01 -2.769202e-01 5.441076e-01 -1.695000e-01 9.910000e-01 -2.768628e-01 5.444287e-01
-3.320000e-01 9.915000e-01 -2.756352e-01 5.373364e-01 -3.315000e-01 9.920000e-01 -2.756591e-01 5.377107e-01
-3.315000e-01 9.920000e-01 -2.756591e-01 5.377107e-01 -3.305000e-01 9.920000e-01 -2.756559e-01 5.376602e-01
-3.305000e-01 9.920000e-01 -2.756559e-01 5.376602e-01 -3.300000e-01 9.925000e-01 -2.756794e-01 5.380359e-01
-1.725000e-01 9.920000e-01 -2.767975e-01 5.447981e-01 -1.730000e-01 9.925000e-01 -2.767411e-01 5.451222e-01
-1.725000e-01 9.920000e-01 -2.767975e-01 5.447981e-01 -1.715000e-01 9.920000e-01 -2.767737e-01 5.449348e-01
-1.710000e-01 9.915000e-01 -2.768302e-01 5.446120e-01 -1.715000e-01 9.920000e-01 -2.767737e-01 5.449348e-01
-3.300000e-01 9.925000e-01 -2.756794e-01 5.380359e-01 -3.295000e-01 9.930000e-01 -2.757021e-01 5.384118e-01
-3.295000e-01 9.930000e-01 -2.757021e-01 5.384118e-01 -3.285000e-01 9.930000e-01 -2.756990e-01 5.383638e-01
-3.285000e-01 9.930000e-01 -2.756990e-01 5.383638e-01 -3.275000e-01 9.930000e-01 -2.756966e-01 5.383169e-01
-3.275000e-01 9.930000e-01 -2.756966e-01 5.383169e-01 -3.270000e-01 9.935000e-01 -2.757185e-01 5.386948e-01
-1.745000e-01 9.930000e-01 -2.767085e-01 5.453124e-01 -1.750000e-01 9.935000e-01 -2.766530e-01 5.456383e-01
-1.745000e-01 9.930000e-01 -2.767085e-01 5.453124e-01 -1.735000e-01 9.930000e-01 -2.766854e-01 5.454467e-01
-1.730000e-01 9.925000e-01 -2.767411e-01 5.451222e-01 -1.735000e-01 9.930000e-01 -2.766854e-01 5.454467e-01
-3.270000e-01 9.935000e-01 -2.757185e-01 5.386948e-01 -3.265000e-01 9.940000e-01 -2.757398e-01 5.390729e-01
-3.265000e-01 9.940000e-01 -2.757398e-01 5.390729e-01 -3.255000e-01 9.940000e-01 -2.757374e-01 5.390285e-01
-3.255000e-01 9.940000e-01 -2.757374e-01 5.390285e-01 -3.250000e-01 9.945000e-01 -2.757581e-01 5.394080e-01
-1.775000e-01 9.940000e-01 -2.766422e-01 5.457016e-01 -1.780000e-01 9.945000e-01 -2.765876e-01 5.460299e-01
-1.775000e-01 9.940000e-01 -2.766422e-01 5.457016e-01 -1.765000e-01 9.940000e-01 -2.766206e-01 5.458325e-01
-1.765000e-01 9.940000e-01 -2.766206e-01 5.458325e-01 -1.755000e-01 9.940000e-01 -2.765981e-01 5.459645e-01
-1.750000e-01 9.935000e-01 -2.766530e-01 5.456383e-01 -1.755000e-01 9.940000e-01 -2.765981e-01 5.459645e-01
-3.250000e-01 9.945000e-01 -2.757581e-01 5.394080e-01 -3.245000e-01 9.950000e-01 -2.757781e-01 5.397876e-01
-3.245000e-01 9.950000e-01 -2.757781e-01 5.397876e-01 -3.235000e-01 9.950000e-01 -2.757757e-01 5.397457e-01
-3.235000e-01 9.950000e-01 -2.757757e-01 5.397457e-01 -3.225000e-01 9.950000e-01 -2.757739e-01 5.397050e-01
-3.225000e-01 9.950000e-01 -2.757739e-01 5.397050e-01 -3.220000e-01 9.955000e-01 -2.757930e-01 5.400866e-01
-1.795000e-01 9.950000e-01 -2.765548e-01 5.462300e-01 -1.800000e-01 9.955000e-01 -2.765012e-01 5.465600e-01
-1.795000e-01 9.950000e-01 -2.765548e-01 5.462300e-01 -1.785000e-01 9.950000e-01 -2.765338e-01 5.463585e-01
-1.780000e-01 9.945000e-01 -2.765876e-01 5.460299e-01 -1.785000e-01 9.950000e-01 -2.765338e-01 5.463585e-01
-3.220000e-01 9.955000e-01 -2.757930e-01 5.400866e-01 -3.215000e-01 9.960000e-01 -2.758115e-01 5.404685e-01
-3.215000e-01 9.960000e-01 -2.758115e-01 5.404685e-01 -3.205000e-01 9.960000e-01 -2.758096e-01 5.404303e-01
-3.205000e-01 9.960000e-01 -2.758096e-01 5.404303e-01 -3.195000e-01 9.960000e-01 -2.758083e-01 5.403932e-01
-3.195000e-01 9.960000e-01 -2.758083e-01 5.403932e-01 -3.190000e-01 9.965000e-01 -2.758258e-01 5.407770e-01
-1.825000e-01 9.960000e-01 -2.764884e-01 5.466391e-01 -1.830000e-01 9.965000e-01 -2.764358e-01 5.469715e-01
-1.825000e-01 9.960000e-01 -2.764884e-01 5.466391e-01 -1.815000e-01 9.960000e-01 -2.764687e-01 5.467642e-01
-1.815000e-01 9.960000e-01 -2.764687e-01 5.467642e-01 -1.805000e-01 9.960000e-01 -2.764482e-01 5.468903e-01
-1.800000e-01 9.955000e-01 -2.765012e-01 5.465600e-01 -1.805000e-01 9.960000e-01 -2.764482e-01 5.468903e-01
-3.190000e-01 9.965000e-01 -2.758258e-01 5.407770e-01 -3.185000e-01 9.970000e-01 -2.758427e-01 5.411610e-01
-3.185000e-01 9.970000e-01 -2.758427e-01 5.411610e-01 -3.175000e-01 9.970000e-01 -2.758412e-01 5.411264e-01
-3.175000e-01 9.970000e-01 -2.758412e-01 5.411264e-01 -3.170000e-01 9.975000e-01 -2.758574e-01 5.415117e-01
-1.855000e-01 9.970000e-01 -2.764216e-01 5.470599e-01 -1.860000e-01 9.975000e-01 -2.763702e-01 5.473946e-01
-1.855000e-01 9.970000e-01 -2.764216e-01 5.470599e-01 -1.845000e-01 9.970000e-01 -2.764032e-01 5.471815e-01
-1.845000e-01 9.970000e-01 -2.764032e-01 5.471815e-01 -1.835000e-01 9.970000e-01 -2.763840e-01 5.473042e-01
-1.830000e-01 9.965000e-01 -2.764358e-01 5.469715e-01 -1.835000e-01 9.970000e-01 -2.763840e-01 5.473042e-01
-3.170000e-01 9.975000e-01 -2.758574e-01 5.415117e-01 -3.165000e-01 9.980000e-01 -2.758730e-01 5.418972e-01
-3.165000e-01 9.980000e-01 -2.758730e-01 5.418972e-01 -3.155000e-01 9.980000e-01 -2.758714e-01 5.418651e-01
-3.155000e-01 9.980000e-01 -2.758714e-01 5.418651e-01 -3.145000e-01 9.980000e-01 -2.758702e-01 5.418341e-01
-3.145000e-01 9.980000e-01 -2.758702e-01 5.418341e-01 -3.140000e-01 9.985000e-01 -2.758848e-01 5.422216e-01
-1.885000e-01 9.980000e-01 -2.763548e-01 5.474924e-01 -1.890000e-01 9.985000e-01 -2.763045e-01 5.478295e-01
-1.885000e-01 9.980000e-01 -2.763548e-01 5.474924e-01 -1.875000e-01 9.980000e-01 -2.763375e-01 5.476105e-01
-1.875000e-01 9.980000e-01 -2.763375e-01 5.476105e-01 -1.865000e-01 9.980000e-01 -2.763194e-01 5.477297e-01
-1.860000e-01 9.975000e-01 -2.763702e-01 5.473946e-01 -1.865000e-01 9.980000e-01 -2.763194e-01 5.477297e-01
-3.140000e-01 9.985000e-01 -2.758848e-01 5.422216e-01 -3.135000e-01 9.990000e-01 -2.758987e-01 5.426091e-01
-3.135000e-01 9.990000e-01 -2.758987e-01 5.426091e-01 -3.125000e-01 9.990000e-01 -2.758973e-01 5.425807e-01
-3.125000e-01 9.990000e-01 -2.758973e-01 5.425807e-01 -3.115000e-01 9.990000e-01 -2.758964e-01 5.425534e-01
-3.115000e-01 9.990000e-01 -2.758964e-01 5.425534e-01 -3.105000e-01 9.990000e-01 -2.758960e-01 5.425273e-01
-3.105000e-01 9.990000e-01 -2.758960e-01 5.425273e-01 -3.100000e-01 9.995000e-01 -2.759084e-01 5.429175e-01
-1.915000e-01 9.990000e-01 -2.762882e-01 5.479365e-01 -1.920000e-01 9.995000e-01 -2.762392e-01 5.482760e-01
-1.915000e-01 9.990000e-01 -2.762882e-01 5.479365e-01 -1.905000e-01 9.990000e-01 -2.762719e-01 5.480512e-01
-1.905000e-01 9.990000e-01 -2.762719e-01 5.480512e-01 -1.895000e-01 9.990000e-01 -2.762550e-01 5.481669e-01
-1.890000e-01 9.985000e-01 -2.763045e-01 5.478295e-01 -1.895000e-01 9.990000e-01 -2.762550e-01 5.481669e-01
