-2.935000e-01 -9.700000e-02 -2.624690e-01 3.411494e-01 -2.940000e-01 -9.650000e-02 -2.624594e-01 3.415676e-01
-2.935000e-01 -9.700000e-02 -2.624690e-01 3.411494e-01 -2.925000e-01 -9.700000e-02 -2.624677e-01 3.411682e-01
-2.925000e-01 -9.700000e-02 -2.624677e-01 3.411682e-01 -2.915000e-01 -9.700000e-02 -2.624665e-01 3.411852e-01
-2.915000e-01 -9.700000e-02 -2.624665e-01 3.411852e-01 -2.905000e-01 -9.700000e-02 -2.624654e-01 3.412002e-01
-2.905000e-01 -9.700000e-02 -2.624654e-01 3.412002e-01 -2.895000e-01 -9.700000e-02 -2.624645e-01 3.412133e-01
-2.895000e-01 -9.700000e-02 -2.624645e-01 3.412133e-01 -2.885000e-01 -9.700000e-02 -2.624636e-01 3.412246e-01
-2.885000e-01 -9.700000e-02 -2.624636e-01 3.412246e-01 -2.875000e-01 -9.700000e-02 -2.624628e-01 3.412340e-01
-2.875000e-01 -9.700000e-02 -2.624628e-01 3.412340e-01 -2.865000e-01 -9.700000e-02 -2.624621e-01 3.412415e-01
-2.865000e-01 -9.700000e-02 -2.624621e-01 3.412415e-01 -2.855000e-01 -9.700000e-02 -2.624614e-01 3.412471e-01
-2.855000e-01 -9.700000e-02 -2.624614e-01 3.412471e-01 -2.845000e-01 -9.700000e-02 -2.624607e-01 3.412508e-01
-2.845000e-01 -9.700000e-02 -2.624607e-01 3.412508e-01 -2.835000e-01 -9.700000e-02 -2.624601e-01 3.412526e-01
-2.835000e-01 -9.700000e-02 -2.624601e-01 3.412526e-01 -2.825000e-01 -9.700000e-02 -2.624594e-01 3.412526e-01
-2.825000e-01 -9.700000e-02 -2.624594e-01 3.412526e-01 -2.815000e-01 -9.700000e-02 -2.624588e-01 3.412506e-01
-2.815000e-01 -9.700000e-02 -2.624588e-01 3.412506e-01 -2.805000e-01 -9.700000e-02 -2.624582e-01 3.412467e-01
-2.805000e-01 -9.700000e-02 -2.624582e-01 3.412467e-01 -2.795000e-01 -9.700000e-02 -2.624575e-01 3.412410e-01
-2.795000e-01 -9.700000e-02 -2.624575e-01 3.412410e-01 -2.785000e-01 -9.700000e-02 -2.624568e-01 3.412333e-01
-2.785000e-01 -9.700000e-02 -2.624568e-01 3.412333e-01 -2.775000e-01 -9.700000e-02 -2.624561e-01 3.412238e-01
-2.775000e-01 -9.700000e-02 -2.624561e-01 3.412238e-01 -2.765000e-01 -9.700000e-02 -2.624552e-01 3.412123e-01
-2.765000e-01 -9.700000e-02 -2.624552e-01 3.412123e-01 -2.755000e-01 -9.700000e-02 -2.624543e-01 3.411990e-01
-2.755000e-01 -9.700000e-02 -2.624543e-01 3.411990e-01 -2.745000e-01 -9.700000e-02 -2.624534e-01 3.411838e-01
-2.745000e-01 -9.700000e-02 -2.624534e-01 3.411838e-01 -2.735000e-01 -9.700000e-02 -2.624523e-01 3.411666e-01
-2.735000e-01 -9.700000e-02 -2.624523e-01 3.411666e-01 -2.725000e-01 -9.700000e-02 -2.624511e-01 3.411476e-01
-2.725000e-01 -9.700000e-02 -2.624511e-01 3.411476e-01 -2.715000e-01 -9.700000e-02 -2.624497e-01 3.411267e-01
-2.715000e-01 -9.700000e-02 -2.624497e-01 3.411267e-01 -2.705000e-01 -9.700000e-02 -2.624483e-01 3.411039e-01
-2.705000e-01 -9.700000e-02 -2.624483e-01 3.411039e-01 -2.695000e-01 -9.700000e-02 -2.624466e-01 3.410792e-01
-2.695000e-01 -9.700000e-02 -2.624466e-01 3.410792e-01 -2.690000e-01 -9.650000e-02 -2.624590e-01 3.414963e-01
-3.135000e-01 -9.600000e-02 -2.624831e-01 3.412307e-01 -3.140000e-01 -9.550000e-02 -2.624564e-01 3.416267e-01
-3.135000e-01 -9.600000e-02 -2.624831e-01 3.412307e-01 -3.125000e-01 -9.600000e-02 -2.624786e-01 3.412872e-01
-3.125000e-01 -9.600000e-02 -2.624786e-01 3.412872e-01 -3.115000e-01 -9.600000e-02 -2.624744e-01 3.413419e-01
-3.115000e-01 -9.600000e-02 -2.624744e-01 3.413419e-01 -3.105000e-01 -9.600000e-02 -2.624706e-01 3.413947e-01
-3.105000e-01 -9.600000e-02 -2.624706e-01 3.413947e-01 -3.095000e-01 -9.600000e-02 -2.624671e-01 3.414456e-01
-3.095000e-01 -9.600000e-02 -2.624671e-01 3.414456e-01 -3.085000e-01 -9.600000e-02 -2.624640e-01 3.414947e-01
-3.085000e-01 -9.600000e-02 -2.624640e-01 3.414947e-01 -3.075000e-01 -9.600000e-02 -2.624611e-01 3.415419e-01
-3.075000e-01 -9.600000e-02 -2.624611e-01 3.415419e-01 -3.065000e-01 -9.600000e-02 -2.624586e-01 3.415873e-01
-3.065000e-01 -9.600000e-02 -2.624586e-01 3.415873e-01 -3.055000e-01 -9.600000e-02 -2.624565e-01 3.416308e-01
-3.055000e-01 -9.600000e-02 -2.624565e-01 3.416308e-01 -3.045000e-01 -9.600000e-02 -2.624546e-01 3.416724e-01
-3.045000e-01 -9.600000e-02 -2.624546e-01 3.416724e-01 -3.035000e-01 -9.600000e-02 -2.624529e-01 3.417122e-01
-3.035000e-01 -9.600000e-02 -2.624529e-01 3.417122e-01 -3.025000e-01 -9.600000e-02 -2.624516e-01 3.417501e-01
-3.025000e-01 -9.600000e-02 -2.624516e-01 3.417501e-01 -3.015000e-01 -9.600000e-02 -2.624505e-01 3.417861e-01
-3.015000e-01 -9.600000e-02 -2.624505e-01 3.417861e-01 -3.005000e-01 -9.600000e-02 -2.624496e-01 3.418202e-01
-3.005000e-01 -9.600000e-02 -2.624496e-01 3.418202e-01 -2.995000e-01 -9.600000e-02 -2.624489e-01 3.418525e-01
-2.995000e-01 -9.600000e-02 -2.624489e-01 3.418525e-01 -2.985000e-01 -9.600000e-02 -2.624485e-01 3.418829e-01
-2.985000e-01 -9.600000e-02 -2.624485e-01 3.418829e-01 -2.975000e-01 -9.600000e-02 -2.624483e-01 3.419114e-01
-2.975000e-01 -9.600000e-02 -2.624483e-01 3.419114e-01 -2.965000e-01 -9.600000e-02 -2.624482e-01 3.419380e-01
-2.965000e-01 -9.600000e-02 -2.624482e-01 3.419380e-01 -2.955000e-01 -9.600000e-02 -2.624484e-01 3.419627e-01
-2.955000e-01 -9.600000e-02 -2.624484e-01 3.419627e-01 -2.945000e-01 -9.600000e-02 -2.624487e-01 3.419855e-01
-2.940000e-01 -9.650000e-02 -2.624594e-01 3.415676e-01 -2.945000e-01 -9.600000e-02 -2.624487e-01 3.419855e-01
-2.690000e-01 -9.650000e-02 -2.624590e-01 3.414963e-01 -2.685000e-01 -9.600000e-02 -2.624724e-01 3.419132e-01
-2.685000e-01 -9.600000e-02 -2.624724e-01 3.419132e-01 -2.675000e-01 -9.600000e-02 -2.624723e-01 3.418848e-01
-2.675000e-01 -9.600000e-02 -2.624723e-01 3.418848e-01 -2.665000e-01 -9.600000e-02 -2.624720e-01 3.418544e-01
-2.665000e-01 -9.600000e-02 -2.624720e-01 3.418544e-01 -2.655000e-01 -9.600000e-02 -2.624716e-01 3.418222e-01
-2.655000e-01 -9.600000e-02 -2.624716e-01 3.418222e-01 -2.645000e-01 -9.600000e-02 -2.624709e-01 3.417880e-01
-2.645000e-01 -9.600000e-02 -2.624709e-01 3.417880e-01 -2.635000e-01 -9.600000e-02 -2.624700e-01 3.417520e-01
-2.635000e-01 -9.600000e-02 -2.624700e-01 3.417520e-01 -2.625000e-01 -9.600000e-02 -2.624688e-01 3.417140e-01
-2.625000e-01 -9.600000e-02 -2.624688e-01 3.417140e-01 -2.615000e-01 -9.600000e-02 -2.624674e-01 3.416742e-01
-2.615000e-01 -9.600000e-02 -2.624674e-01 3.416742e-01 -2.605000e-01 -9.600000e-02 -2.624658e-01 3.416325e-01
-2.605000e-01 -9.600000e-02 -2.624658e-01 3.416325e-01 -2.595000e-01 -9.600000e-02 -2.624638e-01 3.415889e-01
-2.595000e-01 -9.600000e-02 -2.624638e-01 3.415889e-01 -2.585000e-01 -9.600000e-02 -2.624616e-01 3.415433e-01
-2.585000e-01 -9.600000e-02 -2.624616e-01 3.415433e-01 -2.575000e-01 -9.600000e-02 -2.624590e-01 3.414959e-01
-2.575000e-01 -9.600000e-02 -2.624590e-01 3.414959e-01 -2.565000e-01 -9.600000e-02 -2.624562e-01 3.414467e-01
-2.565000e-01 -9.600000e-02 -2.624562e-01 3.414467e-01 -2.555000e-01 -9.600000e-02 -2.624530e-01 3.413955e-01
-2.555000e-01 -9.600000e-02 -2.624530e-01 3.413955e-01 -2.545000e-01 -9.600000e-02 -2.624495e-01 3.413424e-01
-2.545000e-01 -9.600000e-02 -2.624495e-01 3.413424e-01 -2.535000e-01 -9.600000e-02 -2.624456e-01 3.412874e-01
-2.535000e-01 -9.600000e-02 -2.624456e-01 3.412874e-01 -2.525000e-01 -9.600000e-02 -2.624414e-01 3.412306e-01
-2.525000e-01 -9.600000e-02 -2.624414e-01 3.412306e-01 -2.515000e-01 -9.600000e-02 -2.624367e-01 3.411719e-01
-2.515000e-01 -9.600000e-02 -2.624367e-01 3.411719e-01 -2.505000e-01 -9.600000e-02 -2.624317e-01 3.411113e-01
-2.505000e-01 -9.600000e-02 -2.624317e-01 3.411113e-01 -2.495000e-01 -9.600000e-02 -2.624263e-01 3.410489e-01
-2.495000e-01 -9.600000e-02 -2.624263e-01 3.410489e-01 -2.490000e-01 -9.550000e-02 -2.624556e-01 3.414466e-01
-3.255000e-01 -9.500000e-02 -2.624920e-01 3.412546e-01 -3.260000e-01 -9.450000e-02 -2.624560e-01 3.416366e-01
-3.255000e-01 -9.500000e-02 -2.624920e-01 3.412546e-01 -3.245000e-01 -9.500000e-02 -2.624838e-01 3.413335e-01
-3.245000e-01 -9.500000e-02 -2.624838e-01 3.413335e-01 -3.235000e-01 -9.500000e-02 -2.624761e-01 3.414107e-01
-3.235000e-01 -9.500000e-02 -2.624761e-01 3.414107e-01 -3.225000e-01 -9.500000e-02 -2.624689e-01 3.414859e-01
-3.225000e-01 -9.500000e-02 -2.624689e-01 3.414859e-01 -3.215000e-01 -9.500000e-02 -2.624623e-01 3.415594e-01
-3.215000e-01 -9.500000e-02 -2.624623e-01 3.415594e-01 -3.205000e-01 -9.500000e-02 -2.624561e-01 3.416311e-01
-3.205000e-01 -9.500000e-02 -2.624561e-01 3.416311e-01 -3.195000e-01 -9.500000e-02 -2.624504e-01 3.417009e-01
-3.195000e-01 -9.500000e-02 -2.624504e-01 3.417009e-01 -3.185000e-01 -9.500000e-02 -2.624452e-01 3.417688e-01
-3.185000e-01 -9.500000e-02 -2.624452e-01 3.417688e-01 -3.175000e-01 -9.500000e-02 -2.624404e-01 3.418350e-01
-3.175000e-01 -9.500000e-02 -2.624404e-01 3.418350e-01 -3.165000e-01 -9.500000e-02 -2.624360e-01 3.418993e-01
-3.165000e-01 -9.500000e-02 -2.624360e-01 3.418993e-01 -3.155000e-01 -9.500000e-02 -2.624321e-01 3.419617e-01
-3.155000e-01 -9.500000e-02 -2.624321e-01 3.419617e-01 -3.145000e-01 -9.500000e-02 -2.624286e-01 3.420223e-01
-3.140000e-01 -9.550000e-02 -2.624564e-01 3.416267e-01 -3.145000e-01 -9.500000e-02 -2.624286e-01 3.420223e-01
-2.490000e-01 -9.550000e-02 -2.624556e-01 3.414466e-01 -2.485000e-01 -9.500000e-02 -2.624858e-01 3.418441e-01
-2.485000e-01 -9.500000e-02 -2.624858e-01 3.418441e-01 -2.475000e-01 -9.500000e-02 -2.624815e-01 3.417778e-01
-2.475000e-01 -9.500000e-02 -2.624815e-01 3.417778e-01 -2.465000e-01 -9.500000e-02 -2.624766e-01 3.417096e-01
-2.465000e-01 -9.500000e-02 -2.624766e-01 3.417096e-01 -2.455000e-01 -9.500000e-02 -2.624714e-01 3.416395e-01
-2.455000e-01 -9.500000e-02 -2.624714e-01 3.416395e-01 -2.445000e-01 -9.500000e-02 -2.624656e-01 3.415675e-01
-2.445000e-01 -9.500000e-02 -2.624656e-01 3.415675e-01 -2.435000e-01 -9.500000e-02 -2.624594e-01 3.414937e-01
-2.435000e-01 -9.500000e-02 -2.624594e-01 3.414937e-01 -2.425000e-01 -9.500000e-02 -2.624527e-01 3.414180e-01
-2.425000e-01 -9.500000e-02 -2.624527e-01 3.414180e-01 -2.415000e-01 -9.500000e-02 -2.624455e-01 3.413405e-01
-2.415000e-01 -9.500000e-02 -2.624455e-01 3.413405e-01 -2.405000e-01 -9.500000e-02 -2.624378e-01 3.412611e-01
-2.405000e-01 -9.500000e-02 -2.624378e-01 3.412611e-01 -2.395000e-01 -9.500000e-02 -2.624296e-01 3.411798e-01
-2.395000e-01 -9.500000e-02 -2.624296e-01 3.411798e-01 -2.385000e-01 -9.500000e-02 -2.624208e-01 3.410966e-01
-2.385000e-01 -9.500000e-02 -2.624208e-01 3.410966e-01 -2.380000e-01 -9.450000e-02 -2.624586e-01 3.414831e-01
-3.345000e-01 -9.400000e-02 -2.624951e-01 3.413032e-01 -3.350000e-01 -9.350000e-02 -2.624526e-01 3.416743e-01
-3.345000e-01 -9.400000e-02 -2.624951e-01 3.413032e-01 -3.335000e-01 -9.400000e-02 -2.624834e-01 3.413989e-01
-3.335000e-01 -9.400000e-02 -2.624834e-01 3.413989e-01 -3.325000e-01 -9.400000e-02 -2.624724e-01 3.414927e-01
-3.325000e-01 -9.400000e-02 -2.624724e-01 3.414927e-01 -3.315000e-01 -9.400000e-02 -2.624620e-01 3.415848e-01
-3.315000e-01 -9.400000e-02 -2.624620e-01 3.415848e-01 -3.305000e-01 -9.400000e-02 -2.624522e-01 3.416751e-01
-3.305000e-01 -9.400000e-02 -2.624522e-01 3.416751e-01 -3.295000e-01 -9.400000e-02 -2.624430e-01 3.417635e-01
-3.295000e-01 -9.400000e-02 -2.624430e-01 3.417635e-01 -3.285000e-01 -9.400000e-02 -2.624343e-01 3.418502e-01
-3.285000e-01 -9.400000e-02 -2.624343e-01 3.418502e-01 -3.275000e-01 -9.400000e-02 -2.624263e-01 3.419351e-01
-3.275000e-01 -9.400000e-02 -2.624263e-01 3.419351e-01 -3.265000e-01 -9.400000e-02 -2.624188e-01 3.420181e-01
-3.260000e-01 -9.450000e-02 -2.624560e-01 3.416366e-01 -3.265000e-01 -9.400000e-02 -2.624188e-01 3.420181e-01
-2.380000e-01 -9.450000e-02 -2.624586e-01 3.414831e-01 -2.375000e-01 -9.400000e-02 -2.624975e-01 3.418692e-01
-2.375000e-01 -9.400000e-02 -2.624975e-01 3.418692e-01 -2.365000e-01 -9.400000e-02 -2.624894e-01 3.417822e-01
-2.365000e-01 -9.400000e-02 -2.624894e-01 3.417822e-01 -2.355000e-01 -9.400000e-02 -2.624808e-01 3.416933e-01
-2.355000e-01 -9.400000e-02 -2.624808e-01 3.416933e-01 -2.345000e-01 -9.400000e-02 -2.624716e-01 3.416025e-01
-2.345000e-01 -9.400000e-02 -2.624716e-01 3.416025e-01 -2.335000e-01 -9.400000e-02 -2.624618e-01 3.415099e-01
-2.335000e-01 -9.400000e-02 -2.624618e-01 3.415099e-01 -2.325000e-01 -9.400000e-02 -2.624514e-01 3.414155e-01
-2.325000e-01 -9.400000e-02 -2.624514e-01 3.414155e-01 -2.315000e-01 -9.400000e-02 -2.624404e-01 3.413192e-01
-2.315000e-01 -9.400000e-02 -2.624404e-01 3.413192e-01 -2.305000e-01 -9.400000e-02 -2.624287e-01 3.412211e-01
-2.305000e-01 -9.400000e-02 -2.624287e-01 3.412211e-01 -2.295000e-01 -9.400000e-02 -2.624164e-01 3.411211e-01
-2.295000e-01 -9.400000e-02 -2.624164e-01 3.411211e-01 -2.290000e-01 -9.350000e-02 -2.624608e-01 3.414979e-01
-3.415000e-01 -9.300000e-02 -2.624864e-01 3.414198e-01 -3.420000e-01 -9.250000e-02 -2.624389e-01 3.417822e-01
-3.415000e-01 -9.300000e-02 -2.624864e-01 3.414198e-01 -3.405000e-01 -9.300000e-02 -2.624717e-01 3.415284e-01
-3.405000e-01 -9.300000e-02 -2.624717e-01 3.415284e-01 -3.395000e-01 -9.300000e-02 -2.624577e-01 3.416352e-01
-3.395000e-01 -9.300000e-02 -2.624577e-01 3.416352e-01 -3.385000e-01 -9.300000e-02 -2.624445e-01 3.417403e-01
-3.385000e-01 -9.300000e-02 -2.624445e-01 3.417403e-01 -3.375000e-01 -9.300000e-02 -2.624319e-01 3.418436e-01
-3.375000e-01 -9.300000e-02 -2.624319e-01 3.418436e-01 -3.365000e-01 -9.300000e-02 -2.624200e-01 3.419452e-01
-3.365000e-01 -9.300000e-02 -2.624200e-01 3.419452e-01 -3.355000e-01 -9.300000e-02 -2.624088e-01 3.420449e-01
-3.350000e-01 -9.350000e-02 -2.624526e-01 3.416743e-01 -3.355000e-01 -9.300000e-02 -2.624088e-01 3.420449e-01
-2.290000e-01 -9.350000e-02 -2.624608e-01 3.414979e-01 -2.285000e-01 -9.300000e-02 -2.625062e-01 3.418745e-01
-2.285000e-01 -9.300000e-02 -2.625062e-01 3.418745e-01 -2.275000e-01 -9.300000e-02 -2.624944e-01 3.417706e-01
-2.275000e-01 -9.300000e-02 -2.624944e-01 3.417706e-01 -2.265000e-01 -9.300000e-02 -2.624819e-01 3.416649e-01
-2.265000e-01 -9.300000e-02 -2.624819e-01 3.416649e-01 -2.255000e-01 -9.300000e-02 -2.624687e-01 3.415573e-01
-2.255000e-01 -9.300000e-02 -2.624687e-01 3.415573e-01 -2.245000e-01 -9.300000e-02 -2.624548e-01 3.414479e-01
-2.245000e-01 -9.300000e-02 -2.624548e-01 3.414479e-01 -2.235000e-01 -9.300000e-02 -2.624402e-01 3.413368e-01
-2.235000e-01 -9.300000e-02 -2.624402e-01 3.413368e-01 -2.225000e-01 -9.300000e-02 -2.624248e-01 3.412238e-01
-2.225000e-01 -9.300000e-02 -2.624248e-01 3.412238e-01 -2.215000e-01 -9.300000e-02 -2.624087e-01 3.411090e-01
-2.215000e-01 -9.300000e-02 -2.624087e-01 3.411090e-01 -2.210000e-01 -9.250000e-02 -2.624586e-01 3.414770e-01
-3.485000e-01 -9.200000e-02 -2.624884e-01 3.414415e-01 -3.490000e-01 -9.150000e-02 -2.624364e-01 3.417951e-01
-3.485000e-01 -9.200000e-02 -2.624884e-01 3.414415e-01 -3.475000e-01 -9.200000e-02 -2.624701e-01 3.415630e-01
-3.475000e-01 -9.200000e-02 -2.624701e-01 3.415630e-01 -3.465000e-01 -9.200000e-02 -2.624526e-01 3.416827e-01
-3.465000e-01 -9.200000e-02 -2.624526e-01 3.416827e-01 -3.455000e-01 -9.200000e-02 -2.624358e-01 3.418006e-01
-3.455000e-01 -9.200000e-02 -2.624358e-01 3.418006e-01 -3.445000e-01 -9.200000e-02 -2.624199e-01 3.419169e-01
-3.445000e-01 -9.200000e-02 -2.624199e-01 3.419169e-01 -3.435000e-01 -9.200000e-02 -2.624047e-01 3.420313e-01
-3.435000e-01 -9.200000e-02 -2.624047e-01 3.420313e-01 -3.425000e-01 -9.200000e-02 -2.623903e-01 3.421440e-01
-3.420000e-01 -9.250000e-02 -2.624389e-01 3.417822e-01 -3.425000e-01 -9.200000e-02 -2.623903e-01 3.421440e-01
-2.210000e-01 -9.250000e-02 -2.624586e-01 3.414770e-01 -2.205000e-01 -9.200000e-02 -2.625096e-01 3.418448e-01
-2.205000e-01 -9.200000e-02 -2.625096e-01 3.418448e-01 -2.195000e-01 -9.200000e-02 -2.624937e-01 3.417260e-01
-2.195000e-01 -9.200000e-02 -2.624937e-01 3.417260e-01 -2.185000e-01 -9.200000e-02 -2.624771e-01 3.416055e-01
-2.185000e-01 -9.200000e-02 -2.624771e-01 3.416055e-01 -2.175000e-01 -9.200000e-02 -2.624597e-01 3.414831e-01
-2.175000e-01 -9.200000e-02 -2.624597e-01 3.414831e-01 -2.165000e-01 -9.200000e-02 -2.624415e-01 3.413590e-01
-2.165000e-01 -9.200000e-02 -2.624415e-01 3.413590e-01 -2.155000e-01 -9.200000e-02 -2.624225e-01 3.412330e-01
-2.155000e-01 -9.200000e-02 -2.624225e-01 3.412330e-01 -2.145000e-01 -9.200000e-02 -2.624027e-01 3.411053e-01
-2.145000e-01 -9.200000e-02 -2.624027e-01 3.411053e-01 -2.140000e-01 -9.150000e-02 -2.624571e-01 3.414655e-01
-3.545000e-01 -9.100000e-02 -2.624831e-01 3.415034e-01 -3.550000e-01 -9.050000e-02 -2.624273e-01 3.418493e-01
-3.545000e-01 -9.100000e-02 -2.624831e-01 3.415034e-01 -3.535000e-01 -9.100000e-02 -2.624614e-01 3.416358e-01
-3.535000e-01 -9.100000e-02 -2.624614e-01 3.416358e-01 -3.525000e-01 -9.100000e-02 -2.624405e-01 3.417664e-01
-3.525000e-01 -9.100000e-02 -2.624405e-01 3.417664e-01 -3.515000e-01 -9.100000e-02 -2.624206e-01 3.418954e-01
-3.515000e-01 -9.100000e-02 -2.624206e-01 3.418954e-01 -3.505000e-01 -9.100000e-02 -2.624015e-01 3.420226e-01
-3.505000e-01 -9.100000e-02 -2.624015e-01 3.420226e-01 -3.495000e-01 -9.100000e-02 -2.623832e-01 3.421481e-01
-3.490000e-01 -9.150000e-02 -2.624364e-01 3.417951e-01 -3.495000e-01 -9.100000e-02 -2.623832e-01 3.421481e-01
-2.140000e-01 -9.150000e-02 -2.624571e-01 3.414655e-01 -2.135000e-01 -9.100000e-02 -2.625126e-01 3.418254e-01
-2.135000e-01 -9.100000e-02 -2.625126e-01 3.418254e-01 -2.125000e-01 -9.100000e-02 -2.624929e-01 3.416937e-01
-2.125000e-01 -9.100000e-02 -2.624929e-01 3.416937e-01 -2.115000e-01 -9.100000e-02 -2.624723e-01 3.415602e-01
-2.115000e-01 -9.100000e-02 -2.624723e-01 3.415602e-01 -2.105000e-01 -9.100000e-02 -2.624508e-01 3.414250e-01
-2.105000e-01 -9.100000e-02 -2.624508e-01 3.414250e-01 -2.095000e-01 -9.100000e-02 -2.624284e-01 3.412880e-01
-2.095000e-01 -9.100000e-02 -2.624284e-01 3.412880e-01 -2.085000e-01 -9.100000e-02 -2.624052e-01 3.411492e-01
-2.085000e-01 -9.100000e-02 -2.624052e-01 3.411492e-01 -2.080000e-01 -9.050000e-02 -2.624633e-01 3.415026e-01
-3.605000e-01 -9.000000e-02 -2.624886e-01 3.414955e-01 -3.610000e-01 -8.950000e-02 -2.624294e-01 3.418336e-01
-3.605000e-01 -9.000000e-02 -2.624886e-01 3.414955e-01 -3.595000e-01 -9.000000e-02 -2.624631e-01 3.416387e-01
-3.595000e-01 -9.000000e-02 -2.624631e-01 3.416387e-01 -3.585000e-01 -9.000000e-02 -2.624385e-01 3.417802e-01
-3.585000e-01 -9.000000e-02 -2.624385e-01 3.417802e-01 -3.575000e-01 -9.000000e-02 -2.624149e-01 3.419200e-01
-3.575000e-01 -9.000000e-02 -2.624149e-01 3.419200e-01 -3.565000e-01 -9.000000e-02 -2.623922e-01 3.420581e-01
-3.565000e-01 -9.000000e-02 -2.623922e-01 3.420581e-01 -3.555000e-01 -9.000000e-02 -2.623704e-01 3.421946e-01
-3.550000e-01 -9.050000e-02 -2.624273e-01 3.418493e-01 -3.555000e-01 -9.000000e-02 -2.623704e-01 3.421946e-01
-2.080000e-01 -9.050000e-02 -2.624633e-01 3.415026e-01 -2.075000e-01 -9.000000e-02 -2.625226e-01 3.418556e-01
-2.075000e-01 -9.000000e-02 -2.625226e-01 3.418556e-01 -2.065000e-01 -9.000000e-02 -2.624993e-01 3.417129e-01
-2.065000e-01 -9.000000e-02 -2.624993e-01 3.417129e-01 -2.055000e-01 -9.000000e-02 -2.624750e-01 3.415684e-01
-2.055000e-01 -9.000000e-02 -2.624750e-01 3.415684e-01 -2.045000e-01 -9.000000e-02 -2.624498e-01 3.414222e-01
-2.045000e-01 -9.000000e-02 -2.624498e-01 3.414222e-01 -2.035000e-01 -9.000000e-02 -2.624236e-01 3.412742e-01
-2.035000e-01 -9.000000e-02 -2.624236e-01 3.412742e-01 -2.025000e-01 -9.000000e-02 -2.623965e-01 3.411246e-01
-2.025000e-01 -9.000000e-02 -2.623965e-01 3.411246e-01 -2.020000e-01 -8.950000e-02 -2.624582e-01 3.414710e-01
-3.655000e-01 -8.900000e-02 -2.624781e-01 3.415723e-01 -3.660000e-01 -8.850000e-02 -2.624161e-01 3.419038e-01
-3.655000e-01 -8.900000e-02 -2.624781e-01 3.415723e-01 -3.645000e-01 -8.900000e-02 -2.624494e-01 3.417244e-01
-3.645000e-01 -8.900000e-02 -2.624494e-01 3.417244e-01 -3.635000e-01 -8.900000e-02 -2.624216e-01 3.418750e-01
-3.635000e-01 -8.900000e-02 -2.624216e-01 3.418750e-01 -3.625000e-01 -8.900000e-02 -2.623948e-01 3.420239e-01
-3.625000e-01 -8.900000e-02 -2.623948e-01 3.420239e-01 -3.615000e-01 -8.900000e-02 -2.623690e-01 3.421711e-01
-3.610000e-01 -8.950000e-02 -2.624294e-01 3.418336e-01 -3.615000e-01 -8.900000e-02 -2.623690e-01 3.421711e-01
-2.020000e-01 -8.950000e-02 -2.624582e-01 3.414710e-01 -2.015000e-01 -8.900000e-02 -2.625209e-01 3.418169e-01
-2.015000e-01 -8.900000e-02 -2.625209e-01 3.418169e-01 -2.005000e-01 -8.900000e-02 -2.624936e-01 3.416633e-01
-2.005000e-01 -8.900000e-02 -2.624936e-01 3.416633e-01 -1.995000e-01 -8.900000e-02 -2.624652e-01 3.415080e-01
-1.995000e-01 -8.900000e-02 -2.624652e-01 3.415080e-01 -1.985000e-01 -8.900000e-02 -2.624358e-01 3.413509e-01
-1.985000e-01 -8.900000e-02 -2.624358e-01 3.413509e-01 -1.975000e-01 -8.900000e-02 -2.624054e-01 3.411921e-01
-1.975000e-01 -8.900000e-02 -2.624054e-01 3.411921e-01 -1.970000e-01 -8.850000e-02 -2.624700e-01 3.415326e-01
-3.705000e-01 -8.800000e-02 -2.624759e-01 3.416000e-01 -3.710000e-01 -8.750000e-02 -2.624113e-01 3.419249e-01
-3.705000e-01 -8.800000e-02 -2.624759e-01 3.416000e-01 -3.695000e-01 -8.800000e-02 -2.624436e-01 3.417611e-01
-3.695000e-01 -8.800000e-02 -2.624436e-01 3.417611e-01 -3.685000e-01 -8.800000e-02 -2.624123e-01 3.419206e-01
-3.685000e-01 -8.800000e-02 -2.624123e-01 3.419206e-01 -3.675000e-01 -8.800000e-02 -2.623821e-01 3.420784e-01
-3.675000e-01 -8.800000e-02 -2.623821e-01 3.420784e-01 -3.665000e-01 -8.800000e-02 -2.623529e-01 3.422346e-01
-3.660000e-01 -8.850000e-02 -2.624161e-01 3.419038e-01 -3.665000e-01 -8.800000e-02 -2.623529e-01 3.422346e-01
-1.970000e-01 -8.850000e-02 -2.624700e-01 3.415326e-01 -1.965000e-01 -8.800000e-02 -2.625356e-01 3.418726e-01
-1.965000e-01 -8.800000e-02 -2.625356e-01 3.418726e-01 -1.955000e-01 -8.800000e-02 -2.625049e-01 3.417099e-01
-1.955000e-01 -8.800000e-02 -2.625049e-01 3.417099e-01 -1.945000e-01 -8.800000e-02 -2.624730e-01 3.415455e-01
-1.945000e-01 -8.800000e-02 -2.624730e-01 3.415455e-01 -1.935000e-01 -8.800000e-02 -2.624401e-01 3.413793e-01
-1.935000e-01 -8.800000e-02 -2.624401e-01 3.413793e-01 -1.925000e-01 -8.800000e-02 -2.624062e-01 3.412116e-01
-1.925000e-01 -8.800000e-02 -2.624062e-01 3.412116e-01 -1.920000e-01 -8.750000e-02 -2.624734e-01 3.415460e-01
-3.755000e-01 -8.700000e-02 -2.624836e-01 3.415791e-01 -3.760000e-01 -8.650000e-02 -2.624166e-01 3.418972e-01
-3.755000e-01 -8.700000e-02 -2.624836e-01 3.415791e-01 -3.745000e-01 -8.700000e-02 -2.624474e-01 3.417489e-01
-3.745000e-01 -8.700000e-02 -2.624474e-01 3.417489e-01 -3.735000e-01 -8.700000e-02 -2.624123e-01 3.419172e-01
-3.735000e-01 -8.700000e-02 -2.624123e-01 3.419172e-01 -3.725000e-01 -8.700000e-02 -2.623783e-01 3.420839e-01
-3.725000e-01 -8.700000e-02 -2.623783e-01 3.420839e-01 -3.715000e-01 -8.700000e-02 -2.623454e-01 3.422490e-01
-3.710000e-01 -8.750000e-02 -2.624113e-01 3.419249e-01 -3.715000e-01 -8.700000e-02 -2.623454e-01 3.422490e-01
-1.920000e-01 -8.750000e-02 -2.624734e-01 3.415460e-01 -1.915000e-01 -8.700000e-02 -2.625417e-01 3.418800e-01
-1.915000e-01 -8.700000e-02 -2.625417e-01 3.418800e-01 -1.905000e-01 -8.700000e-02 -2.625072e-01 3.417083e-01
-1.905000e-01 -8.700000e-02 -2.625072e-01 3.417083e-01 -1.895000e-01 -8.700000e-02 -2.624716e-01 3.415349e-01
-1.895000e-01 -8.700000e-02 -2.624716e-01 3.415349e-01 -1.885000e-01 -8.700000e-02 -2.624349e-01 3.413599e-01
-1.885000e-01 -8.700000e-02 -2.624349e-01 3.413599e-01 -1.875000e-01 -8.700000e-02 -2.623971e-01 3.411831e-01
-1.875000e-01 -8.700000e-02 -2.623971e-01 3.411831e-01 -1.870000e-01 -8.650000e-02 -2.624668e-01 3.415115e-01
-3.795000e-01 -8.600000e-02 -2.624626e-01 3.416884e-01 -3.800000e-01 -8.550000e-02 -2.623935e-01 3.420011e-01
-3.795000e-01 -8.600000e-02 -2.624626e-01 3.416884e-01 -3.785000e-01 -8.600000e-02 -2.624234e-01 3.418654e-01
-3.785000e-01 -8.600000e-02 -2.624234e-01 3.418654e-01 -3.775000e-01 -8.600000e-02 -2.623853e-01 3.420408e-01
-3.775000e-01 -8.600000e-02 -2.623853e-01 3.420408e-01 -3.765000e-01 -8.600000e-02 -2.623484e-01 3.422147e-01
-3.760000e-01 -8.650000e-02 -2.624166e-01 3.418972e-01 -3.765000e-01 -8.600000e-02 -2.623484e-01 3.422147e-01
-1.870000e-01 -8.650000e-02 -2.624668e-01 3.415115e-01 -1.865000e-01 -8.600000e-02 -2.625376e-01 3.418395e-01
-1.865000e-01 -8.600000e-02 -2.625376e-01 3.418395e-01 -1.855000e-01 -8.600000e-02 -2.624991e-01 3.416589e-01
-1.855000e-01 -8.600000e-02 -2.624991e-01 3.416589e-01 -1.845000e-01 -8.600000e-02 -2.624594e-01 3.414766e-01
-1.845000e-01 -8.600000e-02 -2.624594e-01 3.414766e-01 -1.835000e-01 -8.600000e-02 -2.624186e-01 3.412927e-01
-1.835000e-01 -8.600000e-02 -2.624186e-01 3.412927e-01 -1.825000e-01 -8.600000e-02 -2.623766e-01 3.411072e-01
-1.825000e-01 -8.600000e-02 -2.623766e-01 3.411072e-01 -1.820000e-01 -8.550000e-02 -2.624486e-01 3.414295e-01
-3.845000e-01 -8.500000e-02 -2.624907e-01 3.415801e-01 -3.850000e-01 -8.450000e-02 -2.624197e-01 3.418860e-01
-3.845000e-01 -8.500000e-02 -2.624907e-01 3.415801e-01 -3.835000e-01 -8.500000e-02 -2.624470e-01 3.417656e-01
-3.835000e-01 -8.500000e-02 -2.624470e-01 3.417656e-01 -3.825000e-01 -8.500000e-02 -2.624046e-01 3.419496e-01
-3.825000e-01 -8.500000e-02 -2.624046e-01 3.419496e-01 -3.815000e-01 -8.500000e-02 -2.623633e-01 3.421321e-01
-3.815000e-01 -8.500000e-02 -2.623633e-01 3.421321e-01 -3.805000e-01 -8.500000e-02 -2.623233e-01 3.423130e-01
-3.800000e-01 -8.550000e-02 -2.623935e-01 3.420011e-01 -3.805000e-01 -8.500000e-02 -2.623233e-01 3.423130e-01
-1.820000e-01 -8.550000e-02 -2.624486e-01 3.414295e-01 -1.815000e-01 -8.500000e-02 -2.625217e-01 3.417513e-01
-1.815000e-01 -8.500000e-02 -2.625217e-01 3.417513e-01 -1.805000e-01 -8.500000e-02 -2.624789e-01 3.415619e-01
-1.805000e-01 -8.500000e-02 -2.624789e-01 3.415619e-01 -1.795000e-01 -8.500000e-02 -2.624348e-01 3.413709e-01
-1.795000e-01 -8.500000e-02 -2.624348e-01 3.413709e-01 -1.785000e-01 -8.500000e-02 -2.623896e-01 3.411782e-01
-1.785000e-01 -8.500000e-02 -2.623896e-01 3.411782e-01 -1.780000e-01 -8.450000e-02 -2.624635e-01 3.414956e-01
-3.885000e-01 -8.400000e-02 -2.624851e-01 3.416183e-01 -3.890000e-01 -8.350000e-02 -2.624123e-01 3.419187e-01
-3.885000e-01 -8.400000e-02 -2.624851e-01 3.416183e-01 -3.875000e-01 -8.400000e-02 -2.624379e-01 3.418108e-01
-3.875000e-01 -8.400000e-02 -2.624379e-01 3.418108e-01 -3.865000e-01 -8.400000e-02 -2.623920e-01 3.420017e-01
-3.865000e-01 -8.400000e-02 -2.623920e-01 3.420017e-01 -3.855000e-01 -8.400000e-02 -2.623474e-01 3.421911e-01
-3.850000e-01 -8.450000e-02 -2.624197e-01 3.418860e-01 -3.855000e-01 -8.400000e-02 -2.623474e-01 3.421911e-01
-1.780000e-01 -8.450000e-02 -2.624635e-01 3.414956e-01 -1.775000e-01 -8.400000e-02 -2.625385e-01 3.418124e-01
-1.775000e-01 -8.400000e-02 -2.625385e-01 3.418124e-01 -1.765000e-01 -8.400000e-02 -2.624924e-01 3.416159e-01
-1.765000e-01 -8.400000e-02 -2.624924e-01 3.416159e-01 -1.755000e-01 -8.400000e-02 -2.624449e-01 3.414178e-01
-1.755000e-01 -8.400000e-02 -2.624449e-01 3.414178e-01 -1.745000e-01 -8.400000e-02 -2.623963e-01 3.412181e-01
-1.745000e-01 -8.400000e-02 -2.623963e-01 3.412181e-01 -1.740000e-01 -8.350000e-02 -2.624719e-01 3.415304e-01
-3.925000e-01 -8.300000e-02 -2.624869e-01 3.416249e-01 -3.930000e-01 -8.250000e-02 -2.624126e-01 3.419197e-01
-3.925000e-01 -8.300000e-02 -2.624869e-01 3.416249e-01 -3.915000e-01 -8.300000e-02 -2.624361e-01 3.418241e-01
-3.915000e-01 -8.300000e-02 -2.624361e-01 3.418241e-01 -3.905000e-01 -8.300000e-02 -2.623866e-01 3.420219e-01
-3.905000e-01 -8.300000e-02 -2.623866e-01 3.420219e-01 -3.895000e-01 -8.300000e-02 -2.623383e-01 3.422183e-01
-3.890000e-01 -8.350000e-02 -2.624123e-01 3.419187e-01 -3.895000e-01 -8.300000e-02 -2.623383e-01 3.422183e-01
-1.740000e-01 -8.350000e-02 -2.624719e-01 3.415304e-01 -1.735000e-01 -8.300000e-02 -2.625487e-01 3.418422e-01
-1.735000e-01 -8.300000e-02 -2.625487e-01 3.418422e-01 -1.725000e-01 -8.300000e-02 -2.624990e-01 3.416387e-01
-1.725000e-01 -8.300000e-02 -2.624990e-01 3.416387e-01 -1.715000e-01 -8.300000e-02 -2.624481e-01 3.414336e-01
-1.715000e-01 -8.300000e-02 -2.624481e-01 3.414336e-01 -1.705000e-01 -8.300000e-02 -2.623958e-01 3.412269e-01
-1.705000e-01 -8.300000e-02 -2.623958e-01 3.412269e-01 -1.700000e-01 -8.250000e-02 -2.624731e-01 3.415342e-01
-3.955000e-01 -8.200000e-02 -2.624425e-01 3.418060e-01 -3.960000e-01 -8.150000e-02 -2.623668e-01 3.420964e-01
-3.955000e-01 -8.200000e-02 -2.624425e-01 3.418060e-01 -3.945000e-01 -8.200000e-02 -2.623891e-01 3.420106e-01
-3.945000e-01 -8.200000e-02 -2.623891e-01 3.420106e-01 -3.935000e-01 -8.200000e-02 -2.623371e-01 3.422137e-01
-3.930000e-01 -8.250000e-02 -2.624126e-01 3.419197e-01 -3.935000e-01 -8.200000e-02 -2.623371e-01 3.422137e-01
-1.700000e-01 -8.250000e-02 -2.624731e-01 3.415342e-01 -1.695000e-01 -8.200000e-02 -2.625515e-01 3.418409e-01
-1.695000e-01 -8.200000e-02 -2.625515e-01 3.418409e-01 -1.685000e-01 -8.200000e-02 -2.624981e-01 3.416304e-01
-1.685000e-01 -8.200000e-02 -2.624981e-01 3.416304e-01 -1.675000e-01 -8.200000e-02 -2.624434e-01 3.414184e-01
-1.675000e-01 -8.200000e-02 -2.624434e-01 3.414184e-01 -1.665000e-01 -8.200000e-02 -2.623873e-01 3.412048e-01
-1.665000e-01 -8.200000e-02 -2.623873e-01 3.412048e-01 -1.660000e-01 -8.150000e-02 -2.624661e-01 3.415071e-01
-3.995000e-01 -8.100000e-02 -2.624579e-01 3.417566e-01 -4.000000e-01 -8.050000e-02 -2.623810e-01 3.420415e-01
-3.995000e-01 -8.100000e-02 -2.624579e-01 3.417566e-01 -3.985000e-01 -8.100000e-02 -2.624005e-01 3.419679e-01
-3.985000e-01 -8.100000e-02 -2.624005e-01 3.419679e-01 -3.975000e-01 -8.100000e-02 -2.623446e-01 3.421777e-01
-3.975000e-01 -8.100000e-02 -2.623446e-01 3.421777e-01 -3.965000e-01 -8.100000e-02 -2.622899e-01 3.423860e-01
-3.960000e-01 -8.150000e-02 -2.623668e-01 3.420964e-01 -3.965000e-01 -8.100000e-02 -2.622899e-01 3.423860e-01
-1.660000e-01 -8.150000e-02 -2.624661e-01 3.415071e-01 -1.655000e-01 -8.100000e-02 -2.625460e-01 3.418086e-01
-1.655000e-01 -8.100000e-02 -2.625460e-01 3.418086e-01 -1.645000e-01 -8.100000e-02 -2.624887e-01 3.415913e-01
-1.645000e-01 -8.100000e-02 -2.624887e-01 3.415913e-01 -1.635000e-01 -8.100000e-02 -2.624300e-01 3.413725e-01
-1.635000e-01 -8.100000e-02 -2.624300e-01 3.413725e-01 -1.625000e-01 -8.100000e-02 -2.623699e-01 3.411521e-01
-1.625000e-01 -8.100000e-02 -2.623699e-01 3.411521e-01 -1.620000e-01 -8.050000e-02 -2.624501e-01 3.414492e-01
-4.035000e-01 -8.000000e-02 -2.624833e-01 3.416763e-01 -4.040000e-01 -7.950000e-02 -2.624052e-01 3.419556e-01
-4.035000e-01 -8.000000e-02 -2.624833e-01 3.416763e-01 -4.025000e-01 -8.000000e-02 -2.624217e-01 3.418941e-01
-4.025000e-01 -8.000000e-02 -2.624217e-01 3.418941e-01 -4.015000e-01 -8.000000e-02 -2.623616e-01 3.421105e-01
-4.015000e-01 -8.000000e-02 -2.623616e-01 3.421105e-01 -4.005000e-01 -8.000000e-02 -2.623028e-01 3.423256e-01
-4.000000e-01 -8.050000e-02 -2.623810e-01 3.420415e-01 -4.005000e-01 -8.000000e-02 -2.623028e-01 3.423256e-01
-1.620000e-01 -8.050000e-02 -2.624501e-01 3.414492e-01 -1.615000e-01 -8.000000e-02 -2.625314e-01 3.417457e-01
-1.615000e-01 -8.000000e-02 -2.625314e-01 3.417457e-01 -1.605000e-01 -8.000000e-02 -2.624700e-01 3.415216e-01
-1.605000e-01 -8.000000e-02 -2.624700e-01 3.415216e-01 -1.595000e-01 -8.000000e-02 -2.624072e-01 3.412960e-01
-1.595000e-01 -8.000000e-02 -2.624072e-01 3.412960e-01 -1.590000e-01 -7.950000e-02 -2.624886e-01 3.415892e-01
-4.065000e-01 -7.900000e-02 -2.624535e-01 3.417897e-01 -4.070000e-01 -7.850000e-02 -2.623744e-01 3.420646e-01
-4.065000e-01 -7.900000e-02 -2.624535e-01 3.417897e-01 -4.055000e-01 -7.900000e-02 -2.623890e-01 3.420126e-01
-4.055000e-01 -7.900000e-02 -2.623890e-01 3.420126e-01 -4.045000e-01 -7.900000e-02 -2.623259e-01 3.422341e-01
-4.040000e-01 -7.950000e-02 -2.624052e-01 3.419556e-01 -4.045000e-01 -7.900000e-02 -2.623259e-01 3.422341e-01
-1.590000e-01 -7.950000e-02 -2.624886e-01 3.415892e-01 -1.585000e-01 -7.900000e-02 -2.625712e-01 3.418817e-01
-1.585000e-01 -7.900000e-02 -2.625712e-01 3.418817e-01 -1.575000e-01 -7.900000e-02 -2.625069e-01 3.416523e-01
-1.575000e-01 -7.900000e-02 -2.625069e-01 3.416523e-01 -1.565000e-01 -7.900000e-02 -2.624412e-01 3.414215e-01
-1.565000e-01 -7.900000e-02 -2.624412e-01 3.414215e-01 -1.555000e-01 -7.900000e-02 -2.623741e-01 3.411892e-01
-1.555000e-01 -7.900000e-02 -2.623741e-01 3.411892e-01 -1.550000e-01 -7.850000e-02 -2.624567e-01 3.414773e-01
-4.095000e-01 -7.800000e-02 -2.624278e-01 3.418841e-01 -4.100000e-01 -7.750000e-02 -2.623477e-01 3.421546e-01
-4.095000e-01 -7.800000e-02 -2.624278e-01 3.418841e-01 -4.085000e-01 -7.800000e-02 -2.623602e-01 3.421120e-01
-4.085000e-01 -7.800000e-02 -2.623602e-01 3.421120e-01 -4.075000e-01 -7.800000e-02 -2.622941e-01 3.423386e-01
-4.070000e-01 -7.850000e-02 -2.623744e-01 3.420646e-01 -4.075000e-01 -7.800000e-02 -2.622941e-01 3.423386e-01
-1.550000e-01 -7.850000e-02 -2.624567e-01 3.414773e-01 -1.545000e-01 -7.800000e-02 -2.625403e-01 3.417646e-01
-1.545000e-01 -7.800000e-02 -2.625403e-01 3.417646e-01 -1.535000e-01 -7.800000e-02 -2.624717e-01 3.415287e-01
-1.535000e-01 -7.800000e-02 -2.624717e-01 3.415287e-01 -1.525000e-01 -7.800000e-02 -2.624015e-01 3.412913e-01
-1.525000e-01 -7.800000e-02 -2.624015e-01 3.412913e-01 -1.520000e-01 -7.750000e-02 -2.624851e-01 3.415753e-01
-4.125000e-01 -7.700000e-02 -2.624064e-01 3.419597e-01 -4.130000e-01 -7.650000e-02 -2.623254e-01 3.422258e-01
-4.125000e-01 -7.700000e-02 -2.624064e-01 3.419597e-01 -4.115000e-01 -7.700000e-02 -2.623356e-01 3.421926e-01
-4.115000e-01 -7.700000e-02 -2.623356e-01 3.421926e-01 -4.105000e-01 -7.700000e-02 -2.622664e-01 3.424242e-01
-4.100000e-01 -7.750000e-02 -2.623477e-01 3.421546e-01 -4.105000e-01 -7.700000e-02 -2.622664e-01 3.424242e-01
-1.520000e-01 -7.750000e-02 -2.624851e-01 3.415753e-01 -1.515000e-01 -7.700000e-02 -2.625698e-01 3.418586e-01
-1.515000e-01 -7.700000e-02 -2.625698e-01 3.418586e-01 -1.505000e-01 -7.700000e-02 -2.624981e-01 3.416176e-01
-1.505000e-01 -7.700000e-02 -2.624981e-01 3.416176e-01 -1.495000e-01 -7.700000e-02 -2.624249e-01 3.413751e-01
-1.495000e-01 -7.700000e-02 -2.624249e-01 3.413751e-01 -1.490000e-01 -7.650000e-02 -2.625094e-01 3.416551e-01
-4.165000e-01 -7.600000e-02 -2.624654e-01 3.417775e-01 -4.170000e-01 -7.550000e-02 -2.623838e-01 3.420381e-01
-4.165000e-01 -7.600000e-02 -2.624654e-01 3.417775e-01 -4.155000e-01 -7.600000e-02 -2.623898e-01 3.420166e-01
-4.155000e-01 -7.600000e-02 -2.623898e-01 3.420166e-01 -4.145000e-01 -7.600000e-02 -2.623158e-01 3.422545e-01
-4.145000e-01 -7.600000e-02 -2.623158e-01 3.422545e-01 -4.135000e-01 -7.600000e-02 -2.622433e-01 3.424910e-01
-4.130000e-01 -7.650000e-02 -2.623254e-01 3.422258e-01 -4.135000e-01 -7.600000e-02 -2.622433e-01 3.424910e-01
-1.490000e-01 -7.650000e-02 -2.625094e-01 3.416551e-01 -1.485000e-01 -7.600000e-02 -2.625951e-01 3.419344e-01
-1.485000e-01 -7.600000e-02 -2.625951e-01 3.419344e-01 -1.475000e-01 -7.600000e-02 -2.625202e-01 3.416883e-01
-1.475000e-01 -7.600000e-02 -2.625202e-01 3.416883e-01 -1.465000e-01 -7.600000e-02 -2.624437e-01 3.414407e-01
-1.465000e-01 -7.600000e-02 -2.624437e-01 3.414407e-01 -1.455000e-01 -7.600000e-02 -2.623657e-01 3.411918e-01
-1.455000e-01 -7.600000e-02 -2.623657e-01 3.411918e-01 -1.450000e-01 -7.550000e-02 -2.624511e-01 3.414667e-01
-4.195000e-01 -7.500000e-02 -2.624575e-01 3.418111e-01 -4.200000e-01 -7.450000e-02 -2.623752e-01 3.420673e-01
-4.195000e-01 -7.500000e-02 -2.624575e-01 3.418111e-01 -4.185000e-01 -7.500000e-02 -2.623784e-01 3.420550e-01
-4.185000e-01 -7.500000e-02 -2.623784e-01 3.420550e-01 -4.175000e-01 -7.500000e-02 -2.623010e-01 3.422977e-01
-4.170000e-01 -7.550000e-02 -2.623838e-01 3.420381e-01 -4.175000e-01 -7.500000e-02 -2.623010e-01 3.422977e-01
-1.450000e-01 -7.550000e-02 -2.624511e-01 3.414667e-01 -1.445000e-01 -7.500000e-02 -2.625375e-01 3.417408e-01
-1.445000e-01 -7.500000e-02 -2.625375e-01 3.417408e-01 -1.435000e-01 -7.500000e-02 -2.624577e-01 3.414883e-01
-1.435000e-01 -7.500000e-02 -2.624577e-01 3.414883e-01 -1.425000e-01 -7.500000e-02 -2.623764e-01 3.412344e-01
-1.425000e-01 -7.500000e-02 -2.623764e-01 3.412344e-01 -1.420000e-01 -7.450000e-02 -2.624625e-01 3.415053e-01
-4.225000e-01 -7.400000e-02 -2.624553e-01 3.418263e-01 -4.230000e-01 -7.350000e-02 -2.623724e-01 3.420781e-01
-4.225000e-01 -7.400000e-02 -2.624553e-01 3.418263e-01 -4.215000e-01 -7.400000e-02 -2.623727e-01 3.420750e-01
-4.215000e-01 -7.400000e-02 -2.623727e-01 3.420750e-01 -4.205000e-01 -7.400000e-02 -2.622917e-01 3.423225e-01
-4.200000e-01 -7.450000e-02 -2.623752e-01 3.420673e-01 -4.205000e-01 -7.400000e-02 -2.622917e-01 3.423225e-01
-1.420000e-01 -7.450000e-02 -2.624625e-01 3.415053e-01 -1.415000e-01 -7.400000e-02 -2.625498e-01 3.417754e-01
-1.415000e-01 -7.400000e-02 -2.625498e-01 3.417754e-01 -1.405000e-01 -7.400000e-02 -2.624665e-01 3.415180e-01
-1.405000e-01 -7.400000e-02 -2.624665e-01 3.415180e-01 -1.395000e-01 -7.400000e-02 -2.623817e-01 3.412591e-01
-1.395000e-01 -7.400000e-02 -2.623817e-01 3.412591e-01 -1.390000e-01 -7.350000e-02 -2.624686e-01 3.415259e-01
-4.255000e-01 -7.300000e-02 -2.624592e-01 3.418233e-01 -4.260000e-01 -7.250000e-02 -2.623758e-01 3.420707e-01
-4.255000e-01 -7.300000e-02 -2.624592e-01 3.418233e-01 -4.245000e-01 -7.300000e-02 -2.623729e-01 3.420767e-01
-4.245000e-01 -7.300000e-02 -2.623729e-01 3.420767e-01 -4.235000e-01 -7.300000e-02 -2.622884e-01 3.423289e-01
-4.230000e-01 -7.350000e-02 -2.623724e-01 3.420781e-01 -4.235000e-01 -7.300000e-02 -2.622884e-01 3.423289e-01
-1.390000e-01 -7.350000e-02 -2.624686e-01 3.415259e-01 -1.385000e-01 -7.300000e-02 -2.625565e-01 3.417920e-01
-1.385000e-01 -7.300000e-02 -2.625565e-01 3.417920e-01 -1.375000e-01 -7.300000e-02 -2.624698e-01 3.415297e-01
-1.375000e-01 -7.300000e-02 -2.624698e-01 3.415297e-01 -1.365000e-01 -7.300000e-02 -2.623814e-01 3.412660e-01
-1.365000e-01 -7.300000e-02 -2.623814e-01 3.412660e-01 -1.360000e-01 -7.250000e-02 -2.624688e-01 3.415288e-01
-4.275000e-01 -7.200000e-02 -2.623796e-01 3.420602e-01 -4.280000e-01 -7.150000e-02 -2.622955e-01 3.423044e-01
-4.275000e-01 -7.200000e-02 -2.623796e-01 3.420602e-01 -4.265000e-01 -7.200000e-02 -2.622913e-01 3.423171e-01
-4.260000e-01 -7.250000e-02 -2.623758e-01 3.420707e-01 -4.265000e-01 -7.200000e-02 -2.622913e-01 3.423171e-01
-1.360000e-01 -7.250000e-02 -2.624688e-01 3.415288e-01 -1.355000e-01 -7.200000e-02 -2.625574e-01 3.417908e-01
-1.355000e-01 -7.200000e-02 -2.625574e-01 3.417908e-01 -1.345000e-01 -7.200000e-02 -2.624670e-01 3.415237e-01
-1.345000e-01 -7.200000e-02 -2.624670e-01 3.415237e-01 -1.335000e-01 -7.200000e-02 -2.623750e-01 3.412552e-01
-1.335000e-01 -7.200000e-02 -2.623750e-01 3.412552e-01 -1.330000e-01 -7.150000e-02 -2.624630e-01 3.415140e-01
-4.305000e-01 -7.100000e-02 -2.623930e-01 3.420259e-01 -4.310000e-01 -7.050000e-02 -2.623086e-01 3.422657e-01
-4.305000e-01 -7.100000e-02 -2.623930e-01 3.420259e-01 -4.295000e-01 -7.100000e-02 -2.623008e-01 3.422873e-01
-4.295000e-01 -7.100000e-02 -2.623008e-01 3.422873e-01 -4.285000e-01 -7.100000e-02 -2.622104e-01 3.425476e-01
-4.280000e-01 -7.150000e-02 -2.622955e-01 3.423044e-01 -4.285000e-01 -7.100000e-02 -2.622104e-01 3.425476e-01
-1.330000e-01 -7.150000e-02 -2.624630e-01 3.415140e-01 -1.325000e-01 -7.100000e-02 -2.625521e-01 3.417719e-01
-1.325000e-01 -7.100000e-02 -2.625521e-01 3.417719e-01 -1.315000e-01 -7.100000e-02 -2.624580e-01 3.415000e-01
-1.315000e-01 -7.100000e-02 -2.624580e-01 3.415000e-01 -1.310000e-01 -7.050000e-02 -2.625467e-01 3.417558e-01
-4.335000e-01 -7.000000e-02 -2.624136e-01 3.419737e-01 -4.340000e-01 -6.950000e-02 -2.623290e-01 3.422091e-01
-4.335000e-01 -7.000000e-02 -2.624136e-01 3.419737e-01 -4.325000e-01 -7.000000e-02 -2.623175e-01 3.422396e-01
-4.325000e-01 -7.000000e-02 -2.623175e-01 3.422396e-01 -4.315000e-01 -7.000000e-02 -2.622231e-01 3.425044e-01
-4.310000e-01 -7.050000e-02 -2.623086e-01 3.422657e-01 -4.315000e-01 -7.000000e-02 -2.622231e-01 3.425044e-01
-1.310000e-01 -7.050000e-02 -2.625467e-01 3.417558e-01 -1.305000e-01 -7.000000e-02 -2.626364e-01 3.420108e-01
-1.305000e-01 -7.000000e-02 -2.626364e-01 3.420108e-01 -1.295000e-01 -7.000000e-02 -2.625402e-01 3.417354e-01
-1.295000e-01 -7.000000e-02 -2.625402e-01 3.417354e-01 -1.285000e-01 -7.000000e-02 -2.624422e-01 3.414588e-01
-1.285000e-01 -7.000000e-02 -2.624422e-01 3.414588e-01 -1.280000e-01 -6.950000e-02 -2.625313e-01 3.417105e-01
-4.355000e-01 -6.900000e-02 -2.623416e-01 3.421742e-01 -4.360000e-01 -6.850000e-02 -2.622565e-01 3.424064e-01
-4.355000e-01 -6.900000e-02 -2.623416e-01 3.421742e-01 -4.345000e-01 -6.900000e-02 -2.622432e-01 3.424435e-01
-4.340000e-01 -6.950000e-02 -2.623290e-01 3.422091e-01 -4.345000e-01 -6.900000e-02 -2.622432e-01 3.424435e-01
-1.280000e-01 -6.950000e-02 -2.625313e-01 3.417105e-01 -1.275000e-01 -6.900000e-02 -2.626215e-01 3.419614e-01
-1.275000e-01 -6.900000e-02 -2.626215e-01 3.419614e-01 -1.265000e-01 -6.900000e-02 -2.625213e-01 3.416814e-01
-1.265000e-01 -6.900000e-02 -2.625213e-01 3.416814e-01 -1.255000e-01 -6.900000e-02 -2.624195e-01 3.414002e-01
-1.255000e-01 -6.900000e-02 -2.624195e-01 3.414002e-01 -1.250000e-01 -6.850000e-02 -2.625089e-01 3.416479e-01
-4.385000e-01 -6.800000e-02 -2.623736e-01 3.420913e-01 -4.390000e-01 -6.750000e-02 -2.622883e-01 3.423192e-01
-4.385000e-01 -6.800000e-02 -2.623736e-01 3.420913e-01 -4.375000e-01 -6.800000e-02 -2.622710e-01 3.423650e-01
-4.375000e-01 -6.800000e-02 -2.622710e-01 3.423650e-01 -4.365000e-01 -6.800000e-02 -2.621702e-01 3.426376e-01
-4.360000e-01 -6.850000e-02 -2.622565e-01 3.424064e-01 -4.365000e-01 -6.800000e-02 -2.621702e-01 3.426376e-01
-1.250000e-01 -6.850000e-02 -2.625089e-01 3.416479e-01 -1.245000e-01 -6.800000e-02 -2.625994e-01 3.418948e-01
-1.245000e-01 -6.800000e-02 -2.625994e-01 3.418948e-01 -1.235000e-01 -6.800000e-02 -2.624952e-01 3.416102e-01
-1.235000e-01 -6.800000e-02 -2.624952e-01 3.416102e-01 -1.225000e-01 -6.800000e-02 -2.623893e-01 3.413243e-01
-1.225000e-01 -6.800000e-02 -2.623893e-01 3.413243e-01 -1.220000e-01 -6.750000e-02 -2.624790e-01 3.415680e-01
-4.415000e-01 -6.700000e-02 -2.624138e-01 3.419910e-01 -4.420000e-01 -6.650000e-02 -2.623285e-01 3.422146e-01
-4.415000e-01 -6.700000e-02 -2.624138e-01 3.419910e-01 -4.405000e-01 -6.700000e-02 -2.623070e-01 3.422690e-01
-4.405000e-01 -6.700000e-02 -2.623070e-01 3.422690e-01 -4.395000e-01 -6.700000e-02 -2.622020e-01 3.425460e-01
-4.390000e-01 -6.750000e-02 -2.622883e-01 3.423192e-01 -4.395000e-01 -6.700000e-02 -2.622020e-01 3.425460e-01
-1.220000e-01 -6.750000e-02 -2.624790e-01 3.415680e-01 -1.215000e-01 -6.700000e-02 -2.625697e-01 3.418108e-01
-1.215000e-01 -6.700000e-02 -2.625697e-01 3.418108e-01 -1.205000e-01 -6.700000e-02 -2.624614e-01 3.415217e-01
-1.205000e-01 -6.700000e-02 -2.624614e-01 3.415217e-01 -1.200000e-01 -6.650000e-02 -2.625516e-01 3.417624e-01
-4.435000e-01 -6.600000e-02 -2.623515e-01 3.421559e-01 -4.440000e-01 -6.550000e-02 -2.622659e-01 3.423762e-01
-4.435000e-01 -6.600000e-02 -2.623515e-01 3.421559e-01 -4.425000e-01 -6.600000e-02 -2.622422e-01 3.424370e-01
-4.420000e-01 -6.650000e-02 -2.623285e-01 3.422146e-01 -4.425000e-01 -6.600000e-02 -2.622422e-01 3.424370e-01
-1.200000e-01 -6.650000e-02 -2.625516e-01 3.417624e-01 -1.195000e-01 -6.600000e-02 -2.626428e-01 3.420022e-01
-1.195000e-01 -6.600000e-02 -2.626428e-01 3.420022e-01 -1.185000e-01 -6.600000e-02 -2.625321e-01 3.417098e-01
-1.185000e-01 -6.600000e-02 -2.625321e-01 3.417098e-01 -1.175000e-01 -6.600000e-02 -2.624196e-01 3.414161e-01
-1.175000e-01 -6.600000e-02 -2.624196e-01 3.414161e-01 -1.170000e-01 -6.550000e-02 -2.625099e-01 3.416528e-01
-4.465000e-01 -6.500000e-02 -2.624048e-01 3.420256e-01 -4.470000e-01 -6.450000e-02 -2.623193e-01 3.422417e-01
-4.465000e-01 -6.500000e-02 -2.624048e-01 3.420256e-01 -4.455000e-01 -6.500000e-02 -2.622911e-01 3.423110e-01
-4.455000e-01 -6.500000e-02 -2.622911e-01 3.423110e-01 -4.445000e-01 -6.500000e-02 -2.621792e-01 3.425954e-01
-4.440000e-01 -6.550000e-02 -2.622659e-01 3.423762e-01 -4.445000e-01 -6.500000e-02 -2.621792e-01 3.425954e-01
-1.170000e-01 -6.550000e-02 -2.625099e-01 3.416528e-01 -1.165000e-01 -6.500000e-02 -2.626012e-01 3.418886e-01
-1.165000e-01 -6.500000e-02 -2.626012e-01 3.418886e-01 -1.155000e-01 -6.500000e-02 -2.624862e-01 3.415918e-01
-1.155000e-01 -6.500000e-02 -2.624862e-01 3.415918e-01 -1.150000e-01 -6.450000e-02 -2.625769e-01 3.418255e-01
-4.485000e-01 -6.400000e-02 -2.623492e-01 3.421681e-01 -4.490000e-01 -6.350000e-02 -2.622635e-01 3.423809e-01
-4.485000e-01 -6.400000e-02 -2.623492e-01 3.421681e-01 -4.475000e-01 -6.400000e-02 -2.622328e-01 3.424566e-01
-4.470000e-01 -6.450000e-02 -2.623193e-01 3.422417e-01 -4.475000e-01 -6.400000e-02 -2.622328e-01 3.424566e-01
-1.150000e-01 -6.450000e-02 -2.625769e-01 3.418255e-01 -1.145000e-01 -6.400000e-02 -2.626686e-01 3.420583e-01
-1.145000e-01 -6.400000e-02 -2.626686e-01 3.420583e-01 -1.135000e-01 -6.400000e-02 -2.625511e-01 3.417582e-01
-1.135000e-01 -6.400000e-02 -2.625511e-01 3.417582e-01 -1.125000e-01 -6.400000e-02 -2.624318e-01 3.414570e-01
-1.125000e-01 -6.400000e-02 -2.624318e-01 3.414570e-01 -1.120000e-01 -6.350000e-02 -2.625224e-01 3.416867e-01
-4.505000e-01 -6.300000e-02 -2.622959e-01 3.423010e-01 -4.510000e-01 -6.250000e-02 -2.622101e-01 3.425106e-01
-4.505000e-01 -6.300000e-02 -2.622959e-01 3.423010e-01 -4.495000e-01 -6.300000e-02 -2.621768e-01 3.425926e-01
-4.490000e-01 -6.350000e-02 -2.622635e-01 3.423809e-01 -4.495000e-01 -6.300000e-02 -2.621768e-01 3.425926e-01
-1.120000e-01 -6.350000e-02 -2.625224e-01 3.416867e-01 -1.115000e-01 -6.300000e-02 -2.626140e-01 3.419155e-01
-1.115000e-01 -6.300000e-02 -2.626140e-01 3.419155e-01 -1.105000e-01 -6.300000e-02 -2.624921e-01 3.416110e-01
-1.105000e-01 -6.300000e-02 -2.624921e-01 3.416110e-01 -1.100000e-01 -6.250000e-02 -2.625830e-01 3.418378e-01
-4.535000e-01 -6.200000e-02 -2.623687e-01 3.421289e-01 -4.540000e-01 -6.150000e-02 -2.622832e-01 3.423343e-01
-4.535000e-01 -6.200000e-02 -2.623687e-01 3.421289e-01 -4.525000e-01 -6.200000e-02 -2.622450e-01 3.424245e-01
-4.525000e-01 -6.200000e-02 -2.622450e-01 3.424245e-01 -4.515000e-01 -6.200000e-02 -2.621232e-01 3.427191e-01
-4.510000e-01 -6.250000e-02 -2.622101e-01 3.425106e-01 -4.515000e-01 -6.200000e-02 -2.621232e-01 3.427191e-01
-1.100000e-01 -6.250000e-02 -2.625830e-01 3.418378e-01 -1.095000e-01 -6.200000e-02 -2.626749e-01 3.420636e-01
-1.095000e-01 -6.200000e-02 -2.626749e-01 3.420636e-01 -1.085000e-01 -6.200000e-02 -2.625504e-01 3.417560e-01
-1.085000e-01 -6.200000e-02 -2.625504e-01 3.417560e-01 -1.075000e-01 -6.200000e-02 -2.624240e-01 3.414474e-01
-1.075000e-01 -6.200000e-02 -2.624240e-01 3.414474e-01 -1.070000e-01 -6.150000e-02 -2.625147e-01 3.416701e-01
-4.555000e-01 -6.100000e-02 -2.623232e-01 3.422400e-01 -4.560000e-01 -6.050000e-02 -2.622377e-01 3.424421e-01
-4.555000e-01 -6.100000e-02 -2.623232e-01 3.422400e-01 -4.545000e-01 -6.100000e-02 -2.621967e-01 3.425385e-01
-4.540000e-01 -6.150000e-02 -2.622832e-01 3.423343e-01 -4.545000e-01 -6.100000e-02 -2.621967e-01 3.425385e-01
-1.070000e-01 -6.150000e-02 -2.625147e-01 3.416701e-01 -1.065000e-01 -6.100000e-02 -2.626064e-01 3.418919e-01
-1.065000e-01 -6.100000e-02 -2.626064e-01 3.418919e-01 -1.055000e-01 -6.100000e-02 -2.624773e-01 3.415801e-01
-1.055000e-01 -6.100000e-02 -2.624773e-01 3.415801e-01 -1.050000e-01 -6.050000e-02 -2.625682e-01 3.417999e-01
-4.575000e-01 -6.000000e-02 -2.622806e-01 3.423416e-01 -4.580000e-01 -5.950000e-02 -2.621950e-01 3.425406e-01
-4.575000e-01 -6.000000e-02 -2.622806e-01 3.423416e-01 -4.565000e-01 -6.000000e-02 -2.621512e-01 3.426431e-01
-4.560000e-01 -6.050000e-02 -2.622377e-01 3.424421e-01 -4.565000e-01 -6.000000e-02 -2.621512e-01 3.426431e-01
-1.050000e-01 -6.050000e-02 -2.625682e-01 3.417999e-01 -1.045000e-01 -6.000000e-02 -2.626602e-01 3.420187e-01
-1.045000e-01 -6.000000e-02 -2.626602e-01 3.420187e-01 -1.035000e-01 -6.000000e-02 -2.625283e-01 3.417039e-01
-1.035000e-01 -6.000000e-02 -2.625283e-01 3.417039e-01 -1.030000e-01 -5.950000e-02 -2.626193e-01 3.419207e-01
-4.605000e-01 -5.900000e-02 -2.623751e-01 3.421287e-01 -4.610000e-01 -5.850000e-02 -2.622901e-01 3.423235e-01
-4.605000e-01 -5.900000e-02 -2.623751e-01 3.421287e-01 -4.595000e-01 -5.900000e-02 -2.622408e-01 3.424340e-01
-4.595000e-01 -5.900000e-02 -2.622408e-01 3.424340e-01 -4.585000e-01 -5.900000e-02 -2.621084e-01 3.427384e-01
-4.580000e-01 -5.950000e-02 -2.621950e-01 3.425406e-01 -4.585000e-01 -5.900000e-02 -2.621084e-01 3.427384e-01
-1.030000e-01 -5.950000e-02 -2.626193e-01 3.419207e-01 -1.025000e-01 -5.900000e-02 -2.627114e-01 3.421365e-01
-1.025000e-01 -5.900000e-02 -2.627114e-01 3.421365e-01 -1.015000e-01 -5.900000e-02 -2.625767e-01 3.418186e-01
-1.015000e-01 -5.900000e-02 -2.625767e-01 3.418186e-01 -1.005000e-01 -5.900000e-02 -2.624401e-01 3.414998e-01
-1.005000e-01 -5.900000e-02 -2.624401e-01 3.414998e-01 -1.000000e-01 -5.850000e-02 -2.625308e-01 3.417126e-01
-4.625000e-01 -5.800000e-02 -2.623414e-01 3.422090e-01 -4.630000e-01 -5.750000e-02 -2.622565e-01 3.424006e-01
-4.625000e-01 -5.800000e-02 -2.623414e-01 3.422090e-01 -4.615000e-01 -5.800000e-02 -2.622041e-01 3.425171e-01
-4.610000e-01 -5.850000e-02 -2.622901e-01 3.423235e-01 -4.615000e-01 -5.800000e-02 -2.622041e-01 3.425171e-01
-1.000000e-01 -5.850000e-02 -2.625308e-01 3.417126e-01 -9.950000e-02 -5.800000e-02 -2.626224e-01 3.419245e-01
-9.950000e-02 -5.800000e-02 -2.626224e-01 3.419245e-01 -9.850000e-02 -5.800000e-02 -2.624830e-01 3.416026e-01
-9.850000e-02 -5.800000e-02 -2.624830e-01 3.416026e-01 -9.800000e-02 -5.750000e-02 -2.625737e-01 3.418125e-01
-4.645000e-01 -5.700000e-02 -2.623109e-01 3.422801e-01 -4.650000e-01 -5.650000e-02 -2.622262e-01 3.424685e-01
-4.645000e-01 -5.700000e-02 -2.623109e-01 3.422801e-01 -4.635000e-01 -5.700000e-02 -2.621706e-01 3.425910e-01
-4.630000e-01 -5.750000e-02 -2.622565e-01 3.424006e-01 -4.635000e-01 -5.700000e-02 -2.621706e-01 3.425910e-01
-9.800000e-02 -5.750000e-02 -2.625737e-01 3.418125e-01 -9.750000e-02 -5.700000e-02 -2.626654e-01 3.420214e-01
-9.750000e-02 -5.700000e-02 -2.626654e-01 3.420214e-01 -9.650000e-02 -5.700000e-02 -2.625230e-01 3.416965e-01
-9.650000e-02 -5.700000e-02 -2.625230e-01 3.416965e-01 -9.600000e-02 -5.650000e-02 -2.626138e-01 3.419035e-01
-4.665000e-01 -5.600000e-02 -2.622839e-01 3.423421e-01 -4.670000e-01 -5.550000e-02 -2.621993e-01 3.425274e-01
-4.665000e-01 -5.600000e-02 -2.622839e-01 3.423421e-01 -4.655000e-01 -5.600000e-02 -2.621405e-01 3.426558e-01
-4.650000e-01 -5.650000e-02 -2.622262e-01 3.424685e-01 -4.655000e-01 -5.600000e-02 -2.621405e-01 3.426558e-01
-9.600000e-02 -5.650000e-02 -2.626138e-01 3.419035e-01 -9.550000e-02 -5.600000e-02 -2.627055e-01 3.421094e-01
-9.550000e-02 -5.600000e-02 -2.627055e-01 3.421094e-01 -9.450000e-02 -5.600000e-02 -2.625601e-01 3.417816e-01
-9.450000e-02 -5.600000e-02 -2.625601e-01 3.417816e-01 -9.400000e-02 -5.550000e-02 -2.626508e-01 3.419856e-01
-4.685000e-01 -5.500000e-02 -2.622604e-01 3.423950e-01 -4.690000e-01 -5.450000e-02 -2.621761e-01 3.425772e-01
-4.685000e-01 -5.500000e-02 -2.622604e-01 3.423950e-01 -4.675000e-01 -5.500000e-02 -2.621138e-01 3.427115e-01
-4.670000e-01 -5.550000e-02 -2.621993e-01 3.425274e-01 -4.675000e-01 -5.500000e-02 -2.621138e-01 3.427115e-01
-9.400000e-02 -5.550000e-02 -2.626508e-01 3.419856e-01 -9.350000e-02 -5.500000e-02 -2.627425e-01 3.421885e-01
-9.350000e-02 -5.500000e-02 -2.627425e-01 3.421885e-01 -9.250000e-02 -5.500000e-02 -2.625941e-01 3.418579e-01
-9.250000e-02 -5.500000e-02 -2.625941e-01 3.418579e-01 -9.150000e-02 -5.500000e-02 -2.624438e-01 3.415263e-01
-9.150000e-02 -5.500000e-02 -2.624438e-01 3.415263e-01 -9.100000e-02 -5.450000e-02 -2.625339e-01 3.417263e-01
-4.705000e-01 -5.400000e-02 -2.622406e-01 3.424390e-01 -4.710000e-01 -5.350000e-02 -2.621565e-01 3.426180e-01
-4.705000e-01 -5.400000e-02 -2.622406e-01 3.424390e-01 -4.695000e-01 -5.400000e-02 -2.620908e-01 3.427582e-01
-4.690000e-01 -5.450000e-02 -2.621761e-01 3.425772e-01 -4.695000e-01 -5.400000e-02 -2.620908e-01 3.427582e-01
-9.100000e-02 -5.450000e-02 -2.625339e-01 3.417263e-01 -9.050000e-02 -5.400000e-02 -2.626249e-01 3.419253e-01
-9.050000e-02 -5.400000e-02 -2.626249e-01 3.419253e-01 -8.950000e-02 -5.400000e-02 -2.624715e-01 3.415910e-01
-8.950000e-02 -5.400000e-02 -2.624715e-01 3.415910e-01 -8.900000e-02 -5.350000e-02 -2.625615e-01 3.417881e-01
-4.725000e-01 -5.300000e-02 -2.622245e-01 3.424740e-01 -4.730000e-01 -5.250000e-02 -2.621408e-01 3.426500e-01
-4.725000e-01 -5.300000e-02 -2.622245e-01 3.424740e-01 -4.715000e-01 -5.300000e-02 -2.620715e-01 3.427959e-01
-4.710000e-01 -5.350000e-02 -2.621565e-01 3.426180e-01 -4.715000e-01 -5.300000e-02 -2.620715e-01 3.427959e-01
-8.900000e-02 -5.350000e-02 -2.625615e-01 3.417881e-01 -8.850000e-02 -5.300000e-02 -2.626524e-01 3.419841e-01
-8.850000e-02 -5.300000e-02 -2.626524e-01 3.419841e-01 -8.750000e-02 -5.300000e-02 -2.624958e-01 3.416469e-01
-8.750000e-02 -5.300000e-02 -2.624958e-01 3.416469e-01 -8.700000e-02 -5.250000e-02 -2.625856e-01 3.418411e-01
-4.745000e-01 -5.200000e-02 -2.622125e-01 3.425003e-01 -4.750000e-01 -5.150000e-02 -2.621291e-01 3.426731e-01
-4.745000e-01 -5.200000e-02 -2.622125e-01 3.425003e-01 -4.735000e-01 -5.200000e-02 -2.620561e-01 3.428247e-01
-4.730000e-01 -5.250000e-02 -2.621408e-01 3.426500e-01 -4.735000e-01 -5.200000e-02 -2.620561e-01 3.428247e-01
-8.700000e-02 -5.250000e-02 -2.625856e-01 3.418411e-01 -8.650000e-02 -5.200000e-02 -2.626764e-01 3.420342e-01
-8.650000e-02 -5.200000e-02 -2.626764e-01 3.420342e-01 -8.550000e-02 -5.200000e-02 -2.625167e-01 3.416942e-01
-8.550000e-02 -5.200000e-02 -2.625167e-01 3.416942e-01 -8.500000e-02 -5.150000e-02 -2.626062e-01 3.418855e-01
-4.765000e-01 -5.100000e-02 -2.622045e-01 3.425177e-01 -4.770000e-01 -5.050000e-02 -2.621215e-01 3.426874e-01
-4.765000e-01 -5.100000e-02 -2.622045e-01 3.425177e-01 -4.755000e-01 -5.100000e-02 -2.620448e-01 3.428447e-01
-4.750000e-01 -5.150000e-02 -2.621291e-01 3.426731e-01 -4.755000e-01 -5.100000e-02 -2.620448e-01 3.428447e-01
-8.500000e-02 -5.150000e-02 -2.626062e-01 3.418855e-01 -8.450000e-02 -5.100000e-02 -2.626967e-01 3.420757e-01
-8.450000e-02 -5.100000e-02 -2.626967e-01 3.420757e-01 -8.350000e-02 -5.100000e-02 -2.625338e-01 3.417330e-01
-8.350000e-02 -5.100000e-02 -2.625338e-01 3.417330e-01 -8.300000e-02 -5.050000e-02 -2.626232e-01 3.419213e-01
-4.785000e-01 -5.000000e-02 -2.622007e-01 3.425264e-01 -4.790000e-01 -4.950000e-02 -2.621182e-01 3.426931e-01
-4.785000e-01 -5.000000e-02 -2.622007e-01 3.425264e-01 -4.775000e-01 -5.000000e-02 -2.620376e-01 3.428559e-01
-4.770000e-01 -5.050000e-02 -2.621215e-01 3.426874e-01 -4.775000e-01 -5.000000e-02 -2.620376e-01 3.428559e-01
-8.300000e-02 -5.050000e-02 -2.626232e-01 3.419213e-01 -8.250000e-02 -5.000000e-02 -2.627134e-01 3.421086e-01
-8.250000e-02 -5.000000e-02 -2.627134e-01 3.421086e-01 -8.150000e-02 -5.000000e-02 -2.625473e-01 3.417632e-01
-8.150000e-02 -5.000000e-02 -2.625473e-01 3.417632e-01 -8.100000e-02 -4.950000e-02 -2.626363e-01 3.419486e-01
-4.805000e-01 -4.900000e-02 -2.622013e-01 3.425265e-01 -4.810000e-01 -4.850000e-02 -2.621193e-01 3.426901e-01
-4.805000e-01 -4.900000e-02 -2.622013e-01 3.425265e-01 -4.795000e-01 -4.900000e-02 -2.620348e-01 3.428585e-01
-4.790000e-01 -4.950000e-02 -2.621182e-01 3.426931e-01 -4.795000e-01 -4.900000e-02 -2.620348e-01 3.428585e-01
-8.100000e-02 -4.950000e-02 -2.626363e-01 3.419486e-01 -8.050000e-02 -4.900000e-02 -2.627262e-01 3.421330e-01
-8.050000e-02 -4.900000e-02 -2.627262e-01 3.421330e-01 -7.950000e-02 -4.900000e-02 -2.625568e-01 3.417849e-01
-7.950000e-02 -4.900000e-02 -2.625568e-01 3.417849e-01 -7.900000e-02 -4.850000e-02 -2.626455e-01 3.419674e-01
-4.825000e-01 -4.800000e-02 -2.622064e-01 3.425180e-01 -4.830000e-01 -4.750000e-02 -2.621249e-01 3.426786e-01
-4.825000e-01 -4.800000e-02 -2.622064e-01 3.425180e-01 -4.815000e-01 -4.800000e-02 -2.620364e-01 3.428524e-01
-4.810000e-01 -4.850000e-02 -2.621193e-01 3.426901e-01 -4.815000e-01 -4.800000e-02 -2.620364e-01 3.428524e-01
-7.900000e-02 -4.850000e-02 -2.626455e-01 3.419674e-01 -7.850000e-02 -4.800000e-02 -2.627351e-01 3.421488e-01
-7.850000e-02 -4.800000e-02 -2.627351e-01 3.421488e-01 -7.750000e-02 -4.800000e-02 -2.625623e-01 3.417981e-01
-7.750000e-02 -4.800000e-02 -2.625623e-01 3.417981e-01 -7.700000e-02 -4.750000e-02 -2.626507e-01 3.419777e-01
-4.845000e-01 -4.700000e-02 -2.622161e-01 3.425010e-01 -4.850000e-01 -4.650000e-02 -2.621352e-01 3.426585e-01
-4.845000e-01 -4.700000e-02 -2.622161e-01 3.425010e-01 -4.835000e-01 -4.700000e-02 -2.620425e-01 3.428378e-01
-4.830000e-01 -4.750000e-02 -2.621249e-01 3.426786e-01 -4.835000e-01 -4.700000e-02 -2.620425e-01 3.428378e-01
-7.700000e-02 -4.750000e-02 -2.626507e-01 3.419777e-01 -7.650000e-02 -4.700000e-02 -2.627399e-01 3.421563e-01
-7.650000e-02 -4.700000e-02 -2.627399e-01 3.421563e-01 -7.550000e-02 -4.700000e-02 -2.625638e-01 3.418030e-01
-7.550000e-02 -4.700000e-02 -2.625638e-01 3.418030e-01 -7.500000e-02 -4.650000e-02 -2.626517e-01 3.419798e-01
-4.865000e-01 -4.600000e-02 -2.622306e-01 3.424756e-01 -4.870000e-01 -4.550000e-02 -2.621503e-01 3.426301e-01
-4.865000e-01 -4.600000e-02 -2.622306e-01 3.424756e-01 -4.855000e-01 -4.600000e-02 -2.620534e-01 3.428147e-01
-4.850000e-01 -4.650000e-02 -2.621352e-01 3.426585e-01 -4.855000e-01 -4.600000e-02 -2.620534e-01 3.428147e-01
-7.500000e-02 -4.650000e-02 -2.626517e-01 3.419798e-01 -7.450000e-02 -4.600000e-02 -2.627405e-01 3.421554e-01
-7.450000e-02 -4.600000e-02 -2.627405e-01 3.421554e-01 -7.350000e-02 -4.600000e-02 -2.625609e-01 3.417996e-01
-7.350000e-02 -4.600000e-02 -2.625609e-01 3.417996e-01 -7.300000e-02 -4.550000e-02 -2.626484e-01 3.419734e-01
-4.885000e-01 -4.500000e-02 -2.622499e-01 3.424419e-01 -4.890000e-01 -4.450000e-02 -2.621703e-01 3.425934e-01
-4.885000e-01 -4.500000e-02 -2.622499e-01 3.424419e-01 -4.875000e-01 -4.500000e-02 -2.620692e-01 3.427833e-01
-4.870000e-01 -4.550000e-02 -2.621503e-01 3.426301e-01 -4.875000e-01 -4.500000e-02 -2.620692e-01 3.427833e-01
-7.300000e-02 -4.550000e-02 -2.626484e-01 3.419734e-01 -7.250000e-02 -4.500000e-02 -2.627367e-01 3.421462e-01
-7.250000e-02 -4.500000e-02 -2.627367e-01 3.421462e-01 -7.150000e-02 -4.500000e-02 -2.625537e-01 3.417879e-01
-7.150000e-02 -4.500000e-02 -2.625537e-01 3.417879e-01 -7.100000e-02 -4.450000e-02 -2.626407e-01 3.419589e-01
-4.895000e-01 -4.400000e-02 -2.620899e-01 3.427435e-01 -4.900000e-01 -4.350000e-02 -2.620102e-01 3.428929e-01
-4.890000e-01 -4.450000e-02 -2.621703e-01 3.425934e-01 -4.895000e-01 -4.400000e-02 -2.620899e-01 3.427435e-01
-7.100000e-02 -4.450000e-02 -2.626407e-01 3.419589e-01 -7.050000e-02 -4.400000e-02 -2.627285e-01 3.421287e-01
-7.050000e-02 -4.400000e-02 -2.627285e-01 3.421287e-01 -6.950000e-02 -4.400000e-02 -2.625420e-01 3.417680e-01
-6.950000e-02 -4.400000e-02 -2.625420e-01 3.417680e-01 -6.900000e-02 -4.350000e-02 -2.626284e-01 3.419361e-01
-4.915000e-01 -4.300000e-02 -2.621157e-01 3.426956e-01 -4.920000e-01 -4.250000e-02 -2.620368e-01 3.428420e-01
-4.915000e-01 -4.300000e-02 -2.621157e-01 3.426956e-01 -4.905000e-01 -4.300000e-02 -2.619297e-01 3.430410e-01
-4.900000e-01 -4.350000e-02 -2.620102e-01 3.428929e-01 -4.905000e-01 -4.300000e-02 -2.619297e-01 3.430410e-01
-6.900000e-02 -4.350000e-02 -2.626284e-01 3.419361e-01 -6.850000e-02 -4.300000e-02 -2.627157e-01 3.421031e-01
-6.850000e-02 -4.300000e-02 -2.627157e-01 3.421031e-01 -6.750000e-02 -4.300000e-02 -2.625257e-01 3.417399e-01
-6.750000e-02 -4.300000e-02 -2.625257e-01 3.417399e-01 -6.700000e-02 -4.250000e-02 -2.626116e-01 3.419052e-01
-4.935000e-01 -4.200000e-02 -2.621467e-01 3.426395e-01 -4.940000e-01 -4.150000e-02 -2.620686e-01 3.427829e-01
-4.935000e-01 -4.200000e-02 -2.621467e-01 3.426395e-01 -4.925000e-01 -4.200000e-02 -2.619571e-01 3.429871e-01
-4.920000e-01 -4.250000e-02 -2.620368e-01 3.428420e-01 -4.925000e-01 -4.200000e-02 -2.619571e-01 3.429871e-01
-6.700000e-02 -4.250000e-02 -2.626116e-01 3.419052e-01 -6.650000e-02 -4.200000e-02 -2.626983e-01 3.420694e-01
-6.650000e-02 -4.200000e-02 -2.626983e-01 3.420694e-01 -6.600000e-02 -4.150000e-02 -2.627843e-01 3.422327e-01
-4.955000e-01 -4.100000e-02 -2.621831e-01 3.425754e-01 -4.960000e-01 -4.050000e-02 -2.621059e-01 3.427158e-01
-4.955000e-01 -4.100000e-02 -2.621831e-01 3.425754e-01 -4.945000e-01 -4.100000e-02 -2.619897e-01 3.429250e-01
-4.940000e-01 -4.150000e-02 -2.620686e-01 3.427829e-01 -4.945000e-01 -4.100000e-02 -2.619897e-01 3.429250e-01
-6.600000e-02 -4.150000e-02 -2.627843e-01 3.422327e-01 -6.550000e-02 -4.100000e-02 -2.628711e-01 3.423948e-01
-6.550000e-02 -4.100000e-02 -2.628711e-01 3.423948e-01 -6.450000e-02 -4.100000e-02 -2.626760e-01 3.420276e-01
-6.450000e-02 -4.100000e-02 -2.626760e-01 3.420276e-01 -6.400000e-02 -4.050000e-02 -2.627614e-01 3.421881e-01
-4.975000e-01 -4.000000e-02 -2.622250e-01 3.425033e-01 -4.980000e-01 -3.950000e-02 -2.621486e-01 3.426408e-01
-4.975000e-01 -4.000000e-02 -2.622250e-01 3.425033e-01 -4.965000e-01 -4.000000e-02 -2.620278e-01 3.428550e-01
-4.960000e-01 -4.050000e-02 -2.621059e-01 3.427158e-01 -4.965000e-01 -4.000000e-02 -2.620278e-01 3.428550e-01
-6.400000e-02 -4.050000e-02 -2.627614e-01 3.421881e-01 -6.350000e-02 -4.000000e-02 -2.628476e-01 3.423474e-01
-6.350000e-02 -4.000000e-02 -2.628476e-01 3.423474e-01 -6.250000e-02 -4.000000e-02 -2.626489e-01 3.419778e-01
-6.250000e-02 -4.000000e-02 -2.626489e-01 3.419778e-01 -6.200000e-02 -3.950000e-02 -2.627335e-01 3.421355e-01
-4.985000e-01 -3.900000e-02 -2.620714e-01 3.427770e-01 -4.990000e-01 -3.850000e-02 -2.619951e-01 3.429125e-01
-4.980000e-01 -3.950000e-02 -2.621486e-01 3.426408e-01 -4.985000e-01 -3.900000e-02 -2.620714e-01 3.427770e-01
-6.200000e-02 -3.950000e-02 -2.627335e-01 3.421355e-01 -6.150000e-02 -3.900000e-02 -2.628190e-01 3.422920e-01
-6.150000e-02 -3.900000e-02 -2.628190e-01 3.422920e-01 -6.050000e-02 -3.900000e-02 -2.626166e-01 3.419201e-01
-6.050000e-02 -3.900000e-02 -2.626166e-01 3.419201e-01 -6.000000e-02 -3.850000e-02 -2.627006e-01 3.420750e-01
-5.005000e-01 -3.800000e-02 -2.621208e-01 3.426913e-01 -5.010000e-01 -3.750000e-02 -2.620454e-01 3.428238e-01
-5.005000e-01 -3.800000e-02 -2.621208e-01 3.426913e-01 -4.995000e-01 -3.800000e-02 -2.619180e-01 3.430466e-01
-4.990000e-01 -3.850000e-02 -2.619951e-01 3.429125e-01 -4.995000e-01 -3.800000e-02 -2.619180e-01 3.430466e-01
-6.000000e-02 -3.850000e-02 -2.627006e-01 3.420750e-01 -5.950000e-02 -3.800000e-02 -2.627854e-01 3.422287e-01
-5.950000e-02 -3.800000e-02 -2.627854e-01 3.422287e-01 -5.850000e-02 -3.800000e-02 -2.625793e-01 3.418546e-01
-5.850000e-02 -3.800000e-02 -2.625793e-01 3.418546e-01 -5.800000e-02 -3.750000e-02 -2.626625e-01 3.420066e-01
-5.025000e-01 -3.700000e-02 -2.621759e-01 3.425978e-01 -5.030000e-01 -3.650000e-02 -2.621016e-01 3.427275e-01
-5.025000e-01 -3.700000e-02 -2.621759e-01 3.425978e-01 -5.015000e-01 -3.700000e-02 -2.619693e-01 3.429550e-01
-5.010000e-01 -3.750000e-02 -2.620454e-01 3.428238e-01 -5.015000e-01 -3.700000e-02 -2.619693e-01 3.429550e-01
-5.800000e-02 -3.750000e-02 -2.626625e-01 3.420066e-01 -5.750000e-02 -3.700000e-02 -2.627465e-01 3.421576e-01
-5.750000e-02 -3.700000e-02 -2.627465e-01 3.421576e-01 -5.700000e-02 -3.650000e-02 -2.628297e-01 3.423077e-01
-5.035000e-01 -3.600000e-02 -2.620264e-01 3.428558e-01 -5.040000e-01 -3.550000e-02 -2.619522e-01 3.429834e-01
-5.030000e-01 -3.650000e-02 -2.621016e-01 3.427275e-01 -5.035000e-01 -3.600000e-02 -2.620264e-01 3.428558e-01
-5.700000e-02 -3.650000e-02 -2.628297e-01 3.423077e-01 -5.650000e-02 -3.600000e-02 -2.629137e-01 3.424566e-01
-5.650000e-02 -3.600000e-02 -2.629137e-01 3.424566e-01 -5.550000e-02 -3.600000e-02 -2.627023e-01 3.420787e-01
-5.550000e-02 -3.600000e-02 -2.627023e-01 3.420787e-01 -5.500000e-02 -3.550000e-02 -2.627847e-01 3.422260e-01
-5.055000e-01 -3.500000e-02 -2.620896e-01 3.427489e-01 -5.060000e-01 -3.450000e-02 -2.620164e-01 3.428736e-01
-5.055000e-01 -3.500000e-02 -2.620896e-01 3.427489e-01 -5.045000e-01 -3.500000e-02 -2.618771e-01 3.431096e-01
-5.040000e-01 -3.550000e-02 -2.619522e-01 3.429834e-01 -5.045000e-01 -3.500000e-02 -2.618771e-01 3.431096e-01
-5.500000e-02 -3.550000e-02 -2.627847e-01 3.422260e-01 -5.450000e-02 -3.500000e-02 -2.628679e-01 3.423722e-01
-5.450000e-02 -3.500000e-02 -2.628679e-01 3.423722e-01 -5.350000e-02 -3.500000e-02 -2.626527e-01 3.419922e-01
-5.350000e-02 -3.500000e-02 -2.626527e-01 3.419922e-01 -5.300000e-02 -3.450000e-02 -2.627342e-01 3.421367e-01
-5.075000e-01 -3.400000e-02 -2.621589e-01 3.426346e-01 -5.080000e-01 -3.350000e-02 -2.620868e-01 3.427565e-01
-5.075000e-01 -3.400000e-02 -2.621589e-01 3.426346e-01 -5.065000e-01 -3.400000e-02 -2.619425e-01 3.429970e-01
-5.060000e-01 -3.450000e-02 -2.620164e-01 3.428736e-01 -5.065000e-01 -3.400000e-02 -2.619425e-01 3.429970e-01
-5.300000e-02 -3.450000e-02 -2.627342e-01 3.421367e-01 -5.250000e-02 -3.400000e-02 -2.628165e-01 3.422801e-01
-5.250000e-02 -3.400000e-02 -2.628165e-01 3.422801e-01 -5.150000e-02 -3.400000e-02 -2.625974e-01 3.418981e-01
-5.150000e-02 -3.400000e-02 -2.625974e-01 3.418981e-01 -5.100000e-02 -3.350000e-02 -2.626781e-01 3.420399e-01
-5.085000e-01 -3.300000e-02 -2.620140e-01 3.428770e-01 -5.090000e-01 -3.250000e-02 -2.619421e-01 3.429969e-01
-5.080000e-01 -3.350000e-02 -2.620868e-01 3.427565e-01 -5.085000e-01 -3.300000e-02 -2.620140e-01 3.428770e-01
-5.100000e-02 -3.350000e-02 -2.626781e-01 3.420399e-01 -5.050000e-02 -3.300000e-02 -2.627595e-01 3.421805e-01
-5.050000e-02 -3.300000e-02 -2.627595e-01 3.421805e-01 -5.000000e-02 -3.250000e-02 -2.628401e-01 3.423204e-01
-5.105000e-01 -3.200000e-02 -2.620919e-01 3.427497e-01 -5.110000e-01 -3.150000e-02 -2.620212e-01 3.428668e-01
-5.105000e-01 -3.200000e-02 -2.620919e-01 3.427497e-01 -5.095000e-01 -3.200000e-02 -2.618696e-01 3.431153e-01
-5.090000e-01 -3.250000e-02 -2.619421e-01 3.429969e-01 -5.095000e-01 -3.200000e-02 -2.618696e-01 3.431153e-01
-5.000000e-02 -3.250000e-02 -2.628401e-01 3.423204e-01 -4.950000e-02 -3.200000e-02 -2.629215e-01 3.424591e-01
-4.950000e-02 -3.200000e-02 -2.629215e-01 3.424591e-01 -4.850000e-02 -3.200000e-02 -2.626968e-01 3.420734e-01
-4.850000e-02 -3.200000e-02 -2.626968e-01 3.420734e-01 -4.800000e-02 -3.150000e-02 -2.627764e-01 3.422106e-01
-5.115000e-01 -3.100000e-02 -2.619498e-01 3.429824e-01 -5.120000e-01 -3.050000e-02 -2.618794e-01 3.430974e-01
-5.110000e-01 -3.150000e-02 -2.620212e-01 3.428668e-01 -5.115000e-01 -3.100000e-02 -2.619498e-01 3.429824e-01
-4.800000e-02 -3.150000e-02 -2.627764e-01 3.422106e-01 -4.750000e-02 -3.100000e-02 -2.628568e-01 3.423466e-01
-4.750000e-02 -3.100000e-02 -2.628568e-01 3.423466e-01 -4.650000e-02 -3.100000e-02 -2.626282e-01 3.419590e-01
-4.650000e-02 -3.100000e-02 -2.626282e-01 3.419590e-01 -4.600000e-02 -3.050000e-02 -2.627068e-01 3.420935e-01
-5.135000e-01 -3.000000e-02 -2.620366e-01 3.428423e-01 -5.140000e-01 -2.950000e-02 -2.619674e-01 3.429546e-01
-5.135000e-01 -3.000000e-02 -2.620366e-01 3.428423e-01 -5.125000e-01 -3.000000e-02 -2.618082e-01 3.432110e-01
-5.120000e-01 -3.050000e-02 -2.618794e-01 3.430974e-01 -5.125000e-01 -3.000000e-02 -2.618082e-01 3.432110e-01
-4.600000e-02 -3.050000e-02 -2.627068e-01 3.420935e-01 -4.550000e-02 -3.000000e-02 -2.627862e-01 3.422267e-01
-4.550000e-02 -3.000000e-02 -2.627862e-01 3.422267e-01 -4.500000e-02 -2.950000e-02 -2.628647e-01 3.423592e-01
-5.155000e-01 -2.900000e-02 -2.621300e-01 3.426951e-01 -5.160000e-01 -2.850000e-02 -2.620621e-01 3.428046e-01
-5.155000e-01 -2.900000e-02 -2.621300e-01 3.426951e-01 -5.145000e-01 -2.900000e-02 -2.618975e-01 3.430654e-01
-5.140000e-01 -2.950000e-02 -2.619674e-01 3.429546e-01 -5.145000e-01 -2.900000e-02 -2.618975e-01 3.430654e-01
-4.500000e-02 -2.950000e-02 -2.628647e-01 3.423592e-01 -4.450000e-02 -2.900000e-02 -2.629439e-01 3.424905e-01
-4.450000e-02 -2.900000e-02 -2.629439e-01 3.424905e-01 -4.350000e-02 -2.900000e-02 -2.627096e-01 3.420995e-01
-4.350000e-02 -2.900000e-02 -2.627096e-01 3.420995e-01 -4.300000e-02 -2.850000e-02 -2.627871e-01 3.422294e-01
-5.165000e-01 -2.800000e-02 -2.619935e-01 3.429128e-01 -5.170000e-01 -2.750000e-02 -2.619259e-01 3.430202e-01
-5.160000e-01 -2.850000e-02 -2.620621e-01 3.428046e-01 -5.165000e-01 -2.800000e-02 -2.619935e-01 3.429128e-01
-4.300000e-02 -2.850000e-02 -2.627871e-01 3.422294e-01 -4.250000e-02 -2.800000e-02 -2.628652e-01 3.423580e-01
-4.250000e-02 -2.800000e-02 -2.628652e-01 3.423580e-01 -4.200000e-02 -2.750000e-02 -2.629424e-01 3.424859e-01
-5.185000e-01 -2.700000e-02 -2.620964e-01 3.427532e-01 -5.190000e-01 -2.650000e-02 -2.620301e-01 3.428579e-01
-5.185000e-01 -2.700000e-02 -2.620964e-01 3.427532e-01 -5.175000e-01 -2.700000e-02 -2.618577e-01 3.431263e-01
-5.170000e-01 -2.750000e-02 -2.619259e-01 3.430202e-01 -5.175000e-01 -2.700000e-02 -2.618577e-01 3.431263e-01
-4.200000e-02 -2.750000e-02 -2.629424e-01 3.424859e-01 -4.150000e-02 -2.700000e-02 -2.630204e-01 3.426125e-01
-4.150000e-02 -2.700000e-02 -2.630204e-01 3.426125e-01 -4.050000e-02 -2.700000e-02 -2.627803e-01 3.422183e-01
-4.050000e-02 -2.700000e-02 -2.627803e-01 3.422183e-01 -4.000000e-02 -2.650000e-02 -2.628564e-01 3.423435e-01
-5.195000e-01 -2.600000e-02 -2.619633e-01 3.429614e-01 -5.200000e-01 -2.550000e-02 -2.618974e-01 3.430641e-01
-5.190000e-01 -2.650000e-02 -2.620301e-01 3.428579e-01 -5.195000e-01 -2.600000e-02 -2.619633e-01 3.429614e-01
-4.000000e-02 -2.650000e-02 -2.628564e-01 3.423435e-01 -3.950000e-02 -2.600000e-02 -2.629332e-01 3.424675e-01
-3.950000e-02 -2.600000e-02 -2.629332e-01 3.424675e-01 -3.850000e-02 -2.600000e-02 -2.626890e-01 3.420716e-01
-3.850000e-02 -2.600000e-02 -2.626890e-01 3.420716e-01 -3.800000e-02 -2.550000e-02 -2.627640e-01 3.421941e-01
-5.215000e-01 -2.500000e-02 -2.620759e-01 3.427896e-01 -5.220000e-01 -2.450000e-02 -2.620114e-01 3.428897e-01
-5.215000e-01 -2.500000e-02 -2.620759e-01 3.427896e-01 -5.205000e-01 -2.500000e-02 -2.618309e-01 3.431655e-01
-5.200000e-01 -2.550000e-02 -2.618974e-01 3.430641e-01 -5.205000e-01 -2.500000e-02 -2.618309e-01 3.431655e-01
-3.800000e-02 -2.550000e-02 -2.627640e-01 3.421941e-01 -3.750000e-02 -2.500000e-02 -2.628397e-01 3.423155e-01
-3.750000e-02 -2.500000e-02 -2.628397e-01 3.423155e-01 -3.700000e-02 -2.450000e-02 -2.629144e-01 3.424362e-01
-5.225000e-01 -2.400000e-02 -2.619463e-01 3.429885e-01 -5.230000e-01 -2.350000e-02 -2.618823e-01 3.430866e-01
-5.220000e-01 -2.450000e-02 -2.620114e-01 3.428897e-01 -5.225000e-01 -2.400000e-02 -2.619463e-01 3.429885e-01
-3.700000e-02 -2.450000e-02 -2.629144e-01 3.424362e-01 -3.650000e-02 -2.400000e-02 -2.629898e-01 3.425557e-01
-3.650000e-02 -2.400000e-02 -2.629898e-01 3.425557e-01 -3.550000e-02 -2.400000e-02 -2.627397e-01 3.421566e-01
-3.550000e-02 -2.400000e-02 -2.627397e-01 3.421566e-01 -3.500000e-02 -2.350000e-02 -2.628132e-01 3.422747e-01
-5.245000e-01 -2.300000e-02 -2.620690e-01 3.428048e-01 -5.250000e-01 -2.250000e-02 -2.620065e-01 3.429003e-01
-5.245000e-01 -2.300000e-02 -2.620690e-01 3.428048e-01 -5.235000e-01 -2.300000e-02 -2.618177e-01 3.431833e-01
-5.230000e-01 -2.350000e-02 -2.618823e-01 3.430866e-01 -5.235000e-01 -2.300000e-02 -2.618177e-01 3.431833e-01
-3.500000e-02 -2.350000e-02 -2.628132e-01 3.422747e-01 -3.450000e-02 -2.300000e-02 -2.628874e-01 3.423915e-01
-3.450000e-02 -2.300000e-02 -2.628874e-01 3.423915e-01 -3.400000e-02 -2.250000e-02 -2.629606e-01 3.425077e-01
-5.255000e-01 -2.200000e-02 -2.619433e-01 3.429945e-01 -5.260000e-01 -2.150000e-02 -2.618813e-01 3.430880e-01
-5.250000e-01 -2.250000e-02 -2.620065e-01 3.429003e-01 -5.255000e-01 -2.200000e-02 -2.619433e-01 3.429945e-01
-3.400000e-02 -2.250000e-02 -2.629606e-01 3.425077e-01 -3.350000e-02 -2.200000e-02 -2.630345e-01 3.426226e-01
-3.350000e-02 -2.200000e-02 -2.630345e-01 3.426226e-01 -3.250000e-02 -2.200000e-02 -2.627783e-01 3.422206e-01
-3.250000e-02 -2.200000e-02 -2.627783e-01 3.422206e-01 -3.200000e-02 -2.150000e-02 -2.628502e-01 3.423341e-01
-5.265000e-01 -2.100000e-02 -2.618186e-01 3.431801e-01 -5.270000e-01 -2.050000e-02 -2.617570e-01 3.432717e-01
-5.260000e-01 -2.150000e-02 -2.618813e-01 3.430880e-01 -5.265000e-01 -2.100000e-02 -2.618186e-01 3.431801e-01
-3.200000e-02 -2.150000e-02 -2.628502e-01 3.423341e-01 -3.150000e-02 -2.100000e-02 -2.629228e-01 3.424465e-01
-3.150000e-02 -2.100000e-02 -2.629228e-01 3.424465e-01 -3.100000e-02 -2.050000e-02 -2.629945e-01 3.425582e-01
-5.285000e-01 -2.000000e-02 -2.619548e-01 3.429797e-01 -5.290000e-01 -1.950000e-02 -2.618947e-01 3.430687e-01
-5.285000e-01 -2.000000e-02 -2.619548e-01 3.429797e-01 -5.275000e-01 -2.000000e-02 -2.616948e-01 3.433618e-01
-5.270000e-01 -2.050000e-02 -2.617570e-01 3.432717e-01 -5.275000e-01 -2.000000e-02 -2.616948e-01 3.433618e-01
-3.100000e-02 -2.050000e-02 -2.629945e-01 3.425582e-01 -3.050000e-02 -2.000000e-02 -2.630667e-01 3.426686e-01
-3.050000e-02 -2.000000e-02 -2.630667e-01 3.426686e-01 -2.950000e-02 -2.000000e-02 -2.628044e-01 3.422637e-01
-2.950000e-02 -2.000000e-02 -2.628044e-01 3.422637e-01 -2.900000e-02 -1.950000e-02 -2.628747e-01 3.423729e-01
-5.295000e-01 -1.900000e-02 -2.618342e-01 3.431563e-01 -5.300000e-01 -1.850000e-02 -2.617747e-01 3.432433e-01
-5.290000e-01 -1.950000e-02 -2.618947e-01 3.430687e-01 -5.295000e-01 -1.900000e-02 -2.618342e-01 3.431563e-01
-2.900000e-02 -1.950000e-02 -2.628747e-01 3.423729e-01 -2.850000e-02 -1.900000e-02 -2.629456e-01 3.424807e-01
-2.850000e-02 -1.900000e-02 -2.629456e-01 3.424807e-01 -2.800000e-02 -1.850000e-02 -2.630155e-01 3.425880e-01
-5.315000e-01 -1.800000e-02 -2.619811e-01 3.429446e-01 -5.320000e-01 -1.750000e-02 -2.619233e-01 3.430291e-01
-5.315000e-01 -1.800000e-02 -2.619811e-01 3.429446e-01 -5.305000e-01 -1.800000e-02 -2.617146e-01 3.433290e-01
-5.300000e-01 -1.850000e-02 -2.617747e-01 3.432433e-01 -5.305000e-01 -1.800000e-02 -2.617146e-01 3.433290e-01
-2.800000e-02 -1.850000e-02 -2.630155e-01 3.425880e-01 -2.750000e-02 -1.800000e-02 -2.630860e-01 3.426940e-01
-2.750000e-02 -1.800000e-02 -2.630860e-01 3.426940e-01 -2.650000e-02 -1.800000e-02 -2.628175e-01 3.422864e-01
-2.650000e-02 -1.800000e-02 -2.628175e-01 3.422864e-01 -2.600000e-02 -1.750000e-02 -2.628860e-01 3.423911e-01
-5.325000e-01 -1.700000e-02 -2.618649e-01 3.431122e-01 -5.330000e-01 -1.650000e-02 -2.618076e-01 3.431948e-01
-5.320000e-01 -1.750000e-02 -2.619233e-01 3.430291e-01 -5.325000e-01 -1.700000e-02 -2.618649e-01 3.431122e-01
-2.600000e-02 -1.750000e-02 -2.628860e-01 3.423911e-01 -2.550000e-02 -1.700000e-02 -2.629551e-01 3.424946e-01
-2.550000e-02 -1.700000e-02 -2.629551e-01 3.424946e-01 -2.500000e-02 -1.650000e-02 -2.630233e-01 3.425975e-01
-5.335000e-01 -1.600000e-02 -2.617498e-01 3.432760e-01 -5.340000e-01 -1.550000e-02 -2.616931e-01 3.433566e-01
-5.330000e-01 -1.650000e-02 -2.618076e-01 3.431948e-01 -5.335000e-01 -1.600000e-02 -2.617498e-01 3.432760e-01
-2.500000e-02 -1.650000e-02 -2.630233e-01 3.425975e-01 -2.450000e-02 -1.600000e-02 -2.630920e-01 3.426990e-01
-2.450000e-02 -1.600000e-02 -2.630920e-01 3.426990e-01 -2.350000e-02 -1.600000e-02 -2.628171e-01 3.422888e-01
-2.350000e-02 -1.600000e-02 -2.628171e-01 3.422888e-01 -2.300000e-02 -1.550000e-02 -2.628838e-01 3.423892e-01
-5.355000e-01 -1.500000e-02 -2.619113e-01 3.430483e-01 -5.360000e-01 -1.450000e-02 -2.618564e-01 3.431266e-01
-5.355000e-01 -1.500000e-02 -2.619113e-01 3.430483e-01 -5.345000e-01 -1.500000e-02 -2.616360e-01 3.434359e-01
-5.340000e-01 -1.550000e-02 -2.616931e-01 3.433566e-01 -5.345000e-01 -1.500000e-02 -2.616360e-01 3.434359e-01
-2.300000e-02 -1.550000e-02 -2.628838e-01 3.423892e-01 -2.250000e-02 -1.500000e-02 -2.629510e-01 3.424883e-01
-2.250000e-02 -1.500000e-02 -2.629510e-01 3.424883e-01 -2.200000e-02 -1.450000e-02 -2.630173e-01 3.425868e-01
-5.365000e-01 -1.400000e-02 -2.618009e-01 3.432034e-01 -5.370000e-01 -1.350000e-02 -2.617466e-01 3.432797e-01
-5.360000e-01 -1.450000e-02 -2.618564e-01 3.431266e-01 -5.365000e-01 -1.400000e-02 -2.618009e-01 3.432034e-01
-2.200000e-02 -1.450000e-02 -2.630173e-01 3.425868e-01 -2.150000e-02 -1.400000e-02 -2.630841e-01 3.426841e-01
-2.150000e-02 -1.400000e-02 -2.630841e-01 3.426841e-01 -2.050000e-02 -1.400000e-02 -2.628028e-01 3.422713e-01
-2.050000e-02 -1.400000e-02 -2.628028e-01 3.422713e-01 -2.000000e-02 -1.350000e-02 -2.628676e-01 3.423674e-01
-5.375000e-01 -1.300000e-02 -2.616918e-01 3.433545e-01 -5.380000e-01 -1.250000e-02 -2.616381e-01 3.434289e-01
-5.370000e-01 -1.350000e-02 -2.617466e-01 3.432797e-01 -5.375000e-01 -1.300000e-02 -2.616918e-01 3.433545e-01
-2.000000e-02 -1.350000e-02 -2.628676e-01 3.423674e-01 -1.950000e-02 -1.300000e-02 -2.629328e-01 3.424622e-01
-1.950000e-02 -1.300000e-02 -2.629328e-01 3.424622e-01 -1.900000e-02 -1.250000e-02 -2.629971e-01 3.425564e-01
-5.395000e-01 -1.200000e-02 -2.618684e-01 3.431114e-01 -5.400000e-01 -1.150000e-02 -2.618165e-01 3.431835e-01
-5.395000e-01 -1.200000e-02 -2.618684e-01 3.431114e-01 -5.385000e-01 -1.200000e-02 -2.615839e-01 3.435019e-01
-5.380000e-01 -1.250000e-02 -2.616381e-01 3.434289e-01 -5.385000e-01 -1.200000e-02 -2.615839e-01 3.435019e-01
-1.900000e-02 -1.250000e-02 -2.629971e-01 3.425564e-01 -1.850000e-02 -1.200000e-02 -2.630618e-01 3.426494e-01
-1.850000e-02 -1.200000e-02 -2.630618e-01 3.426494e-01 -1.800000e-02 -1.150000e-02 -2.631256e-01 3.427418e-01
-5.405000e-01 -1.100000e-02 -2.617642e-01 3.432541e-01 -5.410000e-01 -1.050000e-02 -2.617130e-01 3.433242e-01
-5.400000e-01 -1.150000e-02 -2.618165e-01 3.431835e-01 -5.405000e-01 -1.100000e-02 -2.617642e-01 3.432541e-01
-1.800000e-02 -1.150000e-02 -2.631256e-01 3.427418e-01 -1.750000e-02 -1.100000e-02 -2.631898e-01 3.428328e-01
-1.750000e-02 -1.100000e-02 -2.631898e-01 3.428328e-01 -1.650000e-02 -1.100000e-02 -2.629000e-01 3.424166e-01
-1.650000e-02 -1.100000e-02 -2.629000e-01 3.424166e-01 -1.600000e-02 -1.050000e-02 -2.629622e-01 3.425066e-01
-5.415000e-01 -1.000000e-02 -2.616614e-01 3.433929e-01 -5.420000e-01 -9.500000e-03 -2.616110e-01 3.434612e-01
-5.410000e-01 -1.050000e-02 -2.617130e-01 3.433242e-01 -5.415000e-01 -1.000000e-02 -2.616614e-01 3.433929e-01
-1.600000e-02 -1.050000e-02 -2.629622e-01 3.425066e-01 -1.550000e-02 -1.000000e-02 -2.630249e-01 3.425953e-01
-1.550000e-02 -1.000000e-02 -2.630249e-01 3.425953e-01 -1.500000e-02 -9.500000e-03 -2.630865e-01 3.426835e-01
-5.435000e-01 -9.000000e-03 -2.618537e-01 3.431349e-01 -5.440000e-01 -8.500000e-03 -2.618052e-01 3.432008e-01
-5.435000e-01 -9.000000e-03 -2.618537e-01 3.431349e-01 -5.425000e-01 -9.000000e-03 -2.615601e-01 3.435280e-01
-5.420000e-01 -9.500000e-03 -2.616110e-01 3.434612e-01 -5.425000e-01 -9.000000e-03 -2.615601e-01 3.435280e-01
-1.500000e-02 -9.500000e-03 -2.630865e-01 3.426835e-01 -1.450000e-02 -9.000000e-03 -2.631486e-01 3.427703e-01
-1.450000e-02 -9.000000e-03 -2.631486e-01 3.427703e-01 -1.350000e-02 -9.000000e-03 -2.628522e-01 3.423519e-01
-1.350000e-02 -9.000000e-03 -2.628522e-01 3.423519e-01 -1.300000e-02 -8.500000e-03 -2.629122e-01 3.424377e-01
-5.445000e-01 -8.000000e-03 -2.617562e-01 3.432654e-01 -5.450000e-01 -7.500000e-03 -2.617084e-01 3.433295e-01
-5.440000e-01 -8.500000e-03 -2.618052e-01 3.432008e-01 -5.445000e-01 -8.000000e-03 -2.617562e-01 3.432654e-01
-1.300000e-02 -8.500000e-03 -2.629122e-01 3.424377e-01 -1.250000e-02 -8.000000e-03 -2.629727e-01 3.425222e-01
-1.250000e-02 -8.000000e-03 -2.629727e-01 3.425222e-01 -1.200000e-02 -7.500000e-03 -2.630320e-01 3.426062e-01
-5.455000e-01 -7.000000e-03 -2.616602e-01 3.433921e-01 -5.460000e-01 -6.500000e-03 -2.616132e-01 3.434544e-01
-5.450000e-01 -7.500000e-03 -2.617084e-01 3.433295e-01 -5.455000e-01 -7.000000e-03 -2.616602e-01 3.433921e-01
-1.200000e-02 -7.500000e-03 -2.630320e-01 3.426062e-01 -1.150000e-02 -7.000000e-03 -2.630919e-01 3.426889e-01
-1.150000e-02 -7.000000e-03 -2.630919e-01 3.426889e-01 -1.100000e-02 -6.500000e-03 -2.631507e-01 3.427711e-01
-5.475000e-01 -6.000000e-03 -2.618688e-01 3.431198e-01 -5.480000e-01 -5.500000e-03 -2.618237e-01 3.431798e-01
-5.475000e-01 -6.000000e-03 -2.618688e-01 3.431198e-01 -5.465000e-01 -6.000000e-03 -2.615658e-01 3.435152e-01
-5.460000e-01 -6.500000e-03 -2.616132e-01 3.434544e-01 -5.465000e-01 -6.000000e-03 -2.615658e-01 3.435152e-01
-1.100000e-02 -6.500000e-03 -2.631507e-01 3.427711e-01 -1.050000e-02 -6.000000e-03 -2.632100e-01 3.428520e-01
-1.050000e-02 -6.000000e-03 -2.632100e-01 3.428520e-01 -9.500000e-03 -6.000000e-03 -2.629048e-01 3.424305e-01
-9.500000e-03 -6.000000e-03 -2.629048e-01 3.424305e-01 -9.000000e-03 -5.500000e-03 -2.629619e-01 3.425104e-01
-5.485000e-01 -5.000000e-03 -2.617783e-01 3.432383e-01 -5.490000e-01 -4.500000e-03 -2.617341e-01 3.432966e-01
-5.480000e-01 -5.500000e-03 -2.618237e-01 3.431798e-01 -5.485000e-01 -5.000000e-03 -2.617783e-01 3.432383e-01
-9.000000e-03 -5.500000e-03 -2.629619e-01 3.425104e-01 -8.500000e-03 -5.000000e-03 -2.630194e-01 3.425890e-01
-8.500000e-03 -5.000000e-03 -2.630194e-01 3.425890e-01 -8.000000e-03 -4.500000e-03 -2.630758e-01 3.426670e-01
-5.495000e-01 -4.000000e-03 -2.616895e-01 3.433533e-01 -5.500000e-01 -3.500000e-03 -2.616461e-01 3.434098e-01
-5.490000e-01 -4.500000e-03 -2.617341e-01 3.432966e-01 -5.495000e-01 -4.000000e-03 -2.616895e-01 3.433533e-01
-8.000000e-03 -4.500000e-03 -2.630758e-01 3.426670e-01 -7.500000e-03 -4.000000e-03 -2.631327e-01 3.427438e-01
-7.500000e-03 -4.000000e-03 -2.631327e-01 3.427438e-01 -7.000000e-03 -3.500000e-03 -2.631885e-01 3.428201e-01
-5.505000e-01 -3.000000e-03 -2.616024e-01 3.434647e-01 -5.510000e-01 -2.500000e-03 -2.615598e-01 3.435193e-01
-5.500000e-01 -3.500000e-03 -2.616461e-01 3.434098e-01 -5.505000e-01 -3.000000e-03 -2.616024e-01 3.434647e-01
-7.000000e-03 -3.500000e-03 -2.631885e-01 3.428201e-01 -6.500000e-03 -3.000000e-03 -2.632447e-01 3.428951e-01
-6.500000e-03 -3.000000e-03 -2.632447e-01 3.428951e-01 -5.500000e-03 -3.000000e-03 -2.629307e-01 3.424707e-01
-5.500000e-03 -3.000000e-03 -2.629307e-01 3.424707e-01 -5.000000e-03 -2.500000e-03 -2.629846e-01 3.425448e-01
-5.525000e-01 -2.000000e-03 -2.618319e-01 3.431742e-01 -5.530000e-01 -1.500000e-03 -2.617914e-01 3.432266e-01
-5.525000e-01 -2.000000e-03 -2.618319e-01 3.431742e-01 -5.515000e-01 -2.000000e-03 -2.615170e-01 3.435724e-01
-5.510000e-01 -2.500000e-03 -2.615598e-01 3.435193e-01 -5.515000e-01 -2.000000e-03 -2.615170e-01 3.435724e-01
-5.000000e-03 -2.500000e-03 -2.629846e-01 3.425448e-01 -4.500000e-03 -2.000000e-03 -2.630391e-01 3.426175e-01
-4.500000e-03 -2.000000e-03 -2.630391e-01 3.426175e-01 -4.000000e-03 -1.500000e-03 -2.630924e-01 3.426898e-01
-5.535000e-01 -1.000000e-03 -2.617506e-01 3.432777e-01 -5.540000e-01 -5.000000e-04 -2.617111e-01 3.433284e-01
-5.530000e-01 -1.500000e-03 -2.617914e-01 3.432266e-01 -5.535000e-01 -1.000000e-03 -2.617506e-01 3.432777e-01
-4.000000e-03 -1.500000e-03 -2.630924e-01 3.426898e-01 -3.500000e-03 -1.000000e-03 -2.631461e-01 3.427608e-01
-3.500000e-03 -1.000000e-03 -2.631461e-01 3.427608e-01 -3.000000e-03 -5.000000e-04 -2.631987e-01 3.428313e-01
-5.545000e-01 -1.387779e-17 -2.616712e-01 3.433776e-01 -5.550000e-01 5.000000e-04 -2.616326e-01 3.434265e-01
-5.540000e-01 -5.000000e-04 -2.617111e-01 3.433284e-01 -5.545000e-01 -1.387779e-17 -2.616712e-01 3.433776e-01
-3.000000e-03 -5.000000e-04 -2.631987e-01 3.428313e-01 -2.500000e-03 -1.387779e-17 -2.632517e-01 3.429005e-01
-2.500000e-03 -1.387779e-17 -2.632517e-01 3.429005e-01 -2.000000e-03 5.000000e-04 -2.633036e-01 3.429692e-01
-5.555000e-01 1.000000e-03 -2.615935e-01 3.434740e-01 -5.560000e-01 1.500000e-03 -2.615559e-01 3.435212e-01
-5.550000e-01 5.000000e-04 -2.616326e-01 3.434265e-01 -5.555000e-01 1.000000e-03 -2.615935e-01 3.434740e-01
-2.000000e-03 5.000000e-04 -2.633036e-01 3.429692e-01 -1.500000e-03 1.000000e-03 -2.633559e-01 3.430367e-01
-1.500000e-03 1.000000e-03 -2.633559e-01 3.430367e-01 -5.000000e-04 1.000000e-03 -2.630304e-01 3.426089e-01
-5.000000e-04 1.000000e-03 -2.630304e-01 3.426089e-01 2.081668e-17 1.500000e-03 -2.630804e-01 3.426755e-01
-5.565000e-01 2.000000e-03 -2.615178e-01 3.435669e-01 -5.570000e-01 2.500000e-03 -2.614810e-01 3.436123e-01
-5.560000e-01 1.500000e-03 -2.615559e-01 3.435212e-01 -5.565000e-01 2.000000e-03 -2.615178e-01 3.435669e-01
2.081668e-17 1.500000e-03 -2.630804e-01 3.426755e-01 5.000000e-04 2.000000e-03 -2.631308e-01 3.427408e-01
5.000000e-04 2.000000e-03 -2.631308e-01 3.427408e-01 1.000000e-03 2.500000e-03 -2.631801e-01 3.428056e-01
-5.585000e-01 3.000000e-03 -2.617735e-01 3.432551e-01 -5.590000e-01 3.500000e-03 -2.617389e-01 3.432985e-01
-5.585000e-01 3.000000e-03 -2.617735e-01 3.432551e-01 -5.575000e-01 3.000000e-03 -2.614439e-01 3.436563e-01
-5.570000e-01 2.500000e-03 -2.614810e-01 3.436123e-01 -5.575000e-01 3.000000e-03 -2.614439e-01 3.436563e-01
1.000000e-03 2.500000e-03 -2.631801e-01 3.428056e-01 1.500000e-03 3.000000e-03 -2.632297e-01 3.428691e-01
1.500000e-03 3.000000e-03 -2.632297e-01 3.428691e-01 2.000000e-03 3.500000e-03 -2.632782e-01 3.429323e-01
-5.595000e-01 4.000000e-03 -2.617041e-01 3.433404e-01 -5.600000e-01 4.500000e-03 -2.616705e-01 3.433821e-01
-5.590000e-01 3.500000e-03 -2.617389e-01 3.432985e-01 -5.595000e-01 4.000000e-03 -2.617041e-01 3.433404e-01
2.000000e-03 3.500000e-03 -2.632782e-01 3.429323e-01 2.500000e-03 4.000000e-03 -2.633270e-01 3.429940e-01
2.500000e-03 4.000000e-03 -2.633270e-01 3.429940e-01 3.500000e-03 4.000000e-03 -2.629923e-01 3.425640e-01
3.500000e-03 4.000000e-03 -2.629923e-01 3.425640e-01 4.000000e-03 4.500000e-03 -2.630388e-01 3.426251e-01
-5.605000e-01 5.000000e-03 -2.616366e-01 3.434224e-01 -5.610000e-01 5.500000e-03 -2.616041e-01 3.434624e-01
-5.600000e-01 4.500000e-03 -2.616705e-01 3.433821e-01 -5.605000e-01 5.000000e-03 -2.616366e-01 3.434224e-01
4.000000e-03 4.500000e-03 -2.630388e-01 3.426251e-01 4.500000e-03 5.000000e-03 -2.630857e-01 3.426847e-01
4.500000e-03 5.000000e-03 -2.630857e-01 3.426847e-01 5.000000e-03 5.500000e-03 -2.631314e-01 3.427440e-01
-5.615000e-01 6.000000e-03 -2.615712e-01 3.435009e-01 -5.620000e-01 6.500000e-03 -2.615396e-01 3.435392e-01
-5.610000e-01 5.500000e-03 -2.616041e-01 3.434624e-01 -5.615000e-01 6.000000e-03 -2.615712e-01 3.435009e-01
5.000000e-03 5.500000e-03 -2.631314e-01 3.427440e-01 5.500000e-03 6.000000e-03 -2.631775e-01 3.428020e-01
5.500000e-03 6.000000e-03 -2.631775e-01 3.428020e-01 6.000000e-03 6.500000e-03 -2.632223e-01 3.428596e-01
-5.625000e-01 7.000000e-03 -2.615078e-01 3.435761e-01 -5.630000e-01 7.500000e-03 -2.614773e-01 3.436127e-01
-5.620000e-01 6.500000e-03 -2.615396e-01 3.435392e-01 -5.625000e-01 7.000000e-03 -2.615078e-01 3.435761e-01
6.000000e-03 6.500000e-03 -2.632223e-01 3.428596e-01 6.500000e-03 7.000000e-03 -2.632676e-01 3.429158e-01
6.500000e-03 7.000000e-03 -2.632676e-01 3.429158e-01 7.000000e-03 7.500000e-03 -2.633116e-01 3.429717e-01
-5.635000e-01 8.000000e-03 -2.614465e-01 3.436479e-01 -5.640000e-01 8.500000e-03 -2.614170e-01 3.436828e-01
-5.630000e-01 7.500000e-03 -2.614773e-01 3.436127e-01 -5.635000e-01 8.000000e-03 -2.614465e-01 3.436479e-01
7.000000e-03 7.500000e-03 -2.633116e-01 3.429717e-01 7.500000e-03 8.000000e-03 -2.633560e-01 3.430263e-01
7.500000e-03 8.000000e-03 -2.633560e-01 3.430263e-01 8.000000e-03 8.500000e-03 -2.633992e-01 3.430805e-01
-5.645000e-01 9.000000e-03 -2.613873e-01 3.437163e-01 -5.650000e-01 9.500000e-03 -2.613588e-01 3.437496e-01
-5.640000e-01 8.500000e-03 -2.614170e-01 3.436828e-01 -5.645000e-01 9.000000e-03 -2.613873e-01 3.437163e-01
8.000000e-03 8.500000e-03 -2.633992e-01 3.430805e-01 8.500000e-03 9.000000e-03 -2.634427e-01 3.431334e-01
8.500000e-03 9.000000e-03 -2.634427e-01 3.431334e-01 9.500000e-03 9.000000e-03 -2.630940e-01 3.427000e-01
9.500000e-03 9.000000e-03 -2.630940e-01 3.427000e-01 1.000000e-02 9.500000e-03 -2.631351e-01 3.427522e-01
-5.665000e-01 1.000000e-02 -2.616798e-01 3.433771e-01 -5.670000e-01 1.050000e-02 -2.616538e-01 3.434085e-01
-5.665000e-01 1.000000e-02 -2.616798e-01 3.433771e-01 -5.655000e-01 1.000000e-02 -2.613301e-01 3.437814e-01
-5.650000e-01 9.500000e-03 -2.613588e-01 3.437496e-01 -5.655000e-01 1.000000e-02 -2.613301e-01 3.437814e-01
1.000000e-02 9.500000e-03 -2.631351e-01 3.427522e-01 1.050000e-02 1.000000e-02 -2.631765e-01 3.428030e-01
1.050000e-02 1.000000e-02 -2.631765e-01 3.428030e-01 1.100000e-02 1.050000e-02 -2.632168e-01 3.428536e-01
-5.675000e-01 1.100000e-02 -2.616275e-01 3.434385e-01 -5.680000e-01 1.150000e-02 -2.616026e-01 3.434682e-01
-5.670000e-01 1.050000e-02 -2.616538e-01 3.434085e-01 -5.675000e-01 1.100000e-02 -2.616275e-01 3.434385e-01
1.100000e-02 1.050000e-02 -2.632168e-01 3.428536e-01 1.150000e-02 1.100000e-02 -2.632573e-01 3.429027e-01
1.150000e-02 1.100000e-02 -2.632573e-01 3.429027e-01 1.200000e-02 1.150000e-02 -2.632967e-01 3.429517e-01
-5.685000e-01 1.200000e-02 -2.615774e-01 3.434967e-01 -5.690000e-01 1.250000e-02 -2.615536e-01 3.435248e-01
-5.680000e-01 1.150000e-02 -2.616026e-01 3.434682e-01 -5.685000e-01 1.200000e-02 -2.615774e-01 3.434967e-01
1.200000e-02 1.150000e-02 -2.632967e-01 3.429517e-01 1.250000e-02 1.200000e-02 -2.633363e-01 3.429992e-01
1.250000e-02 1.200000e-02 -2.633363e-01 3.429992e-01 1.300000e-02 1.250000e-02 -2.633747e-01 3.430464e-01
-5.695000e-01 1.300000e-02 -2.615295e-01 3.435516e-01 -5.700000e-01 1.350000e-02 -2.615068e-01 3.435782e-01
-5.690000e-01 1.250000e-02 -2.615536e-01 3.435248e-01 -5.695000e-01 1.300000e-02 -2.615295e-01 3.435516e-01
1.300000e-02 1.250000e-02 -2.633747e-01 3.430464e-01 1.350000e-02 1.300000e-02 -2.634134e-01 3.430923e-01
1.350000e-02 1.300000e-02 -2.634134e-01 3.430923e-01 1.400000e-02 1.350000e-02 -2.634509e-01 3.431379e-01
-5.705000e-01 1.400000e-02 -2.614840e-01 3.436033e-01 -5.710000e-01 1.450000e-02 -2.614624e-01 3.436283e-01
-5.700000e-01 1.350000e-02 -2.615068e-01 3.435782e-01 -5.705000e-01 1.400000e-02 -2.614840e-01 3.436033e-01
1.400000e-02 1.350000e-02 -2.634509e-01 3.431379e-01 1.450000e-02 1.400000e-02 -2.634887e-01 3.431821e-01
1.450000e-02 1.400000e-02 -2.634887e-01 3.431821e-01 1.550000e-02 1.400000e-02 -2.631256e-01 3.427459e-01
1.550000e-02 1.400000e-02 -2.631256e-01 3.427459e-01 1.600000e-02 1.450000e-02 -2.631609e-01 3.427896e-01
-5.715000e-01 1.500000e-02 -2.614407e-01 3.436519e-01 -5.720000e-01 1.550000e-02 -2.614203e-01 3.436753e-01
-5.710000e-01 1.450000e-02 -2.614624e-01 3.436283e-01 -5.715000e-01 1.500000e-02 -2.614407e-01 3.436519e-01
1.600000e-02 1.450000e-02 -2.631609e-01 3.427896e-01 1.650000e-02 1.500000e-02 -2.631965e-01 3.428319e-01
1.650000e-02 1.500000e-02 -2.631965e-01 3.428319e-01 1.700000e-02 1.550000e-02 -2.632308e-01 3.428740e-01
-5.725000e-01 1.600000e-02 -2.613997e-01 3.436973e-01 -5.730000e-01 1.650000e-02 -2.613805e-01 3.437192e-01
-5.720000e-01 1.550000e-02 -2.614203e-01 3.436753e-01 -5.725000e-01 1.600000e-02 -2.613997e-01 3.436973e-01
1.700000e-02 1.550000e-02 -2.632308e-01 3.428740e-01 1.750000e-02 1.600000e-02 -2.632654e-01 3.429147e-01
1.750000e-02 1.600000e-02 -2.632654e-01 3.429147e-01 1.800000e-02 1.650000e-02 -2.632988e-01 3.429552e-01
-5.735000e-01 1.700000e-02 -2.613611e-01 3.437396e-01 -5.740000e-01 1.750000e-02 -2.613431e-01 3.437599e-01
-5.730000e-01 1.650000e-02 -2.613805e-01 3.437192e-01 -5.735000e-01 1.700000e-02 -2.613611e-01 3.437396e-01
1.800000e-02 1.650000e-02 -2.632988e-01 3.429552e-01 1.850000e-02 1.700000e-02 -2.633325e-01 3.429943e-01
1.850000e-02 1.700000e-02 -2.633325e-01 3.429943e-01 1.900000e-02 1.750000e-02 -2.633648e-01 3.430332e-01
-5.745000e-01 1.800000e-02 -2.613250e-01 3.437788e-01 -5.750000e-01 1.850000e-02 -2.613082e-01 3.437975e-01
-5.740000e-01 1.750000e-02 -2.613431e-01 3.437599e-01 -5.745000e-01 1.800000e-02 -2.613250e-01 3.437788e-01
1.900000e-02 1.750000e-02 -2.633648e-01 3.430332e-01 1.950000e-02 1.800000e-02 -2.633975e-01 3.430707e-01
1.950000e-02 1.800000e-02 -2.633975e-01 3.430707e-01 2.000000e-02 1.850000e-02 -2.634288e-01 3.431080e-01
-5.755000e-01 1.900000e-02 -2.612913e-01 3.438149e-01 -5.760000e-01 1.950000e-02 -2.612757e-01 3.438321e-01
-5.750000e-01 1.850000e-02 -2.613082e-01 3.437975e-01 -5.755000e-01 1.900000e-02 -2.612913e-01 3.438149e-01
2.000000e-02 1.850000e-02 -2.634288e-01 3.431080e-01 2.050000e-02 1.900000e-02 -2.634604e-01 3.431439e-01
2.050000e-02 1.900000e-02 -2.634604e-01 3.431439e-01 2.100000e-02 1.950000e-02 -2.634908e-01 3.431796e-01
-5.765000e-01 2.000000e-02 -2.612600e-01 3.438479e-01 -5.770000e-01 2.050000e-02 -2.612456e-01 3.438636e-01
-5.760000e-01 1.950000e-02 -2.612757e-01 3.438321e-01 -5.765000e-01 2.000000e-02 -2.612600e-01 3.438479e-01
2.100000e-02 1.950000e-02 -2.634908e-01 3.431796e-01 2.150000e-02 2.000000e-02 -2.635214e-01 3.432139e-01
2.150000e-02 2.000000e-02 -2.635214e-01 3.432139e-01 2.200000e-02 2.050000e-02 -2.635507e-01 3.432480e-01
-5.775000e-01 2.100000e-02 -2.612312e-01 3.438779e-01 -5.780000e-01 2.150000e-02 -2.612181e-01 3.438921e-01
-5.770000e-01 2.050000e-02 -2.612456e-01 3.438636e-01 -5.775000e-01 2.100000e-02 -2.612312e-01 3.438779e-01
2.200000e-02 2.050000e-02 -2.635507e-01 3.432480e-01 2.250000e-02 2.100000e-02 -2.635802e-01 3.432808e-01
2.250000e-02 2.100000e-02 -2.635802e-01 3.432808e-01 2.300000e-02 2.150000e-02 -2.636085e-01 3.433133e-01
-5.785000e-01 2.200000e-02 -2.612049e-01 3.439049e-01 -5.790000e-01 2.250000e-02 -2.611931e-01 3.439176e-01
-5.780000e-01 2.150000e-02 -2.612181e-01 3.438921e-01 -5.785000e-01 2.200000e-02 -2.612049e-01 3.439049e-01
2.300000e-02 2.150000e-02 -2.636085e-01 3.433133e-01 2.350000e-02 2.200000e-02 -2.636370e-01 3.433446e-01
2.350000e-02 2.200000e-02 -2.636370e-01 3.433446e-01 2.450000e-02 2.200000e-02 -2.632517e-01 3.429049e-01
2.450000e-02 2.200000e-02 -2.632517e-01 3.429049e-01 2.500000e-02 2.250000e-02 -2.632777e-01 3.429358e-01
-5.795000e-01 2.300000e-02 -2.611812e-01 3.439290e-01 -5.800000e-01 2.350000e-02 -2.611707e-01 3.439402e-01
-5.790000e-01 2.250000e-02 -2.611931e-01 3.439176e-01 -5.795000e-01 2.300000e-02 -2.611812e-01 3.439290e-01
2.500000e-02 2.250000e-02 -2.632777e-01 3.429358e-01 2.550000e-02 2.300000e-02 -2.633038e-01 3.429652e-01
2.550000e-02 2.300000e-02 -2.633038e-01 3.429652e-01 2.600000e-02 2.350000e-02 -2.633287e-01 3.429945e-01
-5.805000e-01 2.400000e-02 -2.611601e-01 3.439500e-01 -5.810000e-01 2.450000e-02 -2.611509e-01 3.439598e-01
-5.800000e-01 2.350000e-02 -2.611707e-01 3.439402e-01 -5.805000e-01 2.400000e-02 -2.611601e-01 3.439500e-01
2.600000e-02 2.350000e-02 -2.633287e-01 3.429945e-01 2.650000e-02 2.400000e-02 -2.633537e-01 3.430224e-01
2.650000e-02 2.400000e-02 -2.633537e-01 3.430224e-01 2.700000e-02 2.450000e-02 -2.633775e-01 3.430502e-01
-5.815000e-01 2.500000e-02 -2.611416e-01 3.439682e-01 -5.820000e-01 2.550000e-02 -2.611337e-01 3.439765e-01
-5.810000e-01 2.450000e-02 -2.611509e-01 3.439598e-01 -5.815000e-01 2.500000e-02 -2.611416e-01 3.439682e-01
2.700000e-02 2.450000e-02 -2.633775e-01 3.430502e-01 2.750000e-02 2.500000e-02 -2.634014e-01 3.430766e-01
2.750000e-02 2.500000e-02 -2.634014e-01 3.430766e-01 2.800000e-02 2.550000e-02 -2.634241e-01 3.431029e-01
-5.825000e-01 2.600000e-02 -2.611258e-01 3.439834e-01 -5.830000e-01 2.650000e-02 -2.611192e-01 3.439903e-01
-5.820000e-01 2.550000e-02 -2.611337e-01 3.439765e-01 -5.825000e-01 2.600000e-02 -2.611258e-01 3.439834e-01
2.800000e-02 2.550000e-02 -2.634241e-01 3.431029e-01 2.850000e-02 2.600000e-02 -2.634469e-01 3.431278e-01
2.850000e-02 2.600000e-02 -2.634469e-01 3.431278e-01 2.900000e-02 2.650000e-02 -2.634685e-01 3.431525e-01
-5.835000e-01 2.700000e-02 -2.611126e-01 3.439958e-01 -5.840000e-01 2.750000e-02 -2.611073e-01 3.440013e-01
-5.830000e-01 2.650000e-02 -2.611192e-01 3.439903e-01 -5.835000e-01 2.700000e-02 -2.611126e-01 3.439958e-01
2.900000e-02 2.650000e-02 -2.634685e-01 3.431525e-01 2.950000e-02 2.700000e-02 -2.634901e-01 3.431759e-01
2.950000e-02 2.700000e-02 -2.634901e-01 3.431759e-01 3.000000e-02 2.750000e-02 -2.635106e-01 3.431991e-01
-5.845000e-01 2.800000e-02 -2.611021e-01 3.440054e-01 -5.850000e-01 2.850000e-02 -2.610982e-01 3.440094e-01
-5.840000e-01 2.750000e-02 -2.611073e-01 3.440013e-01 -5.845000e-01 2.800000e-02 -2.611021e-01 3.440054e-01
3.000000e-02 2.750000e-02 -2.635106e-01 3.431991e-01 3.050000e-02 2.800000e-02 -2.635311e-01 3.432210e-01
3.050000e-02 2.800000e-02 -2.635311e-01 3.432210e-01 3.100000e-02 2.850000e-02 -2.635504e-01 3.432428e-01
-5.855000e-01 2.900000e-02 -2.610943e-01 3.440121e-01 -5.860000e-01 2.950000e-02 -2.610918e-01 3.440148e-01
-5.850000e-01 2.850000e-02 -2.610982e-01 3.440094e-01 -5.855000e-01 2.900000e-02 -2.610943e-01 3.440121e-01
3.100000e-02 2.850000e-02 -2.635504e-01 3.432428e-01 3.150000e-02 2.900000e-02 -2.635698e-01 3.432632e-01
3.150000e-02 2.900000e-02 -2.635698e-01 3.432632e-01 3.200000e-02 2.950000e-02 -2.635878e-01 3.432835e-01
-5.865000e-01 3.000000e-02 -2.610893e-01 3.440161e-01 -5.870000e-01 3.050000e-02 -2.610882e-01 3.440174e-01
-5.860000e-01 2.950000e-02 -2.610918e-01 3.440148e-01 -5.865000e-01 3.000000e-02 -2.610893e-01 3.440161e-01
3.200000e-02 2.950000e-02 -2.635878e-01 3.432835e-01 3.250000e-02 3.000000e-02 -2.636060e-01 3.433025e-01
3.250000e-02 3.000000e-02 -2.636060e-01 3.433025e-01 3.300000e-02 3.050000e-02 -2.636229e-01 3.433213e-01
-5.875000e-01 3.100000e-02 -2.610871e-01 3.440173e-01 -5.880000e-01 3.150000e-02 -2.610874e-01 3.440172e-01
-5.870000e-01 3.050000e-02 -2.610882e-01 3.440174e-01 -5.875000e-01 3.100000e-02 -2.610871e-01 3.440173e-01
3.300000e-02 3.050000e-02 -2.636229e-01 3.433213e-01 3.350000e-02 3.100000e-02 -2.636400e-01 3.433388e-01
3.350000e-02 3.100000e-02 -2.636400e-01 3.433388e-01 3.400000e-02 3.150000e-02 -2.636557e-01 3.433562e-01
-5.885000e-01 3.200000e-02 -2.610878e-01 3.440157e-01 -5.890000e-01 3.250000e-02 -2.610895e-01 3.440143e-01
-5.880000e-01 3.150000e-02 -2.610874e-01 3.440172e-01 -5.885000e-01 3.200000e-02 -2.610878e-01 3.440157e-01
3.400000e-02 3.150000e-02 -2.636557e-01 3.433562e-01 3.450000e-02 3.200000e-02 -2.636716e-01 3.433722e-01
3.450000e-02 3.200000e-02 -2.636716e-01 3.433722e-01 3.500000e-02 3.250000e-02 -2.636861e-01 3.433881e-01
-5.895000e-01 3.300000e-02 -2.610912e-01 3.440115e-01 -5.900000e-01 3.350000e-02 -2.610943e-01 3.440088e-01
-5.890000e-01 3.250000e-02 -2.610895e-01 3.440143e-01 -5.895000e-01 3.300000e-02 -2.610912e-01 3.440115e-01
3.500000e-02 3.250000e-02 -2.636861e-01 3.433881e-01 3.550000e-02 3.300000e-02 -2.637007e-01 3.434027e-01
3.550000e-02 3.300000e-02 -2.637007e-01 3.434027e-01 3.600000e-02 3.350000e-02 -2.637140e-01 3.434172e-01
-5.905000e-01 3.400000e-02 -2.610975e-01 3.440046e-01 -5.910000e-01 3.450000e-02 -2.611021e-01 3.440005e-01
-5.900000e-01 3.350000e-02 -2.610943e-01 3.440088e-01 -5.905000e-01 3.400000e-02 -2.610975e-01 3.440046e-01
3.600000e-02 3.350000e-02 -2.637140e-01 3.434172e-01 3.650000e-02 3.400000e-02 -2.637274e-01 3.434304e-01
3.650000e-02 3.400000e-02 -2.637274e-01 3.434304e-01 3.700000e-02 3.450000e-02 -2.637395e-01 3.434435e-01
-5.915000e-01 3.500000e-02 -2.611067e-01 3.439951e-01 -5.920000e-01 3.550000e-02 -2.611128e-01 3.439897e-01
-5.910000e-01 3.450000e-02 -2.611021e-01 3.440005e-01 -5.915000e-01 3.500000e-02 -2.611067e-01 3.439951e-01
3.700000e-02 3.450000e-02 -2.637395e-01 3.434435e-01 3.750000e-02 3.500000e-02 -2.637516e-01 3.434552e-01
3.750000e-02 3.500000e-02 -2.637516e-01 3.434552e-01 3.800000e-02 3.550000e-02 -2.637625e-01 3.434669e-01
-5.925000e-01 3.600000e-02 -2.611189e-01 3.439829e-01 -5.930000e-01 3.650000e-02 -2.611264e-01 3.439763e-01
-5.920000e-01 3.550000e-02 -2.611128e-01 3.439897e-01 -5.925000e-01 3.600000e-02 -2.611189e-01 3.439829e-01
3.800000e-02 3.550000e-02 -2.637625e-01 3.434669e-01 3.850000e-02 3.600000e-02 -2.637734e-01 3.434772e-01
3.850000e-02 3.600000e-02 -2.637734e-01 3.434772e-01 3.900000e-02 3.650000e-02 -2.637830e-01 3.434875e-01
-5.935000e-01 3.700000e-02 -2.611340e-01 3.439682e-01 -5.940000e-01 3.750000e-02 -2.611429e-01 3.439602e-01
-5.930000e-01 3.650000e-02 -2.611264e-01 3.439763e-01 -5.935000e-01 3.700000e-02 -2.611340e-01 3.439682e-01
3.900000e-02 3.650000e-02 -2.637830e-01 3.434875e-01 3.950000e-02 3.700000e-02 -2.637927e-01 3.434964e-01
3.950000e-02 3.700000e-02 -2.637927e-01 3.434964e-01 4.000000e-02 3.750000e-02 -2.638010e-01 3.435054e-01
-5.945000e-01 3.800000e-02 -2.611520e-01 3.439509e-01 -5.950000e-01 3.850000e-02 -2.611625e-01 3.439417e-01
-5.940000e-01 3.750000e-02 -2.611429e-01 3.439602e-01 -5.945000e-01 3.800000e-02 -2.611520e-01 3.439509e-01
4.000000e-02 3.750000e-02 -2.638010e-01 3.435054e-01 4.050000e-02 3.800000e-02 -2.638094e-01 3.435129e-01
4.050000e-02 3.800000e-02 -2.638094e-01 3.435129e-01 4.100000e-02 3.850000e-02 -2.638164e-01 3.435205e-01
-5.955000e-01 3.900000e-02 -2.611731e-01 3.439311e-01 -5.960000e-01 3.950000e-02 -2.611851e-01 3.439207e-01
-5.950000e-01 3.850000e-02 -2.611625e-01 3.439417e-01 -5.955000e-01 3.900000e-02 -2.611731e-01 3.439311e-01
4.100000e-02 3.850000e-02 -2.638164e-01 3.435205e-01 4.150000e-02 3.900000e-02 -2.638235e-01 3.435266e-01
4.150000e-02 3.900000e-02 -2.638235e-01 3.435266e-01 4.200000e-02 3.950000e-02 -2.638293e-01 3.435328e-01
-5.965000e-01 4.000000e-02 -2.611972e-01 3.439088e-01 -5.970000e-01 4.050000e-02 -2.612107e-01 3.438971e-01
-5.960000e-01 3.950000e-02 -2.611851e-01 3.439207e-01 -5.965000e-01 4.000000e-02 -2.611972e-01 3.439088e-01
4.200000e-02 3.950000e-02 -2.638293e-01 3.435328e-01 4.250000e-02 4.000000e-02 -2.638351e-01 3.435376e-01
4.250000e-02 4.000000e-02 -2.638351e-01 3.435376e-01 4.300000e-02 4.050000e-02 -2.638396e-01 3.435424e-01
-5.975000e-01 4.100000e-02 -2.612244e-01 3.438841e-01 -5.980000e-01 4.150000e-02 -2.612394e-01 3.438712e-01
-5.970000e-01 4.050000e-02 -2.612107e-01 3.438971e-01 -5.975000e-01 4.100000e-02 -2.612244e-01 3.438841e-01
4.300000e-02 4.050000e-02 -2.638396e-01 3.435424e-01 4.350000e-02 4.100000e-02 -2.638440e-01 3.435459e-01
4.350000e-02 4.100000e-02 -2.638440e-01 3.435459e-01 4.400000e-02 4.150000e-02 -2.638472e-01 3.435494e-01
-5.985000e-01 4.200000e-02 -2.612546e-01 3.438569e-01 -5.990000e-01 4.250000e-02 -2.612712e-01 3.438428e-01
-5.980000e-01 4.150000e-02 -2.612394e-01 3.438712e-01 -5.985000e-01 4.200000e-02 -2.612546e-01 3.438569e-01
4.400000e-02 4.150000e-02 -2.638472e-01 3.435494e-01 4.450000e-02 4.200000e-02 -2.638503e-01 3.435515e-01
4.450000e-02 4.200000e-02 -2.638503e-01 3.435515e-01 4.500000e-02 4.250000e-02 -2.638521e-01 3.435537e-01
-5.990000e-01 4.250000e-02 -2.612712e-01 3.438428e-01 -5.990000e-01 4.350000e-02 -2.608649e-01 3.442182e-01
4.500000e-02 4.250000e-02 -2.638521e-01 3.435537e-01 4.550000e-02 4.300000e-02 -2.638539e-01 3.435545e-01
4.550000e-02 4.300000e-02 -2.638539e-01 3.435545e-01 4.600000e-02 4.350000e-02 -2.638544e-01 3.435553e-01
-5.995000e-01 4.400000e-02 -2.608818e-01 3.442014e-01 -6.000000e-01 4.450000e-02 -2.609001e-01 3.441847e-01
-5.990000e-01 4.350000e-02 -2.608649e-01 3.442182e-01 -5.995000e-01 4.400000e-02 -2.608818e-01 3.442014e-01
4.600000e-02 4.350000e-02 -2.638544e-01 3.435553e-01 4.650000e-02 4.400000e-02 -2.638549e-01 3.435548e-01
4.650000e-02 4.400000e-02 -2.638549e-01 3.435548e-01 4.700000e-02 4.450000e-02 -2.638541e-01 3.435544e-01
-6.005000e-01 4.500000e-02 -2.609186e-01 3.441668e-01 -6.010000e-01 4.550000e-02 -2.609385e-01 3.441490e-01
-6.000000e-01 4.450000e-02 -2.609001e-01 3.441847e-01 -6.005000e-01 4.500000e-02 -2.609186e-01 3.441668e-01
4.700000e-02 4.450000e-02 -2.638541e-01 3.435544e-01 4.750000e-02 4.500000e-02 -2.638532e-01 3.435526e-01
4.750000e-02 4.500000e-02 -2.638532e-01 3.435526e-01 4.800000e-02 4.550000e-02 -2.638510e-01 3.435508e-01
-6.015000e-01 4.600000e-02 -2.609586e-01 3.441299e-01 -6.020000e-01 4.650000e-02 -2.609801e-01 3.441109e-01
-6.010000e-01 4.550000e-02 -2.609385e-01 3.441490e-01 -6.015000e-01 4.600000e-02 -2.609586e-01 3.441299e-01
4.800000e-02 4.550000e-02 -2.638510e-01 3.435508e-01 4.850000e-02 4.600000e-02 -2.638487e-01 3.435478e-01
4.850000e-02 4.600000e-02 -2.638487e-01 3.435478e-01 4.900000e-02 4.650000e-02 -2.638451e-01 3.435447e-01
-6.025000e-01 4.700000e-02 -2.610017e-01 3.440906e-01 -6.030000e-01 4.750000e-02 -2.610248e-01 3.440705e-01
-6.020000e-01 4.650000e-02 -2.609801e-01 3.441109e-01 -6.025000e-01 4.700000e-02 -2.610017e-01 3.440906e-01
4.900000e-02 4.650000e-02 -2.638451e-01 3.435447e-01 4.950000e-02 4.700000e-02 -2.638415e-01 3.435403e-01
4.950000e-02 4.700000e-02 -2.638415e-01 3.435403e-01 5.000000e-02 4.750000e-02 -2.638365e-01 3.435361e-01
-6.035000e-01 4.800000e-02 -2.610482e-01 3.440491e-01 -6.040000e-01 4.850000e-02 -2.610729e-01 3.440280e-01
-6.030000e-01 4.750000e-02 -2.610248e-01 3.440705e-01 -6.035000e-01 4.800000e-02 -2.610482e-01 3.440491e-01
5.000000e-02 4.750000e-02 -2.638365e-01 3.435361e-01 5.050000e-02 4.800000e-02 -2.638314e-01 3.435304e-01
5.050000e-02 4.800000e-02 -2.638314e-01 3.435304e-01 5.100000e-02 4.850000e-02 -2.638251e-01 3.435249e-01
-6.045000e-01 4.900000e-02 -2.610978e-01 3.440054e-01 -6.050000e-01 4.950000e-02 -2.611241e-01 3.439832e-01
-6.040000e-01 4.850000e-02 -2.610729e-01 3.440280e-01 -6.045000e-01 4.900000e-02 -2.610978e-01 3.440054e-01
5.100000e-02 4.850000e-02 -2.638251e-01 3.435249e-01 5.150000e-02 4.900000e-02 -2.638186e-01 3.435180e-01
5.150000e-02 4.900000e-02 -2.638186e-01 3.435180e-01 5.200000e-02 4.950000e-02 -2.638109e-01 3.435112e-01
-6.055000e-01 5.000000e-02 -2.611507e-01 3.439596e-01 -6.060000e-01 5.050000e-02 -2.611787e-01 3.439362e-01
-6.050000e-01 4.950000e-02 -2.611241e-01 3.439832e-01 -6.055000e-01 5.000000e-02 -2.611507e-01 3.439596e-01
5.200000e-02 4.950000e-02 -2.638109e-01 3.435112e-01 5.250000e-02 5.000000e-02 -2.638030e-01 3.435031e-01
5.250000e-02 5.000000e-02 -2.638030e-01 3.435031e-01 5.300000e-02 5.050000e-02 -2.637938e-01 3.434951e-01
-6.060000e-01 5.050000e-02 -2.611787e-01 3.439362e-01 -6.060000e-01 5.150000e-02 -2.607748e-01 3.442907e-01
5.300000e-02 5.050000e-02 -2.637938e-01 3.434951e-01 5.350000e-02 5.100000e-02 -2.637845e-01 3.434858e-01
5.350000e-02 5.100000e-02 -2.637845e-01 3.434858e-01 5.400000e-02 5.150000e-02 -2.637739e-01 3.434765e-01
-6.065000e-01 5.200000e-02 -2.608033e-01 3.442648e-01 -6.070000e-01 5.250000e-02 -2.608331e-01 3.442390e-01
-6.060000e-01 5.150000e-02 -2.607748e-01 3.442907e-01 -6.065000e-01 5.200000e-02 -2.608033e-01 3.442648e-01
5.400000e-02 5.150000e-02 -2.637739e-01 3.434765e-01 5.450000e-02 5.200000e-02 -2.637632e-01 3.434660e-01
5.450000e-02 5.200000e-02 -2.637632e-01 3.434660e-01 5.500000e-02 5.250000e-02 -2.637511e-01 3.434555e-01
-6.075000e-01 5.300000e-02 -2.608632e-01 3.442120e-01 -6.080000e-01 5.350000e-02 -2.608948e-01 3.441852e-01
-6.070000e-01 5.250000e-02 -2.608331e-01 3.442390e-01 -6.075000e-01 5.300000e-02 -2.608632e-01 3.442120e-01
5.500000e-02 5.250000e-02 -2.637511e-01 3.434555e-01 5.550000e-02 5.300000e-02 -2.637390e-01 3.434438e-01
5.550000e-02 5.300000e-02 -2.637390e-01 3.434438e-01 5.600000e-02 5.350000e-02 -2.637254e-01 3.434322e-01
-6.085000e-01 5.400000e-02 -2.609266e-01 3.441571e-01 -6.090000e-01 5.450000e-02 -2.609598e-01 3.441293e-01
-6.080000e-01 5.350000e-02 -2.608948e-01 3.441852e-01 -6.085000e-01 5.400000e-02 -2.609266e-01 3.441571e-01
5.600000e-02 5.350000e-02 -2.637254e-01 3.434322e-01 5.650000e-02 5.400000e-02 -2.637118e-01 3.434193e-01
5.650000e-02 5.400000e-02 -2.637118e-01 3.434193e-01 5.700000e-02 5.450000e-02 -2.636968e-01 3.434065e-01
-6.095000e-01 5.500000e-02 -2.609934e-01 3.441002e-01 -6.100000e-01 5.550000e-02 -2.610283e-01 3.440714e-01
-6.090000e-01 5.450000e-02 -2.609598e-01 3.441293e-01 -6.095000e-01 5.500000e-02 -2.609934e-01 3.441002e-01
5.700000e-02 5.450000e-02 -2.636968e-01 3.434065e-01 5.700000e-02 5.550000e-02 -2.641384e-01 3.438198e-01
-6.105000e-01 5.600000e-02 -2.610635e-01 3.440412e-01 -6.110000e-01 5.650000e-02 -2.611001e-01 3.440114e-01
-6.100000e-01 5.550000e-02 -2.610283e-01 3.440714e-01 -6.105000e-01 5.600000e-02 -2.610635e-01 3.440412e-01
5.700000e-02 5.550000e-02 -2.641384e-01 3.438198e-01 5.750000e-02 5.600000e-02 -2.641231e-01 3.438044e-01
5.750000e-02 5.600000e-02 -2.641231e-01 3.438044e-01 5.800000e-02 5.650000e-02 -2.641065e-01 3.437892e-01
-6.110000e-01 5.650000e-02 -2.611001e-01 3.440114e-01 -6.110000e-01 5.750000e-02 -2.606986e-01 3.443508e-01
5.800000e-02 5.650000e-02 -2.641065e-01 3.437892e-01 5.850000e-02 5.700000e-02 -2.640898e-01 3.437726e-01
5.850000e-02 5.700000e-02 -2.640898e-01 3.437726e-01 5.900000e-02 5.750000e-02 -2.640717e-01 3.437562e-01
-6.115000e-01 5.800000e-02 -2.607358e-01 3.443184e-01 -6.120000e-01 5.850000e-02 -2.607745e-01 3.442863e-01
-6.110000e-01 5.750000e-02 -2.606986e-01 3.443508e-01 -6.115000e-01 5.800000e-02 -2.607358e-01 3.443184e-01
5.900000e-02 5.750000e-02 -2.640717e-01 3.437562e-01 5.950000e-02 5.800000e-02 -2.640535e-01 3.437385e-01
5.950000e-02 5.800000e-02 -2.640535e-01 3.437385e-01 6.000000e-02 5.850000e-02 -2.640339e-01 3.437210e-01
-6.125000e-01 5.900000e-02 -2.608135e-01 3.442530e-01 -6.130000e-01 5.950000e-02 -2.608539e-01 3.442200e-01
-6.120000e-01 5.850000e-02 -2.607745e-01 3.442863e-01 -6.125000e-01 5.900000e-02 -2.608135e-01 3.442530e-01
6.000000e-02 5.850000e-02 -2.640339e-01 3.437210e-01 6.050000e-02 5.900000e-02 -2.640142e-01 3.437022e-01
6.050000e-02 5.900000e-02 -2.640142e-01 3.437022e-01 6.100000e-02 5.950000e-02 -2.639931e-01 3.436836e-01
-6.135000e-01 6.000000e-02 -2.608946e-01 3.441857e-01 -6.140000e-01 6.050000e-02 -2.609367e-01 3.441518e-01
-6.130000e-01 5.950000e-02 -2.608539e-01 3.442200e-01 -6.135000e-01 6.000000e-02 -2.608946e-01 3.441857e-01
6.100000e-02 5.950000e-02 -2.639931e-01 3.436836e-01 6.150000e-02 6.000000e-02 -2.639718e-01 3.436636e-01
6.150000e-02 6.000000e-02 -2.639718e-01 3.436636e-01 6.200000e-02 6.050000e-02 -2.639492e-01 3.436439e-01
-6.145000e-01 6.100000e-02 -2.609792e-01 3.441165e-01 -6.150000e-01 6.150000e-02 -2.610231e-01 3.440817e-01
-6.140000e-01 6.050000e-02 -2.609367e-01 3.441518e-01 -6.145000e-01 6.100000e-02 -2.609792e-01 3.441165e-01
6.200000e-02 6.050000e-02 -2.639492e-01 3.436439e-01 6.250000e-02 6.100000e-02 -2.639264e-01 3.436229e-01
6.250000e-02 6.100000e-02 -2.639264e-01 3.436229e-01 6.300000e-02 6.150000e-02 -2.639022e-01 3.436020e-01
-6.150000e-01 6.150000e-02 -2.610231e-01 3.440817e-01 -6.150000e-01 6.250000e-02 -2.606239e-01 3.444086e-01
6.300000e-02 6.150000e-02 -2.639022e-01 3.436020e-01 6.350000e-02 6.200000e-02 -2.638779e-01 3.435799e-01
6.350000e-02 6.200000e-02 -2.638779e-01 3.435799e-01 6.400000e-02 6.250000e-02 -2.638522e-01 3.435580e-01
-6.155000e-01 6.300000e-02 -2.606685e-01 3.443712e-01 -6.160000e-01 6.350000e-02 -2.607145e-01 3.443342e-01
-6.150000e-01 6.250000e-02 -2.606239e-01 3.444086e-01 -6.155000e-01 6.300000e-02 -2.606685e-01 3.443712e-01
6.400000e-02 6.250000e-02 -2.638522e-01 3.435580e-01 6.400000e-02 6.350000e-02 -2.642917e-01 3.439511e-01
-6.165000e-01 6.400000e-02 -2.607608e-01 3.442960e-01 -6.170000e-01 6.450000e-02 -2.608086e-01 3.442581e-01
-6.160000e-01 6.350000e-02 -2.607145e-01 3.443342e-01 -6.165000e-01 6.400000e-02 -2.607608e-01 3.442960e-01
6.400000e-02 6.350000e-02 -2.642917e-01 3.439511e-01 6.450000e-02 6.400000e-02 -2.642656e-01 3.439266e-01
6.450000e-02 6.400000e-02 -2.642656e-01 3.439266e-01 6.500000e-02 6.450000e-02 -2.642381e-01 3.439024e-01
-6.175000e-01 6.500000e-02 -2.608568e-01 3.442189e-01 -6.180000e-01 6.550000e-02 -2.609064e-01 3.441802e-01
-6.170000e-01 6.450000e-02 -2.608086e-01 3.442581e-01 -6.175000e-01 6.500000e-02 -2.608568e-01 3.442189e-01
6.500000e-02 6.450000e-02 -2.642381e-01 3.439024e-01 6.550000e-02 6.500000e-02 -2.642105e-01 3.438769e-01
6.550000e-02 6.500000e-02 -2.642105e-01 3.438769e-01 6.600000e-02 6.550000e-02 -2.641815e-01 3.438516e-01
-6.180000e-01 6.550000e-02 -2.609064e-01 3.441802e-01 -6.180000e-01 6.650000e-02 -2.605092e-01 3.444974e-01
6.600000e-02 6.550000e-02 -2.641815e-01 3.438516e-01 6.650000e-02 6.600000e-02 -2.641522e-01 3.438251e-01
6.650000e-02 6.600000e-02 -2.641522e-01 3.438251e-01 6.700000e-02 6.650000e-02 -2.641216e-01 3.437987e-01
-6.185000e-01 6.700000e-02 -2.605596e-01 3.444562e-01 -6.190000e-01 6.750000e-02 -2.606113e-01 3.444153e-01
-6.180000e-01 6.650000e-02 -2.605092e-01 3.444974e-01 -6.185000e-01 6.700000e-02 -2.605596e-01 3.444562e-01
6.700000e-02 6.650000e-02 -2.641216e-01 3.437987e-01 6.750000e-02 6.700000e-02 -2.640908e-01 3.437712e-01
6.750000e-02 6.700000e-02 -2.640908e-01 3.437712e-01 6.800000e-02 6.750000e-02 -2.640586e-01 3.437438e-01
-6.195000e-01 6.800000e-02 -2.606635e-01 3.443733e-01 -6.200000e-01 6.850000e-02 -2.607171e-01 3.443316e-01
-6.190000e-01 6.750000e-02 -2.606113e-01 3.444153e-01 -6.195000e-01 6.800000e-02 -2.606635e-01 3.443733e-01
6.800000e-02 6.750000e-02 -2.640586e-01 3.437438e-01 6.850000e-02 6.800000e-02 -2.640262e-01 3.437152e-01
6.850000e-02 6.800000e-02 -2.640262e-01 3.437152e-01 6.900000e-02 6.850000e-02 -2.639924e-01 3.436869e-01
-6.205000e-01 6.900000e-02 -2.607711e-01 3.442888e-01 -6.210000e-01 6.950000e-02 -2.608265e-01 3.442464e-01
-6.200000e-01 6.850000e-02 -2.607171e-01 3.443316e-01 -6.205000e-01 6.900000e-02 -2.607711e-01 3.442888e-01
6.900000e-02 6.850000e-02 -2.639924e-01 3.436869e-01 6.950000e-02 6.900000e-02 -2.639584e-01 3.436573e-01
6.950000e-02 6.900000e-02 -2.639584e-01 3.436573e-01 7.000000e-02 6.950000e-02 -2.639230e-01 3.436280e-01
-6.210000e-01 6.950000e-02 -2.608265e-01 3.442464e-01 -6.210000e-01 7.050000e-02 -2.604317e-01 3.445540e-01
7.000000e-02 6.950000e-02 -2.639230e-01 3.436280e-01 7.000000e-02 7.050000e-02 -2.643598e-01 3.440037e-01
-6.215000e-01 7.100000e-02 -2.604879e-01 3.445091e-01 -6.220000e-01 7.150000e-02 -2.605456e-01 3.444647e-01
-6.210000e-01 7.050000e-02 -2.604317e-01 3.445540e-01 -6.215000e-01 7.100000e-02 -2.604879e-01 3.445091e-01
7.000000e-02 7.050000e-02 -2.643598e-01 3.440037e-01 7.050000e-02 7.100000e-02 -2.643239e-01 3.439719e-01
7.050000e-02 7.100000e-02 -2.643239e-01 3.439719e-01 7.100000e-02 7.150000e-02 -2.642866e-01 3.439404e-01
-6.225000e-01 7.200000e-02 -2.606038e-01 3.444191e-01 -6.230000e-01 7.250000e-02 -2.606633e-01 3.443739e-01
-6.220000e-01 7.150000e-02 -2.605456e-01 3.444647e-01 -6.225000e-01 7.200000e-02 -2.606038e-01 3.444191e-01
7.100000e-02 7.150000e-02 -2.642866e-01 3.439404e-01 7.150000e-02 7.200000e-02 -2.642491e-01 3.439076e-01
7.150000e-02 7.200000e-02 -2.642491e-01 3.439076e-01 7.200000e-02 7.250000e-02 -2.642102e-01 3.438751e-01
-6.235000e-01 7.300000e-02 -2.607233e-01 3.443275e-01 -6.240000e-01 7.350000e-02 -2.607847e-01 3.442816e-01
-6.230000e-01 7.250000e-02 -2.606633e-01 3.443739e-01 -6.235000e-01 7.300000e-02 -2.607233e-01 3.443275e-01
7.200000e-02 7.250000e-02 -2.642102e-01 3.438751e-01 7.250000e-02 7.300000e-02 -2.641710e-01 3.438414e-01
7.250000e-02 7.300000e-02 -2.641710e-01 3.438414e-01 7.300000e-02 7.350000e-02 -2.641304e-01 3.438080e-01
-6.240000e-01 7.350000e-02 -2.607847e-01 3.442816e-01 -6.240000e-01 7.450000e-02 -2.603924e-01 3.445798e-01
7.300000e-02 7.350000e-02 -2.641304e-01 3.438080e-01 7.350000e-02 7.400000e-02 -2.640896e-01 3.437734e-01
7.350000e-02 7.400000e-02 -2.640896e-01 3.437734e-01 7.400000e-02 7.450000e-02 -2.640474e-01 3.437390e-01
-6.245000e-01 7.500000e-02 -2.604547e-01 3.445315e-01 -6.250000e-01 7.550000e-02 -2.605184e-01 3.444837e-01
-6.240000e-01 7.450000e-02 -2.603924e-01 3.445798e-01 -6.245000e-01 7.500000e-02 -2.604547e-01 3.445315e-01
7.400000e-02 7.450000e-02 -2.640474e-01 3.437390e-01 7.400000e-02 7.550000e-02 -2.644821e-01 3.441026e-01
-6.255000e-01 7.600000e-02 -2.605827e-01 3.444347e-01 -6.260000e-01 7.650000e-02 -2.606483e-01 3.443862e-01
-6.250000e-01 7.550000e-02 -2.605184e-01 3.444837e-01 -6.255000e-01 7.600000e-02 -2.605827e-01 3.444347e-01
7.400000e-02 7.550000e-02 -2.644821e-01 3.441026e-01 7.450000e-02 7.600000e-02 -2.644392e-01 3.440658e-01
7.450000e-02 7.600000e-02 -2.644392e-01 3.440658e-01 7.500000e-02 7.650000e-02 -2.643951e-01 3.440293e-01
-6.265000e-01 7.700000e-02 -2.607145e-01 3.443365e-01 -6.270000e-01 7.750000e-02 -2.607820e-01 3.442873e-01
-6.260000e-01 7.650000e-02 -2.606483e-01 3.443862e-01 -6.265000e-01 7.700000e-02 -2.607145e-01 3.443365e-01
7.500000e-02 7.650000e-02 -2.643951e-01 3.440293e-01 7.550000e-02 7.700000e-02 -2.643506e-01 3.439916e-01
7.550000e-02 7.700000e-02 -2.643506e-01 3.439916e-01 7.600000e-02 7.750000e-02 -2.643047e-01 3.439543e-01
-6.270000e-01 7.750000e-02 -2.607820e-01 3.442873e-01 -6.270000e-01 7.850000e-02 -2.603925e-01 3.445761e-01
7.600000e-02 7.750000e-02 -2.643047e-01 3.439543e-01 7.650000e-02 7.800000e-02 -2.642586e-01 3.439157e-01
7.650000e-02 7.800000e-02 -2.642586e-01 3.439157e-01 7.700000e-02 7.850000e-02 -2.642110e-01 3.438775e-01
-6.275000e-01 7.900000e-02 -2.604610e-01 3.445246e-01 -6.280000e-01 7.950000e-02 -2.605309e-01 3.444736e-01
-6.270000e-01 7.850000e-02 -2.603925e-01 3.445761e-01 -6.275000e-01 7.900000e-02 -2.604610e-01 3.445246e-01
7.700000e-02 7.850000e-02 -2.642110e-01 3.438775e-01 7.750000e-02 7.900000e-02 -2.641632e-01 3.438380e-01
7.750000e-02 7.900000e-02 -2.641632e-01 3.438380e-01 7.800000e-02 7.950000e-02 -2.641140e-01 3.437989e-01
-6.285000e-01 8.000000e-02 -2.606014e-01 3.444215e-01 -6.290000e-01 8.050000e-02 -2.606732e-01 3.443699e-01
-6.280000e-01 7.950000e-02 -2.605309e-01 3.444736e-01 -6.285000e-01 8.000000e-02 -2.606014e-01 3.444215e-01
7.800000e-02 7.950000e-02 -2.641140e-01 3.437989e-01 7.800000e-02 8.050000e-02 -2.645461e-01 3.441505e-01
-6.290000e-01 8.050000e-02 -2.606732e-01 3.443699e-01 -6.290000e-01 8.150000e-02 -2.602857e-01 3.446518e-01
7.800000e-02 8.050000e-02 -2.645461e-01 3.441505e-01 7.850000e-02 8.100000e-02 -2.644962e-01 3.441090e-01
7.850000e-02 8.100000e-02 -2.644962e-01 3.441090e-01 7.900000e-02 8.150000e-02 -2.644449e-01 3.440679e-01
-6.295000e-01 8.200000e-02 -2.603586e-01 3.445979e-01 -6.300000e-01 8.250000e-02 -2.604329e-01 3.445445e-01
-6.290000e-01 8.150000e-02 -2.602857e-01 3.446518e-01 -6.295000e-01 8.200000e-02 -2.603586e-01 3.445979e-01
7.900000e-02 8.150000e-02 -2.644449e-01 3.440679e-01 7.950000e-02 8.200000e-02 -2.643932e-01 3.440255e-01
7.950000e-02 8.200000e-02 -2.643932e-01 3.440255e-01 8.000000e-02 8.250000e-02 -2.643403e-01 3.439836e-01
-6.305000e-01 8.300000e-02 -2.605078e-01 3.444900e-01 -6.310000e-01 8.350000e-02 -2.605841e-01 3.444361e-01
-6.300000e-01 8.250000e-02 -2.604329e-01 3.445445e-01 -6.305000e-01 8.300000e-02 -2.605078e-01 3.444900e-01
8.000000e-02 8.250000e-02 -2.643403e-01 3.439836e-01 8.050000e-02 8.300000e-02 -2.642869e-01 3.439404e-01
8.050000e-02 8.300000e-02 -2.642869e-01 3.439404e-01 8.100000e-02 8.350000e-02 -2.642322e-01 3.438977e-01
-6.310000e-01 8.350000e-02 -2.605841e-01 3.444361e-01 -6.310000e-01 8.450000e-02 -2.601987e-01 3.447112e-01
8.100000e-02 8.350000e-02 -2.642322e-01 3.438977e-01 8.100000e-02 8.450000e-02 -2.646622e-01 3.442398e-01
-6.315000e-01 8.500000e-02 -2.602761e-01 3.446551e-01 -6.320000e-01 8.550000e-02 -2.603548e-01 3.445994e-01
-6.310000e-01 8.450000e-02 -2.601987e-01 3.447112e-01 -6.315000e-01 8.500000e-02 -2.602761e-01 3.446551e-01
8.100000e-02 8.450000e-02 -2.646622e-01 3.442398e-01 8.150000e-02 8.500000e-02 -2.646067e-01 3.441947e-01
8.150000e-02 8.500000e-02 -2.646067e-01 3.441947e-01 8.200000e-02 8.550000e-02 -2.645499e-01 3.441499e-01
-6.325000e-01 8.600000e-02 -2.604342e-01 3.445426e-01 -6.330000e-01 8.650000e-02 -2.605149e-01 3.444864e-01
-6.320000e-01 8.550000e-02 -2.603548e-01 3.445994e-01 -6.325000e-01 8.600000e-02 -2.604342e-01 3.445426e-01
8.200000e-02 8.550000e-02 -2.645499e-01 3.441499e-01 8.250000e-02 8.600000e-02 -2.644926e-01 3.441040e-01
8.250000e-02 8.600000e-02 -2.644926e-01 3.441040e-01 8.300000e-02 8.650000e-02 -2.644341e-01 3.440585e-01
-6.335000e-01 8.700000e-02 -2.605962e-01 3.444291e-01 -6.340000e-01 8.750000e-02 -2.606789e-01 3.443724e-01
-6.330000e-01 8.650000e-02 -2.605149e-01 3.444864e-01 -6.335000e-01 8.700000e-02 -2.605962e-01 3.444291e-01
8.300000e-02 8.650000e-02 -2.644341e-01 3.440585e-01 8.350000e-02 8.700000e-02 -2.643751e-01 3.440119e-01
8.350000e-02 8.700000e-02 -2.643751e-01 3.440119e-01 8.400000e-02 8.750000e-02 -2.643148e-01 3.439656e-01
-6.340000e-01 8.750000e-02 -2.606789e-01 3.443724e-01 -6.340000e-01 8.850000e-02 -2.602970e-01 3.446387e-01
8.400000e-02 8.750000e-02 -2.643148e-01 3.439656e-01 8.400000e-02 8.850000e-02 -2.647424e-01 3.442984e-01
-6.345000e-01 8.900000e-02 -2.603808e-01 3.445798e-01 -6.350000e-01 8.950000e-02 -2.604661e-01 3.445215e-01
-6.340000e-01 8.850000e-02 -2.602970e-01 3.446387e-01 -6.345000e-01 8.900000e-02 -2.603808e-01 3.445798e-01
8.400000e-02 8.850000e-02 -2.647424e-01 3.442984e-01 8.450000e-02 8.900000e-02 -2.646812e-01 3.442498e-01
8.450000e-02 8.900000e-02 -2.646812e-01 3.442498e-01 8.500000e-02 8.950000e-02 -2.646187e-01 3.442016e-01
-6.355000e-01 9.000000e-02 -2.605519e-01 3.444621e-01 -6.360000e-01 9.050000e-02 -2.606392e-01 3.444033e-01
-6.350000e-01 8.950000e-02 -2.604661e-01 3.445215e-01 -6.355000e-01 9.000000e-02 -2.605519e-01 3.444621e-01
8.500000e-02 8.950000e-02 -2.646187e-01 3.442016e-01 8.550000e-02 9.000000e-02 -2.645558e-01 3.441523e-01
8.550000e-02 9.000000e-02 -2.645558e-01 3.441523e-01 8.600000e-02 9.050000e-02 -2.644915e-01 3.441035e-01
-6.360000e-01 9.050000e-02 -2.606392e-01 3.444033e-01 -6.360000e-01 9.150000e-02 -2.602598e-01 3.446630e-01
8.600000e-02 9.050000e-02 -2.644915e-01 3.441035e-01 8.650000e-02 9.100000e-02 -2.644268e-01 3.440534e-01
8.650000e-02 9.100000e-02 -2.644268e-01 3.440534e-01 8.700000e-02 9.150000e-02 -2.643608e-01 3.440039e-01
-6.365000e-01 9.200000e-02 -2.603482e-01 3.446021e-01 -6.370000e-01 9.250000e-02 -2.604381e-01 3.445418e-01
-6.360000e-01 9.150000e-02 -2.602598e-01 3.446630e-01 -6.365000e-01 9.200000e-02 -2.603482e-01 3.446021e-01
8.700000e-02 9.150000e-02 -2.643608e-01 3.440039e-01 8.700000e-02 9.250000e-02 -2.647857e-01 3.443274e-01
-6.370000e-01 9.250000e-02 -2.604381e-01 3.445418e-01 -6.370000e-01 9.350000e-02 -2.600600e-01 3.447971e-01
8.700000e-02 9.250000e-02 -2.647857e-01 3.443274e-01 8.750000e-02 9.300000e-02 -2.647187e-01 3.442755e-01
8.750000e-02 9.300000e-02 -2.647187e-01 3.442755e-01 8.800000e-02 9.350000e-02 -2.646505e-01 3.442241e-01
-6.375000e-01 9.400000e-02 -2.601512e-01 3.447346e-01 -6.380000e-01 9.450000e-02 -2.602436e-01 3.446729e-01
-6.370000e-01 9.350000e-02 -2.600600e-01 3.447971e-01 -6.375000e-01 9.400000e-02 -2.601512e-01 3.447346e-01
8.800000e-02 9.350000e-02 -2.646505e-01 3.442241e-01 8.850000e-02 9.400000e-02 -2.645817e-01 3.441716e-01
8.850000e-02 9.400000e-02 -2.645817e-01 3.441716e-01 8.900000e-02 9.450000e-02 -2.645116e-01 3.441196e-01
-6.385000e-01 9.500000e-02 -2.603368e-01 3.446100e-01 -6.390000e-01 9.550000e-02 -2.604313e-01 3.445478e-01
-6.380000e-01 9.450000e-02 -2.602436e-01 3.446729e-01 -6.385000e-01 9.500000e-02 -2.603368e-01 3.446100e-01
8.900000e-02 9.450000e-02 -2.645116e-01 3.441196e-01 8.950000e-02 9.500000e-02 -2.644411e-01 3.440664e-01
8.950000e-02 9.500000e-02 -2.644411e-01 3.440664e-01 9.000000e-02 9.550000e-02 -2.643692e-01 3.440137e-01
-6.390000e-01 9.550000e-02 -2.604313e-01 3.445478e-01 -6.390000e-01 9.650000e-02 -2.600560e-01 3.447966e-01
9.000000e-02 9.550000e-02 -2.643692e-01 3.440137e-01 9.000000e-02 9.650000e-02 -2.647913e-01 3.443281e-01
-6.395000e-01 9.700000e-02 -2.601518e-01 3.447324e-01 -6.400000e-01 9.750000e-02 -2.602489e-01 3.446688e-01
-6.390000e-01 9.650000e-02 -2.600560e-01 3.447966e-01 -6.395000e-01 9.700000e-02 -2.601518e-01 3.447324e-01
9.000000e-02 9.650000e-02 -2.647913e-01 3.443281e-01 9.050000e-02 9.700000e-02 -2.647184e-01 3.442731e-01
9.050000e-02 9.700000e-02 -2.647184e-01 3.442731e-01 9.100000e-02 9.750000e-02 -2.646442e-01 3.442187e-01
-6.405000e-01 9.800000e-02 -2.603468e-01 3.446041e-01 -6.410000e-01 9.850000e-02 -2.604460e-01 3.445402e-01
-6.400000e-01 9.750000e-02 -2.602489e-01 3.446688e-01 -6.405000e-01 9.800000e-02 -2.603468e-01 3.446041e-01
9.100000e-02 9.750000e-02 -2.646442e-01 3.442187e-01 9.150000e-02 9.800000e-02 -2.645695e-01 3.441631e-01
9.150000e-02 9.800000e-02 -2.645695e-01 3.441631e-01 9.200000e-02 9.850000e-02 -2.644935e-01 3.441081e-01
-6.410000e-01 9.850000e-02 -2.604460e-01 3.445402e-01 -6.410000e-01 9.950000e-02 -2.600735e-01 3.447827e-01
9.200000e-02 9.850000e-02 -2.644935e-01 3.441081e-01 9.200000e-02 9.950000e-02 -2.649135e-01 3.444157e-01
-6.415000e-01 1.000000e-01 -2.601741e-01 3.447167e-01 -6.420000e-01 1.005000e-01 -2.602760e-01 3.446514e-01
-6.410000e-01 9.950000e-02 -2.600735e-01 3.447827e-01 -6.415000e-01 1.000000e-01 -2.601741e-01 3.447167e-01
9.200000e-02 9.950000e-02 -2.649135e-01 3.444157e-01 9.250000e-02 1.000000e-01 -2.648365e-01 3.443585e-01
9.250000e-02 1.000000e-01 -2.648365e-01 3.443585e-01 9.300000e-02 1.005000e-01 -2.647582e-01 3.443017e-01
-6.425000e-01 1.010000e-01 -2.603786e-01 3.445851e-01 -6.430000e-01 1.015000e-01 -2.604826e-01 3.445194e-01
-6.420000e-01 1.005000e-01 -2.602760e-01 3.446514e-01 -6.425000e-01 1.010000e-01 -2.603786e-01 3.445851e-01
9.300000e-02 1.005000e-01 -2.647582e-01 3.443017e-01 9.350000e-02 1.010000e-01 -2.646793e-01 3.442438e-01
9.350000e-02 1.010000e-01 -2.646793e-01 3.442438e-01 9.400000e-02 1.015000e-01 -2.645991e-01 3.441865e-01
-6.430000e-01 1.015000e-01 -2.604826e-01 3.445194e-01 -6.430000e-01 1.025000e-01 -2.601132e-01 3.447557e-01
9.400000e-02 1.015000e-01 -2.645991e-01 3.441865e-01 9.450000e-02 1.020000e-01 -2.645184e-01 3.441281e-01
9.450000e-02 1.020000e-01 -2.645184e-01 3.441281e-01 9.500000e-02 1.025000e-01 -2.644365e-01 3.440702e-01
-6.435000e-01 1.030000e-01 -2.602185e-01 3.446880e-01 -6.440000e-01 1.035000e-01 -2.603253e-01 3.446211e-01
-6.430000e-01 1.025000e-01 -2.601132e-01 3.447557e-01 -6.435000e-01 1.030000e-01 -2.602185e-01 3.446880e-01
9.500000e-02 1.025000e-01 -2.644365e-01 3.440702e-01 9.500000e-02 1.035000e-01 -2.648531e-01 3.443690e-01
-6.440000e-01 1.035000e-01 -2.603253e-01 3.446211e-01 -6.440000e-01 1.045000e-01 -2.599575e-01 3.448532e-01
9.500000e-02 1.035000e-01 -2.648531e-01 3.443690e-01 9.550000e-02 1.040000e-01 -2.647700e-01 3.443090e-01
9.550000e-02 1.040000e-01 -2.647700e-01 3.443090e-01 9.600000e-02 1.045000e-01 -2.646856e-01 3.442495e-01
-6.445000e-01 1.050000e-01 -2.600656e-01 3.447843e-01 -6.450000e-01 1.055000e-01 -2.601751e-01 3.447162e-01
-6.440000e-01 1.045000e-01 -2.599575e-01 3.448532e-01 -6.445000e-01 1.050000e-01 -2.600656e-01 3.447843e-01
9.600000e-02 1.045000e-01 -2.646856e-01 3.442495e-01 9.650000e-02 1.050000e-01 -2.646007e-01 3.441889e-01
9.650000e-02 1.050000e-01 -2.646007e-01 3.441889e-01 9.700000e-02 1.055000e-01 -2.645144e-01 3.441289e-01
-6.455000e-01 1.060000e-01 -2.602854e-01 3.446471e-01 -6.460000e-01 1.065000e-01 -2.603970e-01 3.445787e-01
-6.450000e-01 1.055000e-01 -2.601751e-01 3.447162e-01 -6.455000e-01 1.060000e-01 -2.602854e-01 3.446471e-01
9.700000e-02 1.055000e-01 -2.645144e-01 3.441289e-01 9.700000e-02 1.065000e-01 -2.649287e-01 3.444211e-01
-6.460000e-01 1.065000e-01 -2.603970e-01 3.445787e-01 -6.460000e-01 1.075000e-01 -2.600324e-01 3.448047e-01
9.700000e-02 1.065000e-01 -2.649287e-01 3.444211e-01 9.750000e-02 1.070000e-01 -2.648413e-01 3.443590e-01
9.750000e-02 1.070000e-01 -2.648413e-01 3.443590e-01 9.800000e-02 1.075000e-01 -2.647526e-01 3.442974e-01
-6.465000e-01 1.080000e-01 -2.601454e-01 3.447344e-01 -6.470000e-01 1.085000e-01 -2.602599e-01 3.446649e-01
-6.460000e-01 1.075000e-01 -2.600324e-01 3.448047e-01 -6.465000e-01 1.080000e-01 -2.601454e-01 3.447344e-01
9.800000e-02 1.075000e-01 -2.647526e-01 3.442974e-01 9.850000e-02 1.080000e-01 -2.646634e-01 3.442348e-01
9.850000e-02 1.080000e-01 -2.646634e-01 3.442348e-01 9.900000e-02 1.085000e-01 -2.645728e-01 3.441727e-01
-6.470000e-01 1.085000e-01 -2.602599e-01 3.446649e-01 -6.470000e-01 1.095000e-01 -2.598971e-01 3.448867e-01
9.900000e-02 1.085000e-01 -2.645728e-01 3.441727e-01 9.900000e-02 1.095000e-01 -2.649846e-01 3.444584e-01
-6.475000e-01 1.100000e-01 -2.600130e-01 3.448153e-01 -6.480000e-01 1.105000e-01 -2.601302e-01 3.447446e-01
-6.470000e-01 1.095000e-01 -2.598971e-01 3.448867e-01 -6.475000e-01 1.100000e-01 -2.600130e-01 3.448153e-01
9.900000e-02 1.095000e-01 -2.649846e-01 3.444584e-01 9.950000e-02 1.100000e-01 -2.648928e-01 3.443943e-01
9.950000e-02 1.100000e-01 -2.648928e-01 3.443943e-01 1.000000e-01 1.105000e-01 -2.647998e-01 3.443307e-01
-6.480000e-01 1.105000e-01 -2.601302e-01 3.447446e-01 -6.480000e-01 1.115000e-01 -2.597693e-01 3.449624e-01
1.000000e-01 1.105000e-01 -2.647998e-01 3.443307e-01 1.005000e-01 1.110000e-01 -2.647062e-01 3.442662e-01
1.005000e-01 1.110000e-01 -2.647062e-01 3.442662e-01 1.010000e-01 1.115000e-01 -2.646113e-01 3.442022e-01
-6.485000e-01 1.120000e-01 -2.598881e-01 3.448899e-01 -6.490000e-01 1.125000e-01 -2.600082e-01 3.448181e-01
-6.480000e-01 1.115000e-01 -2.597693e-01 3.449624e-01 -6.485000e-01 1.120000e-01 -2.598881e-01 3.448899e-01
1.010000e-01 1.115000e-01 -2.646113e-01 3.442022e-01 1.010000e-01 1.125000e-01 -2.650205e-01 3.444814e-01
-6.495000e-01 1.130000e-01 -2.601291e-01 3.447455e-01 -6.500000e-01 1.135000e-01 -2.602513e-01 3.446736e-01
-6.490000e-01 1.125000e-01 -2.600082e-01 3.448181e-01 -6.495000e-01 1.130000e-01 -2.601291e-01 3.447455e-01
1.010000e-01 1.125000e-01 -2.650205e-01 3.444814e-01 1.015000e-01 1.130000e-01 -2.649243e-01 3.444153e-01
1.015000e-01 1.130000e-01 -2.649243e-01 3.444153e-01 1.020000e-01 1.135000e-01 -2.648269e-01 3.443500e-01
-6.500000e-01 1.135000e-01 -2.602513e-01 3.446736e-01 -6.500000e-01 1.145000e-01 -2.598939e-01 3.448856e-01
1.020000e-01 1.135000e-01 -2.648269e-01 3.443500e-01 1.025000e-01 1.140000e-01 -2.647289e-01 3.442835e-01
1.025000e-01 1.140000e-01 -2.647289e-01 3.442835e-01 1.030000e-01 1.145000e-01 -2.646296e-01 3.442177e-01
-6.505000e-01 1.150000e-01 -2.600177e-01 3.448119e-01 -6.510000e-01 1.155000e-01 -2.601428e-01 3.447390e-01
-6.500000e-01 1.145000e-01 -2.598939e-01 3.448856e-01 -6.505000e-01 1.150000e-01 -2.600177e-01 3.448119e-01
1.030000e-01 1.145000e-01 -2.646296e-01 3.442177e-01 1.030000e-01 1.155000e-01 -2.650360e-01 3.444905e-01
-6.510000e-01 1.155000e-01 -2.601428e-01 3.447390e-01 -6.510000e-01 1.165000e-01 -2.597874e-01 3.449470e-01
1.030000e-01 1.155000e-01 -2.650360e-01 3.444905e-01 1.035000e-01 1.160000e-01 -2.649354e-01 3.444227e-01
1.035000e-01 1.160000e-01 -2.649354e-01 3.444227e-01 1.040000e-01 1.165000e-01 -2.648336e-01 3.443555e-01
-6.515000e-01 1.170000e-01 -2.599141e-01 3.448723e-01 -6.520000e-01 1.175000e-01 -2.600421e-01 3.447985e-01
-6.510000e-01 1.165000e-01 -2.597874e-01 3.449470e-01 -6.515000e-01 1.170000e-01 -2.599141e-01 3.448723e-01
1.040000e-01 1.165000e-01 -2.648336e-01 3.443555e-01 1.040000e-01 1.175000e-01 -2.652384e-01 3.446240e-01
-6.520000e-01 1.175000e-01 -2.600421e-01 3.447985e-01 -6.520000e-01 1.185000e-01 -2.596887e-01 3.450025e-01
1.040000e-01 1.175000e-01 -2.652384e-01 3.446240e-01 1.045000e-01 1.180000e-01 -2.651353e-01 3.445549e-01
1.045000e-01 1.180000e-01 -2.651353e-01 3.445549e-01 1.050000e-01 1.185000e-01 -2.650309e-01 3.444863e-01
-6.525000e-01 1.190000e-01 -2.598184e-01 3.449269e-01 -6.530000e-01 1.195000e-01 -2.599493e-01 3.448522e-01
-6.520000e-01 1.185000e-01 -2.596887e-01 3.450025e-01 -6.525000e-01 1.190000e-01 -2.598184e-01 3.449269e-01
1.050000e-01 1.185000e-01 -2.650309e-01 3.444863e-01 1.055000e-01 1.190000e-01 -2.649258e-01 3.444168e-01
1.055000e-01 1.190000e-01 -2.649258e-01 3.444168e-01 1.060000e-01 1.195000e-01 -2.648195e-01 3.443480e-01
-6.535000e-01 1.200000e-01 -2.600812e-01 3.447766e-01 -6.540000e-01 1.205000e-01 -2.602142e-01 3.447018e-01
-6.530000e-01 1.195000e-01 -2.599493e-01 3.448522e-01 -6.535000e-01 1.200000e-01 -2.600812e-01 3.447766e-01
1.060000e-01 1.195000e-01 -2.648195e-01 3.443480e-01 1.060000e-01 1.205000e-01 -2.652214e-01 3.446102e-01
-6.540000e-01 1.205000e-01 -2.602142e-01 3.447018e-01 -6.540000e-01 1.215000e-01 -2.598646e-01 3.449002e-01
1.060000e-01 1.205000e-01 -2.652214e-01 3.446102e-01 1.065000e-01 1.210000e-01 -2.651137e-01 3.445394e-01
1.065000e-01 1.210000e-01 -2.651137e-01 3.445394e-01 1.070000e-01 1.215000e-01 -2.650048e-01 3.444693e-01
-6.545000e-01 1.220000e-01 -2.599994e-01 3.448238e-01 -6.550000e-01 1.225000e-01 -2.601354e-01 3.447482e-01
-6.540000e-01 1.215000e-01 -2.598646e-01 3.449002e-01 -6.545000e-01 1.220000e-01 -2.599994e-01 3.448238e-01
1.070000e-01 1.215000e-01 -2.650048e-01 3.444693e-01 1.075000e-01 1.220000e-01 -2.648952e-01 3.443982e-01
1.075000e-01 1.220000e-01 -2.648952e-01 3.443982e-01 1.080000e-01 1.225000e-01 -2.647844e-01 3.443277e-01
-6.550000e-01 1.225000e-01 -2.601354e-01 3.447482e-01 -6.550000e-01 1.235000e-01 -2.597880e-01 3.449427e-01
1.080000e-01 1.225000e-01 -2.647844e-01 3.443277e-01 1.080000e-01 1.235000e-01 -2.651833e-01 3.445838e-01
-6.555000e-01 1.240000e-01 -2.599258e-01 3.448655e-01 -6.560000e-01 1.245000e-01 -2.600648e-01 3.447891e-01
-6.550000e-01 1.235000e-01 -2.597880e-01 3.449427e-01 -6.555000e-01 1.240000e-01 -2.599258e-01 3.448655e-01
1.080000e-01 1.235000e-01 -2.651833e-01 3.445838e-01 1.085000e-01 1.240000e-01 -2.650710e-01 3.445115e-01
1.085000e-01 1.240000e-01 -2.650710e-01 3.445115e-01 1.090000e-01 1.245000e-01 -2.649575e-01 3.444398e-01
-6.560000e-01 1.245000e-01 -2.600648e-01 3.447891e-01 -6.560000e-01 1.255000e-01 -2.597196e-01 3.449798e-01
1.090000e-01 1.245000e-01 -2.649575e-01 3.444398e-01 1.090000e-01 1.255000e-01 -2.653547e-01 3.446918e-01
-6.565000e-01 1.260000e-01 -2.598604e-01 3.449018e-01 -6.570000e-01 1.265000e-01 -2.600024e-01 3.448247e-01
-6.560000e-01 1.255000e-01 -2.597196e-01 3.449798e-01 -6.565000e-01 1.260000e-01 -2.598604e-01 3.449018e-01
1.090000e-01 1.255000e-01 -2.653547e-01 3.446918e-01 1.095000e-01 1.260000e-01 -2.652398e-01 3.446182e-01
1.095000e-01 1.260000e-01 -2.652398e-01 3.446182e-01 1.100000e-01 1.265000e-01 -2.651236e-01 3.445454e-01
-6.570000e-01 1.265000e-01 -2.600024e-01 3.448247e-01 -6.570000e-01 1.275000e-01 -2.596595e-01 3.450117e-01
1.100000e-01 1.265000e-01 -2.651236e-01 3.445454e-01 1.105000e-01 1.270000e-01 -2.650068e-01 3.444716e-01
1.105000e-01 1.270000e-01 -2.650068e-01 3.444716e-01 1.110000e-01 1.275000e-01 -2.648888e-01 3.443986e-01
-6.575000e-01 1.280000e-01 -2.598033e-01 3.449330e-01 -6.580000e-01 1.285000e-01 -2.599484e-01 3.448551e-01
-6.570000e-01 1.275000e-01 -2.596595e-01 3.450117e-01 -6.575000e-01 1.280000e-01 -2.598033e-01 3.449330e-01
1.110000e-01 1.275000e-01 -2.648888e-01 3.443986e-01 1.110000e-01 1.285000e-01 -2.652826e-01 3.446444e-01
-6.580000e-01 1.285000e-01 -2.599484e-01 3.448551e-01 -6.580000e-01 1.295000e-01 -2.596078e-01 3.450384e-01
1.110000e-01 1.285000e-01 -2.652826e-01 3.446444e-01 1.115000e-01 1.290000e-01 -2.651631e-01 3.445696e-01
1.115000e-01 1.290000e-01 -2.651631e-01 3.445696e-01 1.120000e-01 1.295000e-01 -2.650424e-01 3.444954e-01
-6.585000e-01 1.300000e-01 -2.597546e-01 3.449590e-01 -6.590000e-01 1.305000e-01 -2.599027e-01 3.448805e-01
-6.580000e-01 1.295000e-01 -2.596078e-01 3.450384e-01 -6.585000e-01 1.300000e-01 -2.597546e-01 3.449590e-01
1.120000e-01 1.295000e-01 -2.650424e-01 3.444954e-01 1.120000e-01 1.305000e-01 -2.654344e-01 3.447372e-01
-6.590000e-01 1.305000e-01 -2.599027e-01 3.448805e-01 -6.590000e-01 1.315000e-01 -2.595645e-01 3.450601e-01
1.120000e-01 1.305000e-01 -2.654344e-01 3.447372e-01 1.125000e-01 1.310000e-01 -2.653121e-01 3.446611e-01
1.125000e-01 1.310000e-01 -2.653121e-01 3.446611e-01 1.130000e-01 1.315000e-01 -2.651887e-01 3.445859e-01
-6.595000e-01 1.320000e-01 -2.597144e-01 3.449801e-01 -6.600000e-01 1.325000e-01 -2.598656e-01 3.449009e-01
-6.590000e-01 1.315000e-01 -2.595645e-01 3.450601e-01 -6.595000e-01 1.320000e-01 -2.597144e-01 3.449801e-01
1.130000e-01 1.315000e-01 -2.651887e-01 3.445859e-01 1.135000e-01 1.320000e-01 -2.650646e-01 3.445097e-01
1.135000e-01 1.320000e-01 -2.650646e-01 3.445097e-01 1.140000e-01 1.325000e-01 -2.649392e-01 3.444343e-01
-6.600000e-01 1.325000e-01 -2.598656e-01 3.449009e-01 -6.600000e-01 1.335000e-01 -2.595298e-01 3.450770e-01
1.140000e-01 1.325000e-01 -2.649392e-01 3.444343e-01 1.140000e-01 1.335000e-01 -2.653277e-01 3.446702e-01
-6.605000e-01 1.340000e-01 -2.596828e-01 3.449964e-01 -6.610000e-01 1.345000e-01 -2.598370e-01 3.449166e-01
-6.600000e-01 1.335000e-01 -2.595298e-01 3.450770e-01 -6.605000e-01 1.340000e-01 -2.596828e-01 3.449964e-01
1.140000e-01 1.335000e-01 -2.653277e-01 3.446702e-01 1.145000e-01 1.340000e-01 -2.652008e-01 3.445930e-01
1.145000e-01 1.340000e-01 -2.652008e-01 3.445930e-01 1.150000e-01 1.345000e-01 -2.650727e-01 3.445166e-01
-6.610000e-01 1.345000e-01 -2.598370e-01 3.449166e-01 -6.610000e-01 1.355000e-01 -2.595037e-01 3.450891e-01
1.150000e-01 1.345000e-01 -2.650727e-01 3.445166e-01 1.150000e-01 1.355000e-01 -2.654593e-01 3.447485e-01
-6.615000e-01 1.360000e-01 -2.596598e-01 3.450079e-01 -6.620000e-01 1.365000e-01 -2.598171e-01 3.449277e-01
-6.610000e-01 1.355000e-01 -2.595037e-01 3.450891e-01 -6.615000e-01 1.360000e-01 -2.596598e-01 3.450079e-01
1.150000e-01 1.355000e-01 -2.654593e-01 3.447485e-01 1.155000e-01 1.360000e-01 -2.653296e-01 3.446703e-01
1.155000e-01 1.360000e-01 -2.653296e-01 3.446703e-01 1.160000e-01 1.365000e-01 -2.651988e-01 3.445929e-01
-6.620000e-01 1.365000e-01 -2.598171e-01 3.449277e-01 -6.620000e-01 1.375000e-01 -2.594863e-01 3.450966e-01
1.160000e-01 1.365000e-01 -2.651988e-01 3.445929e-01 1.160000e-01 1.375000e-01 -2.655833e-01 3.448208e-01
-6.625000e-01 1.380000e-01 -2.596455e-01 3.450150e-01 -6.630000e-01 1.385000e-01 -2.598059e-01 3.449343e-01
-6.620000e-01 1.375000e-01 -2.594863e-01 3.450966e-01 -6.625000e-01 1.380000e-01 -2.596455e-01 3.450150e-01
1.160000e-01 1.375000e-01 -2.655833e-01 3.448208e-01 1.165000e-01 1.380000e-01 -2.654509e-01 3.447416e-01
1.165000e-01 1.380000e-01 -2.654509e-01 3.447416e-01 1.170000e-01 1.385000e-01 -2.653173e-01 3.446633e-01
-6.630000e-01 1.385000e-01 -2.598059e-01 3.449343e-01 -6.630000e-01 1.395000e-01 -2.594777e-01 3.450997e-01
1.170000e-01 1.385000e-01 -2.653173e-01 3.446633e-01 1.175000e-01 1.390000e-01 -2.651829e-01 3.445840e-01
1.175000e-01 1.390000e-01 -2.651829e-01 3.445840e-01 1.180000e-01 1.395000e-01 -2.650473e-01 3.445056e-01
-6.635000e-01 1.400000e-01 -2.596400e-01 3.450177e-01 -6.640000e-01 1.405000e-01 -2.598035e-01 3.449365e-01
-6.630000e-01 1.395000e-01 -2.594777e-01 3.450997e-01 -6.635000e-01 1.400000e-01 -2.596400e-01 3.450177e-01
1.180000e-01 1.395000e-01 -2.650473e-01 3.445056e-01 1.180000e-01 1.405000e-01 -2.654282e-01 3.447279e-01
-6.640000e-01 1.405000e-01 -2.598035e-01 3.449365e-01 -6.640000e-01 1.415000e-01 -2.594779e-01 3.450985e-01
1.180000e-01 1.405000e-01 -2.654282e-01 3.447279e-01 1.185000e-01 1.410000e-01 -2.652910e-01 3.446478e-01
1.185000e-01 1.410000e-01 -2.652910e-01 3.446478e-01 1.190000e-01 1.415000e-01 -2.651527e-01 3.445685e-01
-6.645000e-01 1.420000e-01 -2.596433e-01 3.450161e-01 -6.650000e-01 1.425000e-01 -2.598100e-01 3.449345e-01
-6.640000e-01 1.415000e-01 -2.594779e-01 3.450985e-01 -6.645000e-01 1.420000e-01 -2.596433e-01 3.450161e-01
1.190000e-01 1.415000e-01 -2.651527e-01 3.445685e-01 1.190000e-01 1.425000e-01 -2.655313e-01 3.447868e-01
-6.650000e-01 1.425000e-01 -2.598100e-01 3.449345e-01 -6.650000e-01 1.435000e-01 -2.594871e-01 3.450932e-01
1.190000e-01 1.425000e-01 -2.655313e-01 3.447868e-01 1.195000e-01 1.430000e-01 -2.653914e-01 3.447059e-01
1.195000e-01 1.430000e-01 -2.653914e-01 3.447059e-01 1.200000e-01 1.435000e-01 -2.652502e-01 3.446257e-01
-6.655000e-01 1.440000e-01 -2.596556e-01 3.450103e-01 -6.660000e-01 1.445000e-01 -2.598255e-01 3.449285e-01
-6.650000e-01 1.435000e-01 -2.594871e-01 3.450932e-01 -6.655000e-01 1.440000e-01 -2.596556e-01 3.450103e-01
1.200000e-01 1.435000e-01 -2.652502e-01 3.446257e-01 1.200000e-01 1.445000e-01 -2.656267e-01 3.448402e-01
-6.660000e-01 1.445000e-01 -2.598255e-01 3.449285e-01 -6.660000e-01 1.455000e-01 -2.595052e-01 3.450838e-01
1.200000e-01 1.445000e-01 -2.656267e-01 3.448402e-01 1.205000e-01 1.450000e-01 -2.654839e-01 3.447584e-01
1.205000e-01 1.450000e-01 -2.654839e-01 3.447584e-01 1.210000e-01 1.455000e-01 -2.653400e-01 3.446775e-01
-6.665000e-01 1.460000e-01 -2.596769e-01 3.450007e-01 -6.670000e-01 1.465000e-01 -2.598499e-01 3.449185e-01
-6.660000e-01 1.455000e-01 -2.595052e-01 3.450838e-01 -6.665000e-01 1.460000e-01 -2.596769e-01 3.450007e-01
1.210000e-01 1.455000e-01 -2.653400e-01 3.446775e-01 1.210000e-01 1.465000e-01 -2.657142e-01 3.448882e-01
-6.670000e-01 1.465000e-01 -2.598499e-01 3.449185e-01 -6.670000e-01 1.475000e-01 -2.595324e-01 3.450705e-01
1.210000e-01 1.465000e-01 -2.657142e-01 3.448882e-01 1.215000e-01 1.470000e-01 -2.655686e-01 3.448056e-01
1.215000e-01 1.470000e-01 -2.655686e-01 3.448056e-01 1.220000e-01 1.475000e-01 -2.654218e-01 3.447239e-01
-6.670000e-01 1.475000e-01 -2.595324e-01 3.450705e-01 -6.670000e-01 1.485000e-01 -2.592157e-01 3.452205e-01
1.220000e-01 1.475000e-01 -2.654218e-01 3.447239e-01 1.220000e-01 1.485000e-01 -2.657937e-01 3.449308e-01
-6.675000e-01 1.490000e-01 -2.593916e-01 3.451365e-01 -6.680000e-01 1.495000e-01 -2.595687e-01 3.450535e-01
-6.670000e-01 1.485000e-01 -2.592157e-01 3.452205e-01 -6.675000e-01 1.490000e-01 -2.593916e-01 3.451365e-01
1.220000e-01 1.485000e-01 -2.657937e-01 3.449308e-01 1.225000e-01 1.490000e-01 -2.656453e-01 3.448475e-01
1.225000e-01 1.490000e-01 -2.656453e-01 3.448475e-01 1.230000e-01 1.495000e-01 -2.654957e-01 3.447651e-01
-6.680000e-01 1.495000e-01 -2.595687e-01 3.450535e-01 -6.680000e-01 1.505000e-01 -2.592548e-01 3.452002e-01
1.230000e-01 1.495000e-01 -2.654957e-01 3.447651e-01 1.235000e-01 1.500000e-01 -2.653453e-01 3.446819e-01
1.235000e-01 1.500000e-01 -2.653453e-01 3.446819e-01 1.240000e-01 1.505000e-01 -2.651937e-01 3.445995e-01
-6.685000e-01 1.510000e-01 -2.594339e-01 3.451161e-01 -6.690000e-01 1.515000e-01 -2.596141e-01 3.450329e-01
-6.680000e-01 1.505000e-01 -2.592548e-01 3.452002e-01 -6.685000e-01 1.510000e-01 -2.594339e-01 3.451161e-01
1.240000e-01 1.505000e-01 -2.651937e-01 3.445995e-01 1.240000e-01 1.515000e-01 -2.655615e-01 3.448011e-01
-6.690000e-01 1.515000e-01 -2.596141e-01 3.450329e-01 -6.690000e-01 1.525000e-01 -2.593031e-01 3.451765e-01
1.240000e-01 1.515000e-01 -2.655615e-01 3.448011e-01 1.245000e-01 1.520000e-01 -2.654082e-01 3.447173e-01
1.245000e-01 1.520000e-01 -2.654082e-01 3.447173e-01 1.250000e-01 1.525000e-01 -2.652538e-01 3.446342e-01
-6.695000e-01 1.530000e-01 -2.594854e-01 3.450922e-01 -6.700000e-01 1.535000e-01 -2.596689e-01 3.450088e-01
-6.690000e-01 1.525000e-01 -2.593031e-01 3.451765e-01 -6.695000e-01 1.530000e-01 -2.594854e-01 3.450922e-01
1.250000e-01 1.525000e-01 -2.652538e-01 3.446342e-01 1.250000e-01 1.535000e-01 -2.656192e-01 3.448322e-01
-6.700000e-01 1.535000e-01 -2.596689e-01 3.450088e-01 -6.700000e-01 1.545000e-01 -2.593607e-01 3.451493e-01
1.250000e-01 1.535000e-01 -2.656192e-01 3.448322e-01 1.255000e-01 1.540000e-01 -2.654630e-01 3.447477e-01
1.255000e-01 1.540000e-01 -2.654630e-01 3.447477e-01 1.260000e-01 1.545000e-01 -2.653057e-01 3.446640e-01
-6.705000e-01 1.550000e-01 -2.595462e-01 3.450649e-01 -6.710000e-01 1.555000e-01 -2.597330e-01 3.449815e-01
-6.700000e-01 1.545000e-01 -2.593607e-01 3.451493e-01 -6.705000e-01 1.550000e-01 -2.595462e-01 3.450649e-01
1.260000e-01 1.545000e-01 -2.653057e-01 3.446640e-01 1.260000e-01 1.555000e-01 -2.656687e-01 3.448583e-01
-6.710000e-01 1.555000e-01 -2.597330e-01 3.449815e-01 -6.710000e-01 1.565000e-01 -2.594277e-01 3.451189e-01
1.260000e-01 1.555000e-01 -2.656687e-01 3.448583e-01 1.265000e-01 1.560000e-01 -2.655096e-01 3.447732e-01
1.265000e-01 1.560000e-01 -2.655096e-01 3.447732e-01 1.270000e-01 1.565000e-01 -2.653495e-01 3.446890e-01
-6.710000e-01 1.565000e-01 -2.594277e-01 3.451189e-01 -6.710000e-01 1.575000e-01 -2.591234e-01 3.452543e-01
1.270000e-01 1.565000e-01 -2.653495e-01 3.446890e-01 1.270000e-01 1.575000e-01 -2.657100e-01 3.448797e-01
-6.715000e-01 1.580000e-01 -2.593131e-01 3.451693e-01 -6.720000e-01 1.585000e-01 -2.595041e-01 3.450854e-01
-6.710000e-01 1.575000e-01 -2.591234e-01 3.452543e-01 -6.715000e-01 1.580000e-01 -2.593131e-01 3.451693e-01
1.270000e-01 1.575000e-01 -2.657100e-01 3.448797e-01 1.275000e-01 1.580000e-01 -2.655480e-01 3.447941e-01
1.275000e-01 1.580000e-01 -2.655480e-01 3.447941e-01 1.280000e-01 1.585000e-01 -2.653849e-01 3.447093e-01
-6.720000e-01 1.585000e-01 -2.595041e-01 3.450854e-01 -6.720000e-01 1.595000e-01 -2.592027e-01 3.452178e-01
1.280000e-01 1.585000e-01 -2.653849e-01 3.447093e-01 1.280000e-01 1.595000e-01 -2.657429e-01 3.448964e-01
-6.725000e-01 1.600000e-01 -2.593957e-01 3.451328e-01 -6.730000e-01 1.605000e-01 -2.595899e-01 3.450489e-01
-6.720000e-01 1.595000e-01 -2.592027e-01 3.452178e-01 -6.725000e-01 1.600000e-01 -2.593957e-01 3.451328e-01
1.280000e-01 1.595000e-01 -2.657429e-01 3.448964e-01 1.285000e-01 1.600000e-01 -2.655780e-01 3.448103e-01
1.285000e-01 1.600000e-01 -2.655780e-01 3.448103e-01 1.290000e-01 1.605000e-01 -2.654120e-01 3.447251e-01
-6.730000e-01 1.605000e-01 -2.595899e-01 3.450489e-01 -6.730000e-01 1.615000e-01 -2.592916e-01 3.451784e-01
1.290000e-01 1.605000e-01 -2.654120e-01 3.447251e-01 1.290000e-01 1.615000e-01 -2.657675e-01 3.449086e-01
-6.730000e-01 1.615000e-01 -2.592916e-01 3.451784e-01 -6.730000e-01 1.625000e-01 -2.589942e-01 3.453060e-01
1.290000e-01 1.615000e-01 -2.657675e-01 3.449086e-01 1.295000e-01 1.620000e-01 -2.655997e-01 3.448221e-01
1.295000e-01 1.620000e-01 -2.655997e-01 3.448221e-01 1.300000e-01 1.625000e-01 -2.654308e-01 3.447364e-01
-6.735000e-01 1.630000e-01 -2.591915e-01 3.452206e-01 -6.740000e-01 1.635000e-01 -2.593899e-01 3.451363e-01
-6.730000e-01 1.625000e-01 -2.589942e-01 3.453060e-01 -6.735000e-01 1.630000e-01 -2.591915e-01 3.452206e-01
1.300000e-01 1.625000e-01 -2.654308e-01 3.447364e-01 1.300000e-01 1.635000e-01 -2.657836e-01 3.449165e-01
-6.740000e-01 1.635000e-01 -2.593899e-01 3.451363e-01 -6.740000e-01 1.645000e-01 -2.590956e-01 3.452609e-01
1.300000e-01 1.635000e-01 -2.657836e-01 3.449165e-01 1.305000e-01 1.640000e-01 -2.656129e-01 3.448295e-01
1.305000e-01 1.640000e-01 -2.656129e-01 3.448295e-01 1.310000e-01 1.645000e-01 -2.654411e-01 3.447434e-01
-6.745000e-01 1.650000e-01 -2.592962e-01 3.451757e-01 -6.750000e-01 1.655000e-01 -2.594979e-01 3.450915e-01
-6.740000e-01 1.645000e-01 -2.590956e-01 3.452609e-01 -6.745000e-01 1.650000e-01 -2.592962e-01 3.451757e-01
1.310000e-01 1.645000e-01 -2.654411e-01 3.447434e-01 1.310000e-01 1.655000e-01 -2.657912e-01 3.449200e-01
-6.750000e-01 1.655000e-01 -2.594979e-01 3.450915e-01 -6.750000e-01 1.665000e-01 -2.592068e-01 3.452134e-01
1.310000e-01 1.655000e-01 -2.657912e-01 3.449200e-01 1.315000e-01 1.660000e-01 -2.656176e-01 3.448326e-01
1.315000e-01 1.660000e-01 -2.656176e-01 3.448326e-01 1.320000e-01 1.665000e-01 -2.654428e-01 3.447462e-01
-6.755000e-01 1.670000e-01 -2.594106e-01 3.451283e-01 -6.760000e-01 1.675000e-01 -2.596155e-01 3.450443e-01
-6.750000e-01 1.665000e-01 -2.592068e-01 3.452134e-01 -6.755000e-01 1.670000e-01 -2.594106e-01 3.451283e-01
1.320000e-01 1.665000e-01 -2.654428e-01 3.447462e-01 1.320000e-01 1.675000e-01 -2.657903e-01 3.449194e-01
-6.760000e-01 1.675000e-01 -2.596155e-01 3.450443e-01 -6.760000e-01 1.685000e-01 -2.593275e-01 3.451634e-01
1.320000e-01 1.675000e-01 -2.657903e-01 3.449194e-01 1.320000e-01 1.685000e-01 -2.661369e-01 3.450906e-01
-6.760000e-01 1.685000e-01 -2.593275e-01 3.451634e-01 -6.760000e-01 1.695000e-01 -2.590405e-01 3.452807e-01
1.320000e-01 1.685000e-01 -2.661369e-01 3.450906e-01 1.325000e-01 1.690000e-01 -2.659593e-01 3.450022e-01
1.325000e-01 1.690000e-01 -2.659593e-01 3.450022e-01 1.330000e-01 1.695000e-01 -2.657807e-01 3.449148e-01
-6.765000e-01 1.700000e-01 -2.592487e-01 3.451954e-01 -6.770000e-01 1.705000e-01 -2.594580e-01 3.451112e-01
-6.760000e-01 1.695000e-01 -2.590405e-01 3.452807e-01 -6.765000e-01 1.700000e-01 -2.592487e-01 3.451954e-01
1.330000e-01 1.695000e-01 -2.657807e-01 3.449148e-01 1.330000e-01 1.705000e-01 -2.661246e-01 3.450826e-01
-6.770000e-01 1.705000e-01 -2.594580e-01 3.451112e-01 -6.770000e-01 1.715000e-01 -2.591743e-01 3.452258e-01
1.330000e-01 1.705000e-01 -2.661246e-01 3.450826e-01 1.335000e-01 1.710000e-01 -2.659441e-01 3.449939e-01
1.335000e-01 1.710000e-01 -2.659441e-01 3.449939e-01 1.340000e-01 1.715000e-01 -2.657625e-01 3.449063e-01
-6.770000e-01 1.715000e-01 -2.591743e-01 3.452258e-01 -6.770000e-01 1.725000e-01 -2.588915e-01 3.453386e-01
1.340000e-01 1.715000e-01 -2.657625e-01 3.449063e-01 1.340000e-01 1.725000e-01 -2.661036e-01 3.450708e-01
-6.775000e-01 1.730000e-01 -2.591041e-01 3.452532e-01 -6.780000e-01 1.735000e-01 -2.593178e-01 3.451689e-01
-6.770000e-01 1.725000e-01 -2.588915e-01 3.453386e-01 -6.775000e-01 1.730000e-01 -2.591041e-01 3.452532e-01
1.340000e-01 1.725000e-01 -2.661036e-01 3.450708e-01 1.345000e-01 1.730000e-01 -2.659201e-01 3.449819e-01
1.345000e-01 1.730000e-01 -2.659201e-01 3.449819e-01 1.350000e-01 1.735000e-01 -2.657356e-01 3.448940e-01
-6.780000e-01 1.735000e-01 -2.593178e-01 3.451689e-01 -6.780000e-01 1.745000e-01 -2.590383e-01 3.452790e-01
1.350000e-01 1.735000e-01 -2.657356e-01 3.448940e-01 1.350000e-01 1.745000e-01 -2.660738e-01 3.450552e-01
-6.785000e-01 1.750000e-01 -2.592542e-01 3.451940e-01 -6.790000e-01 1.755000e-01 -2.594711e-01 3.451101e-01
-6.780000e-01 1.745000e-01 -2.590383e-01 3.452790e-01 -6.785000e-01 1.750000e-01 -2.592542e-01 3.451940e-01
1.350000e-01 1.745000e-01 -2.660738e-01 3.450552e-01 1.355000e-01 1.750000e-01 -2.658874e-01 3.449662e-01
1.355000e-01 1.750000e-01 -2.658874e-01 3.449662e-01 1.360000e-01 1.755000e-01 -2.656999e-01 3.448781e-01
-6.790000e-01 1.755000e-01 -2.594711e-01 3.451101e-01 -6.790000e-01 1.765000e-01 -2.591950e-01 3.452177e-01
1.360000e-01 1.755000e-01 -2.656999e-01 3.448781e-01 1.360000e-01 1.765000e-01 -2.660352e-01 3.450361e-01
-6.790000e-01 1.765000e-01 -2.591950e-01 3.452177e-01 -6.790000e-01 1.775000e-01 -2.589199e-01 3.453235e-01
1.360000e-01 1.765000e-01 -2.660352e-01 3.450361e-01 1.365000e-01 1.770000e-01 -2.658458e-01 3.449469e-01
1.365000e-01 1.770000e-01 -2.658458e-01 3.449469e-01 1.370000e-01 1.775000e-01 -2.656553e-01 3.448586e-01
-6.795000e-01 1.780000e-01 -2.591402e-01 3.452385e-01 -6.800000e-01 1.785000e-01 -2.593615e-01 3.451547e-01
-6.790000e-01 1.775000e-01 -2.589199e-01 3.453235e-01 -6.795000e-01 1.780000e-01 -2.591402e-01 3.452385e-01
1.370000e-01 1.775000e-01 -2.656553e-01 3.448586e-01 1.370000e-01 1.785000e-01 -2.659878e-01 3.450135e-01
-6.800000e-01 1.785000e-01 -2.593615e-01 3.451547e-01 -6.800000e-01 1.795000e-01 -2.590898e-01 3.452580e-01
1.370000e-01 1.785000e-01 -2.659878e-01 3.450135e-01 1.370000e-01 1.795000e-01 -2.663194e-01 3.451664e-01
-6.800000e-01 1.795000e-01 -2.590898e-01 3.452580e-01 -6.800000e-01 1.805000e-01 -2.588193e-01 3.453596e-01
1.370000e-01 1.795000e-01 -2.663194e-01 3.451664e-01 1.375000e-01 1.800000e-01 -2.661259e-01 3.450765e-01
1.375000e-01 1.800000e-01 -2.661259e-01 3.450765e-01 1.380000e-01 1.805000e-01 -2.659315e-01 3.449876e-01
-6.805000e-01 1.810000e-01 -2.590439e-01 3.452748e-01 -6.810000e-01 1.815000e-01 -2.592696e-01 3.451911e-01
-6.800000e-01 1.805000e-01 -2.588193e-01 3.453596e-01 -6.805000e-01 1.810000e-01 -2.590439e-01 3.452748e-01
1.380000e-01 1.805000e-01 -2.659315e-01 3.449876e-01 1.380000e-01 1.815000e-01 -2.662600e-01 3.451374e-01
-6.810000e-01 1.815000e-01 -2.592696e-01 3.451911e-01 -6.810000e-01 1.825000e-01 -2.590025e-01 3.452902e-01
1.380000e-01 1.815000e-01 -2.662600e-01 3.451374e-01 1.385000e-01 1.820000e-01 -2.660636e-01 3.450474e-01
1.385000e-01 1.820000e-01 -2.660636e-01 3.450474e-01 1.390000e-01 1.825000e-01 -2.658662e-01 3.449585e-01
-6.810000e-01 1.825000e-01 -2.590025e-01 3.452902e-01 -6.810000e-01 1.835000e-01 -2.587365e-01 3.453876e-01
1.390000e-01 1.825000e-01 -2.658662e-01 3.449585e-01 1.390000e-01 1.835000e-01 -2.661918e-01 3.451052e-01
-6.815000e-01 1.840000e-01 -2.589656e-01 3.453031e-01 -6.820000e-01 1.845000e-01 -2.591957e-01 3.452197e-01
-6.810000e-01 1.835000e-01 -2.587365e-01 3.453876e-01 -6.815000e-01 1.840000e-01 -2.589656e-01 3.453031e-01
1.390000e-01 1.835000e-01 -2.661918e-01 3.451052e-01 1.395000e-01 1.840000e-01 -2.659923e-01 3.450153e-01
1.395000e-01 1.840000e-01 -2.659923e-01 3.450153e-01 1.400000e-01 1.845000e-01 -2.657919e-01 3.449263e-01
-6.820000e-01 1.845000e-01 -2.591957e-01 3.452197e-01 -6.820000e-01 1.855000e-01 -2.589332e-01 3.453148e-01
1.400000e-01 1.845000e-01 -2.657919e-01 3.449263e-01 1.400000e-01 1.855000e-01 -2.661145e-01 3.450700e-01
-6.820000e-01 1.855000e-01 -2.589332e-01 3.453148e-01 -6.820000e-01 1.865000e-01 -2.586719e-01 3.454082e-01
1.400000e-01 1.855000e-01 -2.661145e-01 3.450700e-01 1.405000e-01 1.860000e-01 -2.659120e-01 3.449801e-01
1.405000e-01 1.860000e-01 -2.659120e-01 3.449801e-01 1.410000e-01 1.865000e-01 -2.657086e-01 3.448912e-01
-6.825000e-01 1.870000e-01 -2.589054e-01 3.453239e-01 -6.830000e-01 1.875000e-01 -2.591400e-01 3.452409e-01
-6.820000e-01 1.865000e-01 -2.586719e-01 3.454082e-01 -6.825000e-01 1.870000e-01 -2.589054e-01 3.453239e-01
1.410000e-01 1.865000e-01 -2.657086e-01 3.448912e-01 1.410000e-01 1.875000e-01 -2.660281e-01 3.450320e-01
-6.830000e-01 1.875000e-01 -2.591400e-01 3.452409e-01 -6.830000e-01 1.885000e-01 -2.588822e-01 3.453320e-01
1.410000e-01 1.875000e-01 -2.660281e-01 3.450320e-01 1.410000e-01 1.885000e-01 -2.663466e-01 3.451707e-01
-6.830000e-01 1.885000e-01 -2.588822e-01 3.453320e-01 -6.830000e-01 1.895000e-01 -2.586256e-01 3.454215e-01
1.410000e-01 1.885000e-01 -2.663466e-01 3.451707e-01 1.415000e-01 1.890000e-01 -2.661401e-01 3.450804e-01
1.415000e-01 1.890000e-01 -2.661401e-01 3.450804e-01 1.420000e-01 1.895000e-01 -2.659327e-01 3.449912e-01
-6.835000e-01 1.900000e-01 -2.588636e-01 3.453377e-01 -6.840000e-01 1.905000e-01 -2.591026e-01 3.452551e-01
-6.830000e-01 1.895000e-01 -2.586256e-01 3.454215e-01 -6.835000e-01 1.900000e-01 -2.588636e-01 3.453377e-01
1.420000e-01 1.895000e-01 -2.659327e-01 3.449912e-01 1.420000e-01 1.905000e-01 -2.662480e-01 3.451271e-01
-6.840000e-01 1.905000e-01 -2.591026e-01 3.452551e-01 -6.840000e-01 1.915000e-01 -2.588495e-01 3.453424e-01
1.420000e-01 1.905000e-01 -2.662480e-01 3.451271e-01 1.425000e-01 1.910000e-01 -2.660385e-01 3.450369e-01
1.425000e-01 1.910000e-01 -2.660385e-01 3.450369e-01 1.430000e-01 1.915000e-01 -2.658281e-01 3.449477e-01
-6.840000e-01 1.915000e-01 -2.588495e-01 3.453424e-01 -6.840000e-01 1.925000e-01 -2.585977e-01 3.454281e-01
1.430000e-01 1.915000e-01 -2.658281e-01 3.449477e-01 1.430000e-01 1.925000e-01 -2.661403e-01 3.450808e-01
-6.845000e-01 1.930000e-01 -2.588402e-01 3.453448e-01 -6.850000e-01 1.935000e-01 -2.590836e-01 3.452627e-01
-6.840000e-01 1.925000e-01 -2.585977e-01 3.454281e-01 -6.845000e-01 1.930000e-01 -2.588402e-01 3.453448e-01
1.430000e-01 1.925000e-01 -2.661403e-01 3.450808e-01 1.430000e-01 1.935000e-01 -2.664514e-01 3.452119e-01
-6.850000e-01 1.935000e-01 -2.590836e-01 3.452627e-01 -6.850000e-01 1.945000e-01 -2.588354e-01 3.453463e-01
1.430000e-01 1.935000e-01 -2.664514e-01 3.452119e-01 1.435000e-01 1.940000e-01 -2.662379e-01 3.451215e-01
1.435000e-01 1.940000e-01 -2.662379e-01 3.451215e-01 1.440000e-01 1.945000e-01 -2.660234e-01 3.450321e-01
-6.850000e-01 1.945000e-01 -2.588354e-01 3.453463e-01 -6.850000e-01 1.955000e-01 -2.585884e-01 3.454283e-01
1.440000e-01 1.945000e-01 -2.660234e-01 3.450321e-01 1.440000e-01 1.955000e-01 -2.663313e-01 3.451604e-01
-6.855000e-01 1.960000e-01 -2.588353e-01 3.453457e-01 -6.860000e-01 1.965000e-01 -2.590833e-01 3.452642e-01
-6.850000e-01 1.955000e-01 -2.585884e-01 3.454283e-01 -6.855000e-01 1.960000e-01 -2.588353e-01 3.453457e-01
1.440000e-01 1.955000e-01 -2.663313e-01 3.451604e-01 1.445000e-01 1.960000e-01 -2.661147e-01 3.450703e-01
1.445000e-01 1.960000e-01 -2.661147e-01 3.450703e-01 1.450000e-01 1.965000e-01 -2.658972e-01 3.449811e-01
-6.860000e-01 1.965000e-01 -2.590833e-01 3.452642e-01 -6.860000e-01 1.975000e-01 -2.588400e-01 3.453442e-01
1.450000e-01 1.965000e-01 -2.658972e-01 3.449811e-01 1.450000e-01 1.975000e-01 -2.662019e-01 3.451067e-01
-6.860000e-01 1.975000e-01 -2.588400e-01 3.453442e-01 -6.860000e-01 1.985000e-01 -2.585980e-01 3.454226e-01
1.450000e-01 1.975000e-01 -2.662019e-01 3.451067e-01 1.450000e-01 1.985000e-01 -2.665055e-01 3.452305e-01
-6.865000e-01 1.990000e-01 -2.588494e-01 3.453407e-01 -6.870000e-01 1.995000e-01 -2.591017e-01 3.452599e-01
-6.860000e-01 1.985000e-01 -2.585980e-01 3.454226e-01 -6.865000e-01 1.990000e-01 -2.588494e-01 3.453407e-01
1.450000e-01 1.985000e-01 -2.665055e-01 3.452305e-01 1.455000e-01 1.990000e-01 -2.662848e-01 3.451402e-01
1.455000e-01 1.990000e-01 -2.662848e-01 3.451402e-01 1.460000e-01 1.995000e-01 -2.660632e-01 3.450509e-01
-6.870000e-01 1.995000e-01 -2.591017e-01 3.452599e-01 -6.870000e-01 2.005000e-01 -2.588634e-01 3.453365e-01
1.460000e-01 1.995000e-01 -2.660632e-01 3.450509e-01 1.460000e-01 2.005000e-01 -2.663635e-01 3.451720e-01
-6.870000e-01 2.005000e-01 -2.588634e-01 3.453365e-01 -6.870000e-01 2.015000e-01 -2.586264e-01 3.454114e-01
1.460000e-01 2.005000e-01 -2.663635e-01 3.451720e-01 1.465000e-01 2.010000e-01 -2.661399e-01 3.450821e-01
1.465000e-01 2.010000e-01 -2.661399e-01 3.450821e-01 1.470000e-01 2.015000e-01 -2.659153e-01 3.449932e-01
-6.875000e-01 2.020000e-01 -2.588823e-01 3.453303e-01 -6.880000e-01 2.025000e-01 -2.591391e-01 3.452503e-01
-6.870000e-01 2.015000e-01 -2.586264e-01 3.454114e-01 -6.875000e-01 2.020000e-01 -2.588823e-01 3.453303e-01
1.470000e-01 2.015000e-01 -2.659153e-01 3.449932e-01 1.470000e-01 2.025000e-01 -2.662123e-01 3.451117e-01
-6.880000e-01 2.025000e-01 -2.591391e-01 3.452503e-01 -6.880000e-01 2.035000e-01 -2.589058e-01 3.453235e-01
1.470000e-01 2.025000e-01 -2.662123e-01 3.451117e-01 1.470000e-01 2.035000e-01 -2.665081e-01 3.452283e-01
-6.880000e-01 2.035000e-01 -2.589058e-01 3.453235e-01 -6.880000e-01 2.045000e-01 -2.586739e-01 3.453951e-01
1.470000e-01 2.035000e-01 -2.665081e-01 3.452283e-01 1.475000e-01 2.040000e-01 -2.662803e-01 3.451384e-01
1.475000e-01 2.040000e-01 -2.662803e-01 3.451384e-01 1.480000e-01 2.045000e-01 -2.660517e-01 3.450495e-01
-6.880000e-01 2.045000e-01 -2.586739e-01 3.453951e-01 -6.880000e-01 2.055000e-01 -2.584433e-01 3.454652e-01
1.480000e-01 2.045000e-01 -2.660517e-01 3.450495e-01 1.480000e-01 2.055000e-01 -2.663441e-01 3.451637e-01
-6.885000e-01 2.060000e-01 -2.587049e-01 3.453849e-01 -6.890000e-01 2.065000e-01 -2.589673e-01 3.453057e-01
-6.880000e-01 2.055000e-01 -2.584433e-01 3.454652e-01 -6.885000e-01 2.060000e-01 -2.587049e-01 3.453849e-01
1.480000e-01 2.055000e-01 -2.663441e-01 3.451637e-01 1.480000e-01 2.065000e-01 -2.666354e-01 3.452759e-01
-6.890000e-01 2.065000e-01 -2.589673e-01 3.453057e-01 -6.890000e-01 2.075000e-01 -2.587405e-01 3.453742e-01
1.480000e-01 2.065000e-01 -2.666354e-01 3.452759e-01 1.485000e-01 2.070000e-01 -2.664035e-01 3.451861e-01
1.485000e-01 2.070000e-01 -2.664035e-01 3.451861e-01 1.490000e-01 2.075000e-01 -2.661707e-01 3.450974e-01
-6.890000e-01 2.075000e-01 -2.587405e-01 3.453742e-01 -6.890000e-01 2.085000e-01 -2.585151e-01 3.454410e-01
1.490000e-01 2.075000e-01 -2.661707e-01 3.450974e-01 1.490000e-01 2.085000e-01 -2.664586e-01 3.452072e-01
-6.895000e-01 2.090000e-01 -2.587811e-01 3.453617e-01 -6.900000e-01 2.095000e-01 -2.590480e-01 3.452836e-01
-6.890000e-01 2.085000e-01 -2.585151e-01 3.454410e-01 -6.895000e-01 2.090000e-01 -2.587811e-01 3.453617e-01
1.490000e-01 2.085000e-01 -2.664586e-01 3.452072e-01 1.490000e-01 2.095000e-01 -2.667452e-01 3.453152e-01
-6.900000e-01 2.095000e-01 -2.590480e-01 3.452836e-01 -6.900000e-01 2.105000e-01 -2.588264e-01 3.453490e-01
1.490000e-01 2.095000e-01 -2.667452e-01 3.453152e-01 1.495000e-01 2.100000e-01 -2.665092e-01 3.452257e-01
1.495000e-01 2.100000e-01 -2.665092e-01 3.452257e-01 1.500000e-01 2.105000e-01 -2.662724e-01 3.451371e-01
-6.900000e-01 2.105000e-01 -2.588264e-01 3.453490e-01 -6.900000e-01 2.115000e-01 -2.586062e-01 3.454128e-01
1.500000e-01 2.105000e-01 -2.662724e-01 3.451371e-01 1.500000e-01 2.115000e-01 -2.665556e-01 3.452428e-01
-6.900000e-01 2.115000e-01 -2.586062e-01 3.454128e-01 -6.900000e-01 2.125000e-01 -2.583874e-01 3.454752e-01
1.500000e-01 2.115000e-01 -2.665556e-01 3.452428e-01 1.505000e-01 2.120000e-01 -2.663165e-01 3.451538e-01
1.505000e-01 2.120000e-01 -2.663165e-01 3.451538e-01 1.510000e-01 2.125000e-01 -2.660766e-01 3.450658e-01
-6.905000e-01 2.130000e-01 -2.586592e-01 3.453969e-01 -6.910000e-01 2.135000e-01 -2.589317e-01 3.453199e-01
-6.900000e-01 2.125000e-01 -2.583874e-01 3.454752e-01 -6.905000e-01 2.130000e-01 -2.586592e-01 3.453969e-01
1.510000e-01 2.125000e-01 -2.660766e-01 3.450658e-01 1.510000e-01 2.135000e-01 -2.663564e-01 3.451691e-01
-6.910000e-01 2.135000e-01 -2.589317e-01 3.453199e-01 -6.910000e-01 2.145000e-01 -2.587168e-01 3.453808e-01
1.510000e-01 2.135000e-01 -2.663564e-01 3.451691e-01 1.510000e-01 2.145000e-01 -2.666348e-01 3.452707e-01
-6.910000e-01 2.145000e-01 -2.587168e-01 3.453808e-01 -6.910000e-01 2.155000e-01 -2.585033e-01 3.454403e-01
1.510000e-01 2.145000e-01 -2.666348e-01 3.452707e-01 1.515000e-01 2.150000e-01 -2.663917e-01 3.451820e-01
1.515000e-01 2.150000e-01 -2.663917e-01 3.451820e-01 1.520000e-01 2.155000e-01 -2.661478e-01 3.450944e-01
-6.915000e-01 2.160000e-01 -2.587795e-01 3.453633e-01 -6.920000e-01 2.165000e-01 -2.590565e-01 3.452875e-01
-6.910000e-01 2.155000e-01 -2.585033e-01 3.454403e-01 -6.915000e-01 2.160000e-01 -2.587795e-01 3.453633e-01
1.520000e-01 2.155000e-01 -2.661478e-01 3.450944e-01 1.520000e-01 2.165000e-01 -2.664227e-01 3.451937e-01
-6.920000e-01 2.165000e-01 -2.590565e-01 3.452875e-01 -6.920000e-01 2.175000e-01 -2.588469e-01 3.453456e-01
1.520000e-01 2.165000e-01 -2.664227e-01 3.451937e-01 1.520000e-01 2.175000e-01 -2.666964e-01 3.452913e-01
-6.920000e-01 2.175000e-01 -2.588469e-01 3.453456e-01 -6.920000e-01 2.185000e-01 -2.586387e-01 3.454023e-01
1.520000e-01 2.175000e-01 -2.666964e-01 3.452913e-01 1.525000e-01 2.180000e-01 -2.664491e-01 3.452031e-01
1.525000e-01 2.180000e-01 -2.664491e-01 3.452031e-01 1.530000e-01 2.185000e-01 -2.662010e-01 3.451159e-01
-6.920000e-01 2.185000e-01 -2.586387e-01 3.454023e-01 -6.920000e-01 2.195000e-01 -2.584321e-01 3.454576e-01
1.530000e-01 2.185000e-01 -2.662010e-01 3.451159e-01 1.530000e-01 2.195000e-01 -2.664712e-01 3.452113e-01
-6.925000e-01 2.200000e-01 -2.587140e-01 3.453819e-01 -6.930000e-01 2.205000e-01 -2.589966e-01 3.453075e-01
-6.920000e-01 2.195000e-01 -2.584321e-01 3.454576e-01 -6.925000e-01 2.200000e-01 -2.587140e-01 3.453819e-01
1.530000e-01 2.195000e-01 -2.664712e-01 3.452113e-01 1.530000e-01 2.205000e-01 -2.667400e-01 3.453050e-01
-6.930000e-01 2.205000e-01 -2.589966e-01 3.453075e-01 -6.930000e-01 2.215000e-01 -2.587939e-01 3.453616e-01
1.530000e-01 2.205000e-01 -2.667400e-01 3.453050e-01 1.535000e-01 2.210000e-01 -2.664886e-01 3.452173e-01
1.535000e-01 2.210000e-01 -2.664886e-01 3.452173e-01 1.540000e-01 2.215000e-01 -2.662364e-01 3.451307e-01
-6.930000e-01 2.215000e-01 -2.587939e-01 3.453616e-01 -6.930000e-01 2.225000e-01 -2.585926e-01 3.454143e-01
1.540000e-01 2.215000e-01 -2.662364e-01 3.451307e-01 1.540000e-01 2.225000e-01 -2.665016e-01 3.452223e-01
-6.930000e-01 2.225000e-01 -2.585926e-01 3.454143e-01 -6.930000e-01 2.235000e-01 -2.583929e-01 3.454656e-01
1.540000e-01 2.225000e-01 -2.665016e-01 3.452223e-01 1.540000e-01 2.235000e-01 -2.667655e-01 3.453122e-01
-6.935000e-01 2.240000e-01 -2.586804e-01 3.453915e-01 -6.940000e-01 2.245000e-01 -2.589688e-01 3.453186e-01
-6.930000e-01 2.235000e-01 -2.583929e-01 3.454656e-01 -6.935000e-01 2.240000e-01 -2.586804e-01 3.453915e-01
1.540000e-01 2.235000e-01 -2.667655e-01 3.453122e-01 1.545000e-01 2.240000e-01 -2.665100e-01 3.452251e-01
1.545000e-01 2.240000e-01 -2.665100e-01 3.452251e-01 1.550000e-01 2.245000e-01 -2.662537e-01 3.451391e-01
-6.940000e-01 2.245000e-01 -2.589688e-01 3.453186e-01 -6.940000e-01 2.255000e-01 -2.587730e-01 3.453688e-01
1.550000e-01 2.245000e-01 -2.662537e-01 3.451391e-01 1.550000e-01 2.255000e-01 -2.665140e-01 3.452270e-01
-6.940000e-01 2.255000e-01 -2.587730e-01 3.453688e-01 -6.940000e-01 2.265000e-01 -2.585787e-01 3.454177e-01
1.550000e-01 2.255000e-01 -2.665140e-01 3.452270e-01 1.550000e-01 2.265000e-01 -2.667728e-01 3.453132e-01
-6.940000e-01 2.265000e-01 -2.585787e-01 3.454177e-01 -6.940000e-01 2.275000e-01 -2.583860e-01 3.454652e-01
1.550000e-01 2.265000e-01 -2.667728e-01 3.453132e-01 1.555000e-01 2.270000e-01 -2.665132e-01 3.452268e-01
1.555000e-01 2.270000e-01 -2.665132e-01 3.452268e-01 1.560000e-01 2.275000e-01 -2.662528e-01 3.451415e-01
-6.940000e-01 2.275000e-01 -2.583860e-01 3.454652e-01 -6.940000e-01 2.285000e-01 -2.581948e-01 3.455115e-01
1.560000e-01 2.275000e-01 -2.662528e-01 3.451415e-01 1.560000e-01 2.285000e-01 -2.665081e-01 3.452258e-01
-6.945000e-01 2.290000e-01 -2.584892e-01 3.454392e-01 -6.950000e-01 2.295000e-01 -2.587845e-01 3.453681e-01
-6.940000e-01 2.285000e-01 -2.581948e-01 3.455115e-01 -6.945000e-01 2.290000e-01 -2.584892e-01 3.454392e-01
1.560000e-01 2.285000e-01 -2.665081e-01 3.452258e-01 1.560000e-01 2.295000e-01 -2.667619e-01 3.453085e-01
-6.950000e-01 2.295000e-01 -2.587845e-01 3.453681e-01 -6.950000e-01 2.305000e-01 -2.585973e-01 3.454134e-01
1.560000e-01 2.295000e-01 -2.667619e-01 3.453085e-01 1.560000e-01 2.305000e-01 -2.670143e-01 3.453896e-01
-6.950000e-01 2.305000e-01 -2.585973e-01 3.454134e-01 -6.950000e-01 2.315000e-01 -2.584117e-01 3.454575e-01
1.560000e-01 2.305000e-01 -2.670143e-01 3.453896e-01 1.565000e-01 2.310000e-01 -2.667494e-01 3.453038e-01
1.565000e-01 2.310000e-01 -2.667494e-01 3.453038e-01 1.570000e-01 2.315000e-01 -2.664838e-01 3.452191e-01
-6.950000e-01 2.315000e-01 -2.584117e-01 3.454575e-01 -6.950000e-01 2.325000e-01 -2.582276e-01 3.455003e-01
1.570000e-01 2.315000e-01 -2.664838e-01 3.452191e-01 1.570000e-01 2.325000e-01 -2.667326e-01 3.452984e-01
-6.955000e-01 2.330000e-01 -2.585277e-01 3.454298e-01 -6.960000e-01 2.335000e-01 -2.588286e-01 3.453606e-01
-6.950000e-01 2.325000e-01 -2.582276e-01 3.455003e-01 -6.955000e-01 2.330000e-01 -2.585277e-01 3.454298e-01
1.570000e-01 2.325000e-01 -2.667326e-01 3.452984e-01 1.570000e-01 2.335000e-01 -2.669798e-01 3.453760e-01
-6.960000e-01 2.335000e-01 -2.588286e-01 3.453606e-01 -6.960000e-01 2.345000e-01 -2.586485e-01 3.454025e-01
1.570000e-01 2.335000e-01 -2.669798e-01 3.453760e-01 1.575000e-01 2.340000e-01 -2.667108e-01 3.452911e-01
1.575000e-01 2.340000e-01 -2.667108e-01 3.452911e-01 1.580000e-01 2.345000e-01 -2.664412e-01 3.452074e-01
-6.960000e-01 2.345000e-01 -2.586485e-01 3.454025e-01 -6.960000e-01 2.355000e-01 -2.584701e-01 3.454432e-01
1.580000e-01 2.345000e-01 -2.664412e-01 3.452074e-01 1.580000e-01 2.355000e-01 -2.666848e-01 3.452833e-01
-6.960000e-01 2.355000e-01 -2.584701e-01 3.454432e-01 -6.960000e-01 2.365000e-01 -2.582933e-01 3.454827e-01
1.580000e-01 2.355000e-01 -2.666848e-01 3.452833e-01 1.580000e-01 2.365000e-01 -2.669269e-01 3.453576e-01
-6.960000e-01 2.365000e-01 -2.582933e-01 3.454827e-01 -6.960000e-01 2.375000e-01 -2.581181e-01 3.455210e-01
1.580000e-01 2.365000e-01 -2.669269e-01 3.453576e-01 1.585000e-01 2.370000e-01 -2.666538e-01 3.452737e-01
1.585000e-01 2.370000e-01 -2.666538e-01 3.452737e-01 1.590000e-01 2.375000e-01 -2.663800e-01 3.451909e-01
-6.965000e-01 2.380000e-01 -2.584251e-01 3.454528e-01 -6.970000e-01 2.385000e-01 -2.587327e-01 3.453858e-01
-6.960000e-01 2.375000e-01 -2.581181e-01 3.455210e-01 -6.965000e-01 2.380000e-01 -2.584251e-01 3.454528e-01
1.590000e-01 2.375000e-01 -2.663800e-01 3.451909e-01 1.590000e-01 2.385000e-01 -2.666184e-01 3.452636e-01
-6.970000e-01 2.385000e-01 -2.587327e-01 3.453858e-01 -6.970000e-01 2.395000e-01 -2.585616e-01 3.454234e-01
1.590000e-01 2.385000e-01 -2.666184e-01 3.452636e-01 1.590000e-01 2.395000e-01 -2.668552e-01 3.453348e-01
-6.970000e-01 2.395000e-01 -2.585616e-01 3.454234e-01 -6.970000e-01 2.405000e-01 -2.583921e-01 3.454598e-01
1.590000e-01 2.395000e-01 -2.668552e-01 3.453348e-01 1.590000e-01 2.405000e-01 -2.670906e-01 3.454044e-01
-6.970000e-01 2.405000e-01 -2.583921e-01 3.454598e-01 -6.970000e-01 2.415000e-01 -2.582242e-01 3.454951e-01
1.590000e-01 2.405000e-01 -2.670906e-01 3.454044e-01 1.595000e-01 2.410000e-01 -2.668123e-01 3.453215e-01
1.595000e-01 2.410000e-01 -2.668123e-01 3.453215e-01 1.600000e-01 2.415000e-01 -2.665333e-01 3.452397e-01
-6.970000e-01 2.415000e-01 -2.582242e-01 3.454951e-01 -6.970000e-01 2.425000e-01 -2.580579e-01 3.455293e-01
1.600000e-01 2.415000e-01 -2.665333e-01 3.452397e-01 1.600000e-01 2.425000e-01 -2.667649e-01 3.453078e-01
-6.975000e-01 2.430000e-01 -2.583718e-01 3.454635e-01 -6.980000e-01 2.435000e-01 -2.586863e-01 3.453990e-01
-6.970000e-01 2.425000e-01 -2.580579e-01 3.455293e-01 -6.975000e-01 2.430000e-01 -2.583718e-01 3.454635e-01
1.600000e-01 2.425000e-01 -2.667649e-01 3.453078e-01 1.600000e-01 2.435000e-01 -2.669950e-01 3.453744e-01
-6.980000e-01 2.435000e-01 -2.586863e-01 3.453990e-01 -6.980000e-01 2.445000e-01 -2.585241e-01 3.454326e-01
1.600000e-01 2.435000e-01 -2.669950e-01 3.453744e-01 1.605000e-01 2.440000e-01 -2.667126e-01 3.452926e-01
1.605000e-01 2.440000e-01 -2.667126e-01 3.452926e-01 1.610000e-01 2.445000e-01 -2.664296e-01 3.452120e-01
-6.980000e-01 2.445000e-01 -2.585241e-01 3.454326e-01 -6.980000e-01 2.455000e-01 -2.583637e-01 3.454651e-01
1.610000e-01 2.445000e-01 -2.664296e-01 3.452120e-01 1.610000e-01 2.455000e-01 -2.666558e-01 3.452771e-01
-6.980000e-01 2.455000e-01 -2.583637e-01 3.454651e-01 -6.980000e-01 2.465000e-01 -2.582048e-01 3.454965e-01
1.610000e-01 2.455000e-01 -2.666558e-01 3.452771e-01 1.610000e-01 2.465000e-01 -2.668806e-01 3.453408e-01
-6.980000e-01 2.465000e-01 -2.582048e-01 3.454965e-01 -6.980000e-01 2.475000e-01 -2.580477e-01 3.455269e-01
1.610000e-01 2.465000e-01 -2.668806e-01 3.453408e-01 1.610000e-01 2.475000e-01 -2.671038e-01 3.454030e-01
-6.985000e-01 2.480000e-01 -2.583683e-01 3.454638e-01 -6.990000e-01 2.485000e-01 -2.586896e-01 3.454019e-01
-6.980000e-01 2.475000e-01 -2.580477e-01 3.455269e-01 -6.985000e-01 2.480000e-01 -2.583683e-01 3.454638e-01
1.610000e-01 2.475000e-01 -2.671038e-01 3.454030e-01 1.615000e-01 2.480000e-01 -2.668162e-01 3.453225e-01
1.615000e-01 2.480000e-01 -2.668162e-01 3.453225e-01 1.620000e-01 2.485000e-01 -2.665279e-01 3.452432e-01
-6.990000e-01 2.485000e-01 -2.586896e-01 3.454019e-01 -6.990000e-01 2.495000e-01 -2.585366e-01 3.454318e-01
1.620000e-01 2.485000e-01 -2.665279e-01 3.452432e-01 1.620000e-01 2.495000e-01 -2.667473e-01 3.453040e-01
-6.990000e-01 2.495000e-01 -2.585366e-01 3.454318e-01 -6.990000e-01 2.505000e-01 -2.583852e-01 3.454607e-01
1.620000e-01 2.495000e-01 -2.667473e-01 3.453040e-01 1.620000e-01 2.505000e-01 -2.669651e-01 3.453634e-01
-6.990000e-01 2.505000e-01 -2.583852e-01 3.454607e-01 -6.990000e-01 2.515000e-01 -2.582356e-01 3.454886e-01
1.620000e-01 2.505000e-01 -2.669651e-01 3.453634e-01 1.620000e-01 2.515000e-01 -2.671813e-01 3.454214e-01
-6.990000e-01 2.515000e-01 -2.582356e-01 3.454886e-01 -6.990000e-01 2.525000e-01 -2.580877e-01 3.455155e-01
1.620000e-01 2.515000e-01 -2.671813e-01 3.454214e-01 1.625000e-01 2.520000e-01 -2.668885e-01 3.453423e-01
1.625000e-01 2.520000e-01 -2.668885e-01 3.453423e-01 1.630000e-01 2.525000e-01 -2.665951e-01 3.452645e-01
-6.990000e-01 2.525000e-01 -2.580877e-01 3.455155e-01 -6.990000e-01 2.535000e-01 -2.579415e-01 3.455413e-01
1.630000e-01 2.525000e-01 -2.665951e-01 3.452645e-01 1.630000e-01 2.535000e-01 -2.668075e-01 3.453212e-01
-6.995000e-01 2.540000e-01 -2.582701e-01 3.454815e-01 -7.000000e-01 2.545000e-01 -2.585994e-01 3.454229e-01
-6.990000e-01 2.535000e-01 -2.579415e-01 3.455413e-01 -6.995000e-01 2.540000e-01 -2.582701e-01 3.454815e-01
1.630000e-01 2.535000e-01 -2.668075e-01 3.453212e-01 1.630000e-01 2.545000e-01 -2.670182e-01 3.453766e-01
-7.000000e-01 2.545000e-01 -2.585994e-01 3.454229e-01 -7.000000e-01 2.555000e-01 -2.584573e-01 3.454485e-01
1.630000e-01 2.545000e-01 -2.670182e-01 3.453766e-01 1.630000e-01 2.555000e-01 -2.672274e-01 3.454305e-01
-7.000000e-01 2.555000e-01 -2.584573e-01 3.454485e-01 -7.000000e-01 2.565000e-01 -2.583170e-01 3.454732e-01
1.630000e-01 2.555000e-01 -2.672274e-01 3.454305e-01 1.635000e-01 2.560000e-01 -2.669294e-01 3.453531e-01
1.635000e-01 2.560000e-01 -2.669294e-01 3.453531e-01 1.640000e-01 2.565000e-01 -2.666308e-01 3.452767e-01
-7.000000e-01 2.565000e-01 -2.583170e-01 3.454732e-01 -7.000000e-01 2.575000e-01 -2.581784e-01 3.454969e-01
1.640000e-01 2.565000e-01 -2.666308e-01 3.452767e-01 1.640000e-01 2.575000e-01 -2.668361e-01 3.453296e-01
-7.000000e-01 2.575000e-01 -2.581784e-01 3.454969e-01 -7.000000e-01 2.585000e-01 -2.580415e-01 3.455197e-01
1.640000e-01 2.575000e-01 -2.668361e-01 3.453296e-01 1.640000e-01 2.585000e-01 -2.670398e-01 3.453811e-01
-7.000000e-01 2.585000e-01 -2.580415e-01 3.455197e-01 -7.000000e-01 2.595000e-01 -2.579063e-01 3.455416e-01
1.640000e-01 2.585000e-01 -2.670398e-01 3.453811e-01 1.640000e-01 2.595000e-01 -2.672418e-01 3.454313e-01
-7.005000e-01 2.600000e-01 -2.582429e-01 3.454853e-01 -7.010000e-01 2.605000e-01 -2.585801e-01 3.454303e-01
-7.000000e-01 2.595000e-01 -2.579063e-01 3.455416e-01 -7.005000e-01 2.600000e-01 -2.582429e-01 3.454853e-01
1.640000e-01 2.595000e-01 -2.672418e-01 3.454313e-01 1.645000e-01 2.600000e-01 -2.669386e-01 3.453555e-01
1.645000e-01 2.600000e-01 -2.669386e-01 3.453555e-01 1.650000e-01 2.605000e-01 -2.666349e-01 3.452809e-01
-7.010000e-01 2.605000e-01 -2.585801e-01 3.454303e-01 -7.010000e-01 2.615000e-01 -2.584492e-01 3.454521e-01
1.650000e-01 2.605000e-01 -2.666349e-01 3.452809e-01 1.650000e-01 2.615000e-01 -2.668330e-01 3.453301e-01
-7.010000e-01 2.615000e-01 -2.584492e-01 3.454521e-01 -7.010000e-01 2.625000e-01 -2.583199e-01 3.454730e-01
1.650000e-01 2.615000e-01 -2.668330e-01 3.453301e-01 1.650000e-01 2.625000e-01 -2.670295e-01 3.453779e-01
-7.010000e-01 2.625000e-01 -2.583199e-01 3.454730e-01 -7.010000e-01 2.635000e-01 -2.581925e-01 3.454931e-01
1.650000e-01 2.625000e-01 -2.670295e-01 3.453779e-01 1.650000e-01 2.635000e-01 -2.672243e-01 3.454245e-01
-7.010000e-01 2.635000e-01 -2.581925e-01 3.454931e-01 -7.010000e-01 2.645000e-01 -2.580668e-01 3.455122e-01
1.650000e-01 2.635000e-01 -2.672243e-01 3.454245e-01 1.655000e-01 2.640000e-01 -2.669160e-01 3.453506e-01
1.655000e-01 2.640000e-01 -2.669160e-01 3.453506e-01 1.660000e-01 2.645000e-01 -2.666071e-01 3.452778e-01
-7.010000e-01 2.645000e-01 -2.580668e-01 3.455122e-01 -7.010000e-01 2.655000e-01 -2.579429e-01 3.455305e-01
1.660000e-01 2.645000e-01 -2.666071e-01 3.452778e-01 1.660000e-01 2.655000e-01 -2.667980e-01 3.453234e-01
-7.015000e-01 2.660000e-01 -2.582874e-01 3.454782e-01 -7.020000e-01 2.665000e-01 -2.586325e-01 3.454271e-01
-7.010000e-01 2.655000e-01 -2.579429e-01 3.455305e-01 -7.015000e-01 2.660000e-01 -2.582874e-01 3.454782e-01
1.660000e-01 2.655000e-01 -2.667980e-01 3.453234e-01 1.660000e-01 2.665000e-01 -2.669872e-01 3.453679e-01
-7.020000e-01 2.665000e-01 -2.586325e-01 3.454271e-01 -7.020000e-01 2.675000e-01 -2.585127e-01 3.454455e-01
1.660000e-01 2.665000e-01 -2.669872e-01 3.453679e-01 1.660000e-01 2.675000e-01 -2.671747e-01 3.454110e-01
-7.020000e-01 2.675000e-01 -2.585127e-01 3.454455e-01 -7.020000e-01 2.685000e-01 -2.583948e-01 3.454632e-01
1.660000e-01 2.675000e-01 -2.671747e-01 3.454110e-01 1.660000e-01 2.685000e-01 -2.673606e-01 3.454530e-01
-7.020000e-01 2.685000e-01 -2.583948e-01 3.454632e-01 -7.020000e-01 2.695000e-01 -2.582786e-01 3.454800e-01
1.660000e-01 2.685000e-01 -2.673606e-01 3.454530e-01 1.665000e-01 2.690000e-01 -2.670460e-01 3.453813e-01
1.665000e-01 2.690000e-01 -2.670460e-01 3.453813e-01 1.670000e-01 2.695000e-01 -2.667310e-01 3.453107e-01
-7.020000e-01 2.695000e-01 -2.582786e-01 3.454800e-01 -7.020000e-01 2.705000e-01 -2.581643e-01 3.454961e-01
1.670000e-01 2.695000e-01 -2.667310e-01 3.453107e-01 1.670000e-01 2.705000e-01 -2.669129e-01 3.453519e-01
-7.020000e-01 2.705000e-01 -2.581643e-01 3.454961e-01 -7.020000e-01 2.715000e-01 -2.580518e-01 3.455113e-01
1.670000e-01 2.705000e-01 -2.669129e-01 3.453519e-01 1.670000e-01 2.715000e-01 -2.670931e-01 3.453918e-01
-7.020000e-01 2.715000e-01 -2.580518e-01 3.455113e-01 -7.020000e-01 2.725000e-01 -2.579410e-01 3.455259e-01
1.670000e-01 2.715000e-01 -2.670931e-01 3.453918e-01 1.670000e-01 2.725000e-01 -2.672715e-01 3.454306e-01
-7.020000e-01 2.725000e-01 -2.579410e-01 3.455259e-01 -7.020000e-01 2.735000e-01 -2.578321e-01 3.455396e-01
1.670000e-01 2.725000e-01 -2.672715e-01 3.454306e-01 1.670000e-01 2.735000e-01 -2.674483e-01 3.454682e-01
-7.025000e-01 2.740000e-01 -2.581868e-01 3.454926e-01 -7.030000e-01 2.745000e-01 -2.585420e-01 3.454467e-01
-7.020000e-01 2.735000e-01 -2.578321e-01 3.455396e-01 -7.025000e-01 2.740000e-01 -2.581868e-01 3.454926e-01
1.670000e-01 2.735000e-01 -2.674483e-01 3.454682e-01 1.675000e-01 2.740000e-01 -2.671275e-01 3.453989e-01
1.675000e-01 2.740000e-01 -2.671275e-01 3.453989e-01 1.680000e-01 2.745000e-01 -2.668063e-01 3.453308e-01
-7.030000e-01 2.745000e-01 -2.585420e-01 3.454467e-01 -7.030000e-01 2.755000e-01 -2.584373e-01 3.454608e-01
1.680000e-01 2.745000e-01 -2.668063e-01 3.453308e-01 1.680000e-01 2.755000e-01 -2.669791e-01 3.453678e-01
-7.030000e-01 2.755000e-01 -2.584373e-01 3.454608e-01 -7.030000e-01 2.765000e-01 -2.583344e-01 3.454743e-01
1.680000e-01 2.755000e-01 -2.669791e-01 3.453678e-01 1.680000e-01 2.765000e-01 -2.671501e-01 3.454036e-01
-7.030000e-01 2.765000e-01 -2.583344e-01 3.454743e-01 -7.030000e-01 2.775000e-01 -2.582333e-01 3.454870e-01
1.680000e-01 2.765000e-01 -2.671501e-01 3.454036e-01 1.680000e-01 2.775000e-01 -2.673194e-01 3.454383e-01
-7.030000e-01 2.775000e-01 -2.582333e-01 3.454870e-01 -7.030000e-01 2.785000e-01 -2.581340e-01 3.454990e-01
1.680000e-01 2.775000e-01 -2.673194e-01 3.454383e-01 1.680000e-01 2.785000e-01 -2.674870e-01 3.454719e-01
-7.030000e-01 2.785000e-01 -2.581340e-01 3.454990e-01 -7.030000e-01 2.795000e-01 -2.580366e-01 3.455104e-01
1.680000e-01 2.785000e-01 -2.674870e-01 3.454719e-01 1.685000e-01 2.790000e-01 -2.671601e-01 3.454053e-01
1.685000e-01 2.790000e-01 -2.671601e-01 3.454053e-01 1.690000e-01 2.795000e-01 -2.668327e-01 3.453397e-01
-7.030000e-01 2.795000e-01 -2.580366e-01 3.455104e-01 -7.030000e-01 2.805000e-01 -2.579410e-01 3.455211e-01
1.690000e-01 2.795000e-01 -2.668327e-01 3.453397e-01 1.690000e-01 2.805000e-01 -2.669963e-01 3.453728e-01
-7.030000e-01 2.805000e-01 -2.579410e-01 3.455211e-01 -7.030000e-01 2.815000e-01 -2.578472e-01 3.455311e-01
1.690000e-01 2.805000e-01 -2.669963e-01 3.453728e-01 1.690000e-01 2.815000e-01 -2.671581e-01 3.454049e-01
-7.030000e-01 2.815000e-01 -2.578472e-01 3.455311e-01 -7.030000e-01 2.825000e-01 -2.577553e-01 3.455406e-01
1.690000e-01 2.815000e-01 -2.671581e-01 3.454049e-01 1.690000e-01 2.825000e-01 -2.673182e-01 3.454359e-01
-7.035000e-01 2.830000e-01 -2.581213e-01 3.454999e-01 -7.040000e-01 2.835000e-01 -2.584878e-01 3.454605e-01
-7.030000e-01 2.825000e-01 -2.577553e-01 3.455406e-01 -7.035000e-01 2.830000e-01 -2.581213e-01 3.454999e-01
1.690000e-01 2.825000e-01 -2.673182e-01 3.454359e-01 1.690000e-01 2.835000e-01 -2.674765e-01 3.454658e-01
-7.040000e-01 2.835000e-01 -2.584878e-01 3.454605e-01 -7.040000e-01 2.845000e-01 -2.584001e-01 3.454706e-01
1.690000e-01 2.835000e-01 -2.674765e-01 3.454658e-01 1.695000e-01 2.840000e-01 -2.671434e-01 3.454019e-01
1.695000e-01 2.840000e-01 -2.671434e-01 3.454019e-01 1.700000e-01 2.845000e-01 -2.668100e-01 3.453392e-01
-7.040000e-01 2.845000e-01 -2.584001e-01 3.454706e-01 -7.040000e-01 2.855000e-01 -2.583143e-01 3.454800e-01
1.700000e-01 2.845000e-01 -2.668100e-01 3.453392e-01 1.700000e-01 2.855000e-01 -2.669642e-01 3.453688e-01
-7.040000e-01 2.855000e-01 -2.583143e-01 3.454800e-01 -7.040000e-01 2.865000e-01 -2.582303e-01 3.454889e-01
1.700000e-01 2.855000e-01 -2.669642e-01 3.453688e-01 1.700000e-01 2.865000e-01 -2.671167e-01 3.453973e-01
-7.040000e-01 2.865000e-01 -2.582303e-01 3.454889e-01 -7.040000e-01 2.875000e-01 -2.581482e-01 3.454972e-01
1.700000e-01 2.865000e-01 -2.671167e-01 3.453973e-01 1.700000e-01 2.875000e-01 -2.672675e-01 3.454249e-01
-7.040000e-01 2.875000e-01 -2.581482e-01 3.454972e-01 -7.040000e-01 2.885000e-01 -2.580679e-01 3.455050e-01
1.700000e-01 2.875000e-01 -2.672675e-01 3.454249e-01 1.700000e-01 2.885000e-01 -2.674164e-01 3.454514e-01
-7.040000e-01 2.885000e-01 -2.580679e-01 3.455050e-01 -7.040000e-01 2.895000e-01 -2.579895e-01 3.455122e-01
1.700000e-01 2.885000e-01 -2.674164e-01 3.454514e-01 1.700000e-01 2.895000e-01 -2.675636e-01 3.454770e-01
-7.040000e-01 2.895000e-01 -2.579895e-01 3.455122e-01 -7.040000e-01 2.905000e-01 -2.579130e-01 3.455189e-01
1.700000e-01 2.895000e-01 -2.675636e-01 3.454770e-01 1.705000e-01 2.900000e-01 -2.672233e-01 3.454166e-01
1.705000e-01 2.900000e-01 -2.672233e-01 3.454166e-01 1.710000e-01 2.905000e-01 -2.668827e-01 3.453573e-01
-7.040000e-01 2.905000e-01 -2.579130e-01 3.455189e-01 -7.040000e-01 2.915000e-01 -2.578384e-01 3.455251e-01
1.710000e-01 2.905000e-01 -2.668827e-01 3.453573e-01 1.710000e-01 2.915000e-01 -2.670258e-01 3.453827e-01
-7.040000e-01 2.915000e-01 -2.578384e-01 3.455251e-01 -7.040000e-01 2.925000e-01 -2.577656e-01 3.455307e-01
1.710000e-01 2.915000e-01 -2.670258e-01 3.453827e-01 1.710000e-01 2.925000e-01 -2.671672e-01 3.454071e-01
-7.040000e-01 2.925000e-01 -2.577656e-01 3.455307e-01 -7.040000e-01 2.935000e-01 -2.576948e-01 3.455359e-01
1.710000e-01 2.925000e-01 -2.671672e-01 3.454071e-01 1.710000e-01 2.935000e-01 -2.673067e-01 3.454306e-01
-7.045000e-01 2.940000e-01 -2.580741e-01 3.455038e-01 -7.050000e-01 2.945000e-01 -2.584539e-01 3.454728e-01
-7.040000e-01 2.935000e-01 -2.576948e-01 3.455359e-01 -7.045000e-01 2.940000e-01 -2.580741e-01 3.455038e-01
1.710000e-01 2.935000e-01 -2.673067e-01 3.454306e-01 1.710000e-01 2.945000e-01 -2.674444e-01 3.454531e-01
-7.050000e-01 2.945000e-01 -2.584539e-01 3.454728e-01 -7.050000e-01 2.955000e-01 -2.583873e-01 3.454789e-01
1.710000e-01 2.945000e-01 -2.674444e-01 3.454531e-01 1.710000e-01 2.955000e-01 -2.675802e-01 3.454748e-01
-7.050000e-01 2.955000e-01 -2.583873e-01 3.454789e-01 -7.050000e-01 2.965000e-01 -2.583225e-01 3.454846e-01
1.710000e-01 2.955000e-01 -2.675802e-01 3.454748e-01 1.715000e-01 2.960000e-01 -2.672329e-01 3.454181e-01
1.715000e-01 2.960000e-01 -2.672329e-01 3.454181e-01 1.720000e-01 2.965000e-01 -2.668852e-01 3.453626e-01
-7.050000e-01 2.965000e-01 -2.583225e-01 3.454846e-01 -7.050000e-01 2.975000e-01 -2.582596e-01 3.454898e-01
1.720000e-01 2.965000e-01 -2.668852e-01 3.453626e-01 1.720000e-01 2.975000e-01 -2.670171e-01 3.453842e-01
-7.050000e-01 2.975000e-01 -2.582596e-01 3.454898e-01 -7.050000e-01 2.985000e-01 -2.581986e-01 3.454947e-01
1.720000e-01 2.975000e-01 -2.670171e-01 3.453842e-01 1.720000e-01 2.985000e-01 -2.671471e-01 3.454050e-01
-7.050000e-01 2.985000e-01 -2.581986e-01 3.454947e-01 -7.050000e-01 2.995000e-01 -2.581395e-01 3.454991e-01
1.720000e-01 2.985000e-01 -2.671471e-01 3.454050e-01 1.720000e-01 2.995000e-01 -2.672753e-01 3.454249e-01
-7.050000e-01 2.995000e-01 -2.581395e-01 3.454991e-01 -7.050000e-01 3.005000e-01 -2.580823e-01 3.455031e-01
-2.675000e-01 3.000000e-01 -2.568590e-01 6.152600e-01 -2.680000e-01 3.005000e-01 -2.538354e-01 6.150429e-01
-2.675000e-01 3.000000e-01 -2.568590e-01 6.152600e-01 -2.665000e-01 3.000000e-01 -2.625021e-01 6.155538e-01
-2.665000e-01 3.000000e-01 -2.625021e-01 6.155538e-01 -2.655000e-01 3.000000e-01 -2.681454e-01 6.157288e-01
-2.655000e-01 3.000000e-01 -2.681454e-01 6.157288e-01 -2.650000e-01 3.005000e-01 -2.709356e-01 6.157607e-01
1.720000e-01 2.995000e-01 -2.672753e-01 3.454249e-01 1.720000e-01 3.005000e-01 -2.674016e-01 3.454440e-01
-7.050000e-01 3.005000e-01 -2.580823e-01 3.455031e-01 -7.050000e-01 3.015000e-01 -2.580270e-01 3.455067e-01
-2.755000e-01 3.010000e-01 -2.113298e-01 6.085027e-01 -2.760000e-01 3.015000e-01 -2.079506e-01 6.076720e-01
-2.755000e-01 3.010000e-01 -2.113298e-01 6.085027e-01 -2.745000e-01 3.010000e-01 -2.168162e-01 6.097385e-01
-2.745000e-01 3.010000e-01 -2.168162e-01 6.097385e-01 -2.735000e-01 3.010000e-01 -2.223619e-01 6.108679e-01
-2.735000e-01 3.010000e-01 -2.223619e-01 6.108679e-01 -2.725000e-01 3.010000e-01 -2.279605e-01 6.118873e-01
-2.725000e-01 3.010000e-01 -2.279605e-01 6.118873e-01 -2.715000e-01 3.010000e-01 -2.336051e-01 6.127936e-01
-2.715000e-01 3.010000e-01 -2.336051e-01 6.127936e-01 -2.705000e-01 3.010000e-01 -2.392886e-01 6.135838e-01
-2.705000e-01 3.010000e-01 -2.392886e-01 6.135838e-01 -2.695000e-01 3.010000e-01 -2.450038e-01 6.142557e-01
-2.695000e-01 3.010000e-01 -2.450038e-01 6.142557e-01 -2.685000e-01 3.010000e-01 -2.507430e-01 6.148071e-01
-2.680000e-01 3.005000e-01 -2.538354e-01 6.150429e-01 -2.685000e-01 3.010000e-01 -2.507430e-01 6.148071e-01
-2.650000e-01 3.005000e-01 -2.709356e-01 6.157607e-01 -2.645000e-01 3.010000e-01 -2.737848e-01 6.157849e-01
-2.645000e-01 3.010000e-01 -2.737848e-01 6.157849e-01 -2.635000e-01 3.010000e-01 -2.795274e-01 6.157205e-01
-2.635000e-01 3.010000e-01 -2.795274e-01 6.157205e-01 -2.625000e-01 3.010000e-01 -2.852472e-01 6.155335e-01
-2.625000e-01 3.010000e-01 -2.852472e-01 6.155335e-01 -2.615000e-01 3.010000e-01 -2.909367e-01 6.152253e-01
-2.615000e-01 3.010000e-01 -2.909367e-01 6.152253e-01 -2.605000e-01 3.010000e-01 -2.965884e-01 6.147976e-01
-2.605000e-01 3.010000e-01 -2.965884e-01 6.147976e-01 -2.595000e-01 3.010000e-01 -3.021953e-01 6.142526e-01
-2.595000e-01 3.010000e-01 -3.021953e-01 6.142526e-01 -2.585000e-01 3.010000e-01 -3.077505e-01 6.135928e-01
-2.585000e-01 3.010000e-01 -3.077505e-01 6.135928e-01 -2.575000e-01 3.010000e-01 -3.132474e-01 6.128213e-01
-2.575000e-01 3.010000e-01 -3.132474e-01 6.128213e-01 -2.570000e-01 3.015000e-01 -3.164033e-01 6.123136e-01
1.720000e-01 3.005000e-01 -2.674016e-01 3.454440e-01 1.720000e-01 3.015000e-01 -2.675261e-01 3.454622e-01
-7.050000e-01 3.015000e-01 -2.580270e-01 3.455067e-01 -7.050000e-01 3.025000e-01 -2.579736e-01 3.455100e-01
-2.795000e-01 3.020000e-01 -1.884026e-01 6.020394e-01 -2.800000e-01 3.025000e-01 -1.849263e-01 6.008600e-01
-2.795000e-01 3.020000e-01 -1.884026e-01 6.020394e-01 -2.785000e-01 3.020000e-01 -1.936818e-01 6.037183e-01
-2.785000e-01 3.020000e-01 -1.936818e-01 6.037183e-01 -2.775000e-01 3.020000e-01 -1.990476e-01 6.053057e-01
-2.775000e-01 3.020000e-01 -1.990476e-01 6.053057e-01 -2.765000e-01 3.020000e-01 -2.044946e-01 6.067966e-01
-2.760000e-01 3.015000e-01 -2.079506e-01 6.076720e-01 -2.765000e-01 3.020000e-01 -2.044946e-01 6.067966e-01
-2.570000e-01 3.015000e-01 -3.164033e-01 6.123136e-01 -2.565000e-01 3.020000e-01 -3.196302e-01 6.117756e-01
-2.565000e-01 3.020000e-01 -3.196302e-01 6.117756e-01 -2.555000e-01 3.020000e-01 -3.250968e-01 6.107536e-01
-2.555000e-01 3.020000e-01 -3.250968e-01 6.107536e-01 -2.545000e-01 3.020000e-01 -3.304833e-01 6.096275e-01
-2.545000e-01 3.020000e-01 -3.304833e-01 6.096275e-01 -2.535000e-01 3.020000e-01 -3.357845e-01 6.084017e-01
-2.535000e-01 3.020000e-01 -3.357845e-01 6.084017e-01 -2.530000e-01 3.025000e-01 -3.390502e-01 6.075771e-01
1.720000e-01 3.015000e-01 -2.675261e-01 3.454622e-01 1.720000e-01 3.025000e-01 -2.676487e-01 3.454795e-01
-7.050000e-01 3.025000e-01 -2.579736e-01 3.455100e-01 -7.050000e-01 3.035000e-01 -2.579222e-01 3.455129e-01
-2.825000e-01 3.030000e-01 -1.711368e-01 5.957217e-01 -2.830000e-01 3.035000e-01 -1.676276e-01 5.942676e-01
-2.825000e-01 3.030000e-01 -1.711368e-01 5.957217e-01 -2.815000e-01 3.030000e-01 -1.762039e-01 5.977105e-01
-2.815000e-01 3.030000e-01 -1.762039e-01 5.977105e-01 -2.805000e-01 3.030000e-01 -1.813757e-01 5.996223e-01
-2.800000e-01 3.025000e-01 -1.849263e-01 6.008600e-01 -2.805000e-01 3.030000e-01 -1.813757e-01 5.996223e-01
-2.530000e-01 3.025000e-01 -3.390502e-01 6.075771e-01 -2.525000e-01 3.030000e-01 -3.423872e-01 6.067092e-01
-2.525000e-01 3.030000e-01 -3.423872e-01 6.067092e-01 -2.515000e-01 3.030000e-01 -3.475927e-01 6.052470e-01
-2.515000e-01 3.030000e-01 -3.475927e-01 6.052470e-01 -2.505000e-01 3.030000e-01 -3.526946e-01 6.036976e-01
-2.505000e-01 3.030000e-01 -3.526946e-01 6.036976e-01 -2.500000e-01 3.035000e-01 -3.560073e-01 6.026187e-01
1.720000e-01 3.025000e-01 -2.676487e-01 3.454795e-01 1.725000e-01 3.030000e-01 -2.672933e-01 3.454274e-01
1.725000e-01 3.030000e-01 -2.672933e-01 3.454274e-01 1.730000e-01 3.035000e-01 -2.669376e-01 3.453764e-01
-7.050000e-01 3.035000e-01 -2.579222e-01 3.455129e-01 -7.050000e-01 3.045000e-01 -2.578726e-01 3.455154e-01
-2.855000e-01 3.040000e-01 -1.543457e-01 5.882940e-01 -2.860000e-01 3.045000e-01 -1.508555e-01 5.865747e-01
-2.855000e-01 3.040000e-01 -1.543457e-01 5.882940e-01 -2.845000e-01 3.040000e-01 -1.591380e-01 5.905496e-01
-2.845000e-01 3.040000e-01 -1.591380e-01 5.905496e-01 -2.835000e-01 3.040000e-01 -1.640491e-01 5.927455e-01
-2.830000e-01 3.035000e-01 -1.676276e-01 5.942676e-01 -2.835000e-01 3.040000e-01 -1.640491e-01 5.927455e-01
-2.500000e-01 3.035000e-01 -3.560073e-01 6.026187e-01 -2.495000e-01 3.040000e-01 -3.593887e-01 6.014864e-01
-2.495000e-01 3.040000e-01 -3.593887e-01 6.014864e-01 -2.485000e-01 3.040000e-01 -3.643478e-01 5.997199e-01
-2.485000e-01 3.040000e-01 -3.643478e-01 5.997199e-01 -2.475000e-01 3.040000e-01 -3.691888e-01 5.978816e-01
-2.475000e-01 3.040000e-01 -3.691888e-01 5.978816e-01 -2.470000e-01 3.045000e-01 -3.725010e-01 5.965505e-01
1.730000e-01 3.035000e-01 -2.669376e-01 3.453764e-01 1.730000e-01 3.045000e-01 -2.670562e-01 3.453940e-01
-7.050000e-01 3.045000e-01 -2.578726e-01 3.455154e-01 -7.050000e-01 3.055000e-01 -2.578250e-01 3.455177e-01
-2.875000e-01 3.050000e-01 -1.427094e-01 5.823506e-01 -2.880000e-01 3.055000e-01 -1.392416e-01 5.804385e-01
-2.875000e-01 3.050000e-01 -1.427094e-01 5.823506e-01 -2.865000e-01 3.050000e-01 -1.473039e-01 5.847796e-01
-2.860000e-01 3.045000e-01 -1.508555e-01 5.865747e-01 -2.865000e-01 3.050000e-01 -1.473039e-01 5.847796e-01
-2.470000e-01 3.045000e-01 -3.725010e-01 5.965505e-01 -2.465000e-01 3.050000e-01 -3.758765e-01 5.951570e-01
-2.465000e-01 3.050000e-01 -3.758765e-01 5.951570e-01 -2.455000e-01 3.050000e-01 -3.805334e-01 5.931291e-01
-2.455000e-01 3.050000e-01 -3.805334e-01 5.931291e-01 -2.450000e-01 3.055000e-01 -3.838386e-01 5.916134e-01
1.730000e-01 3.045000e-01 -2.670562e-01 3.453940e-01 1.730000e-01 3.055000e-01 -2.671730e-01 3.454108e-01
-7.050000e-01 3.055000e-01 -2.578250e-01 3.455177e-01 -7.050000e-01 3.065000e-01 -2.577792e-01 3.455196e-01
-2.895000e-01 3.060000e-01 -1.313492e-01 5.758690e-01 -2.900000e-01 3.065000e-01 -1.279294e-01 5.737732e-01
-2.895000e-01 3.060000e-01 -1.313492e-01 5.758690e-01 -2.885000e-01 3.060000e-01 -1.357187e-01 5.784454e-01
-2.880000e-01 3.055000e-01 -1.392416e-01 5.804385e-01 -2.885000e-01 3.060000e-01 -1.357187e-01 5.784454e-01
-2.450000e-01 3.055000e-01 -3.838386e-01 5.916134e-01 -2.445000e-01 3.060000e-01 -3.872024e-01 5.900292e-01
-2.445000e-01 3.060000e-01 -3.872024e-01 5.900292e-01 -2.435000e-01 3.060000e-01 -3.916481e-01 5.878330e-01
-2.435000e-01 3.060000e-01 -3.916481e-01 5.878330e-01 -2.430000e-01 3.065000e-01 -3.949227e-01 5.861373e-01
1.730000e-01 3.055000e-01 -2.671730e-01 3.454108e-01 1.730000e-01 3.065000e-01 -2.672879e-01 3.454268e-01
-7.050000e-01 3.065000e-01 -2.577792e-01 3.455196e-01 -7.050000e-01 3.075000e-01 -2.577354e-01 3.455212e-01
-2.905000e-01 3.070000e-01 -1.244621e-01 5.715925e-01 -2.910000e-01 3.075000e-01 -1.210539e-01 5.693667e-01
-2.900000e-01 3.065000e-01 -1.279294e-01 5.737732e-01 -2.905000e-01 3.070000e-01 -1.244621e-01 5.715925e-01
-2.430000e-01 3.065000e-01 -3.949227e-01 5.861373e-01 -2.425000e-01 3.070000e-01 -3.982499e-01 5.843680e-01
-2.425000e-01 3.070000e-01 -3.982499e-01 5.843680e-01 -2.415000e-01 3.070000e-01 -4.024610e-01 5.820279e-01
-2.415000e-01 3.070000e-01 -4.024610e-01 5.820279e-01 -2.410000e-01 3.075000e-01 -4.056822e-01 5.801600e-01
1.730000e-01 3.065000e-01 -2.672879e-01 3.454268e-01 1.730000e-01 3.075000e-01 -2.674009e-01 3.454420e-01
-7.050000e-01 3.075000e-01 -2.577354e-01 3.455212e-01 -7.050000e-01 3.085000e-01 -2.576935e-01 3.455225e-01
-2.925000e-01 3.080000e-01 -1.136067e-01 5.642758e-01 -2.930000e-01 3.085000e-01 -1.102868e-01 5.618852e-01
-2.925000e-01 3.080000e-01 -1.136067e-01 5.642758e-01 -2.915000e-01 3.080000e-01 -1.176027e-01 5.670529e-01
-2.910000e-01 3.075000e-01 -1.210539e-01 5.693667e-01 -2.915000e-01 3.080000e-01 -1.176027e-01 5.670529e-01
-2.410000e-01 3.075000e-01 -4.056822e-01 5.801600e-01 -2.405000e-01 3.080000e-01 -4.089490e-01 5.782144e-01
-2.405000e-01 3.080000e-01 -4.089490e-01 5.782144e-01 -2.395000e-01 3.080000e-01 -4.129067e-01 5.757572e-01
-2.395000e-01 3.080000e-01 -4.129067e-01 5.757572e-01 -2.390000e-01 3.085000e-01 -4.160527e-01 5.737280e-01
1.730000e-01 3.075000e-01 -2.674009e-01 3.454420e-01 1.730000e-01 3.085000e-01 -2.675121e-01 3.454565e-01
-7.050000e-01 3.085000e-01 -2.576935e-01 3.455225e-01 -7.050000e-01 3.095000e-01 -2.576536e-01 3.455235e-01
-2.935000e-01 3.090000e-01 -1.069332e-01 5.594055e-01 -2.940000e-01 3.095000e-01 -1.036510e-01 5.568947e-01
-2.930000e-01 3.085000e-01 -1.102868e-01 5.618852e-01 -2.935000e-01 3.090000e-01 -1.069332e-01 5.594055e-01
-2.390000e-01 3.085000e-01 -4.160527e-01 5.737280e-01 -2.385000e-01 3.090000e-01 -4.192366e-01 5.716182e-01
-2.385000e-01 3.090000e-01 -4.192366e-01 5.716182e-01 -2.380000e-01 3.095000e-01 -4.223546e-01 5.694728e-01
1.730000e-01 3.085000e-01 -2.675121e-01 3.454565e-01 1.730000e-01 3.095000e-01 -2.676214e-01 3.454702e-01
-7.055000e-01 3.100000e-01 -2.580516e-01 3.455049e-01 -7.060000e-01 3.105000e-01 -2.584500e-01 3.454874e-01
-7.050000e-01 3.095000e-01 -2.576536e-01 3.455235e-01 -7.055000e-01 3.100000e-01 -2.580516e-01 3.455049e-01
-2.955000e-01 3.100000e-01 -9.677171e-02 5.513938e-01 -2.960000e-01 3.105000e-01 -9.361389e-02 5.487459e-01
-2.955000e-01 3.100000e-01 -9.677171e-02 5.513938e-01 -2.945000e-01 3.100000e-01 -1.003408e-01 5.542932e-01
-2.940000e-01 3.095000e-01 -1.036510e-01 5.568947e-01 -2.945000e-01 3.100000e-01 -1.003408e-01 5.542932e-01
-2.380000e-01 3.095000e-01 -4.223546e-01 5.694728e-01 -2.375000e-01 3.100000e-01 -4.255058e-01 5.672443e-01
-2.375000e-01 3.100000e-01 -4.255058e-01 5.672443e-01 -2.370000e-01 3.105000e-01 -4.285866e-01 5.649851e-01
1.730000e-01 3.095000e-01 -2.676214e-01 3.454702e-01 1.730000e-01 3.105000e-01 -2.677288e-01 3.454832e-01
-7.060000e-01 3.105000e-01 -2.584500e-01 3.454874e-01 -7.060000e-01 3.115000e-01 -2.584142e-01 3.454898e-01
-2.965000e-01 3.110000e-01 -9.043795e-02 5.460086e-01 -2.970000e-01 3.115000e-01 -8.734194e-02 5.432562e-01
-2.960000e-01 3.105000e-01 -9.361389e-02 5.487459e-01 -2.965000e-01 3.110000e-01 -9.043795e-02 5.460086e-01
-2.370000e-01 3.105000e-01 -4.285866e-01 5.649851e-01 -2.365000e-01 3.110000e-01 -4.316955e-01 5.626409e-01
-2.365000e-01 3.110000e-01 -4.316955e-01 5.626409e-01 -2.355000e-01 3.110000e-01 -4.351038e-01 5.599798e-01
-2.355000e-01 3.110000e-01 -4.351038e-01 5.599798e-01 -2.350000e-01 3.115000e-01 -4.380641e-01 5.575881e-01
1.730000e-01 3.105000e-01 -2.677288e-01 3.454832e-01 1.735000e-01 3.110000e-01 -2.673644e-01 3.454366e-01
1.735000e-01 3.110000e-01 -2.673644e-01 3.454366e-01 1.740000e-01 3.115000e-01 -2.669996e-01 3.453910e-01
-7.060000e-01 3.115000e-01 -2.584142e-01 3.454898e-01 -7.060000e-01 3.125000e-01 -2.583803e-01 3.454920e-01
-2.975000e-01 3.120000e-01 -8.423401e-02 5.404144e-01 -2.980000e-01 3.125000e-01 -8.120906e-02 5.375639e-01
-2.970000e-01 3.115000e-01 -8.734194e-02 5.432562e-01 -2.975000e-01 3.120000e-01 -8.423401e-02 5.404144e-01
-2.350000e-01 3.115000e-01 -4.380641e-01 5.575881e-01 -2.345000e-01 3.120000e-01 -4.410434e-01 5.551118e-01
-2.345000e-01 3.120000e-01 -4.410434e-01 5.551118e-01 -2.340000e-01 3.125000e-01 -4.439453e-01 5.526191e-01
1.740000e-01 3.115000e-01 -2.669996e-01 3.453910e-01 1.740000e-01 3.125000e-01 -2.671030e-01 3.454045e-01
-7.060000e-01 3.125000e-01 -2.583803e-01 3.454920e-01 -7.060000e-01 3.135000e-01 -2.583483e-01 3.454940e-01
-2.985000e-01 3.130000e-01 -7.817855e-02 5.346249e-01 -2.990000e-01 3.135000e-01 -7.523342e-02 5.316836e-01
-2.980000e-01 3.125000e-01 -8.120906e-02 5.375639e-01 -2.985000e-01 3.130000e-01 -7.817855e-02 5.346249e-01
-2.340000e-01 3.125000e-01 -4.439453e-01 5.526191e-01 -2.335000e-01 3.130000e-01 -4.468608e-01 5.500412e-01
-2.335000e-01 3.130000e-01 -4.468608e-01 5.500412e-01 -2.330000e-01 3.135000e-01 -4.496962e-01 5.474526e-01
1.740000e-01 3.125000e-01 -2.671030e-01 3.454045e-01 1.740000e-01 3.135000e-01 -2.672045e-01 3.454172e-01
-7.060000e-01 3.135000e-01 -2.583483e-01 3.454940e-01 -7.060000e-01 3.145000e-01 -2.583183e-01 3.454958e-01
-2.995000e-01 3.140000e-01 -7.228922e-02 5.286554e-01 -3.000000e-01 3.145000e-01 -6.943208e-02 5.256312e-01
-2.990000e-01 3.135000e-01 -7.523342e-02 5.316836e-01 -2.995000e-01 3.140000e-01 -7.228922e-02 5.286554e-01
-2.330000e-01 3.135000e-01 -4.496962e-01 5.474526e-01 -2.325000e-01 3.140000e-01 -4.525394e-01 5.447787e-01
-2.325000e-01 3.140000e-01 -4.525394e-01 5.447787e-01 -2.320000e-01 3.145000e-01 -4.553005e-01 5.421001e-01
1.740000e-01 3.135000e-01 -2.672045e-01 3.454172e-01 1.740000e-01 3.145000e-01 -2.673041e-01 3.454293e-01
-7.060000e-01 3.145000e-01 -2.583183e-01 3.454958e-01 -7.060000e-01 3.155000e-01 -2.582902e-01 3.454973e-01
-3.005000e-01 3.150000e-01 -6.658235e-02 5.225224e-01 -3.010000e-01 3.155000e-01 -6.382066e-02 5.194242e-01
-3.000000e-01 3.145000e-01 -6.943208e-02 5.256312e-01 -3.005000e-01 3.150000e-01 -6.658235e-02 5.225224e-01
-2.320000e-01 3.145000e-01 -4.553005e-01 5.421001e-01 -2.315000e-01 3.150000e-01 -4.580636e-01 5.393369e-01
-2.315000e-01 3.150000e-01 -4.580636e-01 5.393369e-01 -2.310000e-01 3.155000e-01 -4.607432e-01 5.365748e-01
1.740000e-01 3.145000e-01 -2.673041e-01 3.454293e-01 1.740000e-01 3.155000e-01 -2.674019e-01 3.454407e-01
-7.060000e-01 3.155000e-01 -2.582902e-01 3.454973e-01 -7.060000e-01 3.165000e-01 -2.582640e-01 3.454987e-01
-3.015000e-01 3.160000e-01 -6.107277e-02 5.162442e-01 -3.020000e-01 3.165000e-01 -5.841325e-02 5.130810e-01
-3.010000e-01 3.155000e-01 -6.382066e-02 5.194242e-01 -3.015000e-01 3.160000e-01 -6.107277e-02 5.162442e-01
-2.310000e-01 3.155000e-01 -4.607432e-01 5.365748e-01 -2.305000e-01 3.160000e-01 -4.634188e-01 5.337295e-01
-2.305000e-01 3.160000e-01 -4.634188e-01 5.337295e-01 -2.300000e-01 3.165000e-01 -4.660103e-01 5.308912e-01
1.740000e-01 3.155000e-01 -2.674019e-01 3.454407e-01 1.740000e-01 3.165000e-01 -2.674977e-01 3.454515e-01
-7.060000e-01 3.165000e-01 -2.582640e-01 3.454987e-01 -7.060000e-01 3.175000e-01 -2.582398e-01 3.454999e-01
-3.025000e-01 3.170000e-01 -5.577367e-02 5.098395e-01 -3.030000e-01 3.175000e-01 -5.322215e-02 5.066209e-01
-3.020000e-01 3.165000e-01 -5.841325e-02 5.130810e-01 -3.025000e-01 3.170000e-01 -5.577367e-02 5.098395e-01
-2.300000e-01 3.165000e-01 -4.660103e-01 5.308912e-01 -2.295000e-01 3.170000e-01 -4.685918e-01 5.279715e-01
-2.295000e-01 3.170000e-01 -4.685918e-01 5.279715e-01 -2.290000e-01 3.175000e-01 -4.710890e-01 5.250646e-01
1.740000e-01 3.165000e-01 -2.674977e-01 3.454515e-01 1.740000e-01 3.175000e-01 -2.675917e-01 3.454616e-01
-7.060000e-01 3.175000e-01 -2.582398e-01 3.454999e-01 -7.060000e-01 3.185000e-01 -2.582175e-01 3.455010e-01
-3.030000e-01 3.175000e-01 -5.322215e-02 5.066209e-01 -3.030000e-01 3.185000e-01 -5.036309e-02 5.028942e-01
-2.290000e-01 3.175000e-01 -4.710890e-01 5.250646e-01 -2.285000e-01 3.180000e-01 -4.735706e-01 5.220789e-01
-2.285000e-01 3.180000e-01 -4.735706e-01 5.220789e-01 -2.280000e-01 3.185000e-01 -4.759683e-01 5.191116e-01
1.740000e-01 3.175000e-01 -2.675917e-01 3.454616e-01 1.740000e-01 3.185000e-01 -2.676838e-01 3.454710e-01
-7.060000e-01 3.185000e-01 -2.582175e-01 3.455010e-01 -7.060000e-01 3.195000e-01 -2.581971e-01 3.455019e-01
-3.035000e-01 3.190000e-01 -4.786718e-02 4.995279e-01 -3.040000e-01 3.195000e-01 -4.545991e-02 4.961942e-01
-3.030000e-01 3.185000e-01 -5.036309e-02 5.028942e-01 -3.035000e-01 3.190000e-01 -4.786718e-02 4.995279e-01
-2.280000e-01 3.185000e-01 -4.759683e-01 5.191116e-01 -2.275000e-01 3.190000e-01 -4.783448e-01 5.160685e-01
-2.275000e-01 3.190000e-01 -4.783448e-01 5.160685e-01 -2.270000e-01 3.195000e-01 -4.806385e-01 5.130492e-01
1.740000e-01 3.185000e-01 -2.676838e-01 3.454710e-01 1.740000e-01 3.195000e-01 -2.677740e-01 3.454799e-01
-7.060000e-01 3.195000e-01 -2.581971e-01 3.455019e-01 -7.060000e-01 3.205000e-01 -2.581787e-01 3.455027e-01
-3.045000e-01 3.200000e-01 -4.308795e-02 4.927920e-01 -3.050000e-01 3.205000e-01 -4.080259e-02 4.894277e-01
-3.040000e-01 3.195000e-01 -4.545991e-02 4.961942e-01 -3.045000e-01 3.200000e-01 -4.308795e-02 4.927920e-01
-2.270000e-01 3.195000e-01 -4.806385e-01 5.130492e-01 -2.270000e-01 3.205000e-01 -4.832542e-01 5.094815e-01
1.740000e-01 3.195000e-01 -2.677740e-01 3.454799e-01 1.745000e-01 3.200000e-01 -2.673996e-01 3.454399e-01
1.745000e-01 3.200000e-01 -2.673996e-01 3.454399e-01 1.750000e-01 3.205000e-01 -2.670249e-01 3.454009e-01
-7.060000e-01 3.205000e-01 -2.581787e-01 3.455027e-01 -7.060000e-01 3.215000e-01 -2.581622e-01 3.455033e-01
-3.050000e-01 3.205000e-01 -4.080259e-02 4.894277e-01 -3.050000e-01 3.215000e-01 -3.809022e-02 4.852849e-01
-2.270000e-01 3.205000e-01 -4.832542e-01 5.094815e-01 -2.265000e-01 3.210000e-01 -4.854913e-01 5.063181e-01
-2.265000e-01 3.210000e-01 -4.854913e-01 5.063181e-01 -2.260000e-01 3.215000e-01 -4.876459e-01 5.031873e-01
1.750000e-01 3.205000e-01 -2.670249e-01 3.454009e-01 1.750000e-01 3.215000e-01 -2.671111e-01 3.454105e-01
-7.060000e-01 3.215000e-01 -2.581622e-01 3.455033e-01 -7.060000e-01 3.225000e-01 -2.581476e-01 3.455039e-01
-3.055000e-01 3.220000e-01 -3.588971e-02 4.817965e-01 -3.060000e-01 3.225000e-01 -3.377376e-02 4.783547e-01
-3.050000e-01 3.215000e-01 -3.809022e-02 4.852849e-01 -3.055000e-01 3.220000e-01 -3.588971e-02 4.817965e-01
-2.260000e-01 3.215000e-01 -4.876459e-01 5.031873e-01 -2.255000e-01 3.220000e-01 -4.897655e-01 4.999890e-01
-2.255000e-01 3.220000e-01 -4.897655e-01 4.999890e-01 -2.250000e-01 3.225000e-01 -4.918050e-01 4.968280e-01
1.750000e-01 3.215000e-01 -2.671111e-01 3.454105e-01 1.750000e-01 3.225000e-01 -2.671954e-01 3.454195e-01
-7.060000e-01 3.225000e-01 -2.581476e-01 3.455039e-01 -7.060000e-01 3.235000e-01 -2.581350e-01 3.455044e-01
-3.065000e-01 3.230000e-01 -3.170661e-02 4.748580e-01 -3.070000e-01 3.235000e-01 -2.972059e-02 4.714120e-01
-3.060000e-01 3.225000e-01 -3.377376e-02 4.783547e-01 -3.065000e-01 3.230000e-01 -3.170661e-02 4.748580e-01
-2.250000e-01 3.225000e-01 -4.918050e-01 4.968280e-01 -2.245000e-01 3.230000e-01 -4.938050e-01 4.936044e-01
-2.245000e-01 3.230000e-01 -4.938050e-01 4.936044e-01 -2.240000e-01 3.235000e-01 -4.957278e-01 4.904224e-01
1.750000e-01 3.225000e-01 -2.671954e-01 3.454195e-01 1.750000e-01 3.235000e-01 -2.672777e-01 3.454279e-01
-7.060000e-01 3.235000e-01 -2.581350e-01 3.455044e-01 -7.060000e-01 3.245000e-01 -2.581243e-01 3.455048e-01
-3.070000e-01 3.235000e-01 -2.972059e-02 4.714120e-01 -3.070000e-01 3.245000e-01 -2.723004e-02 4.669128e-01
-2.240000e-01 3.235000e-01 -4.957278e-01 4.904224e-01 -2.240000e-01 3.245000e-01 -4.981078e-01 4.863226e-01
1.750000e-01 3.235000e-01 -2.672777e-01 3.454279e-01 1.750000e-01 3.245000e-01 -2.673581e-01 3.454357e-01
-7.060000e-01 3.245000e-01 -2.581243e-01 3.455048e-01 -7.060000e-01 3.255000e-01 -2.581156e-01 3.455051e-01
-3.075000e-01 3.250000e-01 -2.535289e-02 4.633727e-01 -3.080000e-01 3.255000e-01 -2.355257e-02 4.598903e-01
-3.070000e-01 3.245000e-01 -2.723004e-02 4.669128e-01 -3.075000e-01 3.250000e-01 -2.535289e-02 4.633727e-01
-2.240000e-01 3.245000e-01 -4.981078e-01 4.863226e-01 -2.235000e-01 3.250000e-01 -4.999400e-01 4.830273e-01
-2.235000e-01 3.250000e-01 -4.999400e-01 4.830273e-01 -2.230000e-01 3.255000e-01 -5.016982e-01 4.797809e-01
1.750000e-01 3.245000e-01 -2.673581e-01 3.454357e-01 1.750000e-01 3.255000e-01 -2.674367e-01 3.454430e-01
-7.060000e-01 3.255000e-01 -2.581156e-01 3.455051e-01 -7.060000e-01 3.265000e-01 -2.581088e-01 3.455054e-01
-3.080000e-01 3.255000e-01 -2.355257e-02 4.598903e-01 -3.080000e-01 3.265000e-01 -2.122155e-02 4.551782e-01
-2.230000e-01 3.255000e-01 -5.016982e-01 4.797809e-01 -2.230000e-01 3.265000e-01 -5.039479e-01 4.754369e-01
1.750000e-01 3.255000e-01 -2.674367e-01 3.454430e-01 1.750000e-01 3.265000e-01 -2.675133e-01 3.454498e-01
-7.060000e-01 3.265000e-01 -2.581088e-01 3.455054e-01 -7.060000e-01 3.275000e-01 -2.581039e-01 3.455056e-01
-3.085000e-01 3.270000e-01 -1.954288e-02 4.516216e-01 -3.090000e-01 3.275000e-01 -1.793550e-02 4.481286e-01
-3.080000e-01 3.265000e-01 -2.122155e-02 4.551782e-01 -3.085000e-01 3.270000e-01 -1.954288e-02 4.516216e-01
-2.230000e-01 3.265000e-01 -5.039479e-01 4.754369e-01 -2.225000e-01 3.270000e-01 -5.056018e-01 4.720929e-01
-2.225000e-01 3.270000e-01 -5.056018e-01 4.720929e-01 -2.220000e-01 3.275000e-01 -5.071864e-01 4.688042e-01
1.750000e-01 3.265000e-01 -2.675133e-01 3.454498e-01 1.750000e-01 3.275000e-01 -2.675880e-01 3.454561e-01
-7.060000e-01 3.275000e-01 -2.581039e-01 3.455056e-01 -7.060000e-01 3.285000e-01 -2.581010e-01 3.455058e-01
-3.090000e-01 3.275000e-01 -1.793550e-02 4.481286e-01 -3.090000e-01 3.285000e-01 -1.578797e-02 4.432327e-01
-2.220000e-01 3.275000e-01 -5.071864e-01 4.688042e-01 -2.220000e-01 3.285000e-01 -5.092803e-01 4.642371e-01
1.750000e-01 3.275000e-01 -2.675880e-01 3.454561e-01 1.750000e-01 3.285000e-01 -2.676607e-01 3.454619e-01
-7.060000e-01 3.285000e-01 -2.581010e-01 3.455058e-01 -7.060000e-01 3.295000e-01 -2.581001e-01 3.455060e-01
-3.090000e-01 3.285000e-01 -1.578797e-02 4.432327e-01 -3.090000e-01 3.295000e-01 -1.370589e-02 4.382228e-01
-2.220000e-01 3.285000e-01 -5.092803e-01 4.642371e-01 -2.215000e-01 3.290000e-01 -5.107489e-01 4.608685e-01
-2.215000e-01 3.290000e-01 -5.107489e-01 4.608685e-01 -2.210000e-01 3.295000e-01 -5.121537e-01 4.575605e-01
1.750000e-01 3.285000e-01 -2.676607e-01 3.454619e-01 1.750000e-01 3.295000e-01 -2.677316e-01 3.454671e-01
-7.060000e-01 3.295000e-01 -2.581001e-01 3.455060e-01 -7.060000e-01 3.305000e-01 -2.581011e-01 3.455062e-01
-3.095000e-01 3.300000e-01 -1.230015e-02 4.346571e-01 -3.100000e-01 3.305000e-01 -1.095751e-02 4.311618e-01
-3.090000e-01 3.295000e-01 -1.370589e-02 4.382228e-01 -3.095000e-01 3.300000e-01 -1.230015e-02 4.346571e-01
-2.210000e-01 3.295000e-01 -5.121537e-01 4.575605e-01 -2.210000e-01 3.305000e-01 -5.140693e-01 4.527955e-01
1.750000e-01 3.295000e-01 -2.677316e-01 3.454671e-01 1.750000e-01 3.305000e-01 -2.678005e-01 3.454719e-01
-7.060000e-01 3.305000e-01 -2.581011e-01 3.455062e-01 -7.060000e-01 3.315000e-01 -2.581040e-01 3.455064e-01
-3.100000e-01 3.305000e-01 -1.095751e-02 4.311618e-01 -3.100000e-01 3.315000e-01 -9.089706e-03 4.260122e-01
-2.210000e-01 3.305000e-01 -5.140693e-01 4.527955e-01 -2.205000e-01 3.310000e-01 -5.153489e-01 4.494271e-01
-2.205000e-01 3.310000e-01 -5.153489e-01 4.494271e-01 -2.200000e-01 3.315000e-01 -5.165711e-01 4.461232e-01
1.750000e-01 3.305000e-01 -2.678005e-01 3.454719e-01 1.755000e-01 3.310000e-01 -2.674144e-01 3.454406e-01
1.755000e-01 3.310000e-01 -2.674144e-01 3.454406e-01 1.760000e-01 3.315000e-01 -2.670281e-01 3.454103e-01
-7.060000e-01 3.315000e-01 -2.581040e-01 3.455064e-01 -7.060000e-01 3.325000e-01 -2.581089e-01 3.455066e-01
-3.100000e-01 3.315000e-01 -9.089706e-03 4.260122e-01 -3.100000e-01 3.325000e-01 -7.303474e-03 4.207642e-01
-2.200000e-01 3.315000e-01 -5.165711e-01 4.461232e-01 -2.200000e-01 3.325000e-01 -5.182893e-01 4.411888e-01
1.760000e-01 3.315000e-01 -2.670281e-01 3.454103e-01 1.760000e-01 3.325000e-01 -2.670931e-01 3.454161e-01
-7.060000e-01 3.325000e-01 -2.581089e-01 3.455066e-01 -7.060000e-01 3.335000e-01 -2.581157e-01 3.455069e-01
-3.105000e-01 3.330000e-01 -6.178324e-03 4.172439e-01 -3.110000e-01 3.335000e-01 -5.106370e-03 4.137977e-01
-3.100000e-01 3.325000e-01 -7.303474e-03 4.207642e-01 -3.105000e-01 3.330000e-01 -6.178324e-03 4.172439e-01
-2.200000e-01 3.325000e-01 -5.182893e-01 4.411888e-01 -2.200000e-01 3.335000e-01 -5.199307e-01 4.361417e-01
1.760000e-01 3.325000e-01 -2.670931e-01 3.454161e-01 1.760000e-01 3.335000e-01 -2.671561e-01 3.454215e-01
-7.060000e-01 3.335000e-01 -2.581157e-01 3.455069e-01 -7.060000e-01 3.345000e-01 -2.581245e-01 3.455073e-01
-3.110000e-01 3.335000e-01 -5.106370e-03 4.137977e-01 -3.110000e-01 3.345000e-01 -3.556798e-03 4.084600e-01
-2.200000e-01 3.335000e-01 -5.199307e-01 4.361417e-01 -2.195000e-01 3.340000e-01 -5.209522e-01 4.327841e-01
-2.195000e-01 3.340000e-01 -5.209522e-01 4.327841e-01 -2.190000e-01 3.345000e-01 -5.219254e-01 4.294953e-01
1.760000e-01 3.335000e-01 -2.671561e-01 3.454215e-01 1.760000e-01 3.345000e-01 -2.672172e-01 3.454264e-01
-7.060000e-01 3.345000e-01 -2.581245e-01 3.455073e-01 -7.060000e-01 3.355000e-01 -2.581352e-01 3.455077e-01
-3.110000e-01 3.345000e-01 -3.556798e-03 4.084600e-01 -3.110000e-01 3.355000e-01 -2.102087e-03 4.030432e-01
-2.190000e-01 3.345000e-01 -5.219254e-01 4.294953e-01 -2.190000e-01 3.355000e-01 -5.233452e-01 4.243219e-01
1.760000e-01 3.345000e-01 -2.672172e-01 3.454264e-01 1.760000e-01 3.355000e-01 -2.672763e-01 3.454310e-01
-7.060000e-01 3.355000e-01 -2.581352e-01 3.455077e-01 -7.060000e-01 3.365000e-01 -2.581479e-01 3.455082e-01
-3.110000e-01 3.355000e-01 -2.102087e-03 4.030432e-01 -3.110000e-01 3.365000e-01 -7.467077e-04 3.975528e-01
-2.190000e-01 3.355000e-01 -5.233452e-01 4.243219e-01 -2.190000e-01 3.365000e-01 -5.246740e-01 4.190515e-01
1.760000e-01 3.355000e-01 -2.672763e-01 3.454310e-01 1.760000e-01 3.365000e-01 -2.673336e-01 3.454351e-01
-7.060000e-01 3.365000e-01 -2.581479e-01 3.455082e-01 -7.060000e-01 3.375000e-01 -2.581625e-01 3.455088e-01
-3.115000e-01 3.370000e-01 2.492762e-05 3.941481e-01 -3.120000e-01 3.375000e-01 7.568364e-04 3.908186e-01
-3.110000e-01 3.365000e-01 -7.467077e-04 3.975528e-01 -3.115000e-01 3.370000e-01 2.492762e-05 3.941481e-01
-2.190000e-01 3.365000e-01 -5.246740e-01 4.190515e-01 -2.185000e-01 3.370000e-01 -5.254377e-01 4.157540e-01
-2.185000e-01 3.370000e-01 -5.254377e-01 4.157540e-01 -2.180000e-01 3.375000e-01 -5.261629e-01 4.125267e-01
1.760000e-01 3.365000e-01 -2.673336e-01 3.454351e-01 1.760000e-01 3.375000e-01 -2.673889e-01 3.454389e-01
-7.060000e-01 3.375000e-01 -2.581625e-01 3.455088e-01 -7.060000e-01 3.385000e-01 -2.581791e-01 3.455094e-01
-3.120000e-01 3.375000e-01 7.568364e-04 3.908186e-01 -3.120000e-01 3.385000e-01 1.858122e-03 3.853070e-01
-2.180000e-01 3.375000e-01 -5.261629e-01 4.125267e-01 -2.180000e-01 3.385000e-01 -5.272543e-01 4.071778e-01
1.760000e-01 3.375000e-01 -2.673889e-01 3.454389e-01 1.760000e-01 3.385000e-01 -2.674423e-01 3.454423e-01
-7.060000e-01 3.385000e-01 -2.581791e-01 3.455094e-01 -7.060000e-01 3.395000e-01 -2.581976e-01 3.455103e-01
-3.120000e-01 3.385000e-01 1.858122e-03 3.853070e-01 -3.120000e-01 3.395000e-01 2.851701e-03 3.797442e-01
-2.180000e-01 3.385000e-01 -5.272543e-01 4.071778e-01 -2.180000e-01 3.395000e-01 -5.282437e-01 4.017510e-01
1.760000e-01 3.385000e-01 -2.674423e-01 3.454423e-01 1.760000e-01 3.395000e-01 -2.674937e-01 3.454453e-01
-7.060000e-01 3.395000e-01 -2.581976e-01 3.455103e-01 -7.060000e-01 3.405000e-01 -2.582181e-01 3.455112e-01
-3.120000e-01 3.395000e-01 2.851701e-03 3.797442e-01 -3.120000e-01 3.405000e-01 3.734565e-03 3.741369e-01
-2.180000e-01 3.395000e-01 -5.282437e-01 4.017510e-01 -2.180000e-01 3.405000e-01 -5.291271e-01 3.962520e-01
1.760000e-01 3.395000e-01 -2.674937e-01 3.454453e-01 1.760000e-01 3.405000e-01 -2.675432e-01 3.454480e-01
-7.060000e-01 3.405000e-01 -2.582181e-01 3.455112e-01 -7.060000e-01 3.415000e-01 -2.582405e-01 3.455123e-01
-3.120000e-01 3.405000e-01 3.734565e-03 3.741369e-01 -3.120000e-01 3.415000e-01 4.504061e-03 3.684921e-01
-2.180000e-01 3.405000e-01 -5.291271e-01 3.962520e-01 -2.175000e-01 3.410000e-01 -5.295725e-01 3.930827e-01
-2.175000e-01 3.410000e-01 -5.295725e-01 3.930827e-01 -2.170000e-01 3.415000e-01 -5.299920e-01 3.899823e-01
1.760000e-01 3.405000e-01 -2.675432e-01 3.454480e-01 1.760000e-01 3.415000e-01 -2.675907e-01 3.454503e-01
-7.060000e-01 3.415000e-01 -2.582405e-01 3.455123e-01 -7.060000e-01 3.425000e-01 -2.582649e-01 3.455136e-01
-3.120000e-01 3.415000e-01 4.504061e-03 3.684921e-01 -3.120000e-01 3.425000e-01 5.157805e-03 3.628169e-01
-2.170000e-01 3.415000e-01 -5.299920e-01 3.899823e-01 -2.170000e-01 3.425000e-01 -5.306284e-01 3.844698e-01
1.760000e-01 3.415000e-01 -2.675907e-01 3.454503e-01 1.760000e-01 3.425000e-01 -2.676364e-01 3.454524e-01
-7.060000e-01 3.425000e-01 -2.582649e-01 3.455136e-01 -7.060000e-01 3.435000e-01 -2.582912e-01 3.455150e-01
-3.120000e-01 3.425000e-01 5.157805e-03 3.628169e-01 -3.120000e-01 3.435000e-01 5.693949e-03 3.571188e-01
-2.170000e-01 3.425000e-01 -5.306284e-01 3.844698e-01 -2.170000e-01 3.435000e-01 -5.311529e-01 3.789071e-01
1.760000e-01 3.425000e-01 -2.676364e-01 3.454524e-01 1.760000e-01 3.435000e-01 -2.676800e-01 3.454541e-01
-7.060000e-01 3.435000e-01 -2.582912e-01 3.455150e-01 -7.060000e-01 3.445000e-01 -2.583194e-01 3.455166e-01
-3.120000e-01 3.435000e-01 5.693949e-03 3.571188e-01 -3.120000e-01 3.445000e-01 6.111002e-03 3.514053e-01
-2.170000e-01 3.435000e-01 -5.311529e-01 3.789071e-01 -2.170000e-01 3.445000e-01 -5.315630e-01 3.733007e-01
1.760000e-01 3.435000e-01 -2.676800e-01 3.454541e-01 1.760000e-01 3.445000e-01 -2.677217e-01 3.454555e-01
-7.060000e-01 3.445000e-01 -2.583194e-01 3.455166e-01 -7.060000e-01 3.455000e-01 -2.583496e-01 3.455184e-01
-3.120000e-01 3.445000e-01 6.111002e-03 3.514053e-01 -3.120000e-01 3.455000e-01 6.408012e-03 3.456839e-01
-2.170000e-01 3.445000e-01 -5.315630e-01 3.733007e-01 -2.170000e-01 3.455000e-01 -5.318566e-01 3.676578e-01
1.760000e-01 3.445000e-01 -2.677217e-01 3.454555e-01 1.760000e-01 3.455000e-01 -2.677615e-01 3.454567e-01
-7.060000e-01 3.455000e-01 -2.583496e-01 3.455184e-01 -7.060000e-01 3.465000e-01 -2.583818e-01 3.455205e-01
-3.120000e-01 3.455000e-01 6.408012e-03 3.456839e-01 -3.120000e-01 3.465000e-01 6.584383e-03 3.399624e-01
-2.170000e-01 3.455000e-01 -5.318566e-01 3.676578e-01 -2.170000e-01 3.465000e-01 -5.320320e-01 3.619853e-01
1.760000e-01 3.455000e-01 -2.677615e-01 3.454567e-01 1.760000e-01 3.465000e-01 -2.677993e-01 3.454575e-01
-7.060000e-01 3.465000e-01 -2.583818e-01 3.455205e-01 -7.060000e-01 3.475000e-01 -2.584158e-01 3.455227e-01
-3.120000e-01 3.465000e-01 6.584383e-03 3.399624e-01 -3.120000e-01 3.475000e-01 6.640053e-03 3.342484e-01
-2.170000e-01 3.465000e-01 -5.320320e-01 3.619853e-01 -2.170000e-01 3.475000e-01 -5.320880e-01 3.562908e-01
1.760000e-01 3.465000e-01 -2.677993e-01 3.454575e-01 1.760000e-01 3.475000e-01 -2.678352e-01 3.454582e-01
-7.060000e-01 3.475000e-01 -2.584158e-01 3.455227e-01 -7.055000e-01 3.480000e-01 -2.580135e-01 3.455060e-01
-7.055000e-01 3.480000e-01 -2.580135e-01 3.455060e-01 -7.050000e-01 3.485000e-01 -2.576113e-01 3.454882e-01
-3.120000e-01 3.475000e-01 6.640053e-03 3.342484e-01 -3.120000e-01 3.485000e-01 6.575352e-03 3.285495e-01
-2.170000e-01 3.475000e-01 -5.320880e-01 3.562908e-01 -2.170000e-01 3.485000e-01 -5.320239e-01 3.505817e-01
1.760000e-01 3.475000e-01 -2.678352e-01 3.454582e-01 1.765000e-01 3.480000e-01 -2.674320e-01 3.454414e-01
1.765000e-01 3.480000e-01 -2.674320e-01 3.454414e-01 1.770000e-01 3.485000e-01 -2.670286e-01 3.454256e-01
-7.050000e-01 3.485000e-01 -2.576113e-01 3.454882e-01 -7.050000e-01 3.495000e-01 -2.576493e-01 3.454890e-01
-3.120000e-01 3.485000e-01 6.575352e-03 3.285495e-01 -3.120000e-01 3.495000e-01 6.391114e-03 3.228733e-01
-2.170000e-01 3.485000e-01 -5.320239e-01 3.505817e-01 -2.170000e-01 3.495000e-01 -5.318392e-01 3.448656e-01
1.770000e-01 3.485000e-01 -2.670286e-01 3.454256e-01 1.770000e-01 3.495000e-01 -2.670606e-01 3.454277e-01
-7.050000e-01 3.495000e-01 -2.576493e-01 3.454890e-01 -7.050000e-01 3.505000e-01 -2.576892e-01 3.454901e-01
-3.120000e-01 3.495000e-01 6.391114e-03 3.228733e-01 -3.120000e-01 3.505000e-01 6.088651e-03 3.172271e-01
-2.170000e-01 3.495000e-01 -5.318392e-01 3.448656e-01 -2.170000e-01 3.505000e-01 -5.315342e-01 3.391502e-01
1.770000e-01 3.495000e-01 -2.670606e-01 3.454277e-01 1.770000e-01 3.505000e-01 -2.670907e-01 3.454296e-01
-7.050000e-01 3.505000e-01 -2.576892e-01 3.454901e-01 -7.050000e-01 3.515000e-01 -2.577310e-01 3.454915e-01
-3.120000e-01 3.505000e-01 6.088651e-03 3.172271e-01 -3.120000e-01 3.515000e-01 5.669570e-03 3.116182e-01
-2.170000e-01 3.505000e-01 -5.315342e-01 3.391502e-01 -2.170000e-01 3.515000e-01 -5.311094e-01 3.334432e-01
1.770000e-01 3.505000e-01 -2.670907e-01 3.454296e-01 1.770000e-01 3.515000e-01 -2.671188e-01 3.454313e-01
-7.050000e-01 3.515000e-01 -2.577310e-01 3.454915e-01 -7.050000e-01 3.525000e-01 -2.577749e-01 3.454931e-01
-3.120000e-01 3.515000e-01 5.669570e-03 3.116182e-01 -3.120000e-01 3.525000e-01 5.136049e-03 3.060535e-01
-2.170000e-01 3.515000e-01 -5.311094e-01 3.334432e-01 -2.170000e-01 3.525000e-01 -5.305658e-01 3.277520e-01
1.770000e-01 3.515000e-01 -2.671188e-01 3.454313e-01 1.770000e-01 3.525000e-01 -2.671450e-01 3.454328e-01
-7.050000e-01 3.525000e-01 -2.577749e-01 3.454931e-01 -7.050000e-01 3.535000e-01 -2.578206e-01 3.454951e-01
-3.120000e-01 3.525000e-01 5.136049e-03 3.060535e-01 -3.120000e-01 3.535000e-01 4.490591e-03 3.005397e-01
-2.170000e-01 3.525000e-01 -5.305658e-01 3.277520e-01 -2.170000e-01 3.535000e-01 -5.299050e-01 3.220843e-01
1.770000e-01 3.525000e-01 -2.671450e-01 3.454328e-01 1.770000e-01 3.535000e-01 -2.671692e-01 3.454342e-01
-7.050000e-01 3.535000e-01 -2.578206e-01 3.454951e-01 -7.050000e-01 3.545000e-01 -2.578683e-01 3.454974e-01
-3.120000e-01 3.535000e-01 4.490591e-03 3.005397e-01 -3.115000e-01 3.540000e-01 4.065050e-03 2.974343e-01
-3.115000e-01 3.540000e-01 4.065050e-03 2.974343e-01 -3.110000e-01 3.545000e-01 3.613342e-03 2.942601e-01
-2.170000e-01 3.535000e-01 -5.299050e-01 3.220843e-01 -2.170000e-01 3.545000e-01 -5.291287e-01 3.164474e-01
1.770000e-01 3.535000e-01 -2.671692e-01 3.454342e-01 1.770000e-01 3.545000e-01 -2.671915e-01 3.454353e-01
-7.050000e-01 3.545000e-01 -2.578683e-01 3.454974e-01 -7.050000e-01 3.555000e-01 -2.579179e-01 3.455000e-01
-3.110000e-01 3.545000e-01 3.613342e-03 2.942601e-01 -3.110000e-01 3.555000e-01 2.720673e-03 2.887609e-01
-2.170000e-01 3.545000e-01 -5.291287e-01 3.164474e-01 -2.170000e-01 3.555000e-01 -5.282395e-01 3.108483e-01
1.770000e-01 3.545000e-01 -2.671915e-01 3.454353e-01 1.770000e-01 3.555000e-01 -2.672118e-01 3.454364e-01
-7.050000e-01 3.555000e-01 -2.579179e-01 3.455000e-01 -7.050000e-01 3.565000e-01 -2.579695e-01 3.455030e-01
-3.110000e-01 3.555000e-01 2.720673e-03 2.887609e-01 -3.110000e-01 3.565000e-01 1.722147e-03 2.833346e-01
-2.170000e-01 3.555000e-01 -5.282395e-01 3.108483e-01 -2.170000e-01 3.565000e-01 -5.272399e-01 3.052941e-01
1.770000e-01 3.555000e-01 -2.672118e-01 3.454364e-01 1.770000e-01 3.565000e-01 -2.672301e-01 3.454373e-01
-7.050000e-01 3.565000e-01 -2.579695e-01 3.455030e-01 -7.050000e-01 3.575000e-01 -2.580230e-01 3.455063e-01
-3.110000e-01 3.565000e-01 1.722147e-03 2.833346e-01 -3.110000e-01 3.575000e-01 6.217256e-04 2.779867e-01
-2.170000e-01 3.565000e-01 -5.272399e-01 3.052941e-01 -2.170000e-01 3.575000e-01 -5.261330e-01 2.997914e-01
1.770000e-01 3.565000e-01 -2.672301e-01 3.454373e-01 1.770000e-01 3.575000e-01 -2.672466e-01 3.454380e-01
-7.050000e-01 3.575000e-01 -2.580230e-01 3.455063e-01 -7.050000e-01 3.585000e-01 -2.580785e-01 3.455100e-01
-3.110000e-01 3.575000e-01 6.217256e-04 2.779867e-01 -3.105000e-01 3.580000e-01 -1.102428e-04 2.747559e-01
-3.105000e-01 3.580000e-01 -1.102428e-04 2.747559e-01 -3.100000e-01 3.585000e-01 -8.809543e-04 2.714547e-01
-2.175000e-01 3.580000e-01 -5.253976e-01 2.964639e-01 -2.180000e-01 3.585000e-01 -5.246224e-01 2.930614e-01
-2.170000e-01 3.575000e-01 -5.261330e-01 2.997914e-01 -2.175000e-01 3.580000e-01 -5.253976e-01 2.964639e-01
1.770000e-01 3.575000e-01 -2.672466e-01 3.454380e-01 1.770000e-01 3.585000e-01 -2.672611e-01 3.454387e-01
-7.050000e-01 3.585000e-01 -2.580785e-01 3.455100e-01 -7.050000e-01 3.595000e-01 -2.581358e-01 3.455140e-01
-3.100000e-01 3.585000e-01 -8.809543e-04 2.714547e-01 -3.100000e-01 3.595000e-01 -2.218661e-03 2.661867e-01
-2.180000e-01 3.585000e-01 -5.246224e-01 2.930614e-01 -2.180000e-01 3.595000e-01 -5.232622e-01 2.875808e-01
1.770000e-01 3.585000e-01 -2.672611e-01 3.454387e-01 1.770000e-01 3.595000e-01 -2.672737e-01 3.454393e-01
-7.050000e-01 3.595000e-01 -2.581358e-01 3.455140e-01 -7.050000e-01 3.605000e-01 -2.581951e-01 3.455185e-01
-3.100000e-01 3.595000e-01 -2.218661e-03 2.661867e-01 -3.100000e-01 3.605000e-01 -3.647146e-03 2.610162e-01
-2.180000e-01 3.595000e-01 -5.232622e-01 2.875808e-01 -2.180000e-01 3.605000e-01 -5.218031e-01 2.821741e-01
1.770000e-01 3.595000e-01 -2.672737e-01 3.454393e-01 1.770000e-01 3.605000e-01 -2.672842e-01 3.454398e-01
-7.050000e-01 3.605000e-01 -2.581951e-01 3.455185e-01 -7.050000e-01 3.615000e-01 -2.582564e-01 3.455234e-01
-3.100000e-01 3.605000e-01 -3.647146e-03 2.610162e-01 -3.095000e-01 3.610000e-01 -4.627368e-03 2.577249e-01
-3.095000e-01 3.610000e-01 -4.627368e-03 2.577249e-01 -3.090000e-01 3.615000e-01 -5.656287e-03 2.543649e-01
-2.180000e-01 3.605000e-01 -5.218031e-01 2.821741e-01 -2.180000e-01 3.615000e-01 -5.202496e-01 2.768466e-01
1.770000e-01 3.605000e-01 -2.672842e-01 3.454398e-01 1.770000e-01 3.615000e-01 -2.672928e-01 3.454402e-01
-7.050000e-01 3.615000e-01 -2.582564e-01 3.455234e-01 -7.050000e-01 3.625000e-01 -2.583195e-01 3.455287e-01
-3.090000e-01 3.615000e-01 -5.656287e-03 2.543649e-01 -3.090000e-01 3.625000e-01 -7.306084e-03 2.493220e-01
-2.185000e-01 3.620000e-01 -5.191749e-01 2.734038e-01 -2.190000e-01 3.625000e-01 -5.180469e-01 2.698871e-01
-2.180000e-01 3.615000e-01 -5.202496e-01 2.768466e-01 -2.185000e-01 3.620000e-01 -5.191749e-01 2.734038e-01
1.770000e-01 3.615000e-01 -2.672928e-01 3.454402e-01 1.770000e-01 3.625000e-01 -2.672996e-01 3.454406e-01
-7.050000e-01 3.625000e-01 -2.583195e-01 3.455287e-01 -7.050000e-01 3.635000e-01 -2.583847e-01 3.455345e-01
-3.090000e-01 3.625000e-01 -7.306084e-03 2.493220e-01 -3.090000e-01 3.635000e-01 -9.032264e-03 2.443923e-01
-2.190000e-01 3.625000e-01 -5.180469e-01 2.698871e-01 -2.190000e-01 3.635000e-01 -5.162577e-01 2.646500e-01
1.770000e-01 3.625000e-01 -2.672996e-01 3.454406e-01 1.770000e-01 3.635000e-01 -2.673043e-01 3.454409e-01
-7.050000e-01 3.635000e-01 -2.583847e-01 3.455345e-01 -7.050000e-01 3.645000e-01 -2.584517e-01 3.455407e-01
-3.090000e-01 3.635000e-01 -9.032264e-03 2.443923e-01 -3.085000e-01 3.640000e-01 -1.026163e-02 2.410871e-01
-3.085000e-01 3.640000e-01 -1.026163e-02 2.410871e-01 -3.080000e-01 3.645000e-01 -1.154870e-02 2.377176e-01
-2.190000e-01 3.635000e-01 -5.162577e-01 2.646500e-01 -2.190000e-01 3.645000e-01 -5.143872e-01 2.595113e-01
1.770000e-01 3.635000e-01 -2.673043e-01 3.454409e-01 1.770000e-01 3.645000e-01 -2.673071e-01 3.454412e-01
-7.050000e-01 3.645000e-01 -2.584517e-01 3.455407e-01 -7.045000e-01 3.650000e-01 -2.580665e-01 3.455096e-01
-7.045000e-01 3.650000e-01 -2.580665e-01 3.455096e-01 -7.040000e-01 3.655000e-01 -2.576815e-01 3.454774e-01
-3.080000e-01 3.645000e-01 -1.154870e-02 2.377176e-01 -3.080000e-01 3.655000e-01 -1.347178e-02 2.329583e-01
-2.195000e-01 3.650000e-01 -5.130425e-01 2.560204e-01 -2.200000e-01 3.655000e-01 -5.116348e-01 2.524594e-01
-2.190000e-01 3.645000e-01 -5.143872e-01 2.595113e-01 -2.195000e-01 3.650000e-01 -5.130425e-01 2.560204e-01
1.770000e-01 3.645000e-01 -2.673071e-01 3.454412e-01 1.770000e-01 3.655000e-01 -2.673080e-01 3.454415e-01
-7.040000e-01 3.655000e-01 -2.576815e-01 3.454774e-01 -7.040000e-01 3.665000e-01 -2.577525e-01 3.454826e-01
-3.080000e-01 3.655000e-01 -1.347178e-02 2.329583e-01 -3.075000e-01 3.660000e-01 -1.488381e-02 2.296499e-01
-3.075000e-01 3.660000e-01 -1.488381e-02 2.296499e-01 -3.070000e-01 3.665000e-01 -1.635982e-02 2.262812e-01
-2.200000e-01 3.655000e-01 -5.116348e-01 2.524594e-01 -2.200000e-01 3.665000e-01 -5.095511e-01 2.474607e-01
1.770000e-01 3.655000e-01 -2.673080e-01 3.454415e-01 1.770000e-01 3.665000e-01 -2.673069e-01 3.454418e-01
-7.040000e-01 3.665000e-01 -2.577525e-01 3.454826e-01 -7.040000e-01 3.675000e-01 -2.578254e-01 3.454883e-01
-3.070000e-01 3.665000e-01 -1.635982e-02 2.262812e-01 -3.070000e-01 3.675000e-01 -1.846047e-02 2.217211e-01
-2.200000e-01 3.665000e-01 -5.095511e-01 2.474607e-01 -2.200000e-01 3.675000e-01 -5.074023e-01 2.425760e-01
1.770000e-01 3.665000e-01 -2.673069e-01 3.454418e-01 1.770000e-01 3.675000e-01 -2.673039e-01 3.454421e-01
-7.040000e-01 3.675000e-01 -2.578254e-01 3.454883e-01 -7.040000e-01 3.685000e-01 -2.579002e-01 3.454945e-01
-3.070000e-01 3.675000e-01 -1.846047e-02 2.217211e-01 -3.065000e-01 3.680000e-01 -2.005218e-02 2.184328e-01
-3.065000e-01 3.680000e-01 -2.005218e-02 2.184328e-01 -3.060000e-01 3.685000e-01 -2.171341e-02 2.150895e-01
-2.205000e-01 3.680000e-01 -5.057938e-01 2.390881e-01 -2.210000e-01 3.685000e-01 -5.041140e-01 2.355370e-01
-2.200000e-01 3.675000e-01 -5.074023e-01 2.425760e-01 -2.205000e-01 3.680000e-01 -5.057938e-01 2.390881e-01
1.770000e-01 3.675000e-01 -2.673039e-01 3.454421e-01 1.770000e-01 3.685000e-01 -2.672989e-01 3.454424e-01
-7.040000e-01 3.685000e-01 -2.579002e-01 3.454945e-01 -7.040000e-01 3.695000e-01 -2.579770e-01 3.455013e-01
-3.060000e-01 3.685000e-01 -2.171341e-02 2.150895e-01 -3.060000e-01 3.695000e-01 -2.396894e-02 2.107535e-01
-2.210000e-01 3.685000e-01 -5.041140e-01 2.355370e-01 -2.210000e-01 3.695000e-01 -5.017828e-01 2.308362e-01
1.770000e-01 3.685000e-01 -2.672989e-01 3.454424e-01 1.770000e-01 3.695000e-01 -2.672919e-01 3.454428e-01
-7.040000e-01 3.695000e-01 -2.579770e-01 3.455013e-01 -7.040000e-01 3.705000e-01 -2.580557e-01 3.455085e-01
-3.060000e-01 3.695000e-01 -2.396894e-02 2.107535e-01 -3.055000e-01 3.700000e-01 -2.573413e-02 2.075084e-01
-3.055000e-01 3.700000e-01 -2.573413e-02 2.075084e-01 -3.050000e-01 3.705000e-01 -2.757331e-02 2.042147e-01
-2.215000e-01 3.700000e-01 -4.999818e-01 2.273594e-01 -2.220000e-01 3.705000e-01 -4.981043e-01 2.238252e-01
-2.210000e-01 3.695000e-01 -5.017828e-01 2.308362e-01 -2.215000e-01 3.700000e-01 -4.999818e-01 2.273594e-01
1.770000e-01 3.695000e-01 -2.672919e-01 3.454428e-01 1.770000e-01 3.705000e-01 -2.672831e-01 3.454432e-01
-7.040000e-01 3.705000e-01 -2.580557e-01 3.455085e-01 -7.040000e-01 3.715000e-01 -2.581362e-01 3.455163e-01
-3.050000e-01 3.705000e-01 -2.757331e-02 2.042147e-01 -3.050000e-01 3.715000e-01 -2.995830e-02 2.001238e-01
-2.220000e-01 3.705000e-01 -4.981043e-01 2.238252e-01 -2.220000e-01 3.715000e-01 -4.956144e-01 2.193372e-01
1.770000e-01 3.705000e-01 -2.672831e-01 3.454432e-01 1.770000e-01 3.715000e-01 -2.672723e-01 3.454437e-01
-7.040000e-01 3.715000e-01 -2.581362e-01 3.455163e-01 -7.040000e-01 3.725000e-01 -2.582187e-01 3.455247e-01
-3.050000e-01 3.715000e-01 -2.995830e-02 2.001238e-01 -3.045000e-01 3.720000e-01 -3.188764e-02 1.969440e-01
-3.045000e-01 3.720000e-01 -3.188764e-02 1.969440e-01 -3.040000e-01 3.725000e-01 -3.389431e-02 1.937228e-01
-2.225000e-01 3.720000e-01 -4.936285e-01 2.158972e-01 -2.230000e-01 3.725000e-01 -4.915617e-01 2.124067e-01
-2.220000e-01 3.715000e-01 -4.956144e-01 2.193372e-01 -2.225000e-01 3.720000e-01 -4.936285e-01 2.158972e-01
1.770000e-01 3.715000e-01 -2.672723e-01 3.454437e-01 1.770000e-01 3.725000e-01 -2.672595e-01 3.454443e-01
-7.040000e-01 3.725000e-01 -2.582187e-01 3.455247e-01 -7.040000e-01 3.735000e-01 -2.583031e-01 3.455336e-01
-3.040000e-01 3.725000e-01 -3.389431e-02 1.937228e-01 -3.035000e-01 3.730000e-01 -3.594023e-02 1.905646e-01
-3.035000e-01 3.730000e-01 -3.594023e-02 1.905646e-01 -3.030000e-01 3.735000e-01 -3.806629e-02 1.873694e-01
-2.235000e-01 3.730000e-01 -4.894463e-01 2.089712e-01 -2.240000e-01 3.735000e-01 -4.872465e-01 2.054892e-01
-2.230000e-01 3.725000e-01 -4.915617e-01 2.124067e-01 -2.235000e-01 3.730000e-01 -4.894463e-01 2.089712e-01
1.770000e-01 3.725000e-01 -2.672595e-01 3.454443e-01 1.770000e-01 3.735000e-01 -2.672449e-01 3.454449e-01
-7.040000e-01 3.735000e-01 -2.583031e-01 3.455336e-01 -7.040000e-01 3.745000e-01 -2.583894e-01 3.455431e-01
-3.030000e-01 3.735000e-01 -3.806629e-02 1.873694e-01 -3.025000e-01 3.740000e-01 -4.022711e-02 1.842419e-01
-3.025000e-01 3.740000e-01 -4.022711e-02 1.842419e-01 -3.020000e-01 3.745000e-01 -4.247047e-02 1.810821e-01
-2.240000e-01 3.735000e-01 -4.872465e-01 2.054892e-01 -2.240000e-01 3.745000e-01 -4.845363e-01 2.013572e-01
1.770000e-01 3.735000e-01 -2.672449e-01 3.454449e-01 1.770000e-01 3.745000e-01 -2.672282e-01 3.454457e-01
-7.040000e-01 3.745000e-01 -2.583894e-01 3.455431e-01 -7.040000e-01 3.755000e-01 -2.584776e-01 3.455532e-01
-3.020000e-01 3.745000e-01 -4.247047e-02 1.810821e-01 -3.020000e-01 3.755000e-01 -4.508878e-02 1.775247e-01
-2.245000e-01 3.750000e-01 -4.822522e-01 1.979994e-01 -2.250000e-01 3.755000e-01 -4.798817e-01 1.946038e-01
-2.240000e-01 3.745000e-01 -4.845363e-01 2.013572e-01 -2.245000e-01 3.750000e-01 -4.822522e-01 1.979994e-01
1.770000e-01 3.745000e-01 -2.672282e-01 3.454457e-01 1.770000e-01 3.755000e-01 -2.672096e-01 3.454466e-01
-7.040000e-01 3.755000e-01 -2.584776e-01 3.455532e-01 -7.035000e-01 3.760000e-01 -2.581041e-01 3.455135e-01
-7.035000e-01 3.760000e-01 -2.581041e-01 3.455135e-01 -7.030000e-01 3.765000e-01 -2.577309e-01 3.454728e-01
-3.020000e-01 3.755000e-01 -4.508878e-02 1.775247e-01 -3.015000e-01 3.760000e-01 -4.738805e-02 1.745095e-01
-3.015000e-01 3.760000e-01 -4.738805e-02 1.745095e-01 -3.010000e-01 3.765000e-01 -4.977021e-02 1.714707e-01
-2.255000e-01 3.760000e-01 -4.774761e-01 1.912766e-01 -2.260000e-01 3.765000e-01 -4.749822e-01 1.879170e-01
-2.250000e-01 3.755000e-01 -4.798817e-01 1.946038e-01 -2.255000e-01 3.760000e-01 -4.774761e-01 1.912766e-01
1.770000e-01 3.755000e-01 -2.672096e-01 3.454466e-01 1.770000e-01 3.765000e-01 -2.671892e-01 3.454476e-01
-7.030000e-01 3.765000e-01 -2.577309e-01 3.454728e-01 -7.030000e-01 3.775000e-01 -2.578231e-01 3.454822e-01
-3.010000e-01 3.765000e-01 -4.977021e-02 1.714707e-01 -3.005000e-01 3.770000e-01 -5.217318e-02 1.685079e-01
-3.005000e-01 3.770000e-01 -5.217318e-02 1.685079e-01 -3.000000e-01 3.775000e-01 -5.466001e-02 1.655271e-01
-2.265000e-01 3.770000e-01 -4.724587e-01 1.846309e-01 -2.270000e-01 3.775000e-01 -4.698455e-01 1.813180e-01
-2.260000e-01 3.765000e-01 -4.749822e-01 1.879170e-01 -2.265000e-01 3.770000e-01 -4.724587e-01 1.846309e-01
1.770000e-01 3.765000e-01 -2.671892e-01 3.454476e-01 1.770000e-01 3.775000e-01 -2.671667e-01 3.454487e-01
-7.030000e-01 3.775000e-01 -2.578231e-01 3.454822e-01 -7.030000e-01 3.785000e-01 -2.579172e-01 3.454923e-01
-3.000000e-01 3.775000e-01 -5.466001e-02 1.655271e-01 -2.995000e-01 3.780000e-01 -5.716215e-02 1.626251e-01
-2.995000e-01 3.780000e-01 -5.716215e-02 1.626251e-01 -2.990000e-01 3.785000e-01 -5.974854e-02 1.597108e-01
-2.270000e-01 3.775000e-01 -4.698455e-01 1.813180e-01 -2.270000e-01 3.785000e-01 -4.669403e-01 1.777533e-01
1.770000e-01 3.775000e-01 -2.671667e-01 3.454487e-01 1.770000e-01 3.785000e-01 -2.671423e-01 3.454501e-01
-7.030000e-01 3.785000e-01 -2.579172e-01 3.454923e-01 -7.030000e-01 3.795000e-01 -2.580132e-01 3.455030e-01
-2.990000e-01 3.785000e-01 -5.974854e-02 1.597108e-01 -2.985000e-01 3.790000e-01 -6.234448e-02 1.568779e-01
-2.985000e-01 3.790000e-01 -6.234448e-02 1.568779e-01 -2.980000e-01 3.795000e-01 -6.502449e-02 1.540383e-01
-2.275000e-01 3.790000e-01 -4.642836e-01 1.745965e-01 -2.280000e-01 3.795000e-01 -4.615388e-01 1.714231e-01
-2.270000e-01 3.785000e-01 -4.669403e-01 1.777533e-01 -2.275000e-01 3.790000e-01 -4.642836e-01 1.745965e-01
1.770000e-01 3.785000e-01 -2.671423e-01 3.454501e-01 1.770000e-01 3.795000e-01 -2.671161e-01 3.454516e-01
-7.030000e-01 3.795000e-01 -2.580132e-01 3.455030e-01 -7.030000e-01 3.805000e-01 -2.581111e-01 3.455143e-01
-2.980000e-01 3.795000e-01 -6.502449e-02 1.540383e-01 -2.975000e-01 3.800000e-01 -6.770821e-02 1.512820e-01
-2.975000e-01 3.800000e-01 -6.770821e-02 1.512820e-01 -2.970000e-01 3.805000e-01 -7.047517e-02 1.485250e-01
-2.285000e-01 3.800000e-01 -4.587804e-01 1.683312e-01 -2.290000e-01 3.805000e-01 -4.559342e-01 1.652289e-01
-2.280000e-01 3.795000e-01 -4.615388e-01 1.714231e-01 -2.285000e-01 3.800000e-01 -4.587804e-01 1.683312e-01
1.770000e-01 3.795000e-01 -2.671161e-01 3.454516e-01 1.770000e-01 3.805000e-01 -2.670878e-01 3.454532e-01
-7.030000e-01 3.805000e-01 -2.581111e-01 3.455143e-01 -7.030000e-01 3.815000e-01 -2.582109e-01 3.455264e-01
-2.970000e-01 3.805000e-01 -7.047517e-02 1.485250e-01 -2.965000e-01 3.810000e-01 -7.323995e-02 1.458525e-01
-2.965000e-01 3.810000e-01 -7.323995e-02 1.458525e-01 -2.960000e-01 3.815000e-01 -7.608655e-02 1.431851e-01
-2.295000e-01 3.810000e-01 -4.530808e-01 1.622111e-01 -2.300000e-01 3.815000e-01 -4.501405e-01 1.591892e-01
-2.290000e-01 3.805000e-01 -4.559342e-01 1.652289e-01 -2.295000e-01 3.810000e-01 -4.530808e-01 1.622111e-01
1.770000e-01 3.805000e-01 -2.670878e-01 3.454532e-01 1.770000e-01 3.815000e-01 -2.670577e-01 3.454551e-01
-7.030000e-01 3.815000e-01 -2.582109e-01 3.455264e-01 -7.030000e-01 3.825000e-01 -2.583126e-01 3.455391e-01
-2.960000e-01 3.815000e-01 -7.608655e-02 1.431851e-01 -2.955000e-01 3.820000e-01 -7.892509e-02 1.406030e-01
-2.955000e-01 3.820000e-01 -7.892509e-02 1.406030e-01 -2.950000e-01 3.825000e-01 -8.184342e-02 1.380318e-01
-2.305000e-01 3.820000e-01 -4.471994e-01 1.562540e-01 -2.310000e-01 3.825000e-01 -4.441733e-01 1.533212e-01
-2.300000e-01 3.815000e-01 -4.501405e-01 1.591892e-01 -2.305000e-01 3.820000e-01 -4.471994e-01 1.562540e-01
1.770000e-01 3.815000e-01 -2.670577e-01 3.454551e-01 1.770000e-01 3.825000e-01 -2.670256e-01 3.454572e-01
-7.030000e-01 3.825000e-01 -2.583126e-01 3.455391e-01 -7.030000e-01 3.835000e-01 -2.584162e-01 3.455525e-01
-2.950000e-01 3.825000e-01 -8.184342e-02 1.380318e-01 -2.945000e-01 3.830000e-01 -8.474792e-02 1.355458e-01
-2.945000e-01 3.830000e-01 -8.474792e-02 1.355458e-01 -2.940000e-01 3.835000e-01 -8.772962e-02 1.330765e-01
-2.315000e-01 3.830000e-01 -4.411527e-01 1.504766e-01 -2.320000e-01 3.835000e-01 -4.380495e-01 1.476409e-01
-2.310000e-01 3.825000e-01 -4.441733e-01 1.533212e-01 -2.315000e-01 3.830000e-01 -4.411527e-01 1.504766e-01
1.770000e-01 3.825000e-01 -2.670256e-01 3.454572e-01 1.770000e-01 3.835000e-01 -2.669916e-01 3.454595e-01
-7.030000e-01 3.835000e-01 -2.584162e-01 3.455525e-01 -7.030000e-01 3.845000e-01 -2.585215e-01 3.455666e-01
-2.940000e-01 3.835000e-01 -8.772962e-02 1.330765e-01 -2.935000e-01 3.840000e-01 -9.069192e-02 1.306918e-01
-2.935000e-01 3.840000e-01 -9.069192e-02 1.306918e-01 -2.925000e-01 3.840000e-01 -9.410743e-02 1.280343e-01
-2.925000e-01 3.840000e-01 -9.410743e-02 1.280343e-01 -2.920000e-01 3.845000e-01 -9.721792e-02 1.256975e-01
-2.335000e-01 3.840000e-01 -4.315509e-01 1.419594e-01 -2.340000e-01 3.845000e-01 -4.283000e-01 1.392466e-01
-2.335000e-01 3.840000e-01 -4.315509e-01 1.419594e-01 -2.325000e-01 3.840000e-01 -4.349582e-01 1.448941e-01
-2.320000e-01 3.835000e-01 -4.380495e-01 1.476409e-01 -2.325000e-01 3.840000e-01 -4.349582e-01 1.448941e-01
1.765000e-01 3.840000e-01 -2.673910e-01 3.454428e-01 1.760000e-01 3.845000e-01 -2.677901e-01 3.454250e-01
1.770000e-01 3.835000e-01 -2.669916e-01 3.454595e-01 1.765000e-01 3.840000e-01 -2.673910e-01 3.454428e-01
-7.030000e-01 3.845000e-01 -2.585215e-01 3.455666e-01 -7.025000e-01 3.850000e-01 -2.581580e-01 3.455204e-01
-7.025000e-01 3.850000e-01 -2.581580e-01 3.455204e-01 -7.020000e-01 3.855000e-01 -2.577947e-01 3.454731e-01
-2.920000e-01 3.845000e-01 -9.721792e-02 1.256975e-01 -2.915000e-01 3.850000e-01 -1.003000e-01 1.234457e-01
-2.915000e-01 3.850000e-01 -1.003000e-01 1.234457e-01 -2.910000e-01 3.855000e-01 -1.034521e-01 1.212248e-01
-2.345000e-01 3.850000e-01 -4.250711e-01 1.366253e-01 -2.350000e-01 3.855000e-01 -4.217664e-01 1.340291e-01
-2.340000e-01 3.845000e-01 -4.283000e-01 1.392466e-01 -2.345000e-01 3.850000e-01 -4.250711e-01 1.366253e-01
1.760000e-01 3.845000e-01 -2.677901e-01 3.454250e-01 1.760000e-01 3.855000e-01 -2.677520e-01 3.454259e-01
-7.020000e-01 3.855000e-01 -2.577947e-01 3.454731e-01 -7.020000e-01 3.865000e-01 -2.579042e-01 3.454868e-01
-2.910000e-01 3.855000e-01 -1.034521e-01 1.212248e-01 -2.905000e-01 3.860000e-01 -1.065708e-01 1.190869e-01
-2.905000e-01 3.860000e-01 -1.065708e-01 1.190869e-01 -2.895000e-01 3.860000e-01 -1.104085e-01 1.165555e-01
-2.895000e-01 3.860000e-01 -1.104085e-01 1.165555e-01 -2.890000e-01 3.865000e-01 -1.136573e-01 1.144930e-01
-2.355000e-01 3.860000e-01 -4.184897e-01 1.315233e-01 -2.360000e-01 3.865000e-01 -4.151418e-01 1.290485e-01
-2.350000e-01 3.855000e-01 -4.217664e-01 1.340291e-01 -2.355000e-01 3.860000e-01 -4.184897e-01 1.315233e-01
1.760000e-01 3.855000e-01 -2.677520e-01 3.454259e-01 1.760000e-01 3.865000e-01 -2.677119e-01 3.454270e-01
-7.020000e-01 3.865000e-01 -2.579042e-01 3.454868e-01 -7.020000e-01 3.875000e-01 -2.580154e-01 3.455012e-01
-2.890000e-01 3.865000e-01 -1.136573e-01 1.144930e-01 -2.885000e-01 3.870000e-01 -1.168643e-01 1.125113e-01
-2.885000e-01 3.870000e-01 -1.168643e-01 1.125113e-01 -2.880000e-01 3.875000e-01 -1.201306e-01 1.105735e-01
-2.375000e-01 3.870000e-01 -4.078389e-01 1.238899e-01 -2.380000e-01 3.875000e-01 -4.043938e-01 1.215805e-01
-2.375000e-01 3.870000e-01 -4.078389e-01 1.238899e-01 -2.365000e-01 3.870000e-01 -4.118275e-01 1.266626e-01
-2.360000e-01 3.865000e-01 -4.151418e-01 1.290485e-01 -2.365000e-01 3.870000e-01 -4.118275e-01 1.266626e-01
1.760000e-01 3.865000e-01 -2.677119e-01 3.454270e-01 1.760000e-01 3.875000e-01 -2.676699e-01 3.454284e-01
-7.020000e-01 3.875000e-01 -2.580154e-01 3.455012e-01 -7.020000e-01 3.885000e-01 -2.581287e-01 3.455164e-01
-2.880000e-01 3.875000e-01 -1.201306e-01 1.105735e-01 -2.875000e-01 3.880000e-01 -1.233510e-01 1.087132e-01
-2.875000e-01 3.880000e-01 -1.233510e-01 1.087132e-01 -2.865000e-01 3.880000e-01 -1.275663e-01 1.063794e-01
-2.865000e-01 3.880000e-01 -1.275663e-01 1.063794e-01 -2.860000e-01 3.885000e-01 -1.308922e-01 1.046179e-01
-2.395000e-01 3.880000e-01 -3.967397e-01 1.166876e-01 -2.400000e-01 3.885000e-01 -3.932220e-01 1.145600e-01
-2.395000e-01 3.880000e-01 -3.967397e-01 1.166876e-01 -2.385000e-01 3.880000e-01 -4.009914e-01 1.193588e-01
-2.380000e-01 3.875000e-01 -4.043938e-01 1.215805e-01 -2.385000e-01 3.880000e-01 -4.009914e-01 1.193588e-01
1.760000e-01 3.875000e-01 -2.676699e-01 3.454284e-01 1.760000e-01 3.885000e-01 -2.676259e-01 3.454302e-01
-7.020000e-01 3.885000e-01 -2.581287e-01 3.455164e-01 -7.020000e-01 3.895000e-01 -2.582437e-01 3.455324e-01
-2.860000e-01 3.885000e-01 -1.308922e-01 1.046179e-01 -2.855000e-01 3.890000e-01 -1.341653e-01 1.029299e-01
-2.855000e-01 3.890000e-01 -1.341653e-01 1.029299e-01 -2.845000e-01 3.890000e-01 -1.386141e-01 1.007406e-01
-2.845000e-01 3.890000e-01 -1.386141e-01 1.007406e-01 -2.840000e-01 3.895000e-01 -1.419755e-01 9.916417e-02
-2.405000e-01 3.890000e-01 -3.897555e-01 1.125171e-01 -2.410000e-01 3.895000e-01 -3.862388e-01 1.105274e-01
-2.400000e-01 3.885000e-01 -3.932220e-01 1.145600e-01 -2.405000e-01 3.890000e-01 -3.897555e-01 1.125171e-01
1.760000e-01 3.885000e-01 -2.676259e-01 3.454302e-01 1.760000e-01 3.895000e-01 -2.675801e-01 3.454322e-01
-7.020000e-01 3.895000e-01 -2.582437e-01 3.455324e-01 -7.020000e-01 3.905000e-01 -2.583606e-01 3.455492e-01
-2.840000e-01 3.895000e-01 -1.419755e-01 9.916417e-02 -2.835000e-01 3.900000e-01 -1.452784e-01 9.765603e-02
-2.835000e-01 3.900000e-01 -1.452784e-01 9.765603e-02 -2.825000e-01 3.900000e-01 -1.499372e-01 9.563549e-02
-2.825000e-01 3.900000e-01 -1.499372e-01 9.563549e-02 -2.820000e-01 3.905000e-01 -1.533096e-01 9.424960e-02
-2.435000e-01 3.900000e-01 -3.734792e-01 1.038136e-01 -2.440000e-01 3.905000e-01 -3.698971e-01 1.020845e-01
-2.435000e-01 3.900000e-01 -3.734792e-01 1.038136e-01 -2.425000e-01 3.900000e-01 -3.781918e-01 1.061925e-01
-2.425000e-01 3.900000e-01 -3.781918e-01 1.061925e-01 -2.415000e-01 3.900000e-01 -3.827771e-01 1.086184e-01
-2.410000e-01 3.895000e-01 -3.862388e-01 1.105274e-01 -2.415000e-01 3.900000e-01 -3.827771e-01 1.086184e-01
1.760000e-01 3.895000e-01 -2.675801e-01 3.454322e-01 1.760000e-01 3.905000e-01 -2.675323e-01 3.454345e-01
-7.020000e-01 3.905000e-01 -2.583606e-01 3.455492e-01 -7.020000e-01 3.915000e-01 -2.584794e-01 3.455667e-01
-2.820000e-01 3.905000e-01 -1.533096e-01 9.424960e-02 -2.815000e-01 3.910000e-01 -1.566187e-01 9.292572e-02
-2.815000e-01 3.910000e-01 -1.566187e-01 9.292572e-02 -2.805000e-01 3.910000e-01 -1.614604e-01 9.109512e-02
-2.805000e-01 3.910000e-01 -1.614604e-01 9.109512e-02 -2.795000e-01 3.910000e-01 -1.664197e-01 8.933648e-02
-2.795000e-01 3.910000e-01 -1.664197e-01 8.933648e-02 -2.790000e-01 3.915000e-01 -1.697969e-01 8.821136e-02
-2.455000e-01 3.910000e-01 -3.614786e-01 9.823629e-02 -2.460000e-01 3.915000e-01 -3.579062e-01 9.671581e-02
-2.455000e-01 3.910000e-01 -3.614786e-01 9.823629e-02 -2.445000e-01 3.910000e-01 -3.663797e-01 1.004300e-01
-2.440000e-01 3.905000e-01 -3.698971e-01 1.020845e-01 -2.445000e-01 3.910000e-01 -3.663797e-01 1.004300e-01
1.760000e-01 3.905000e-01 -2.675323e-01 3.454345e-01 1.760000e-01 3.915000e-01 -2.674826e-01 3.454372e-01
-7.020000e-01 3.915000e-01 -2.584794e-01 3.455667e-01 -7.015000e-01 3.920000e-01 -2.581237e-01 3.455156e-01
-7.015000e-01 3.920000e-01 -2.581237e-01 3.455156e-01 -7.010000e-01 3.925000e-01 -2.577684e-01 3.454634e-01
-2.790000e-01 3.915000e-01 -1.697969e-01 8.821136e-02 -2.785000e-01 3.920000e-01 -1.731054e-01 8.713941e-02
-2.785000e-01 3.920000e-01 -1.731054e-01 8.713941e-02 -2.775000e-01 3.920000e-01 -1.782063e-01 8.559785e-02
-2.775000e-01 3.920000e-01 -1.782063e-01 8.559785e-02 -2.765000e-01 3.920000e-01 -1.834101e-01 8.414368e-02
-2.765000e-01 3.920000e-01 -1.834101e-01 8.414368e-02 -2.760000e-01 3.925000e-01 -1.867419e-01 8.328231e-02
-2.485000e-01 3.920000e-01 -3.441848e-01 9.136502e-02 -2.490000e-01 3.925000e-01 -3.406399e-01 9.012805e-02
-2.485000e-01 3.920000e-01 -3.441848e-01 9.136502e-02 -2.475000e-01 3.920000e-01 -3.493460e-01 9.327589e-02
-2.475000e-01 3.920000e-01 -3.493460e-01 9.327589e-02 -2.465000e-01 3.920000e-01 -3.544028e-01 9.526331e-02
-2.460000e-01 3.915000e-01 -3.579062e-01 9.671581e-02 -2.465000e-01 3.920000e-01 -3.544028e-01 9.526331e-02
1.760000e-01 3.915000e-01 -2.674826e-01 3.454372e-01 1.760000e-01 3.925000e-01 -2.674310e-01 3.454402e-01
-7.010000e-01 3.925000e-01 -2.577684e-01 3.454634e-01 -7.010000e-01 3.935000e-01 -2.578912e-01 3.454807e-01
-2.760000e-01 3.925000e-01 -1.867419e-01 8.328231e-02 -2.755000e-01 3.930000e-01 -1.900026e-01 8.246415e-02
-2.755000e-01 3.930000e-01 -1.900026e-01 8.246415e-02 -2.745000e-01 3.930000e-01 -1.953010e-01 8.124607e-02
-2.745000e-01 3.930000e-01 -1.953010e-01 8.124607e-02 -2.735000e-01 3.930000e-01 -2.006841e-01 8.012777e-02
-2.735000e-01 3.930000e-01 -2.006841e-01 8.012777e-02 -2.725000e-01 3.930000e-01 -2.061467e-01 7.911357e-02
-2.725000e-01 3.930000e-01 -2.061467e-01 7.911357e-02 -2.720000e-01 3.935000e-01 -2.093675e-01 7.858118e-02
-2.525000e-01 3.930000e-01 -3.211091e-01 8.419126e-02 -2.530000e-01 3.935000e-01 -3.176580e-01 8.331546e-02
-2.525000e-01 3.930000e-01 -3.211091e-01 8.419126e-02 -2.515000e-01 3.930000e-01 -3.265453e-01 8.568286e-02
-2.515000e-01 3.930000e-01 -3.265453e-01 8.568286e-02 -2.505000e-01 3.930000e-01 -3.319004e-01 8.727055e-02
-2.505000e-01 3.930000e-01 -3.319004e-01 8.727055e-02 -2.495000e-01 3.930000e-01 -3.371690e-01 8.894932e-02
-2.490000e-01 3.925000e-01 -3.406399e-01 9.012805e-02 -2.495000e-01 3.930000e-01 -3.371690e-01 8.894932e-02
1.760000e-01 3.925000e-01 -2.674310e-01 3.454402e-01 1.760000e-01 3.935000e-01 -2.673775e-01 3.454436e-01
-7.010000e-01 3.935000e-01 -2.578912e-01 3.454807e-01 -7.010000e-01 3.945000e-01 -2.580158e-01 3.454989e-01
-2.720000e-01 3.935000e-01 -2.093675e-01 7.858118e-02 -2.715000e-01 3.940000e-01 -2.125175e-01 7.807887e-02
-2.715000e-01 3.940000e-01 -2.125175e-01 7.807887e-02 -2.705000e-01 3.940000e-01 -2.180094e-01 7.731459e-02
-2.705000e-01 3.940000e-01 -2.180094e-01 7.731459e-02 -2.695000e-01 3.940000e-01 -2.235591e-01 7.666195e-02
-2.695000e-01 3.940000e-01 -2.235591e-01 7.666195e-02 -2.685000e-01 3.940000e-01 -2.291599e-01 7.612387e-02
-2.685000e-01 3.940000e-01 -2.291599e-01 7.612387e-02 -2.675000e-01 3.940000e-01 -2.348052e-01 7.570288e-02
-2.675000e-01 3.940000e-01 -2.348052e-01 7.570288e-02 -2.665000e-01 3.940000e-01 -2.404877e-01 7.540116e-02
-2.665000e-01 3.940000e-01 -2.404877e-01 7.540116e-02 -2.655000e-01 3.940000e-01 -2.462000e-01 7.522047e-02
-2.655000e-01 3.940000e-01 -2.462000e-01 7.522047e-02 -2.645000e-01 3.940000e-01 -2.519346e-01 7.516200e-02
-2.645000e-01 3.940000e-01 -2.519346e-01 7.516200e-02 -2.635000e-01 3.940000e-01 -2.576838e-01 7.522661e-02
-2.635000e-01 3.940000e-01 -2.576838e-01 7.522661e-02 -2.625000e-01 3.940000e-01 -2.634399e-01 7.541469e-02
-2.625000e-01 3.940000e-01 -2.634399e-01 7.541469e-02 -2.615000e-01 3.940000e-01 -2.691949e-01 7.572601e-02
-2.615000e-01 3.940000e-01 -2.691949e-01 7.572601e-02 -2.605000e-01 3.940000e-01 -2.749411e-01 7.616002e-02
-2.605000e-01 3.940000e-01 -2.749411e-01 7.616002e-02 -2.595000e-01 3.940000e-01 -2.806706e-01 7.671554e-02
-2.595000e-01 3.940000e-01 -2.806706e-01 7.671554e-02 -2.585000e-01 3.940000e-01 -2.863759e-01 7.739109e-02
-2.585000e-01 3.940000e-01 -2.863759e-01 7.739109e-02 -2.575000e-01 3.940000e-01 -2.920494e-01 7.818467e-02
-2.575000e-01 3.940000e-01 -2.920494e-01 7.818467e-02 -2.565000e-01 3.940000e-01 -2.976838e-01 7.909376e-02
-2.565000e-01 3.940000e-01 -2.976838e-01 7.909376e-02 -2.555000e-01 3.940000e-01 -3.032721e-01 8.011562e-02
-2.555000e-01 3.940000e-01 -3.032721e-01 8.011562e-02 -2.545000e-01 3.940000e-01 -3.088074e-01 8.124698e-02
-2.545000e-01 3.940000e-01 -3.088074e-01 8.124698e-02 -2.535000e-01 3.940000e-01 -3.142833e-01 8.248431e-02
-2.530000e-01 3.935000e-01 -3.176580e-01 8.331546e-02 -2.535000e-01 3.940000e-01 -3.142833e-01 8.248431e-02
1.760000e-01 3.935000e-01 -2.673775e-01 3.454436e-01 1.760000e-01 3.945000e-01 -2.673221e-01 3.454473e-01
-7.010000e-01 3.945000e-01 -2.580158e-01 3.454989e-01 -7.010000e-01 3.955000e-01 -2.581423e-01 3.455179e-01
1.760000e-01 3.945000e-01 -2.673221e-01 3.454473e-01 1.760000e-01 3.955000e-01 -2.672648e-01 3.454515e-01
-7.010000e-01 3.955000e-01 -2.581423e-01 3.455179e-01 -7.010000e-01 3.965000e-01 -2.582706e-01 3.455378e-01
1.760000e-01 3.955000e-01 -2.672648e-01 3.454515e-01 1.760000e-01 3.965000e-01 -2.672056e-01 3.454560e-01
-7.010000e-01 3.965000e-01 -2.582706e-01 3.455378e-01 -7.010000e-01 3.975000e-01 -2.584008e-01 3.455586e-01
1.760000e-01 3.965000e-01 -2.672056e-01 3.454560e-01 1.760000e-01 3.975000e-01 -2.671445e-01 3.454609e-01
-7.010000e-01 3.975000e-01 -2.584008e-01 3.455586e-01 -7.010000e-01 3.985000e-01 -2.585328e-01 3.455802e-01
1.760000e-01 3.975000e-01 -2.671445e-01 3.454609e-01 1.760000e-01 3.985000e-01 -2.670815e-01 3.454663e-01
-7.010000e-01 3.985000e-01 -2.585328e-01 3.455802e-01 -7.005000e-01 3.990000e-01 -2.581852e-01 3.455246e-01
-7.005000e-01 3.990000e-01 -2.581852e-01 3.455246e-01 -7.000000e-01 3.995000e-01 -2.578380e-01 3.454678e-01
1.760000e-01 3.985000e-01 -2.670815e-01 3.454663e-01 1.760000e-01 3.995000e-01 -2.670166e-01 3.454721e-01
-7.000000e-01 3.995000e-01 -2.578380e-01 3.454678e-01 -7.000000e-01 4.005000e-01 -2.579740e-01 3.454894e-01
1.760000e-01 3.995000e-01 -2.670166e-01 3.454721e-01 1.760000e-01 4.005000e-01 -2.669498e-01 3.454783e-01
-7.000000e-01 4.005000e-01 -2.579740e-01 3.454894e-01 -7.000000e-01 4.015000e-01 -2.581118e-01 3.455120e-01
1.755000e-01 4.010000e-01 -2.673295e-01 3.454474e-01 1.750000e-01 4.015000e-01 -2.677088e-01 3.454152e-01
1.760000e-01 4.005000e-01 -2.669498e-01 3.454783e-01 1.755000e-01 4.010000e-01 -2.673295e-01 3.454474e-01
-7.000000e-01 4.015000e-01 -2.581118e-01 3.455120e-01 -7.000000e-01 4.025000e-01 -2.582515e-01 3.455355e-01
1.750000e-01 4.015000e-01 -2.677088e-01 3.454152e-01 1.750000e-01 4.025000e-01 -2.676379e-01 3.454205e-01
-7.000000e-01 4.025000e-01 -2.582515e-01 3.455355e-01 -7.000000e-01 4.035000e-01 -2.583930e-01 3.455599e-01
1.750000e-01 4.025000e-01 -2.676379e-01 3.454205e-01 1.750000e-01 4.035000e-01 -2.675650e-01 3.454263e-01
-7.000000e-01 4.035000e-01 -2.583930e-01 3.455599e-01 -7.000000e-01 4.045000e-01 -2.585363e-01 3.455852e-01
1.750000e-01 4.035000e-01 -2.675650e-01 3.454263e-01 1.750000e-01 4.045000e-01 -2.674902e-01 3.454326e-01
-7.000000e-01 4.045000e-01 -2.585363e-01 3.455852e-01 -6.995000e-01 4.050000e-01 -2.581957e-01 3.455259e-01
-6.995000e-01 4.050000e-01 -2.581957e-01 3.455259e-01 -6.990000e-01 4.055000e-01 -2.578556e-01 3.454654e-01
1.750000e-01 4.045000e-01 -2.674902e-01 3.454326e-01 1.750000e-01 4.055000e-01 -2.674136e-01 3.454395e-01
-6.990000e-01 4.055000e-01 -2.578556e-01 3.454654e-01 -6.990000e-01 4.065000e-01 -2.580029e-01 3.454909e-01
1.750000e-01 4.055000e-01 -2.674136e-01 3.454395e-01 1.750000e-01 4.065000e-01 -2.673351e-01 3.454468e-01
-6.990000e-01 4.065000e-01 -2.580029e-01 3.454909e-01 -6.990000e-01 4.075000e-01 -2.581520e-01 3.455174e-01
1.750000e-01 4.065000e-01 -2.673351e-01 3.454468e-01 1.750000e-01 4.075000e-01 -2.672548e-01 3.454547e-01
-6.990000e-01 4.075000e-01 -2.581520e-01 3.455174e-01 -6.990000e-01 4.085000e-01 -2.583029e-01 3.455450e-01
1.750000e-01 4.075000e-01 -2.672548e-01 3.454547e-01 1.750000e-01 4.085000e-01 -2.671725e-01 3.454631e-01
-6.990000e-01 4.085000e-01 -2.583029e-01 3.455450e-01 -6.990000e-01 4.095000e-01 -2.584555e-01 3.455735e-01
1.750000e-01 4.085000e-01 -2.671725e-01 3.454631e-01 1.750000e-01 4.095000e-01 -2.670885e-01 3.454721e-01
-6.990000e-01 4.095000e-01 -2.584555e-01 3.455735e-01 -6.990000e-01 4.105000e-01 -2.586100e-01 3.456031e-01
1.750000e-01 4.095000e-01 -2.670885e-01 3.454721e-01 1.750000e-01 4.105000e-01 -2.670025e-01 3.454817e-01
-6.990000e-01 4.105000e-01 -2.586100e-01 3.456031e-01 -6.985000e-01 4.110000e-01 -2.582766e-01 3.455403e-01
-6.985000e-01 4.110000e-01 -2.582766e-01 3.455403e-01 -6.980000e-01 4.115000e-01 -2.579436e-01 3.454764e-01
1.750000e-01 4.105000e-01 -2.670025e-01 3.454817e-01 1.750000e-01 4.115000e-01 -2.669147e-01 3.454919e-01
-6.980000e-01 4.115000e-01 -2.579436e-01 3.454764e-01 -6.980000e-01 4.125000e-01 -2.581021e-01 3.455063e-01
1.745000e-01 4.120000e-01 -2.672811e-01 3.454525e-01 1.740000e-01 4.125000e-01 -2.676471e-01 3.454119e-01
1.750000e-01 4.115000e-01 -2.669147e-01 3.454919e-01 1.745000e-01 4.120000e-01 -2.672811e-01 3.454525e-01
-6.980000e-01 4.125000e-01 -2.581021e-01 3.455063e-01 -6.980000e-01 4.135000e-01 -2.582623e-01 3.455372e-01
1.740000e-01 4.125000e-01 -2.676471e-01 3.454119e-01 1.740000e-01 4.135000e-01 -2.675550e-01 3.454214e-01
-6.980000e-01 4.135000e-01 -2.582623e-01 3.455372e-01 -6.980000e-01 4.145000e-01 -2.584243e-01 3.455693e-01
1.740000e-01 4.135000e-01 -2.675550e-01 3.454214e-01 1.740000e-01 4.145000e-01 -2.674612e-01 3.454316e-01
-6.980000e-01 4.145000e-01 -2.584243e-01 3.455693e-01 -6.980000e-01 4.155000e-01 -2.585880e-01 3.456024e-01
1.740000e-01 4.145000e-01 -2.674612e-01 3.454316e-01 1.740000e-01 4.155000e-01 -2.673655e-01 3.454425e-01
-6.980000e-01 4.155000e-01 -2.585880e-01 3.456024e-01 -6.975000e-01 4.160000e-01 -2.582607e-01 3.455368e-01
-6.975000e-01 4.160000e-01 -2.582607e-01 3.455368e-01 -6.970000e-01 4.165000e-01 -2.579339e-01 3.454700e-01
1.740000e-01 4.155000e-01 -2.673655e-01 3.454425e-01 1.740000e-01 4.165000e-01 -2.672679e-01 3.454540e-01
-6.970000e-01 4.165000e-01 -2.579339e-01 3.454700e-01 -6.970000e-01 4.175000e-01 -2.581016e-01 3.455036e-01
1.740000e-01 4.165000e-01 -2.672679e-01 3.454540e-01 1.740000e-01 4.175000e-01 -2.671686e-01 3.454661e-01
-6.970000e-01 4.175000e-01 -2.581016e-01 3.455036e-01 -6.970000e-01 4.185000e-01 -2.582711e-01 3.455383e-01
1.740000e-01 4.175000e-01 -2.671686e-01 3.454661e-01 1.740000e-01 4.185000e-01 -2.670674e-01 3.454790e-01
-6.970000e-01 4.185000e-01 -2.582711e-01 3.455383e-01 -6.970000e-01 4.195000e-01 -2.584423e-01 3.455742e-01
1.740000e-01 4.185000e-01 -2.670674e-01 3.454790e-01 1.740000e-01 4.195000e-01 -2.669644e-01 3.454925e-01
-6.970000e-01 4.195000e-01 -2.584423e-01 3.455742e-01 -6.970000e-01 4.205000e-01 -2.586153e-01 3.456112e-01
1.740000e-01 4.195000e-01 -2.669644e-01 3.454925e-01 1.740000e-01 4.205000e-01 -2.668596e-01 3.455068e-01
-6.970000e-01 4.205000e-01 -2.586153e-01 3.456112e-01 -6.965000e-01 4.210000e-01 -2.582941e-01 3.455429e-01
-6.965000e-01 4.210000e-01 -2.582941e-01 3.455429e-01 -6.960000e-01 4.215000e-01 -2.579735e-01 3.454736e-01
1.735000e-01 4.210000e-01 -2.672147e-01 3.454610e-01 1.730000e-01 4.215000e-01 -2.675693e-01 3.454139e-01
1.740000e-01 4.205000e-01 -2.668596e-01 3.455068e-01 1.735000e-01 4.210000e-01 -2.672147e-01 3.454610e-01
-6.960000e-01 4.215000e-01 -2.579735e-01 3.454736e-01 -6.960000e-01 4.225000e-01 -2.581504e-01 3.455112e-01
1.730000e-01 4.215000e-01 -2.675693e-01 3.454139e-01 1.730000e-01 4.225000e-01 -2.674603e-01 3.454278e-01
-6.960000e-01 4.225000e-01 -2.581504e-01 3.455112e-01 -6.960000e-01 4.235000e-01 -2.583290e-01 3.455500e-01
1.730000e-01 4.225000e-01 -2.674603e-01 3.454278e-01 1.730000e-01 4.235000e-01 -2.673495e-01 3.454425e-01
-6.960000e-01 4.235000e-01 -2.583290e-01 3.455500e-01 -6.960000e-01 4.245000e-01 -2.585094e-01 3.455900e-01
1.730000e-01 4.235000e-01 -2.673495e-01 3.454425e-01 1.730000e-01 4.245000e-01 -2.672368e-01 3.454579e-01
-6.960000e-01 4.245000e-01 -2.585094e-01 3.455900e-01 -6.960000e-01 4.255000e-01 -2.586914e-01 3.456312e-01
1.730000e-01 4.245000e-01 -2.672368e-01 3.454579e-01 1.730000e-01 4.255000e-01 -2.671223e-01 3.454741e-01
-6.960000e-01 4.255000e-01 -2.586914e-01 3.456312e-01 -6.955000e-01 4.260000e-01 -2.583764e-01 3.455605e-01
-6.955000e-01 4.260000e-01 -2.583764e-01 3.455605e-01 -6.950000e-01 4.265000e-01 -2.580620e-01 3.454887e-01
1.730000e-01 4.255000e-01 -2.671223e-01 3.454741e-01 1.730000e-01 4.265000e-01 -2.670061e-01 3.454911e-01
-6.950000e-01 4.265000e-01 -2.580620e-01 3.454887e-01 -6.950000e-01 4.275000e-01 -2.582479e-01 3.455306e-01
1.730000e-01 4.265000e-01 -2.670061e-01 3.454911e-01 1.730000e-01 4.275000e-01 -2.668881e-01 3.455088e-01
-6.950000e-01 4.275000e-01 -2.582479e-01 3.455306e-01 -6.950000e-01 4.285000e-01 -2.584356e-01 3.455738e-01
1.725000e-01 4.280000e-01 -2.672343e-01 3.454582e-01 1.720000e-01 4.285000e-01 -2.675799e-01 3.454064e-01
1.730000e-01 4.275000e-01 -2.668881e-01 3.455088e-01 1.725000e-01 4.280000e-01 -2.672343e-01 3.454582e-01
-6.950000e-01 4.285000e-01 -2.584356e-01 3.455738e-01 -6.950000e-01 4.295000e-01 -2.586250e-01 3.456183e-01
1.720000e-01 4.285000e-01 -2.675799e-01 3.454064e-01 1.720000e-01 4.295000e-01 -2.674577e-01 3.454240e-01
-6.950000e-01 4.295000e-01 -2.586250e-01 3.456183e-01 -6.950000e-01 4.305000e-01 -2.588160e-01 3.456640e-01
1.720000e-01 4.295000e-01 -2.674577e-01 3.454240e-01 1.720000e-01 4.305000e-01 -2.673337e-01 3.454425e-01
-6.950000e-01 4.305000e-01 -2.588160e-01 3.456640e-01 -6.945000e-01 4.310000e-01 -2.585073e-01 3.455911e-01
-6.945000e-01 4.310000e-01 -2.585073e-01 3.455911e-01 -6.940000e-01 4.315000e-01 -2.581991e-01 3.455171e-01
1.720000e-01 4.305000e-01 -2.673337e-01 3.454425e-01 1.720000e-01 4.315000e-01 -2.672079e-01 3.454618e-01
-6.940000e-01 4.315000e-01 -2.581991e-01 3.455171e-01 -6.940000e-01 4.325000e-01 -2.583941e-01 3.455637e-01
1.720000e-01 4.315000e-01 -2.672079e-01 3.454618e-01 1.720000e-01 4.325000e-01 -2.670804e-01 3.454820e-01
-6.940000e-01 4.325000e-01 -2.583941e-01 3.455637e-01 -6.940000e-01 4.335000e-01 -2.585907e-01 3.456116e-01
1.720000e-01 4.325000e-01 -2.670804e-01 3.454820e-01 1.720000e-01 4.335000e-01 -2.669511e-01 3.455030e-01
-6.940000e-01 4.335000e-01 -2.585907e-01 3.456116e-01 -6.940000e-01 4.345000e-01 -2.587889e-01 3.456608e-01
1.720000e-01 4.335000e-01 -2.669511e-01 3.455030e-01 1.720000e-01 4.345000e-01 -2.668200e-01 3.455250e-01
-6.940000e-01 4.345000e-01 -2.587889e-01 3.456608e-01 -6.935000e-01 4.350000e-01 -2.584853e-01 3.455861e-01
-6.935000e-01 4.350000e-01 -2.584853e-01 3.455861e-01 -6.930000e-01 4.355000e-01 -2.581822e-01 3.455102e-01
1.715000e-01 4.350000e-01 -2.671571e-01 3.454700e-01 1.710000e-01 4.355000e-01 -2.674937e-01 3.454138e-01
1.720000e-01 4.345000e-01 -2.668200e-01 3.455250e-01 1.715000e-01 4.350000e-01 -2.671571e-01 3.454700e-01
-6.930000e-01 4.355000e-01 -2.581822e-01 3.455102e-01 -6.930000e-01 4.365000e-01 -2.583844e-01 3.455604e-01
1.710000e-01 4.355000e-01 -2.674937e-01 3.454138e-01 1.710000e-01 4.365000e-01 -2.673584e-01 3.454358e-01
-6.930000e-01 4.365000e-01 -2.583844e-01 3.455604e-01 -6.930000e-01 4.375000e-01 -2.585882e-01 3.456119e-01
1.710000e-01 4.365000e-01 -2.673584e-01 3.454358e-01 1.710000e-01 4.375000e-01 -2.672215e-01 3.454587e-01
-6.930000e-01 4.375000e-01 -2.585882e-01 3.456119e-01 -6.930000e-01 4.385000e-01 -2.587936e-01 3.456648e-01
1.710000e-01 4.375000e-01 -2.672215e-01 3.454587e-01 1.710000e-01 4.385000e-01 -2.670828e-01 3.454826e-01
-6.930000e-01 4.385000e-01 -2.587936e-01 3.456648e-01 -6.925000e-01 4.390000e-01 -2.584952e-01 3.455884e-01
-6.925000e-01 4.390000e-01 -2.584952e-01 3.455884e-01 -6.920000e-01 4.395000e-01 -2.581973e-01 3.455109e-01
1.710000e-01 4.385000e-01 -2.670828e-01 3.454826e-01 1.710000e-01 4.395000e-01 -2.669423e-01 3.455074e-01
-6.920000e-01 4.395000e-01 -2.581973e-01 3.455109e-01 -6.920000e-01 4.405000e-01 -2.584066e-01 3.455649e-01
1.710000e-01 4.395000e-01 -2.669423e-01 3.455074e-01 1.710000e-01 4.405000e-01 -2.668002e-01 3.455332e-01
-6.920000e-01 4.405000e-01 -2.584066e-01 3.455649e-01 -6.920000e-01 4.415000e-01 -2.586175e-01 3.456203e-01
1.705000e-01 4.410000e-01 -2.671294e-01 3.454746e-01 1.700000e-01 4.415000e-01 -2.674580e-01 3.454148e-01
1.710000e-01 4.405000e-01 -2.668002e-01 3.455332e-01 1.705000e-01 4.410000e-01 -2.671294e-01 3.454746e-01
-6.920000e-01 4.415000e-01 -2.586175e-01 3.456203e-01 -6.920000e-01 4.425000e-01 -2.588300e-01 3.456771e-01
1.700000e-01 4.415000e-01 -2.674580e-01 3.454148e-01 1.700000e-01 4.425000e-01 -2.673116e-01 3.454409e-01
-6.920000e-01 4.425000e-01 -2.588300e-01 3.456771e-01 -6.915000e-01 4.430000e-01 -2.585367e-01 3.455991e-01
-6.915000e-01 4.430000e-01 -2.585367e-01 3.455991e-01 -6.910000e-01 4.435000e-01 -2.582440e-01 3.455200e-01
1.700000e-01 4.425000e-01 -2.673116e-01 3.454409e-01 1.700000e-01 4.435000e-01 -2.671637e-01 3.454679e-01
-6.910000e-01 4.435000e-01 -2.582440e-01 3.455200e-01 -6.910000e-01 4.445000e-01 -2.584604e-01 3.455780e-01
1.700000e-01 4.435000e-01 -2.671637e-01 3.454679e-01 1.700000e-01 4.445000e-01 -2.670139e-01 3.454959e-01
-6.910000e-01 4.445000e-01 -2.584604e-01 3.455780e-01 -6.910000e-01 4.455000e-01 -2.586783e-01 3.456374e-01
1.700000e-01 4.445000e-01 -2.670139e-01 3.454959e-01 1.700000e-01 4.455000e-01 -2.668625e-01 3.455250e-01
-6.910000e-01 4.455000e-01 -2.586783e-01 3.456374e-01 -6.910000e-01 4.465000e-01 -2.588979e-01 3.456983e-01
1.700000e-01 4.455000e-01 -2.668625e-01 3.455250e-01 1.700000e-01 4.465000e-01 -2.667094e-01 3.455550e-01
-6.910000e-01 4.465000e-01 -2.588979e-01 3.456983e-01 -6.905000e-01 4.470000e-01 -2.586097e-01 3.456189e-01
-6.905000e-01 4.470000e-01 -2.586097e-01 3.456189e-01 -6.900000e-01 4.475000e-01 -2.583222e-01 3.455384e-01
1.695000e-01 4.470000e-01 -2.670306e-01 3.454932e-01 1.690000e-01 4.475000e-01 -2.673512e-01 3.454301e-01
1.700000e-01 4.465000e-01 -2.667094e-01 3.455550e-01 1.695000e-01 4.470000e-01 -2.670306e-01 3.454932e-01
-6.900000e-01 4.475000e-01 -2.583222e-01 3.455384e-01 -6.900000e-01 4.485000e-01 -2.585456e-01 3.456006e-01
1.690000e-01 4.475000e-01 -2.673512e-01 3.454301e-01 1.690000e-01 4.485000e-01 -2.671940e-01 3.454607e-01
-6.900000e-01 4.485000e-01 -2.585456e-01 3.456006e-01 -6.900000e-01 4.495000e-01 -2.587705e-01 3.456643e-01
1.690000e-01 4.485000e-01 -2.671940e-01 3.454607e-01 1.690000e-01 4.495000e-01 -2.670351e-01 3.454922e-01
-6.900000e-01 4.495000e-01 -2.587705e-01 3.456643e-01 -6.900000e-01 4.505000e-01 -2.589969e-01 3.457294e-01
1.690000e-01 4.495000e-01 -2.670351e-01 3.454922e-01 1.690000e-01 4.505000e-01 -2.668745e-01 3.455249e-01
-6.900000e-01 4.505000e-01 -2.589969e-01 3.457294e-01 -6.895000e-01 4.510000e-01 -2.587139e-01 3.456488e-01
-6.895000e-01 4.510000e-01 -2.587139e-01 3.456488e-01 -6.890000e-01 4.515000e-01 -2.584317e-01 3.455670e-01
1.690000e-01 4.505000e-01 -2.668745e-01 3.455249e-01 1.690000e-01 4.515000e-01 -2.667123e-01 3.455586e-01
-6.890000e-01 4.515000e-01 -2.584317e-01 3.455670e-01 -6.890000e-01 4.525000e-01 -2.586619e-01 3.456336e-01
1.685000e-01 4.520000e-01 -2.670268e-01 3.454941e-01 1.680000e-01 4.525000e-01 -2.673405e-01 3.454284e-01
1.690000e-01 4.515000e-01 -2.667123e-01 3.455586e-01 1.685000e-01 4.520000e-01 -2.670268e-01 3.454941e-01
-6.890000e-01 4.525000e-01 -2.586619e-01 3.456336e-01 -6.890000e-01 4.535000e-01 -2.588937e-01 3.457017e-01
1.680000e-01 4.525000e-01 -2.673405e-01 3.454284e-01 1.680000e-01 4.535000e-01 -2.671742e-01 3.454627e-01
-6.890000e-01 4.535000e-01 -2.588937e-01 3.457017e-01 -6.885000e-01 4.540000e-01 -2.586148e-01 3.456199e-01
-6.885000e-01 4.540000e-01 -2.586148e-01 3.456199e-01 -6.880000e-01 4.545000e-01 -2.583366e-01 3.455369e-01
1.680000e-01 4.535000e-01 -2.671742e-01 3.454627e-01 1.680000e-01 4.545000e-01 -2.670062e-01 3.454982e-01
-6.880000e-01 4.545000e-01 -2.583366e-01 3.455369e-01 -6.880000e-01 4.555000e-01 -2.585721e-01 3.456066e-01
1.680000e-01 4.545000e-01 -2.670062e-01 3.454982e-01 1.680000e-01 4.555000e-01 -2.668366e-01 3.455348e-01
-6.880000e-01 4.555000e-01 -2.585721e-01 3.456066e-01 -6.880000e-01 4.565000e-01 -2.588091e-01 3.456778e-01
1.680000e-01 4.555000e-01 -2.668366e-01 3.455348e-01 1.680000e-01 4.565000e-01 -2.666654e-01 3.455726e-01
-6.880000e-01 4.565000e-01 -2.588091e-01 3.456778e-01 -6.880000e-01 4.575000e-01 -2.590476e-01 3.457505e-01
1.675000e-01 4.570000e-01 -2.669730e-01 3.455056e-01 1.670000e-01 4.575000e-01 -2.672800e-01 3.454374e-01
1.680000e-01 4.565000e-01 -2.666654e-01 3.455726e-01 1.675000e-01 4.570000e-01 -2.669730e-01 3.455056e-01
-6.880000e-01 4.575000e-01 -2.590476e-01 3.457505e-01 -6.875000e-01 4.580000e-01 -2.587740e-01 3.456677e-01
-6.875000e-01 4.580000e-01 -2.587740e-01 3.456677e-01 -6.870000e-01 4.585000e-01 -2.585010e-01 3.455837e-01
1.670000e-01 4.575000e-01 -2.672800e-01 3.454374e-01 1.670000e-01 4.585000e-01 -2.671047e-01 3.454759e-01
-6.870000e-01 4.585000e-01 -2.585010e-01 3.455837e-01 -6.870000e-01 4.595000e-01 -2.587432e-01 3.456581e-01
1.670000e-01 4.585000e-01 -2.671047e-01 3.454759e-01 1.670000e-01 4.595000e-01 -2.669278e-01 3.455156e-01
-6.870000e-01 4.595000e-01 -2.587432e-01 3.456581e-01 -6.870000e-01 4.605000e-01 -2.589870e-01 3.457340e-01
1.670000e-01 4.595000e-01 -2.669278e-01 3.455156e-01 1.670000e-01 4.605000e-01 -2.667493e-01 3.455564e-01
-6.870000e-01 4.605000e-01 -2.589870e-01 3.457340e-01 -6.865000e-01 4.610000e-01 -2.587174e-01 3.456502e-01
-6.865000e-01 4.610000e-01 -2.587174e-01 3.456502e-01 -6.860000e-01 4.615000e-01 -2.584485e-01 3.455653e-01
1.670000e-01 4.605000e-01 -2.667493e-01 3.455564e-01 1.670000e-01 4.615000e-01 -2.665692e-01 3.455985e-01
-6.860000e-01 4.615000e-01 -2.584485e-01 3.455653e-01 -6.860000e-01 4.625000e-01 -2.586959e-01 3.456430e-01
1.665000e-01 4.620000e-01 -2.668700e-01 3.455293e-01 1.660000e-01 4.625000e-01 -2.671700e-01 3.454589e-01
1.670000e-01 4.615000e-01 -2.665692e-01 3.455985e-01 1.665000e-01 4.620000e-01 -2.668700e-01 3.455293e-01
-6.860000e-01 4.625000e-01 -2.586959e-01 3.456430e-01 -6.860000e-01 4.635000e-01 -2.589448e-01 3.457223e-01
1.660000e-01 4.625000e-01 -2.671700e-01 3.454589e-01 1.660000e-01 4.635000e-01 -2.669859e-01 3.455019e-01
-6.860000e-01 4.635000e-01 -2.589448e-01 3.457223e-01 -6.855000e-01 4.640000e-01 -2.586793e-01 3.456376e-01
-6.855000e-01 4.640000e-01 -2.586793e-01 3.456376e-01 -6.850000e-01 4.645000e-01 -2.584146e-01 3.455518e-01
1.660000e-01 4.635000e-01 -2.669859e-01 3.455019e-01 1.660000e-01 4.645000e-01 -2.668002e-01 3.455461e-01
-6.850000e-01 4.645000e-01 -2.584146e-01 3.455518e-01 -6.850000e-01 4.655000e-01 -2.586671e-01 3.456329e-01
1.660000e-01 4.645000e-01 -2.668002e-01 3.455461e-01 1.660000e-01 4.655000e-01 -2.666130e-01 3.455915e-01
-6.850000e-01 4.655000e-01 -2.586671e-01 3.456329e-01 -6.850000e-01 4.665000e-01 -2.589211e-01 3.457156e-01
1.655000e-01 4.660000e-01 -2.669082e-01 3.455205e-01 1.650000e-01 4.665000e-01 -2.672025e-01 3.454482e-01
1.660000e-01 4.655000e-01 -2.666130e-01 3.455915e-01 1.655000e-01 4.660000e-01 -2.669082e-01 3.455205e-01
-6.850000e-01 4.665000e-01 -2.589211e-01 3.457156e-01 -6.850000e-01 4.675000e-01 -2.591765e-01 3.458000e-01
1.650000e-01 4.665000e-01 -2.672025e-01 3.454482e-01 1.650000e-01 4.675000e-01 -2.670113e-01 3.454947e-01
-6.850000e-01 4.675000e-01 -2.591765e-01 3.458000e-01 -6.845000e-01 4.680000e-01 -2.589162e-01 3.457146e-01
-6.845000e-01 4.680000e-01 -2.589162e-01 3.457146e-01 -6.840000e-01 4.685000e-01 -2.586567e-01 3.456282e-01
1.650000e-01 4.675000e-01 -2.670113e-01 3.454947e-01 1.650000e-01 4.685000e-01 -2.668185e-01 3.455424e-01
-6.840000e-01 4.685000e-01 -2.586567e-01 3.456282e-01 -6.840000e-01 4.695000e-01 -2.589157e-01 3.457145e-01
1.650000e-01 4.685000e-01 -2.668185e-01 3.455424e-01 1.650000e-01 4.695000e-01 -2.666241e-01 3.455915e-01
-6.840000e-01 4.695000e-01 -2.589157e-01 3.457145e-01 -6.840000e-01 4.705000e-01 -2.591761e-01 3.458024e-01
1.645000e-01 4.700000e-01 -2.669137e-01 3.455187e-01 1.640000e-01 4.705000e-01 -2.672024e-01 3.454447e-01
1.650000e-01 4.695000e-01 -2.666241e-01 3.455915e-01 1.645000e-01 4.700000e-01 -2.669137e-01 3.455187e-01
-6.840000e-01 4.705000e-01 -2.591761e-01 3.458024e-01 -6.835000e-01 4.710000e-01 -2.589199e-01 3.457164e-01
-6.835000e-01 4.710000e-01 -2.589199e-01 3.457164e-01 -6.830000e-01 4.715000e-01 -2.586645e-01 3.456292e-01
1.640000e-01 4.705000e-01 -2.672024e-01 3.454447e-01 1.640000e-01 4.715000e-01 -2.670041e-01 3.454949e-01
-6.830000e-01 4.715000e-01 -2.586645e-01 3.456292e-01 -6.830000e-01 4.725000e-01 -2.589285e-01 3.457192e-01
1.640000e-01 4.715000e-01 -2.670041e-01 3.454949e-01 1.640000e-01 4.725000e-01 -2.668043e-01 3.455464e-01
-6.830000e-01 4.725000e-01 -2.589285e-01 3.457192e-01 -6.830000e-01 4.735000e-01 -2.591939e-01 3.458109e-01
1.640000e-01 4.725000e-01 -2.668043e-01 3.455464e-01 1.640000e-01 4.735000e-01 -2.666029e-01 3.455993e-01
-6.830000e-01 4.735000e-01 -2.591939e-01 3.458109e-01 -6.825000e-01 4.740000e-01 -2.589418e-01 3.457242e-01
-6.825000e-01 4.740000e-01 -2.589418e-01 3.457242e-01 -6.820000e-01 4.745000e-01 -2.586906e-01 3.456364e-01
1.635000e-01 4.740000e-01 -2.668868e-01 3.455250e-01 1.630000e-01 4.745000e-01 -2.671699e-01 3.454494e-01
1.640000e-01 4.735000e-01 -2.666029e-01 3.455993e-01 1.635000e-01 4.740000e-01 -2.668868e-01 3.455250e-01
-6.820000e-01 4.745000e-01 -2.586906e-01 3.456364e-01 -6.820000e-01 4.755000e-01 -2.589595e-01 3.457302e-01
1.630000e-01 4.745000e-01 -2.671699e-01 3.454494e-01 1.630000e-01 4.755000e-01 -2.669646e-01 3.455035e-01
-6.820000e-01 4.755000e-01 -2.589595e-01 3.457302e-01 -6.820000e-01 4.765000e-01 -2.592297e-01 3.458257e-01
1.630000e-01 4.755000e-01 -2.669646e-01 3.455035e-01 1.630000e-01 4.765000e-01 -2.667578e-01 3.455590e-01
-6.820000e-01 4.765000e-01 -2.592297e-01 3.458257e-01 -6.815000e-01 4.770000e-01 -2.589818e-01 3.457385e-01
-6.815000e-01 4.770000e-01 -2.589818e-01 3.457385e-01 -6.810000e-01 4.775000e-01 -2.587346e-01 3.456502e-01
1.630000e-01 4.765000e-01 -2.667578e-01 3.455590e-01 1.630000e-01 4.775000e-01 -2.665496e-01 3.456159e-01
-6.810000e-01 4.775000e-01 -2.587346e-01 3.456502e-01 -6.810000e-01 4.785000e-01 -2.590085e-01 3.457478e-01
1.625000e-01 4.780000e-01 -2.668278e-01 3.455402e-01 1.620000e-01 4.785000e-01 -2.671052e-01 3.454632e-01
1.630000e-01 4.775000e-01 -2.665496e-01 3.456159e-01 1.625000e-01 4.780000e-01 -2.668278e-01 3.455402e-01
-6.810000e-01 4.785000e-01 -2.590085e-01 3.457478e-01 -6.810000e-01 4.795000e-01 -2.592835e-01 3.458472e-01
1.620000e-01 4.785000e-01 -2.671052e-01 3.454632e-01 1.620000e-01 4.795000e-01 -2.668931e-01 3.455215e-01
-6.810000e-01 4.795000e-01 -2.592835e-01 3.458472e-01 -6.805000e-01 4.800000e-01 -2.590397e-01 3.457596e-01
-6.805000e-01 4.800000e-01 -2.590397e-01 3.457596e-01 -6.800000e-01 4.805000e-01 -2.587967e-01 3.456709e-01
1.620000e-01 4.795000e-01 -2.668931e-01 3.455215e-01 1.620000e-01 4.805000e-01 -2.666795e-01 3.455811e-01
-6.800000e-01 4.805000e-01 -2.587967e-01 3.456709e-01 -6.800000e-01 4.815000e-01 -2.590753e-01 3.457725e-01
1.620000e-01 4.805000e-01 -2.666795e-01 3.455811e-01 1.620000e-01 4.815000e-01 -2.664645e-01 3.456422e-01
-6.800000e-01 4.815000e-01 -2.590753e-01 3.457725e-01 -6.800000e-01 4.825000e-01 -2.593552e-01 3.458759e-01
1.615000e-01 4.820000e-01 -2.667371e-01 3.455652e-01 1.610000e-01 4.825000e-01 -2.670088e-01 3.454870e-01
1.620000e-01 4.815000e-01 -2.664645e-01 3.456422e-01 1.615000e-01 4.820000e-01 -2.667371e-01 3.455652e-01
-6.800000e-01 4.825000e-01 -2.593552e-01 3.458759e-01 -6.795000e-01 4.830000e-01 -2.591154e-01 3.457879e-01
-6.795000e-01 4.830000e-01 -2.591154e-01 3.457879e-01 -6.790000e-01 4.835000e-01 -2.588765e-01 3.456988e-01
1.610000e-01 4.825000e-01 -2.670088e-01 3.454870e-01 1.610000e-01 4.835000e-01 -2.667899e-01 3.455496e-01
-6.790000e-01 4.835000e-01 -2.588765e-01 3.456988e-01 -6.790000e-01 4.845000e-01 -2.591598e-01 3.458045e-01
1.610000e-01 4.835000e-01 -2.667899e-01 3.455496e-01 1.610000e-01 4.845000e-01 -2.665696e-01 3.456136e-01
-6.790000e-01 4.845000e-01 -2.591598e-01 3.458045e-01 -6.785000e-01 4.850000e-01 -2.589231e-01 3.457160e-01
-6.785000e-01 4.850000e-01 -2.589231e-01 3.457160e-01 -6.780000e-01 4.855000e-01 -2.586872e-01 3.456264e-01
1.610000e-01 4.845000e-01 -2.665696e-01 3.456136e-01 1.610000e-01 4.855000e-01 -2.663480e-01 3.456791e-01
-6.780000e-01 4.855000e-01 -2.586872e-01 3.456264e-01 -6.780000e-01 4.865000e-01 -2.589740e-01 3.457345e-01
1.605000e-01 4.860000e-01 -2.666148e-01 3.456011e-01 1.600000e-01 4.865000e-01 -2.668808e-01 3.455218e-01
1.610000e-01 4.855000e-01 -2.663480e-01 3.456791e-01 1.605000e-01 4.860000e-01 -2.666148e-01 3.456011e-01
-6.780000e-01 4.865000e-01 -2.589740e-01 3.457345e-01 -6.780000e-01 4.875000e-01 -2.592620e-01 3.458444e-01
1.600000e-01 4.865000e-01 -2.668808e-01 3.455218e-01 1.600000e-01 4.875000e-01 -2.666554e-01 3.455889e-01
-6.780000e-01 4.875000e-01 -2.592620e-01 3.458444e-01 -6.775000e-01 4.880000e-01 -2.590293e-01 3.457556e-01
-6.775000e-01 4.880000e-01 -2.590293e-01 3.457556e-01 -6.770000e-01 4.885000e-01 -2.587976e-01 3.456658e-01
1.600000e-01 4.875000e-01 -2.666554e-01 3.455889e-01 1.600000e-01 4.885000e-01 -2.664285e-01 3.456574e-01
-6.770000e-01 4.885000e-01 -2.587976e-01 3.456658e-01 -6.770000e-01 4.895000e-01 -2.590889e-01 3.457781e-01
1.595000e-01 4.890000e-01 -2.666909e-01 3.455784e-01 1.590000e-01 4.895000e-01 -2.669524e-01 3.454981e-01
1.600000e-01 4.885000e-01 -2.664285e-01 3.456574e-01 1.595000e-01 4.890000e-01 -2.666909e-01 3.455784e-01
-6.770000e-01 4.895000e-01 -2.590889e-01 3.457781e-01 -6.770000e-01 4.905000e-01 -2.593815e-01 3.458923e-01
1.590000e-01 4.895000e-01 -2.669524e-01 3.454981e-01 1.590000e-01 4.905000e-01 -2.667218e-01 3.455684e-01
-6.770000e-01 4.905000e-01 -2.593815e-01 3.458923e-01 -6.765000e-01 4.910000e-01 -2.591530e-01 3.458034e-01
-6.765000e-01 4.910000e-01 -2.591530e-01 3.458034e-01 -6.760000e-01 4.915000e-01 -2.589253e-01 3.457135e-01
1.590000e-01 4.905000e-01 -2.667218e-01 3.455684e-01 1.590000e-01 4.915000e-01 -2.664898e-01 3.456402e-01
-6.760000e-01 4.915000e-01 -2.589253e-01 3.457135e-01 -6.760000e-01 4.925000e-01 -2.592213e-01 3.458302e-01
1.590000e-01 4.915000e-01 -2.664898e-01 3.456402e-01 1.590000e-01 4.925000e-01 -2.662565e-01 3.457135e-01
-6.760000e-01 4.925000e-01 -2.592213e-01 3.458302e-01 -6.760000e-01 4.935000e-01 -2.595184e-01 3.459488e-01
1.585000e-01 4.930000e-01 -2.665133e-01 3.456336e-01 1.580000e-01 4.935000e-01 -2.667691e-01 3.455525e-01
1.590000e-01 4.925000e-01 -2.662565e-01 3.457135e-01 1.585000e-01 4.930000e-01 -2.665133e-01 3.456336e-01
-6.760000e-01 4.935000e-01 -2.595184e-01 3.459488e-01 -6.755000e-01 4.940000e-01 -2.592939e-01 3.458599e-01
-6.755000e-01 4.940000e-01 -2.592939e-01 3.458599e-01 -6.750000e-01 4.945000e-01 -2.590704e-01 3.457699e-01
1.580000e-01 4.935000e-01 -2.667691e-01 3.455525e-01 1.580000e-01 4.945000e-01 -2.665321e-01 3.456277e-01
-6.750000e-01 4.945000e-01 -2.590704e-01 3.457699e-01 -6.750000e-01 4.955000e-01 -2.593708e-01 3.458910e-01
1.580000e-01 4.945000e-01 -2.665321e-01 3.456277e-01 1.580000e-01 4.955000e-01 -2.662937e-01 3.457044e-01
-6.750000e-01 4.955000e-01 -2.593708e-01 3.458910e-01 -6.745000e-01 4.960000e-01 -2.591494e-01 3.458018e-01
-6.745000e-01 4.960000e-01 -2.591494e-01 3.458018e-01 -6.740000e-01 4.965000e-01 -2.589288e-01 3.457115e-01
1.575000e-01 4.960000e-01 -2.665460e-01 3.456237e-01 1.570000e-01 4.965000e-01 -2.667974e-01 3.455418e-01
1.580000e-01 4.955000e-01 -2.662937e-01 3.457044e-01 1.575000e-01 4.960000e-01 -2.665460e-01 3.456237e-01
-6.740000e-01 4.965000e-01 -2.589288e-01 3.457115e-01 -6.740000e-01 4.975000e-01 -2.592325e-01 3.458353e-01
1.570000e-01 4.965000e-01 -2.667974e-01 3.455418e-01 1.570000e-01 4.975000e-01 -2.665553e-01 3.456204e-01
-6.740000e-01 4.975000e-01 -2.592325e-01 3.458353e-01 -6.740000e-01 4.985000e-01 -2.595373e-01 3.459610e-01
1.570000e-01 4.975000e-01 -2.665553e-01 3.456204e-01 1.570000e-01 4.985000e-01 -2.663120e-01 3.457006e-01
-6.740000e-01 4.985000e-01 -2.595373e-01 3.459610e-01 -6.735000e-01 4.990000e-01 -2.593200e-01 3.458718e-01
-6.735000e-01 4.990000e-01 -2.593200e-01 3.458718e-01 -6.730000e-01 4.995000e-01 -2.591035e-01 3.457816e-01
1.565000e-01 4.990000e-01 -2.665598e-01 3.456192e-01 1.560000e-01 4.995000e-01 -2.668067e-01 3.455366e-01
1.570000e-01 4.985000e-01 -2.663120e-01 3.457006e-01 1.565000e-01 4.990000e-01 -2.665598e-01 3.456192e-01
-6.730000e-01 4.995000e-01 -2.591035e-01 3.457816e-01 -6.730000e-01 5.005000e-01 -2.594115e-01 3.459100e-01
1.560000e-01 4.995000e-01 -2.668067e-01 3.455366e-01 1.560000e-01 5.005000e-01 -2.665597e-01 3.456188e-01
-6.730000e-01 5.005000e-01 -2.594115e-01 3.459100e-01 -6.725000e-01 5.010000e-01 -2.591972e-01 3.458206e-01
-6.725000e-01 5.010000e-01 -2.591972e-01 3.458206e-01 -6.720000e-01 5.015000e-01 -2.589837e-01 3.457302e-01
1.560000e-01 5.005000e-01 -2.665597e-01 3.456188e-01 1.560000e-01 5.015000e-01 -2.663115e-01 3.457026e-01
-6.720000e-01 5.015000e-01 -2.589837e-01 3.457302e-01 -6.720000e-01 5.025000e-01 -2.592950e-01 3.458614e-01
1.555000e-01 5.020000e-01 -2.665549e-01 3.456205e-01 1.550000e-01 5.025000e-01 -2.667973e-01 3.455373e-01
1.560000e-01 5.015000e-01 -2.663115e-01 3.457026e-01 1.555000e-01 5.020000e-01 -2.665549e-01 3.456205e-01
-6.720000e-01 5.025000e-01 -2.592950e-01 3.458614e-01 -6.720000e-01 5.035000e-01 -2.596073e-01 3.459945e-01
1.550000e-01 5.025000e-01 -2.667973e-01 3.455373e-01 1.550000e-01 5.035000e-01 -2.665454e-01 3.456232e-01
-6.720000e-01 5.035000e-01 -2.596073e-01 3.459945e-01 -6.715000e-01 5.040000e-01 -2.593970e-01 3.459054e-01
-6.715000e-01 5.040000e-01 -2.593970e-01 3.459054e-01 -6.710000e-01 5.045000e-01 -2.591876e-01 3.458152e-01
1.550000e-01 5.035000e-01 -2.665454e-01 3.456232e-01 1.550000e-01 5.045000e-01 -2.662924e-01 3.457107e-01
-6.710000e-01 5.045000e-01 -2.591876e-01 3.458152e-01 -6.710000e-01 5.055000e-01 -2.595031e-01 3.459512e-01
1.545000e-01 5.050000e-01 -2.665313e-01 3.456281e-01 1.540000e-01 5.055000e-01 -2.667693e-01 3.455444e-01
1.550000e-01 5.045000e-01 -2.662924e-01 3.457107e-01 1.545000e-01 5.050000e-01 -2.665313e-01 3.456281e-01
-6.710000e-01 5.055000e-01 -2.595031e-01 3.459512e-01 -6.705000e-01 5.060000e-01 -2.592958e-01 3.458619e-01
-6.705000e-01 5.060000e-01 -2.592958e-01 3.458619e-01 -6.700000e-01 5.065000e-01 -2.590894e-01 3.457716e-01
1.540000e-01 5.055000e-01 -2.667693e-01 3.455444e-01 1.540000e-01 5.065000e-01 -2.665127e-01 3.456341e-01
-6.700000e-01 5.065000e-01 -2.590894e-01 3.457716e-01 -6.700000e-01 5.075000e-01 -2.594080e-01 3.459104e-01
1.540000e-01 5.065000e-01 -2.665127e-01 3.456341e-01 1.540000e-01 5.075000e-01 -2.662548e-01 3.457254e-01
-6.700000e-01 5.075000e-01 -2.594080e-01 3.459104e-01 -6.700000e-01 5.085000e-01 -2.597276e-01 3.460513e-01
1.535000e-01 5.080000e-01 -2.664893e-01 3.456424e-01 1.530000e-01 5.085000e-01 -2.667228e-01 3.455583e-01
1.540000e-01 5.075000e-01 -2.662548e-01 3.457254e-01 1.535000e-01 5.080000e-01 -2.664893e-01 3.456424e-01
-6.700000e-01 5.085000e-01 -2.597276e-01 3.460513e-01 -6.695000e-01 5.090000e-01 -2.595243e-01 3.459624e-01
-6.695000e-01 5.090000e-01 -2.595243e-01 3.459624e-01 -6.690000e-01 5.095000e-01 -2.593220e-01 3.458724e-01
1.530000e-01 5.085000e-01 -2.667228e-01 3.455583e-01 1.530000e-01 5.095000e-01 -2.664615e-01 3.456518e-01
-6.690000e-01 5.095000e-01 -2.593220e-01 3.458724e-01 -6.690000e-01 5.105000e-01 -2.596447e-01 3.460162e-01
1.530000e-01 5.095000e-01 -2.664615e-01 3.456518e-01 1.530000e-01 5.105000e-01 -2.661989e-01 3.457471e-01
-6.690000e-01 5.105000e-01 -2.596447e-01 3.460162e-01 -6.685000e-01 5.110000e-01 -2.594444e-01 3.459273e-01
-6.685000e-01 5.110000e-01 -2.594444e-01 3.459273e-01 -6.680000e-01 5.115000e-01 -2.592451e-01 3.458373e-01
1.525000e-01 5.110000e-01 -2.664290e-01 3.456638e-01 1.520000e-01 5.115000e-01 -2.666581e-01 3.455793e-01
1.530000e-01 5.105000e-01 -2.661989e-01 3.457471e-01 1.525000e-01 5.110000e-01 -2.664290e-01 3.456638e-01
-6.680000e-01 5.115000e-01 -2.592451e-01 3.458373e-01 -6.680000e-01 5.125000e-01 -2.595707e-01 3.459841e-01
1.520000e-01 5.115000e-01 -2.666581e-01 3.455793e-01 1.520000e-01 5.125000e-01 -2.663921e-01 3.456769e-01
-6.680000e-01 5.125000e-01 -2.595707e-01 3.459841e-01 -6.675000e-01 5.130000e-01 -2.593735e-01 3.458952e-01
-6.675000e-01 5.130000e-01 -2.593735e-01 3.458952e-01 -6.670000e-01 5.135000e-01 -2.591772e-01 3.458053e-01
1.520000e-01 5.125000e-01 -2.663921e-01 3.456769e-01 1.520000e-01 5.135000e-01 -2.661249e-01 3.457762e-01
-6.670000e-01 5.135000e-01 -2.591772e-01 3.458053e-01 -6.670000e-01 5.145000e-01 -2.595058e-01 3.459551e-01
1.515000e-01 5.140000e-01 -2.663506e-01 3.456926e-01 1.510000e-01 5.145000e-01 -2.665752e-01 3.456079e-01
1.520000e-01 5.135000e-01 -2.661249e-01 3.457762e-01 1.515000e-01 5.140000e-01 -2.663506e-01 3.456926e-01
-6.670000e-01 5.145000e-01 -2.595058e-01 3.459551e-01 -6.670000e-01 5.155000e-01 -2.598355e-01 3.461070e-01
1.510000e-01 5.145000e-01 -2.665752e-01 3.456079e-01 1.510000e-01 5.155000e-01 -2.663046e-01 3.457096e-01
-6.670000e-01 5.155000e-01 -2.598355e-01 3.461070e-01 -6.665000e-01 5.160000e-01 -2.596422e-01 3.460186e-01
-6.665000e-01 5.160000e-01 -2.596422e-01 3.460186e-01 -6.660000e-01 5.165000e-01 -2.594498e-01 3.459293e-01
1.510000e-01 5.155000e-01 -2.663046e-01 3.457096e-01 1.510000e-01 5.165000e-01 -2.660329e-01 3.458131e-01
-6.660000e-01 5.165000e-01 -2.594498e-01 3.459293e-01 -6.660000e-01 5.175000e-01 -2.597824e-01 3.460843e-01
1.505000e-01 5.170000e-01 -2.662542e-01 3.457294e-01 1.500000e-01 5.175000e-01 -2.664744e-01 3.456445e-01
1.510000e-01 5.165000e-01 -2.660329e-01 3.458131e-01 1.505000e-01 5.170000e-01 -2.662542e-01 3.457294e-01
-6.660000e-01 5.175000e-01 -2.597824e-01 3.460843e-01 -6.655000e-01 5.180000e-01 -2.595921e-01 3.459960e-01
-6.655000e-01 5.180000e-01 -2.595921e-01 3.459960e-01 -6.650000e-01 5.185000e-01 -2.594028e-01 3.459068e-01
1.500000e-01 5.175000e-01 -2.664744e-01 3.456445e-01 1.500000e-01 5.185000e-01 -2.661994e-01 3.457505e-01
-6.650000e-01 5.185000e-01 -2.594028e-01 3.459068e-01 -6.650000e-01 5.195000e-01 -2.597383e-01 3.460649e-01
1.495000e-01 5.190000e-01 -2.664173e-01 3.456663e-01 1.490000e-01 5.195000e-01 -2.666343e-01 3.455809e-01
1.500000e-01 5.185000e-01 -2.661994e-01 3.457505e-01 1.495000e-01 5.190000e-01 -2.664173e-01 3.456663e-01
-6.650000e-01 5.195000e-01 -2.597383e-01 3.460649e-01 -6.645000e-01 5.200000e-01 -2.595509e-01 3.459768e-01
-6.645000e-01 5.200000e-01 -2.595509e-01 3.459768e-01 -6.640000e-01 5.205000e-01 -2.593645e-01 3.458877e-01
1.490000e-01 5.195000e-01 -2.666343e-01 3.455809e-01 1.490000e-01 5.205000e-01 -2.663559e-01 3.456894e-01
-6.640000e-01 5.205000e-01 -2.593645e-01 3.458877e-01 -6.640000e-01 5.215000e-01 -2.597029e-01 3.460491e-01
1.490000e-01 5.205000e-01 -2.663559e-01 3.456894e-01 1.490000e-01 5.215000e-01 -2.660764e-01 3.457998e-01
-6.640000e-01 5.215000e-01 -2.597029e-01 3.460491e-01 -6.635000e-01 5.220000e-01 -2.595185e-01 3.459612e-01
-6.635000e-01 5.220000e-01 -2.595185e-01 3.459612e-01 -6.630000e-01 5.225000e-01 -2.593351e-01 3.458723e-01
1.485000e-01 5.220000e-01 -2.662901e-01 3.457156e-01 1.480000e-01 5.225000e-01 -2.665026e-01 3.456303e-01
1.490000e-01 5.215000e-01 -2.660764e-01 3.457998e-01 1.485000e-01 5.220000e-01 -2.662901e-01 3.457156e-01
-6.630000e-01 5.225000e-01 -2.593351e-01 3.458723e-01 -6.630000e-01 5.235000e-01 -2.596763e-01 3.460369e-01
1.480000e-01 5.225000e-01 -2.665026e-01 3.456303e-01 1.480000e-01 5.235000e-01 -2.662199e-01 3.457432e-01
-6.630000e-01 5.235000e-01 -2.596763e-01 3.460369e-01 -6.625000e-01 5.240000e-01 -2.594949e-01 3.459492e-01
-6.625000e-01 5.240000e-01 -2.594949e-01 3.459492e-01 -6.620000e-01 5.245000e-01 -2.593145e-01 3.458606e-01
1.480000e-01 5.235000e-01 -2.662199e-01 3.457432e-01 1.480000e-01 5.245000e-01 -2.659361e-01 3.458580e-01
-6.620000e-01 5.245000e-01 -2.593145e-01 3.458606e-01 -6.620000e-01 5.255000e-01 -2.596585e-01 3.460285e-01
1.475000e-01 5.250000e-01 -2.661453e-01 3.457738e-01 1.470000e-01 5.255000e-01 -2.663535e-01 3.456886e-01
1.480000e-01 5.245000e-01 -2.659361e-01 3.458580e-01 1.475000e-01 5.250000e-01 -2.661453e-01 3.457738e-01
-6.620000e-01 5.255000e-01 -2.596585e-01 3.460285e-01 -6.615000e-01 5.260000e-01 -2.594799e-01 3.459411e-01
-6.615000e-01 5.260000e-01 -2.594799e-01 3.459411e-01 -6.610000e-01 5.265000e-01 -2.593025e-01 3.458527e-01
1.470000e-01 5.255000e-01 -2.663535e-01 3.456886e-01 1.470000e-01 5.265000e-01 -2.660665e-01 3.458061e-01
-6.610000e-01 5.265000e-01 -2.593025e-01 3.458527e-01 -6.610000e-01 5.275000e-01 -2.596492e-01 3.460240e-01
1.465000e-01 5.270000e-01 -2.662725e-01 3.457217e-01 1.460000e-01 5.275000e-01 -2.664774e-01 3.456363e-01
1.470000e-01 5.265000e-01 -2.660665e-01 3.458061e-01 1.465000e-01 5.270000e-01 -2.662725e-01 3.457217e-01
-6.610000e-01 5.275000e-01 -2.596492e-01 3.460240e-01 -6.610000e-01 5.285000e-01 -2.599968e-01 3.461973e-01
1.460000e-01 5.275000e-01 -2.664774e-01 3.456363e-01 1.460000e-01 5.285000e-01 -2.661872e-01 3.457565e-01
-6.610000e-01 5.285000e-01 -2.599968e-01 3.461973e-01 -6.605000e-01 5.290000e-01 -2.598222e-01 3.461109e-01
-6.605000e-01 5.290000e-01 -2.598222e-01 3.461109e-01 -6.600000e-01 5.295000e-01 -2.596487e-01 3.460235e-01
1.460000e-01 5.285000e-01 -2.661872e-01 3.457565e-01 1.460000e-01 5.295000e-01 -2.658960e-01 3.458786e-01
-6.600000e-01 5.295000e-01 -2.596487e-01 3.460235e-01 -6.600000e-01 5.305000e-01 -2.599989e-01 3.462003e-01
1.455000e-01 5.300000e-01 -2.660977e-01 3.457944e-01 1.450000e-01 5.305000e-01 -2.662982e-01 3.457093e-01
1.460000e-01 5.295000e-01 -2.658960e-01 3.458786e-01 1.455000e-01 5.300000e-01 -2.660977e-01 3.457944e-01
-6.600000e-01 5.305000e-01 -2.599989e-01 3.462003e-01 -6.595000e-01 5.310000e-01 -2.598272e-01 3.461142e-01
-6.595000e-01 5.310000e-01 -2.598272e-01 3.461142e-01 -6.590000e-01 5.315000e-01 -2.596566e-01 3.460272e-01
1.450000e-01 5.305000e-01 -2.662982e-01 3.457093e-01 1.450000e-01 5.315000e-01 -2.660039e-01 3.458342e-01
-6.590000e-01 5.315000e-01 -2.596566e-01 3.460272e-01 -6.590000e-01 5.325000e-01 -2.600095e-01 3.462074e-01
1.445000e-01 5.320000e-01 -2.662023e-01 3.457499e-01 1.440000e-01 5.325000e-01 -2.663997e-01 3.456646e-01
1.450000e-01 5.315000e-01 -2.660039e-01 3.458342e-01 1.445000e-01 5.320000e-01 -2.662023e-01 3.457499e-01
-6.590000e-01 5.325000e-01 -2.600095e-01 3.462074e-01 -6.585000e-01 5.330000e-01 -2.598407e-01 3.461217e-01
-6.585000e-01 5.330000e-01 -2.598407e-01 3.461217e-01 -6.580000e-01 5.335000e-01 -2.596731e-01 3.460351e-01
1.440000e-01 5.325000e-01 -2.663997e-01 3.456646e-01 1.440000e-01 5.335000e-01 -2.661023e-01 3.457924e-01
-6.580000e-01 5.335000e-01 -2.596731e-01 3.460351e-01 -6.580000e-01 5.345000e-01 -2.600286e-01 3.462188e-01
1.440000e-01 5.335000e-01 -2.661023e-01 3.457924e-01 1.440000e-01 5.345000e-01 -2.658039e-01 3.459220e-01
-6.580000e-01 5.345000e-01 -2.600286e-01 3.462188e-01 -6.575000e-01 5.350000e-01 -2.598627e-01 3.461336e-01
-6.575000e-01 5.350000e-01 -2.598627e-01 3.461336e-01 -6.570000e-01 5.355000e-01 -2.596980e-01 3.460474e-01
1.435000e-01 5.350000e-01 -2.659981e-01 3.458382e-01 1.430000e-01 5.355000e-01 -2.661911e-01 3.457533e-01
1.440000e-01 5.345000e-01 -2.658039e-01 3.459220e-01 1.435000e-01 5.350000e-01 -2.659981e-01 3.458382e-01
-6.570000e-01 5.355000e-01 -2.596980e-01 3.460474e-01 -6.570000e-01 5.365000e-01 -2.600560e-01 3.462347e-01
1.430000e-01 5.355000e-01 -2.661911e-01 3.457533e-01 1.430000e-01 5.365000e-01 -2.658897e-01 3.458859e-01
-6.570000e-01 5.365000e-01 -2.600560e-01 3.462347e-01 -6.565000e-01 5.370000e-01 -2.598931e-01 3.461500e-01
-6.565000e-01 5.370000e-01 -2.598931e-01 3.461500e-01 -6.560000e-01 5.375000e-01 -2.597312e-01 3.460643e-01
1.425000e-01 5.370000e-01 -2.660806e-01 3.458021e-01 1.420000e-01 5.375000e-01 -2.662704e-01 3.457172e-01
1.430000e-01 5.365000e-01 -2.658897e-01 3.458859e-01 1.425000e-01 5.370000e-01 -2.660806e-01 3.458021e-01
-6.560000e-01 5.375000e-01 -2.597312e-01 3.460643e-01 -6.560000e-01 5.385000e-01 -2.600919e-01 3.462551e-01
1.420000e-01 5.375000e-01 -2.662704e-01 3.457172e-01 1.420000e-01 5.385000e-01 -2.659660e-01 3.458528e-01
-6.560000e-01 5.385000e-01 -2.600919e-01 3.462551e-01 -6.555000e-01 5.390000e-01 -2.599318e-01 3.461709e-01
-6.555000e-01 5.390000e-01 -2.599318e-01 3.461709e-01 -6.550000e-01 5.395000e-01 -2.597728e-01 3.460858e-01
1.415000e-01 5.390000e-01 -2.661537e-01 3.457689e-01 1.410000e-01 5.395000e-01 -2.663403e-01 3.456841e-01
1.420000e-01 5.385000e-01 -2.659660e-01 3.458528e-01 1.415000e-01 5.390000e-01 -2.661537e-01 3.457689e-01
-6.550000e-01 5.395000e-01 -2.597728e-01 3.460858e-01 -6.550000e-01 5.405000e-01 -2.601359e-01 3.462802e-01
1.410000e-01 5.395000e-01 -2.663403e-01 3.456841e-01 1.410000e-01 5.405000e-01 -2.660330e-01 3.458227e-01
-6.550000e-01 5.405000e-01 -2.601359e-01 3.462802e-01 -6.545000e-01 5.410000e-01 -2.599788e-01 3.461966e-01
-6.545000e-01 5.410000e-01 -2.599788e-01 3.461966e-01 -6.540000e-01 5.415000e-01 -2.598227e-01 3.461121e-01
1.410000e-01 5.405000e-01 -2.660330e-01 3.458227e-01 1.410000e-01 5.415000e-01 -2.657248e-01 3.459634e-01
-6.540000e-01 5.415000e-01 -2.598227e-01 3.461121e-01 -6.540000e-01 5.425000e-01 -2.601882e-01 3.463102e-01
1.405000e-01 5.420000e-01 -2.659083e-01 3.458801e-01 1.400000e-01 5.425000e-01 -2.660905e-01 3.457959e-01
1.410000e-01 5.415000e-01 -2.657248e-01 3.459634e-01 1.405000e-01 5.420000e-01 -2.659083e-01 3.458801e-01
-6.540000e-01 5.425000e-01 -2.601882e-01 3.463102e-01 -6.535000e-01 5.430000e-01 -2.600339e-01 3.462272e-01
-6.535000e-01 5.430000e-01 -2.600339e-01 3.462272e-01 -6.530000e-01 5.435000e-01 -2.598807e-01 3.461433e-01
1.400000e-01 5.425000e-01 -2.660905e-01 3.457959e-01 1.400000e-01 5.435000e-01 -2.657795e-01 3.459397e-01
-6.530000e-01 5.435000e-01 -2.598807e-01 3.461433e-01 -6.530000e-01 5.445000e-01 -2.602487e-01 3.463451e-01
1.395000e-01 5.440000e-01 -2.659597e-01 3.458566e-01 1.390000e-01 5.445000e-01 -2.661388e-01 3.457725e-01
1.400000e-01 5.435000e-01 -2.657795e-01 3.459397e-01 1.395000e-01 5.440000e-01 -2.659597e-01 3.458566e-01
-6.530000e-01 5.445000e-01 -2.602487e-01 3.463451e-01 -6.525000e-01 5.450000e-01 -2.600972e-01 3.462627e-01
-6.525000e-01 5.450000e-01 -2.600972e-01 3.462627e-01 -6.520000e-01 5.455000e-01 -2.599469e-01 3.461795e-01
1.390000e-01 5.445000e-01 -2.661388e-01 3.457725e-01 1.390000e-01 5.455000e-01 -2.658249e-01 3.459194e-01
-6.520000e-01 5.455000e-01 -2.599469e-01 3.461795e-01 -6.515000e-01 5.460000e-01 -2.597973e-01 3.460971e-01
-6.515000e-01 5.460000e-01 -2.597973e-01 3.460971e-01 -6.510000e-01 5.465000e-01 -2.596490e-01 3.460138e-01
1.385000e-01 5.460000e-01 -2.660020e-01 3.458365e-01 1.380000e-01 5.465000e-01 -2.661779e-01 3.457526e-01
1.390000e-01 5.455000e-01 -2.658249e-01 3.459194e-01 1.385000e-01 5.460000e-01 -2.660020e-01 3.458365e-01
-6.510000e-01 5.465000e-01 -2.596490e-01 3.460138e-01 -6.510000e-01 5.475000e-01 -2.600210e-01 3.462209e-01
1.380000e-01 5.465000e-01 -2.661779e-01 3.457526e-01 1.380000e-01 5.475000e-01 -2.658612e-01 3.459028e-01
-6.510000e-01 5.475000e-01 -2.600210e-01 3.462209e-01 -6.505000e-01 5.480000e-01 -2.598744e-01 3.461392e-01
-6.505000e-01 5.480000e-01 -2.598744e-01 3.461392e-01 -6.500000e-01 5.485000e-01 -2.597289e-01 3.460566e-01
1.375000e-01 5.480000e-01 -2.660351e-01 3.458201e-01 1.370000e-01 5.485000e-01 -2.662078e-01 3.457365e-01
1.380000e-01 5.475000e-01 -2.658612e-01 3.459028e-01 1.375000e-01 5.480000e-01 -2.660351e-01 3.458201e-01
-6.500000e-01 5.485000e-01 -2.597289e-01 3.460566e-01 -6.500000e-01 5.495000e-01 -2.601032e-01 3.462674e-01
1.370000e-01 5.485000e-01 -2.662078e-01 3.457365e-01 1.370000e-01 5.495000e-01 -2.658884e-01 3.458899e-01
-6.500000e-01 5.495000e-01 -2.601032e-01 3.462674e-01 -6.495000e-01 5.500000e-01 -2.599594e-01 3.461865e-01
-6.495000e-01 5.500000e-01 -2.599594e-01 3.461865e-01 -6.490000e-01 5.505000e-01 -2.598167e-01 3.461048e-01
1.370000e-01 5.495000e-01 -2.658884e-01 3.458899e-01 1.370000e-01 5.505000e-01 -2.655681e-01 3.460453e-01
-6.490000e-01 5.505000e-01 -2.598167e-01 3.461048e-01 -6.490000e-01 5.515000e-01 -2.601932e-01 3.463194e-01
1.365000e-01 5.510000e-01 -2.657379e-01 3.459636e-01 1.360000e-01 5.515000e-01 -2.659065e-01 3.458808e-01
1.370000e-01 5.505000e-01 -2.655681e-01 3.460453e-01 1.365000e-01 5.510000e-01 -2.657379e-01 3.459636e-01
-6.490000e-01 5.515000e-01 -2.601932e-01 3.463194e-01 -6.485000e-01 5.520000e-01 -2.600522e-01 3.462393e-01
-6.485000e-01 5.520000e-01 -2.600522e-01 3.462393e-01 -6.480000e-01 5.525000e-01 -2.599124e-01 3.461583e-01
1.360000e-01 5.515000e-01 -2.659065e-01 3.458808e-01 1.360000e-01 5.525000e-01 -2.655835e-01 3.460396e-01
-6.480000e-01 5.525000e-01 -2.599124e-01 3.461583e-01 -6.480000e-01 5.535000e-01 -2.602912e-01 3.463768e-01
1.355000e-01 5.530000e-01 -2.657502e-01 3.459582e-01 1.350000e-01 5.535000e-01 -2.659156e-01 3.458759e-01
1.360000e-01 5.525000e-01 -2.655835e-01 3.460396e-01 1.355000e-01 5.530000e-01 -2.657502e-01 3.459582e-01
-6.480000e-01 5.535000e-01 -2.602912e-01 3.463768e-01 -6.475000e-01 5.540000e-01 -2.601529e-01 3.462975e-01
-6.475000e-01 5.540000e-01 -2.601529e-01 3.462975e-01 -6.470000e-01 5.545000e-01 -2.600159e-01 3.462174e-01
1.350000e-01 5.535000e-01 -2.659156e-01 3.458759e-01 1.350000e-01 5.545000e-01 -2.655900e-01 3.460380e-01
-6.470000e-01 5.545000e-01 -2.600159e-01 3.462174e-01 -6.470000e-01 5.555000e-01 -2.603968e-01 3.464398e-01
1.345000e-01 5.550000e-01 -2.657535e-01 3.459570e-01 1.340000e-01 5.555000e-01 -2.659158e-01 3.458750e-01
1.350000e-01 5.545000e-01 -2.655900e-01 3.460380e-01 1.345000e-01 5.550000e-01 -2.657535e-01 3.459570e-01
-6.470000e-01 5.555000e-01 -2.603968e-01 3.464398e-01 -6.465000e-01 5.560000e-01 -2.602613e-01 3.463614e-01
-6.465000e-01 5.560000e-01 -2.602613e-01 3.463614e-01 -6.460000e-01 5.565000e-01 -2.601270e-01 3.462822e-01
1.340000e-01 5.555000e-01 -2.659158e-01 3.458750e-01 1.340000e-01 5.565000e-01 -2.655876e-01 3.460406e-01
-6.460000e-01 5.565000e-01 -2.601270e-01 3.462822e-01 -6.455000e-01 5.570000e-01 -2.599936e-01 3.462039e-01
-6.455000e-01 5.570000e-01 -2.599936e-01 3.462039e-01 -6.450000e-01 5.575000e-01 -2.598613e-01 3.461248e-01
1.335000e-01 5.570000e-01 -2.657480e-01 3.459600e-01 1.330000e-01 5.575000e-01 -2.659072e-01 3.458785e-01
1.340000e-01 5.565000e-01 -2.655876e-01 3.460406e-01 1.335000e-01 5.570000e-01 -2.657480e-01 3.459600e-01
-6.450000e-01 5.575000e-01 -2.598613e-01 3.461248e-01 -6.450000e-01 5.585000e-01 -2.602459e-01 3.463528e-01
1.330000e-01 5.575000e-01 -2.659072e-01 3.458785e-01 1.330000e-01 5.585000e-01 -2.655764e-01 3.460476e-01
-6.450000e-01 5.585000e-01 -2.602459e-01 3.463528e-01 -6.445000e-01 5.590000e-01 -2.601151e-01 3.462754e-01
-6.445000e-01 5.590000e-01 -2.601151e-01 3.462754e-01 -6.440000e-01 5.595000e-01 -2.599856e-01 3.461972e-01
1.325000e-01 5.590000e-01 -2.657337e-01 3.459675e-01 1.320000e-01 5.595000e-01 -2.658897e-01 3.458864e-01
1.330000e-01 5.585000e-01 -2.655764e-01 3.460476e-01 1.325000e-01 5.590000e-01 -2.657337e-01 3.459675e-01
-6.440000e-01 5.595000e-01 -2.599856e-01 3.461972e-01 -6.440000e-01 5.605000e-01 -2.603723e-01 3.464293e-01
1.320000e-01 5.595000e-01 -2.658897e-01 3.458864e-01 1.320000e-01 5.605000e-01 -2.655564e-01 3.460590e-01
-6.440000e-01 5.605000e-01 -2.603723e-01 3.464293e-01 -6.435000e-01 5.610000e-01 -2.602443e-01 3.463529e-01
-6.435000e-01 5.610000e-01 -2.602443e-01 3.463529e-01 -6.430000e-01 5.615000e-01 -2.601175e-01 3.462757e-01
1.315000e-01 5.610000e-01 -2.657107e-01 3.459794e-01 1.310000e-01 5.615000e-01 -2.658636e-01 3.458989e-01
1.320000e-01 5.605000e-01 -2.655564e-01 3.460590e-01 1.315000e-01 5.610000e-01 -2.657107e-01 3.459794e-01
-6.430000e-01 5.615000e-01 -2.601175e-01 3.462757e-01 -6.430000e-01 5.625000e-01 -2.605061e-01 3.465118e-01
1.310000e-01 5.615000e-01 -2.658636e-01 3.458989e-01 1.310000e-01 5.625000e-01 -2.655279e-01 3.460751e-01
-6.430000e-01 5.625000e-01 -2.605061e-01 3.465118e-01 -6.425000e-01 5.630000e-01 -2.603808e-01 3.464364e-01
-6.425000e-01 5.630000e-01 -2.603808e-01 3.464364e-01 -6.420000e-01 5.635000e-01 -2.602568e-01 3.463602e-01
1.305000e-01 5.630000e-01 -2.656790e-01 3.459961e-01 1.300000e-01 5.635000e-01 -2.658289e-01 3.459161e-01
1.310000e-01 5.625000e-01 -2.655279e-01 3.460751e-01 1.305000e-01 5.630000e-01 -2.656790e-01 3.459961e-01
-6.420000e-01 5.635000e-01 -2.602568e-01 3.463602e-01 -6.415000e-01 5.640000e-01 -2.601334e-01 3.462850e-01
-6.415000e-01 5.640000e-01 -2.601334e-01 3.462850e-01 -6.410000e-01 5.645000e-01 -2.600114e-01 3.462090e-01
1.300000e-01 5.635000e-01 -2.658289e-01 3.459161e-01 1.300000e-01 5.645000e-01 -2.654907e-01 3.460959e-01
-6.410000e-01 5.645000e-01 -2.600114e-01 3.462090e-01 -6.410000e-01 5.655000e-01 -2.604034e-01 3.464510e-01
1.295000e-01 5.650000e-01 -2.656388e-01 3.460175e-01 1.290000e-01 5.655000e-01 -2.657856e-01 3.459382e-01
1.300000e-01 5.645000e-01 -2.654907e-01 3.460959e-01 1.295000e-01 5.650000e-01 -2.656388e-01 3.460175e-01
-6.410000e-01 5.655000e-01 -2.604034e-01 3.464510e-01 -6.405000e-01 5.660000e-01 -2.602828e-01 3.463768e-01
-6.405000e-01 5.660000e-01 -2.602828e-01 3.463768e-01 -6.400000e-01 5.665000e-01 -2.601634e-01 3.463019e-01
1.290000e-01 5.655000e-01 -2.657856e-01 3.459382e-01 1.290000e-01 5.665000e-01 -2.654451e-01 3.461217e-01
-6.400000e-01 5.665000e-01 -2.601634e-01 3.463019e-01 -6.400000e-01 5.675000e-01 -2.605574e-01 3.465480e-01
1.285000e-01 5.670000e-01 -2.655902e-01 3.460439e-01 1.280000e-01 5.675000e-01 -2.657339e-01 3.459653e-01
1.290000e-01 5.665000e-01 -2.654451e-01 3.461217e-01 1.285000e-01 5.670000e-01 -2.655902e-01 3.460439e-01
-6.400000e-01 5.675000e-01 -2.605574e-01 3.465480e-01 -6.395000e-01 5.680000e-01 -2.604394e-01 3.464750e-01
-6.395000e-01 5.680000e-01 -2.604394e-01 3.464750e-01 -6.390000e-01 5.685000e-01 -2.603227e-01 3.464012e-01
1.280000e-01 5.675000e-01 -2.657339e-01 3.459653e-01 1.280000e-01 5.685000e-01 -2.653911e-01 3.461525e-01
-6.390000e-01 5.685000e-01 -2.603227e-01 3.464012e-01 -6.385000e-01 5.690000e-01 -2.602067e-01 3.463284e-01
-6.385000e-01 5.690000e-01 -2.602067e-01 3.463284e-01 -6.380000e-01 5.695000e-01 -2.600919e-01 3.462549e-01
1.275000e-01 5.690000e-01 -2.655331e-01 3.460754e-01 1.270000e-01 5.695000e-01 -2.656739e-01 3.459975e-01
1.280000e-01 5.685000e-01 -2.653911e-01 3.461525e-01 1.275000e-01 5.690000e-01 -2.655331e-01 3.460754e-01
-6.380000e-01 5.695000e-01 -2.600919e-01 3.462549e-01 -6.380000e-01 5.705000e-01 -2.604891e-01 3.465070e-01
1.270000e-01 5.695000e-01 -2.656739e-01 3.459975e-01 1.270000e-01 5.705000e-01 -2.653287e-01 3.461885e-01
-6.380000e-01 5.705000e-01 -2.604891e-01 3.465070e-01 -6.375000e-01 5.710000e-01 -2.603758e-01 3.464354e-01
-6.375000e-01 5.710000e-01 -2.603758e-01 3.464354e-01 -6.370000e-01 5.715000e-01 -2.602636e-01 3.463630e-01
1.265000e-01 5.710000e-01 -2.654677e-01 3.461122e-01 1.260000e-01 5.715000e-01 -2.656055e-01 3.460350e-01
1.270000e-01 5.705000e-01 -2.653287e-01 3.461885e-01 1.265000e-01 5.710000e-01 -2.654677e-01 3.461122e-01
-6.370000e-01 5.715000e-01 -2.602636e-01 3.463630e-01 -6.370000e-01 5.725000e-01 -2.606625e-01 3.466193e-01
1.260000e-01 5.715000e-01 -2.656055e-01 3.460350e-01 1.260000e-01 5.725000e-01 -2.652581e-01 3.462298e-01
-6.370000e-01 5.725000e-01 -2.606625e-01 3.466193e-01 -6.365000e-01 5.730000e-01 -2.605518e-01 3.465489e-01
-6.365000e-01 5.730000e-01 -2.605518e-01 3.465489e-01 -6.360000e-01 5.735000e-01 -2.604423e-01 3.464778e-01
1.255000e-01 5.730000e-01 -2.653941e-01 3.461542e-01 1.250000e-01 5.735000e-01 -2.655289e-01 3.460779e-01
1.260000e-01 5.725000e-01 -2.652581e-01 3.462298e-01 1.255000e-01 5.730000e-01 -2.653941e-01 3.461542e-01
-6.360000e-01 5.735000e-01 -2.604423e-01 3.464778e-01 -6.355000e-01 5.740000e-01 -2.603335e-01 3.464077e-01
-6.355000e-01 5.740000e-01 -2.603335e-01 3.464077e-01 -6.350000e-01 5.745000e-01 -2.602260e-01 3.463370e-01
1.245000e-01 5.740000e-01 -2.656628e-01 3.460024e-01 1.240000e-01 5.745000e-01 -2.657954e-01 3.459261e-01
1.250000e-01 5.735000e-01 -2.655289e-01 3.460779e-01 1.245000e-01 5.740000e-01 -2.656628e-01 3.460024e-01
-6.350000e-01 5.745000e-01 -2.602260e-01 3.463370e-01 -6.350000e-01 5.755000e-01 -2.606279e-01 3.465994e-01
1.240000e-01 5.745000e-01 -2.657954e-01 3.459261e-01 1.240000e-01 5.755000e-01 -2.654442e-01 3.461263e-01
-6.350000e-01 5.755000e-01 -2.606279e-01 3.465994e-01 -6.345000e-01 5.760000e-01 -2.605217e-01 3.465306e-01
-6.345000e-01 5.760000e-01 -2.605217e-01 3.465306e-01 -6.340000e-01 5.765000e-01 -2.604167e-01 3.464611e-01
1.235000e-01 5.760000e-01 -2.655752e-01 3.460517e-01 1.230000e-01 5.765000e-01 -2.657048e-01 3.459762e-01
1.240000e-01 5.755000e-01 -2.654442e-01 3.461263e-01 1.235000e-01 5.760000e-01 -2.655752e-01 3.460517e-01
-6.340000e-01 5.765000e-01 -2.604167e-01 3.464611e-01 -6.335000e-01 5.770000e-01 -2.603125e-01 3.463926e-01
-6.335000e-01 5.770000e-01 -2.603125e-01 3.463926e-01 -6.330000e-01 5.775000e-01 -2.602094e-01 3.463234e-01
1.230000e-01 5.765000e-01 -2.657048e-01 3.459762e-01 1.230000e-01 5.775000e-01 -2.653515e-01 3.461804e-01
-6.330000e-01 5.775000e-01 -2.602094e-01 3.463234e-01 -6.330000e-01 5.785000e-01 -2.606143e-01 3.465921e-01
1.225000e-01 5.780000e-01 -2.654795e-01 3.461066e-01 1.220000e-01 5.785000e-01 -2.656062e-01 3.460321e-01
1.230000e-01 5.775000e-01 -2.653515e-01 3.461804e-01 1.225000e-01 5.780000e-01 -2.654795e-01 3.461066e-01
-6.330000e-01 5.785000e-01 -2.606143e-01 3.465921e-01 -6.325000e-01 5.790000e-01 -2.605126e-01 3.465250e-01
-6.325000e-01 5.790000e-01 -2.605126e-01 3.465250e-01 -6.320000e-01 5.795000e-01 -2.604121e-01 3.464572e-01
1.220000e-01 5.785000e-01 -2.656062e-01 3.460321e-01 1.220000e-01 5.795000e-01 -2.652508e-01 3.462402e-01
-6.320000e-01 5.795000e-01 -2.604121e-01 3.464572e-01 -6.320000e-01 5.805000e-01 -2.608186e-01 3.467301e-01
1.215000e-01 5.800000e-01 -2.653759e-01 3.461675e-01 1.210000e-01 5.805000e-01 -2.654997e-01 3.460939e-01
1.220000e-01 5.795000e-01 -2.652508e-01 3.462402e-01 1.215000e-01 5.800000e-01 -2.653759e-01 3.461675e-01
-6.320000e-01 5.805000e-01 -2.608186e-01 3.467301e-01 -6.315000e-01 5.810000e-01 -2.607194e-01 3.466644e-01
-6.315000e-01 5.810000e-01 -2.607194e-01 3.466644e-01 -6.310000e-01 5.815000e-01 -2.606215e-01 3.465980e-01
1.210000e-01 5.805000e-01 -2.654997e-01 3.460939e-01 1.210000e-01 5.815000e-01 -2.651423e-01 3.463060e-01
-6.310000e-01 5.815000e-01 -2.606215e-01 3.465980e-01 -6.305000e-01 5.820000e-01 -2.605242e-01 3.465327e-01
-6.305000e-01 5.820000e-01 -2.605242e-01 3.465327e-01 -6.300000e-01 5.825000e-01 -2.604281e-01 3.464667e-01
1.205000e-01 5.820000e-01 -2.652646e-01 3.462342e-01 1.200000e-01 5.825000e-01 -2.653855e-01 3.461617e-01
1.210000e-01 5.815000e-01 -2.651423e-01 3.463060e-01 1.205000e-01 5.820000e-01 -2.652646e-01 3.462342e-01
-6.300000e-01 5.825000e-01 -2.604281e-01 3.464667e-01 -6.300000e-01 5.835000e-01 -2.608374e-01 3.467460e-01
1.195000e-01 5.830000e-01 -2.655056e-01 3.460901e-01 1.190000e-01 5.835000e-01 -2.656244e-01 3.460177e-01
1.200000e-01 5.825000e-01 -2.653855e-01 3.461617e-01 1.195000e-01 5.830000e-01 -2.655056e-01 3.460901e-01
-6.300000e-01 5.835000e-01 -2.608374e-01 3.467460e-01 -6.295000e-01 5.840000e-01 -2.607426e-01 3.466821e-01
-6.295000e-01 5.840000e-01 -2.607426e-01 3.466821e-01 -6.290000e-01 5.845000e-01 -2.606491e-01 3.466175e-01
1.190000e-01 5.835000e-01 -2.656244e-01 3.460177e-01 1.190000e-01 5.845000e-01 -2.652635e-01 3.462356e-01
-6.290000e-01 5.845000e-01 -2.606491e-01 3.466175e-01 -6.285000e-01 5.850000e-01 -2.605561e-01 3.465541e-01
-6.285000e-01 5.850000e-01 -2.605561e-01 3.465541e-01 -6.280000e-01 5.855000e-01 -2.604645e-01 3.464900e-01
1.185000e-01 5.850000e-01 -2.653807e-01 3.461651e-01 1.180000e-01 5.855000e-01 -2.654966e-01 3.460937e-01
1.190000e-01 5.845000e-01 -2.652635e-01 3.462356e-01 1.185000e-01 5.850000e-01 -2.653807e-01 3.461651e-01
-6.280000e-01 5.855000e-01 -2.604645e-01 3.464900e-01 -6.280000e-01 5.865000e-01 -2.608763e-01 3.467758e-01
1.180000e-01 5.855000e-01 -2.654966e-01 3.460937e-01 1.180000e-01 5.865000e-01 -2.651339e-01 3.463158e-01
-6.280000e-01 5.865000e-01 -2.608763e-01 3.467758e-01 -6.275000e-01 5.870000e-01 -2.607859e-01 3.467138e-01
-6.275000e-01 5.870000e-01 -2.607859e-01 3.467138e-01 -6.270000e-01 5.875000e-01 -2.606967e-01 3.466512e-01
1.175000e-01 5.870000e-01 -2.652483e-01 3.462463e-01 1.170000e-01 5.875000e-01 -2.653614e-01 3.461761e-01
1.180000e-01 5.865000e-01 -2.651339e-01 3.463158e-01 1.175000e-01 5.870000e-01 -2.652483e-01 3.462463e-01
-6.270000e-01 5.875000e-01 -2.606967e-01 3.466512e-01 -6.265000e-01 5.880000e-01 -2.606082e-01 3.465897e-01
-6.265000e-01 5.880000e-01 -2.606082e-01 3.465897e-01 -6.260000e-01 5.885000e-01 -2.605209e-01 3.465276e-01
1.165000e-01 5.880000e-01 -2.654737e-01 3.461069e-01 1.160000e-01 5.885000e-01 -2.655847e-01 3.460370e-01
1.170000e-01 5.875000e-01 -2.653614e-01 3.461761e-01 1.165000e-01 5.880000e-01 -2.654737e-01 3.461069e-01
-6.260000e-01 5.885000e-01 -2.605209e-01 3.465276e-01 -6.260000e-01 5.895000e-01 -2.609352e-01 3.468200e-01
1.160000e-01 5.885000e-01 -2.655847e-01 3.460370e-01 1.160000e-01 5.895000e-01 -2.652187e-01 3.462650e-01
-6.260000e-01 5.895000e-01 -2.609352e-01 3.468200e-01 -6.255000e-01 5.900000e-01 -2.608491e-01 3.467600e-01
-6.255000e-01 5.900000e-01 -2.608491e-01 3.467600e-01 -6.250000e-01 5.905000e-01 -2.607642e-01 3.466995e-01
1.155000e-01 5.900000e-01 -2.653282e-01 3.461970e-01 1.150000e-01 5.905000e-01 -2.654364e-01 3.461282e-01
1.160000e-01 5.895000e-01 -2.652187e-01 3.462650e-01 1.155000e-01 5.900000e-01 -2.653282e-01 3.461970e-01
-6.250000e-01 5.905000e-01 -2.607642e-01 3.466995e-01 -6.245000e-01 5.910000e-01 -2.606799e-01 3.466401e-01
-6.245000e-01 5.910000e-01 -2.606799e-01 3.466401e-01 -6.240000e-01 5.915000e-01 -2.605969e-01 3.465801e-01
1.150000e-01 5.905000e-01 -2.654364e-01 3.461282e-01 1.150000e-01 5.915000e-01 -2.650686e-01 3.463604e-01
-6.240000e-01 5.915000e-01 -2.605969e-01 3.465801e-01 -6.240000e-01 5.925000e-01 -2.610136e-01 3.468790e-01
1.145000e-01 5.920000e-01 -2.651754e-01 3.462936e-01 1.140000e-01 5.925000e-01 -2.652807e-01 3.462261e-01
1.150000e-01 5.915000e-01 -2.650686e-01 3.463604e-01 1.145000e-01 5.920000e-01 -2.651754e-01 3.462936e-01
-6.240000e-01 5.925000e-01 -2.610136e-01 3.468790e-01 -6.235000e-01 5.930000e-01 -2.609317e-01 3.468212e-01
-6.235000e-01 5.930000e-01 -2.609317e-01 3.468212e-01 -6.230000e-01 5.935000e-01 -2.608511e-01 3.467628e-01
1.135000e-01 5.930000e-01 -2.653854e-01 3.461596e-01 1.130000e-01 5.935000e-01 -2.654888e-01 3.460924e-01
1.140000e-01 5.925000e-01 -2.652807e-01 3.462261e-01 1.135000e-01 5.930000e-01 -2.653854e-01 3.461596e-01
-6.230000e-01 5.935000e-01 -2.608511e-01 3.467628e-01 -6.225000e-01 5.940000e-01 -2.607711e-01 3.467056e-01
-6.225000e-01 5.940000e-01 -2.607711e-01 3.467056e-01 -6.220000e-01 5.945000e-01 -2.606923e-01 3.466478e-01
1.130000e-01 5.935000e-01 -2.654888e-01 3.460924e-01 1.130000e-01 5.945000e-01 -2.651179e-01 3.463308e-01
-6.220000e-01 5.945000e-01 -2.606923e-01 3.466478e-01 -6.215000e-01 5.950000e-01 -2.606141e-01 3.465911e-01
-6.215000e-01 5.950000e-01 -2.606141e-01 3.465911e-01 -6.210000e-01 5.955000e-01 -2.605372e-01 3.465338e-01
1.125000e-01 5.950000e-01 -2.652199e-01 3.462656e-01 1.120000e-01 5.955000e-01 -2.653205e-01 3.461997e-01
1.130000e-01 5.945000e-01 -2.651179e-01 3.463308e-01 1.125000e-01 5.950000e-01 -2.652199e-01 3.462656e-01
-6.210000e-01 5.955000e-01 -2.605372e-01 3.465338e-01 -6.210000e-01 5.965000e-01 -2.609572e-01 3.468417e-01
1.120000e-01 5.955000e-01 -2.653205e-01 3.461997e-01 1.120000e-01 5.965000e-01 -2.649481e-01 3.464424e-01
-6.210000e-01 5.965000e-01 -2.609572e-01 3.468417e-01 -6.205000e-01 5.970000e-01 -2.608813e-01 3.467866e-01
-6.205000e-01 5.970000e-01 -2.608813e-01 3.467866e-01 -6.200000e-01 5.975000e-01 -2.608067e-01 3.467312e-01
1.115000e-01 5.970000e-01 -2.650473e-01 3.463785e-01 1.110000e-01 5.975000e-01 -2.651452e-01 3.463140e-01
1.120000e-01 5.965000e-01 -2.649481e-01 3.464424e-01 1.115000e-01 5.970000e-01 -2.650473e-01 3.463785e-01
-6.200000e-01 5.975000e-01 -2.608067e-01 3.467312e-01 -6.195000e-01 5.980000e-01 -2.607326e-01 3.466767e-01
-6.195000e-01 5.980000e-01 -2.607326e-01 3.466767e-01 -6.190000e-01 5.985000e-01 -2.606599e-01 3.466219e-01
1.105000e-01 5.980000e-01 -2.652424e-01 3.462505e-01 1.100000e-01 5.985000e-01 -2.653382e-01 3.461863e-01
1.110000e-01 5.975000e-01 -2.651452e-01 3.463140e-01 1.105000e-01 5.980000e-01 -2.652424e-01 3.462505e-01
-6.190000e-01 5.985000e-01 -2.606599e-01 3.466219e-01 -6.190000e-01 5.995000e-01 -2.610820e-01 3.469364e-01
1.100000e-01 5.985000e-01 -2.653382e-01 3.461863e-01 1.100000e-01 5.995000e-01 -2.649629e-01 3.464353e-01
-6.190000e-01 5.995000e-01 -2.610820e-01 3.469364e-01 -6.185000e-01 6.000000e-01 -2.610102e-01 3.468838e-01
-6.185000e-01 6.000000e-01 -2.610102e-01 3.468838e-01 -6.180000e-01 6.005000e-01 -2.609397e-01 3.468307e-01
1.095000e-01 6.000000e-01 -2.650574e-01 3.463732e-01 1.090000e-01 6.005000e-01 -2.651506e-01 3.463105e-01
1.100000e-01 5.995000e-01 -2.649629e-01 3.464353e-01 1.095000e-01 6.000000e-01 -2.650574e-01 3.463732e-01
-6.180000e-01 6.005000e-01 -2.609397e-01 3.468307e-01 -6.175000e-01 6.010000e-01 -2.608698e-01 3.467787e-01
-6.175000e-01 6.010000e-01 -2.608698e-01 3.467787e-01 -6.170000e-01 6.015000e-01 -2.608011e-01 3.467262e-01
1.085000e-01 6.010000e-01 -2.652431e-01 3.462488e-01 1.080000e-01 6.015000e-01 -2.653342e-01 3.461865e-01
1.090000e-01 6.005000e-01 -2.651506e-01 3.463105e-01 1.085000e-01 6.010000e-01 -2.652431e-01 3.462488e-01
-6.170000e-01 6.015000e-01 -2.608011e-01 3.467262e-01 -6.165000e-01 6.020000e-01 -2.607329e-01 3.466749e-01
-6.165000e-01 6.020000e-01 -2.607329e-01 3.466749e-01 -6.160000e-01 6.025000e-01 -2.606661e-01 3.466231e-01
1.080000e-01 6.015000e-01 -2.653342e-01 3.461865e-01 1.080000e-01 6.025000e-01 -2.649562e-01 3.464419e-01
-6.160000e-01 6.025000e-01 -2.606661e-01 3.466231e-01 -6.160000e-01 6.035000e-01 -2.610910e-01 3.469467e-01
1.075000e-01 6.030000e-01 -2.650461e-01 3.463817e-01 1.070000e-01 6.035000e-01 -2.651345e-01 3.463209e-01
1.080000e-01 6.025000e-01 -2.649562e-01 3.464419e-01 1.075000e-01 6.030000e-01 -2.650461e-01 3.463817e-01
-6.160000e-01 6.035000e-01 -2.610910e-01 3.469467e-01 -6.155000e-01 6.040000e-01 -2.610251e-01 3.468972e-01
-6.155000e-01 6.040000e-01 -2.610251e-01 3.468972e-01 -6.150000e-01 6.045000e-01 -2.609605e-01 3.468473e-01
1.065000e-01 6.040000e-01 -2.652224e-01 3.462612e-01 1.060000e-01 6.045000e-01 -2.653089e-01 3.462008e-01
1.070000e-01 6.035000e-01 -2.651345e-01 3.463209e-01 1.065000e-01 6.040000e-01 -2.652224e-01 3.462612e-01
-6.150000e-01 6.045000e-01 -2.609605e-01 3.468473e-01 -6.145000e-01 6.050000e-01 -2.608963e-01 3.467985e-01
-6.145000e-01 6.050000e-01 -2.608963e-01 3.467985e-01 -6.140000e-01 6.055000e-01 -2.608335e-01 3.467492e-01
1.060000e-01 6.045000e-01 -2.653089e-01 3.462008e-01 1.060000e-01 6.055000e-01 -2.649283e-01 3.464628e-01
-6.140000e-01 6.055000e-01 -2.608335e-01 3.467492e-01 -6.135000e-01 6.060000e-01 -2.607711e-01 3.467011e-01
-6.135000e-01 6.060000e-01 -2.607711e-01 3.467011e-01 -6.130000e-01 6.065000e-01 -2.607100e-01 3.466527e-01
1.055000e-01 6.060000e-01 -2.650136e-01 3.464046e-01 1.050000e-01 6.065000e-01 -2.650975e-01 3.463458e-01
1.060000e-01 6.055000e-01 -2.649283e-01 3.464628e-01 1.055000e-01 6.060000e-01 -2.650136e-01 3.464046e-01
-6.130000e-01 6.065000e-01 -2.607100e-01 3.466527e-01 -6.130000e-01 6.075000e-01 -2.611376e-01 3.469856e-01
1.045000e-01 6.070000e-01 -2.651808e-01 3.462881e-01 1.040000e-01 6.075000e-01 -2.652627e-01 3.462298e-01
1.050000e-01 6.065000e-01 -2.650975e-01 3.463458e-01 1.045000e-01 6.070000e-01 -2.651808e-01 3.462881e-01
-6.130000e-01 6.075000e-01 -2.611376e-01 3.469856e-01 -6.125000e-01 6.080000e-01 -2.610774e-01 3.469393e-01
-6.125000e-01 6.080000e-01 -2.610774e-01 3.469393e-01 -6.120000e-01 6.085000e-01 -2.610185e-01 3.468928e-01
1.040000e-01 6.075000e-01 -2.652627e-01 3.462298e-01 1.040000e-01 6.085000e-01 -2.648797e-01 3.464985e-01
-6.120000e-01 6.085000e-01 -2.610185e-01 3.468928e-01 -6.115000e-01 6.090000e-01 -2.609600e-01 3.468473e-01
-6.115000e-01 6.090000e-01 -2.609600e-01 3.468473e-01 -6.110000e-01 6.095000e-01 -2.609029e-01 3.468015e-01
1.035000e-01 6.090000e-01 -2.649604e-01 3.464424e-01 1.030000e-01 6.095000e-01 -2.650398e-01 3.463857e-01
1.040000e-01 6.085000e-01 -2.648797e-01 3.464985e-01 1.035000e-01 6.090000e-01 -2.649604e-01 3.464424e-01
-6.110000e-01 6.095000e-01 -2.609029e-01 3.468015e-01 -6.105000e-01 6.100000e-01 -2.608462e-01 3.467568e-01
-6.105000e-01 6.100000e-01 -2.608462e-01 3.467568e-01 -6.100000e-01 6.105000e-01 -2.607908e-01 3.467118e-01
1.025000e-01 6.100000e-01 -2.651186e-01 3.463302e-01 1.020000e-01 6.105000e-01 -2.651960e-01 3.462741e-01
1.030000e-01 6.095000e-01 -2.650398e-01 3.463857e-01 1.025000e-01 6.100000e-01 -2.651186e-01 3.463302e-01
-6.100000e-01 6.105000e-01 -2.607908e-01 3.467118e-01 -6.100000e-01 6.115000e-01 -2.612208e-01 3.470540e-01
1.020000e-01 6.105000e-01 -2.651960e-01 3.462741e-01 1.020000e-01 6.115000e-01 -2.648106e-01 3.465494e-01
-6.100000e-01 6.115000e-01 -2.612208e-01 3.470540e-01 -6.095000e-01 6.120000e-01 -2.611662e-01 3.470113e-01
-6.095000e-01 6.120000e-01 -2.611662e-01 3.470113e-01 -6.090000e-01 6.125000e-01 -2.611129e-01 3.469683e-01
1.015000e-01 6.120000e-01 -2.648869e-01 3.464956e-01 1.010000e-01 6.125000e-01 -2.649618e-01 3.464411e-01
1.020000e-01 6.115000e-01 -2.648106e-01 3.465494e-01 1.015000e-01 6.120000e-01 -2.648869e-01 3.464956e-01
-6.090000e-01 6.125000e-01 -2.611129e-01 3.469683e-01 -6.085000e-01 6.130000e-01 -2.610600e-01 3.469264e-01
-6.085000e-01 6.130000e-01 -2.610600e-01 3.469264e-01 -6.080000e-01 6.135000e-01 -2.610085e-01 3.468841e-01
1.005000e-01 6.130000e-01 -2.650362e-01 3.463879e-01 1.000000e-01 6.135000e-01 -2.651091e-01 3.463341e-01
1.010000e-01 6.125000e-01 -2.649618e-01 3.464411e-01 1.005000e-01 6.130000e-01 -2.650362e-01 3.463879e-01
-6.080000e-01 6.135000e-01 -2.610085e-01 3.468841e-01 -6.075000e-01 6.140000e-01 -2.609573e-01 3.468430e-01
-6.075000e-01 6.140000e-01 -2.609573e-01 3.468430e-01 -6.070000e-01 6.145000e-01 -2.609074e-01 3.468017e-01
1.000000e-01 6.135000e-01 -2.651091e-01 3.463341e-01 1.000000e-01 6.145000e-01 -2.647216e-01 3.466162e-01
-6.070000e-01 6.145000e-01 -2.609074e-01 3.468017e-01 -6.070000e-01 6.155000e-01 -2.613396e-01 3.471534e-01
9.950000e-02 6.150000e-01 -2.647935e-01 3.465647e-01 9.900000e-02 6.155000e-01 -2.648640e-01 3.465126e-01
1.000000e-01 6.145000e-01 -2.647216e-01 3.466162e-01 9.950000e-02 6.150000e-01 -2.647935e-01 3.465647e-01
-6.070000e-01 6.155000e-01 -2.613396e-01 3.471534e-01 -6.065000e-01 6.160000e-01 -2.612905e-01 3.471144e-01
-6.065000e-01 6.160000e-01 -2.612905e-01 3.471144e-01 -6.060000e-01 6.165000e-01 -2.612427e-01 3.470750e-01
9.850000e-02 6.160000e-01 -2.649340e-01 3.464617e-01 9.800000e-02 6.165000e-01 -2.650025e-01 3.464103e-01
9.900000e-02 6.155000e-01 -2.648640e-01 3.465126e-01 9.850000e-02 6.160000e-01 -2.649340e-01 3.464617e-01
-6.060000e-01 6.165000e-01 -2.612427e-01 3.470750e-01 -6.055000e-01 6.170000e-01 -2.611953e-01 3.470368e-01
-6.055000e-01 6.170000e-01 -2.611953e-01 3.470368e-01 -6.050000e-01 6.175000e-01 -2.611491e-01 3.469983e-01
9.750000e-02 6.170000e-01 -2.650706e-01 3.463601e-01 9.700000e-02 6.175000e-01 -2.651373e-01 3.463094e-01
9.800000e-02 6.165000e-01 -2.650025e-01 3.464103e-01 9.750000e-02 6.170000e-01 -2.650706e-01 3.463601e-01
-6.050000e-01 6.175000e-01 -2.611491e-01 3.469983e-01 -6.045000e-01 6.180000e-01 -2.611034e-01 3.469611e-01
-6.045000e-01 6.180000e-01 -2.611034e-01 3.469611e-01 -6.040000e-01 6.185000e-01 -2.610590e-01 3.469234e-01
9.700000e-02 6.175000e-01 -2.651373e-01 3.463094e-01 9.700000e-02 6.185000e-01 -2.647468e-01 3.466007e-01
-6.040000e-01 6.185000e-01 -2.610590e-01 3.469234e-01 -6.035000e-01 6.190000e-01 -2.610149e-01 3.468870e-01
-6.035000e-01 6.190000e-01 -2.610149e-01 3.468870e-01 -6.030000e-01 6.195000e-01 -2.609722e-01 3.468503e-01
9.650000e-02 6.190000e-01 -2.648124e-01 3.465523e-01 9.600000e-02 6.195000e-01 -2.648767e-01 3.465034e-01
9.700000e-02 6.185000e-01 -2.647468e-01 3.466007e-01 9.650000e-02 6.190000e-01 -2.648124e-01 3.465523e-01
-6.030000e-01 6.195000e-01 -2.609722e-01 3.468503e-01 -6.030000e-01 6.205000e-01 -2.614069e-01 3.472140e-01
9.550000e-02 6.200000e-01 -2.649405e-01 3.464557e-01 9.500000e-02 6.205000e-01 -2.650029e-01 3.464075e-01
9.600000e-02 6.195000e-01 -2.648767e-01 3.465034e-01 9.550000e-02 6.200000e-01 -2.649405e-01 3.464557e-01
-6.030000e-01 6.205000e-01 -2.614069e-01 3.472140e-01 -6.025000e-01 6.210000e-01 -2.613648e-01 3.471797e-01
-6.025000e-01 6.210000e-01 -2.613648e-01 3.471797e-01 -6.020000e-01 6.215000e-01 -2.613240e-01 3.471452e-01
9.500000e-02 6.205000e-01 -2.650029e-01 3.464075e-01 9.500000e-02 6.215000e-01 -2.646106e-01 3.467058e-01
-6.020000e-01 6.215000e-01 -2.613240e-01 3.471452e-01 -6.015000e-01 6.220000e-01 -2.612836e-01 3.471118e-01
-6.015000e-01 6.220000e-01 -2.612836e-01 3.471118e-01 -6.010000e-01 6.225000e-01 -2.612445e-01 3.470782e-01
9.450000e-02 6.220000e-01 -2.646720e-01 3.466600e-01 9.400000e-02 6.225000e-01 -2.647320e-01 3.466138e-01
9.500000e-02 6.215000e-01 -2.646106e-01 3.467058e-01 9.450000e-02 6.220000e-01 -2.646720e-01 3.466600e-01
-6.010000e-01 6.225000e-01 -2.612445e-01 3.470782e-01 -6.005000e-01 6.230000e-01 -2.612057e-01 3.470458e-01
-6.005000e-01 6.230000e-01 -2.612057e-01 3.470458e-01 -6.000000e-01 6.235000e-01 -2.611682e-01 3.470131e-01
9.350000e-02 6.230000e-01 -2.647916e-01 3.465687e-01 9.300000e-02 6.235000e-01 -2.648498e-01 3.465232e-01
9.400000e-02 6.225000e-01 -2.647320e-01 3.466138e-01 9.350000e-02 6.230000e-01 -2.647916e-01 3.465687e-01
-6.000000e-01 6.235000e-01 -2.611682e-01 3.470131e-01 -5.995000e-01 6.240000e-01 -2.611310e-01 3.469816e-01
-5.995000e-01 6.240000e-01 -2.611310e-01 3.469816e-01 -5.990000e-01 6.245000e-01 -2.610951e-01 3.469499e-01
9.250000e-02 6.240000e-01 -2.649076e-01 3.464788e-01 9.200000e-02 6.245000e-01 -2.649639e-01 3.464341e-01
9.300000e-02 6.235000e-01 -2.648498e-01 3.465232e-01 9.250000e-02 6.240000e-01 -2.649076e-01 3.464788e-01
-5.990000e-01 6.245000e-01 -2.610951e-01 3.469499e-01 -5.990000e-01 6.255000e-01 -2.615320e-01 3.473258e-01
9.200000e-02 6.245000e-01 -2.649639e-01 3.464341e-01 9.200000e-02 6.255000e-01 -2.645690e-01 3.467419e-01
-5.990000e-01 6.255000e-01 -2.615320e-01 3.473258e-01 -5.985000e-01 6.260000e-01 -2.614967e-01 3.472965e-01
-5.985000e-01 6.260000e-01 -2.614967e-01 3.472965e-01 -5.980000e-01 6.265000e-01 -2.614628e-01 3.472671e-01
9.150000e-02 6.260000e-01 -2.646245e-01 3.466995e-01 9.100000e-02 6.265000e-01 -2.646785e-01 3.466568e-01
9.200000e-02 6.255000e-01 -2.645690e-01 3.467419e-01 9.150000e-02 6.260000e-01 -2.646245e-01 3.466995e-01
-5.980000e-01 6.265000e-01 -2.614628e-01 3.472671e-01 -5.975000e-01 6.270000e-01 -2.614290e-01 3.472388e-01
-5.975000e-01 6.270000e-01 -2.614290e-01 3.472388e-01 -5.970000e-01 6.275000e-01 -2.613967e-01 3.472103e-01
9.050000e-02 6.270000e-01 -2.647322e-01 3.466153e-01 9.000000e-02 6.275000e-01 -2.647844e-01 3.465733e-01
9.100000e-02 6.265000e-01 -2.646785e-01 3.466568e-01 9.050000e-02 6.270000e-01 -2.647322e-01 3.466153e-01
-5.970000e-01 6.275000e-01 -2.613967e-01 3.472103e-01 -5.965000e-01 6.280000e-01 -2.613646e-01 3.471830e-01
-5.965000e-01 6.280000e-01 -2.613646e-01 3.471830e-01 -5.960000e-01 6.285000e-01 -2.613339e-01 3.471555e-01
8.950000e-02 6.280000e-01 -2.648362e-01 3.465326e-01 8.900000e-02 6.285000e-01 -2.648866e-01 3.464915e-01
9.000000e-02 6.275000e-01 -2.647844e-01 3.465733e-01 8.950000e-02 6.280000e-01 -2.648362e-01 3.465326e-01
-5.960000e-01 6.285000e-01 -2.613339e-01 3.471555e-01 -5.955000e-01 6.290000e-01 -2.613033e-01 3.471293e-01
-5.955000e-01 6.290000e-01 -2.613033e-01 3.471293e-01 -5.950000e-01 6.295000e-01 -2.612742e-01 3.471028e-01
8.900000e-02 6.285000e-01 -2.648866e-01 3.464915e-01 8.900000e-02 6.295000e-01 -2.644895e-01 3.468089e-01
-5.950000e-01 6.295000e-01 -2.612742e-01 3.471028e-01 -5.945000e-01 6.300000e-01 -2.612452e-01 3.470776e-01
-5.945000e-01 6.300000e-01 -2.612452e-01 3.470776e-01 -5.940000e-01 6.305000e-01 -2.612177e-01 3.470522e-01
8.850000e-02 6.300000e-01 -2.645391e-01 3.467702e-01 8.800000e-02 6.305000e-01 -2.645873e-01 3.467312e-01
8.900000e-02 6.295000e-01 -2.644895e-01 3.468089e-01 8.850000e-02 6.300000e-01 -2.645391e-01 3.467702e-01
-5.940000e-01 6.305000e-01 -2.612177e-01 3.470522e-01 -5.935000e-01 6.310000e-01 -2.611903e-01 3.470280e-01
-5.935000e-01 6.310000e-01 -2.611903e-01 3.470280e-01 -5.930000e-01 6.315000e-01 -2.611643e-01 3.470037e-01
8.750000e-02 6.310000e-01 -2.646351e-01 3.466934e-01 8.700000e-02 6.315000e-01 -2.646815e-01 3.466552e-01
8.800000e-02 6.305000e-01 -2.645873e-01 3.467312e-01 8.750000e-02 6.310000e-01 -2.646351e-01 3.466934e-01
-5.930000e-01 6.315000e-01 -2.611643e-01 3.470037e-01 -5.930000e-01 6.325000e-01 -2.616037e-01 3.473969e-01
8.650000e-02 6.320000e-01 -2.647276e-01 3.466183e-01 8.600000e-02 6.325000e-01 -2.647722e-01 3.465810e-01
8.700000e-02 6.315000e-01 -2.646815e-01 3.466552e-01 8.650000e-02 6.320000e-01 -2.647276e-01 3.466183e-01
-5.930000e-01 6.325000e-01 -2.616037e-01 3.473969e-01 -5.925000e-01 6.330000e-01 -2.615781e-01 3.473751e-01
-5.925000e-01 6.330000e-01 -2.615781e-01 3.473751e-01 -5.920000e-01 6.335000e-01 -2.615539e-01 3.473531e-01
8.550000e-02 6.330000e-01 -2.648165e-01 3.465450e-01 8.500000e-02 6.335000e-01 -2.648594e-01 3.465087e-01
8.600000e-02 6.325000e-01 -2.647722e-01 3.465810e-01 8.550000e-02 6.330000e-01 -2.648165e-01 3.465450e-01
-5.920000e-01 6.335000e-01 -2.615539e-01 3.473531e-01 -5.915000e-01 6.340000e-01 -2.615298e-01 3.473323e-01
-5.915000e-01 6.340000e-01 -2.615298e-01 3.473323e-01 -5.910000e-01 6.345000e-01 -2.615071e-01 3.473114e-01
8.500000e-02 6.335000e-01 -2.648594e-01 3.465087e-01 8.500000e-02 6.345000e-01 -2.644595e-01 3.468383e-01
-5.910000e-01 6.345000e-01 -2.615071e-01 3.473114e-01 -5.905000e-01 6.350000e-01 -2.614846e-01 3.472917e-01
-5.905000e-01 6.350000e-01 -2.614846e-01 3.472917e-01 -5.900000e-01 6.355000e-01 -2.614634e-01 3.472718e-01
8.450000e-02 6.350000e-01 -2.645017e-01 3.468044e-01 8.400000e-02 6.355000e-01 -2.645425e-01 3.467702e-01
8.500000e-02 6.345000e-01 -2.644595e-01 3.468383e-01 8.450000e-02 6.350000e-01 -2.645017e-01 3.468044e-01
-5.900000e-01 6.355000e-01 -2.614634e-01 3.472718e-01 -5.895000e-01 6.360000e-01 -2.614424e-01 3.472533e-01
-5.895000e-01 6.360000e-01 -2.614424e-01 3.472533e-01 -5.890000e-01 6.365000e-01 -2.614227e-01 3.472345e-01
8.350000e-02 6.360000e-01 -2.645829e-01 3.467373e-01 8.300000e-02 6.365000e-01 -2.646219e-01 3.467041e-01
8.400000e-02 6.355000e-01 -2.645425e-01 3.467702e-01 8.350000e-02 6.360000e-01 -2.645829e-01 3.467373e-01
-5.890000e-01 6.365000e-01 -2.614227e-01 3.472345e-01 -5.885000e-01 6.370000e-01 -2.614032e-01 3.472171e-01
-5.885000e-01 6.370000e-01 -2.614032e-01 3.472171e-01 -5.880000e-01 6.375000e-01 -2.613850e-01 3.471995e-01
8.250000e-02 6.370000e-01 -2.646606e-01 3.466722e-01 8.200000e-02 6.375000e-01 -2.646979e-01 3.466399e-01
8.300000e-02 6.365000e-01 -2.646219e-01 3.467041e-01 8.250000e-02 6.370000e-01 -2.646606e-01 3.466722e-01
-5.880000e-01 6.375000e-01 -2.613850e-01 3.471995e-01 -5.875000e-01 6.380000e-01 -2.613670e-01 3.471832e-01
-5.875000e-01 6.380000e-01 -2.613670e-01 3.471832e-01 -5.870000e-01 6.385000e-01 -2.613504e-01 3.471667e-01
8.150000e-02 6.380000e-01 -2.647349e-01 3.466089e-01 8.100000e-02 6.385000e-01 -2.647704e-01 3.465776e-01
8.200000e-02 6.375000e-01 -2.646979e-01 3.466399e-01 8.150000e-02 6.380000e-01 -2.647349e-01 3.466089e-01
-5.870000e-01 6.385000e-01 -2.613504e-01 3.471667e-01 -5.865000e-01 6.390000e-01 -2.613338e-01 3.471516e-01
-5.865000e-01 6.390000e-01 -2.613338e-01 3.471516e-01 -5.860000e-01 6.395000e-01 -2.613187e-01 3.471363e-01
8.100000e-02 6.385000e-01 -2.647704e-01 3.465776e-01 8.100000e-02 6.395000e-01 -2.643684e-01 3.469197e-01
-5.860000e-01 6.395000e-01 -2.613187e-01 3.471363e-01 -5.855000e-01 6.400000e-01 -2.613037e-01 3.471223e-01
-5.855000e-01 6.400000e-01 -2.613037e-01 3.471223e-01 -5.850000e-01 6.405000e-01 -2.612900e-01 3.471081e-01
8.050000e-02 6.400000e-01 -2.644033e-01 3.468909e-01 8.000000e-02 6.405000e-01 -2.644369e-01 3.468619e-01
8.100000e-02 6.395000e-01 -2.643684e-01 3.469197e-01 8.050000e-02 6.400000e-01 -2.644033e-01 3.468909e-01
-5.850000e-01 6.405000e-01 -2.612900e-01 3.471081e-01 -5.850000e-01 6.415000e-01 -2.617318e-01 3.475242e-01
7.950000e-02 6.410000e-01 -2.644702e-01 3.468343e-01 7.900000e-02 6.415000e-01 -2.645020e-01 3.468063e-01
8.000000e-02 6.405000e-01 -2.644369e-01 3.468619e-01 7.950000e-02 6.410000e-01 -2.644702e-01 3.468343e-01
-5.850000e-01 6.415000e-01 -2.617318e-01 3.475242e-01 -5.845000e-01 6.420000e-01 -2.617183e-01 3.475127e-01
-5.845000e-01 6.420000e-01 -2.617183e-01 3.475127e-01 -5.840000e-01 6.425000e-01 -2.617062e-01 3.475011e-01
7.850000e-02 6.420000e-01 -2.645336e-01 3.467796e-01 7.800000e-02 6.425000e-01 -2.645638e-01 3.467527e-01
7.900000e-02 6.415000e-01 -2.645020e-01 3.468063e-01 7.850000e-02 6.420000e-01 -2.645336e-01 3.467796e-01
-5.840000e-01 6.425000e-01 -2.617062e-01 3.475011e-01 -5.835000e-01 6.430000e-01 -2.616942e-01 3.474907e-01
-5.835000e-01 6.430000e-01 -2.616942e-01 3.474907e-01 -5.830000e-01 6.435000e-01 -2.616836e-01 3.474803e-01
7.750000e-02 6.430000e-01 -2.645937e-01 3.467270e-01 7.700000e-02 6.435000e-01 -2.646222e-01 3.467011e-01
7.800000e-02 6.425000e-01 -2.645638e-01 3.467527e-01 7.750000e-02 6.430000e-01 -2.645937e-01 3.467270e-01
-5.830000e-01 6.435000e-01 -2.616836e-01 3.474803e-01 -5.825000e-01 6.440000e-01 -2.616730e-01 3.474711e-01
-5.825000e-01 6.440000e-01 -2.616730e-01 3.474711e-01 -5.820000e-01 6.445000e-01 -2.616638e-01 3.474619e-01
7.650000e-02 6.440000e-01 -2.646505e-01 3.466766e-01 7.600000e-02 6.445000e-01 -2.646774e-01 3.466518e-01
7.700000e-02 6.435000e-01 -2.646222e-01 3.467011e-01 7.650000e-02 6.440000e-01 -2.646505e-01 3.466766e-01
-5.820000e-01 6.445000e-01 -2.616638e-01 3.474619e-01 -5.815000e-01 6.450000e-01 -2.616547e-01 3.474540e-01
-5.815000e-01 6.450000e-01 -2.616547e-01 3.474540e-01 -5.810000e-01 6.455000e-01 -2.616469e-01 3.474460e-01
7.600000e-02 6.445000e-01 -2.646774e-01 3.466518e-01 7.600000e-02 6.455000e-01 -2.642731e-01 3.470091e-01
-5.810000e-01 6.455000e-01 -2.616469e-01 3.474460e-01 -5.805000e-01 6.460000e-01 -2.616392e-01 3.474393e-01
-5.805000e-01 6.460000e-01 -2.616392e-01 3.474393e-01 -5.800000e-01 6.465000e-01 -2.616328e-01 3.474325e-01
7.550000e-02 6.460000e-01 -2.642995e-01 3.469869e-01 7.500000e-02 6.465000e-01 -2.643244e-01 3.469645e-01
7.600000e-02 6.455000e-01 -2.642731e-01 3.470091e-01 7.550000e-02 6.460000e-01 -2.642995e-01 3.469869e-01
-5.800000e-01 6.465000e-01 -2.616328e-01 3.474325e-01 -5.795000e-01 6.470000e-01 -2.616265e-01 3.474270e-01
-5.795000e-01 6.470000e-01 -2.616265e-01 3.474270e-01 -5.790000e-01 6.475000e-01 -2.616215e-01 3.474215e-01
7.450000e-02 6.470000e-01 -2.643492e-01 3.469434e-01 7.400000e-02 6.475000e-01 -2.643726e-01 3.469221e-01
7.500000e-02 6.465000e-01 -2.643244e-01 3.469645e-01 7.450000e-02 6.470000e-01 -2.643492e-01 3.469434e-01
-5.790000e-01 6.475000e-01 -2.616215e-01 3.474215e-01 -5.785000e-01 6.480000e-01 -2.616166e-01 3.474173e-01
-5.785000e-01 6.480000e-01 -2.616166e-01 3.474173e-01 -5.780000e-01 6.485000e-01 -2.616130e-01 3.474130e-01
7.350000e-02 6.480000e-01 -2.643957e-01 3.469021e-01 7.300000e-02 6.485000e-01 -2.644174e-01 3.468820e-01
7.400000e-02 6.475000e-01 -2.643726e-01 3.469221e-01 7.350000e-02 6.480000e-01 -2.643957e-01 3.469021e-01
-5.780000e-01 6.485000e-01 -2.616130e-01 3.474130e-01 -5.775000e-01 6.490000e-01 -2.616095e-01 3.474101e-01
-5.775000e-01 6.490000e-01 -2.616095e-01 3.474101e-01 -5.770000e-01 6.495000e-01 -2.616073e-01 3.474071e-01
7.250000e-02 6.490000e-01 -2.644390e-01 3.468631e-01 7.200000e-02 6.495000e-01 -2.644591e-01 3.468441e-01
7.300000e-02 6.485000e-01 -2.644174e-01 3.468820e-01 7.250000e-02 6.490000e-01 -2.644390e-01 3.468631e-01
-5.770000e-01 6.495000e-01 -2.616073e-01 3.474071e-01 -5.765000e-01 6.500000e-01 -2.616051e-01 3.474054e-01
-5.765000e-01 6.500000e-01 -2.616051e-01 3.474054e-01 -5.760000e-01 6.505000e-01 -2.616043e-01 3.474037e-01
7.150000e-02 6.500000e-01 -2.644790e-01 3.468264e-01 7.100000e-02 6.505000e-01 -2.644976e-01 3.468086e-01
7.200000e-02 6.495000e-01 -2.644591e-01 3.468441e-01 7.150000e-02 6.500000e-01 -2.644790e-01 3.468264e-01
-5.760000e-01 6.505000e-01 -2.616043e-01 3.474037e-01 -5.755000e-01 6.510000e-01 -2.616035e-01 3.474033e-01
-5.755000e-01 6.510000e-01 -2.616035e-01 3.474033e-01 -5.750000e-01 6.515000e-01 -2.616041e-01 3.474029e-01
7.050000e-02 6.510000e-01 -2.645160e-01 3.467920e-01 7.000000e-02 6.515000e-01 -2.645329e-01 3.467753e-01
7.100000e-02 6.505000e-01 -2.644976e-01 3.468086e-01 7.050000e-02 6.510000e-01 -2.645160e-01 3.467920e-01
-5.750000e-01 6.515000e-01 -2.616041e-01 3.474029e-01 -5.745000e-01 6.520000e-01 -2.616046e-01 3.474039e-01
-5.745000e-01 6.520000e-01 -2.616046e-01 3.474039e-01 -5.740000e-01 6.525000e-01 -2.616065e-01 3.474048e-01
6.950000e-02 6.520000e-01 -2.645497e-01 3.467600e-01 6.900000e-02 6.525000e-01 -2.645651e-01 3.467444e-01
7.000000e-02 6.515000e-01 -2.645329e-01 3.467753e-01 6.950000e-02 6.520000e-01 -2.645497e-01 3.467600e-01
-5.740000e-01 6.525000e-01 -2.616065e-01 3.474048e-01 -5.735000e-01 6.530000e-01 -2.616084e-01 3.474070e-01
-5.735000e-01 6.530000e-01 -2.616084e-01 3.474070e-01 -5.730000e-01 6.535000e-01 -2.616116e-01 3.474093e-01
6.900000e-02 6.525000e-01 -2.645651e-01 3.467444e-01 6.900000e-02 6.535000e-01 -2.641586e-01 3.471226e-01
-5.730000e-01 6.535000e-01 -2.616116e-01 3.474093e-01 -5.725000e-01 6.540000e-01 -2.616148e-01 3.474128e-01
-5.725000e-01 6.540000e-01 -2.616148e-01 3.474128e-01 -5.720000e-01 6.545000e-01 -2.616194e-01 3.474164e-01
6.850000e-02 6.540000e-01 -2.641737e-01 3.471098e-01 6.800000e-02 6.545000e-01 -2.641874e-01 3.470969e-01
6.900000e-02 6.535000e-01 -2.641586e-01 3.471226e-01 6.850000e-02 6.540000e-01 -2.641737e-01 3.471098e-01
-5.720000e-01 6.545000e-01 -2.616194e-01 3.474164e-01 -5.715000e-01 6.550000e-01 -2.616239e-01 3.474213e-01
-5.715000e-01 6.550000e-01 -2.616239e-01 3.474213e-01 -5.710000e-01 6.555000e-01 -2.616298e-01 3.474262e-01
6.750000e-02 6.550000e-01 -2.642010e-01 3.470853e-01 6.700000e-02 6.555000e-01 -2.642132e-01 3.470736e-01
6.800000e-02 6.545000e-01 -2.641874e-01 3.470969e-01 6.750000e-02 6.550000e-01 -2.642010e-01 3.470853e-01
-5.710000e-01 6.555000e-01 -2.616298e-01 3.474262e-01 -5.705000e-01 6.560000e-01 -2.616356e-01 3.474325e-01
-5.705000e-01 6.560000e-01 -2.616356e-01 3.474325e-01 -5.700000e-01 6.565000e-01 -2.616427e-01 3.474388e-01
6.650000e-02 6.560000e-01 -2.642252e-01 3.470632e-01 6.600000e-02 6.565000e-01 -2.642358e-01 3.470527e-01
6.700000e-02 6.555000e-01 -2.642132e-01 3.470736e-01 6.650000e-02 6.560000e-01 -2.642252e-01 3.470632e-01
-5.700000e-01 6.565000e-01 -2.616427e-01 3.474388e-01 -5.695000e-01 6.570000e-01 -2.616498e-01 3.474464e-01
-5.695000e-01 6.570000e-01 -2.616498e-01 3.474464e-01 -5.690000e-01 6.575000e-01 -2.616583e-01 3.474540e-01
6.550000e-02 6.570000e-01 -2.642464e-01 3.470436e-01 6.500000e-02 6.575000e-01 -2.642555e-01 3.470344e-01
6.600000e-02 6.565000e-01 -2.642358e-01 3.470527e-01 6.550000e-02 6.570000e-01 -2.642464e-01 3.470436e-01
-5.690000e-01 6.575000e-01 -2.616583e-01 3.474540e-01 -5.685000e-01 6.580000e-01 -2.616667e-01 3.474631e-01
-5.685000e-01 6.580000e-01 -2.616667e-01 3.474631e-01 -5.680000e-01 6.585000e-01 -2.616764e-01 3.474721e-01
6.450000e-02 6.580000e-01 -2.642646e-01 3.470265e-01 6.400000e-02 6.585000e-01 -2.642722e-01 3.470186e-01
6.500000e-02 6.575000e-01 -2.642555e-01 3.470344e-01 6.450000e-02 6.580000e-01 -2.642646e-01 3.470265e-01
-5.680000e-01 6.585000e-01 -2.616764e-01 3.474721e-01 -5.675000e-01 6.590000e-01 -2.616860e-01 3.474825e-01
-5.675000e-01 6.590000e-01 -2.616860e-01 3.474825e-01 -5.670000e-01 6.595000e-01 -2.616970e-01 3.474929e-01
6.350000e-02 6.590000e-01 -2.642798e-01 3.470120e-01 6.300000e-02 6.595000e-01 -2.642859e-01 3.470054e-01
6.400000e-02 6.585000e-01 -2.642722e-01 3.470186e-01 6.350000e-02 6.590000e-01 -2.642798e-01 3.470120e-01
-5.670000e-01 6.595000e-01 -2.616970e-01 3.474929e-01 -5.665000e-01 6.600000e-01 -2.617079e-01 3.475047e-01
-5.665000e-01 6.600000e-01 -2.617079e-01 3.475047e-01 -5.660000e-01 6.605000e-01 -2.617201e-01 3.475165e-01
6.250000e-02 6.600000e-01 -2.642921e-01 3.470001e-01 6.200000e-02 6.605000e-01 -2.642967e-01 3.469947e-01
6.300000e-02 6.595000e-01 -2.642859e-01 3.470054e-01 6.250000e-02 6.600000e-01 -2.642921e-01 3.470001e-01
-5.660000e-01 6.605000e-01 -2.617201e-01 3.475165e-01 -5.655000e-01 6.610000e-01 -2.617323e-01 3.475297e-01
-5.655000e-01 6.610000e-01 -2.617323e-01 3.475297e-01 -5.650000e-01 6.615000e-01 -2.617457e-01 3.475430e-01
6.150000e-02 6.610000e-01 -2.643014e-01 3.469908e-01 6.100000e-02 6.615000e-01 -2.643046e-01 3.469867e-01
6.200000e-02 6.605000e-01 -2.642967e-01 3.469947e-01 6.150000e-02 6.610000e-01 -2.643014e-01 3.469908e-01
-5.650000e-01 6.615000e-01 -2.617457e-01 3.475430e-01 -5.645000e-01 6.620000e-01 -2.617591e-01 3.475576e-01
-5.645000e-01 6.620000e-01 -2.617591e-01 3.475576e-01 -5.640000e-01 6.625000e-01 -2.617738e-01 3.475723e-01
6.050000e-02 6.620000e-01 -2.643078e-01 3.469840e-01 6.000000e-02 6.625000e-01 -2.643096e-01 3.469813e-01
6.100000e-02 6.615000e-01 -2.643046e-01 3.469867e-01 6.050000e-02 6.620000e-01 -2.643078e-01 3.469840e-01
-5.640000e-01 6.625000e-01 -2.617738e-01 3.475723e-01 -5.635000e-01 6.630000e-01 -2.617884e-01 3.475883e-01
-5.635000e-01 6.630000e-01 -2.617884e-01 3.475883e-01 -5.630000e-01 6.635000e-01 -2.618043e-01 3.476045e-01
5.950000e-02 6.630000e-01 -2.643114e-01 3.469800e-01 5.900000e-02 6.635000e-01 -2.643118e-01 3.469787e-01
6.000000e-02 6.625000e-01 -2.643096e-01 3.469813e-01 5.950000e-02 6.630000e-01 -2.643114e-01 3.469800e-01
-5.630000e-01 6.635000e-01 -2.618043e-01 3.476045e-01 -5.625000e-01 6.640000e-01 -2.618200e-01 3.476219e-01
-5.625000e-01 6.640000e-01 -2.618200e-01 3.476219e-01 -5.620000e-01 6.645000e-01 -2.618371e-01 3.476395e-01
5.850000e-02 6.640000e-01 -2.643121e-01 3.469787e-01 5.800000e-02 6.645000e-01 -2.643111e-01 3.469787e-01
5.900000e-02 6.635000e-01 -2.643118e-01 3.469787e-01 5.850000e-02 6.640000e-01 -2.643121e-01 3.469787e-01
-5.620000e-01 6.645000e-01 -2.618371e-01 3.476395e-01 -5.615000e-01 6.650000e-01 -2.618541e-01 3.476585e-01
-5.615000e-01 6.650000e-01 -2.618541e-01 3.476585e-01 -5.610000e-01 6.655000e-01 -2.618724e-01 3.476775e-01
5.750000e-02 6.650000e-01 -2.643101e-01 3.469801e-01 5.700000e-02 6.655000e-01 -2.643076e-01 3.469815e-01
5.800000e-02 6.645000e-01 -2.643111e-01 3.469787e-01 5.750000e-02 6.650000e-01 -2.643101e-01 3.469801e-01
-5.610000e-01 6.655000e-01 -2.618724e-01 3.476775e-01 -5.605000e-01 6.660000e-01 -2.618905e-01 3.476979e-01
-5.605000e-01 6.660000e-01 -2.618905e-01 3.476979e-01 -5.600000e-01 6.665000e-01 -2.619100e-01 3.477184e-01
5.650000e-02 6.660000e-01 -2.643052e-01 3.469843e-01 5.600000e-02 6.665000e-01 -2.643014e-01 3.469870e-01
5.700000e-02 6.655000e-01 -2.643076e-01 3.469815e-01 5.650000e-02 6.660000e-01 -2.643052e-01 3.469843e-01
-5.600000e-01 6.665000e-01 -2.619100e-01 3.477184e-01 -5.595000e-01 6.670000e-01 -2.619293e-01 3.477403e-01
-5.595000e-01 6.670000e-01 -2.619293e-01 3.477403e-01 -5.590000e-01 6.675000e-01 -2.619499e-01 3.477623e-01
5.550000e-02 6.670000e-01 -2.642976e-01 3.469912e-01 5.500000e-02 6.675000e-01 -2.642924e-01 3.469953e-01
5.600000e-02 6.665000e-01 -2.643014e-01 3.469870e-01 5.550000e-02 6.670000e-01 -2.642976e-01 3.469912e-01
-5.590000e-01 6.675000e-01 -2.619499e-01 3.477623e-01 -5.585000e-01 6.680000e-01 -2.619703e-01 3.477857e-01
-5.585000e-01 6.680000e-01 -2.619703e-01 3.477857e-01 -5.580000e-01 6.685000e-01 -2.619920e-01 3.478092e-01
5.450000e-02 6.680000e-01 -2.642872e-01 3.470009e-01 5.400000e-02 6.685000e-01 -2.642807e-01 3.470065e-01
5.500000e-02 6.675000e-01 -2.642924e-01 3.469953e-01 5.450000e-02 6.680000e-01 -2.642872e-01 3.470009e-01
-5.580000e-01 6.685000e-01 -2.619920e-01 3.478092e-01 -5.575000e-01 6.690000e-01 -2.620136e-01 3.478340e-01
-5.575000e-01 6.690000e-01 -2.620136e-01 3.478340e-01 -5.570000e-01 6.695000e-01 -2.620365e-01 3.478590e-01
5.350000e-02 6.690000e-01 -2.642742e-01 3.470135e-01 5.300000e-02 6.695000e-01 -2.642663e-01 3.470205e-01
5.400000e-02 6.685000e-01 -2.642807e-01 3.470065e-01 5.350000e-02 6.690000e-01 -2.642742e-01 3.470135e-01
-5.570000e-01 6.695000e-01 -2.620365e-01 3.478590e-01 -5.565000e-01 6.700000e-01 -2.620592e-01 3.478854e-01
-5.565000e-01 6.700000e-01 -2.620592e-01 3.478854e-01 -5.560000e-01 6.705000e-01 -2.620832e-01 3.479119e-01
5.250000e-02 6.700000e-01 -2.642585e-01 3.470290e-01 5.200000e-02 6.705000e-01 -2.642492e-01 3.470375e-01
5.300000e-02 6.695000e-01 -2.642663e-01 3.470205e-01 5.250000e-02 6.700000e-01 -2.642585e-01 3.470290e-01
-5.560000e-01 6.705000e-01 -2.620832e-01 3.479119e-01 -5.555000e-01 6.710000e-01 -2.621070e-01 3.479397e-01
-5.555000e-01 6.710000e-01 -2.621070e-01 3.479397e-01 -5.550000e-01 6.715000e-01 -2.621321e-01 3.479678e-01
5.150000e-02 6.710000e-01 -2.642400e-01 3.470473e-01 5.100000e-02 6.715000e-01 -2.642295e-01 3.470573e-01
5.200000e-02 6.705000e-01 -2.642492e-01 3.470375e-01 5.150000e-02 6.710000e-01 -2.642400e-01 3.470473e-01
-5.550000e-01 6.715000e-01 -2.621321e-01 3.479678e-01 -5.545000e-01 6.720000e-01 -2.621570e-01 3.479972e-01
-5.545000e-01 6.720000e-01 -2.621570e-01 3.479972e-01 -5.540000e-01 6.725000e-01 -2.621832e-01 3.480267e-01
5.050000e-02 6.720000e-01 -2.642191e-01 3.470686e-01 5.000000e-02 6.725000e-01 -2.642073e-01 3.470800e-01
5.100000e-02 6.715000e-01 -2.642295e-01 3.470573e-01 5.050000e-02 6.720000e-01 -2.642191e-01 3.470686e-01
-5.540000e-01 6.725000e-01 -2.621832e-01 3.480267e-01 -5.535000e-01 6.730000e-01 -2.622092e-01 3.480576e-01
-5.535000e-01 6.730000e-01 -2.622092e-01 3.480576e-01 -5.525000e-01 6.730000e-01 -2.618241e-01 3.476181e-01
-5.525000e-01 6.730000e-01 -2.618241e-01 3.476181e-01 -5.520000e-01 6.735000e-01 -2.618526e-01 3.476494e-01
4.950000e-02 6.730000e-01 -2.641955e-01 3.470928e-01 4.900000e-02 6.735000e-01 -2.641824e-01 3.471057e-01
5.000000e-02 6.725000e-01 -2.642073e-01 3.470800e-01 4.950000e-02 6.730000e-01 -2.641955e-01 3.470928e-01
-5.520000e-01 6.735000e-01 -2.618526e-01 3.476494e-01 -5.515000e-01 6.740000e-01 -2.618809e-01 3.476820e-01
-5.515000e-01 6.740000e-01 -2.618809e-01 3.476820e-01 -5.510000e-01 6.745000e-01 -2.619105e-01 3.477149e-01
4.850000e-02 6.740000e-01 -2.641694e-01 3.471200e-01 4.800000e-02 6.745000e-01 -2.641551e-01 3.471344e-01
4.900000e-02 6.735000e-01 -2.641824e-01 3.471057e-01 4.850000e-02 6.740000e-01 -2.641694e-01 3.471200e-01
-5.510000e-01 6.745000e-01 -2.619105e-01 3.477149e-01 -5.505000e-01 6.750000e-01 -2.619398e-01 3.477492e-01
-5.505000e-01 6.750000e-01 -2.619398e-01 3.477492e-01 -5.500000e-01 6.755000e-01 -2.619705e-01 3.477836e-01
4.750000e-02 6.750000e-01 -2.641408e-01 3.471502e-01 4.700000e-02 6.755000e-01 -2.641252e-01 3.471661e-01
4.800000e-02 6.745000e-01 -2.641551e-01 3.471344e-01 4.750000e-02 6.750000e-01 -2.641408e-01 3.471502e-01
-5.500000e-01 6.755000e-01 -2.619705e-01 3.477836e-01 -5.495000e-01 6.760000e-01 -2.620009e-01 3.478194e-01
-5.495000e-01 6.760000e-01 -2.620009e-01 3.478194e-01 -5.490000e-01 6.765000e-01 -2.620325e-01 3.478554e-01
4.650000e-02 6.760000e-01 -2.641096e-01 3.471835e-01 4.600000e-02 6.765000e-01 -2.640928e-01 3.472009e-01
4.700000e-02 6.755000e-01 -2.641252e-01 3.471661e-01 4.650000e-02 6.760000e-01 -2.641096e-01 3.471835e-01
-5.490000e-01 6.765000e-01 -2.620325e-01 3.478554e-01 -5.485000e-01 6.770000e-01 -2.620639e-01 3.478928e-01
-5.485000e-01 6.770000e-01 -2.620639e-01 3.478928e-01 -5.480000e-01 6.775000e-01 -2.620966e-01 3.479304e-01
4.550000e-02 6.770000e-01 -2.640761e-01 3.472197e-01 4.500000e-02 6.775000e-01 -2.640580e-01 3.472387e-01
4.600000e-02 6.765000e-01 -2.640928e-01 3.472009e-01 4.550000e-02 6.770000e-01 -2.640761e-01 3.472197e-01
-5.480000e-01 6.775000e-01 -2.620966e-01 3.479304e-01 -5.475000e-01 6.780000e-01 -2.621291e-01 3.479694e-01
-5.475000e-01 6.780000e-01 -2.621291e-01 3.479694e-01 -5.470000e-01 6.785000e-01 -2.621627e-01 3.480086e-01
4.450000e-02 6.780000e-01 -2.640400e-01 3.472591e-01 4.400000e-02 6.785000e-01 -2.640208e-01 3.472796e-01
4.500000e-02 6.775000e-01 -2.640580e-01 3.472387e-01 4.450000e-02 6.780000e-01 -2.640400e-01 3.472591e-01
-5.470000e-01 6.785000e-01 -2.621627e-01 3.480086e-01 -5.465000e-01 6.790000e-01 -2.621961e-01 3.480492e-01
-5.465000e-01 6.790000e-01 -2.621961e-01 3.480492e-01 -5.460000e-01 6.795000e-01 -2.622308e-01 3.480900e-01
4.350000e-02 6.790000e-01 -2.640016e-01 3.473016e-01 4.300000e-02 6.795000e-01 -2.639811e-01 3.473237e-01
4.400000e-02 6.785000e-01 -2.640208e-01 3.472796e-01 4.350000e-02 6.790000e-01 -2.640016e-01 3.473016e-01
-5.460000e-01 6.795000e-01 -2.622308e-01 3.480900e-01 -5.455000e-01 6.800000e-01 -2.622652e-01 3.481322e-01
-5.455000e-01 6.800000e-01 -2.622652e-01 3.481322e-01 -5.450000e-01 6.805000e-01 -2.623008e-01 3.481746e-01
4.250000e-02 6.800000e-01 -2.639608e-01 3.473472e-01 4.200000e-02 6.805000e-01 -2.639392e-01 3.473709e-01
4.300000e-02 6.795000e-01 -2.639811e-01 3.473237e-01 4.250000e-02 6.800000e-01 -2.639608e-01 3.473472e-01
-5.450000e-01 6.805000e-01 -2.623008e-01 3.481746e-01 -5.445000e-01 6.810000e-01 -2.623361e-01 3.482184e-01
-5.445000e-01 6.810000e-01 -2.623361e-01 3.482184e-01 -5.435000e-01 6.810000e-01 -2.619731e-01 3.477823e-01
-5.435000e-01 6.810000e-01 -2.619731e-01 3.477823e-01 -5.430000e-01 6.815000e-01 -2.620109e-01 3.478266e-01
4.150000e-02 6.810000e-01 -2.639177e-01 3.473960e-01 4.100000e-02 6.815000e-01 -2.638949e-01 3.474212e-01
4.200000e-02 6.805000e-01 -2.639392e-01 3.473709e-01 4.150000e-02 6.810000e-01 -2.639177e-01 3.473960e-01
-5.430000e-01 6.815000e-01 -2.620109e-01 3.478266e-01 -5.425000e-01 6.820000e-01 -2.620485e-01 3.478723e-01
-5.425000e-01 6.820000e-01 -2.620485e-01 3.478723e-01 -5.420000e-01 6.825000e-01 -2.620872e-01 3.479183e-01
4.050000e-02 6.820000e-01 -2.638723e-01 3.474479e-01 4.000000e-02 6.825000e-01 -2.638483e-01 3.474747e-01
4.100000e-02 6.815000e-01 -2.638949e-01 3.474212e-01 4.050000e-02 6.820000e-01 -2.638723e-01 3.474479e-01
-5.420000e-01 6.825000e-01 -2.620872e-01 3.479183e-01 -5.415000e-01 6.830000e-01 -2.621257e-01 3.479657e-01
-5.415000e-01 6.830000e-01 -2.621257e-01 3.479657e-01 -5.410000e-01 6.835000e-01 -2.621654e-01 3.480133e-01
3.950000e-02 6.830000e-01 -2.638245e-01 3.475030e-01 3.900000e-02 6.835000e-01 -2.637995e-01 3.475315e-01
4.000000e-02 6.825000e-01 -2.638483e-01 3.474747e-01 3.950000e-02 6.830000e-01 -2.638245e-01 3.475030e-01
-5.410000e-01 6.835000e-01 -2.621654e-01 3.480133e-01 -5.405000e-01 6.840000e-01 -2.622048e-01 3.480623e-01
-5.405000e-01 6.840000e-01 -2.622048e-01 3.480623e-01 -5.400000e-01 6.845000e-01 -2.622453e-01 3.481116e-01
3.750000e-02 6.840000e-01 -2.641269e-01 3.471566e-01 3.700000e-02 6.845000e-01 -2.640994e-01 3.471869e-01
3.750000e-02 6.840000e-01 -2.641269e-01 3.471566e-01 3.850000e-02 6.840000e-01 -2.637746e-01 3.475614e-01
3.900000e-02 6.835000e-01 -2.637995e-01 3.475315e-01 3.850000e-02 6.840000e-01 -2.637746e-01 3.475614e-01
-5.400000e-01 6.845000e-01 -2.622453e-01 3.481116e-01 -5.395000e-01 6.850000e-01 -2.622856e-01 3.481622e-01
-5.395000e-01 6.850000e-01 -2.622856e-01 3.481622e-01 -5.390000e-01 6.855000e-01 -2.623271e-01 3.482132e-01
3.650000e-02 6.850000e-01 -2.640722e-01 3.472187e-01 3.600000e-02 6.855000e-01 -2.640436e-01 3.472506e-01
3.700000e-02 6.845000e-01 -2.640994e-01 3.471869e-01 3.650000e-02 6.850000e-01 -2.640722e-01 3.472187e-01
-5.390000e-01 6.855000e-01 -2.623271e-01 3.482132e-01 -5.385000e-01 6.860000e-01 -2.623683e-01 3.482655e-01
-5.385000e-01 6.860000e-01 -2.623683e-01 3.482655e-01 -5.375000e-01 6.860000e-01 -2.620196e-01 3.478322e-01
-5.375000e-01 6.860000e-01 -2.620196e-01 3.478322e-01 -5.370000e-01 6.865000e-01 -2.620631e-01 3.478852e-01
3.550000e-02 6.860000e-01 -2.640152e-01 3.472840e-01 3.500000e-02 6.865000e-01 -2.639856e-01 3.473176e-01
3.600000e-02 6.855000e-01 -2.640436e-01 3.472506e-01 3.550000e-02 6.860000e-01 -2.640152e-01 3.472840e-01
-5.370000e-01 6.865000e-01 -2.620631e-01 3.478852e-01 -5.365000e-01 6.870000e-01 -2.621064e-01 3.479395e-01
-5.365000e-01 6.870000e-01 -2.621064e-01 3.479395e-01 -5.360000e-01 6.875000e-01 -2.621508e-01 3.479941e-01
3.450000e-02 6.870000e-01 -2.639561e-01 3.473526e-01 3.400000e-02 6.875000e-01 -2.639254e-01 3.473879e-01
3.500000e-02 6.865000e-01 -2.639856e-01 3.473176e-01 3.450000e-02 6.870000e-01 -2.639561e-01 3.473526e-01
-5.360000e-01 6.875000e-01 -2.621508e-01 3.479941e-01 -5.355000e-01 6.880000e-01 -2.621949e-01 3.480502e-01
-5.355000e-01 6.880000e-01 -2.621949e-01 3.480502e-01 -5.350000e-01 6.885000e-01 -2.622401e-01 3.481065e-01
3.350000e-02 6.880000e-01 -2.638950e-01 3.474246e-01 3.300000e-02 6.885000e-01 -2.638632e-01 3.474615e-01
3.400000e-02 6.875000e-01 -2.639254e-01 3.473879e-01 3.350000e-02 6.880000e-01 -2.638950e-01 3.474246e-01
-5.350000e-01 6.885000e-01 -2.622401e-01 3.481065e-01 -5.345000e-01 6.890000e-01 -2.622851e-01 3.481642e-01
-5.345000e-01 6.890000e-01 -2.622851e-01 3.481642e-01 -5.340000e-01 6.895000e-01 -2.623311e-01 3.482223e-01
3.250000e-02 6.890000e-01 -2.638317e-01 3.474999e-01 3.200000e-02 6.895000e-01 -2.637990e-01 3.475386e-01
3.300000e-02 6.885000e-01 -2.638632e-01 3.474615e-01 3.250000e-02 6.890000e-01 -2.638317e-01 3.474999e-01
-5.340000e-01 6.895000e-01 -2.623311e-01 3.482223e-01 -5.335000e-01 6.900000e-01 -2.623769e-01 3.482817e-01
-5.335000e-01 6.900000e-01 -2.623769e-01 3.482817e-01 -5.325000e-01 6.900000e-01 -2.620400e-01 3.478510e-01
-5.325000e-01 6.900000e-01 -2.620400e-01 3.478510e-01 -5.320000e-01 6.905000e-01 -2.620881e-01 3.479112e-01
3.150000e-02 6.900000e-01 -2.637664e-01 3.475786e-01 3.100000e-02 6.905000e-01 -2.637326e-01 3.476190e-01
3.200000e-02 6.895000e-01 -2.637990e-01 3.475386e-01 3.150000e-02 6.900000e-01 -2.637664e-01 3.475786e-01
-5.320000e-01 6.905000e-01 -2.620881e-01 3.479112e-01 -5.315000e-01 6.910000e-01 -2.621358e-01 3.479727e-01
-5.315000e-01 6.910000e-01 -2.621358e-01 3.479727e-01 -5.310000e-01 6.915000e-01 -2.621846e-01 3.480346e-01
2.950000e-02 6.910000e-01 -2.640313e-01 3.472591e-01 2.900000e-02 6.915000e-01 -2.639953e-01 3.473014e-01
2.950000e-02 6.910000e-01 -2.640313e-01 3.472591e-01 3.050000e-02 6.910000e-01 -2.636991e-01 3.476607e-01
3.100000e-02 6.905000e-01 -2.637326e-01 3.476190e-01 3.050000e-02 6.910000e-01 -2.636991e-01 3.476607e-01
-5.310000e-01 6.915000e-01 -2.621846e-01 3.480346e-01 -5.305000e-01 6.920000e-01 -2.622331e-01 3.480978e-01
-5.305000e-01 6.920000e-01 -2.622331e-01 3.480978e-01 -5.300000e-01 6.925000e-01 -2.622828e-01 3.481615e-01
2.850000e-02 6.920000e-01 -2.639595e-01 3.473452e-01 2.800000e-02 6.925000e-01 -2.639225e-01 3.473892e-01
2.900000e-02 6.915000e-01 -2.639953e-01 3.473014e-01 2.850000e-02 6.920000e-01 -2.639595e-01 3.473452e-01
-5.300000e-01 6.925000e-01 -2.622828e-01 3.481615e-01 -5.295000e-01 6.930000e-01 -2.623320e-01 3.482264e-01
-5.295000e-01 6.930000e-01 -2.623320e-01 3.482264e-01 -5.290000e-01 6.935000e-01 -2.623825e-01 3.482918e-01
2.750000e-02 6.930000e-01 -2.638858e-01 3.474347e-01 2.700000e-02 6.935000e-01 -2.638479e-01 3.474806e-01
2.800000e-02 6.925000e-01 -2.639225e-01 3.473892e-01 2.750000e-02 6.930000e-01 -2.638858e-01 3.474347e-01
-5.290000e-01 6.935000e-01 -2.623825e-01 3.482918e-01 -5.285000e-01 6.940000e-01 -2.624325e-01 3.483585e-01
-5.285000e-01 6.940000e-01 -2.624325e-01 3.483585e-01 -5.275000e-01 6.940000e-01 -2.621071e-01 3.479308e-01
-5.275000e-01 6.940000e-01 -2.621071e-01 3.479308e-01 -5.270000e-01 6.945000e-01 -2.621595e-01 3.479984e-01
2.650000e-02 6.940000e-01 -2.638102e-01 3.475278e-01 2.600000e-02 6.945000e-01 -2.637713e-01 3.475754e-01
2.700000e-02 6.935000e-01 -2.638479e-01 3.474806e-01 2.650000e-02 6.940000e-01 -2.638102e-01 3.475278e-01
-5.270000e-01 6.945000e-01 -2.621595e-01 3.479984e-01 -5.265000e-01 6.950000e-01 -2.622113e-01 3.480672e-01
-5.265000e-01 6.950000e-01 -2.622113e-01 3.480672e-01 -5.260000e-01 6.955000e-01 -2.622644e-01 3.481365e-01
2.550000e-02 6.950000e-01 -2.637328e-01 3.476244e-01 2.500000e-02 6.955000e-01 -2.636930e-01 3.476737e-01
2.600000e-02 6.945000e-01 -2.637713e-01 3.475754e-01 2.550000e-02 6.950000e-01 -2.637328e-01 3.476244e-01
-5.260000e-01 6.955000e-01 -2.622644e-01 3.481365e-01 -5.255000e-01 6.960000e-01 -2.623170e-01 3.482072e-01
-5.255000e-01 6.960000e-01 -2.623170e-01 3.482072e-01 -5.250000e-01 6.965000e-01 -2.623708e-01 3.482783e-01
2.350000e-02 6.960000e-01 -2.639710e-01 3.473256e-01 2.300000e-02 6.965000e-01 -2.639290e-01 3.473771e-01
2.350000e-02 6.960000e-01 -2.639710e-01 3.473256e-01 2.450000e-02 6.960000e-01 -2.636535e-01 3.477245e-01
2.500000e-02 6.955000e-01 -2.636930e-01 3.476737e-01 2.450000e-02 6.960000e-01 -2.636535e-01 3.477245e-01
-5.250000e-01 6.965000e-01 -2.623708e-01 3.482783e-01 -5.245000e-01 6.970000e-01 -2.624241e-01 3.483507e-01
-5.245000e-01 6.970000e-01 -2.624241e-01 3.483507e-01 -5.240000e-01 6.975000e-01 -2.624785e-01 3.484235e-01
2.250000e-02 6.970000e-01 -2.638874e-01 3.474300e-01 2.200000e-02 6.975000e-01 -2.638446e-01 3.474832e-01
2.300000e-02 6.965000e-01 -2.639290e-01 3.473771e-01 2.250000e-02 6.970000e-01 -2.638874e-01 3.474300e-01
-5.240000e-01 6.975000e-01 -2.624785e-01 3.484235e-01 -5.235000e-01 6.980000e-01 -2.625326e-01 3.484977e-01
-5.235000e-01 6.980000e-01 -2.625326e-01 3.484977e-01 -5.225000e-01 6.980000e-01 -2.622186e-01 3.480734e-01
-5.225000e-01 6.980000e-01 -2.622186e-01 3.480734e-01 -5.220000e-01 6.985000e-01 -2.622748e-01 3.481485e-01
2.150000e-02 6.980000e-01 -2.638022e-01 3.475379e-01 2.100000e-02 6.985000e-01 -2.637585e-01 3.475929e-01
2.200000e-02 6.975000e-01 -2.638446e-01 3.474832e-01 2.150000e-02 6.980000e-01 -2.638022e-01 3.475379e-01
-5.220000e-01 6.985000e-01 -2.622748e-01 3.481485e-01 -5.215000e-01 6.990000e-01 -2.623306e-01 3.482249e-01
-5.215000e-01 6.990000e-01 -2.623306e-01 3.482249e-01 -5.210000e-01 6.995000e-01 -2.623875e-01 3.483018e-01
2.050000e-02 6.990000e-01 -2.637152e-01 3.476494e-01 2.000000e-02 6.995000e-01 -2.636707e-01 3.477062e-01
2.100000e-02 6.985000e-01 -2.637585e-01 3.475929e-01 2.050000e-02 6.990000e-01 -2.637152e-01 3.476494e-01
-5.210000e-01 6.995000e-01 -2.623875e-01 3.483018e-01 -5.205000e-01 7.000000e-01 -2.624440e-01 3.483800e-01
-5.205000e-01 7.000000e-01 -2.624440e-01 3.483800e-01 -5.200000e-01 7.005000e-01 -2.625015e-01 3.484587e-01
1.850000e-02 7.000000e-01 -2.639320e-01 3.473684e-01 1.800000e-02 7.005000e-01 -2.638855e-01 3.474274e-01
1.850000e-02 7.000000e-01 -2.639320e-01 3.473684e-01 1.950000e-02 7.000000e-01 -2.636266e-01 3.477645e-01
2.000000e-02 6.995000e-01 -2.636707e-01 3.477062e-01 1.950000e-02 7.000000e-01 -2.636266e-01 3.477645e-01
-5.200000e-01 7.005000e-01 -2.625015e-01 3.484587e-01 -5.195000e-01 7.010000e-01 -2.625586e-01 3.485387e-01
-5.195000e-01 7.010000e-01 -2.625586e-01 3.485387e-01 -5.185000e-01 7.010000e-01 -2.622536e-01 3.481173e-01
-5.185000e-01 7.010000e-01 -2.622536e-01 3.481173e-01 -5.180000e-01 7.015000e-01 -2.623129e-01 3.481983e-01
1.750000e-02 7.010000e-01 -2.638393e-01 3.474880e-01 1.700000e-02 7.015000e-01 -2.637920e-01 3.475488e-01
1.800000e-02 7.005000e-01 -2.638855e-01 3.474274e-01 1.750000e-02 7.010000e-01 -2.638393e-01 3.474880e-01
-5.180000e-01 7.015000e-01 -2.623129e-01 3.481983e-01 -5.175000e-01 7.020000e-01 -2.623717e-01 3.482806e-01
-5.175000e-01 7.020000e-01 -2.623717e-01 3.482806e-01 -5.170000e-01 7.025000e-01 -2.624315e-01 3.483634e-01
1.650000e-02 7.020000e-01 -2.637451e-01 3.476112e-01 1.600000e-02 7.025000e-01 -2.636970e-01 3.476739e-01
1.700000e-02 7.015000e-01 -2.637920e-01 3.475488e-01 1.650000e-02 7.020000e-01 -2.637451e-01 3.476112e-01
-5.170000e-01 7.025000e-01 -2.624315e-01 3.483634e-01 -5.165000e-01 7.030000e-01 -2.624909e-01 3.484475e-01
-5.165000e-01 7.030000e-01 -2.624909e-01 3.484475e-01 -5.160000e-01 7.035000e-01 -2.625514e-01 3.485321e-01
1.550000e-02 7.030000e-01 -2.636493e-01 3.477381e-01 1.500000e-02 7.035000e-01 -2.636004e-01 3.478027e-01
1.600000e-02 7.025000e-01 -2.636970e-01 3.476739e-01 1.550000e-02 7.030000e-01 -2.636493e-01 3.477381e-01
-5.160000e-01 7.035000e-01 -2.625514e-01 3.485321e-01 -5.155000e-01 7.040000e-01 -2.626114e-01 3.486180e-01
-5.155000e-01 7.040000e-01 -2.626114e-01 3.486180e-01 -5.145000e-01 7.040000e-01 -2.623152e-01 3.481997e-01
-5.145000e-01 7.040000e-01 -2.623152e-01 3.481997e-01 -5.140000e-01 7.045000e-01 -2.623773e-01 3.482867e-01
1.350000e-02 7.040000e-01 -2.638457e-01 3.474758e-01 1.300000e-02 7.045000e-01 -2.637949e-01 3.475427e-01
1.350000e-02 7.040000e-01 -2.638457e-01 3.474758e-01 1.450000e-02 7.040000e-01 -2.635519e-01 3.478687e-01
1.500000e-02 7.035000e-01 -2.636004e-01 3.478027e-01 1.450000e-02 7.040000e-01 -2.635519e-01 3.478687e-01
-5.140000e-01 7.045000e-01 -2.623773e-01 3.482867e-01 -5.135000e-01 7.050000e-01 -2.624389e-01 3.483749e-01
-5.135000e-01 7.050000e-01 -2.624389e-01 3.483749e-01 -5.130000e-01 7.055000e-01 -2.625016e-01 3.484638e-01
1.250000e-02 7.050000e-01 -2.637445e-01 3.476110e-01 1.200000e-02 7.055000e-01 -2.636930e-01 3.476798e-01
1.300000e-02 7.045000e-01 -2.637949e-01 3.475427e-01 1.250000e-02 7.050000e-01 -2.637445e-01 3.476110e-01
-5.130000e-01 7.055000e-01 -2.625016e-01 3.484638e-01 -5.125000e-01 7.060000e-01 -2.625637e-01 3.485539e-01
-5.125000e-01 7.060000e-01 -2.625637e-01 3.485539e-01 -5.115000e-01 7.060000e-01 -2.622740e-01 3.481378e-01
-5.115000e-01 7.060000e-01 -2.622740e-01 3.481378e-01 -5.110000e-01 7.065000e-01 -2.623383e-01 3.482289e-01
1.150000e-02 7.060000e-01 -2.636419e-01 3.477500e-01 1.100000e-02 7.065000e-01 -2.635897e-01 3.478207e-01
1.200000e-02 7.055000e-01 -2.636930e-01 3.476798e-01 1.150000e-02 7.060000e-01 -2.636419e-01 3.477500e-01
-5.110000e-01 7.065000e-01 -2.623383e-01 3.482289e-01 -5.105000e-01 7.070000e-01 -2.624020e-01 3.483215e-01
-5.105000e-01 7.070000e-01 -2.624020e-01 3.483215e-01 -5.100000e-01 7.075000e-01 -2.624668e-01 3.484145e-01
9.500000e-03 7.070000e-01 -2.638225e-01 3.475024e-01 9.000000e-03 7.075000e-01 -2.637684e-01 3.475754e-01
9.500000e-03 7.070000e-01 -2.638225e-01 3.475024e-01 1.050000e-02 7.070000e-01 -2.635379e-01 3.478928e-01
1.100000e-02 7.065000e-01 -2.635897e-01 3.478207e-01 1.050000e-02 7.070000e-01 -2.635379e-01 3.478928e-01
-5.100000e-01 7.075000e-01 -2.624668e-01 3.484145e-01 -5.095000e-01 7.080000e-01 -2.625311e-01 3.485089e-01
-5.095000e-01 7.080000e-01 -2.625311e-01 3.485089e-01 -5.090000e-01 7.085000e-01 -2.625964e-01 3.486038e-01
8.500000e-03 7.080000e-01 -2.637148e-01 3.476499e-01 8.000000e-03 7.085000e-01 -2.636601e-01 3.477249e-01
9.000000e-03 7.075000e-01 -2.637684e-01 3.475754e-01 8.500000e-03 7.080000e-01 -2.637148e-01 3.476499e-01
-5.090000e-01 7.085000e-01 -2.625964e-01 3.486038e-01 -5.085000e-01 7.090000e-01 -2.626611e-01 3.487000e-01
-5.085000e-01 7.090000e-01 -2.626611e-01 3.487000e-01 -5.075000e-01 7.090000e-01 -2.623800e-01 3.482873e-01
-5.075000e-01 7.090000e-01 -2.623800e-01 3.482873e-01 -5.070000e-01 7.095000e-01 -2.624468e-01 3.483847e-01
7.500000e-03 7.090000e-01 -2.636058e-01 3.478012e-01 7.000000e-03 7.095000e-01 -2.635505e-01 3.478781e-01
8.000000e-03 7.085000e-01 -2.636601e-01 3.477249e-01 7.500000e-03 7.090000e-01 -2.636058e-01 3.478012e-01
-5.070000e-01 7.095000e-01 -2.624468e-01 3.483847e-01 -5.065000e-01 7.100000e-01 -2.625130e-01 3.484833e-01
-5.065000e-01 7.100000e-01 -2.625130e-01 3.484833e-01 -5.060000e-01 7.105000e-01 -2.625803e-01 3.485826e-01
5.500000e-03 7.100000e-01 -2.637711e-01 3.475690e-01 5.000000e-03 7.105000e-01 -2.637140e-01 3.476483e-01
5.500000e-03 7.100000e-01 -2.637711e-01 3.475690e-01 6.500000e-03 7.100000e-01 -2.634956e-01 3.479564e-01
7.000000e-03 7.095000e-01 -2.635505e-01 3.478781e-01 6.500000e-03 7.100000e-01 -2.634956e-01 3.479564e-01
-5.060000e-01 7.105000e-01 -2.625803e-01 3.485826e-01 -5.055000e-01 7.110000e-01 -2.626469e-01 3.486831e-01
-5.055000e-01 7.110000e-01 -2.626469e-01 3.486831e-01 -5.045000e-01 7.110000e-01 -2.623722e-01 3.482729e-01
-5.045000e-01 7.110000e-01 -2.623722e-01 3.482729e-01 -5.040000e-01 7.115000e-01 -2.624409e-01 3.483746e-01
4.500000e-03 7.110000e-01 -2.636574e-01 3.477290e-01 4.000000e-03 7.115000e-01 -2.635997e-01 3.478102e-01
5.000000e-03 7.105000e-01 -2.637140e-01 3.476483e-01 4.500000e-03 7.110000e-01 -2.636574e-01 3.477290e-01
-5.040000e-01 7.115000e-01 -2.624409e-01 3.483746e-01 -5.035000e-01 7.120000e-01 -2.625090e-01 3.484776e-01
-5.035000e-01 7.120000e-01 -2.625090e-01 3.484776e-01 -5.030000e-01 7.125000e-01 -2.625782e-01 3.485812e-01
3.500000e-03 7.120000e-01 -2.635425e-01 3.478929e-01 3.000000e-03 7.125000e-01 -2.634842e-01 3.479761e-01
4.000000e-03 7.115000e-01 -2.635997e-01 3.478102e-01 3.500000e-03 7.120000e-01 -2.635425e-01 3.478929e-01
-5.030000e-01 7.125000e-01 -2.625782e-01 3.485812e-01 -5.025000e-01 7.130000e-01 -2.626467e-01 3.486861e-01
-5.025000e-01 7.130000e-01 -2.626467e-01 3.486861e-01 -5.015000e-01 7.130000e-01 -2.623782e-01 3.482785e-01
-5.015000e-01 7.130000e-01 -2.623782e-01 3.482785e-01 -5.010000e-01 7.135000e-01 -2.624488e-01 3.483846e-01
1.500000e-03 7.130000e-01 -2.636930e-01 3.476764e-01 1.000000e-03 7.135000e-01 -2.636331e-01 3.477621e-01
1.500000e-03 7.130000e-01 -2.636930e-01 3.476764e-01 2.500000e-03 7.130000e-01 -2.634264e-01 3.480607e-01
3.000000e-03 7.125000e-01 -2.634842e-01 3.479761e-01 2.500000e-03 7.130000e-01 -2.634264e-01 3.480607e-01
-5.010000e-01 7.135000e-01 -2.624488e-01 3.483846e-01 -5.005000e-01 7.140000e-01 -2.625187e-01 3.484920e-01
-5.005000e-01 7.140000e-01 -2.625187e-01 3.484920e-01 -5.000000e-01 7.145000e-01 -2.625896e-01 3.486000e-01
5.000000e-04 7.140000e-01 -2.635737e-01 3.478492e-01 2.081668e-17 7.145000e-01 -2.635132e-01 3.479369e-01
1.000000e-03 7.135000e-01 -2.636331e-01 3.477621e-01 5.000000e-04 7.140000e-01 -2.635737e-01 3.478492e-01
-5.000000e-01 7.145000e-01 -2.625896e-01 3.486000e-01 -4.995000e-01 7.150000e-01 -2.626599e-01 3.487093e-01
-4.995000e-01 7.150000e-01 -2.626599e-01 3.487093e-01 -4.985000e-01 7.150000e-01 -2.623976e-01 3.483045e-01
-4.985000e-01 7.150000e-01 -2.623976e-01 3.483045e-01 -4.980000e-01 7.155000e-01 -2.624699e-01 3.484150e-01
-1.500000e-03 7.150000e-01 -2.637133e-01 3.476439e-01 -2.000000e-03 7.155000e-01 -2.636512e-01 3.477342e-01
-1.500000e-03 7.150000e-01 -2.637133e-01 3.476439e-01 -5.000000e-04 7.150000e-01 -2.634533e-01 3.480260e-01
2.081668e-17 7.145000e-01 -2.635132e-01 3.479369e-01 -5.000000e-04 7.150000e-01 -2.634533e-01 3.480260e-01
-4.980000e-01 7.155000e-01 -2.624699e-01 3.484150e-01 -4.975000e-01 7.160000e-01 -2.625415e-01 3.485268e-01
-4.975000e-01 7.160000e-01 -2.625415e-01 3.485268e-01 -4.970000e-01 7.165000e-01 -2.626141e-01 3.486393e-01
-2.500000e-03 7.160000e-01 -2.635897e-01 3.478258e-01 -3.000000e-03 7.165000e-01 -2.635272e-01 3.479180e-01
-2.000000e-03 7.155000e-01 -2.636512e-01 3.477342e-01 -2.500000e-03 7.160000e-01 -2.635897e-01 3.478258e-01
-4.970000e-01 7.165000e-01 -2.626141e-01 3.486393e-01 -4.965000e-01 7.170000e-01 -2.626861e-01 3.487530e-01
-4.965000e-01 7.170000e-01 -2.626861e-01 3.487530e-01 -4.955000e-01 7.170000e-01 -2.624300e-01 3.483511e-01
-4.955000e-01 7.170000e-01 -2.624300e-01 3.483511e-01 -4.950000e-01 7.175000e-01 -2.625038e-01 3.484661e-01
-4.500000e-03 7.170000e-01 -2.637187e-01 3.476320e-01 -5.000000e-03 7.175000e-01 -2.636546e-01 3.477267e-01
-4.500000e-03 7.170000e-01 -2.637187e-01 3.476320e-01 -3.500000e-03 7.170000e-01 -2.634652e-01 3.480115e-01
-3.000000e-03 7.165000e-01 -2.635272e-01 3.479180e-01 -3.500000e-03 7.170000e-01 -2.634652e-01 3.480115e-01
-4.950000e-01 7.175000e-01 -2.625038e-01 3.484661e-01 -4.945000e-01 7.180000e-01 -2.625771e-01 3.485824e-01
-4.945000e-01 7.180000e-01 -2.625771e-01 3.485824e-01 -4.940000e-01 7.185000e-01 -2.626512e-01 3.486993e-01
-5.500000e-03 7.180000e-01 -2.635911e-01 3.478229e-01 -6.000000e-03 7.185000e-01 -2.635266e-01 3.479197e-01
-5.000000e-03 7.175000e-01 -2.636546e-01 3.477267e-01 -5.500000e-03 7.180000e-01 -2.635911e-01 3.478229e-01
-4.940000e-01 7.185000e-01 -2.626512e-01 3.486993e-01 -4.935000e-01 7.190000e-01 -2.627247e-01 3.488175e-01
-4.935000e-01 7.190000e-01 -2.627247e-01 3.488175e-01 -4.925000e-01 7.190000e-01 -2.624747e-01 3.484186e-01
-4.925000e-01 7.190000e-01 -2.624747e-01 3.484186e-01 -4.920000e-01 7.195000e-01 -2.625501e-01 3.485381e-01
-7.500000e-03 7.190000e-01 -2.637098e-01 3.476408e-01 -8.000000e-03 7.195000e-01 -2.636438e-01 3.477403e-01
-7.500000e-03 7.190000e-01 -2.637098e-01 3.476408e-01 -6.500000e-03 7.190000e-01 -2.634627e-01 3.480179e-01
-6.000000e-03 7.185000e-01 -2.635266e-01 3.479197e-01 -6.500000e-03 7.190000e-01 -2.634627e-01 3.480179e-01
-4.920000e-01 7.195000e-01 -2.625501e-01 3.485381e-01 -4.915000e-01 7.200000e-01 -2.626248e-01 3.486590e-01
-4.915000e-01 7.200000e-01 -2.626248e-01 3.486590e-01 -4.910000e-01 7.205000e-01 -2.627005e-01 3.487804e-01
-8.500000e-03 7.200000e-01 -2.635784e-01 3.478411e-01 -9.000000e-03 7.205000e-01 -2.635120e-01 3.479425e-01
-8.000000e-03 7.195000e-01 -2.636438e-01 3.477403e-01 -8.500000e-03 7.200000e-01 -2.635784e-01 3.478411e-01
-4.910000e-01 7.205000e-01 -2.627005e-01 3.487804e-01 -4.905000e-01 7.210000e-01 -2.627754e-01 3.489032e-01
-4.905000e-01 7.210000e-01 -2.627754e-01 3.489032e-01 -4.895000e-01 7.210000e-01 -2.625313e-01 3.485073e-01
-4.895000e-01 7.210000e-01 -2.625313e-01 3.485073e-01 -4.890000e-01 7.215000e-01 -2.626081e-01 3.486314e-01
-1.050000e-02 7.210000e-01 -2.636871e-01 3.476710e-01 -1.100000e-02 7.215000e-01 -2.636193e-01 3.477751e-01
-1.050000e-02 7.210000e-01 -2.636871e-01 3.476710e-01 -9.500000e-03 7.210000e-01 -2.634462e-01 3.480454e-01
-9.000000e-03 7.205000e-01 -2.635120e-01 3.479425e-01 -9.500000e-03 7.210000e-01 -2.634462e-01 3.480454e-01
-4.890000e-01 7.215000e-01 -2.626081e-01 3.486314e-01 -4.885000e-01 7.220000e-01 -2.626843e-01 3.487567e-01
-4.885000e-01 7.220000e-01 -2.626843e-01 3.487567e-01 -4.875000e-01 7.220000e-01 -2.624442e-01 3.483626e-01
-4.875000e-01 7.220000e-01 -2.624442e-01 3.483626e-01 -4.870000e-01 7.225000e-01 -2.625222e-01 3.484894e-01
-1.150000e-02 7.220000e-01 -2.635521e-01 3.478806e-01 -1.200000e-02 7.225000e-01 -2.634840e-01 3.479868e-01
-1.100000e-02 7.215000e-01 -2.636193e-01 3.477751e-01 -1.150000e-02 7.220000e-01 -2.635521e-01 3.478806e-01
-4.870000e-01 7.225000e-01 -2.625222e-01 3.484894e-01 -4.865000e-01 7.230000e-01 -2.625994e-01 3.486174e-01
-4.865000e-01 7.230000e-01 -2.625994e-01 3.486174e-01 -4.860000e-01 7.235000e-01 -2.626775e-01 3.487461e-01
-1.350000e-02 7.230000e-01 -2.636511e-01 3.477227e-01 -1.400000e-02 7.235000e-01 -2.635816e-01 3.478316e-01
-1.350000e-02 7.230000e-01 -2.636511e-01 3.477227e-01 -1.250000e-02 7.230000e-01 -2.634165e-01 3.480943e-01
-1.200000e-02 7.225000e-01 -2.634840e-01 3.479868e-01 -1.250000e-02 7.230000e-01 -2.634165e-01 3.480943e-01
-4.860000e-01 7.235000e-01 -2.626775e-01 3.487461e-01 -4.855000e-01 7.240000e-01 -2.627550e-01 3.488761e-01
-4.855000e-01 7.240000e-01 -2.627550e-01 3.488761e-01 -4.845000e-01 7.240000e-01 -2.625207e-01 3.484852e-01
-4.845000e-01 7.240000e-01 -2.625207e-01 3.484852e-01 -4.840000e-01 7.245000e-01 -2.625999e-01 3.486167e-01
-1.450000e-02 7.240000e-01 -2.635128e-01 3.479419e-01 -1.500000e-02 7.245000e-01 -2.634430e-01 3.480528e-01
-1.400000e-02 7.235000e-01 -2.635816e-01 3.478316e-01 -1.450000e-02 7.240000e-01 -2.635128e-01 3.479419e-01
-4.840000e-01 7.245000e-01 -2.625999e-01 3.486167e-01 -4.835000e-01 7.250000e-01 -2.626784e-01 3.487493e-01
-4.835000e-01 7.250000e-01 -2.626784e-01 3.487493e-01 -4.830000e-01 7.255000e-01 -2.627578e-01 3.488826e-01
-1.650000e-02 7.250000e-01 -2.636024e-01 3.477965e-01 -1.700000e-02 7.255000e-01 -2.635313e-01 3.479101e-01
-1.650000e-02 7.250000e-01 -2.636024e-01 3.477965e-01 -1.550000e-02 7.250000e-01 -2.633739e-01 3.481651e-01
-1.500000e-02 7.245000e-01 -2.634430e-01 3.480528e-01 -1.550000e-02 7.250000e-01 -2.633739e-01 3.481651e-01
-4.830000e-01 7.255000e-01 -2.627578e-01 3.488826e-01 -4.825000e-01 7.260000e-01 -2.628364e-01 3.490172e-01
-4.825000e-01 7.260000e-01 -2.628364e-01 3.490172e-01 -4.815000e-01 7.260000e-01 -2.626079e-01 3.486297e-01
-4.815000e-01 7.260000e-01 -2.626079e-01 3.486297e-01 -4.810000e-01 7.265000e-01 -2.626883e-01 3.487658e-01
-1.750000e-02 7.260000e-01 -2.634610e-01 3.480252e-01 -1.800000e-02 7.265000e-01 -2.633897e-01 3.481410e-01
-1.700000e-02 7.255000e-01 -2.635313e-01 3.479101e-01 -1.750000e-02 7.260000e-01 -2.634610e-01 3.480252e-01
-4.810000e-01 7.265000e-01 -2.626883e-01 3.487658e-01 -4.805000e-01 7.270000e-01 -2.627679e-01 3.489031e-01
-4.805000e-01 7.270000e-01 -2.627679e-01 3.489031e-01 -4.795000e-01 7.270000e-01 -2.625433e-01 3.485175e-01
-4.795000e-01 7.270000e-01 -2.625433e-01 3.485175e-01 -4.790000e-01 7.275000e-01 -2.626246e-01 3.486563e-01
-1.950000e-02 7.270000e-01 -2.635416e-01 3.478925e-01 -2.000000e-02 7.275000e-01 -2.634691e-01 3.480110e-01
-1.950000e-02 7.270000e-01 -2.635416e-01 3.478925e-01 -1.850000e-02 7.270000e-01 -2.633191e-01 3.482581e-01
-1.800000e-02 7.265000e-01 -2.633897e-01 3.481410e-01 -1.850000e-02 7.270000e-01 -2.633191e-01 3.482581e-01
-4.790000e-01 7.275000e-01 -2.626246e-01 3.486563e-01 -4.785000e-01 7.280000e-01 -2.627052e-01 3.487963e-01
-4.785000e-01 7.280000e-01 -2.627052e-01 3.487963e-01 -4.780000e-01 7.285000e-01 -2.627866e-01 3.489371e-01
-2.150000e-02 7.280000e-01 -2.636157e-01 3.477671e-01 -2.200000e-02 7.285000e-01 -2.635421e-01 3.478884e-01
-2.150000e-02 7.280000e-01 -2.636157e-01 3.477671e-01 -2.050000e-02 7.280000e-01 -2.633973e-01 3.481309e-01
-2.000000e-02 7.275000e-01 -2.634691e-01 3.480110e-01 -2.050000e-02 7.280000e-01 -2.633973e-01 3.481309e-01
-4.780000e-01 7.285000e-01 -2.627866e-01 3.489371e-01 -4.775000e-01 7.290000e-01 -2.628672e-01 3.490790e-01
-4.775000e-01 7.290000e-01 -2.628672e-01 3.490790e-01 -4.765000e-01 7.290000e-01 -2.626482e-01 3.486971e-01
-4.765000e-01 7.290000e-01 -2.626482e-01 3.486971e-01 -4.760000e-01 7.295000e-01 -2.627305e-01 3.488406e-01
-2.250000e-02 7.290000e-01 -2.634692e-01 3.480111e-01 -2.300000e-02 7.295000e-01 -2.633953e-01 3.481346e-01
-2.200000e-02 7.285000e-01 -2.635421e-01 3.478884e-01 -2.250000e-02 7.290000e-01 -2.634692e-01 3.480111e-01
-4.760000e-01 7.295000e-01 -2.627305e-01 3.488406e-01 -4.755000e-01 7.300000e-01 -2.628121e-01 3.489853e-01
-4.755000e-01 7.300000e-01 -2.628121e-01 3.489853e-01 -4.745000e-01 7.300000e-01 -2.625969e-01 3.486054e-01
-4.745000e-01 7.300000e-01 -2.625969e-01 3.486054e-01 -4.740000e-01 7.305000e-01 -2.626801e-01 3.487517e-01
-2.450000e-02 7.300000e-01 -2.635348e-01 3.478988e-01 -2.500000e-02 7.305000e-01 -2.634599e-01 3.480250e-01
-2.450000e-02 7.300000e-01 -2.635348e-01 3.478988e-01 -2.350000e-02 7.300000e-01 -2.633222e-01 3.482594e-01
-2.300000e-02 7.295000e-01 -2.633953e-01 3.481346e-01 -2.350000e-02 7.300000e-01 -2.633222e-01 3.482594e-01
-4.740000e-01 7.305000e-01 -2.626801e-01 3.487517e-01 -4.735000e-01 7.310000e-01 -2.627624e-01 3.488991e-01
-4.735000e-01 7.310000e-01 -2.627624e-01 3.488991e-01 -4.725000e-01 7.310000e-01 -2.625511e-01 3.485213e-01
-4.725000e-01 7.310000e-01 -2.625511e-01 3.485213e-01 -4.720000e-01 7.315000e-01 -2.626351e-01 3.486704e-01
-2.550000e-02 7.310000e-01 -2.633857e-01 3.481527e-01 -2.600000e-02 7.315000e-01 -2.633107e-01 3.482811e-01
-2.500000e-02 7.305000e-01 -2.634599e-01 3.480250e-01 -2.550000e-02 7.310000e-01 -2.633857e-01 3.481527e-01
-4.720000e-01 7.315000e-01 -2.626351e-01 3.486704e-01 -4.715000e-01 7.320000e-01 -2.627183e-01 3.488206e-01
-4.715000e-01 7.320000e-01 -2.627183e-01 3.488206e-01 -4.710000e-01 7.325000e-01 -2.628023e-01 3.489716e-01
-2.750000e-02 7.320000e-01 -2.634432e-01 3.480536e-01 -2.800000e-02 7.325000e-01 -2.633671e-01 3.481849e-01
-2.750000e-02 7.320000e-01 -2.634432e-01 3.480536e-01 -2.650000e-02 7.320000e-01 -2.632364e-01 3.484108e-01
-2.600000e-02 7.315000e-01 -2.633107e-01 3.482811e-01 -2.650000e-02 7.320000e-01 -2.632364e-01 3.484108e-01
-4.710000e-01 7.325000e-01 -2.628023e-01 3.489716e-01 -4.705000e-01 7.330000e-01 -2.628855e-01 3.491238e-01
-4.705000e-01 7.330000e-01 -2.628855e-01 3.491238e-01 -4.695000e-01 7.330000e-01 -2.626794e-01 3.487498e-01
-4.695000e-01 7.330000e-01 -2.626794e-01 3.487498e-01 -4.690000e-01 7.335000e-01 -2.627642e-01 3.489037e-01
-2.950000e-02 7.330000e-01 -2.634948e-01 3.479622e-01 -3.000000e-02 7.335000e-01 -2.634178e-01 3.480964e-01
-2.950000e-02 7.330000e-01 -2.634948e-01 3.479622e-01 -2.850000e-02 7.330000e-01 -2.632919e-01 3.483175e-01
-2.800000e-02 7.325000e-01 -2.633671e-01 3.481849e-01 -2.850000e-02 7.330000e-01 -2.632919e-01 3.483175e-01
-4.690000e-01 7.335000e-01 -2.627642e-01 3.489037e-01 -4.685000e-01 7.340000e-01 -2.628481e-01 3.490586e-01
-4.685000e-01 7.340000e-01 -2.628481e-01 3.490586e-01 -4.675000e-01 7.340000e-01 -2.626458e-01 3.486868e-01
-4.675000e-01 7.340000e-01 -2.626458e-01 3.486868e-01 -4.670000e-01 7.345000e-01 -2.627313e-01 3.488435e-01
-3.150000e-02 7.340000e-01 -2.635406e-01 3.478786e-01 -3.200000e-02 7.345000e-01 -2.634627e-01 3.480157e-01
-3.150000e-02 7.340000e-01 -2.635406e-01 3.478786e-01 -3.050000e-02 7.340000e-01 -2.633416e-01 3.482319e-01
-3.000000e-02 7.335000e-01 -2.634178e-01 3.480964e-01 -3.050000e-02 7.340000e-01 -2.633416e-01 3.482319e-01
-4.670000e-01 7.345000e-01 -2.627313e-01 3.488435e-01 -4.665000e-01 7.350000e-01 -2.628159e-01 3.490013e-01
-4.665000e-01 7.350000e-01 -2.628159e-01 3.490013e-01 -4.655000e-01 7.350000e-01 -2.626173e-01 3.486318e-01
-4.655000e-01 7.350000e-01 -2.626173e-01 3.486318e-01 -4.650000e-01 7.355000e-01 -2.627034e-01 3.487913e-01
-3.250000e-02 7.350000e-01 -2.633855e-01 3.481541e-01 -3.300000e-02 7.355000e-01 -2.633075e-01 3.482933e-01
-3.200000e-02 7.345000e-01 -2.634627e-01 3.480157e-01 -3.250000e-02 7.350000e-01 -2.633855e-01 3.481541e-01
-4.650000e-01 7.355000e-01 -2.627034e-01 3.487913e-01 -4.645000e-01 7.360000e-01 -2.627887e-01 3.489519e-01
-4.645000e-01 7.360000e-01 -2.627887e-01 3.489519e-01 -4.635000e-01 7.360000e-01 -2.625937e-01 3.485847e-01
-4.635000e-01 7.360000e-01 -2.625937e-01 3.485847e-01 -4.630000e-01 7.365000e-01 -2.626805e-01 3.487470e-01
-3.450000e-02 7.360000e-01 -2.634239e-01 3.480843e-01 -3.500000e-02 7.365000e-01 -2.633451e-01 3.482264e-01
-3.450000e-02 7.360000e-01 -2.634239e-01 3.480843e-01 -3.350000e-02 7.360000e-01 -2.632304e-01 3.484339e-01
-3.300000e-02 7.355000e-01 -2.633075e-01 3.482933e-01 -3.350000e-02 7.360000e-01 -2.632304e-01 3.484339e-01
-4.630000e-01 7.365000e-01 -2.626805e-01 3.487470e-01 -4.625000e-01 7.370000e-01 -2.627665e-01 3.489104e-01
-4.625000e-01 7.370000e-01 -2.627665e-01 3.489104e-01 -4.620000e-01 7.375000e-01 -2.628532e-01 3.490747e-01
-3.650000e-02 7.370000e-01 -2.634569e-01 3.480224e-01 -3.700000e-02 7.375000e-01 -2.633773e-01 3.481675e-01
-3.650000e-02 7.370000e-01 -2.634569e-01 3.480224e-01 -3.550000e-02 7.370000e-01 -2.632671e-01 3.483699e-01
-3.500000e-02 7.365000e-01 -2.633451e-01 3.482264e-01 -3.550000e-02 7.370000e-01 -2.632671e-01 3.483699e-01
-4.620000e-01 7.375000e-01 -2.628532e-01 3.490747e-01 -4.615000e-01 7.380000e-01 -2.629390e-01 3.492401e-01
-4.615000e-01 7.380000e-01 -2.629390e-01 3.492401e-01 -4.605000e-01 7.380000e-01 -2.627490e-01 3.488770e-01
-4.605000e-01 7.380000e-01 -2.627490e-01 3.488770e-01 -4.600000e-01 7.385000e-01 -2.628363e-01 3.490441e-01
-3.850000e-02 7.380000e-01 -2.634846e-01 3.479687e-01 -3.900000e-02 7.385000e-01 -2.634042e-01 3.481168e-01
-3.850000e-02 7.380000e-01 -2.634846e-01 3.479687e-01 -3.750000e-02 7.380000e-01 -2.632985e-01 3.483140e-01
-3.700000e-02 7.375000e-01 -2.633773e-01 3.481675e-01 -3.750000e-02 7.380000e-01 -2.632985e-01 3.483140e-01
-4.600000e-01 7.385000e-01 -2.628363e-01 3.490441e-01 -4.595000e-01 7.390000e-01 -2.629227e-01 3.492124e-01
-4.595000e-01 7.390000e-01 -2.629227e-01 3.492124e-01 -4.585000e-01 7.390000e-01 -2.627363e-01 3.488518e-01
-4.585000e-01 7.390000e-01 -2.627363e-01 3.488518e-01 -4.580000e-01 7.395000e-01 -2.628241e-01 3.490217e-01
-4.050000e-02 7.390000e-01 -2.635070e-01 3.479231e-01 -4.100000e-02 7.395000e-01 -2.634259e-01 3.480742e-01
-4.050000e-02 7.390000e-01 -2.635070e-01 3.479231e-01 -3.950000e-02 7.390000e-01 -2.633246e-01 3.482662e-01
-3.900000e-02 7.385000e-01 -2.634042e-01 3.481168e-01 -3.950000e-02 7.390000e-01 -2.633246e-01 3.482662e-01
-4.580000e-01 7.395000e-01 -2.628241e-01 3.490217e-01 -4.575000e-01 7.400000e-01 -2.629110e-01 3.491928e-01
-4.575000e-01 7.400000e-01 -2.629110e-01 3.491928e-01 -4.565000e-01 7.400000e-01 -2.627280e-01 3.488347e-01
-4.565000e-01 7.400000e-01 -2.627280e-01 3.488347e-01 -4.560000e-01 7.405000e-01 -2.628163e-01 3.490075e-01
-4.150000e-02 7.400000e-01 -2.633457e-01 3.482266e-01 -4.200000e-02 7.405000e-01 -2.632646e-01 3.483798e-01
-4.100000e-02 7.395000e-01 -2.634259e-01 3.480742e-01 -4.150000e-02 7.400000e-01 -2.633457e-01 3.482266e-01
-4.560000e-01 7.405000e-01 -2.628163e-01 3.490075e-01 -4.555000e-01 7.410000e-01 -2.629038e-01 3.491815e-01
-4.555000e-01 7.410000e-01 -2.629038e-01 3.491815e-01 -4.545000e-01 7.410000e-01 -2.627243e-01 3.488258e-01
-4.545000e-01 7.410000e-01 -2.627243e-01 3.488258e-01 -4.540000e-01 7.415000e-01 -2.628130e-01 3.490016e-01
-4.350000e-02 7.410000e-01 -2.633617e-01 3.481953e-01 -4.400000e-02 7.415000e-01 -2.632801e-01 3.483516e-01
-4.350000e-02 7.410000e-01 -2.633617e-01 3.481953e-01 -4.250000e-02 7.410000e-01 -2.631845e-01 3.485343e-01
-4.200000e-02 7.405000e-01 -2.632646e-01 3.483798e-01 -4.250000e-02 7.410000e-01 -2.631845e-01 3.485343e-01
-4.540000e-01 7.415000e-01 -2.628130e-01 3.490016e-01 -4.535000e-01 7.420000e-01 -2.629009e-01 3.491784e-01
-4.535000e-01 7.420000e-01 -2.629009e-01 3.491784e-01 -4.525000e-01 7.420000e-01 -2.627248e-01 3.488253e-01
-4.525000e-01 7.420000e-01 -2.627248e-01 3.488253e-01 -4.520000e-01 7.425000e-01 -2.628140e-01 3.490039e-01
-4.550000e-02 7.420000e-01 -2.633729e-01 3.481724e-01 -4.600000e-02 7.425000e-01 -2.632907e-01 3.483317e-01
-4.550000e-02 7.420000e-01 -2.633729e-01 3.481724e-01 -4.450000e-02 7.420000e-01 -2.631993e-01 3.485091e-01
-4.400000e-02 7.415000e-01 -2.632801e-01 3.483516e-01 -4.450000e-02 7.420000e-01 -2.631993e-01 3.485091e-01
-4.520000e-01 7.425000e-01 -2.628140e-01 3.490039e-01 -4.515000e-01 7.430000e-01 -2.629023e-01 3.491836e-01
-4.515000e-01 7.430000e-01 -2.629023e-01 3.491836e-01 -4.505000e-01 7.430000e-01 -2.627296e-01 3.488331e-01
-4.505000e-01 7.430000e-01 -2.627296e-01 3.488331e-01 -4.500000e-01 7.435000e-01 -2.628191e-01 3.490146e-01
-4.750000e-02 7.430000e-01 -2.633795e-01 3.481580e-01 -4.800000e-02 7.435000e-01 -2.632967e-01 3.483203e-01
-4.750000e-02 7.430000e-01 -2.633795e-01 3.481580e-01 -4.650000e-02 7.430000e-01 -2.632093e-01 3.484923e-01
-4.600000e-02 7.425000e-01 -2.632907e-01 3.483317e-01 -4.650000e-02 7.430000e-01 -2.632093e-01 3.484923e-01
-4.500000e-01 7.435000e-01 -2.628191e-01 3.490146e-01 -4.495000e-01 7.440000e-01 -2.629078e-01 3.491973e-01
-4.495000e-01 7.440000e-01 -2.629078e-01 3.491973e-01 -4.485000e-01 7.440000e-01 -2.627384e-01 3.488493e-01
-4.485000e-01 7.440000e-01 -2.627384e-01 3.488493e-01 -4.480000e-01 7.445000e-01 -2.628283e-01 3.490338e-01
-4.950000e-02 7.440000e-01 -2.633814e-01 3.481520e-01 -5.000000e-02 7.445000e-01 -2.632981e-01 3.483175e-01
-4.950000e-02 7.440000e-01 -2.633814e-01 3.481520e-01 -4.850000e-02 7.440000e-01 -2.632147e-01 3.484840e-01
-4.800000e-02 7.435000e-01 -2.632967e-01 3.483203e-01 -4.850000e-02 7.440000e-01 -2.632147e-01 3.484840e-01
-4.480000e-01 7.445000e-01 -2.628283e-01 3.490338e-01 -4.475000e-01 7.450000e-01 -2.629173e-01 3.492193e-01
-4.475000e-01 7.450000e-01 -2.629173e-01 3.492193e-01 -4.465000e-01 7.450000e-01 -2.627512e-01 3.488740e-01
-4.465000e-01 7.450000e-01 -2.627512e-01 3.488740e-01 -4.460000e-01 7.455000e-01 -2.628414e-01 3.490614e-01
-5.150000e-02 7.450000e-01 -2.633789e-01 3.481547e-01 -5.200000e-02 7.455000e-01 -2.632951e-01 3.483233e-01
-5.150000e-02 7.450000e-01 -2.633789e-01 3.481547e-01 -5.050000e-02 7.450000e-01 -2.632157e-01 3.484842e-01
-5.000000e-02 7.445000e-01 -2.632981e-01 3.483175e-01 -5.050000e-02 7.450000e-01 -2.632157e-01 3.484842e-01
-4.460000e-01 7.455000e-01 -2.628414e-01 3.490614e-01 -4.455000e-01 7.460000e-01 -2.629307e-01 3.492499e-01
-4.455000e-01 7.460000e-01 -2.629307e-01 3.492499e-01 -4.445000e-01 7.460000e-01 -2.627678e-01 3.489073e-01
-4.445000e-01 7.460000e-01 -2.627678e-01 3.489073e-01 -4.440000e-01 7.465000e-01 -2.628583e-01 3.490976e-01
-5.350000e-02 7.460000e-01 -2.633721e-01 3.481661e-01 -5.400000e-02 7.465000e-01 -2.632879e-01 3.483378e-01
-5.350000e-02 7.460000e-01 -2.633721e-01 3.481661e-01 -5.250000e-02 7.460000e-01 -2.632122e-01 3.484930e-01
-5.200000e-02 7.455000e-01 -2.632951e-01 3.483233e-01 -5.250000e-02 7.460000e-01 -2.632122e-01 3.484930e-01
-4.440000e-01 7.465000e-01 -2.628583e-01 3.490976e-01 -4.435000e-01 7.470000e-01 -2.629478e-01 3.492890e-01
-4.435000e-01 7.470000e-01 -2.629478e-01 3.492890e-01 -4.425000e-01 7.470000e-01 -2.627882e-01 3.489491e-01
-4.425000e-01 7.470000e-01 -2.627882e-01 3.489491e-01 -4.420000e-01 7.475000e-01 -2.628789e-01 3.491423e-01
-5.550000e-02 7.470000e-01 -2.633611e-01 3.481862e-01 -5.600000e-02 7.475000e-01 -2.632765e-01 3.483610e-01
-5.550000e-02 7.470000e-01 -2.633611e-01 3.481862e-01 -5.450000e-02 7.470000e-01 -2.632046e-01 3.485106e-01
-5.400000e-02 7.465000e-01 -2.632879e-01 3.483378e-01 -5.450000e-02 7.470000e-01 -2.632046e-01 3.485106e-01
-4.420000e-01 7.475000e-01 -2.628789e-01 3.491423e-01 -4.415000e-01 7.480000e-01 -2.629686e-01 3.493367e-01
-4.415000e-01 7.480000e-01 -2.629686e-01 3.493367e-01 -4.405000e-01 7.480000e-01 -2.628121e-01 3.489995e-01
-4.405000e-01 7.480000e-01 -2.628121e-01 3.489995e-01 -4.400000e-01 7.485000e-01 -2.629030e-01 3.491957e-01
-5.750000e-02 7.480000e-01 -2.633461e-01 3.482152e-01 -5.800000e-02 7.485000e-01 -2.632611e-01 3.483931e-01
-5.750000e-02 7.480000e-01 -2.633461e-01 3.482152e-01 -5.650000e-02 7.480000e-01 -2.631929e-01 3.485369e-01
-5.600000e-02 7.475000e-01 -2.632765e-01 3.483610e-01 -5.650000e-02 7.480000e-01 -2.631929e-01 3.485369e-01
-4.400000e-01 7.485000e-01 -2.629030e-01 3.491957e-01 -4.395000e-01 7.490000e-01 -2.629929e-01 3.493930e-01
-4.395000e-01 7.490000e-01 -2.629929e-01 3.493930e-01 -4.385000e-01 7.490000e-01 -2.628395e-01 3.490586e-01
-4.385000e-01 7.490000e-01 -2.628395e-01 3.490586e-01 -4.375000e-01 7.490000e-01 -2.626881e-01 3.487252e-01
-4.375000e-01 7.490000e-01 -2.626881e-01 3.487252e-01 -4.370000e-01 7.495000e-01 -2.627796e-01 3.489254e-01
-5.950000e-02 7.490000e-01 -2.633271e-01 3.482531e-01 -6.000000e-02 7.495000e-01 -2.632419e-01 3.484341e-01
-5.950000e-02 7.490000e-01 -2.633271e-01 3.482531e-01 -5.850000e-02 7.490000e-01 -2.631772e-01 3.485722e-01
-5.800000e-02 7.485000e-01 -2.632611e-01 3.483931e-01 -5.850000e-02 7.490000e-01 -2.631772e-01 3.485722e-01
-4.370000e-01 7.495000e-01 -2.627796e-01 3.489254e-01 -4.365000e-01 7.500000e-01 -2.628702e-01 3.491265e-01
-4.365000e-01 7.500000e-01 -2.628702e-01 3.491265e-01 -4.355000e-01 7.500000e-01 -2.627219e-01 3.487960e-01
-4.355000e-01 7.500000e-01 -2.627219e-01 3.487960e-01 -4.350000e-01 7.505000e-01 -2.628135e-01 3.489991e-01
-6.150000e-02 7.500000e-01 -2.633044e-01 3.482998e-01 -6.200000e-02 7.505000e-01 -2.632190e-01 3.484840e-01
-6.150000e-02 7.500000e-01 -2.633044e-01 3.482998e-01 -6.050000e-02 7.500000e-01 -2.631577e-01 3.486162e-01
-6.000000e-02 7.495000e-01 -2.632419e-01 3.484341e-01 -6.050000e-02 7.500000e-01 -2.631577e-01 3.486162e-01
-4.350000e-01 7.505000e-01 -2.628135e-01 3.489991e-01 -4.345000e-01 7.510000e-01 -2.629042e-01 3.492031e-01
-4.345000e-01 7.510000e-01 -2.629042e-01 3.492031e-01 -4.335000e-01 7.510000e-01 -2.627589e-01 3.488755e-01
-4.335000e-01 7.510000e-01 -2.627589e-01 3.488755e-01 -4.330000e-01 7.515000e-01 -2.628505e-01 3.490815e-01
-6.350000e-02 7.510000e-01 -2.632781e-01 3.483557e-01 -6.400000e-02 7.515000e-01 -2.631925e-01 3.485430e-01
-6.350000e-02 7.510000e-01 -2.632781e-01 3.483557e-01 -6.250000e-02 7.510000e-01 -2.631345e-01 3.486694e-01
-6.200000e-02 7.505000e-01 -2.632190e-01 3.484840e-01 -6.250000e-02 7.510000e-01 -2.631345e-01 3.486694e-01
-4.330000e-01 7.515000e-01 -2.628505e-01 3.490815e-01 -4.325000e-01 7.520000e-01 -2.629412e-01 3.492885e-01
-4.325000e-01 7.520000e-01 -2.629412e-01 3.492885e-01 -4.315000e-01 7.520000e-01 -2.627988e-01 3.489638e-01
-4.315000e-01 7.520000e-01 -2.627988e-01 3.489638e-01 -4.310000e-01 7.525000e-01 -2.628905e-01 3.491728e-01
-6.550000e-02 7.520000e-01 -2.632483e-01 3.484206e-01 -6.600000e-02 7.525000e-01 -2.631625e-01 3.486110e-01
-6.550000e-02 7.520000e-01 -2.632483e-01 3.484206e-01 -6.450000e-02 7.520000e-01 -2.631078e-01 3.487315e-01
-6.400000e-02 7.515000e-01 -2.631925e-01 3.485430e-01 -6.450000e-02 7.520000e-01 -2.631078e-01 3.487315e-01
-4.310000e-01 7.525000e-01 -2.628905e-01 3.491728e-01 -4.305000e-01 7.530000e-01 -2.629812e-01 3.493828e-01
-4.305000e-01 7.530000e-01 -2.629812e-01 3.493828e-01 -4.295000e-01 7.530000e-01 -2.628417e-01 3.490611e-01
-4.295000e-01 7.530000e-01 -2.628417e-01 3.490611e-01 -4.290000e-01 7.535000e-01 -2.629334e-01 3.492730e-01
-6.850000e-02 7.530000e-01 -2.633507e-01 3.481873e-01 -6.900000e-02 7.535000e-01 -2.632642e-01 3.483820e-01
-6.850000e-02 7.530000e-01 -2.633507e-01 3.481873e-01 -6.750000e-02 7.530000e-01 -2.632152e-01 3.484946e-01
-6.750000e-02 7.530000e-01 -2.632152e-01 3.484946e-01 -6.650000e-02 7.530000e-01 -2.630777e-01 3.488027e-01
-6.600000e-02 7.525000e-01 -2.631625e-01 3.486110e-01 -6.650000e-02 7.530000e-01 -2.630777e-01 3.488027e-01
-4.290000e-01 7.535000e-01 -2.629334e-01 3.492730e-01 -4.285000e-01 7.540000e-01 -2.630240e-01 3.494860e-01
-4.285000e-01 7.540000e-01 -2.630240e-01 3.494860e-01 -4.275000e-01 7.540000e-01 -2.628874e-01 3.491672e-01
-4.275000e-01 7.540000e-01 -2.628874e-01 3.491672e-01 -4.265000e-01 7.540000e-01 -2.627527e-01 3.488495e-01
-4.265000e-01 7.540000e-01 -2.627527e-01 3.488495e-01 -4.260000e-01 7.545000e-01 -2.628447e-01 3.490655e-01
-7.050000e-02 7.540000e-01 -2.633113e-01 3.482734e-01 -7.100000e-02 7.545000e-01 -2.632248e-01 3.484713e-01
-7.050000e-02 7.540000e-01 -2.633113e-01 3.482734e-01 -6.950000e-02 7.540000e-01 -2.631788e-01 3.485778e-01
-6.900000e-02 7.535000e-01 -2.632642e-01 3.483820e-01 -6.950000e-02 7.540000e-01 -2.631788e-01 3.485778e-01
-4.260000e-01 7.545000e-01 -2.628447e-01 3.490655e-01 -4.255000e-01 7.550000e-01 -2.629357e-01 3.492823e-01
-4.255000e-01 7.550000e-01 -2.629357e-01 3.492823e-01 -4.245000e-01 7.550000e-01 -2.628039e-01 3.489676e-01
-4.245000e-01 7.550000e-01 -2.628039e-01 3.489676e-01 -4.240000e-01 7.555000e-01 -2.628957e-01 3.491866e-01
-7.250000e-02 7.550000e-01 -2.632690e-01 3.483688e-01 -7.300000e-02 7.555000e-01 -2.631825e-01 3.485699e-01
-7.250000e-02 7.550000e-01 -2.632690e-01 3.483688e-01 -7.150000e-02 7.550000e-01 -2.631394e-01 3.486703e-01
-7.100000e-02 7.545000e-01 -2.632248e-01 3.484713e-01 -7.150000e-02 7.550000e-01 -2.631394e-01 3.486703e-01
-4.240000e-01 7.555000e-01 -2.628957e-01 3.491866e-01 -4.235000e-01 7.560000e-01 -2.629866e-01 3.494064e-01
-4.235000e-01 7.560000e-01 -2.629866e-01 3.494064e-01 -4.225000e-01 7.560000e-01 -2.628575e-01 3.490948e-01
-4.225000e-01 7.560000e-01 -2.628575e-01 3.490948e-01 -4.220000e-01 7.565000e-01 -2.629492e-01 3.493167e-01
-7.450000e-02 7.560000e-01 -2.632237e-01 3.484735e-01 -7.500000e-02 7.565000e-01 -2.631374e-01 3.486778e-01
-7.450000e-02 7.560000e-01 -2.632237e-01 3.484735e-01 -7.350000e-02 7.560000e-01 -2.630971e-01 3.487721e-01
-7.300000e-02 7.555000e-01 -2.631825e-01 3.485699e-01 -7.350000e-02 7.560000e-01 -2.630971e-01 3.487721e-01
-4.220000e-01 7.565000e-01 -2.629492e-01 3.493167e-01 -4.215000e-01 7.570000e-01 -2.630398e-01 3.495396e-01
-4.215000e-01 7.570000e-01 -2.630398e-01 3.495396e-01 -4.205000e-01 7.570000e-01 -2.629134e-01 3.492311e-01
-4.205000e-01 7.570000e-01 -2.629134e-01 3.492311e-01 -4.195000e-01 7.570000e-01 -2.627889e-01 3.489236e-01
-4.195000e-01 7.570000e-01 -2.627889e-01 3.489236e-01 -4.190000e-01 7.575000e-01 -2.628808e-01 3.491495e-01
-7.750000e-02 7.570000e-01 -2.632978e-01 3.482931e-01 -7.800000e-02 7.575000e-01 -2.632110e-01 3.485016e-01
-7.750000e-02 7.570000e-01 -2.632978e-01 3.482931e-01 -7.650000e-02 7.570000e-01 -2.631758e-01 3.485877e-01
-7.650000e-02 7.570000e-01 -2.631758e-01 3.485877e-01 -7.550000e-02 7.570000e-01 -2.630520e-01 3.488832e-01
-7.500000e-02 7.565000e-01 -2.631374e-01 3.486778e-01 -7.550000e-02 7.570000e-01 -2.630520e-01 3.488832e-01
-4.190000e-01 7.575000e-01 -2.628808e-01 3.491495e-01 -4.185000e-01 7.580000e-01 -2.629716e-01 3.493764e-01
-4.185000e-01 7.580000e-01 -2.629716e-01 3.493764e-01 -4.175000e-01 7.580000e-01 -2.628497e-01 3.490721e-01
-4.175000e-01 7.580000e-01 -2.628497e-01 3.490721e-01 -4.170000e-01 7.585000e-01 -2.629413e-01 3.493010e-01
-7.950000e-02 7.580000e-01 -2.632445e-01 3.484197e-01 -8.000000e-02 7.585000e-01 -2.631579e-01 3.486314e-01
-7.950000e-02 7.580000e-01 -2.632445e-01 3.484197e-01 -7.850000e-02 7.580000e-01 -2.631253e-01 3.487112e-01
-7.800000e-02 7.575000e-01 -2.632110e-01 3.485016e-01 -7.850000e-02 7.580000e-01 -2.631253e-01 3.487112e-01
-4.170000e-01 7.585000e-01 -2.629413e-01 3.493010e-01 -4.165000e-01 7.590000e-01 -2.630318e-01 3.495308e-01
-4.165000e-01 7.590000e-01 -2.630318e-01 3.495308e-01 -4.155000e-01 7.590000e-01 -2.629126e-01 3.492297e-01
-4.155000e-01 7.590000e-01 -2.629126e-01 3.492297e-01 -4.145000e-01 7.590000e-01 -2.627951e-01 3.489297e-01
-4.145000e-01 7.590000e-01 -2.627951e-01 3.489297e-01 -4.140000e-01 7.595000e-01 -2.628867e-01 3.491627e-01
-8.250000e-02 7.590000e-01 -2.633035e-01 3.482683e-01 -8.300000e-02 7.595000e-01 -2.632167e-01 3.484843e-01
-8.250000e-02 7.590000e-01 -2.633035e-01 3.482683e-01 -8.150000e-02 7.590000e-01 -2.631888e-01 3.485558e-01
-8.150000e-02 7.590000e-01 -2.631888e-01 3.485558e-01 -8.050000e-02 7.590000e-01 -2.630723e-01 3.488442e-01
-8.000000e-02 7.585000e-01 -2.631579e-01 3.486314e-01 -8.050000e-02 7.590000e-01 -2.630723e-01 3.488442e-01
-4.140000e-01 7.595000e-01 -2.628867e-01 3.491627e-01 -4.135000e-01 7.600000e-01 -2.629773e-01 3.493965e-01
-4.135000e-01 7.600000e-01 -2.629773e-01 3.493965e-01 -4.125000e-01 7.600000e-01 -2.628624e-01 3.490997e-01
-4.125000e-01 7.600000e-01 -2.628624e-01 3.490997e-01 -4.120000e-01 7.605000e-01 -2.629536e-01 3.493357e-01
-8.450000e-02 7.600000e-01 -2.632429e-01 3.484171e-01 -8.500000e-02 7.605000e-01 -2.631564e-01 3.486364e-01
-8.450000e-02 7.600000e-01 -2.632429e-01 3.484171e-01 -8.350000e-02 7.600000e-01 -2.631309e-01 3.487015e-01
-8.300000e-02 7.595000e-01 -2.632167e-01 3.484843e-01 -8.350000e-02 7.600000e-01 -2.631309e-01 3.487015e-01
-4.120000e-01 7.605000e-01 -2.629536e-01 3.493357e-01 -4.115000e-01 7.610000e-01 -2.630438e-01 3.495724e-01
-4.115000e-01 7.610000e-01 -2.630438e-01 3.495724e-01 -4.105000e-01 7.610000e-01 -2.629313e-01 3.492789e-01
-4.105000e-01 7.610000e-01 -2.629313e-01 3.492789e-01 -4.095000e-01 7.610000e-01 -2.628207e-01 3.489866e-01
-4.095000e-01 7.610000e-01 -2.628207e-01 3.489866e-01 -4.090000e-01 7.615000e-01 -2.629118e-01 3.492266e-01
-8.750000e-02 7.610000e-01 -2.632880e-01 3.482954e-01 -8.800000e-02 7.615000e-01 -2.632014e-01 3.485190e-01
-8.750000e-02 7.610000e-01 -2.632880e-01 3.482954e-01 -8.650000e-02 7.610000e-01 -2.631804e-01 3.485756e-01
-8.650000e-02 7.610000e-01 -2.631804e-01 3.485756e-01 -8.550000e-02 7.610000e-01 -2.630709e-01 3.488567e-01
-8.500000e-02 7.605000e-01 -2.631564e-01 3.486364e-01 -8.550000e-02 7.610000e-01 -2.630709e-01 3.488567e-01
-4.090000e-01 7.615000e-01 -2.629118e-01 3.492266e-01 -4.085000e-01 7.620000e-01 -2.630019e-01 3.494674e-01
-4.085000e-01 7.620000e-01 -2.630019e-01 3.494674e-01 -4.075000e-01 7.620000e-01 -2.628936e-01 3.491783e-01
-4.075000e-01 7.620000e-01 -2.628936e-01 3.491783e-01 -4.065000e-01 7.620000e-01 -2.627871e-01 3.488905e-01
-4.065000e-01 7.620000e-01 -2.627871e-01 3.488905e-01 -4.060000e-01 7.625000e-01 -2.628781e-01 3.491345e-01
-8.950000e-02 7.620000e-01 -2.632210e-01 3.484667e-01 -9.000000e-02 7.625000e-01 -2.631348e-01 3.486936e-01
-8.950000e-02 7.620000e-01 -2.632210e-01 3.484667e-01 -8.850000e-02 7.620000e-01 -2.631159e-01 3.487437e-01
-8.800000e-02 7.615000e-01 -2.632014e-01 3.485190e-01 -8.850000e-02 7.620000e-01 -2.631159e-01 3.487437e-01
-4.060000e-01 7.625000e-01 -2.628781e-01 3.491345e-01 -4.055000e-01 7.630000e-01 -2.629680e-01 3.493794e-01
-4.055000e-01 7.630000e-01 -2.629680e-01 3.493794e-01 -4.045000e-01 7.630000e-01 -2.628638e-01 3.490949e-01
-4.045000e-01 7.630000e-01 -2.628638e-01 3.490949e-01 -4.040000e-01 7.635000e-01 -2.629542e-01 3.493419e-01
-9.250000e-02 7.630000e-01 -2.632533e-01 3.483752e-01 -9.300000e-02 7.635000e-01 -2.631671e-01 3.486064e-01
-9.250000e-02 7.630000e-01 -2.632533e-01 3.483752e-01 -9.150000e-02 7.630000e-01 -2.631523e-01 3.486478e-01
-9.150000e-02 7.630000e-01 -2.631523e-01 3.486478e-01 -9.050000e-02 7.630000e-01 -2.630496e-01 3.489215e-01
-9.000000e-02 7.625000e-01 -2.631348e-01 3.486936e-01 -9.050000e-02 7.630000e-01 -2.630496e-01 3.489215e-01
-4.040000e-01 7.635000e-01 -2.629542e-01 3.493419e-01 -4.035000e-01 7.640000e-01 -2.630436e-01 3.495897e-01
-4.035000e-01 7.640000e-01 -2.630436e-01 3.495897e-01 -4.025000e-01 7.640000e-01 -2.629417e-01 3.493086e-01
-4.025000e-01 7.640000e-01 -2.629417e-01 3.493086e-01 -4.015000e-01 7.640000e-01 -2.628415e-01 3.490286e-01
-4.015000e-01 7.640000e-01 -2.628415e-01 3.490286e-01 -4.010000e-01 7.645000e-01 -2.629316e-01 3.492797e-01
-9.450000e-02 7.640000e-01 -2.631807e-01 3.485694e-01 -9.500000e-02 7.645000e-01 -2.630950e-01 3.488038e-01
-9.450000e-02 7.640000e-01 -2.631807e-01 3.485694e-01 -9.350000e-02 7.640000e-01 -2.630821e-01 3.488387e-01
-9.300000e-02 7.635000e-01 -2.631671e-01 3.486064e-01 -9.350000e-02 7.640000e-01 -2.630821e-01 3.488387e-01
-4.010000e-01 7.645000e-01 -2.629316e-01 3.492797e-01 -4.005000e-01 7.650000e-01 -2.630207e-01 3.495315e-01
-4.005000e-01 7.650000e-01 -2.630207e-01 3.495315e-01 -3.995000e-01 7.650000e-01 -2.629227e-01 3.492550e-01
-3.995000e-01 7.650000e-01 -2.629227e-01 3.492550e-01 -3.985000e-01 7.650000e-01 -2.628264e-01 3.489798e-01
-3.985000e-01 7.650000e-01 -2.628264e-01 3.489798e-01 -3.980000e-01 7.655000e-01 -2.629161e-01 3.492349e-01
-9.750000e-02 7.650000e-01 -2.632013e-01 3.485086e-01 -9.800000e-02 7.655000e-01 -2.631159e-01 3.487474e-01
-9.750000e-02 7.650000e-01 -2.632013e-01 3.485086e-01 -9.650000e-02 7.650000e-01 -2.631067e-01 3.487733e-01
-9.650000e-02 7.650000e-01 -2.631067e-01 3.487733e-01 -9.550000e-02 7.650000e-01 -2.630105e-01 3.490393e-01
-9.500000e-02 7.645000e-01 -2.630950e-01 3.488038e-01 -9.550000e-02 7.650000e-01 -2.630105e-01 3.490393e-01
-3.980000e-01 7.655000e-01 -2.629161e-01 3.492349e-01 -3.975000e-01 7.660000e-01 -2.630048e-01 3.494908e-01
-3.975000e-01 7.660000e-01 -2.630048e-01 3.494908e-01 -3.965000e-01 7.660000e-01 -2.629106e-01 3.492190e-01
-3.965000e-01 7.660000e-01 -2.629106e-01 3.492190e-01 -3.955000e-01 7.660000e-01 -2.628182e-01 3.489485e-01
-3.955000e-01 7.660000e-01 -2.628182e-01 3.489485e-01 -3.950000e-01 7.665000e-01 -2.629074e-01 3.492076e-01
-1.005000e-01 7.660000e-01 -2.632145e-01 3.484655e-01 -1.010000e-01 7.665000e-01 -2.631295e-01 3.487087e-01
-1.005000e-01 7.660000e-01 -2.632145e-01 3.484655e-01 -9.950000e-02 7.660000e-01 -2.631239e-01 3.487257e-01
-9.950000e-02 7.660000e-01 -2.631239e-01 3.487257e-01 -9.850000e-02 7.660000e-01 -2.630316e-01 3.489872e-01
-9.800000e-02 7.655000e-01 -2.631159e-01 3.487474e-01 -9.850000e-02 7.660000e-01 -2.630316e-01 3.489872e-01
-3.950000e-01 7.665000e-01 -2.629074e-01 3.492076e-01 -3.945000e-01 7.670000e-01 -2.629956e-01 3.494676e-01
-3.945000e-01 7.670000e-01 -2.629956e-01 3.494676e-01 -3.935000e-01 7.670000e-01 -2.629052e-01 3.492006e-01
-3.935000e-01 7.670000e-01 -2.629052e-01 3.492006e-01 -3.925000e-01 7.670000e-01 -2.628164e-01 3.489348e-01
-3.925000e-01 7.670000e-01 -2.628164e-01 3.489348e-01 -3.920000e-01 7.675000e-01 -2.629051e-01 3.491981e-01
-1.035000e-01 7.670000e-01 -2.632208e-01 3.484403e-01 -1.040000e-01 7.675000e-01 -2.631362e-01 3.486879e-01
-1.035000e-01 7.670000e-01 -2.632208e-01 3.484403e-01 -1.025000e-01 7.670000e-01 -2.631340e-01 3.486960e-01
-1.025000e-01 7.670000e-01 -2.631340e-01 3.486960e-01 -1.015000e-01 7.670000e-01 -2.630455e-01 3.489529e-01
-1.010000e-01 7.665000e-01 -2.631295e-01 3.487087e-01 -1.015000e-01 7.670000e-01 -2.630455e-01 3.489529e-01
-3.920000e-01 7.675000e-01 -2.629051e-01 3.491981e-01 -3.915000e-01 7.680000e-01 -2.629927e-01 3.494620e-01
-3.915000e-01 7.680000e-01 -2.629927e-01 3.494620e-01 -3.905000e-01 7.680000e-01 -2.629059e-01 3.491998e-01
-3.905000e-01 7.680000e-01 -2.629059e-01 3.491998e-01 -3.900000e-01 7.685000e-01 -2.629938e-01 3.494660e-01
-1.065000e-01 7.680000e-01 -2.632205e-01 3.484333e-01 -1.070000e-01 7.685000e-01 -2.631364e-01 3.486853e-01
-1.065000e-01 7.680000e-01 -2.632205e-01 3.484333e-01 -1.055000e-01 7.680000e-01 -2.631374e-01 3.486843e-01
-1.055000e-01 7.680000e-01 -2.631374e-01 3.486843e-01 -1.045000e-01 7.680000e-01 -2.630527e-01 3.489365e-01
-1.040000e-01 7.675000e-01 -2.631362e-01 3.486879e-01 -1.045000e-01 7.680000e-01 -2.630527e-01 3.489365e-01
-3.900000e-01 7.685000e-01 -2.629938e-01 3.494660e-01 -3.895000e-01 7.690000e-01 -2.630805e-01 3.497329e-01
-3.895000e-01 7.690000e-01 -2.630805e-01 3.497329e-01 -3.885000e-01 7.690000e-01 -2.629957e-01 3.494743e-01
-3.885000e-01 7.690000e-01 -2.629957e-01 3.494743e-01 -3.875000e-01 7.690000e-01 -2.629125e-01 3.492169e-01
-3.875000e-01 7.690000e-01 -2.629125e-01 3.492169e-01 -3.865000e-01 7.690000e-01 -2.628308e-01 3.489609e-01
-3.865000e-01 7.690000e-01 -2.628308e-01 3.489609e-01 -3.860000e-01 7.695000e-01 -2.629181e-01 3.492322e-01
-1.095000e-01 7.690000e-01 -2.632141e-01 3.484445e-01 -1.100000e-01 7.695000e-01 -2.631305e-01 3.487009e-01
-1.095000e-01 7.690000e-01 -2.632141e-01 3.484445e-01 -1.085000e-01 7.690000e-01 -2.631345e-01 3.486908e-01
-1.085000e-01 7.690000e-01 -2.631345e-01 3.486908e-01 -1.075000e-01 7.690000e-01 -2.630534e-01 3.489382e-01
-1.070000e-01 7.685000e-01 -2.631364e-01 3.486853e-01 -1.075000e-01 7.690000e-01 -2.630534e-01 3.489382e-01
-3.860000e-01 7.695000e-01 -2.629181e-01 3.492322e-01 -3.855000e-01 7.700000e-01 -2.630043e-01 3.495043e-01
-3.855000e-01 7.700000e-01 -2.630043e-01 3.495043e-01 -3.845000e-01 7.700000e-01 -2.629245e-01 3.492519e-01
-3.845000e-01 7.700000e-01 -2.629245e-01 3.492519e-01 -3.835000e-01 7.700000e-01 -2.628463e-01 3.490009e-01
-3.835000e-01 7.700000e-01 -2.628463e-01 3.490009e-01 -3.830000e-01 7.705000e-01 -2.629327e-01 3.492763e-01
-1.125000e-01 7.700000e-01 -2.632018e-01 3.484742e-01 -1.130000e-01 7.705000e-01 -2.631190e-01 3.487350e-01
-1.125000e-01 7.700000e-01 -2.632018e-01 3.484742e-01 -1.115000e-01 7.700000e-01 -2.631258e-01 3.487156e-01
-1.115000e-01 7.700000e-01 -2.631258e-01 3.487156e-01 -1.105000e-01 7.700000e-01 -2.630482e-01 3.489583e-01
-1.100000e-01 7.695000e-01 -2.631305e-01 3.487009e-01 -1.105000e-01 7.700000e-01 -2.630482e-01 3.489583e-01
-3.830000e-01 7.705000e-01 -2.629327e-01 3.492763e-01 -3.825000e-01 7.710000e-01 -2.630181e-01 3.495524e-01
-3.825000e-01 7.710000e-01 -2.630181e-01 3.495524e-01 -3.815000e-01 7.710000e-01 -2.629416e-01 3.493049e-01
-3.815000e-01 7.710000e-01 -2.629416e-01 3.493049e-01 -3.805000e-01 7.710000e-01 -2.628667e-01 3.490589e-01
-3.805000e-01 7.710000e-01 -2.628667e-01 3.490589e-01 -3.800000e-01 7.715000e-01 -2.629523e-01 3.493384e-01
-1.155000e-01 7.710000e-01 -2.631842e-01 3.485224e-01 -1.160000e-01 7.715000e-01 -2.631021e-01 3.487876e-01
-1.155000e-01 7.710000e-01 -2.631842e-01 3.485224e-01 -1.145000e-01 7.710000e-01 -2.631115e-01 3.487589e-01
-1.145000e-01 7.710000e-01 -2.631115e-01 3.487589e-01 -1.135000e-01 7.710000e-01 -2.630373e-01 3.489967e-01
-1.130000e-01 7.705000e-01 -2.631190e-01 3.487350e-01 -1.135000e-01 7.710000e-01 -2.630373e-01 3.489967e-01
-3.800000e-01 7.715000e-01 -2.629523e-01 3.493384e-01 -3.795000e-01 7.720000e-01 -2.630368e-01 3.496185e-01
-3.795000e-01 7.720000e-01 -2.630368e-01 3.496185e-01 -3.785000e-01 7.720000e-01 -2.629635e-01 3.493761e-01
-3.785000e-01 7.720000e-01 -2.629635e-01 3.493761e-01 -3.775000e-01 7.720000e-01 -2.628917e-01 3.491351e-01
-3.775000e-01 7.720000e-01 -2.628917e-01 3.491351e-01 -3.770000e-01 7.725000e-01 -2.629764e-01 3.494186e-01
-1.185000e-01 7.720000e-01 -2.631616e-01 3.485892e-01 -1.190000e-01 7.725000e-01 -2.630804e-01 3.488589e-01
-1.185000e-01 7.720000e-01 -2.631616e-01 3.485892e-01 -1.175000e-01 7.720000e-01 -2.630922e-01 3.488208e-01
-1.175000e-01 7.720000e-01 -2.630922e-01 3.488208e-01 -1.165000e-01 7.720000e-01 -2.630212e-01 3.490537e-01
-1.160000e-01 7.715000e-01 -2.631021e-01 3.487876e-01 -1.165000e-01 7.720000e-01 -2.630212e-01 3.490537e-01
-3.770000e-01 7.725000e-01 -2.629764e-01 3.494186e-01 -3.765000e-01 7.730000e-01 -2.630599e-01 3.497027e-01
-3.765000e-01 7.730000e-01 -2.630599e-01 3.497027e-01 -3.755000e-01 7.730000e-01 -2.629897e-01 3.494654e-01
-3.755000e-01 7.730000e-01 -2.629897e-01 3.494654e-01 -3.745000e-01 7.730000e-01 -2.629210e-01 3.492296e-01
-3.745000e-01 7.730000e-01 -2.629210e-01 3.492296e-01 -3.735000e-01 7.730000e-01 -2.628538e-01 3.489952e-01
-3.735000e-01 7.730000e-01 -2.628538e-01 3.489952e-01 -3.730000e-01 7.735000e-01 -2.629374e-01 3.492838e-01
-1.215000e-01 7.730000e-01 -2.631344e-01 3.486749e-01 -1.220000e-01 7.735000e-01 -2.630542e-01 3.489489e-01
-1.215000e-01 7.730000e-01 -2.631344e-01 3.486749e-01 -1.205000e-01 7.730000e-01 -2.630681e-01 3.489014e-01
-1.205000e-01 7.730000e-01 -2.630681e-01 3.489014e-01 -1.195000e-01 7.730000e-01 -2.630004e-01 3.491294e-01
-1.190000e-01 7.725000e-01 -2.630804e-01 3.488589e-01 -1.195000e-01 7.730000e-01 -2.630004e-01 3.491294e-01
-3.730000e-01 7.735000e-01 -2.629374e-01 3.492838e-01 -3.725000e-01 7.740000e-01 -2.630199e-01 3.495731e-01
-3.725000e-01 7.740000e-01 -2.630199e-01 3.495731e-01 -3.715000e-01 7.740000e-01 -2.629542e-01 3.493424e-01
-3.715000e-01 7.740000e-01 -2.629542e-01 3.493424e-01 -3.705000e-01 7.740000e-01 -2.628899e-01 3.491132e-01
-3.705000e-01 7.740000e-01 -2.628899e-01 3.491132e-01 -3.700000e-01 7.745000e-01 -2.629724e-01 3.494058e-01
-1.255000e-01 7.740000e-01 -2.631648e-01 3.485593e-01 -1.260000e-01 7.745000e-01 -2.630856e-01 3.488389e-01
-1.255000e-01 7.740000e-01 -2.631648e-01 3.485593e-01 -1.245000e-01 7.740000e-01 -2.631030e-01 3.487794e-01
-1.245000e-01 7.740000e-01 -2.631030e-01 3.487794e-01 -1.235000e-01 7.740000e-01 -2.630398e-01 3.490009e-01
-1.235000e-01 7.740000e-01 -2.630398e-01 3.490009e-01 -1.225000e-01 7.740000e-01 -2.629751e-01 3.492238e-01
-1.220000e-01 7.735000e-01 -2.630542e-01 3.489489e-01 -1.225000e-01 7.740000e-01 -2.629751e-01 3.492238e-01
-3.700000e-01 7.745000e-01 -2.629724e-01 3.494058e-01 -3.695000e-01 7.750000e-01 -2.630537e-01 3.496990e-01
-3.695000e-01 7.750000e-01 -2.630537e-01 3.496990e-01 -3.685000e-01 7.750000e-01 -2.629909e-01 3.494735e-01
-3.685000e-01 7.750000e-01 -2.629909e-01 3.494735e-01 -3.675000e-01 7.750000e-01 -2.629294e-01 3.492495e-01
-3.675000e-01 7.750000e-01 -2.629294e-01 3.492495e-01 -3.665000e-01 7.750000e-01 -2.628694e-01 3.490271e-01
-3.665000e-01 7.750000e-01 -2.628694e-01 3.490271e-01 -3.660000e-01 7.755000e-01 -2.629506e-01 3.493248e-01
-1.285000e-01 7.750000e-01 -2.631268e-01 3.486880e-01 -1.290000e-01 7.755000e-01 -2.630488e-01 3.489720e-01
-1.285000e-01 7.750000e-01 -2.631268e-01 3.486880e-01 -1.275000e-01 7.750000e-01 -2.630679e-01 3.489030e-01
-1.275000e-01 7.750000e-01 -2.630679e-01 3.489030e-01 -1.265000e-01 7.750000e-01 -2.630076e-01 3.491194e-01
-1.260000e-01 7.745000e-01 -2.630856e-01 3.488389e-01 -1.265000e-01 7.750000e-01 -2.630076e-01 3.491194e-01
-3.660000e-01 7.755000e-01 -2.629506e-01 3.493248e-01 -3.655000e-01 7.760000e-01 -2.630306e-01 3.496231e-01
-3.655000e-01 7.760000e-01 -2.630306e-01 3.496231e-01 -3.645000e-01 7.760000e-01 -2.629719e-01 3.494044e-01
-3.645000e-01 7.760000e-01 -2.629719e-01 3.494044e-01 -3.635000e-01 7.760000e-01 -2.629145e-01 3.491872e-01
-3.635000e-01 7.760000e-01 -2.629145e-01 3.491872e-01 -3.630000e-01 7.765000e-01 -2.629944e-01 3.494889e-01
-1.325000e-01 7.760000e-01 -2.631404e-01 3.486275e-01 -1.330000e-01 7.765000e-01 -2.630636e-01 3.489171e-01
-1.325000e-01 7.760000e-01 -2.631404e-01 3.486275e-01 -1.315000e-01 7.760000e-01 -2.630856e-01 3.488359e-01
-1.315000e-01 7.760000e-01 -2.630856e-01 3.488359e-01 -1.305000e-01 7.760000e-01 -2.630294e-01 3.490457e-01
-1.305000e-01 7.760000e-01 -2.630294e-01 3.490457e-01 -1.295000e-01 7.760000e-01 -2.629719e-01 3.492569e-01
-1.290000e-01 7.755000e-01 -2.630488e-01 3.489720e-01 -1.295000e-01 7.760000e-01 -2.629719e-01 3.492569e-01
-3.630000e-01 7.765000e-01 -2.629944e-01 3.494889e-01 -3.625000e-01 7.770000e-01 -2.630731e-01 3.497912e-01
-3.625000e-01 7.770000e-01 -2.630731e-01 3.497912e-01 -3.615000e-01 7.770000e-01 -2.630170e-01 3.495777e-01
-3.615000e-01 7.770000e-01 -2.630170e-01 3.495777e-01 -3.605000e-01 7.770000e-01 -2.629622e-01 3.493659e-01
-3.605000e-01 7.770000e-01 -2.629622e-01 3.493659e-01 -3.595000e-01 7.770000e-01 -2.629087e-01 3.491555e-01
-3.595000e-01 7.770000e-01 -2.629087e-01 3.491555e-01 -3.590000e-01 7.775000e-01 -2.629871e-01 3.494623e-01
-1.365000e-01 7.770000e-01 -2.631445e-01 3.485982e-01 -1.370000e-01 7.775000e-01 -2.630692e-01 3.488934e-01
-1.365000e-01 7.770000e-01 -2.631445e-01 3.485982e-01 -1.355000e-01 7.770000e-01 -2.630937e-01 3.487999e-01
-1.355000e-01 7.770000e-01 -2.630937e-01 3.487999e-01 -1.345000e-01 7.770000e-01 -2.630415e-01 3.490029e-01
-1.345000e-01 7.770000e-01 -2.630415e-01 3.490029e-01 -1.335000e-01 7.770000e-01 -2.629880e-01 3.492075e-01
-1.330000e-01 7.765000e-01 -2.630636e-01 3.489171e-01 -1.335000e-01 7.770000e-01 -2.629880e-01 3.492075e-01
-3.590000e-01 7.775000e-01 -2.629871e-01 3.494623e-01 -3.585000e-01 7.780000e-01 -2.630643e-01 3.497697e-01
-3.585000e-01 7.780000e-01 -2.630643e-01 3.497697e-01 -3.575000e-01 7.780000e-01 -2.630120e-01 3.495632e-01
-3.575000e-01 7.780000e-01 -2.630120e-01 3.495632e-01 -3.565000e-01 7.780000e-01 -2.629609e-01 3.493582e-01
-3.565000e-01 7.780000e-01 -2.629609e-01 3.493582e-01 -3.555000e-01 7.780000e-01 -2.629112e-01 3.491548e-01
-3.555000e-01 7.780000e-01 -2.629112e-01 3.491548e-01 -3.550000e-01 7.785000e-01 -2.629879e-01 3.494666e-01
-1.405000e-01 7.780000e-01 -2.631402e-01 3.486005e-01 -1.410000e-01 7.785000e-01 -2.630665e-01 3.489012e-01
-1.405000e-01 7.780000e-01 -2.631402e-01 3.486005e-01 -1.395000e-01 7.780000e-01 -2.630931e-01 3.487952e-01
-1.395000e-01 7.780000e-01 -2.630931e-01 3.487952e-01 -1.385000e-01 7.780000e-01 -2.630447e-01 3.489916e-01
-1.385000e-01 7.780000e-01 -2.630447e-01 3.489916e-01 -1.375000e-01 7.780000e-01 -2.629951e-01 3.491894e-01
-1.370000e-01 7.775000e-01 -2.630692e-01 3.488934e-01 -1.375000e-01 7.780000e-01 -2.629951e-01 3.491894e-01
-3.550000e-01 7.785000e-01 -2.629879e-01 3.494666e-01 -3.545000e-01 7.790000e-01 -2.630635e-01 3.497791e-01
-3.545000e-01 7.790000e-01 -2.630635e-01 3.497791e-01 -3.535000e-01 7.790000e-01 -2.630147e-01 3.495795e-01
-3.535000e-01 7.790000e-01 -2.630147e-01 3.495795e-01 -3.525000e-01 7.790000e-01 -2.629673e-01 3.493815e-01
-3.525000e-01 7.790000e-01 -2.629673e-01 3.493815e-01 -3.515000e-01 7.790000e-01 -2.629211e-01 3.491851e-01
-3.515000e-01 7.790000e-01 -2.629211e-01 3.491851e-01 -3.510000e-01 7.795000e-01 -2.629960e-01 3.495020e-01
-1.445000e-01 7.790000e-01 -2.631283e-01 3.486344e-01 -1.450000e-01 7.795000e-01 -2.630563e-01 3.489408e-01
-1.445000e-01 7.790000e-01 -2.631283e-01 3.486344e-01 -1.435000e-01 7.790000e-01 -2.630848e-01 3.488224e-01
-1.435000e-01 7.790000e-01 -2.630848e-01 3.488224e-01 -1.425000e-01 7.790000e-01 -2.630400e-01 3.490118e-01
-1.425000e-01 7.790000e-01 -2.630400e-01 3.490118e-01 -1.415000e-01 7.790000e-01 -2.629939e-01 3.492028e-01
-1.410000e-01 7.785000e-01 -2.630665e-01 3.489012e-01 -1.415000e-01 7.790000e-01 -2.629939e-01 3.492028e-01
-3.510000e-01 7.795000e-01 -2.629960e-01 3.495020e-01 -3.505000e-01 7.800000e-01 -2.630698e-01 3.498195e-01
-3.505000e-01 7.800000e-01 -2.630698e-01 3.498195e-01 -3.495000e-01 7.800000e-01 -2.630245e-01 3.496269e-01
-3.495000e-01 7.800000e-01 -2.630245e-01 3.496269e-01 -3.485000e-01 7.800000e-01 -2.629804e-01 3.494360e-01
-3.485000e-01 7.800000e-01 -2.629804e-01 3.494360e-01 -3.475000e-01 7.800000e-01 -2.629376e-01 3.492467e-01
-3.475000e-01 7.800000e-01 -2.629376e-01 3.492467e-01 -3.465000e-01 7.800000e-01 -2.628959e-01 3.490591e-01
-3.465000e-01 7.800000e-01 -2.628959e-01 3.490591e-01 -3.460000e-01 7.805000e-01 -2.629687e-01 3.493821e-01
-1.485000e-01 7.800000e-01 -2.631097e-01 3.487005e-01 -1.490000e-01 7.805000e-01 -2.630395e-01 3.490124e-01
-1.485000e-01 7.800000e-01 -2.631097e-01 3.487005e-01 -1.475000e-01 7.800000e-01 -2.630695e-01 3.488814e-01
-1.475000e-01 7.800000e-01 -2.630695e-01 3.488814e-01 -1.465000e-01 7.800000e-01 -2.630281e-01 3.490639e-01
-1.465000e-01 7.800000e-01 -2.630281e-01 3.490639e-01 -1.455000e-01 7.800000e-01 -2.629854e-01 3.492479e-01
-1.450000e-01 7.795000e-01 -2.630563e-01 3.489408e-01 -1.455000e-01 7.800000e-01 -2.629854e-01 3.492479e-01
-3.460000e-01 7.805000e-01 -2.629687e-01 3.493821e-01 -3.455000e-01 7.810000e-01 -2.630404e-01 3.497056e-01
-3.455000e-01 7.810000e-01 -2.630404e-01 3.497056e-01 -3.445000e-01 7.810000e-01 -2.629995e-01 3.495219e-01
-3.445000e-01 7.810000e-01 -2.629995e-01 3.495219e-01 -3.435000e-01 7.810000e-01 -2.629598e-01 3.493397e-01
-3.435000e-01 7.810000e-01 -2.629598e-01 3.493397e-01 -3.425000e-01 7.810000e-01 -2.629212e-01 3.491592e-01
-3.425000e-01 7.810000e-01 -2.629212e-01 3.491592e-01 -3.420000e-01 7.815000e-01 -2.629919e-01 3.494873e-01
-1.525000e-01 7.810000e-01 -2.630853e-01 3.487987e-01 -1.530000e-01 7.815000e-01 -2.630171e-01 3.491162e-01
-1.525000e-01 7.810000e-01 -2.630853e-01 3.487987e-01 -1.515000e-01 7.810000e-01 -2.630482e-01 3.489726e-01
-1.515000e-01 7.810000e-01 -2.630482e-01 3.489726e-01 -1.505000e-01 7.810000e-01 -2.630099e-01 3.491480e-01
-1.505000e-01 7.810000e-01 -2.630099e-01 3.491480e-01 -1.495000e-01 7.810000e-01 -2.629705e-01 3.493250e-01
-1.490000e-01 7.805000e-01 -2.630395e-01 3.490124e-01 -1.495000e-01 7.810000e-01 -2.629705e-01 3.493250e-01
-3.420000e-01 7.815000e-01 -2.629919e-01 3.494873e-01 -3.415000e-01 7.820000e-01 -2.630615e-01 3.498158e-01
-3.415000e-01 7.820000e-01 -2.630615e-01 3.498158e-01 -3.405000e-01 7.820000e-01 -2.630236e-01 3.496391e-01
-3.405000e-01 7.820000e-01 -2.630236e-01 3.496391e-01 -3.395000e-01 7.820000e-01 -2.629868e-01 3.494642e-01
-3.395000e-01 7.820000e-01 -2.629868e-01 3.494642e-01 -3.385000e-01 7.820000e-01 -2.629512e-01 3.492910e-01
-3.385000e-01 7.820000e-01 -2.629512e-01 3.492910e-01 -3.375000e-01 7.820000e-01 -2.629166e-01 3.491194e-01
-3.375000e-01 7.820000e-01 -2.629166e-01 3.491194e-01 -3.370000e-01 7.825000e-01 -2.629849e-01 3.494534e-01
-1.575000e-01 7.820000e-01 -2.630890e-01 3.487643e-01 -1.580000e-01 7.825000e-01 -2.630232e-01 3.490885e-01
-1.575000e-01 7.820000e-01 -2.630890e-01 3.487643e-01 -1.565000e-01 7.820000e-01 -2.630559e-01 3.489294e-01
-1.565000e-01 7.820000e-01 -2.630559e-01 3.489294e-01 -1.555000e-01 7.820000e-01 -2.630218e-01 3.490961e-01
-1.555000e-01 7.820000e-01 -2.630218e-01 3.490961e-01 -1.545000e-01 7.820000e-01 -2.629865e-01 3.492644e-01
-1.545000e-01 7.820000e-01 -2.629865e-01 3.492644e-01 -1.535000e-01 7.820000e-01 -2.629501e-01 3.494343e-01
-1.530000e-01 7.815000e-01 -2.630171e-01 3.491162e-01 -1.535000e-01 7.820000e-01 -2.629501e-01 3.494343e-01
-3.370000e-01 7.825000e-01 -2.629849e-01 3.494534e-01 -3.365000e-01 7.830000e-01 -2.630520e-01 3.497880e-01
-3.365000e-01 7.830000e-01 -2.630520e-01 3.497880e-01 -3.355000e-01 7.830000e-01 -2.630180e-01 3.496203e-01
-3.355000e-01 7.830000e-01 -2.630180e-01 3.496203e-01 -3.345000e-01 7.830000e-01 -2.629850e-01 3.494543e-01
-3.345000e-01 7.830000e-01 -2.629850e-01 3.494543e-01 -3.335000e-01 7.830000e-01 -2.629531e-01 3.492900e-01
-3.335000e-01 7.830000e-01 -2.629531e-01 3.492900e-01 -3.325000e-01 7.830000e-01 -2.629223e-01 3.491274e-01
-3.325000e-01 7.830000e-01 -2.629223e-01 3.491274e-01 -3.320000e-01 7.835000e-01 -2.629878e-01 3.494675e-01
-1.625000e-01 7.830000e-01 -2.630824e-01 3.487786e-01 -1.630000e-01 7.835000e-01 -2.630192e-01 3.491095e-01
-1.625000e-01 7.830000e-01 -2.630824e-01 3.487786e-01 -1.615000e-01 7.830000e-01 -2.630530e-01 3.489348e-01
-1.615000e-01 7.830000e-01 -2.630530e-01 3.489348e-01 -1.605000e-01 7.830000e-01 -2.630226e-01 3.490927e-01
-1.605000e-01 7.830000e-01 -2.630226e-01 3.490927e-01 -1.595000e-01 7.830000e-01 -2.629912e-01 3.492522e-01
-1.595000e-01 7.830000e-01 -2.629912e-01 3.492522e-01 -1.585000e-01 7.830000e-01 -2.629587e-01 3.494133e-01
-1.580000e-01 7.825000e-01 -2.630232e-01 3.490885e-01 -1.585000e-01 7.830000e-01 -2.629587e-01 3.494133e-01
-3.320000e-01 7.835000e-01 -2.629878e-01 3.494675e-01 -3.315000e-01 7.840000e-01 -2.630522e-01 3.498081e-01
-3.315000e-01 7.840000e-01 -2.630522e-01 3.498081e-01 -3.305000e-01 7.840000e-01 -2.630218e-01 3.496494e-01
-3.305000e-01 7.840000e-01 -2.630218e-01 3.496494e-01 -3.295000e-01 7.840000e-01 -2.629923e-01 3.494925e-01
-3.295000e-01 7.840000e-01 -2.629923e-01 3.494925e-01 -3.285000e-01 7.840000e-01 -2.629639e-01 3.493372e-01
-3.285000e-01 7.840000e-01 -2.629639e-01 3.493372e-01 -3.275000e-01 7.840000e-01 -2.629364e-01 3.491837e-01
-3.275000e-01 7.840000e-01 -2.629364e-01 3.491837e-01 -3.270000e-01 7.845000e-01 -2.629991e-01 3.495297e-01
-1.675000e-01 7.840000e-01 -2.630670e-01 3.488420e-01 -1.680000e-01 7.845000e-01 -2.630067e-01 3.491794e-01
-1.675000e-01 7.840000e-01 -2.630670e-01 3.488420e-01 -1.665000e-01 7.840000e-01 -2.630411e-01 3.489892e-01
-1.665000e-01 7.840000e-01 -2.630411e-01 3.489892e-01 -1.655000e-01 7.840000e-01 -2.630141e-01 3.491382e-01
-1.655000e-01 7.840000e-01 -2.630141e-01 3.491382e-01 -1.645000e-01 7.840000e-01 -2.629862e-01 3.492887e-01
-1.645000e-01 7.840000e-01 -2.629862e-01 3.492887e-01 -1.635000e-01 7.840000e-01 -2.629573e-01 3.494409e-01
-1.630000e-01 7.835000e-01 -2.630192e-01 3.491095e-01 -1.635000e-01 7.840000e-01 -2.629573e-01 3.494409e-01
-3.270000e-01 7.845000e-01 -2.629991e-01 3.495297e-01 -3.265000e-01 7.850000e-01 -2.630607e-01 3.498762e-01
-3.265000e-01 7.850000e-01 -2.630607e-01 3.498762e-01 -3.255000e-01 7.850000e-01 -2.630335e-01 3.497267e-01
-3.255000e-01 7.850000e-01 -2.630335e-01 3.497267e-01 -3.245000e-01 7.850000e-01 -2.630072e-01 3.495788e-01
-3.245000e-01 7.850000e-01 -2.630072e-01 3.495788e-01 -3.235000e-01 7.850000e-01 -2.629819e-01 3.494327e-01
-3.235000e-01 7.850000e-01 -2.629819e-01 3.494327e-01 -3.225000e-01 7.850000e-01 -2.629576e-01 3.492884e-01
-3.225000e-01 7.850000e-01 -2.629576e-01 3.492884e-01 -3.215000e-01 7.850000e-01 -2.629342e-01 3.491458e-01
-3.215000e-01 7.850000e-01 -2.629342e-01 3.491458e-01 -3.210000e-01 7.855000e-01 -2.629934e-01 3.494988e-01
-1.735000e-01 7.850000e-01 -2.630666e-01 3.488184e-01 -1.740000e-01 7.855000e-01 -2.630098e-01 3.491637e-01
-1.735000e-01 7.850000e-01 -2.630666e-01 3.488184e-01 -1.725000e-01 7.850000e-01 -2.630447e-01 3.489548e-01
-1.725000e-01 7.850000e-01 -2.630447e-01 3.489548e-01 -1.715000e-01 7.850000e-01 -2.630218e-01 3.490930e-01
-1.715000e-01 7.850000e-01 -2.630218e-01 3.490930e-01 -1.705000e-01 7.850000e-01 -2.629980e-01 3.492328e-01
-1.705000e-01 7.850000e-01 -2.629980e-01 3.492328e-01 -1.695000e-01 7.850000e-01 -2.629733e-01 3.493744e-01
-1.695000e-01 7.850000e-01 -2.629733e-01 3.493744e-01 -1.685000e-01 7.850000e-01 -2.629476e-01 3.495176e-01
-1.680000e-01 7.845000e-01 -2.630067e-01 3.491794e-01 -1.685000e-01 7.850000e-01 -2.629476e-01 3.495176e-01
-3.210000e-01 7.855000e-01 -2.629934e-01 3.494988e-01 -3.205000e-01 7.860000e-01 -2.630514e-01 3.498523e-01
-3.205000e-01 7.860000e-01 -2.630514e-01 3.498523e-01 -3.195000e-01 7.860000e-01 -2.630281e-01 3.497136e-01
-3.195000e-01 7.860000e-01 -2.630281e-01 3.497136e-01 -3.185000e-01 7.860000e-01 -2.630056e-01 3.495767e-01
-3.185000e-01 7.860000e-01 -2.630056e-01 3.495767e-01 -3.175000e-01 7.860000e-01 -2.629841e-01 3.494416e-01
-3.175000e-01 7.860000e-01 -2.629841e-01 3.494416e-01 -3.165000e-01 7.860000e-01 -2.629634e-01 3.493083e-01
-3.165000e-01 7.860000e-01 -2.629634e-01 3.493083e-01 -3.155000e-01 7.860000e-01 -2.629436e-01 3.491767e-01
-3.155000e-01 7.860000e-01 -2.629436e-01 3.491767e-01 -3.150000e-01 7.865000e-01 -2.629990e-01 3.495367e-01
-1.795000e-01 7.860000e-01 -2.630547e-01 3.488646e-01 -1.800000e-01 7.865000e-01 -2.630016e-01 3.492176e-01
-1.795000e-01 7.860000e-01 -2.630547e-01 3.488646e-01 -1.785000e-01 7.860000e-01 -2.630363e-01 3.489901e-01
-1.785000e-01 7.860000e-01 -2.630363e-01 3.489901e-01 -1.775000e-01 7.860000e-01 -2.630170e-01 3.491174e-01
-1.775000e-01 7.860000e-01 -2.630170e-01 3.491174e-01 -1.765000e-01 7.860000e-01 -2.629969e-01 3.492464e-01
-1.765000e-01 7.860000e-01 -2.629969e-01 3.492464e-01 -1.755000e-01 7.860000e-01 -2.629760e-01 3.493771e-01
-1.755000e-01 7.860000e-01 -2.629760e-01 3.493771e-01 -1.745000e-01 7.860000e-01 -2.629541e-01 3.495095e-01
-1.740000e-01 7.855000e-01 -2.630098e-01 3.491637e-01 -1.745000e-01 7.860000e-01 -2.629541e-01 3.495095e-01
-3.150000e-01 7.865000e-01 -2.629990e-01 3.495367e-01 -3.145000e-01 7.870000e-01 -2.630533e-01 3.498970e-01
-3.145000e-01 7.870000e-01 -2.630533e-01 3.498970e-01 -3.135000e-01 7.870000e-01 -2.630334e-01 3.497694e-01
-3.135000e-01 7.870000e-01 -2.630334e-01 3.497694e-01 -3.125000e-01 7.870000e-01 -2.630143e-01 3.496435e-01
-3.125000e-01 7.870000e-01 -2.630143e-01 3.496435e-01 -3.115000e-01 7.870000e-01 -2.629960e-01 3.495195e-01
-3.115000e-01 7.870000e-01 -2.629960e-01 3.495195e-01 -3.105000e-01 7.870000e-01 -2.629785e-01 3.493972e-01
-3.105000e-01 7.870000e-01 -2.629785e-01 3.493972e-01 -3.095000e-01 7.870000e-01 -2.629618e-01 3.492768e-01
-3.095000e-01 7.870000e-01 -2.629618e-01 3.492768e-01 -3.085000e-01 7.870000e-01 -2.629459e-01 3.491581e-01
-3.085000e-01 7.870000e-01 -2.629459e-01 3.491581e-01 -3.080000e-01 7.875000e-01 -2.629967e-01 3.495260e-01
-1.865000e-01 7.870000e-01 -2.630488e-01 3.488684e-01 -1.870000e-01 7.875000e-01 -2.630002e-01 3.492303e-01
-1.865000e-01 7.870000e-01 -2.630488e-01 3.488684e-01 -1.855000e-01 7.870000e-01 -2.630342e-01 3.489812e-01
-1.855000e-01 7.870000e-01 -2.630342e-01 3.489812e-01 -1.845000e-01 7.870000e-01 -2.630189e-01 3.490957e-01
-1.845000e-01 7.870000e-01 -2.630189e-01 3.490957e-01 -1.835000e-01 7.870000e-01 -2.630027e-01 3.492120e-01
-1.835000e-01 7.870000e-01 -2.630027e-01 3.492120e-01 -1.825000e-01 7.870000e-01 -2.629858e-01 3.493300e-01
-1.825000e-01 7.870000e-01 -2.629858e-01 3.493300e-01 -1.815000e-01 7.870000e-01 -2.629682e-01 3.494497e-01
-1.815000e-01 7.870000e-01 -2.629682e-01 3.494497e-01 -1.805000e-01 7.870000e-01 -2.629497e-01 3.495712e-01
-1.800000e-01 7.865000e-01 -2.630016e-01 3.492176e-01 -1.805000e-01 7.870000e-01 -2.629497e-01 3.495712e-01
-3.080000e-01 7.875000e-01 -2.629967e-01 3.495260e-01 -3.075000e-01 7.880000e-01 -2.630465e-01 3.498941e-01
-3.075000e-01 7.880000e-01 -2.630465e-01 3.498941e-01 -3.065000e-01 7.880000e-01 -2.630303e-01 3.497794e-01
-3.065000e-01 7.880000e-01 -2.630303e-01 3.497794e-01 -3.055000e-01 7.880000e-01 -2.630149e-01 3.496665e-01
-3.055000e-01 7.880000e-01 -2.630149e-01 3.496665e-01 -3.045000e-01 7.880000e-01 -2.630001e-01 3.495554e-01
-3.045000e-01 7.880000e-01 -2.630001e-01 3.495554e-01 -3.035000e-01 7.880000e-01 -2.629861e-01 3.494461e-01
-3.035000e-01 7.880000e-01 -2.629861e-01 3.494461e-01 -3.025000e-01 7.880000e-01 -2.629728e-01 3.493387e-01
-3.025000e-01 7.880000e-01 -2.629728e-01 3.493387e-01 -3.015000e-01 7.880000e-01 -2.629602e-01 3.492331e-01
-3.015000e-01 7.880000e-01 -2.629602e-01 3.492331e-01 -3.005000e-01 7.880000e-01 -2.629483e-01 3.491293e-01
-3.005000e-01 7.880000e-01 -2.629483e-01 3.491293e-01 -3.000000e-01 7.885000e-01 -2.629937e-01 3.495059e-01
-1.945000e-01 7.880000e-01 -2.630420e-01 3.488692e-01 -1.950000e-01 7.885000e-01 -2.629989e-01 3.492410e-01
-1.945000e-01 7.880000e-01 -2.630420e-01 3.488692e-01 -1.935000e-01 7.880000e-01 -2.630313e-01 3.489672e-01
-1.935000e-01 7.880000e-01 -2.630313e-01 3.489672e-01 -1.925000e-01 7.880000e-01 -2.630199e-01 3.490670e-01
-1.925000e-01 7.880000e-01 -2.630199e-01 3.490670e-01 -1.915000e-01 7.880000e-01 -2.630079e-01 3.491686e-01
-1.915000e-01 7.880000e-01 -2.630079e-01 3.491686e-01 -1.905000e-01 7.880000e-01 -2.629952e-01 3.492720e-01
-1.905000e-01 7.880000e-01 -2.629952e-01 3.492720e-01 -1.895000e-01 7.880000e-01 -2.629818e-01 3.493771e-01
-1.895000e-01 7.880000e-01 -2.629818e-01 3.493771e-01 -1.885000e-01 7.880000e-01 -2.629676e-01 3.494840e-01
-1.885000e-01 7.880000e-01 -2.629676e-01 3.494840e-01 -1.875000e-01 7.880000e-01 -2.629528e-01 3.495927e-01
-1.870000e-01 7.875000e-01 -2.630002e-01 3.492303e-01 -1.875000e-01 7.880000e-01 -2.629528e-01 3.495927e-01
-3.000000e-01 7.885000e-01 -2.629937e-01 3.495059e-01 -2.995000e-01 7.890000e-01 -2.630380e-01 3.498828e-01
-2.995000e-01 7.890000e-01 -2.630380e-01 3.498828e-01 -2.985000e-01 7.890000e-01 -2.630256e-01 3.497830e-01
-2.985000e-01 7.890000e-01 -2.630256e-01 3.497830e-01 -2.975000e-01 7.890000e-01 -2.630138e-01 3.496849e-01
-2.975000e-01 7.890000e-01 -2.630138e-01 3.496849e-01 -2.965000e-01 7.890000e-01 -2.630026e-01 3.495888e-01
-2.965000e-01 7.890000e-01 -2.630026e-01 3.495888e-01 -2.955000e-01 7.890000e-01 -2.629921e-01 3.494944e-01
-2.955000e-01 7.890000e-01 -2.629921e-01 3.494944e-01 -2.945000e-01 7.890000e-01 -2.629822e-01 3.494019e-01
-2.945000e-01 7.890000e-01 -2.629822e-01 3.494019e-01 -2.935000e-01 7.890000e-01 -2.629729e-01 3.493113e-01
-2.935000e-01 7.890000e-01 -2.629729e-01 3.493113e-01 -2.925000e-01 7.890000e-01 -2.629642e-01 3.492225e-01
-2.925000e-01 7.890000e-01 -2.629642e-01 3.492225e-01 -2.915000e-01 7.890000e-01 -2.629561e-01 3.491355e-01
-2.915000e-01 7.890000e-01 -2.629561e-01 3.491355e-01 -2.910000e-01 7.895000e-01 -2.629948e-01 3.495218e-01
-2.035000e-01 7.890000e-01 -2.630298e-01 3.489124e-01 -2.040000e-01 7.895000e-01 -2.629933e-01 3.492950e-01
-2.035000e-01 7.890000e-01 -2.630298e-01 3.489124e-01 -2.025000e-01 7.890000e-01 -2.630227e-01 3.489937e-01
-2.025000e-01 7.890000e-01 -2.630227e-01 3.489937e-01 -2.015000e-01 7.890000e-01 -2.630150e-01 3.490767e-01
-2.015000e-01 7.890000e-01 -2.630150e-01 3.490767e-01 -2.005000e-01 7.890000e-01 -2.630068e-01 3.491617e-01
-2.005000e-01 7.890000e-01 -2.630068e-01 3.491617e-01 -1.995000e-01 7.890000e-01 -2.629981e-01 3.492484e-01
-1.995000e-01 7.890000e-01 -2.629981e-01 3.492484e-01 -1.985000e-01 7.890000e-01 -2.629887e-01 3.493369e-01
-1.985000e-01 7.890000e-01 -2.629887e-01 3.493369e-01 -1.975000e-01 7.890000e-01 -2.629787e-01 3.494272e-01
-1.975000e-01 7.890000e-01 -2.629787e-01 3.494272e-01 -1.965000e-01 7.890000e-01 -2.629682e-01 3.495193e-01
-1.965000e-01 7.890000e-01 -2.629682e-01 3.495193e-01 -1.955000e-01 7.890000e-01 -2.629570e-01 3.496132e-01
-1.950000e-01 7.885000e-01 -2.629989e-01 3.492410e-01 -1.955000e-01 7.890000e-01 -2.629570e-01 3.496132e-01
-2.910000e-01 7.895000e-01 -2.629948e-01 3.495218e-01 -2.905000e-01 7.900000e-01 -2.630325e-01 3.499083e-01
-2.905000e-01 7.900000e-01 -2.630325e-01 3.499083e-01 -2.895000e-01 7.900000e-01 -2.630236e-01 3.498252e-01
-2.895000e-01 7.900000e-01 -2.630236e-01 3.498252e-01 -2.885000e-01 7.900000e-01 -2.630153e-01 3.497441e-01
-2.885000e-01 7.900000e-01 -2.630153e-01 3.497441e-01 -2.875000e-01 7.900000e-01 -2.630075e-01 3.496647e-01
-2.875000e-01 7.900000e-01 -2.630075e-01 3.496647e-01 -2.865000e-01 7.900000e-01 -2.630002e-01 3.495873e-01
-2.865000e-01 7.900000e-01 -2.630002e-01 3.495873e-01 -2.855000e-01 7.900000e-01 -2.629933e-01 3.495117e-01
-2.855000e-01 7.900000e-01 -2.629933e-01 3.495117e-01 -2.845000e-01 7.900000e-01 -2.629870e-01 3.494380e-01
-2.845000e-01 7.900000e-01 -2.629870e-01 3.494380e-01 -2.835000e-01 7.900000e-01 -2.629812e-01 3.493661e-01
-2.835000e-01 7.900000e-01 -2.629812e-01 3.493661e-01 -2.825000e-01 7.900000e-01 -2.629758e-01 3.492961e-01
-2.825000e-01 7.900000e-01 -2.629758e-01 3.492961e-01 -2.815000e-01 7.900000e-01 -2.629709e-01 3.492280e-01
-2.815000e-01 7.900000e-01 -2.629709e-01 3.492280e-01 -2.805000e-01 7.900000e-01 -2.629664e-01 3.491618e-01
-2.805000e-01 7.900000e-01 -2.629664e-01 3.491618e-01 -2.795000e-01 7.900000e-01 -2.629623e-01 3.490974e-01
-2.795000e-01 7.900000e-01 -2.629623e-01 3.490974e-01 -2.790000e-01 7.905000e-01 -2.629917e-01 3.494960e-01
-2.155000e-01 7.900000e-01 -2.630180e-01 3.489300e-01 -2.160000e-01 7.905000e-01 -2.629909e-01 3.493267e-01
-2.155000e-01 7.900000e-01 -2.630180e-01 3.489300e-01 -2.145000e-01 7.900000e-01 -2.630147e-01 3.489888e-01
-2.145000e-01 7.900000e-01 -2.630147e-01 3.489888e-01 -2.135000e-01 7.900000e-01 -2.630110e-01 3.490494e-01
-2.135000e-01 7.900000e-01 -2.630110e-01 3.490494e-01 -2.125000e-01 7.900000e-01 -2.630070e-01 3.491120e-01
-2.125000e-01 7.900000e-01 -2.630070e-01 3.491120e-01 -2.115000e-01 7.900000e-01 -2.630025e-01 3.491763e-01
-2.115000e-01 7.900000e-01 -2.630025e-01 3.491763e-01 -2.105000e-01 7.900000e-01 -2.629975e-01 3.492425e-01
-2.105000e-01 7.900000e-01 -2.629975e-01 3.492425e-01 -2.095000e-01 7.900000e-01 -2.629922e-01 3.493105e-01
-2.095000e-01 7.900000e-01 -2.629922e-01 3.493105e-01 -2.085000e-01 7.900000e-01 -2.629863e-01 3.493804e-01
-2.085000e-01 7.900000e-01 -2.629863e-01 3.493804e-01 -2.075000e-01 7.900000e-01 -2.629800e-01 3.494521e-01
-2.075000e-01 7.900000e-01 -2.629800e-01 3.494521e-01 -2.065000e-01 7.900000e-01 -2.629731e-01 3.495256e-01
-2.065000e-01 7.900000e-01 -2.629731e-01 3.495256e-01 -2.055000e-01 7.900000e-01 -2.629658e-01 3.496009e-01
-2.055000e-01 7.900000e-01 -2.629658e-01 3.496009e-01 -2.045000e-01 7.900000e-01 -2.629580e-01 3.496781e-01
-2.040000e-01 7.895000e-01 -2.629933e-01 3.492950e-01 -2.045000e-01 7.900000e-01 -2.629580e-01 3.496781e-01
-2.790000e-01 7.905000e-01 -2.629917e-01 3.494960e-01 -2.785000e-01 7.910000e-01 -2.630201e-01 3.498948e-01
-2.785000e-01 7.910000e-01 -2.630201e-01 3.498948e-01 -2.775000e-01 7.910000e-01 -2.630150e-01 3.498343e-01
-2.775000e-01 7.910000e-01 -2.630150e-01 3.498343e-01 -2.765000e-01 7.910000e-01 -2.630103e-01 3.497757e-01
-2.765000e-01 7.910000e-01 -2.630103e-01 3.497757e-01 -2.755000e-01 7.910000e-01 -2.630059e-01 3.497189e-01
-2.755000e-01 7.910000e-01 -2.630059e-01 3.497189e-01 -2.745000e-01 7.910000e-01 -2.630019e-01 3.496641e-01
-2.745000e-01 7.910000e-01 -2.630019e-01 3.496641e-01 -2.735000e-01 7.910000e-01 -2.629983e-01 3.496111e-01
-2.735000e-01 7.910000e-01 -2.629983e-01 3.496111e-01 -2.725000e-01 7.910000e-01 -2.629950e-01 3.495600e-01
-2.725000e-01 7.910000e-01 -2.629950e-01 3.495600e-01 -2.715000e-01 7.910000e-01 -2.629920e-01 3.495108e-01
-2.715000e-01 7.910000e-01 -2.629920e-01 3.495108e-01 -2.705000e-01 7.910000e-01 -2.629894e-01 3.494635e-01
-2.705000e-01 7.910000e-01 -2.629894e-01 3.494635e-01 -2.695000e-01 7.910000e-01 -2.629870e-01 3.494181e-01
-2.695000e-01 7.910000e-01 -2.629870e-01 3.494181e-01 -2.685000e-01 7.910000e-01 -2.629849e-01 3.493746e-01
-2.685000e-01 7.910000e-01 -2.629849e-01 3.493746e-01 -2.675000e-01 7.910000e-01 -2.629831e-01 3.493329e-01
-2.675000e-01 7.910000e-01 -2.629831e-01 3.493329e-01 -2.665000e-01 7.910000e-01 -2.629816e-01 3.492932e-01
-2.665000e-01 7.910000e-01 -2.629816e-01 3.492932e-01 -2.655000e-01 7.910000e-01 -2.629803e-01 3.492553e-01
-2.655000e-01 7.910000e-01 -2.629803e-01 3.492553e-01 -2.645000e-01 7.910000e-01 -2.629793e-01 3.492194e-01
-2.645000e-01 7.910000e-01 -2.629793e-01 3.492194e-01 -2.635000e-01 7.910000e-01 -2.629785e-01 3.491853e-01
-2.635000e-01 7.910000e-01 -2.629785e-01 3.491853e-01 -2.625000e-01 7.910000e-01 -2.629779e-01 3.491532e-01
-2.625000e-01 7.910000e-01 -2.629779e-01 3.491532e-01 -2.615000e-01 7.910000e-01 -2.629775e-01 3.491229e-01
-2.615000e-01 7.910000e-01 -2.629775e-01 3.491229e-01 -2.605000e-01 7.910000e-01 -2.629773e-01 3.490945e-01
-2.605000e-01 7.910000e-01 -2.629773e-01 3.490945e-01 -2.595000e-01 7.910000e-01 -2.629773e-01 3.490681e-01
-2.595000e-01 7.910000e-01 -2.629773e-01 3.490681e-01 -2.585000e-01 7.910000e-01 -2.629775e-01 3.490435e-01
-2.585000e-01 7.910000e-01 -2.629775e-01 3.490435e-01 -2.575000e-01 7.910000e-01 -2.629778e-01 3.490208e-01
-2.575000e-01 7.910000e-01 -2.629778e-01 3.490208e-01 -2.570000e-01 7.915000e-01 -2.629884e-01 3.494406e-01
-2.375000e-01 7.910000e-01 -2.629962e-01 3.489669e-01 -2.380000e-01 7.915000e-01 -2.629882e-01 3.493880e-01
-2.375000e-01 7.910000e-01 -2.629962e-01 3.489669e-01 -2.365000e-01 7.910000e-01 -2.629968e-01 3.489842e-01
-2.365000e-01 7.910000e-01 -2.629968e-01 3.489842e-01 -2.355000e-01 7.910000e-01 -2.629972e-01 3.490033e-01
-2.355000e-01 7.910000e-01 -2.629972e-01 3.490033e-01 -2.345000e-01 7.910000e-01 -2.629975e-01 3.490243e-01
-2.345000e-01 7.910000e-01 -2.629975e-01 3.490243e-01 -2.335000e-01 7.910000e-01 -2.629977e-01 3.490472e-01
-2.335000e-01 7.910000e-01 -2.629977e-01 3.490472e-01 -2.325000e-01 7.910000e-01 -2.629977e-01 3.490720e-01
-2.325000e-01 7.910000e-01 -2.629977e-01 3.490720e-01 -2.315000e-01 7.910000e-01 -2.629975e-01 3.490987e-01
-2.315000e-01 7.910000e-01 -2.629975e-01 3.490987e-01 -2.305000e-01 7.910000e-01 -2.629971e-01 3.491272e-01
-2.305000e-01 7.910000e-01 -2.629971e-01 3.491272e-01 -2.295000e-01 7.910000e-01 -2.629965e-01 3.491577e-01
-2.295000e-01 7.910000e-01 -2.629965e-01 3.491577e-01 -2.285000e-01 7.910000e-01 -2.629957e-01 3.491900e-01
-2.285000e-01 7.910000e-01 -2.629957e-01 3.491900e-01 -2.275000e-01 7.910000e-01 -2.629947e-01 3.492242e-01
-2.275000e-01 7.910000e-01 -2.629947e-01 3.492242e-01 -2.265000e-01 7.910000e-01 -2.629935e-01 3.492603e-01
-2.265000e-01 7.910000e-01 -2.629935e-01 3.492603e-01 -2.255000e-01 7.910000e-01 -2.629920e-01 3.492982e-01
-2.255000e-01 7.910000e-01 -2.629920e-01 3.492982e-01 -2.245000e-01 7.910000e-01 -2.629902e-01 3.493381e-01
-2.245000e-01 7.910000e-01 -2.629902e-01 3.493381e-01 -2.235000e-01 7.910000e-01 -2.629881e-01 3.493798e-01
-2.235000e-01 7.910000e-01 -2.629881e-01 3.493798e-01 -2.225000e-01 7.910000e-01 -2.629858e-01 3.494233e-01
-2.225000e-01 7.910000e-01 -2.629858e-01 3.494233e-01 -2.215000e-01 7.910000e-01 -2.629831e-01 3.494688e-01
-2.215000e-01 7.910000e-01 -2.629831e-01 3.494688e-01 -2.205000e-01 7.910000e-01 -2.629802e-01 3.495161e-01
-2.205000e-01 7.910000e-01 -2.629802e-01 3.495161e-01 -2.195000e-01 7.910000e-01 -2.629769e-01 3.495652e-01
-2.195000e-01 7.910000e-01 -2.629769e-01 3.495652e-01 -2.185000e-01 7.910000e-01 -2.629733e-01 3.496162e-01
-2.185000e-01 7.910000e-01 -2.629733e-01 3.496162e-01 -2.175000e-01 7.910000e-01 -2.629693e-01 3.496691e-01
-2.175000e-01 7.910000e-01 -2.629693e-01 3.496691e-01 -2.165000e-01 7.910000e-01 -2.629650e-01 3.497238e-01
-2.160000e-01 7.905000e-01 -2.629909e-01 3.493267e-01 -2.165000e-01 7.910000e-01 -2.629650e-01 3.497238e-01
-2.570000e-01 7.915000e-01 -2.629884e-01 3.494406e-01 -2.565000e-01 7.920000e-01 -2.629980e-01 3.498605e-01
-2.565000e-01 7.920000e-01 -2.629980e-01 3.498605e-01 -2.555000e-01 7.920000e-01 -2.629967e-01 3.498415e-01
-2.555000e-01 7.920000e-01 -2.629967e-01 3.498415e-01 -2.545000e-01 7.920000e-01 -2.629955e-01 3.498245e-01
-2.545000e-01 7.920000e-01 -2.629955e-01 3.498245e-01 -2.535000e-01 7.920000e-01 -2.629944e-01 3.498094e-01
-2.535000e-01 7.920000e-01 -2.629944e-01 3.498094e-01 -2.525000e-01 7.920000e-01 -2.629933e-01 3.497961e-01
-2.525000e-01 7.920000e-01 -2.629933e-01 3.497961e-01 -2.515000e-01 7.920000e-01 -2.629924e-01 3.497847e-01
-2.515000e-01 7.920000e-01 -2.629924e-01 3.497847e-01 -2.505000e-01 7.920000e-01 -2.629915e-01 3.497753e-01
-2.505000e-01 7.920000e-01 -2.629915e-01 3.497753e-01 -2.495000e-01 7.920000e-01 -2.629907e-01 3.497677e-01
-2.495000e-01 7.920000e-01 -2.629907e-01 3.497677e-01 -2.485000e-01 7.920000e-01 -2.629899e-01 3.497620e-01
-2.485000e-01 7.920000e-01 -2.629899e-01 3.497620e-01 -2.475000e-01 7.920000e-01 -2.629891e-01 3.497583e-01
-2.475000e-01 7.920000e-01 -2.629891e-01 3.497583e-01 -2.465000e-01 7.920000e-01 -2.629883e-01 3.497564e-01
-2.465000e-01 7.920000e-01 -2.629883e-01 3.497564e-01 -2.455000e-01 7.920000e-01 -2.629876e-01 3.497564e-01
-2.455000e-01 7.920000e-01 -2.629876e-01 3.497564e-01 -2.445000e-01 7.920000e-01 -2.629868e-01 3.497583e-01
-2.445000e-01 7.920000e-01 -2.629868e-01 3.497583e-01 -2.435000e-01 7.920000e-01 -2.629860e-01 3.497621e-01
-2.435000e-01 7.920000e-01 -2.629860e-01 3.497621e-01 -2.425000e-01 7.920000e-01 -2.629852e-01 3.497677e-01
-2.425000e-01 7.920000e-01 -2.629852e-01 3.497677e-01 -2.415000e-01 7.920000e-01 -2.629843e-01 3.497753e-01
-2.415000e-01 7.920000e-01 -2.629843e-01 3.497753e-01 -2.405000e-01 7.920000e-01 -2.629833e-01 3.497848e-01
-2.405000e-01 7.920000e-01 -2.629833e-01 3.497848e-01 -2.395000e-01 7.920000e-01 -2.629823e-01 3.497961e-01
-2.395000e-01 7.920000e-01 -2.629823e-01 3.497961e-01 -2.385000e-01 7.920000e-01 -2.629812e-01 3.498094e-01
-2.380000e-01 7.915000e-01 -2.629882e-01 3.493880e-01 -2.385000e-01 7.920000e-01 -2.629812e-01 3.498094e-01
